crew_id,code,type,leg_id,rank,start,finish,airport,pairing
RHINQLPI,code,L,70002597,CP,2006-01-07T04:00,2006-01-07T05:20,LEH,2022406920
RHINQLPI,code,L,70002598,CP,2006-01-07T05:40,2006-01-07T07:00,URO,2022406920
RHINQLPI,code,L,70002599,CP,2006-01-07T07:40,2006-01-07T09:10,LYS,2022406920
RHINQLPI,code,L,70002600,CP,2006-01-07T09:30,2006-01-07T09:50,LEH,2022406920
RHINQLPI,code,L,70002601,CP,2006-01-07T15:00,2006-01-07T15:20,URO,2022406920
RHINQLPI,code,L,70002602,CP,2006-01-07T15:40,2006-01-07T17:10,LEH,2022406920
RHINQLPI,code,L,70002603,CP,2006-01-07T17:50,2006-01-07T19:10,LYS,2022406920
RHINQLPI,code,L,70002604,CP,2006-01-07T19:30,2006-01-07T20:35,URO,2022406920
LRUHTUFI,code,L,70002597,FO,2006-01-07T04:00,2006-01-07T05:20,LEH,2022406920
LRUHTUFI,code,L,70002598,FO,2006-01-07T05:40,2006-01-07T07:00,URO,2022406920
LRUHTUFI,code,L,70002599,FO,2006-01-07T07:40,2006-01-07T09:10,LYS,2022406920
LRUHTUFI,code,L,70002600,FO,2006-01-07T09:30,2006-01-07T09:50,LEH,2022406920
LRUHTUFI,code,L,70002601,FO,2006-01-07T15:00,2006-01-07T15:20,URO,2022406920
LRUHTUFI,code,L,70002602,FO,2006-01-07T15:40,2006-01-07T17:10,LEH,2022406920
LRUHTUFI,code,L,70002603,FO,2006-01-07T17:50,2006-01-07T19:10,LYS,2022406920
LRUHTUFI,code,L,70002604,FO,2006-01-07T19:30,2006-01-07T20:35,URO,2022406920
SHGQJTLL,code,L,70002597,CS,2006-01-07T04:00,2006-01-07T05:20,LEH,2022406920
SHGQJTLL,code,L,70002598,CS,2006-01-07T05:40,2006-01-07T07:00,URO,2022406920
SHGQJTLL,code,L,70002599,CS,2006-01-07T07:40,2006-01-07T09:10,LYS,2022406920
SHGQJTLL,code,L,70002600,CS,2006-01-07T09:30,2006-01-07T09:50,LEH,2022406920
SHGQJTLL,code,L,70002601,CS,2006-01-07T15:00,2006-01-07T15:20,URO,2022406920
SHGQJTLL,code,L,70002602,CS,2006-01-07T15:40,2006-01-07T17:10,LEH,2022406920
SHGQJTLL,code,L,70002603,CS,2006-01-07T17:50,2006-01-07T19:10,LYS,2022406920
SHGQJTLL,code,L,70002604,CS,2006-01-07T19:30,2006-01-07T20:35,URO,2022406920
QMIPMNPS,code,L,70002597,ST,2006-01-07T04:00,2006-01-07T05:20,LEH,2022406920
QMIPMNPS,code,L,70002598,ST,2006-01-07T05:40,2006-01-07T07:00,URO,2022406920
QMIPMNPS,code,L,70002599,ST,2006-01-07T07:40,2006-01-07T09:10,LYS,2022406920
QMIPMNPS,code,L,70002600,ST,2006-01-07T09:30,2006-01-07T09:50,LEH,2022406920
QMIPMNPS,code,L,70002601,ST,2006-01-07T15:00,2006-01-07T15:20,URO,2022406920
QMIPMNPS,code,L,70002602,ST,2006-01-07T15:40,2006-01-07T17:10,LEH,2022406920
QMIPMNPS,code,L,70002603,ST,2006-01-07T17:50,2006-01-07T19:10,LYS,2022406920
QMIPMNPS,code,L,70002604,ST,2006-01-07T19:30,2006-01-07T20:35,URO,2022406920
LJWMNMSU,code,L,70002597,ST,2006-01-07T04:00,2006-01-07T05:20,LEH,2022406920
LJWMNMSU,code,L,70002598,ST,2006-01-07T05:40,2006-01-07T07:00,URO,2022406920
LJWMNMSU,code,L,70002599,ST,2006-01-07T07:40,2006-01-07T09:10,LYS,2022406920
LJWMNMSU,code,L,70002600,ST,2006-01-07T09:30,2006-01-07T09:50,LEH,2022406920
LJWMNMSU,code,L,70002601,ST,2006-01-07T15:00,2006-01-07T15:20,URO,2022406920
LJWMNMSU,code,L,70002602,ST,2006-01-07T15:40,2006-01-07T17:10,LEH,2022406920
LJWMNMSU,code,L,70002603,ST,2006-01-07T17:50,2006-01-07T19:10,LYS,2022406920
LJWMNMSU,code,L,70002604,ST,2006-01-07T19:30,2006-01-07T20:35,URO,2022406920
UJGETCCU,code,L,70005123,CP,2006-01-07T04:05,2006-01-07T07:20,TLS,2138821259
UJGETCCU,code,L,70005124,CP,2006-01-07T08:25,2006-01-07T11:05,AMS,2138821259
WVPYKDMU,code,L,70005123,FO,2006-01-07T04:05,2006-01-07T07:20,TLS,2138821259
WVPYKDMU,code,L,70005124,FO,2006-01-07T08:25,2006-01-07T11:05,AMS,2138821259
NXYWBPTM,code,L,70005123,CS,2006-01-07T04:05,2006-01-07T07:20,TLS,2138821259
NXYWBPTM,code,L,70005124,CS,2006-01-07T08:25,2006-01-07T11:05,AMS,2138821259
HRQBSEVF,code,L,70005123,ST,2006-01-07T04:05,2006-01-07T07:20,TLS,2138821259
HRQBSEVF,code,L,70005124,ST,2006-01-07T08:25,2006-01-07T11:05,AMS,2138821259
MVTQKSHF,code,L,70005123,ST,2006-01-07T04:05,2006-01-07T07:20,TLS,2138821259
MVTQKSHF,code,L,70005124,ST,2006-01-07T08:25,2006-01-07T11:05,AMS,2138821259
GDVMGXJY,code,L,70004600,CP,2006-01-07T04:25,2006-01-07T06:45,BES,2125508764
GDVMGXJY,code,L,70004599,CP,2006-01-07T09:30,2006-01-07T11:30,CDG,2125508764
WNFGDOJS,code,L,70004600,FO,2006-01-07T04:25,2006-01-07T06:45,BES,2125508764
WNFGDOJS,code,L,70004599,FO,2006-01-07T09:30,2006-01-07T11:30,CDG,2125508764
ASNYCTBM,code,L,70004600,CSD,2006-01-07T04:25,2006-01-07T06:45,BES,2125508764
ASNYCTBM,code,L,70004599,CSD,2006-01-07T09:30,2006-01-07T11:30,CDG,2125508764
COQVMMMS,code,L,70004600,CSD,2006-01-07T04:25,2006-01-07T06:45,BES,2125508764
COQVMMMS,code,L,70004599,CSD,2006-01-07T09:30,2006-01-07T11:30,CDG,2125508764
KGYSZVOJ,code,L,70004600,ST,2006-01-07T04:25,2006-01-07T06:45,BES,2125508764
KGYSZVOJ,code,L,70004599,ST,2006-01-07T09:30,2006-01-07T11:30,CDG,2125508764
JRWUGOWZ,code,L,70004600,ST,2006-01-07T04:25,2006-01-07T06:45,BES,2125508764
JRWUGOWZ,code,L,70004599,ST,2006-01-07T09:30,2006-01-07T11:30,CDG,2125508764
JZUSNTEH,code,L,70004600,ST,2006-01-07T04:25,2006-01-07T06:45,BES,2125508764
JZUSNTEH,code,L,70004599,ST,2006-01-07T09:30,2006-01-07T11:30,CDG,2125508764
GHEBOXMD,code,L,70004600,ST,2006-01-07T04:25,2006-01-07T06:45,BES,2125508764
GHEBOXMD,code,L,70004599,ST,2006-01-07T09:30,2006-01-07T11:30,CDG,2125508764
FBZIYQHH,code,L,70002653,CP,2006-01-07T04:25,2006-01-07T06:55,BES,1501688522
FBZIYQHH,code,L,70002654,CP,2006-01-07T07:40,2006-01-07T09:15,LYS,1501688522
FBZIYQHH,code,L,70002657,CP,2006-01-07T10:05,2006-01-07T11:45,BES,1501688522
FBZIYQHH,code,L,70002658,CP,2006-01-07T12:25,2006-01-07T14:50,MRS,1501688522
PLJPCLPX,code,L,70002653,FO,2006-01-07T04:25,2006-01-07T06:55,BES,1501688522
PLJPCLPX,code,L,70002654,FO,2006-01-07T07:40,2006-01-07T09:15,LYS,1501688522
PLJPCLPX,code,L,70002657,FO,2006-01-07T10:05,2006-01-07T11:45,BES,1501688522
PLJPCLPX,code,L,70002658,FO,2006-01-07T12:25,2006-01-07T14:50,MRS,1501688522
PROFNDJO,code,L,70002653,CS,2006-01-07T04:25,2006-01-07T06:55,BES,1501688522
PROFNDJO,code,L,70002654,CS,2006-01-07T07:40,2006-01-07T09:15,LYS,1501688522
PROFNDJO,code,L,70002657,CS,2006-01-07T10:05,2006-01-07T11:45,BES,1501688522
PROFNDJO,code,L,70002658,CS,2006-01-07T12:25,2006-01-07T14:50,MRS,1501688522
KPJPZSGW,code,L,70002653,ST,2006-01-07T04:25,2006-01-07T06:55,BES,1501688522
KPJPZSGW,code,L,70002654,ST,2006-01-07T07:40,2006-01-07T09:15,LYS,1501688522
KPJPZSGW,code,L,70002657,ST,2006-01-07T10:05,2006-01-07T11:45,BES,1501688522
KPJPZSGW,code,L,70002658,ST,2006-01-07T12:25,2006-01-07T14:50,MRS,1501688522
ZKLYFABF,code,L,70002653,ST,2006-01-07T04:25,2006-01-07T06:55,BES,1501688522
ZKLYFABF,code,L,70002654,ST,2006-01-07T07:40,2006-01-07T09:15,LYS,1501688522
ZKLYFABF,code,L,70002657,ST,2006-01-07T10:05,2006-01-07T11:45,BES,1501688522
ZKLYFABF,code,L,70002658,ST,2006-01-07T12:25,2006-01-07T14:50,MRS,1501688522
CEPZPCSJ,code,L,70002587,CP,2006-01-07T04:25,2006-01-07T06:35,CFR,48190158
CEPZPCSJ,code,L,70002588,CP,2006-01-07T07:40,2006-01-07T09:40,LYS,48190158
GGKZMYZQ,code,L,70002587,FO,2006-01-07T04:25,2006-01-07T06:35,CFR,48190158
GGKZMYZQ,code,L,70002588,FO,2006-01-07T07:40,2006-01-07T09:40,LYS,48190158
BMSAHRRZ,code,L,70002587,CS,2006-01-07T04:25,2006-01-07T06:35,CFR,48190158
BMSAHRRZ,code,L,70002588,CS,2006-01-07T07:40,2006-01-07T09:40,LYS,48190158
MRKFBMYM,code,L,70002587,ST,2006-01-07T04:25,2006-01-07T06:35,CFR,48190158
MRKFBMYM,code,L,70002588,ST,2006-01-07T07:40,2006-01-07T09:40,LYS,48190158
LBOQWSXD,code,L,70002587,ST,2006-01-07T04:25,2006-01-07T06:35,CFR,48190158
LBOQWSXD,code,L,70002588,ST,2006-01-07T07:40,2006-01-07T09:40,LYS,48190158
UYUEGTDN,code,L,70004636,CP,2006-01-07T04:25,2006-01-07T06:55,PUF,2138614433
UYUEGTDN,code,L,70004639,CP,2006-01-07T07:30,2006-01-07T09:45,CDG,2138614433
KSZMODEP,code,L,70004636,FO,2006-01-07T04:25,2006-01-07T06:55,PUF,2138614433
KSZMODEP,code,L,70004639,FO,2006-01-07T07:30,2006-01-07T09:45,CDG,2138614433
TZFJOUTA,code,L,70004636,CS,2006-01-07T04:25,2006-01-07T06:55,PUF,2138614433
TZFJOUTA,code,L,70004639,CS,2006-01-07T07:30,2006-01-07T09:45,CDG,2138614433
BRNZIMDV,code,L,70004636,ST,2006-01-07T04:25,2006-01-07T06:55,PUF,2138614433
BRNZIMDV,code,L,70004639,ST,2006-01-07T07:30,2006-01-07T09:45,CDG,2138614433
ATMZNLSJ,code,L,70004636,ST,2006-01-07T04:25,2006-01-07T06:55,PUF,2138614433
ATMZNLSJ,code,L,70004639,ST,2006-01-07T07:30,2006-01-07T09:45,CDG,2138614433
GJSZBWWI,code,L,70004636,ST,2006-01-07T04:25,2006-01-07T06:55,PUF,2138614433
GJSZBWWI,code,L,70004639,ST,2006-01-07T07:30,2006-01-07T09:45,CDG,2138614433
YQKJNZHP,code,L,70002583,CP,2006-01-07T04:25,2006-01-07T06:25,RNS,1816610767
YQKJNZHP,code,L,70004543,CP,2006-01-07T10:25,2006-01-07T11:50,CDG,1816610767
YQKJNZHP,code,L,70004546,CP,2006-01-07T12:40,2006-01-07T14:10,MPL,1816610767
YQKJNZHP,code,L,70002586,CP,2006-01-07T19:00,2006-01-07T20:40,CDG,1816610767
IIQBZQZY,code,L,70002583,FO,2006-01-07T04:25,2006-01-07T06:25,RNS,1816610767
IIQBZQZY,code,L,70004543,FO,2006-01-07T10:25,2006-01-07T11:50,CDG,1816610767
IIQBZQZY,code,L,70004546,FO,2006-01-07T12:40,2006-01-07T14:10,MPL,1816610767
IIQBZQZY,code,L,70002586,FO,2006-01-07T19:00,2006-01-07T20:40,CDG,1816610767
JZQFDYAT,code,L,70002583,CS,2006-01-07T04:25,2006-01-07T06:25,RNS,1816610767
JZQFDYAT,code,L,70004543,CS,2006-01-07T10:25,2006-01-07T11:50,CDG,1816610767
JZQFDYAT,code,L,70004546,CS,2006-01-07T12:40,2006-01-07T14:10,MPL,1816610767
JZQFDYAT,code,L,70002586,CS,2006-01-07T19:00,2006-01-07T20:40,CDG,1816610767
IVVSFZMY,code,L,70002583,ST,2006-01-07T04:25,2006-01-07T06:25,RNS,1816610767
IVVSFZMY,code,L,70004543,ST,2006-01-07T10:25,2006-01-07T11:50,CDG,1816610767
IVVSFZMY,code,L,70004546,ST,2006-01-07T12:40,2006-01-07T14:10,MPL,1816610767
IVVSFZMY,code,L,70002586,ST,2006-01-07T19:00,2006-01-07T20:40,CDG,1816610767
QLJGIJMO,code,L,70002583,ST,2006-01-07T04:25,2006-01-07T06:25,RNS,1816610767
QLJGIJMO,code,L,70004543,ST,2006-01-07T10:25,2006-01-07T11:50,CDG,1816610767
QLJGIJMO,code,L,70004546,ST,2006-01-07T12:40,2006-01-07T14:10,MPL,1816610767
QLJGIJMO,code,L,70002586,ST,2006-01-07T19:00,2006-01-07T20:40,CDG,1816610767
RMVODYQO,code,L,70002583,ST,2006-01-07T04:25,2006-01-07T06:25,RNS,1816610767
RMVODYQO,code,L,70004543,ST,2006-01-07T10:25,2006-01-07T11:50,CDG,1816610767
RMVODYQO,code,L,70004546,ST,2006-01-07T12:40,2006-01-07T14:10,MPL,1816610767
RMVODYQO,code,L,70002586,ST,2006-01-07T19:00,2006-01-07T20:40,CDG,1816610767
UNIVPUJB,code,L,70004194,CP,2006-01-07T04:30,2006-01-07T06:40,MLH,1709706839
UNIVPUJB,code,L,70004195,CP,2006-01-07T08:15,2006-01-07T10:00,ORY,1709706839
QVORHWPE,code,L,70004194,FO,2006-01-07T04:30,2006-01-07T06:40,MLH,1709706839
QVORHWPE,code,L,70004195,FO,2006-01-07T08:15,2006-01-07T10:00,ORY,1709706839
LNQJUNIJ,code,L,70004194,CSD,2006-01-07T04:30,2006-01-07T06:40,MLH,1709706839
LNQJUNIJ,code,L,70004195,CSD,2006-01-07T08:15,2006-01-07T10:00,ORY,1709706839
SMPIPRCR,code,L,70004194,CSD,2006-01-07T04:30,2006-01-07T06:40,MLH,1709706839
SMPIPRCR,code,L,70004195,CSD,2006-01-07T08:15,2006-01-07T10:00,ORY,1709706839
CWSVHNRA,code,L,70004194,ST,2006-01-07T04:30,2006-01-07T06:40,MLH,1709706839
CWSVHNRA,code,L,70004195,ST,2006-01-07T08:15,2006-01-07T10:00,ORY,1709706839
MHKSCAXP,code,L,70004194,ST,2006-01-07T04:30,2006-01-07T06:40,MLH,1709706839
MHKSCAXP,code,L,70004195,ST,2006-01-07T08:15,2006-01-07T10:00,ORY,1709706839
SFBVCUBR,code,L,70004194,ST,2006-01-07T04:30,2006-01-07T06:40,MLH,1709706839
SFBVCUBR,code,L,70004195,ST,2006-01-07T08:15,2006-01-07T10:00,ORY,1709706839
RKKTPWQY,code,L,70004194,ST,2006-01-07T04:30,2006-01-07T06:40,MLH,1709706839
RKKTPWQY,code,L,70004195,ST,2006-01-07T08:15,2006-01-07T10:00,ORY,1709706839
TCMCCBHI,code,L,70002866,CP,2006-01-07T04:30,2006-01-07T06:50,MRS,830807798
TCMCCBHI,code,L,70002873,CP,2006-01-07T07:35,2006-01-07T09:35,ORY,830807798
TKMDJNQF,code,L,70002866,FO,2006-01-07T04:30,2006-01-07T06:50,MRS,830807798
TKMDJNQF,code,L,70002873,FO,2006-01-07T07:35,2006-01-07T09:35,ORY,830807798
UONWAXEN,code,L,70002866,CSD,2006-01-07T04:30,2006-01-07T06:50,MRS,830807798
UONWAXEN,code,L,70002873,CSD,2006-01-07T07:35,2006-01-07T09:35,ORY,830807798
RXEWPBEQ,code,L,70002866,CSD,2006-01-07T04:30,2006-01-07T06:50,MRS,830807798
RXEWPBEQ,code,L,70002873,CSD,2006-01-07T07:35,2006-01-07T09:35,ORY,830807798
ISTZMOIC,code,L,70002866,ST,2006-01-07T04:30,2006-01-07T06:50,MRS,830807798
ISTZMOIC,code,L,70002873,ST,2006-01-07T07:35,2006-01-07T09:35,ORY,830807798
BUZVRNOT,code,L,70002866,ST,2006-01-07T04:30,2006-01-07T06:50,MRS,830807798
BUZVRNOT,code,L,70002873,ST,2006-01-07T07:35,2006-01-07T09:35,ORY,830807798
AZWUTZSM,code,L,70002866,ST,2006-01-07T04:30,2006-01-07T06:50,MRS,830807798
AZWUTZSM,code,L,70002873,ST,2006-01-07T07:35,2006-01-07T09:35,ORY,830807798
IYBCHWPG,code,L,70002866,ST,2006-01-07T04:30,2006-01-07T06:50,MRS,830807798
IYBCHWPG,code,L,70002873,ST,2006-01-07T07:35,2006-01-07T09:35,ORY,830807798
XUFUSYUA,code,L,70002573,CP,2006-01-07T04:30,2006-01-07T06:35,LIG,791771284
XUFUSYUA,code,L,70002574,CP,2006-01-07T08:00,2006-01-07T09:00,ORY,791771284
XUFUSYUA,code,L,70002581,CP,2006-01-07T10:05,2006-01-07T11:20,LIG,791771284
XUFUSYUA,code,L,70002582,CP,2006-01-07T12:30,2006-01-07T14:30,CDG,791771284
ETQYYMZH,code,L,70002573,FO,2006-01-07T04:30,2006-01-07T06:35,LIG,791771284
ETQYYMZH,code,L,70002574,FO,2006-01-07T08:00,2006-01-07T09:00,ORY,791771284
ETQYYMZH,code,L,70002581,FO,2006-01-07T10:05,2006-01-07T11:20,LIG,791771284
ETQYYMZH,code,L,70002582,FO,2006-01-07T12:30,2006-01-07T14:30,CDG,791771284
EJKVSNGF,code,L,70002573,CSD,2006-01-07T04:30,2006-01-07T06:35,LIG,791771284
EJKVSNGF,code,L,70002574,CSD,2006-01-07T08:00,2006-01-07T09:00,ORY,791771284
EJKVSNGF,code,L,70002581,CSD,2006-01-07T10:05,2006-01-07T11:20,LIG,791771284
EJKVSNGF,code,L,70002582,CSD,2006-01-07T12:30,2006-01-07T14:30,CDG,791771284
OHTIBQFR,code,L,70002573,ST,2006-01-07T04:30,2006-01-07T06:35,LIG,791771284
OHTIBQFR,code,L,70002574,ST,2006-01-07T08:00,2006-01-07T09:00,ORY,791771284
OHTIBQFR,code,L,70002581,ST,2006-01-07T10:05,2006-01-07T11:20,LIG,791771284
OHTIBQFR,code,L,70002582,ST,2006-01-07T12:30,2006-01-07T14:30,CDG,791771284
IGODXABC,code,L,70002573,ST,2006-01-07T04:30,2006-01-07T06:35,LIG,791771284
IGODXABC,code,L,70002574,ST,2006-01-07T08:00,2006-01-07T09:00,ORY,791771284
IGODXABC,code,L,70002581,ST,2006-01-07T10:05,2006-01-07T11:20,LIG,791771284
IGODXABC,code,L,70002582,ST,2006-01-07T12:30,2006-01-07T14:30,CDG,791771284
BVBIRXYO,code,L,70002613,CP,2006-01-07T04:30,2006-01-07T06:45,RNS,2113437503
BVBIRXYO,code,L,70002614,CP,2006-01-07T07:45,2006-01-07T09:50,LYS,2113437503
AYNXQBPZ,code,L,70002613,FO,2006-01-07T04:30,2006-01-07T06:45,RNS,2113437503
AYNXQBPZ,code,L,70002614,FO,2006-01-07T07:45,2006-01-07T09:50,LYS,2113437503
LUEREEYZ,code,L,70002613,CS,2006-01-07T04:30,2006-01-07T06:45,RNS,2113437503
LUEREEYZ,code,L,70002614,CS,2006-01-07T07:45,2006-01-07T09:50,LYS,2113437503
GFXDYAXW,code,L,70002613,ST,2006-01-07T04:30,2006-01-07T06:45,RNS,2113437503
GFXDYAXW,code,L,70002614,ST,2006-01-07T07:45,2006-01-07T09:50,LYS,2113437503
BCTEKFWG,code,L,70002613,ST,2006-01-07T04:30,2006-01-07T06:45,RNS,2113437503
BCTEKFWG,code,L,70002614,ST,2006-01-07T07:45,2006-01-07T09:50,LYS,2113437503
WPMCGXXF,code,L,70004334,CP,2006-01-07T04:30,2006-01-07T06:45,AVN,1162073078
WPMCGXXF,code,L,70004333,CP,2006-01-07T08:15,2006-01-07T09:30,ORY,1162073078
WPMCGXXF,code,L,70004336,CP,2006-01-07T10:05,2006-01-07T11:20,AVN,1162073078
WPMCGXXF,code,L,70004337,CP,2006-01-07T12:20,2006-01-07T14:20,ORY,1162073078
FUEPQROB,code,L,70004334,FO,2006-01-07T04:30,2006-01-07T06:45,AVN,1162073078
FUEPQROB,code,L,70004333,FO,2006-01-07T08:15,2006-01-07T09:30,ORY,1162073078
FUEPQROB,code,L,70004336,FO,2006-01-07T10:05,2006-01-07T11:20,AVN,1162073078
FUEPQROB,code,L,70004337,FO,2006-01-07T12:20,2006-01-07T14:20,ORY,1162073078
EDLBCKDK,code,L,70004334,CS,2006-01-07T04:30,2006-01-07T06:45,AVN,1162073078
EDLBCKDK,code,L,70004333,CS,2006-01-07T08:15,2006-01-07T09:30,ORY,1162073078
EDLBCKDK,code,L,70004336,CS,2006-01-07T10:05,2006-01-07T11:20,AVN,1162073078
EDLBCKDK,code,L,70004337,CS,2006-01-07T12:20,2006-01-07T14:20,ORY,1162073078
WQFIZXFF,code,L,70004334,ST,2006-01-07T04:30,2006-01-07T06:45,AVN,1162073078
WQFIZXFF,code,L,70004333,ST,2006-01-07T08:15,2006-01-07T09:30,ORY,1162073078
WQFIZXFF,code,L,70004336,ST,2006-01-07T10:05,2006-01-07T11:20,AVN,1162073078
WQFIZXFF,code,L,70004337,ST,2006-01-07T12:20,2006-01-07T14:20,ORY,1162073078
KUSRKPZX,code,L,70004334,ST,2006-01-07T04:30,2006-01-07T06:45,AVN,1162073078
KUSRKPZX,code,L,70004333,ST,2006-01-07T08:15,2006-01-07T09:30,ORY,1162073078
KUSRKPZX,code,L,70004336,ST,2006-01-07T10:05,2006-01-07T11:20,AVN,1162073078
KUSRKPZX,code,L,70004337,ST,2006-01-07T12:20,2006-01-07T14:20,ORY,1162073078
UGIXMSHJ,code,L,70002593,CP,2006-01-07T04:35,2006-01-07T06:35,LIG,1379662799
UGIXMSHJ,code,L,70004504,CP,2006-01-07T10:00,2006-01-07T11:10,LYS,1379662799
UGIXMSHJ,code,L,70004507,CP,2006-01-07T12:15,2006-01-07T13:25,CDG,1379662799
UGIXMSHJ,code,L,70004508,CP,2006-01-07T16:00,2006-01-07T17:10,LYS,1379662799
UGIXMSHJ,code,L,70004511,CP,2006-01-07T17:55,2006-01-07T19:05,CDG,1379662799
UGIXMSHJ,code,L,70004512,CP,2006-01-07T19:55,2006-01-07T21:40,LYS,1379662799
CZGGFPVG,code,L,70002593,FO,2006-01-07T04:35,2006-01-07T06:35,LIG,1379662799
CZGGFPVG,code,L,70004504,FO,2006-01-07T10:00,2006-01-07T11:10,LYS,1379662799
CZGGFPVG,code,L,70004507,FO,2006-01-07T12:15,2006-01-07T13:25,CDG,1379662799
CZGGFPVG,code,L,70004508,FO,2006-01-07T16:00,2006-01-07T17:10,LYS,1379662799
CZGGFPVG,code,L,70004511,FO,2006-01-07T17:55,2006-01-07T19:05,CDG,1379662799
CZGGFPVG,code,L,70004512,FO,2006-01-07T19:55,2006-01-07T21:40,LYS,1379662799
JDKNLFCE,code,L,70002593,CSD,2006-01-07T04:35,2006-01-07T06:35,LIG,1379662799
JDKNLFCE,code,L,70004504,CSD,2006-01-07T10:00,2006-01-07T11:10,LYS,1379662799
JDKNLFCE,code,L,70004507,CSD,2006-01-07T12:15,2006-01-07T13:25,CDG,1379662799
JDKNLFCE,code,L,70004508,CSD,2006-01-07T16:00,2006-01-07T17:10,LYS,1379662799
JDKNLFCE,code,L,70004511,CSD,2006-01-07T17:55,2006-01-07T19:05,CDG,1379662799
JDKNLFCE,code,L,70004512,CSD,2006-01-07T19:55,2006-01-07T21:40,LYS,1379662799
IHUIXLIX,code,L,70002593,CSD,2006-01-07T04:35,2006-01-07T06:35,LIG,1379662799
IHUIXLIX,code,L,70004504,CSD,2006-01-07T10:00,2006-01-07T11:10,LYS,1379662799
IHUIXLIX,code,L,70004507,CSD,2006-01-07T12:15,2006-01-07T13:25,CDG,1379662799
IHUIXLIX,code,L,70004508,CSD,2006-01-07T16:00,2006-01-07T17:10,LYS,1379662799
IHUIXLIX,code,L,70004511,CSD,2006-01-07T17:55,2006-01-07T19:05,CDG,1379662799
IHUIXLIX,code,L,70004512,CSD,2006-01-07T19:55,2006-01-07T21:40,LYS,1379662799
ZHESEFEQ,code,L,70002593,ST,2006-01-07T04:35,2006-01-07T06:35,LIG,1379662799
ZHESEFEQ,code,L,70004504,ST,2006-01-07T10:00,2006-01-07T11:10,LYS,1379662799
ZHESEFEQ,code,L,70004507,ST,2006-01-07T12:15,2006-01-07T13:25,CDG,1379662799
ZHESEFEQ,code,L,70004508,ST,2006-01-07T16:00,2006-01-07T17:10,LYS,1379662799
ZHESEFEQ,code,L,70004511,ST,2006-01-07T17:55,2006-01-07T19:05,CDG,1379662799
ZHESEFEQ,code,L,70004512,ST,2006-01-07T19:55,2006-01-07T21:40,LYS,1379662799
XPVIXYBV,code,L,70002593,ST,2006-01-07T04:35,2006-01-07T06:35,LIG,1379662799
XPVIXYBV,code,L,70004504,ST,2006-01-07T10:00,2006-01-07T11:10,LYS,1379662799
XPVIXYBV,code,L,70004507,ST,2006-01-07T12:15,2006-01-07T13:25,CDG,1379662799
XPVIXYBV,code,L,70004508,ST,2006-01-07T16:00,2006-01-07T17:10,LYS,1379662799
XPVIXYBV,code,L,70004511,ST,2006-01-07T17:55,2006-01-07T19:05,CDG,1379662799
XPVIXYBV,code,L,70004512,ST,2006-01-07T19:55,2006-01-07T21:40,LYS,1379662799
JFAQPOCY,code,L,70002593,ST,2006-01-07T04:35,2006-01-07T06:35,LIG,1379662799
JFAQPOCY,code,L,70004504,ST,2006-01-07T10:00,2006-01-07T11:10,LYS,1379662799
JFAQPOCY,code,L,70004507,ST,2006-01-07T12:15,2006-01-07T13:25,CDG,1379662799
JFAQPOCY,code,L,70004508,ST,2006-01-07T16:00,2006-01-07T17:10,LYS,1379662799
JFAQPOCY,code,L,70004511,ST,2006-01-07T17:55,2006-01-07T19:05,CDG,1379662799
JFAQPOCY,code,L,70004512,ST,2006-01-07T19:55,2006-01-07T21:40,LYS,1379662799
WSVFZDBH,code,L,70002593,ST,2006-01-07T04:35,2006-01-07T06:35,LIG,1379662799
WSVFZDBH,code,L,70004504,ST,2006-01-07T10:00,2006-01-07T11:10,LYS,1379662799
WSVFZDBH,code,L,70004507,ST,2006-01-07T12:15,2006-01-07T13:25,CDG,1379662799
WSVFZDBH,code,L,70004508,ST,2006-01-07T16:00,2006-01-07T17:10,LYS,1379662799
WSVFZDBH,code,L,70004511,ST,2006-01-07T17:55,2006-01-07T19:05,CDG,1379662799
WSVFZDBH,code,L,70004512,ST,2006-01-07T19:55,2006-01-07T21:40,LYS,1379662799
FLDDUPPY,code,L,70004684,CP,2006-01-07T04:35,2006-01-07T06:35,MRS,1104652174
FLDDUPPY,code,L,70004685,CP,2006-01-07T07:30,2006-01-07T09:15,LYS,1104652174
ZXCQNCIQ,code,L,70004684,FO,2006-01-07T04:35,2006-01-07T06:35,MRS,1104652174
ZXCQNCIQ,code,L,70004685,FO,2006-01-07T07:30,2006-01-07T09:15,LYS,1104652174
QABYHFFY,code,L,70004684,CSD,2006-01-07T04:35,2006-01-07T06:35,MRS,1104652174
QABYHFFY,code,L,70004685,CSD,2006-01-07T07:30,2006-01-07T09:15,LYS,1104652174
ISCOILHP,code,L,70004684,CSD,2006-01-07T04:35,2006-01-07T06:35,MRS,1104652174
ISCOILHP,code,L,70004685,CSD,2006-01-07T07:30,2006-01-07T09:15,LYS,1104652174
GBQGTXJZ,code,L,70004684,ST,2006-01-07T04:35,2006-01-07T06:35,MRS,1104652174
GBQGTXJZ,code,L,70004685,ST,2006-01-07T07:30,2006-01-07T09:15,LYS,1104652174
JWZNFZEI,code,L,70004684,ST,2006-01-07T04:35,2006-01-07T06:35,MRS,1104652174
JWZNFZEI,code,L,70004685,ST,2006-01-07T07:30,2006-01-07T09:15,LYS,1104652174
YSMSEEIH,code,L,70004684,ST,2006-01-07T04:35,2006-01-07T06:35,MRS,1104652174
YSMSEEIH,code,L,70004685,ST,2006-01-07T07:30,2006-01-07T09:15,LYS,1104652174
UHYKIBWQ,code,L,70004684,ST,2006-01-07T04:35,2006-01-07T06:35,MRS,1104652174
UHYKIBWQ,code,L,70004685,ST,2006-01-07T07:30,2006-01-07T09:15,LYS,1104652174
FQPNRDMT,code,L,70004224,CP,2006-01-07T04:35,2006-01-07T06:50,BES,932725007
FQPNRDMT,code,L,70004225,CP,2006-01-07T08:10,2006-01-07T10:05,ORY,932725007
LFLOYORV,code,L,70004224,FO,2006-01-07T04:35,2006-01-07T06:50,BES,932725007
LFLOYORV,code,L,70004225,FO,2006-01-07T08:10,2006-01-07T10:05,ORY,932725007
XIUXILHQ,code,L,70004224,CSD,2006-01-07T04:35,2006-01-07T06:50,BES,932725007
XIUXILHQ,code,L,70004225,CSD,2006-01-07T08:10,2006-01-07T10:05,ORY,932725007
UHITTKXN,code,L,70004224,CSD,2006-01-07T04:35,2006-01-07T06:50,BES,932725007
UHITTKXN,code,L,70004225,CSD,2006-01-07T08:10,2006-01-07T10:05,ORY,932725007
TGQHSUUJ,code,L,70004224,ST,2006-01-07T04:35,2006-01-07T06:50,BES,932725007
TGQHSUUJ,code,L,70004225,ST,2006-01-07T08:10,2006-01-07T10:05,ORY,932725007
YSPDKGIA,code,L,70004224,ST,2006-01-07T04:35,2006-01-07T06:50,BES,932725007
YSPDKGIA,code,L,70004225,ST,2006-01-07T08:10,2006-01-07T10:05,ORY,932725007
HRIKXTDE,code,L,70004224,ST,2006-01-07T04:35,2006-01-07T06:50,BES,932725007
HRIKXTDE,code,L,70004225,ST,2006-01-07T08:10,2006-01-07T10:05,ORY,932725007
JFEUBIYW,code,L,70004224,ST,2006-01-07T04:35,2006-01-07T06:50,BES,932725007
JFEUBIYW,code,L,70004225,ST,2006-01-07T08:10,2006-01-07T10:05,ORY,932725007
TDQOTVND,code,L,70004584,CP,2006-01-07T04:35,2006-01-07T06:40,NTE,1485403625
TDQOTVND,code,L,70004583,CP,2006-01-07T08:05,2006-01-07T09:55,CDG,1485403625
ZLAWNFYH,code,L,70004584,FO,2006-01-07T04:35,2006-01-07T06:40,NTE,1485403625
ZLAWNFYH,code,L,70004583,FO,2006-01-07T08:05,2006-01-07T09:55,CDG,1485403625
WRXQXZFO,code,L,70004584,CSD,2006-01-07T04:35,2006-01-07T06:40,NTE,1485403625
WRXQXZFO,code,L,70004583,CSD,2006-01-07T08:05,2006-01-07T09:55,CDG,1485403625
ICNEBFOG,code,L,70004584,CSD,2006-01-07T04:35,2006-01-07T06:40,NTE,1485403625
ICNEBFOG,code,L,70004583,CSD,2006-01-07T08:05,2006-01-07T09:55,CDG,1485403625
TBSZDFLL,code,L,70004584,ST,2006-01-07T04:35,2006-01-07T06:40,NTE,1485403625
TBSZDFLL,code,L,70004583,ST,2006-01-07T08:05,2006-01-07T09:55,CDG,1485403625
LGXETXZQ,code,L,70004584,ST,2006-01-07T04:35,2006-01-07T06:40,NTE,1485403625
LGXETXZQ,code,L,70004583,ST,2006-01-07T08:05,2006-01-07T09:55,CDG,1485403625
VFNJTBIW,code,L,70004584,ST,2006-01-07T04:35,2006-01-07T06:40,NTE,1485403625
VFNJTBIW,code,L,70004583,ST,2006-01-07T08:05,2006-01-07T09:55,CDG,1485403625
RXLGWANR,code,L,70004584,ST,2006-01-07T04:35,2006-01-07T06:40,NTE,1485403625
RXLGWANR,code,L,70004583,ST,2006-01-07T08:05,2006-01-07T09:55,CDG,1485403625
GSBBUHIQ,code,L,70004522,CP,2006-01-07T04:35,2006-01-07T06:40,CFE,346378500
GSBBUHIQ,code,L,70004517,CP,2006-01-07T07:15,2006-01-07T09:00,CDG,346378500
TGHKBPJO,code,L,70004522,FO,2006-01-07T04:35,2006-01-07T06:40,CFE,346378500
TGHKBPJO,code,L,70004517,FO,2006-01-07T07:15,2006-01-07T09:00,CDG,346378500
NOFOLLPP,code,L,70004522,CS,2006-01-07T04:35,2006-01-07T06:40,CFE,346378500
NOFOLLPP,code,L,70004517,CS,2006-01-07T07:15,2006-01-07T09:00,CDG,346378500
KFPGRSJE,code,L,70004522,ST,2006-01-07T04:35,2006-01-07T06:40,CFE,346378500
KFPGRSJE,code,L,70004517,ST,2006-01-07T07:15,2006-01-07T09:00,CDG,346378500
YZVGJCVC,code,L,70004522,ST,2006-01-07T04:35,2006-01-07T06:40,CFE,346378500
YZVGJCVC,code,L,70004517,ST,2006-01-07T07:15,2006-01-07T09:00,CDG,346378500
NFLSHRBH,code,L,70004296,CP,2006-01-07T04:40,2006-01-07T06:35,CFE,534011718
NFLSHRBH,code,L,70004295,CP,2006-01-07T08:10,2006-01-07T09:50,ORY,534011718
IGGZCAEJ,code,L,70004296,FO,2006-01-07T04:40,2006-01-07T06:35,CFE,534011718
IGGZCAEJ,code,L,70004295,FO,2006-01-07T08:10,2006-01-07T09:50,ORY,534011718
OZCQYZLK,code,L,70004296,CSD,2006-01-07T04:40,2006-01-07T06:35,CFE,534011718
OZCQYZLK,code,L,70004295,CSD,2006-01-07T08:10,2006-01-07T09:50,ORY,534011718
FBQIVQLY,code,L,70004296,CSD,2006-01-07T04:40,2006-01-07T06:35,CFE,534011718
FBQIVQLY,code,L,70004295,CSD,2006-01-07T08:10,2006-01-07T09:50,ORY,534011718
QVHEBTQX,code,L,70004296,ST,2006-01-07T04:40,2006-01-07T06:35,CFE,534011718
QVHEBTQX,code,L,70004295,ST,2006-01-07T08:10,2006-01-07T09:50,ORY,534011718
UJKUWRYU,code,L,70004296,ST,2006-01-07T04:40,2006-01-07T06:35,CFE,534011718
UJKUWRYU,code,L,70004295,ST,2006-01-07T08:10,2006-01-07T09:50,ORY,534011718
VNKJFNGB,code,L,70004296,ST,2006-01-07T04:40,2006-01-07T06:35,CFE,534011718
VNKJFNGB,code,L,70004295,ST,2006-01-07T08:10,2006-01-07T09:50,ORY,534011718
YIRVZLQR,code,L,70004296,ST,2006-01-07T04:40,2006-01-07T06:35,CFE,534011718
YIRVZLQR,code,L,70004295,ST,2006-01-07T08:10,2006-01-07T09:50,ORY,534011718
AWLHBMRB,code,L,70004314,CP,2006-01-07T04:40,2006-01-07T07:00,PUF,1406361028
AWLHBMRB,code,L,70004315,CP,2006-01-07T08:00,2006-01-07T10:00,ORY,1406361028
QOKWLXKE,code,L,70004314,FO,2006-01-07T04:40,2006-01-07T07:00,PUF,1406361028
QOKWLXKE,code,L,70004315,FO,2006-01-07T08:00,2006-01-07T10:00,ORY,1406361028
HHPSCGSG,code,L,70004314,CSD,2006-01-07T04:40,2006-01-07T07:00,PUF,1406361028
HHPSCGSG,code,L,70004315,CSD,2006-01-07T08:00,2006-01-07T10:00,ORY,1406361028
PQTBAKQI,code,L,70004314,CSD,2006-01-07T04:40,2006-01-07T07:00,PUF,1406361028
PQTBAKQI,code,L,70004315,CSD,2006-01-07T08:00,2006-01-07T10:00,ORY,1406361028
ITZBOCPP,code,L,70004314,ST,2006-01-07T04:40,2006-01-07T07:00,PUF,1406361028
ITZBOCPP,code,L,70004315,ST,2006-01-07T08:00,2006-01-07T10:00,ORY,1406361028
UMXMWRTV,code,L,70004314,ST,2006-01-07T04:40,2006-01-07T07:00,PUF,1406361028
UMXMWRTV,code,L,70004315,ST,2006-01-07T08:00,2006-01-07T10:00,ORY,1406361028
UKNOSHIR,code,L,70004314,ST,2006-01-07T04:40,2006-01-07T07:00,PUF,1406361028
UKNOSHIR,code,L,70004315,ST,2006-01-07T08:00,2006-01-07T10:00,ORY,1406361028
LPPPPUGC,code,L,70004314,ST,2006-01-07T04:40,2006-01-07T07:00,PUF,1406361028
LPPPPUGC,code,L,70004315,ST,2006-01-07T08:00,2006-01-07T10:00,ORY,1406361028
PEJCFNXT,code,L,70004404,CP,2006-01-07T04:40,2006-01-07T07:05,MPL,1321446349
PEJCFNXT,code,L,70004405,CP,2006-01-07T07:45,2006-01-07T09:45,ORY,1321446349
BHNHQTER,code,L,70004404,FO,2006-01-07T04:40,2006-01-07T07:05,MPL,1321446349
BHNHQTER,code,L,70004405,FO,2006-01-07T07:45,2006-01-07T09:45,ORY,1321446349
SDHUEEJX,code,L,70004404,CSD,2006-01-07T04:40,2006-01-07T07:05,MPL,1321446349
SDHUEEJX,code,L,70004405,CSD,2006-01-07T07:45,2006-01-07T09:45,ORY,1321446349
GLZIXLHH,code,L,70004404,CSD,2006-01-07T04:40,2006-01-07T07:05,MPL,1321446349
GLZIXLHH,code,L,70004405,CSD,2006-01-07T07:45,2006-01-07T09:45,ORY,1321446349
RZOGSIVG,code,L,70004404,ST,2006-01-07T04:40,2006-01-07T07:05,MPL,1321446349
RZOGSIVG,code,L,70004405,ST,2006-01-07T07:45,2006-01-07T09:45,ORY,1321446349
SVSASBMV,code,L,70004404,ST,2006-01-07T04:40,2006-01-07T07:05,MPL,1321446349
SVSASBMV,code,L,70004405,ST,2006-01-07T07:45,2006-01-07T09:45,ORY,1321446349
GJLDFCLR,code,L,70004404,ST,2006-01-07T04:40,2006-01-07T07:05,MPL,1321446349
GJLDFCLR,code,L,70004405,ST,2006-01-07T07:45,2006-01-07T09:45,ORY,1321446349
ZNWRAASI,code,L,70004404,ST,2006-01-07T04:40,2006-01-07T07:05,MPL,1321446349
ZNWRAASI,code,L,70004405,ST,2006-01-07T07:45,2006-01-07T09:45,ORY,1321446349
IFOJNQBA,code,L,70002966,CP,2006-01-07T04:40,2006-01-07T07:00,TLS,333461483
IFOJNQBA,code,L,70002973,CP,2006-01-07T07:50,2006-01-07T09:45,ORY,333461483
HGDDPSRM,code,L,70002966,FO,2006-01-07T04:40,2006-01-07T07:00,TLS,333461483
HGDDPSRM,code,L,70002973,FO,2006-01-07T07:50,2006-01-07T09:45,ORY,333461483
LZFPVYJQ,code,L,70002966,CSD,2006-01-07T04:40,2006-01-07T07:00,TLS,333461483
LZFPVYJQ,code,L,70002973,CSD,2006-01-07T07:50,2006-01-07T09:45,ORY,333461483
HJJMDGTV,code,L,70002966,CSD,2006-01-07T04:40,2006-01-07T07:00,TLS,333461483
HJJMDGTV,code,L,70002973,CSD,2006-01-07T07:50,2006-01-07T09:45,ORY,333461483
RXBYJEHB,code,L,70002966,ST,2006-01-07T04:40,2006-01-07T07:00,TLS,333461483
RXBYJEHB,code,L,70002973,ST,2006-01-07T07:50,2006-01-07T09:45,ORY,333461483
BHVRUDYD,code,L,70002966,ST,2006-01-07T04:40,2006-01-07T07:00,TLS,333461483
BHVRUDYD,code,L,70002973,ST,2006-01-07T07:50,2006-01-07T09:45,ORY,333461483
VBLZFAUH,code,L,70002966,ST,2006-01-07T04:40,2006-01-07T07:00,TLS,333461483
VBLZFAUH,code,L,70002973,ST,2006-01-07T07:50,2006-01-07T09:45,ORY,333461483
JYCSGMOV,code,L,70002966,ST,2006-01-07T04:40,2006-01-07T07:00,TLS,333461483
JYCSGMOV,code,L,70002973,ST,2006-01-07T07:50,2006-01-07T09:45,ORY,333461483
LAVWTYFK,code,L,70004576,CP,2006-01-07T04:40,2006-01-07T07:15,NCE,1008338748
LAVWTYFK,code,L,70004551,CP,2006-01-07T08:10,2006-01-07T09:35,CDG,1008338748
LAVWTYFK,code,L,70004552,CP,2006-01-07T10:30,2006-01-07T12:00,MPL,1008338748
LAVWTYFK,code,L,70004577,CP,2006-01-07T12:50,2006-01-07T14:10,CDG,1008338748
YKWAXAQK,code,L,70004576,FO,2006-01-07T04:40,2006-01-07T07:15,NCE,1008338748
YKWAXAQK,code,L,70004551,FO,2006-01-07T08:10,2006-01-07T09:35,CDG,1008338748
YKWAXAQK,code,L,70004552,FO,2006-01-07T10:30,2006-01-07T12:00,MPL,1008338748
YKWAXAQK,code,L,70004577,FO,2006-01-07T12:50,2006-01-07T14:10,CDG,1008338748
XEJGDLBJ,code,L,70004576,CSD,2006-01-07T04:40,2006-01-07T07:15,NCE,1008338748
XEJGDLBJ,code,L,70004551,CSD,2006-01-07T08:10,2006-01-07T09:35,CDG,1008338748
XEJGDLBJ,code,L,70004552,CSD,2006-01-07T10:30,2006-01-07T12:00,MPL,1008338748
XEJGDLBJ,code,L,70004577,CSD,2006-01-07T12:50,2006-01-07T14:10,CDG,1008338748
PWZUXKKD,code,L,70004576,CSD,2006-01-07T04:40,2006-01-07T07:15,NCE,1008338748
PWZUXKKD,code,L,70004551,CSD,2006-01-07T08:10,2006-01-07T09:35,CDG,1008338748
PWZUXKKD,code,L,70004552,CSD,2006-01-07T10:30,2006-01-07T12:00,MPL,1008338748
PWZUXKKD,code,L,70004577,CSD,2006-01-07T12:50,2006-01-07T14:10,CDG,1008338748
UGIZTJMR,code,L,70004576,ST,2006-01-07T04:40,2006-01-07T07:15,NCE,1008338748
UGIZTJMR,code,L,70004551,ST,2006-01-07T08:10,2006-01-07T09:35,CDG,1008338748
UGIZTJMR,code,L,70004552,ST,2006-01-07T10:30,2006-01-07T12:00,MPL,1008338748
UGIZTJMR,code,L,70004577,ST,2006-01-07T12:50,2006-01-07T14:10,CDG,1008338748
MVCKISOK,code,L,70004576,ST,2006-01-07T04:40,2006-01-07T07:15,NCE,1008338748
MVCKISOK,code,L,70004551,ST,2006-01-07T08:10,2006-01-07T09:35,CDG,1008338748
MVCKISOK,code,L,70004552,ST,2006-01-07T10:30,2006-01-07T12:00,MPL,1008338748
MVCKISOK,code,L,70004577,ST,2006-01-07T12:50,2006-01-07T14:10,CDG,1008338748
RHWGNSEN,code,L,70004576,ST,2006-01-07T04:40,2006-01-07T07:15,NCE,1008338748
RHWGNSEN,code,L,70004551,ST,2006-01-07T08:10,2006-01-07T09:35,CDG,1008338748
RHWGNSEN,code,L,70004552,ST,2006-01-07T10:30,2006-01-07T12:00,MPL,1008338748
RHWGNSEN,code,L,70004577,ST,2006-01-07T12:50,2006-01-07T14:10,CDG,1008338748
KYDSUSRO,code,L,70004576,ST,2006-01-07T04:40,2006-01-07T07:15,NCE,1008338748
KYDSUSRO,code,L,70004551,ST,2006-01-07T08:10,2006-01-07T09:35,CDG,1008338748
KYDSUSRO,code,L,70004552,ST,2006-01-07T10:30,2006-01-07T12:00,MPL,1008338748
KYDSUSRO,code,L,70004577,ST,2006-01-07T12:50,2006-01-07T14:10,CDG,1008338748
MEEOTLMK,code,L,70002543,CP,2006-01-07T04:40,2006-01-07T06:50,RDZ,262918833
MEEOTLMK,code,L,70002544,CP,2006-01-07T07:25,2006-01-07T09:15,ORY,262918833
ANINOGDD,code,L,70002543,FO,2006-01-07T04:40,2006-01-07T06:50,RDZ,262918833
ANINOGDD,code,L,70002544,FO,2006-01-07T07:25,2006-01-07T09:15,ORY,262918833
HFCFRMVZ,code,L,70002543,CSD,2006-01-07T04:40,2006-01-07T06:50,RDZ,262918833
HFCFRMVZ,code,L,70002544,CSD,2006-01-07T07:25,2006-01-07T09:15,ORY,262918833
BSFSKLPS,code,L,70002543,ST,2006-01-07T04:40,2006-01-07T06:50,RDZ,262918833
BSFSKLPS,code,L,70002544,ST,2006-01-07T07:25,2006-01-07T09:15,ORY,262918833
NENOYNPY,code,L,70002543,ST,2006-01-07T04:40,2006-01-07T06:50,RDZ,262918833
NENOYNPY,code,L,70002544,ST,2006-01-07T07:25,2006-01-07T09:15,ORY,262918833
TRSUTYER,code,L,70004694,CP,2006-01-07T04:40,2006-01-07T06:35,NCE,160225133
TRSUTYER,code,L,70004693,CP,2006-01-07T07:50,2006-01-07T09:35,LYS,160225133
CXOYZTXZ,code,L,70004694,FO,2006-01-07T04:40,2006-01-07T06:35,NCE,160225133
CXOYZTXZ,code,L,70004693,FO,2006-01-07T07:50,2006-01-07T09:35,LYS,160225133
ECNSHMTH,code,L,70004694,CS,2006-01-07T04:40,2006-01-07T06:35,NCE,160225133
ECNSHMTH,code,L,70004693,CS,2006-01-07T07:50,2006-01-07T09:35,LYS,160225133
NXMQZCGB,code,L,70004694,ST,2006-01-07T04:40,2006-01-07T06:35,NCE,160225133
NXMQZCGB,code,L,70004693,ST,2006-01-07T07:50,2006-01-07T09:35,LYS,160225133
ICEICSZN,code,L,70004694,ST,2006-01-07T04:40,2006-01-07T06:35,NCE,160225133
ICEICSZN,code,L,70004693,ST,2006-01-07T07:50,2006-01-07T09:35,LYS,160225133
LQXQERNI,code,L,70004364,CP,2006-01-07T04:45,2006-01-07T07:10,TLN,345545550
LQXQERNI,code,L,70004363,CP,2006-01-07T07:55,2006-01-07T10:00,ORY,345545550
HSJJIZXR,code,L,70004364,FO,2006-01-07T04:45,2006-01-07T07:10,TLN,345545550
HSJJIZXR,code,L,70004363,FO,2006-01-07T07:55,2006-01-07T10:00,ORY,345545550
OORNWSOR,code,L,70004364,CSD,2006-01-07T04:45,2006-01-07T07:10,TLN,345545550
OORNWSOR,code,L,70004363,CSD,2006-01-07T07:55,2006-01-07T10:00,ORY,345545550
LVFTJRZE,code,L,70004364,CSD,2006-01-07T04:45,2006-01-07T07:10,TLN,345545550
LVFTJRZE,code,L,70004363,CSD,2006-01-07T07:55,2006-01-07T10:00,ORY,345545550
JLUKQSLO,code,L,70004364,ST,2006-01-07T04:45,2006-01-07T07:10,TLN,345545550
JLUKQSLO,code,L,70004363,ST,2006-01-07T07:55,2006-01-07T10:00,ORY,345545550
YETJERRH,code,L,70004364,ST,2006-01-07T04:45,2006-01-07T07:10,TLN,345545550
YETJERRH,code,L,70004363,ST,2006-01-07T07:55,2006-01-07T10:00,ORY,345545550
LMEBHDMF,code,L,70004364,ST,2006-01-07T04:45,2006-01-07T07:10,TLN,345545550
LMEBHDMF,code,L,70004363,ST,2006-01-07T07:55,2006-01-07T10:00,ORY,345545550
QRLPSUZO,code,L,70004364,ST,2006-01-07T04:45,2006-01-07T07:10,TLN,345545550
QRLPSUZO,code,L,70004363,ST,2006-01-07T07:55,2006-01-07T10:00,ORY,345545550
MZUDHCAQ,code,L,70004673,CP,2006-01-07T04:45,2006-01-07T07:00,LIL,2130037697
MZUDHCAQ,code,L,70004676,CP,2006-01-07T07:40,2006-01-07T09:40,LYS,2130037697
ARHLCAEB,code,L,70004673,FO,2006-01-07T04:45,2006-01-07T07:00,LIL,2130037697
ARHLCAEB,code,L,70004676,FO,2006-01-07T07:40,2006-01-07T09:40,LYS,2130037697
SRQXXXLH,code,L,70004673,CSD,2006-01-07T04:45,2006-01-07T07:00,LIL,2130037697
SRQXXXLH,code,L,70004676,CSD,2006-01-07T07:40,2006-01-07T09:40,LYS,2130037697
UXRNDUXC,code,L,70004673,CSD,2006-01-07T04:45,2006-01-07T07:00,LIL,2130037697
UXRNDUXC,code,L,70004676,CSD,2006-01-07T07:40,2006-01-07T09:40,LYS,2130037697
UBVSEOFA,code,L,70004673,ST,2006-01-07T04:45,2006-01-07T07:00,LIL,2130037697
UBVSEOFA,code,L,70004676,ST,2006-01-07T07:40,2006-01-07T09:40,LYS,2130037697
ZCQHZUKE,code,L,70004673,ST,2006-01-07T04:45,2006-01-07T07:00,LIL,2130037697
ZCQHZUKE,code,L,70004676,ST,2006-01-07T07:40,2006-01-07T09:40,LYS,2130037697
MWXEBBSB,code,L,70004673,ST,2006-01-07T04:45,2006-01-07T07:00,LIL,2130037697
MWXEBBSB,code,L,70004676,ST,2006-01-07T07:40,2006-01-07T09:40,LYS,2130037697
MTXEYXHE,code,L,70004673,ST,2006-01-07T04:45,2006-01-07T07:00,LIL,2130037697
MTXEYXHE,code,L,70004676,ST,2006-01-07T07:40,2006-01-07T09:40,LYS,2130037697
BGDHNVJC,code,L,70004723,CP,2006-01-07T04:45,2006-01-07T07:00,NTE,263157300
BGDHNVJC,code,L,70004726,CP,2006-01-07T07:55,2006-01-07T09:55,LYS,263157300
ECTCHVPM,code,L,70004723,FO,2006-01-07T04:45,2006-01-07T07:00,NTE,263157300
ECTCHVPM,code,L,70004726,FO,2006-01-07T07:55,2006-01-07T09:55,LYS,263157300
NZBXPBFI,code,L,70004723,CSD,2006-01-07T04:45,2006-01-07T07:00,NTE,263157300
NZBXPBFI,code,L,70004726,CSD,2006-01-07T07:55,2006-01-07T09:55,LYS,263157300
GSYXPDFP,code,L,70004723,CSD,2006-01-07T04:45,2006-01-07T07:00,NTE,263157300
GSYXPDFP,code,L,70004726,CSD,2006-01-07T07:55,2006-01-07T09:55,LYS,263157300
PAONLDJH,code,L,70004723,ST,2006-01-07T04:45,2006-01-07T07:00,NTE,263157300
PAONLDJH,code,L,70004726,ST,2006-01-07T07:55,2006-01-07T09:55,LYS,263157300
MQIFWXAR,code,L,70004723,ST,2006-01-07T04:45,2006-01-07T07:00,NTE,263157300
MQIFWXAR,code,L,70004726,ST,2006-01-07T07:55,2006-01-07T09:55,LYS,263157300
EXSGDMOI,code,L,70004723,ST,2006-01-07T04:45,2006-01-07T07:00,NTE,263157300
EXSGDMOI,code,L,70004726,ST,2006-01-07T07:55,2006-01-07T09:55,LYS,263157300
LVHLGPNQ,code,L,70004723,ST,2006-01-07T04:45,2006-01-07T07:00,NTE,263157300
LVHLGPNQ,code,L,70004726,ST,2006-01-07T07:55,2006-01-07T09:55,LYS,263157300
UWWYMZJM,code,L,70002524,CP,2006-01-07T04:45,2006-01-07T06:55,UIP,1196878155
UWWYMZJM,code,L,70002523,CP,2006-01-07T07:45,2006-01-07T08:50,ORY,1196878155
UWWYMZJM,code,L,70002526,CP,2006-01-07T09:45,2006-01-07T10:55,UIP,1196878155
UWWYMZJM,code,L,70002798,CP,2006-01-07T13:00,2006-01-07T14:45,ORY,1196878155
YLVEHLRN,code,L,70002524,FO,2006-01-07T04:45,2006-01-07T06:55,UIP,1196878155
YLVEHLRN,code,L,70002523,FO,2006-01-07T07:45,2006-01-07T08:50,ORY,1196878155
YLVEHLRN,code,L,70002526,FO,2006-01-07T09:45,2006-01-07T10:55,UIP,1196878155
YLVEHLRN,code,L,70002798,FO,2006-01-07T13:00,2006-01-07T14:45,ORY,1196878155
EOFYSRLO,code,L,70002524,CSD,2006-01-07T04:45,2006-01-07T06:55,UIP,1196878155
EOFYSRLO,code,L,70002523,CSD,2006-01-07T07:45,2006-01-07T08:50,ORY,1196878155
EOFYSRLO,code,L,70002526,CSD,2006-01-07T09:45,2006-01-07T10:55,UIP,1196878155
EOFYSRLO,code,L,70002798,CSD,2006-01-07T13:00,2006-01-07T14:45,ORY,1196878155
IGZIGOVA,code,L,70002524,ST,2006-01-07T04:45,2006-01-07T06:55,UIP,1196878155
IGZIGOVA,code,L,70002523,ST,2006-01-07T07:45,2006-01-07T08:50,ORY,1196878155
IGZIGOVA,code,L,70002526,ST,2006-01-07T09:45,2006-01-07T10:55,UIP,1196878155
IGZIGOVA,code,L,70002798,ST,2006-01-07T13:00,2006-01-07T14:45,ORY,1196878155
KWSEMLDL,code,L,70002524,ST,2006-01-07T04:45,2006-01-07T06:55,UIP,1196878155
KWSEMLDL,code,L,70002523,ST,2006-01-07T07:45,2006-01-07T08:50,ORY,1196878155
KWSEMLDL,code,L,70002526,ST,2006-01-07T09:45,2006-01-07T10:55,UIP,1196878155
KWSEMLDL,code,L,70002798,ST,2006-01-07T13:00,2006-01-07T14:45,ORY,1196878155
KXPMDUKW,code,L,70004764,CP,2006-01-07T04:45,2006-01-07T07:10,NCE,1835196615
KXPMDUKW,code,L,70004765,CP,2006-01-07T07:45,2006-01-07T09:00,BOD,1835196615
KXPMDUKW,code,L,70003076,CP,2006-01-07T11:35,2006-01-07T13:00,NCE,1835196615
KXPMDUKW,code,L,70003063,CP,2006-01-07T14:00,2006-01-07T16:10,ORY,1835196615
AASFRQHP,code,L,70004764,FO,2006-01-07T04:45,2006-01-07T07:10,NCE,1835196615
AASFRQHP,code,L,70004765,FO,2006-01-07T07:45,2006-01-07T09:00,BOD,1835196615
AASFRQHP,code,L,70003076,FO,2006-01-07T11:35,2006-01-07T13:00,NCE,1835196615
AASFRQHP,code,L,70003063,FO,2006-01-07T14:00,2006-01-07T16:10,ORY,1835196615
JRYAHFQT,code,L,70004764,CS,2006-01-07T04:45,2006-01-07T07:10,NCE,1835196615
JRYAHFQT,code,L,70004765,CS,2006-01-07T07:45,2006-01-07T09:00,BOD,1835196615
JRYAHFQT,code,L,70003076,CS,2006-01-07T11:35,2006-01-07T13:00,NCE,1835196615
JRYAHFQT,code,L,70003063,CS,2006-01-07T14:00,2006-01-07T16:10,ORY,1835196615
DQPDCCBO,code,L,70004764,ST,2006-01-07T04:45,2006-01-07T07:10,NCE,1835196615
DQPDCCBO,code,L,70004765,ST,2006-01-07T07:45,2006-01-07T09:00,BOD,1835196615
DQPDCCBO,code,L,70003076,ST,2006-01-07T11:35,2006-01-07T13:00,NCE,1835196615
DQPDCCBO,code,L,70003063,ST,2006-01-07T14:00,2006-01-07T16:10,ORY,1835196615
TLVFDBRD,code,L,70004764,ST,2006-01-07T04:45,2006-01-07T07:10,NCE,1835196615
TLVFDBRD,code,L,70004765,ST,2006-01-07T07:45,2006-01-07T09:00,BOD,1835196615
TLVFDBRD,code,L,70003076,ST,2006-01-07T11:35,2006-01-07T13:00,NCE,1835196615
TLVFDBRD,code,L,70003063,ST,2006-01-07T14:00,2006-01-07T16:10,ORY,1835196615
ZNPBZCDD,code,L,70002965,CP,2006-01-07T04:50,2006-01-07T07:00,ORY,182621155
ZNPBZCDD,code,L,70002974,CP,2006-01-07T07:40,2006-01-07T09:45,TLS,182621155
LREXJPHV,code,L,70002965,FO,2006-01-07T04:50,2006-01-07T07:00,ORY,182621155
LREXJPHV,code,L,70002974,FO,2006-01-07T07:40,2006-01-07T09:45,TLS,182621155
VHYEYDJL,code,L,70002965,CSD,2006-01-07T04:50,2006-01-07T07:00,ORY,182621155
VHYEYDJL,code,L,70002974,CSD,2006-01-07T07:40,2006-01-07T09:45,TLS,182621155
VZCKKNVE,code,L,70002965,CSD,2006-01-07T04:50,2006-01-07T07:00,ORY,182621155
VZCKKNVE,code,L,70002974,CSD,2006-01-07T07:40,2006-01-07T09:45,TLS,182621155
KPRMAXDP,code,L,70002965,ST,2006-01-07T04:50,2006-01-07T07:00,ORY,182621155
KPRMAXDP,code,L,70002974,ST,2006-01-07T07:40,2006-01-07T09:45,TLS,182621155
JTDSYJTU,code,L,70002965,ST,2006-01-07T04:50,2006-01-07T07:00,ORY,182621155
JTDSYJTU,code,L,70002974,ST,2006-01-07T07:40,2006-01-07T09:45,TLS,182621155
RBHSQFOH,code,L,70002965,ST,2006-01-07T04:50,2006-01-07T07:00,ORY,182621155
RBHSQFOH,code,L,70002974,ST,2006-01-07T07:40,2006-01-07T09:45,TLS,182621155
ZOKNRYQH,code,L,70002965,ST,2006-01-07T04:50,2006-01-07T07:00,ORY,182621155
ZOKNRYQH,code,L,70002974,ST,2006-01-07T07:40,2006-01-07T09:45,TLS,182621155
UUXYAUOU,code,L,70004704,CP,2006-01-07T04:50,2006-01-07T06:50,TLS,1796576214
UUXYAUOU,code,L,70004703,CP,2006-01-07T07:45,2006-01-07T09:35,LYS,1796576214
LNEQYSEO,code,L,70004704,FO,2006-01-07T04:50,2006-01-07T06:50,TLS,1796576214
LNEQYSEO,code,L,70004703,FO,2006-01-07T07:45,2006-01-07T09:35,LYS,1796576214
ZXOQWMXU,code,L,70004704,CSD,2006-01-07T04:50,2006-01-07T06:50,TLS,1796576214
ZXOQWMXU,code,L,70004703,CSD,2006-01-07T07:45,2006-01-07T09:35,LYS,1796576214
DJPOGIPN,code,L,70004704,CSD,2006-01-07T04:50,2006-01-07T06:50,TLS,1796576214
DJPOGIPN,code,L,70004703,CSD,2006-01-07T07:45,2006-01-07T09:35,LYS,1796576214
BUQVCELB,code,L,70004704,ST,2006-01-07T04:50,2006-01-07T06:50,TLS,1796576214
BUQVCELB,code,L,70004703,ST,2006-01-07T07:45,2006-01-07T09:35,LYS,1796576214
HDCWPMYQ,code,L,70004704,ST,2006-01-07T04:50,2006-01-07T06:50,TLS,1796576214
HDCWPMYQ,code,L,70004703,ST,2006-01-07T07:45,2006-01-07T09:35,LYS,1796576214
ITUNVXGN,code,L,70004704,ST,2006-01-07T04:50,2006-01-07T06:50,TLS,1796576214
ITUNVXGN,code,L,70004703,ST,2006-01-07T07:45,2006-01-07T09:35,LYS,1796576214
XSCUVHKC,code,L,70004704,ST,2006-01-07T04:50,2006-01-07T06:50,TLS,1796576214
XSCUVHKC,code,L,70004703,ST,2006-01-07T07:45,2006-01-07T09:35,LYS,1796576214
DSCCPEGK,code,L,70004264,CP,2006-01-07T04:50,2006-01-07T06:55,LYS,1661516681
DSCCPEGK,code,L,70004265,CP,2006-01-07T07:40,2006-01-07T09:30,ORY,1661516681
PHBMHJDE,code,L,70004264,FO,2006-01-07T04:50,2006-01-07T06:55,LYS,1661516681
PHBMHJDE,code,L,70004265,FO,2006-01-07T07:40,2006-01-07T09:30,ORY,1661516681
JXAOJLYP,code,L,70004264,CSD,2006-01-07T04:50,2006-01-07T06:55,LYS,1661516681
JXAOJLYP,code,L,70004265,CSD,2006-01-07T07:40,2006-01-07T09:30,ORY,1661516681
GMEDPKAZ,code,L,70004264,CSD,2006-01-07T04:50,2006-01-07T06:55,LYS,1661516681
GMEDPKAZ,code,L,70004265,CSD,2006-01-07T07:40,2006-01-07T09:30,ORY,1661516681
ZKZBDNWS,code,L,70004264,ST,2006-01-07T04:50,2006-01-07T06:55,LYS,1661516681
ZKZBDNWS,code,L,70004265,ST,2006-01-07T07:40,2006-01-07T09:30,ORY,1661516681
NIJCGPNC,code,L,70004264,ST,2006-01-07T04:50,2006-01-07T06:55,LYS,1661516681
NIJCGPNC,code,L,70004265,ST,2006-01-07T07:40,2006-01-07T09:30,ORY,1661516681
VLGFFKJZ,code,L,70004264,ST,2006-01-07T04:50,2006-01-07T06:55,LYS,1661516681
VLGFFKJZ,code,L,70004265,ST,2006-01-07T07:40,2006-01-07T09:30,ORY,1661516681
EPPIGXHL,code,L,70004264,ST,2006-01-07T04:50,2006-01-07T06:55,LYS,1661516681
EPPIGXHL,code,L,70004265,ST,2006-01-07T07:40,2006-01-07T09:30,ORY,1661516681
MGEQDEHK,code,L,70004344,CP,2006-01-07T04:50,2006-01-07T07:10,BIQ,359906493
MGEQDEHK,code,L,70004343,CP,2006-01-07T07:55,2006-01-07T09:55,ORY,359906493
OPTKACKG,code,L,70004344,FO,2006-01-07T04:50,2006-01-07T07:10,BIQ,359906493
OPTKACKG,code,L,70004343,FO,2006-01-07T07:55,2006-01-07T09:55,ORY,359906493
FKWKWGPV,code,L,70004344,CS,2006-01-07T04:50,2006-01-07T07:10,BIQ,359906493
FKWKWGPV,code,L,70004343,CS,2006-01-07T07:55,2006-01-07T09:55,ORY,359906493
NDRTYZBM,code,L,70004344,ST,2006-01-07T04:50,2006-01-07T07:10,BIQ,359906493
NDRTYZBM,code,L,70004343,ST,2006-01-07T07:55,2006-01-07T09:55,ORY,359906493
JGGQRNDF,code,L,70004344,ST,2006-01-07T04:50,2006-01-07T07:10,BIQ,359906493
JGGQRNDF,code,L,70004343,ST,2006-01-07T07:55,2006-01-07T09:55,ORY,359906493
RUNOWCDJ,code,L,70005163,CP,2006-01-07T04:50,2006-01-07T07:40,BOD,295069519
RUNOWCDJ,code,L,70005164,CP,2006-01-07T08:55,2006-01-07T11:30,AMS,295069519
WEMMLFMM,code,L,70005163,FO,2006-01-07T04:50,2006-01-07T07:40,BOD,295069519
WEMMLFMM,code,L,70005164,FO,2006-01-07T08:55,2006-01-07T11:30,AMS,295069519
MFGMGBGO,code,L,70005163,CS,2006-01-07T04:50,2006-01-07T07:40,BOD,295069519
MFGMGBGO,code,L,70005164,CS,2006-01-07T08:55,2006-01-07T11:30,AMS,295069519
XQNTLPIS,code,L,70005163,ST,2006-01-07T04:50,2006-01-07T07:40,BOD,295069519
XQNTLPIS,code,L,70005164,ST,2006-01-07T08:55,2006-01-07T11:30,AMS,295069519
GVXVVXVQ,code,L,70005163,ST,2006-01-07T04:50,2006-01-07T07:40,BOD,295069519
GVXVVXVQ,code,L,70005164,ST,2006-01-07T08:55,2006-01-07T11:30,AMS,295069519
JMTSYEZT,code,L,70002648,CP,2006-01-07T04:50,2006-01-07T06:50,SXB,178283218
JMTSYEZT,code,L,70002647,CP,2006-01-07T07:40,2006-01-07T09:25,LYS,178283218
XOOYIFAY,code,L,70002648,FO,2006-01-07T04:50,2006-01-07T06:50,SXB,178283218
XOOYIFAY,code,L,70002647,FO,2006-01-07T07:40,2006-01-07T09:25,LYS,178283218
RANVNJRN,code,L,70002648,CS,2006-01-07T04:50,2006-01-07T06:50,SXB,178283218
RANVNJRN,code,L,70002647,CS,2006-01-07T07:40,2006-01-07T09:25,LYS,178283218
PTACITXJ,code,L,70002648,ST,2006-01-07T04:50,2006-01-07T06:50,SXB,178283218
PTACITXJ,code,L,70002647,ST,2006-01-07T07:40,2006-01-07T09:25,LYS,178283218
CQJIAUHJ,code,L,70002648,ST,2006-01-07T04:50,2006-01-07T06:50,SXB,178283218
CQJIAUHJ,code,L,70002647,ST,2006-01-07T07:40,2006-01-07T09:25,LYS,178283218
GMFEHLTN,code,L,70002648,ST,2006-01-07T04:50,2006-01-07T06:50,SXB,178283218
GMFEHLTN,code,L,70002647,ST,2006-01-07T07:40,2006-01-07T09:25,LYS,178283218
LBVNYCEB,code,L,70004544,CP,2006-01-07T04:55,2006-01-07T07:25,MPL,134224868
LBVNYCEB,code,L,70004547,CP,2006-01-07T19:50,2006-01-07T22:00,CDG,134224868
KGDNISQX,code,L,70004544,FO,2006-01-07T04:55,2006-01-07T07:25,MPL,134224868
KGDNISQX,code,L,70004547,FO,2006-01-07T19:50,2006-01-07T22:00,CDG,134224868
ENXRXHXC,code,L,70004544,CSD,2006-01-07T04:55,2006-01-07T07:25,MPL,134224868
ENXRXHXC,code,L,70004547,CSD,2006-01-07T19:50,2006-01-07T22:00,CDG,134224868
RYNXSEXV,code,L,70004544,CSD,2006-01-07T04:55,2006-01-07T07:25,MPL,134224868
RYNXSEXV,code,L,70004547,CSD,2006-01-07T19:50,2006-01-07T22:00,CDG,134224868
NXUOHMML,code,L,70004544,ST,2006-01-07T04:55,2006-01-07T07:25,MPL,134224868
NXUOHMML,code,L,70004547,ST,2006-01-07T19:50,2006-01-07T22:00,CDG,134224868
UXEOCDNB,code,L,70004544,ST,2006-01-07T04:55,2006-01-07T07:25,MPL,134224868
UXEOCDNB,code,L,70004547,ST,2006-01-07T19:50,2006-01-07T22:00,CDG,134224868
XGUESVQC,code,L,70004544,ST,2006-01-07T04:55,2006-01-07T07:25,MPL,134224868
XGUESVQC,code,L,70004547,ST,2006-01-07T19:50,2006-01-07T22:00,CDG,134224868
CFRKHMQA,code,L,70004544,ST,2006-01-07T04:55,2006-01-07T07:25,MPL,134224868
CFRKHMQA,code,L,70004547,ST,2006-01-07T19:50,2006-01-07T22:00,CDG,134224868
FRKEMBAO,code,L,70001364,CP,2006-01-07T04:55,2006-01-07T07:35,AJA,1454666067
FRKEMBAO,code,L,70001363,CP,2006-01-07T08:25,2006-01-07T10:50,ORY,1454666067
XDQIOGOM,code,L,70001364,FO,2006-01-07T04:55,2006-01-07T07:35,AJA,1454666067
XDQIOGOM,code,L,70001363,FO,2006-01-07T08:25,2006-01-07T10:50,ORY,1454666067
HDXGIGKH,code,L,70001364,CSD,2006-01-07T04:55,2006-01-07T07:35,AJA,1454666067
HDXGIGKH,code,L,70001363,CSD,2006-01-07T08:25,2006-01-07T10:50,ORY,1454666067
CGPZRSIY,code,L,70001364,CSD,2006-01-07T04:55,2006-01-07T07:35,AJA,1454666067
CGPZRSIY,code,L,70001363,CSD,2006-01-07T08:25,2006-01-07T10:50,ORY,1454666067
ZIMYBWSY,code,L,70001364,ST,2006-01-07T04:55,2006-01-07T07:35,AJA,1454666067
ZIMYBWSY,code,L,70001363,ST,2006-01-07T08:25,2006-01-07T10:50,ORY,1454666067
GDZXCZNI,code,L,70001364,ST,2006-01-07T04:55,2006-01-07T07:35,AJA,1454666067
GDZXCZNI,code,L,70001363,ST,2006-01-07T08:25,2006-01-07T10:50,ORY,1454666067
BMSJJCBC,code,L,70001364,ST,2006-01-07T04:55,2006-01-07T07:35,AJA,1454666067
BMSJJCBC,code,L,70001363,ST,2006-01-07T08:25,2006-01-07T10:50,ORY,1454666067
ESNCTPBL,code,L,70001364,ST,2006-01-07T04:55,2006-01-07T07:35,AJA,1454666067
ESNCTPBL,code,L,70001363,ST,2006-01-07T08:25,2006-01-07T10:50,ORY,1454666067
ELLTMWCI,code,L,70001374,CP,2006-01-07T04:55,2006-01-07T07:30,BIA,525100016
ELLTMWCI,code,L,70001379,CP,2006-01-07T08:30,2006-01-07T10:50,ORY,525100016
GKOXMNYI,code,L,70001374,FO,2006-01-07T04:55,2006-01-07T07:30,BIA,525100016
GKOXMNYI,code,L,70001379,FO,2006-01-07T08:30,2006-01-07T10:50,ORY,525100016
OECNRKJV,code,L,70001374,CSD,2006-01-07T04:55,2006-01-07T07:30,BIA,525100016
OECNRKJV,code,L,70001379,CSD,2006-01-07T08:30,2006-01-07T10:50,ORY,525100016
UQNIUGLY,code,L,70001374,CSD,2006-01-07T04:55,2006-01-07T07:30,BIA,525100016
UQNIUGLY,code,L,70001379,CSD,2006-01-07T08:30,2006-01-07T10:50,ORY,525100016
HFUVYGRH,code,L,70001374,ST,2006-01-07T04:55,2006-01-07T07:30,BIA,525100016
HFUVYGRH,code,L,70001379,ST,2006-01-07T08:30,2006-01-07T10:50,ORY,525100016
LYIHLDZL,code,L,70001374,ST,2006-01-07T04:55,2006-01-07T07:30,BIA,525100016
LYIHLDZL,code,L,70001379,ST,2006-01-07T08:30,2006-01-07T10:50,ORY,525100016
XGDWAZEY,code,L,70001374,ST,2006-01-07T04:55,2006-01-07T07:30,BIA,525100016
XGDWAZEY,code,L,70001379,ST,2006-01-07T08:30,2006-01-07T10:50,ORY,525100016
FCMHFPOS,code,L,70001374,ST,2006-01-07T04:55,2006-01-07T07:30,BIA,525100016
FCMHFPOS,code,L,70001379,ST,2006-01-07T08:30,2006-01-07T10:50,ORY,525100016
LNVOKMAC,code,L,70002673,CP,2006-01-07T04:55,2006-01-07T07:20,SXB,657187435
LNVOKMAC,code,L,70002674,CP,2006-01-07T07:55,2006-01-07T10:10,LGW,657187435
QTAESNIH,code,L,70002673,FO,2006-01-07T04:55,2006-01-07T07:20,SXB,657187435
QTAESNIH,code,L,70002674,FO,2006-01-07T07:55,2006-01-07T10:10,LGW,657187435
ERIFUFXD,code,L,70002673,CSD,2006-01-07T04:55,2006-01-07T07:20,SXB,657187435
ERIFUFXD,code,L,70002674,CSD,2006-01-07T07:55,2006-01-07T10:10,LGW,657187435
IJPHKFFO,code,L,70002673,ST,2006-01-07T04:55,2006-01-07T07:20,SXB,657187435
IJPHKFFO,code,L,70002674,ST,2006-01-07T07:55,2006-01-07T10:10,LGW,657187435
HUVUWRWW,code,L,70002673,ST,2006-01-07T04:55,2006-01-07T07:20,SXB,657187435
HUVUWRWW,code,L,70002674,ST,2006-01-07T07:55,2006-01-07T10:10,LGW,657187435
YCQLUIPQ,code,L,70003103,CP,2006-01-07T05:00,2006-01-07T07:20,ORY,532638534
YCQLUIPQ,code,L,70003068,CP,2006-01-07T08:05,2006-01-07T10:15,NCE,532638534
YNMLSNUP,code,L,70003103,FO,2006-01-07T05:00,2006-01-07T07:20,ORY,532638534
YNMLSNUP,code,L,70003068,FO,2006-01-07T08:05,2006-01-07T10:15,NCE,532638534
NTJWUZNX,code,L,70003103,CSD,2006-01-07T05:00,2006-01-07T07:20,ORY,532638534
NTJWUZNX,code,L,70003068,CSD,2006-01-07T08:05,2006-01-07T10:15,NCE,532638534
LMINYFED,code,L,70003103,CSD,2006-01-07T05:00,2006-01-07T07:20,ORY,532638534
LMINYFED,code,L,70003068,CSD,2006-01-07T08:05,2006-01-07T10:15,NCE,532638534
FPJSVKFG,code,L,70003103,ST,2006-01-07T05:00,2006-01-07T07:20,ORY,532638534
FPJSVKFG,code,L,70003068,ST,2006-01-07T08:05,2006-01-07T10:15,NCE,532638534
MHWLDYWT,code,L,70003103,ST,2006-01-07T05:00,2006-01-07T07:20,ORY,532638534
MHWLDYWT,code,L,70003068,ST,2006-01-07T08:05,2006-01-07T10:15,NCE,532638534
TQCJYKZO,code,L,70003103,ST,2006-01-07T05:00,2006-01-07T07:20,ORY,532638534
TQCJYKZO,code,L,70003068,ST,2006-01-07T08:05,2006-01-07T10:15,NCE,532638534
STIIUQFB,code,L,70003103,ST,2006-01-07T05:00,2006-01-07T07:20,ORY,532638534
STIIUQFB,code,L,70003068,ST,2006-01-07T08:05,2006-01-07T10:15,NCE,532638534
CIUAKVLY,code,L,70002793,CP,2006-01-07T05:00,2006-01-07T07:10,LRT,796471501
CIUAKVLY,code,L,70002794,CP,2006-01-07T07:55,2006-01-07T09:45,ORY,796471501
PPXGAJZQ,code,L,70002793,FO,2006-01-07T05:00,2006-01-07T07:10,LRT,796471501
PPXGAJZQ,code,L,70002794,FO,2006-01-07T07:55,2006-01-07T09:45,ORY,796471501
OYWNRFCI,code,L,70002793,CSD,2006-01-07T05:00,2006-01-07T07:10,LRT,796471501
OYWNRFCI,code,L,70002794,CSD,2006-01-07T07:55,2006-01-07T09:45,ORY,796471501
BEQDYVSJ,code,L,70002793,ST,2006-01-07T05:00,2006-01-07T07:10,LRT,796471501
BEQDYVSJ,code,L,70002794,ST,2006-01-07T07:55,2006-01-07T09:45,ORY,796471501
XXBGEYGZ,code,L,70002793,ST,2006-01-07T05:00,2006-01-07T07:10,LRT,796471501
XXBGEYGZ,code,L,70002794,ST,2006-01-07T07:55,2006-01-07T09:45,ORY,796471501
ULQVYBEK,code,L,70002534,CP,2006-01-07T05:00,2006-01-07T06:45,BES,435943218
ULQVYBEK,code,L,70002634,CP,2006-01-07T07:15,2006-01-07T08:35,NTE,435943218
ULQVYBEK,code,L,70002633,CP,2006-01-07T09:05,2006-01-07T10:25,SXB,435943218
ULQVYBEK,code,L,70002533,CP,2006-01-07T10:55,2006-01-07T11:35,NTE,435943218
ULQVYBEK,code,L,70002655,CP,2006-01-07T12:20,2006-01-07T13:50,BES,435943218
ULQVYBEK,code,L,70002656,CP,2006-01-07T14:30,2006-01-07T16:40,LYS,435943218
HIXTKYPX,code,L,70002534,FO,2006-01-07T05:00,2006-01-07T06:45,BES,435943218
HIXTKYPX,code,L,70002634,FO,2006-01-07T07:15,2006-01-07T08:35,NTE,435943218
HIXTKYPX,code,L,70002633,FO,2006-01-07T09:05,2006-01-07T10:25,SXB,435943218
HIXTKYPX,code,L,70002533,FO,2006-01-07T10:55,2006-01-07T11:35,NTE,435943218
HIXTKYPX,code,L,70002655,FO,2006-01-07T12:20,2006-01-07T13:50,BES,435943218
HIXTKYPX,code,L,70002656,FO,2006-01-07T14:30,2006-01-07T16:40,LYS,435943218
AZDNUNYC,code,L,70002534,CS,2006-01-07T05:00,2006-01-07T06:45,BES,435943218
AZDNUNYC,code,L,70002634,CS,2006-01-07T07:15,2006-01-07T08:35,NTE,435943218
AZDNUNYC,code,L,70002633,CS,2006-01-07T09:05,2006-01-07T10:25,SXB,435943218
AZDNUNYC,code,L,70002533,CS,2006-01-07T10:55,2006-01-07T11:35,NTE,435943218
AZDNUNYC,code,L,70002655,CS,2006-01-07T12:20,2006-01-07T13:50,BES,435943218
AZDNUNYC,code,L,70002656,CS,2006-01-07T14:30,2006-01-07T16:40,LYS,435943218
ZTLFCJMU,code,L,70002534,ST,2006-01-07T05:00,2006-01-07T06:45,BES,435943218
ZTLFCJMU,code,L,70002634,ST,2006-01-07T07:15,2006-01-07T08:35,NTE,435943218
ZTLFCJMU,code,L,70002633,ST,2006-01-07T09:05,2006-01-07T10:25,SXB,435943218
ZTLFCJMU,code,L,70002533,ST,2006-01-07T10:55,2006-01-07T11:35,NTE,435943218
ZTLFCJMU,code,L,70002655,ST,2006-01-07T12:20,2006-01-07T13:50,BES,435943218
ZTLFCJMU,code,L,70002656,ST,2006-01-07T14:30,2006-01-07T16:40,LYS,435943218
KUQSMVNZ,code,L,70002534,ST,2006-01-07T05:00,2006-01-07T06:45,BES,435943218
KUQSMVNZ,code,L,70002634,ST,2006-01-07T07:15,2006-01-07T08:35,NTE,435943218
KUQSMVNZ,code,L,70002633,ST,2006-01-07T09:05,2006-01-07T10:25,SXB,435943218
KUQSMVNZ,code,L,70002533,ST,2006-01-07T10:55,2006-01-07T11:35,NTE,435943218
KUQSMVNZ,code,L,70002655,ST,2006-01-07T12:20,2006-01-07T13:50,BES,435943218
KUQSMVNZ,code,L,70002656,ST,2006-01-07T14:30,2006-01-07T16:40,LYS,435943218
KVDIIMHS,code,L,70002534,ST,2006-01-07T05:00,2006-01-07T06:45,BES,435943218
KVDIIMHS,code,L,70002634,ST,2006-01-07T07:15,2006-01-07T08:35,NTE,435943218
KVDIIMHS,code,L,70002633,ST,2006-01-07T09:05,2006-01-07T10:25,SXB,435943218
KVDIIMHS,code,L,70002533,ST,2006-01-07T10:55,2006-01-07T11:35,NTE,435943218
KVDIIMHS,code,L,70002655,ST,2006-01-07T12:20,2006-01-07T13:50,BES,435943218
KVDIIMHS,code,L,70002656,ST,2006-01-07T14:30,2006-01-07T16:40,LYS,435943218
TQUGAYDR,code,L,70003064,CP,2006-01-07T05:05,2006-01-07T07:30,NCE,929393559
TQUGAYDR,code,L,70003069,CP,2006-01-07T08:00,2006-01-07T10:05,ORY,929393559
AKRZKVPQ,code,L,70003064,FO,2006-01-07T05:05,2006-01-07T07:30,NCE,929393559
AKRZKVPQ,code,L,70003069,FO,2006-01-07T08:00,2006-01-07T10:05,ORY,929393559
JXPMRINK,code,L,70003064,CSD,2006-01-07T05:05,2006-01-07T07:30,NCE,929393559
JXPMRINK,code,L,70003069,CSD,2006-01-07T08:00,2006-01-07T10:05,ORY,929393559
ASSFPANX,code,L,70003064,CSD,2006-01-07T05:05,2006-01-07T07:30,NCE,929393559
ASSFPANX,code,L,70003069,CSD,2006-01-07T08:00,2006-01-07T10:05,ORY,929393559
CQFZXWXZ,code,L,70003064,ST,2006-01-07T05:05,2006-01-07T07:30,NCE,929393559
CQFZXWXZ,code,L,70003069,ST,2006-01-07T08:00,2006-01-07T10:05,ORY,929393559
ZSZILCVH,code,L,70003064,ST,2006-01-07T05:05,2006-01-07T07:30,NCE,929393559
ZSZILCVH,code,L,70003069,ST,2006-01-07T08:00,2006-01-07T10:05,ORY,929393559
GYIOHFSO,code,L,70003064,ST,2006-01-07T05:05,2006-01-07T07:30,NCE,929393559
GYIOHFSO,code,L,70003069,ST,2006-01-07T08:00,2006-01-07T10:05,ORY,929393559
ZZVTRNQN,code,L,70003064,ST,2006-01-07T05:05,2006-01-07T07:30,NCE,929393559
ZZVTRNQN,code,L,70003069,ST,2006-01-07T08:00,2006-01-07T10:05,ORY,929393559
BDMZBIQW,code,L,70004656,CP,2006-01-07T05:05,2006-01-07T07:35,TLS,1903678842
BDMZBIQW,code,L,70004645,CP,2006-01-07T09:30,2006-01-07T11:40,CDG,1903678842
TYZXDLWV,code,L,70004656,FO,2006-01-07T05:05,2006-01-07T07:35,TLS,1903678842
TYZXDLWV,code,L,70004645,FO,2006-01-07T09:30,2006-01-07T11:40,CDG,1903678842
LPFCWLZY,code,L,70004656,CSD,2006-01-07T05:05,2006-01-07T07:35,TLS,1903678842
LPFCWLZY,code,L,70004645,CSD,2006-01-07T09:30,2006-01-07T11:40,CDG,1903678842
ZCYBSDPR,code,L,70004656,CSD,2006-01-07T05:05,2006-01-07T07:35,TLS,1903678842
ZCYBSDPR,code,L,70004645,CSD,2006-01-07T09:30,2006-01-07T11:40,CDG,1903678842
QDHAWAPS,code,L,70004656,ST,2006-01-07T05:05,2006-01-07T07:35,TLS,1903678842
QDHAWAPS,code,L,70004645,ST,2006-01-07T09:30,2006-01-07T11:40,CDG,1903678842
NSKMOHID,code,L,70004656,ST,2006-01-07T05:05,2006-01-07T07:35,TLS,1903678842
NSKMOHID,code,L,70004645,ST,2006-01-07T09:30,2006-01-07T11:40,CDG,1903678842
MYLRIINP,code,L,70004656,ST,2006-01-07T05:05,2006-01-07T07:35,TLS,1903678842
MYLRIINP,code,L,70004645,ST,2006-01-07T09:30,2006-01-07T11:40,CDG,1903678842
AGJMTWJU,code,L,70004656,ST,2006-01-07T05:05,2006-01-07T07:35,TLS,1903678842
AGJMTWJU,code,L,70004645,ST,2006-01-07T09:30,2006-01-07T11:40,CDG,1903678842
EHZJNZGB,code,L,7000152,CP,2006-01-07T05:05,2006-01-07T07:20,MLH,1130118952
EHZJNZGB,code,L,7000145,CP,2006-01-07T08:05,2006-01-07T10:00,CDG,1130118952
YNZHWZOJ,code,L,7000152,FO,2006-01-07T05:05,2006-01-07T07:20,MLH,1130118952
YNZHWZOJ,code,L,7000145,FO,2006-01-07T08:05,2006-01-07T10:00,CDG,1130118952
SCUZLCKU,code,L,7000152,CSD,2006-01-07T05:05,2006-01-07T07:20,MLH,1130118952
SCUZLCKU,code,L,7000145,CSD,2006-01-07T08:05,2006-01-07T10:00,CDG,1130118952
PHHPLPDS,code,L,7000152,CSD,2006-01-07T05:05,2006-01-07T07:20,MLH,1130118952
PHHPLPDS,code,L,7000145,CSD,2006-01-07T08:05,2006-01-07T10:00,CDG,1130118952
JKFSPVDT,code,L,7000152,ST,2006-01-07T05:05,2006-01-07T07:20,MLH,1130118952
JKFSPVDT,code,L,7000145,ST,2006-01-07T08:05,2006-01-07T10:00,CDG,1130118952
FMVBSEZV,code,L,7000152,ST,2006-01-07T05:05,2006-01-07T07:20,MLH,1130118952
FMVBSEZV,code,L,7000145,ST,2006-01-07T08:05,2006-01-07T10:00,CDG,1130118952
DXAEXEJW,code,L,7000152,ST,2006-01-07T05:05,2006-01-07T07:20,MLH,1130118952
DXAEXEJW,code,L,7000145,ST,2006-01-07T08:05,2006-01-07T10:00,CDG,1130118952
BNWMZEGP,code,L,7000152,ST,2006-01-07T05:05,2006-01-07T07:20,MLH,1130118952
BNWMZEGP,code,L,7000145,ST,2006-01-07T08:05,2006-01-07T10:00,CDG,1130118952
QILHTYJX,code,L,70002968,CP,2006-01-07T05:10,2006-01-07T07:30,TLS,2035035283
QILHTYJX,code,L,70004269,CP,2006-01-07T09:30,2006-01-07T10:35,ORY,2035035283
QILHTYJX,code,L,70004270,CP,2006-01-07T11:20,2006-01-07T12:25,LYS,2035035283
QILHTYJX,code,L,70004271,CP,2006-01-07T13:40,2006-01-07T14:45,ORY,2035035283
QILHTYJX,code,L,70004276,CP,2006-01-07T16:10,2006-01-07T17:15,LYS,2035035283
QILHTYJX,code,L,70002967,CP,2006-01-07T18:25,2006-01-07T20:30,ORY,2035035283
CGJDYCAA,code,L,70002968,FO,2006-01-07T05:10,2006-01-07T07:30,TLS,2035035283
CGJDYCAA,code,L,70004269,FO,2006-01-07T09:30,2006-01-07T10:35,ORY,2035035283
CGJDYCAA,code,L,70004270,FO,2006-01-07T11:20,2006-01-07T12:25,LYS,2035035283
CGJDYCAA,code,L,70004271,FO,2006-01-07T13:40,2006-01-07T14:45,ORY,2035035283
CGJDYCAA,code,L,70004276,FO,2006-01-07T16:10,2006-01-07T17:15,LYS,2035035283
CGJDYCAA,code,L,70002967,FO,2006-01-07T18:25,2006-01-07T20:30,ORY,2035035283
ZCRCIVVL,code,L,70002968,CSD,2006-01-07T05:10,2006-01-07T07:30,TLS,2035035283
ZCRCIVVL,code,L,70004269,CSD,2006-01-07T09:30,2006-01-07T10:35,ORY,2035035283
ZCRCIVVL,code,L,70004270,CSD,2006-01-07T11:20,2006-01-07T12:25,LYS,2035035283
ZCRCIVVL,code,L,70004271,CSD,2006-01-07T13:40,2006-01-07T14:45,ORY,2035035283
ZCRCIVVL,code,L,70004276,CSD,2006-01-07T16:10,2006-01-07T17:15,LYS,2035035283
ZCRCIVVL,code,L,70002967,CSD,2006-01-07T18:25,2006-01-07T20:30,ORY,2035035283
HMDLCXBJ,code,L,70002968,CSD,2006-01-07T05:10,2006-01-07T07:30,TLS,2035035283
HMDLCXBJ,code,L,70004269,CSD,2006-01-07T09:30,2006-01-07T10:35,ORY,2035035283
HMDLCXBJ,code,L,70004270,CSD,2006-01-07T11:20,2006-01-07T12:25,LYS,2035035283
HMDLCXBJ,code,L,70004271,CSD,2006-01-07T13:40,2006-01-07T14:45,ORY,2035035283
HMDLCXBJ,code,L,70004276,CSD,2006-01-07T16:10,2006-01-07T17:15,LYS,2035035283
HMDLCXBJ,code,L,70002967,CSD,2006-01-07T18:25,2006-01-07T20:30,ORY,2035035283
FPLOJCPY,code,L,70002968,ST,2006-01-07T05:10,2006-01-07T07:30,TLS,2035035283
FPLOJCPY,code,L,70004269,ST,2006-01-07T09:30,2006-01-07T10:35,ORY,2035035283
FPLOJCPY,code,L,70004270,ST,2006-01-07T11:20,2006-01-07T12:25,LYS,2035035283
FPLOJCPY,code,L,70004271,ST,2006-01-07T13:40,2006-01-07T14:45,ORY,2035035283
FPLOJCPY,code,L,70004276,ST,2006-01-07T16:10,2006-01-07T17:15,LYS,2035035283
FPLOJCPY,code,L,70002967,ST,2006-01-07T18:25,2006-01-07T20:30,ORY,2035035283
KGVOZOLM,code,L,70002968,ST,2006-01-07T05:10,2006-01-07T07:30,TLS,2035035283
KGVOZOLM,code,L,70004269,ST,2006-01-07T09:30,2006-01-07T10:35,ORY,2035035283
KGVOZOLM,code,L,70004270,ST,2006-01-07T11:20,2006-01-07T12:25,LYS,2035035283
KGVOZOLM,code,L,70004271,ST,2006-01-07T13:40,2006-01-07T14:45,ORY,2035035283
KGVOZOLM,code,L,70004276,ST,2006-01-07T16:10,2006-01-07T17:15,LYS,2035035283
KGVOZOLM,code,L,70002967,ST,2006-01-07T18:25,2006-01-07T20:30,ORY,2035035283
NFQOSWCS,code,L,70002968,ST,2006-01-07T05:10,2006-01-07T07:30,TLS,2035035283
NFQOSWCS,code,L,70004269,ST,2006-01-07T09:30,2006-01-07T10:35,ORY,2035035283
NFQOSWCS,code,L,70004270,ST,2006-01-07T11:20,2006-01-07T12:25,LYS,2035035283
NFQOSWCS,code,L,70004271,ST,2006-01-07T13:40,2006-01-07T14:45,ORY,2035035283
NFQOSWCS,code,L,70004276,ST,2006-01-07T16:10,2006-01-07T17:15,LYS,2035035283
NFQOSWCS,code,L,70002967,ST,2006-01-07T18:25,2006-01-07T20:30,ORY,2035035283
XAVIRVFH,code,L,70002968,ST,2006-01-07T05:10,2006-01-07T07:30,TLS,2035035283
XAVIRVFH,code,L,70004269,ST,2006-01-07T09:30,2006-01-07T10:35,ORY,2035035283
XAVIRVFH,code,L,70004270,ST,2006-01-07T11:20,2006-01-07T12:25,LYS,2035035283
XAVIRVFH,code,L,70004271,ST,2006-01-07T13:40,2006-01-07T14:45,ORY,2035035283
XAVIRVFH,code,L,70004276,ST,2006-01-07T16:10,2006-01-07T17:15,LYS,2035035283
XAVIRVFH,code,L,70002967,ST,2006-01-07T18:25,2006-01-07T20:30,ORY,2035035283
KEALLXIB,code,L,70003118,CP,2006-01-07T05:10,2006-01-07T07:20,BOD,56569042
KEALLXIB,code,L,70003119,CP,2006-01-07T08:10,2006-01-07T10:00,ORY,56569042
MPGLNCFI,code,L,70003118,FO,2006-01-07T05:10,2006-01-07T07:20,BOD,56569042
MPGLNCFI,code,L,70003119,FO,2006-01-07T08:10,2006-01-07T10:00,ORY,56569042
BBUQOAAR,code,L,70003118,CSD,2006-01-07T05:10,2006-01-07T07:20,BOD,56569042
BBUQOAAR,code,L,70003119,CSD,2006-01-07T08:10,2006-01-07T10:00,ORY,56569042
RWDQYJEE,code,L,70003118,CSD,2006-01-07T05:10,2006-01-07T07:20,BOD,56569042
RWDQYJEE,code,L,70003119,CSD,2006-01-07T08:10,2006-01-07T10:00,ORY,56569042
YSQUUDCY,code,L,70003118,ST,2006-01-07T05:10,2006-01-07T07:20,BOD,56569042
YSQUUDCY,code,L,70003119,ST,2006-01-07T08:10,2006-01-07T10:00,ORY,56569042
XEEPITEY,code,L,70003118,ST,2006-01-07T05:10,2006-01-07T07:20,BOD,56569042
XEEPITEY,code,L,70003119,ST,2006-01-07T08:10,2006-01-07T10:00,ORY,56569042
VEDGOXAI,code,L,70003118,ST,2006-01-07T05:10,2006-01-07T07:20,BOD,56569042
VEDGOXAI,code,L,70003119,ST,2006-01-07T08:10,2006-01-07T10:00,ORY,56569042
VTCCJPFL,code,L,70003118,ST,2006-01-07T05:10,2006-01-07T07:20,BOD,56569042
VTCCJPFL,code,L,70003119,ST,2006-01-07T08:10,2006-01-07T10:00,ORY,56569042
PNCOQVAS,code,L,70004498,CP,2006-01-07T05:15,2006-01-07T07:45,BIQ,61497087
PNCOQVAS,code,L,70004515,CP,2006-01-07T08:35,2006-01-07T09:45,CDG,61497087
PNCOQVAS,code,L,70004506,CP,2006-01-07T12:40,2006-01-07T13:50,LYS,61497087
PNCOQVAS,code,L,70004519,CP,2006-01-07T14:25,2006-01-07T15:25,CDG,61497087
PNCOQVAS,code,L,70004520,CP,2006-01-07T16:05,2006-01-07T17:10,CFE,61497087
PNCOQVAS,code,L,70004499,CP,2006-01-07T20:25,2006-01-07T22:35,CDG,61497087
GTDQCTDQ,code,L,70004498,FO,2006-01-07T05:15,2006-01-07T07:45,BIQ,61497087
GTDQCTDQ,code,L,70004515,FO,2006-01-07T08:35,2006-01-07T09:45,CDG,61497087
GTDQCTDQ,code,L,70004506,FO,2006-01-07T12:40,2006-01-07T13:50,LYS,61497087
GTDQCTDQ,code,L,70004519,FO,2006-01-07T14:25,2006-01-07T15:25,CDG,61497087
GTDQCTDQ,code,L,70004520,FO,2006-01-07T16:05,2006-01-07T17:10,CFE,61497087
GTDQCTDQ,code,L,70004499,FO,2006-01-07T20:25,2006-01-07T22:35,CDG,61497087
UGLGRMWY,code,L,70004498,CSD,2006-01-07T05:15,2006-01-07T07:45,BIQ,61497087
UGLGRMWY,code,L,70004515,CSD,2006-01-07T08:35,2006-01-07T09:45,CDG,61497087
UGLGRMWY,code,L,70004506,CSD,2006-01-07T12:40,2006-01-07T13:50,LYS,61497087
UGLGRMWY,code,L,70004519,CSD,2006-01-07T14:25,2006-01-07T15:25,CDG,61497087
UGLGRMWY,code,L,70004520,CSD,2006-01-07T16:05,2006-01-07T17:10,CFE,61497087
UGLGRMWY,code,L,70004499,CSD,2006-01-07T20:25,2006-01-07T22:35,CDG,61497087
GHWYZVBV,code,L,70004498,CSD,2006-01-07T05:15,2006-01-07T07:45,BIQ,61497087
GHWYZVBV,code,L,70004515,CSD,2006-01-07T08:35,2006-01-07T09:45,CDG,61497087
GHWYZVBV,code,L,70004506,CSD,2006-01-07T12:40,2006-01-07T13:50,LYS,61497087
GHWYZVBV,code,L,70004519,CSD,2006-01-07T14:25,2006-01-07T15:25,CDG,61497087
GHWYZVBV,code,L,70004520,CSD,2006-01-07T16:05,2006-01-07T17:10,CFE,61497087
GHWYZVBV,code,L,70004499,CSD,2006-01-07T20:25,2006-01-07T22:35,CDG,61497087
AOZTIXQV,code,L,70004498,ST,2006-01-07T05:15,2006-01-07T07:45,BIQ,61497087
AOZTIXQV,code,L,70004515,ST,2006-01-07T08:35,2006-01-07T09:45,CDG,61497087
AOZTIXQV,code,L,70004506,ST,2006-01-07T12:40,2006-01-07T13:50,LYS,61497087
AOZTIXQV,code,L,70004519,ST,2006-01-07T14:25,2006-01-07T15:25,CDG,61497087
AOZTIXQV,code,L,70004520,ST,2006-01-07T16:05,2006-01-07T17:10,CFE,61497087
AOZTIXQV,code,L,70004499,ST,2006-01-07T20:25,2006-01-07T22:35,CDG,61497087
QELCTSSG,code,L,70004498,ST,2006-01-07T05:15,2006-01-07T07:45,BIQ,61497087
QELCTSSG,code,L,70004515,ST,2006-01-07T08:35,2006-01-07T09:45,CDG,61497087
QELCTSSG,code,L,70004506,ST,2006-01-07T12:40,2006-01-07T13:50,LYS,61497087
QELCTSSG,code,L,70004519,ST,2006-01-07T14:25,2006-01-07T15:25,CDG,61497087
QELCTSSG,code,L,70004520,ST,2006-01-07T16:05,2006-01-07T17:10,CFE,61497087
QELCTSSG,code,L,70004499,ST,2006-01-07T20:25,2006-01-07T22:35,CDG,61497087
LMAIBNSJ,code,L,70004498,ST,2006-01-07T05:15,2006-01-07T07:45,BIQ,61497087
LMAIBNSJ,code,L,70004515,ST,2006-01-07T08:35,2006-01-07T09:45,CDG,61497087
LMAIBNSJ,code,L,70004506,ST,2006-01-07T12:40,2006-01-07T13:50,LYS,61497087
LMAIBNSJ,code,L,70004519,ST,2006-01-07T14:25,2006-01-07T15:25,CDG,61497087
LMAIBNSJ,code,L,70004520,ST,2006-01-07T16:05,2006-01-07T17:10,CFE,61497087
LMAIBNSJ,code,L,70004499,ST,2006-01-07T20:25,2006-01-07T22:35,CDG,61497087
JIYCJBEX,code,L,70004498,ST,2006-01-07T05:15,2006-01-07T07:45,BIQ,61497087
JIYCJBEX,code,L,70004515,ST,2006-01-07T08:35,2006-01-07T09:45,CDG,61497087
JIYCJBEX,code,L,70004506,ST,2006-01-07T12:40,2006-01-07T13:50,LYS,61497087
JIYCJBEX,code,L,70004519,ST,2006-01-07T14:25,2006-01-07T15:25,CDG,61497087
JIYCJBEX,code,L,70004520,ST,2006-01-07T16:05,2006-01-07T17:10,CFE,61497087
JIYCJBEX,code,L,70004499,ST,2006-01-07T20:25,2006-01-07T22:35,CDG,61497087
SRHZTAZK,code,L,70004643,CP,2006-01-07T05:15,2006-01-07T07:40,CDG,1507096884
SRHZTAZK,code,L,70002972,CP,2006-01-07T09:10,2006-01-07T10:30,TLS,1507096884
SRHZTAZK,code,L,70004431,CP,2006-01-07T11:40,2006-01-07T13:20,ORY,1507096884
SRHZTAZK,code,L,70004432,CP,2006-01-07T14:35,2006-01-07T16:15,AJA,1507096884
SRHZTAZK,code,L,70004437,CP,2006-01-07T17:00,2006-01-07T18:40,ORY,1507096884
SRHZTAZK,code,L,70004434,CP,2006-01-07T19:30,2006-01-07T20:45,AJA,1507096884
HNQUXFCO,code,L,70004643,FO,2006-01-07T05:15,2006-01-07T07:40,CDG,1507096884
HNQUXFCO,code,L,70002972,FO,2006-01-07T09:10,2006-01-07T10:30,TLS,1507096884
HNQUXFCO,code,L,70004431,FO,2006-01-07T11:40,2006-01-07T13:20,ORY,1507096884
HNQUXFCO,code,L,70004432,FO,2006-01-07T14:35,2006-01-07T16:15,AJA,1507096884
HNQUXFCO,code,L,70004437,FO,2006-01-07T17:00,2006-01-07T18:40,ORY,1507096884
HNQUXFCO,code,L,70004434,FO,2006-01-07T19:30,2006-01-07T20:45,AJA,1507096884
RXWANFBX,code,L,70004643,CSD,2006-01-07T05:15,2006-01-07T07:40,CDG,1507096884
RXWANFBX,code,L,70002972,CSD,2006-01-07T09:10,2006-01-07T10:30,TLS,1507096884
RXWANFBX,code,L,70004431,CSD,2006-01-07T11:40,2006-01-07T13:20,ORY,1507096884
RXWANFBX,code,L,70004432,CSD,2006-01-07T14:35,2006-01-07T16:15,AJA,1507096884
RXWANFBX,code,L,70004437,CSD,2006-01-07T17:00,2006-01-07T18:40,ORY,1507096884
RXWANFBX,code,L,70004434,CSD,2006-01-07T19:30,2006-01-07T20:45,AJA,1507096884
KLQSBXJE,code,L,70004643,CSD,2006-01-07T05:15,2006-01-07T07:40,CDG,1507096884
KLQSBXJE,code,L,70002972,CSD,2006-01-07T09:10,2006-01-07T10:30,TLS,1507096884
KLQSBXJE,code,L,70004431,CSD,2006-01-07T11:40,2006-01-07T13:20,ORY,1507096884
KLQSBXJE,code,L,70004432,CSD,2006-01-07T14:35,2006-01-07T16:15,AJA,1507096884
KLQSBXJE,code,L,70004437,CSD,2006-01-07T17:00,2006-01-07T18:40,ORY,1507096884
KLQSBXJE,code,L,70004434,CSD,2006-01-07T19:30,2006-01-07T20:45,AJA,1507096884
MQRBSMEP,code,L,70004643,ST,2006-01-07T05:15,2006-01-07T07:40,CDG,1507096884
MQRBSMEP,code,L,70002972,ST,2006-01-07T09:10,2006-01-07T10:30,TLS,1507096884
MQRBSMEP,code,L,70004431,ST,2006-01-07T11:40,2006-01-07T13:20,ORY,1507096884
MQRBSMEP,code,L,70004432,ST,2006-01-07T14:35,2006-01-07T16:15,AJA,1507096884
MQRBSMEP,code,L,70004437,ST,2006-01-07T17:00,2006-01-07T18:40,ORY,1507096884
MQRBSMEP,code,L,70004434,ST,2006-01-07T19:30,2006-01-07T20:45,AJA,1507096884
RHZNPDYS,code,L,70004643,ST,2006-01-07T05:15,2006-01-07T07:40,CDG,1507096884
RHZNPDYS,code,L,70002972,ST,2006-01-07T09:10,2006-01-07T10:30,TLS,1507096884
RHZNPDYS,code,L,70004431,ST,2006-01-07T11:40,2006-01-07T13:20,ORY,1507096884
RHZNPDYS,code,L,70004432,ST,2006-01-07T14:35,2006-01-07T16:15,AJA,1507096884
RHZNPDYS,code,L,70004437,ST,2006-01-07T17:00,2006-01-07T18:40,ORY,1507096884
RHZNPDYS,code,L,70004434,ST,2006-01-07T19:30,2006-01-07T20:45,AJA,1507096884
YVHQCMQB,code,L,70004643,ST,2006-01-07T05:15,2006-01-07T07:40,CDG,1507096884
YVHQCMQB,code,L,70002972,ST,2006-01-07T09:10,2006-01-07T10:30,TLS,1507096884
YVHQCMQB,code,L,70004431,ST,2006-01-07T11:40,2006-01-07T13:20,ORY,1507096884
YVHQCMQB,code,L,70004432,ST,2006-01-07T14:35,2006-01-07T16:15,AJA,1507096884
YVHQCMQB,code,L,70004437,ST,2006-01-07T17:00,2006-01-07T18:40,ORY,1507096884
YVHQCMQB,code,L,70004434,ST,2006-01-07T19:30,2006-01-07T20:45,AJA,1507096884
UBDWSCKV,code,L,70004643,ST,2006-01-07T05:15,2006-01-07T07:40,CDG,1507096884
UBDWSCKV,code,L,70002972,ST,2006-01-07T09:10,2006-01-07T10:30,TLS,1507096884
UBDWSCKV,code,L,70004431,ST,2006-01-07T11:40,2006-01-07T13:20,ORY,1507096884
UBDWSCKV,code,L,70004432,ST,2006-01-07T14:35,2006-01-07T16:15,AJA,1507096884
UBDWSCKV,code,L,70004437,ST,2006-01-07T17:00,2006-01-07T18:40,ORY,1507096884
UBDWSCKV,code,L,70004434,ST,2006-01-07T19:30,2006-01-07T20:45,AJA,1507096884
IACEPGWD,code,L,70004523,CP,2006-01-07T05:15,2006-01-07T07:40,CDG,585887566
IACEPGWD,code,L,70004524,CP,2006-01-07T09:05,2006-01-07T11:20,MRS,585887566
WUDYUCIC,code,L,70004523,FO,2006-01-07T05:15,2006-01-07T07:40,CDG,585887566
WUDYUCIC,code,L,70004524,FO,2006-01-07T09:05,2006-01-07T11:20,MRS,585887566
LVHEVNDN,code,L,70004523,CSD,2006-01-07T05:15,2006-01-07T07:40,CDG,585887566
LVHEVNDN,code,L,70004524,CSD,2006-01-07T09:05,2006-01-07T11:20,MRS,585887566
GFGRHGIA,code,L,70004523,CSD,2006-01-07T05:15,2006-01-07T07:40,CDG,585887566
GFGRHGIA,code,L,70004524,CSD,2006-01-07T09:05,2006-01-07T11:20,MRS,585887566
FOZXVTEM,code,L,70004523,ST,2006-01-07T05:15,2006-01-07T07:40,CDG,585887566
FOZXVTEM,code,L,70004524,ST,2006-01-07T09:05,2006-01-07T11:20,MRS,585887566
PROJQQRU,code,L,70004523,ST,2006-01-07T05:15,2006-01-07T07:40,CDG,585887566
PROJQQRU,code,L,70004524,ST,2006-01-07T09:05,2006-01-07T11:20,MRS,585887566
WGDZAYCZ,code,L,70004523,ST,2006-01-07T05:15,2006-01-07T07:40,CDG,585887566
WGDZAYCZ,code,L,70004524,ST,2006-01-07T09:05,2006-01-07T11:20,MRS,585887566
CECANKFQ,code,L,70004523,ST,2006-01-07T05:15,2006-01-07T07:40,CDG,585887566
CECANKFQ,code,L,70004524,ST,2006-01-07T09:05,2006-01-07T11:20,MRS,585887566
FMWFONIA,code,L,70004563,CP,2006-01-07T05:20,2006-01-07T07:55,CDG,485266100
FMWFONIA,code,L,70004564,CP,2006-01-07T09:05,2006-01-07T11:25,NCE,485266100
WFAOJQLG,code,L,70004563,FO,2006-01-07T05:20,2006-01-07T07:55,CDG,485266100
WFAOJQLG,code,L,70004564,FO,2006-01-07T09:05,2006-01-07T11:25,NCE,485266100
WHXGAHZK,code,L,70004563,CSD,2006-01-07T05:20,2006-01-07T07:55,CDG,485266100
WHXGAHZK,code,L,70004564,CSD,2006-01-07T09:05,2006-01-07T11:25,NCE,485266100
CHWHJVSG,code,L,70004563,CSD,2006-01-07T05:20,2006-01-07T07:55,CDG,485266100
CHWHJVSG,code,L,70004564,CSD,2006-01-07T09:05,2006-01-07T11:25,NCE,485266100
LAFSIAVA,code,L,70004563,ST,2006-01-07T05:20,2006-01-07T07:55,CDG,485266100
LAFSIAVA,code,L,70004564,ST,2006-01-07T09:05,2006-01-07T11:25,NCE,485266100
SWNXYWLT,code,L,70004563,ST,2006-01-07T05:20,2006-01-07T07:55,CDG,485266100
SWNXYWLT,code,L,70004564,ST,2006-01-07T09:05,2006-01-07T11:25,NCE,485266100
RVPSBNEF,code,L,70004563,ST,2006-01-07T05:20,2006-01-07T07:55,CDG,485266100
RVPSBNEF,code,L,70004564,ST,2006-01-07T09:05,2006-01-07T11:25,NCE,485266100
ZGPQCRMX,code,L,70004563,ST,2006-01-07T05:20,2006-01-07T07:55,CDG,485266100
ZGPQCRMX,code,L,70004564,ST,2006-01-07T09:05,2006-01-07T11:25,NCE,485266100
ZUESLNNR,code,L,70004375,CP,2006-01-07T05:25,2006-01-07T07:50,ORY,2039633683
ZUESLNNR,code,L,70004376,CP,2006-01-07T08:35,2006-01-07T10:50,TLN,2039633683
JFLDJQSA,code,L,70004375,FO,2006-01-07T05:25,2006-01-07T07:50,ORY,2039633683
JFLDJQSA,code,L,70004376,FO,2006-01-07T08:35,2006-01-07T10:50,TLN,2039633683
DJLWRBIL,code,L,70004375,CSD,2006-01-07T05:25,2006-01-07T07:50,ORY,2039633683
DJLWRBIL,code,L,70004376,CSD,2006-01-07T08:35,2006-01-07T10:50,TLN,2039633683
OAFTVSQV,code,L,70004375,CSD,2006-01-07T05:25,2006-01-07T07:50,ORY,2039633683
OAFTVSQV,code,L,70004376,CSD,2006-01-07T08:35,2006-01-07T10:50,TLN,2039633683
MWIHEGLW,code,L,70004375,ST,2006-01-07T05:25,2006-01-07T07:50,ORY,2039633683
MWIHEGLW,code,L,70004376,ST,2006-01-07T08:35,2006-01-07T10:50,TLN,2039633683
HVSYZSYN,code,L,70004375,ST,2006-01-07T05:25,2006-01-07T07:50,ORY,2039633683
HVSYZSYN,code,L,70004376,ST,2006-01-07T08:35,2006-01-07T10:50,TLN,2039633683
BFOPUCOQ,code,L,70004375,ST,2006-01-07T05:25,2006-01-07T07:50,ORY,2039633683
BFOPUCOQ,code,L,70004376,ST,2006-01-07T08:35,2006-01-07T10:50,TLN,2039633683
ZVGQUXEK,code,L,70004375,ST,2006-01-07T05:25,2006-01-07T07:50,ORY,2039633683
ZVGQUXEK,code,L,70004376,ST,2006-01-07T08:35,2006-01-07T10:50,TLN,2039633683
KODMFUGA,code,L,70004514,CP,2006-01-07T05:25,2006-01-07T07:35,LYS,1484135457
KODMFUGA,code,L,70004503,CP,2006-01-07T08:30,2006-01-07T10:25,CDG,1484135457
BWNZZUBW,code,L,70004514,FO,2006-01-07T05:25,2006-01-07T07:35,LYS,1484135457
BWNZZUBW,code,L,70004503,FO,2006-01-07T08:30,2006-01-07T10:25,CDG,1484135457
VWUCQHYV,code,L,70004514,CSD,2006-01-07T05:25,2006-01-07T07:35,LYS,1484135457
VWUCQHYV,code,L,70004503,CSD,2006-01-07T08:30,2006-01-07T10:25,CDG,1484135457
RVSYTPLO,code,L,70004514,CSD,2006-01-07T05:25,2006-01-07T07:35,LYS,1484135457
RVSYTPLO,code,L,70004503,CSD,2006-01-07T08:30,2006-01-07T10:25,CDG,1484135457
JTNEPUAY,code,L,70004514,ST,2006-01-07T05:25,2006-01-07T07:35,LYS,1484135457
JTNEPUAY,code,L,70004503,ST,2006-01-07T08:30,2006-01-07T10:25,CDG,1484135457
PLJMXMEJ,code,L,70004514,ST,2006-01-07T05:25,2006-01-07T07:35,LYS,1484135457
PLJMXMEJ,code,L,70004503,ST,2006-01-07T08:30,2006-01-07T10:25,CDG,1484135457
YIBOWAZF,code,L,70004514,ST,2006-01-07T05:25,2006-01-07T07:35,LYS,1484135457
YIBOWAZF,code,L,70004503,ST,2006-01-07T08:30,2006-01-07T10:25,CDG,1484135457
KYLVVBWV,code,L,70004514,ST,2006-01-07T05:25,2006-01-07T07:35,LYS,1484135457
KYLVVBWV,code,L,70004503,ST,2006-01-07T08:30,2006-01-07T10:25,CDG,1484135457
OIFHYWGZ,code,L,70004574,CP,2006-01-07T05:25,2006-01-07T08:00,NCE,16322739
OIFHYWGZ,code,L,70004565,CP,2006-01-07T09:35,2006-01-07T11:55,CDG,16322739
PWDQUYNP,code,L,70004574,FO,2006-01-07T05:25,2006-01-07T08:00,NCE,16322739
PWDQUYNP,code,L,70004565,FO,2006-01-07T09:35,2006-01-07T11:55,CDG,16322739
BWNIYDYC,code,L,70004574,CSD,2006-01-07T05:25,2006-01-07T08:00,NCE,16322739
BWNIYDYC,code,L,70004565,CSD,2006-01-07T09:35,2006-01-07T11:55,CDG,16322739
VXJKQZUJ,code,L,70004574,CSD,2006-01-07T05:25,2006-01-07T08:00,NCE,16322739
VXJKQZUJ,code,L,70004565,CSD,2006-01-07T09:35,2006-01-07T11:55,CDG,16322739
CEGFCBFO,code,L,70004574,ST,2006-01-07T05:25,2006-01-07T08:00,NCE,16322739
CEGFCBFO,code,L,70004565,ST,2006-01-07T09:35,2006-01-07T11:55,CDG,16322739
FFKDLQIR,code,L,70004574,ST,2006-01-07T05:25,2006-01-07T08:00,NCE,16322739
FFKDLQIR,code,L,70004565,ST,2006-01-07T09:35,2006-01-07T11:55,CDG,16322739
FFQMCDYP,code,L,70004574,ST,2006-01-07T05:25,2006-01-07T08:00,NCE,16322739
FFQMCDYP,code,L,70004565,ST,2006-01-07T09:35,2006-01-07T11:55,CDG,16322739
KDNYLMFQ,code,L,70004574,ST,2006-01-07T05:25,2006-01-07T08:00,NCE,16322739
KDNYLMFQ,code,L,70004565,ST,2006-01-07T09:35,2006-01-07T11:55,CDG,16322739
AABGVIGJ,code,L,70004483,CP,2006-01-07T05:30,2006-01-07T07:50,CDG,659767626
AABGVIGJ,code,L,70004488,CP,2006-01-07T09:20,2006-01-07T11:30,BOD,659767626
UXTWEOMT,code,L,70004483,FO,2006-01-07T05:30,2006-01-07T07:50,CDG,659767626
UXTWEOMT,code,L,70004488,FO,2006-01-07T09:20,2006-01-07T11:30,BOD,659767626
EYNNOZNJ,code,L,70004483,CSD,2006-01-07T05:30,2006-01-07T07:50,CDG,659767626
EYNNOZNJ,code,L,70004488,CSD,2006-01-07T09:20,2006-01-07T11:30,BOD,659767626
AWQKICTD,code,L,70004483,CSD,2006-01-07T05:30,2006-01-07T07:50,CDG,659767626
AWQKICTD,code,L,70004488,CSD,2006-01-07T09:20,2006-01-07T11:30,BOD,659767626
KDPKRNAD,code,L,70004483,ST,2006-01-07T05:30,2006-01-07T07:50,CDG,659767626
KDPKRNAD,code,L,70004488,ST,2006-01-07T09:20,2006-01-07T11:30,BOD,659767626
YLAINGSD,code,L,70004483,ST,2006-01-07T05:30,2006-01-07T07:50,CDG,659767626
YLAINGSD,code,L,70004488,ST,2006-01-07T09:20,2006-01-07T11:30,BOD,659767626
XJJKRCCZ,code,L,70004483,ST,2006-01-07T05:30,2006-01-07T07:50,CDG,659767626
XJJKRCCZ,code,L,70004488,ST,2006-01-07T09:20,2006-01-07T11:30,BOD,659767626
DXDEKKWX,code,L,70004483,ST,2006-01-07T05:30,2006-01-07T07:50,CDG,659767626
DXDEKKWX,code,L,70004488,ST,2006-01-07T09:20,2006-01-07T11:30,BOD,659767626
TFBNRWDT,code,L,70003107,CP,2006-01-07T05:30,2006-01-07T07:50,ORY,1539174560
TFBNRWDT,code,L,70003108,CP,2006-01-07T08:35,2006-01-07T10:45,NCE,1539174560
PCARCUXC,code,L,70003107,FO,2006-01-07T05:30,2006-01-07T07:50,ORY,1539174560
PCARCUXC,code,L,70003108,FO,2006-01-07T08:35,2006-01-07T10:45,NCE,1539174560
JINPUSIH,code,L,70003107,CSD,2006-01-07T05:30,2006-01-07T07:50,ORY,1539174560
JINPUSIH,code,L,70003108,CSD,2006-01-07T08:35,2006-01-07T10:45,NCE,1539174560
LENJWORQ,code,L,70003107,CSD,2006-01-07T05:30,2006-01-07T07:50,ORY,1539174560
LENJWORQ,code,L,70003108,CSD,2006-01-07T08:35,2006-01-07T10:45,NCE,1539174560
KEBEQKTB,code,L,70003107,ST,2006-01-07T05:30,2006-01-07T07:50,ORY,1539174560
KEBEQKTB,code,L,70003108,ST,2006-01-07T08:35,2006-01-07T10:45,NCE,1539174560
OWNHXRSP,code,L,70003107,ST,2006-01-07T05:30,2006-01-07T07:50,ORY,1539174560
OWNHXRSP,code,L,70003108,ST,2006-01-07T08:35,2006-01-07T10:45,NCE,1539174560
WFOQXTHX,code,L,70003107,ST,2006-01-07T05:30,2006-01-07T07:50,ORY,1539174560
WFOQXTHX,code,L,70003108,ST,2006-01-07T08:35,2006-01-07T10:45,NCE,1539174560
HKETPAMG,code,L,70003107,ST,2006-01-07T05:30,2006-01-07T07:50,ORY,1539174560
HKETPAMG,code,L,70003108,ST,2006-01-07T08:35,2006-01-07T10:45,NCE,1539174560
GRZHIQVO,code,L,70002872,CP,2006-01-07T05:30,2006-01-07T07:50,MRS,185012673
GRZHIQVO,code,L,70002879,CP,2006-01-07T08:35,2006-01-07T10:35,ORY,185012673
FGHJMWIJ,code,L,70002872,FO,2006-01-07T05:30,2006-01-07T07:50,MRS,185012673
FGHJMWIJ,code,L,70002879,FO,2006-01-07T08:35,2006-01-07T10:35,ORY,185012673
HOLMZJBD,code,L,70002872,CSD,2006-01-07T05:30,2006-01-07T07:50,MRS,185012673
HOLMZJBD,code,L,70002879,CSD,2006-01-07T08:35,2006-01-07T10:35,ORY,185012673
SGPSNZOY,code,L,70002872,CSD,2006-01-07T05:30,2006-01-07T07:50,MRS,185012673
SGPSNZOY,code,L,70002879,CSD,2006-01-07T08:35,2006-01-07T10:35,ORY,185012673
VVJGOKFD,code,L,70002872,ST,2006-01-07T05:30,2006-01-07T07:50,MRS,185012673
VVJGOKFD,code,L,70002879,ST,2006-01-07T08:35,2006-01-07T10:35,ORY,185012673
NNFTQRJG,code,L,70002872,ST,2006-01-07T05:30,2006-01-07T07:50,MRS,185012673
NNFTQRJG,code,L,70002879,ST,2006-01-07T08:35,2006-01-07T10:35,ORY,185012673
NZFRUQKS,code,L,70002872,ST,2006-01-07T05:30,2006-01-07T07:50,MRS,185012673
NZFRUQKS,code,L,70002879,ST,2006-01-07T08:35,2006-01-07T10:35,ORY,185012673
UYBDKDBU,code,L,70002872,ST,2006-01-07T05:30,2006-01-07T07:50,MRS,185012673
UYBDKDBU,code,L,70002879,ST,2006-01-07T08:35,2006-01-07T10:35,ORY,185012673
KHFGQSCW,code,L,70004360,CP,2006-01-07T05:30,2006-01-07T07:55,LDE,1477521204
KHFGQSCW,code,L,70004359,CP,2006-01-07T08:45,2006-01-07T10:05,ORY,1477521204
KHFGQSCW,code,L,70004350,CP,2006-01-07T10:45,2006-01-07T12:10,LDE,1477521204
KHFGQSCW,code,L,70004349,CP,2006-01-07T12:55,2006-01-07T15:00,ORY,1477521204
JLXFJVEG,code,L,70004360,FO,2006-01-07T05:30,2006-01-07T07:55,LDE,1477521204
JLXFJVEG,code,L,70004359,FO,2006-01-07T08:45,2006-01-07T10:05,ORY,1477521204
JLXFJVEG,code,L,70004350,FO,2006-01-07T10:45,2006-01-07T12:10,LDE,1477521204
JLXFJVEG,code,L,70004349,FO,2006-01-07T12:55,2006-01-07T15:00,ORY,1477521204
KCHOEFKR,code,L,70004360,CS,2006-01-07T05:30,2006-01-07T07:55,LDE,1477521204
KCHOEFKR,code,L,70004359,CS,2006-01-07T08:45,2006-01-07T10:05,ORY,1477521204
KCHOEFKR,code,L,70004350,CS,2006-01-07T10:45,2006-01-07T12:10,LDE,1477521204
KCHOEFKR,code,L,70004349,CS,2006-01-07T12:55,2006-01-07T15:00,ORY,1477521204
PGSDCOGG,code,L,70004360,ST,2006-01-07T05:30,2006-01-07T07:55,LDE,1477521204
PGSDCOGG,code,L,70004359,ST,2006-01-07T08:45,2006-01-07T10:05,ORY,1477521204
PGSDCOGG,code,L,70004350,ST,2006-01-07T10:45,2006-01-07T12:10,LDE,1477521204
PGSDCOGG,code,L,70004349,ST,2006-01-07T12:55,2006-01-07T15:00,ORY,1477521204
XJAIYKPF,code,L,70004360,ST,2006-01-07T05:30,2006-01-07T07:55,LDE,1477521204
XJAIYKPF,code,L,70004359,ST,2006-01-07T08:45,2006-01-07T10:05,ORY,1477521204
XJAIYKPF,code,L,70004350,ST,2006-01-07T10:45,2006-01-07T12:10,LDE,1477521204
XJAIYKPF,code,L,70004349,ST,2006-01-07T12:55,2006-01-07T15:00,ORY,1477521204
CNAZSXUV,code,L,70004623,CP,2006-01-07T05:35,2006-01-07T07:35,ORY,744291659
CNAZSXUV,code,L,70004626,CP,2006-01-07T09:35,2006-01-07T10:45,SXB,744291659
CNAZSXUV,code,L,70004625,CP,2006-01-07T11:40,2006-01-07T12:50,CDG,744291659
CNAZSXUV,code,L,70004634,CP,2006-01-07T14:10,2006-01-07T15:20,SXB,744291659
CNAZSXUV,code,L,70004629,CP,2006-01-07T16:30,2006-01-07T17:40,CDG,744291659
CNAZSXUV,code,L,70004630,CP,2006-01-07T18:25,2006-01-07T19:35,SXB,744291659
CNAZSXUV,code,L,70004647,CP,2006-01-07T20:30,2006-01-07T22:25,CDG,744291659
PAIGQGXG,code,L,70004623,FO,2006-01-07T05:35,2006-01-07T07:35,ORY,744291659
PAIGQGXG,code,L,70004626,FO,2006-01-07T09:35,2006-01-07T10:45,SXB,744291659
PAIGQGXG,code,L,70004625,FO,2006-01-07T11:40,2006-01-07T12:50,CDG,744291659
PAIGQGXG,code,L,70004634,FO,2006-01-07T14:10,2006-01-07T15:20,SXB,744291659
PAIGQGXG,code,L,70004629,FO,2006-01-07T16:30,2006-01-07T17:40,CDG,744291659
PAIGQGXG,code,L,70004630,FO,2006-01-07T18:25,2006-01-07T19:35,SXB,744291659
PAIGQGXG,code,L,70004647,FO,2006-01-07T20:30,2006-01-07T22:25,CDG,744291659
XSJDUMEH,code,L,70004623,CSD,2006-01-07T05:35,2006-01-07T07:35,ORY,744291659
XSJDUMEH,code,L,70004626,CSD,2006-01-07T09:35,2006-01-07T10:45,SXB,744291659
XSJDUMEH,code,L,70004625,CSD,2006-01-07T11:40,2006-01-07T12:50,CDG,744291659
XSJDUMEH,code,L,70004634,CSD,2006-01-07T14:10,2006-01-07T15:20,SXB,744291659
XSJDUMEH,code,L,70004629,CSD,2006-01-07T16:30,2006-01-07T17:40,CDG,744291659
XSJDUMEH,code,L,70004630,CSD,2006-01-07T18:25,2006-01-07T19:35,SXB,744291659
XSJDUMEH,code,L,70004647,CSD,2006-01-07T20:30,2006-01-07T22:25,CDG,744291659
CURLKWUQ,code,L,70004623,CSD,2006-01-07T05:35,2006-01-07T07:35,ORY,744291659
CURLKWUQ,code,L,70004626,CSD,2006-01-07T09:35,2006-01-07T10:45,SXB,744291659
CURLKWUQ,code,L,70004625,CSD,2006-01-07T11:40,2006-01-07T12:50,CDG,744291659
CURLKWUQ,code,L,70004634,CSD,2006-01-07T14:10,2006-01-07T15:20,SXB,744291659
CURLKWUQ,code,L,70004629,CSD,2006-01-07T16:30,2006-01-07T17:40,CDG,744291659
CURLKWUQ,code,L,70004630,CSD,2006-01-07T18:25,2006-01-07T19:35,SXB,744291659
CURLKWUQ,code,L,70004647,CSD,2006-01-07T20:30,2006-01-07T22:25,CDG,744291659
CHRQJOFQ,code,L,70004623,ST,2006-01-07T05:35,2006-01-07T07:35,ORY,744291659
CHRQJOFQ,code,L,70004626,ST,2006-01-07T09:35,2006-01-07T10:45,SXB,744291659
CHRQJOFQ,code,L,70004625,ST,2006-01-07T11:40,2006-01-07T12:50,CDG,744291659
CHRQJOFQ,code,L,70004634,ST,2006-01-07T14:10,2006-01-07T15:20,SXB,744291659
CHRQJOFQ,code,L,70004629,ST,2006-01-07T16:30,2006-01-07T17:40,CDG,744291659
CHRQJOFQ,code,L,70004630,ST,2006-01-07T18:25,2006-01-07T19:35,SXB,744291659
CHRQJOFQ,code,L,70004647,ST,2006-01-07T20:30,2006-01-07T22:25,CDG,744291659
IOKYPVOQ,code,L,70004623,ST,2006-01-07T05:35,2006-01-07T07:35,ORY,744291659
IOKYPVOQ,code,L,70004626,ST,2006-01-07T09:35,2006-01-07T10:45,SXB,744291659
IOKYPVOQ,code,L,70004625,ST,2006-01-07T11:40,2006-01-07T12:50,CDG,744291659
IOKYPVOQ,code,L,70004634,ST,2006-01-07T14:10,2006-01-07T15:20,SXB,744291659
IOKYPVOQ,code,L,70004629,ST,2006-01-07T16:30,2006-01-07T17:40,CDG,744291659
IOKYPVOQ,code,L,70004630,ST,2006-01-07T18:25,2006-01-07T19:35,SXB,744291659
IOKYPVOQ,code,L,70004647,ST,2006-01-07T20:30,2006-01-07T22:25,CDG,744291659
MPVGJGIM,code,L,70004623,ST,2006-01-07T05:35,2006-01-07T07:35,ORY,744291659
MPVGJGIM,code,L,70004626,ST,2006-01-07T09:35,2006-01-07T10:45,SXB,744291659
MPVGJGIM,code,L,70004625,ST,2006-01-07T11:40,2006-01-07T12:50,CDG,744291659
MPVGJGIM,code,L,70004634,ST,2006-01-07T14:10,2006-01-07T15:20,SXB,744291659
MPVGJGIM,code,L,70004629,ST,2006-01-07T16:30,2006-01-07T17:40,CDG,744291659
MPVGJGIM,code,L,70004630,ST,2006-01-07T18:25,2006-01-07T19:35,SXB,744291659
MPVGJGIM,code,L,70004647,ST,2006-01-07T20:30,2006-01-07T22:25,CDG,744291659
MEMZDSJT,code,L,70004623,ST,2006-01-07T05:35,2006-01-07T07:35,ORY,744291659
MEMZDSJT,code,L,70004626,ST,2006-01-07T09:35,2006-01-07T10:45,SXB,744291659
MEMZDSJT,code,L,70004625,ST,2006-01-07T11:40,2006-01-07T12:50,CDG,744291659
MEMZDSJT,code,L,70004634,ST,2006-01-07T14:10,2006-01-07T15:20,SXB,744291659
MEMZDSJT,code,L,70004629,ST,2006-01-07T16:30,2006-01-07T17:40,CDG,744291659
MEMZDSJT,code,L,70004630,ST,2006-01-07T18:25,2006-01-07T19:35,SXB,744291659
MEMZDSJT,code,L,70004647,ST,2006-01-07T20:30,2006-01-07T22:25,CDG,744291659
FQQJNREC,code,L,70004536,CP,2006-01-07T05:35,2006-01-07T08:05,MRS,689146701
FQQJNREC,code,L,70004525,CP,2006-01-07T09:30,2006-01-07T11:40,CDG,689146701
CWZUXNAE,code,L,70004536,FO,2006-01-07T05:35,2006-01-07T08:05,MRS,689146701
CWZUXNAE,code,L,70004525,FO,2006-01-07T09:30,2006-01-07T11:40,CDG,689146701
JDHMQEQE,code,L,70004536,CSD,2006-01-07T05:35,2006-01-07T08:05,MRS,689146701
JDHMQEQE,code,L,70004525,CSD,2006-01-07T09:30,2006-01-07T11:40,CDG,689146701
WUNPLGFE,code,L,70004536,CSD,2006-01-07T05:35,2006-01-07T08:05,MRS,689146701
WUNPLGFE,code,L,70004525,CSD,2006-01-07T09:30,2006-01-07T11:40,CDG,689146701
BAFZQZCB,code,L,70004536,ST,2006-01-07T05:35,2006-01-07T08:05,MRS,689146701
BAFZQZCB,code,L,70004525,ST,2006-01-07T09:30,2006-01-07T11:40,CDG,689146701
QRNQGYDX,code,L,70004536,ST,2006-01-07T05:35,2006-01-07T08:05,MRS,689146701
QRNQGYDX,code,L,70004525,ST,2006-01-07T09:30,2006-01-07T11:40,CDG,689146701
IEATWHCW,code,L,70004536,ST,2006-01-07T05:35,2006-01-07T08:05,MRS,689146701
IEATWHCW,code,L,70004525,ST,2006-01-07T09:30,2006-01-07T11:40,CDG,689146701
WRHIARTY,code,L,70004536,ST,2006-01-07T05:35,2006-01-07T08:05,MRS,689146701
WRHIARTY,code,L,70004525,ST,2006-01-07T09:30,2006-01-07T11:40,CDG,689146701
VJTGUZGP,code,L,70002970,CP,2006-01-07T05:40,2006-01-07T08:00,TLS,100621466
VJTGUZGP,code,L,70002975,CP,2006-01-07T08:50,2006-01-07T10:45,ORY,100621466
DSJDHBAK,code,L,70002970,FO,2006-01-07T05:40,2006-01-07T08:00,TLS,100621466
DSJDHBAK,code,L,70002975,FO,2006-01-07T08:50,2006-01-07T10:45,ORY,100621466
MFJEHOYY,code,L,70002970,CSD,2006-01-07T05:40,2006-01-07T08:00,TLS,100621466
MFJEHOYY,code,L,70002975,CSD,2006-01-07T08:50,2006-01-07T10:45,ORY,100621466
ZSTVUYVY,code,L,70002970,CSD,2006-01-07T05:40,2006-01-07T08:00,TLS,100621466
ZSTVUYVY,code,L,70002975,CSD,2006-01-07T08:50,2006-01-07T10:45,ORY,100621466
EXORSYSG,code,L,70002970,ST,2006-01-07T05:40,2006-01-07T08:00,TLS,100621466
EXORSYSG,code,L,70002975,ST,2006-01-07T08:50,2006-01-07T10:45,ORY,100621466
MAMZWFBL,code,L,70002970,ST,2006-01-07T05:40,2006-01-07T08:00,TLS,100621466
MAMZWFBL,code,L,70002975,ST,2006-01-07T08:50,2006-01-07T10:45,ORY,100621466
EHOZVJUG,code,L,70002970,ST,2006-01-07T05:40,2006-01-07T08:00,TLS,100621466
EHOZVJUG,code,L,70002975,ST,2006-01-07T08:50,2006-01-07T10:45,ORY,100621466
VZGYQBRB,code,L,70002970,ST,2006-01-07T05:40,2006-01-07T08:00,TLS,100621466
VZGYQBRB,code,L,70002975,ST,2006-01-07T08:50,2006-01-07T10:45,ORY,100621466
TDGVYAXR,code,L,70002605,CP,2006-01-07T05:40,2006-01-07T07:45,RNS,1617046705
TDGVYAXR,code,L,70002606,CP,2006-01-07T08:10,2006-01-07T10:05,TLS,1617046705
ZZQDDQYN,code,L,70002605,FO,2006-01-07T05:40,2006-01-07T07:45,RNS,1617046705
ZZQDDQYN,code,L,70002606,FO,2006-01-07T08:10,2006-01-07T10:05,TLS,1617046705
AGQAYLIP,code,L,70002605,CS,2006-01-07T05:40,2006-01-07T07:45,RNS,1617046705
AGQAYLIP,code,L,70002606,CS,2006-01-07T08:10,2006-01-07T10:05,TLS,1617046705
TKZAKULX,code,L,70002605,ST,2006-01-07T05:40,2006-01-07T07:45,RNS,1617046705
TKZAKULX,code,L,70002606,ST,2006-01-07T08:10,2006-01-07T10:05,TLS,1617046705
MPQGNBJC,code,L,70002605,ST,2006-01-07T05:40,2006-01-07T07:45,RNS,1617046705
MPQGNBJC,code,L,70002606,ST,2006-01-07T08:10,2006-01-07T10:05,TLS,1617046705
XDALWUXJ,code,L,70002969,CP,2006-01-07T05:50,2006-01-07T08:00,ORY,1048083132
XDALWUXJ,code,L,70002976,CP,2006-01-07T08:40,2006-01-07T10:45,TLS,1048083132
HXKGNDGG,code,L,70002969,FO,2006-01-07T05:50,2006-01-07T08:00,ORY,1048083132
HXKGNDGG,code,L,70002976,FO,2006-01-07T08:40,2006-01-07T10:45,TLS,1048083132
NFFLODBL,code,L,70002969,CSD,2006-01-07T05:50,2006-01-07T08:00,ORY,1048083132
NFFLODBL,code,L,70002976,CSD,2006-01-07T08:40,2006-01-07T10:45,TLS,1048083132
AZGMJSZW,code,L,70002969,CSD,2006-01-07T05:50,2006-01-07T08:00,ORY,1048083132
AZGMJSZW,code,L,70002976,CSD,2006-01-07T08:40,2006-01-07T10:45,TLS,1048083132
BGPABFNE,code,L,70002969,ST,2006-01-07T05:50,2006-01-07T08:00,ORY,1048083132
BGPABFNE,code,L,70002976,ST,2006-01-07T08:40,2006-01-07T10:45,TLS,1048083132
ADJPQMJU,code,L,70002969,ST,2006-01-07T05:50,2006-01-07T08:00,ORY,1048083132
ADJPQMJU,code,L,70002976,ST,2006-01-07T08:40,2006-01-07T10:45,TLS,1048083132
IYHNOVJC,code,L,70002969,ST,2006-01-07T05:50,2006-01-07T08:00,ORY,1048083132
IYHNOVJC,code,L,70002976,ST,2006-01-07T08:40,2006-01-07T10:45,TLS,1048083132
IHLGIULU,code,L,70002969,ST,2006-01-07T05:50,2006-01-07T08:00,ORY,1048083132
IHLGIULU,code,L,70002976,ST,2006-01-07T08:40,2006-01-07T10:45,TLS,1048083132
EUGAZEFV,code,L,70004618,CP,2006-01-07T06:00,2006-01-07T08:10,ETZ,1002897798
EUGAZEFV,code,L,70004617,CP,2006-01-07T08:40,2006-01-07T10:25,ORY,1002897798
ENFYIMBB,code,L,70004618,FO,2006-01-07T06:00,2006-01-07T08:10,ETZ,1002897798
ENFYIMBB,code,L,70004617,FO,2006-01-07T08:40,2006-01-07T10:25,ORY,1002897798
HXQNIAOX,code,L,70004618,CSD,2006-01-07T06:00,2006-01-07T08:10,ETZ,1002897798
HXQNIAOX,code,L,70004617,CSD,2006-01-07T08:40,2006-01-07T10:25,ORY,1002897798
UCRSCSED,code,L,70004618,CSD,2006-01-07T06:00,2006-01-07T08:10,ETZ,1002897798
UCRSCSED,code,L,70004617,CSD,2006-01-07T08:40,2006-01-07T10:25,ORY,1002897798
MDXCMXZQ,code,L,70004618,ST,2006-01-07T06:00,2006-01-07T08:10,ETZ,1002897798
MDXCMXZQ,code,L,70004617,ST,2006-01-07T08:40,2006-01-07T10:25,ORY,1002897798
PNGVTAXB,code,L,70004618,ST,2006-01-07T06:00,2006-01-07T08:10,ETZ,1002897798
PNGVTAXB,code,L,70004617,ST,2006-01-07T08:40,2006-01-07T10:25,ORY,1002897798
SQJUFHYW,code,L,70004618,ST,2006-01-07T06:00,2006-01-07T08:10,ETZ,1002897798
SQJUFHYW,code,L,70004617,ST,2006-01-07T08:40,2006-01-07T10:25,ORY,1002897798
DCIAUUEM,code,L,70004618,ST,2006-01-07T06:00,2006-01-07T08:10,ETZ,1002897798
DCIAUUEM,code,L,70004617,ST,2006-01-07T08:40,2006-01-07T10:25,ORY,1002897798
KQZCHBWD,code,L,70003065,CP,2006-01-07T06:00,2006-01-07T08:20,ORY,2026928803
KQZCHBWD,code,L,70003070,CP,2006-01-07T09:05,2006-01-07T11:15,NCE,2026928803
WFIDGIHZ,code,L,70003065,FO,2006-01-07T06:00,2006-01-07T08:20,ORY,2026928803
WFIDGIHZ,code,L,70003070,FO,2006-01-07T09:05,2006-01-07T11:15,NCE,2026928803
TKRSXBBA,code,L,70003065,CSD,2006-01-07T06:00,2006-01-07T08:20,ORY,2026928803
TKRSXBBA,code,L,70003070,CSD,2006-01-07T09:05,2006-01-07T11:15,NCE,2026928803
EFNWCFNA,code,L,70003065,CSD,2006-01-07T06:00,2006-01-07T08:20,ORY,2026928803
EFNWCFNA,code,L,70003070,CSD,2006-01-07T09:05,2006-01-07T11:15,NCE,2026928803
XTNGYPZH,code,L,70003065,ST,2006-01-07T06:00,2006-01-07T08:20,ORY,2026928803
XTNGYPZH,code,L,70003070,ST,2006-01-07T09:05,2006-01-07T11:15,NCE,2026928803
GBEJLSZP,code,L,70003065,ST,2006-01-07T06:00,2006-01-07T08:20,ORY,2026928803
GBEJLSZP,code,L,70003070,ST,2006-01-07T09:05,2006-01-07T11:15,NCE,2026928803
QGRUEDUB,code,L,70003065,ST,2006-01-07T06:00,2006-01-07T08:20,ORY,2026928803
QGRUEDUB,code,L,70003070,ST,2006-01-07T09:05,2006-01-07T11:15,NCE,2026928803
XABXTKBM,code,L,70003065,ST,2006-01-07T06:00,2006-01-07T08:20,ORY,2026928803
XABXTKBM,code,L,70003070,ST,2006-01-07T09:05,2006-01-07T11:15,NCE,2026928803
QOMLXSUN,code,L,70004164,CP,2006-01-07T06:00,2006-01-07T08:00,SXB,1704637349
QOMLXSUN,code,L,70002883,CP,2006-01-07T11:35,2006-01-07T12:50,ORY,1704637349
QOMLXSUN,code,L,70002892,CP,2006-01-07T13:30,2006-01-07T14:50,MRS,1704637349
QOMLXSUN,code,L,70002895,CP,2006-01-07T15:35,2006-01-07T16:50,ORY,1704637349
QOMLXSUN,code,L,70002908,CP,2006-01-07T17:30,2006-01-07T18:50,MRS,1704637349
QOMLXSUN,code,L,70004189,CP,2006-01-07T19:25,2006-01-07T21:10,ORY,1704637349
UAFWIVRN,code,L,70004164,FO,2006-01-07T06:00,2006-01-07T08:00,SXB,1704637349
UAFWIVRN,code,L,70002883,FO,2006-01-07T11:35,2006-01-07T12:50,ORY,1704637349
UAFWIVRN,code,L,70002892,FO,2006-01-07T13:30,2006-01-07T14:50,MRS,1704637349
UAFWIVRN,code,L,70002895,FO,2006-01-07T15:35,2006-01-07T16:50,ORY,1704637349
UAFWIVRN,code,L,70002908,FO,2006-01-07T17:30,2006-01-07T18:50,MRS,1704637349
UAFWIVRN,code,L,70004189,FO,2006-01-07T19:25,2006-01-07T21:10,ORY,1704637349
GQFDUIKX,code,L,70004164,CSD,2006-01-07T06:00,2006-01-07T08:00,SXB,1704637349
GQFDUIKX,code,L,70002883,CSD,2006-01-07T11:35,2006-01-07T12:50,ORY,1704637349
GQFDUIKX,code,L,70002892,CSD,2006-01-07T13:30,2006-01-07T14:50,MRS,1704637349
GQFDUIKX,code,L,70002895,CSD,2006-01-07T15:35,2006-01-07T16:50,ORY,1704637349
GQFDUIKX,code,L,70002908,CSD,2006-01-07T17:30,2006-01-07T18:50,MRS,1704637349
GQFDUIKX,code,L,70004189,CSD,2006-01-07T19:25,2006-01-07T21:10,ORY,1704637349
IGPZTVZI,code,L,70004164,CSD,2006-01-07T06:00,2006-01-07T08:00,SXB,1704637349
IGPZTVZI,code,L,70002883,CSD,2006-01-07T11:35,2006-01-07T12:50,ORY,1704637349
IGPZTVZI,code,L,70002892,CSD,2006-01-07T13:30,2006-01-07T14:50,MRS,1704637349
IGPZTVZI,code,L,70002895,CSD,2006-01-07T15:35,2006-01-07T16:50,ORY,1704637349
IGPZTVZI,code,L,70002908,CSD,2006-01-07T17:30,2006-01-07T18:50,MRS,1704637349
IGPZTVZI,code,L,70004189,CSD,2006-01-07T19:25,2006-01-07T21:10,ORY,1704637349
IPSBFATC,code,L,70004164,ST,2006-01-07T06:00,2006-01-07T08:00,SXB,1704637349
IPSBFATC,code,L,70002883,ST,2006-01-07T11:35,2006-01-07T12:50,ORY,1704637349
IPSBFATC,code,L,70002892,ST,2006-01-07T13:30,2006-01-07T14:50,MRS,1704637349
IPSBFATC,code,L,70002895,ST,2006-01-07T15:35,2006-01-07T16:50,ORY,1704637349
IPSBFATC,code,L,70002908,ST,2006-01-07T17:30,2006-01-07T18:50,MRS,1704637349
IPSBFATC,code,L,70004189,ST,2006-01-07T19:25,2006-01-07T21:10,ORY,1704637349
NHCLZMTI,code,L,70004164,ST,2006-01-07T06:00,2006-01-07T08:00,SXB,1704637349
NHCLZMTI,code,L,70002883,ST,2006-01-07T11:35,2006-01-07T12:50,ORY,1704637349
NHCLZMTI,code,L,70002892,ST,2006-01-07T13:30,2006-01-07T14:50,MRS,1704637349
NHCLZMTI,code,L,70002895,ST,2006-01-07T15:35,2006-01-07T16:50,ORY,1704637349
NHCLZMTI,code,L,70002908,ST,2006-01-07T17:30,2006-01-07T18:50,MRS,1704637349
NHCLZMTI,code,L,70004189,ST,2006-01-07T19:25,2006-01-07T21:10,ORY,1704637349
WUPSXWCE,code,L,70004164,ST,2006-01-07T06:00,2006-01-07T08:00,SXB,1704637349
WUPSXWCE,code,L,70002883,ST,2006-01-07T11:35,2006-01-07T12:50,ORY,1704637349
WUPSXWCE,code,L,70002892,ST,2006-01-07T13:30,2006-01-07T14:50,MRS,1704637349
WUPSXWCE,code,L,70002895,ST,2006-01-07T15:35,2006-01-07T16:50,ORY,1704637349
WUPSXWCE,code,L,70002908,ST,2006-01-07T17:30,2006-01-07T18:50,MRS,1704637349
WUPSXWCE,code,L,70004189,ST,2006-01-07T19:25,2006-01-07T21:10,ORY,1704637349
LZFKOAJN,code,L,70004164,ST,2006-01-07T06:00,2006-01-07T08:00,SXB,1704637349
LZFKOAJN,code,L,70002883,ST,2006-01-07T11:35,2006-01-07T12:50,ORY,1704637349
LZFKOAJN,code,L,70002892,ST,2006-01-07T13:30,2006-01-07T14:50,MRS,1704637349
LZFKOAJN,code,L,70002895,ST,2006-01-07T15:35,2006-01-07T16:50,ORY,1704637349
LZFKOAJN,code,L,70002908,ST,2006-01-07T17:30,2006-01-07T18:50,MRS,1704637349
LZFKOAJN,code,L,70004189,ST,2006-01-07T19:25,2006-01-07T21:10,ORY,1704637349
IFJZBEDX,code,L,70002610,CP,2006-01-07T06:00,2006-01-07T08:35,RNS,272026514
IFJZBEDX,code,L,70002661,CP,2006-01-07T09:10,2006-01-07T11:05,NCE,272026514
IFJZBEDX,code,L,70002662,CP,2006-01-07T11:45,2006-01-07T13:35,BES,272026514
IFJZBEDX,code,L,70002609,CP,2006-01-07T14:05,2006-01-07T16:30,NCE,272026514
VYZQCLTE,code,L,70002610,FO,2006-01-07T06:00,2006-01-07T08:35,RNS,272026514
VYZQCLTE,code,L,70002661,FO,2006-01-07T09:10,2006-01-07T11:05,NCE,272026514
VYZQCLTE,code,L,70002662,FO,2006-01-07T11:45,2006-01-07T13:35,BES,272026514
VYZQCLTE,code,L,70002609,FO,2006-01-07T14:05,2006-01-07T16:30,NCE,272026514
BGVRCDYT,code,L,70002610,CSD,2006-01-07T06:00,2006-01-07T08:35,RNS,272026514
BGVRCDYT,code,L,70002661,CSD,2006-01-07T09:10,2006-01-07T11:05,NCE,272026514
BGVRCDYT,code,L,70002662,CSD,2006-01-07T11:45,2006-01-07T13:35,BES,272026514
BGVRCDYT,code,L,70002609,CSD,2006-01-07T14:05,2006-01-07T16:30,NCE,272026514
NXIIQRZF,code,L,70002610,ST,2006-01-07T06:00,2006-01-07T08:35,RNS,272026514
NXIIQRZF,code,L,70002661,ST,2006-01-07T09:10,2006-01-07T11:05,NCE,272026514
NXIIQRZF,code,L,70002662,ST,2006-01-07T11:45,2006-01-07T13:35,BES,272026514
NXIIQRZF,code,L,70002609,ST,2006-01-07T14:05,2006-01-07T16:30,NCE,272026514
KJWEQAOT,code,L,70002610,ST,2006-01-07T06:00,2006-01-07T08:35,RNS,272026514
KJWEQAOT,code,L,70002661,ST,2006-01-07T09:10,2006-01-07T11:05,NCE,272026514
KJWEQAOT,code,L,70002662,ST,2006-01-07T11:45,2006-01-07T13:35,BES,272026514
KJWEQAOT,code,L,70002609,ST,2006-01-07T14:05,2006-01-07T16:30,NCE,272026514
FXGDYCTN,code,L,70002624,CP,2006-01-07T06:05,2006-01-07T08:25,NTE,1412011072
FXGDYCTN,code,L,70002623,CP,2006-01-07T09:00,2006-01-07T10:25,MRS,1412011072
FXGDYCTN,code,L,70002630,CP,2006-01-07T11:00,2006-01-07T12:20,NTE,1412011072
FXGDYCTN,code,L,70002629,CP,2006-01-07T12:55,2006-01-07T15:05,MRS,1412011072
ZWEMGXXH,code,L,70002624,FO,2006-01-07T06:05,2006-01-07T08:25,NTE,1412011072
ZWEMGXXH,code,L,70002623,FO,2006-01-07T09:00,2006-01-07T10:25,MRS,1412011072
ZWEMGXXH,code,L,70002630,FO,2006-01-07T11:00,2006-01-07T12:20,NTE,1412011072
ZWEMGXXH,code,L,70002629,FO,2006-01-07T12:55,2006-01-07T15:05,MRS,1412011072
VXBHZETX,code,L,70002624,CSD,2006-01-07T06:05,2006-01-07T08:25,NTE,1412011072
VXBHZETX,code,L,70002623,CSD,2006-01-07T09:00,2006-01-07T10:25,MRS,1412011072
VXBHZETX,code,L,70002630,CSD,2006-01-07T11:00,2006-01-07T12:20,NTE,1412011072
VXBHZETX,code,L,70002629,CSD,2006-01-07T12:55,2006-01-07T15:05,MRS,1412011072
YSQZVFPR,code,L,70002624,CSD,2006-01-07T06:05,2006-01-07T08:25,NTE,1412011072
YSQZVFPR,code,L,70002623,CSD,2006-01-07T09:00,2006-01-07T10:25,MRS,1412011072
YSQZVFPR,code,L,70002630,CSD,2006-01-07T11:00,2006-01-07T12:20,NTE,1412011072
YSQZVFPR,code,L,70002629,CSD,2006-01-07T12:55,2006-01-07T15:05,MRS,1412011072
BWAXXRHX,code,L,70002624,ST,2006-01-07T06:05,2006-01-07T08:25,NTE,1412011072
BWAXXRHX,code,L,70002623,ST,2006-01-07T09:00,2006-01-07T10:25,MRS,1412011072
BWAXXRHX,code,L,70002630,ST,2006-01-07T11:00,2006-01-07T12:20,NTE,1412011072
BWAXXRHX,code,L,70002629,ST,2006-01-07T12:55,2006-01-07T15:05,MRS,1412011072
RQUXIMRR,code,L,70002624,ST,2006-01-07T06:05,2006-01-07T08:25,NTE,1412011072
RQUXIMRR,code,L,70002623,ST,2006-01-07T09:00,2006-01-07T10:25,MRS,1412011072
RQUXIMRR,code,L,70002630,ST,2006-01-07T11:00,2006-01-07T12:20,NTE,1412011072
RQUXIMRR,code,L,70002629,ST,2006-01-07T12:55,2006-01-07T15:05,MRS,1412011072
UWAYKMTJ,code,L,70002624,ST,2006-01-07T06:05,2006-01-07T08:25,NTE,1412011072
UWAYKMTJ,code,L,70002623,ST,2006-01-07T09:00,2006-01-07T10:25,MRS,1412011072
UWAYKMTJ,code,L,70002630,ST,2006-01-07T11:00,2006-01-07T12:20,NTE,1412011072
UWAYKMTJ,code,L,70002629,ST,2006-01-07T12:55,2006-01-07T15:05,MRS,1412011072
LLXIXAIT,code,L,70002624,ST,2006-01-07T06:05,2006-01-07T08:25,NTE,1412011072
LLXIXAIT,code,L,70002623,ST,2006-01-07T09:00,2006-01-07T10:25,MRS,1412011072
LLXIXAIT,code,L,70002630,ST,2006-01-07T11:00,2006-01-07T12:20,NTE,1412011072
LLXIXAIT,code,L,70002629,ST,2006-01-07T12:55,2006-01-07T15:05,MRS,1412011072
WZOSIYNL,code,L,70003117,CP,2006-01-07T06:15,2006-01-07T08:20,ORY,1844137836
WZOSIYNL,code,L,70003144,CP,2006-01-07T09:10,2006-01-07T10:20,BOD,1844137836
WZOSIYNL,code,L,70002869,CP,2006-01-07T12:10,2006-01-07T13:25,ORY,1844137836
WZOSIYNL,code,L,70002878,CP,2006-01-07T14:55,2006-01-07T16:50,MRS,1844137836
VMNXCDZU,code,L,70003117,FO,2006-01-07T06:15,2006-01-07T08:20,ORY,1844137836
VMNXCDZU,code,L,70003144,FO,2006-01-07T09:10,2006-01-07T10:20,BOD,1844137836
VMNXCDZU,code,L,70002869,FO,2006-01-07T12:10,2006-01-07T13:25,ORY,1844137836
VMNXCDZU,code,L,70002878,FO,2006-01-07T14:55,2006-01-07T16:50,MRS,1844137836
VFKSIQAQ,code,L,70003117,CSD,2006-01-07T06:15,2006-01-07T08:20,ORY,1844137836
VFKSIQAQ,code,L,70003144,CSD,2006-01-07T09:10,2006-01-07T10:20,BOD,1844137836
VFKSIQAQ,code,L,70002869,CSD,2006-01-07T12:10,2006-01-07T13:25,ORY,1844137836
VFKSIQAQ,code,L,70002878,CSD,2006-01-07T14:55,2006-01-07T16:50,MRS,1844137836
OCRSMTIK,code,L,70003117,CSD,2006-01-07T06:15,2006-01-07T08:20,ORY,1844137836
OCRSMTIK,code,L,70003144,CSD,2006-01-07T09:10,2006-01-07T10:20,BOD,1844137836
OCRSMTIK,code,L,70002869,CSD,2006-01-07T12:10,2006-01-07T13:25,ORY,1844137836
OCRSMTIK,code,L,70002878,CSD,2006-01-07T14:55,2006-01-07T16:50,MRS,1844137836
SYVKMLMC,code,L,70003117,ST,2006-01-07T06:15,2006-01-07T08:20,ORY,1844137836
SYVKMLMC,code,L,70003144,ST,2006-01-07T09:10,2006-01-07T10:20,BOD,1844137836
SYVKMLMC,code,L,70002869,ST,2006-01-07T12:10,2006-01-07T13:25,ORY,1844137836
SYVKMLMC,code,L,70002878,ST,2006-01-07T14:55,2006-01-07T16:50,MRS,1844137836
HEUYGZAD,code,L,70003117,ST,2006-01-07T06:15,2006-01-07T08:20,ORY,1844137836
HEUYGZAD,code,L,70003144,ST,2006-01-07T09:10,2006-01-07T10:20,BOD,1844137836
HEUYGZAD,code,L,70002869,ST,2006-01-07T12:10,2006-01-07T13:25,ORY,1844137836
HEUYGZAD,code,L,70002878,ST,2006-01-07T14:55,2006-01-07T16:50,MRS,1844137836
EZUBLHPM,code,L,70003117,ST,2006-01-07T06:15,2006-01-07T08:20,ORY,1844137836
EZUBLHPM,code,L,70003144,ST,2006-01-07T09:10,2006-01-07T10:20,BOD,1844137836
EZUBLHPM,code,L,70002869,ST,2006-01-07T12:10,2006-01-07T13:25,ORY,1844137836
EZUBLHPM,code,L,70002878,ST,2006-01-07T14:55,2006-01-07T16:50,MRS,1844137836
NZOSQINW,code,L,70003117,ST,2006-01-07T06:15,2006-01-07T08:20,ORY,1844137836
NZOSQINW,code,L,70003144,ST,2006-01-07T09:10,2006-01-07T10:20,BOD,1844137836
NZOSQINW,code,L,70002869,ST,2006-01-07T12:10,2006-01-07T13:25,ORY,1844137836
NZOSQINW,code,L,70002878,ST,2006-01-07T14:55,2006-01-07T16:50,MRS,1844137836
GAMKURAM,code,L,70004385,CP,2006-01-07T06:25,2006-01-07T08:45,ORY,1713579631
GAMKURAM,code,L,70004386,CP,2006-01-07T09:35,2006-01-07T11:45,PGF,1713579631
ZRKRUKPT,code,L,70004385,FO,2006-01-07T06:25,2006-01-07T08:45,ORY,1713579631
ZRKRUKPT,code,L,70004386,FO,2006-01-07T09:35,2006-01-07T11:45,PGF,1713579631
LQBTCFFR,code,L,70004385,CSD,2006-01-07T06:25,2006-01-07T08:45,ORY,1713579631
LQBTCFFR,code,L,70004386,CSD,2006-01-07T09:35,2006-01-07T11:45,PGF,1713579631
AOVQDDYZ,code,L,70004385,CSD,2006-01-07T06:25,2006-01-07T08:45,ORY,1713579631
AOVQDDYZ,code,L,70004386,CSD,2006-01-07T09:35,2006-01-07T11:45,PGF,1713579631
IYFEFHHO,code,L,70004385,ST,2006-01-07T06:25,2006-01-07T08:45,ORY,1713579631
IYFEFHHO,code,L,70004386,ST,2006-01-07T09:35,2006-01-07T11:45,PGF,1713579631
TYOIAPMJ,code,L,70004385,ST,2006-01-07T06:25,2006-01-07T08:45,ORY,1713579631
TYOIAPMJ,code,L,70004386,ST,2006-01-07T09:35,2006-01-07T11:45,PGF,1713579631
RICCFLZC,code,L,70004385,ST,2006-01-07T06:25,2006-01-07T08:45,ORY,1713579631
RICCFLZC,code,L,70004386,ST,2006-01-07T09:35,2006-01-07T11:45,PGF,1713579631
MPGFRRWP,code,L,70004385,ST,2006-01-07T06:25,2006-01-07T08:45,ORY,1713579631
MPGFRRWP,code,L,70004386,ST,2006-01-07T09:35,2006-01-07T11:45,PGF,1713579631
GQIUFMYA,code,L,70004486,CP,2006-01-07T06:25,2006-01-07T08:50,BOD,216794175
GQIUFMYA,code,L,70004485,CP,2006-01-07T09:55,2006-01-07T12:00,CDG,216794175
BXYJVRDM,code,L,70004486,FO,2006-01-07T06:25,2006-01-07T08:50,BOD,216794175
BXYJVRDM,code,L,70004485,FO,2006-01-07T09:55,2006-01-07T12:00,CDG,216794175
GQOTFWHA,code,L,70004486,CSD,2006-01-07T06:25,2006-01-07T08:50,BOD,216794175
GQOTFWHA,code,L,70004485,CSD,2006-01-07T09:55,2006-01-07T12:00,CDG,216794175
WJIWRBSP,code,L,70004486,CSD,2006-01-07T06:25,2006-01-07T08:50,BOD,216794175
WJIWRBSP,code,L,70004485,CSD,2006-01-07T09:55,2006-01-07T12:00,CDG,216794175
FWPBJTBD,code,L,70004486,ST,2006-01-07T06:25,2006-01-07T08:50,BOD,216794175
FWPBJTBD,code,L,70004485,ST,2006-01-07T09:55,2006-01-07T12:00,CDG,216794175
EJAGHUZW,code,L,70004486,ST,2006-01-07T06:25,2006-01-07T08:50,BOD,216794175
EJAGHUZW,code,L,70004485,ST,2006-01-07T09:55,2006-01-07T12:00,CDG,216794175
GFVYCGDE,code,L,70004486,ST,2006-01-07T06:25,2006-01-07T08:50,BOD,216794175
GFVYCGDE,code,L,70004485,ST,2006-01-07T09:55,2006-01-07T12:00,CDG,216794175
GXXMDMSC,code,L,70004486,ST,2006-01-07T06:25,2006-01-07T08:50,BOD,216794175
GXXMDMSC,code,L,70004485,ST,2006-01-07T09:55,2006-01-07T12:00,CDG,216794175
FXBJTBET,code,L,70002520,CP,2006-01-07T06:25,2006-01-07T08:25,NTE,1017541010
FXBJTBET,code,L,70002519,CP,2006-01-07T08:55,2006-01-07T09:55,TLS,1017541010
FXBJTBET,code,L,70002518,CP,2006-01-07T10:45,2006-01-07T11:45,NTE,1017541010
FXBJTBET,code,L,70002517,CP,2006-01-07T12:15,2006-01-07T13:15,TLS,1017541010
FXBJTBET,code,L,70002626,CP,2006-01-07T13:50,2006-01-07T15:10,NTE,1017541010
FXBJTBET,code,L,70002625,CP,2006-01-07T15:45,2006-01-07T17:55,MRS,1017541010
WWOBMSBV,code,L,70002520,FO,2006-01-07T06:25,2006-01-07T08:25,NTE,1017541010
WWOBMSBV,code,L,70002519,FO,2006-01-07T08:55,2006-01-07T09:55,TLS,1017541010
WWOBMSBV,code,L,70002518,FO,2006-01-07T10:45,2006-01-07T11:45,NTE,1017541010
WWOBMSBV,code,L,70002517,FO,2006-01-07T12:15,2006-01-07T13:15,TLS,1017541010
WWOBMSBV,code,L,70002626,FO,2006-01-07T13:50,2006-01-07T15:10,NTE,1017541010
WWOBMSBV,code,L,70002625,FO,2006-01-07T15:45,2006-01-07T17:55,MRS,1017541010
UJAUNMGM,code,L,70002520,CS,2006-01-07T06:25,2006-01-07T08:25,NTE,1017541010
UJAUNMGM,code,L,70002519,CS,2006-01-07T08:55,2006-01-07T09:55,TLS,1017541010
UJAUNMGM,code,L,70002518,CS,2006-01-07T10:45,2006-01-07T11:45,NTE,1017541010
UJAUNMGM,code,L,70002517,CS,2006-01-07T12:15,2006-01-07T13:15,TLS,1017541010
UJAUNMGM,code,L,70002626,CS,2006-01-07T13:50,2006-01-07T15:10,NTE,1017541010
UJAUNMGM,code,L,70002625,CS,2006-01-07T15:45,2006-01-07T17:55,MRS,1017541010
PNMSEWUD,code,L,70002520,ST,2006-01-07T06:25,2006-01-07T08:25,NTE,1017541010
PNMSEWUD,code,L,70002519,ST,2006-01-07T08:55,2006-01-07T09:55,TLS,1017541010
PNMSEWUD,code,L,70002518,ST,2006-01-07T10:45,2006-01-07T11:45,NTE,1017541010
PNMSEWUD,code,L,70002517,ST,2006-01-07T12:15,2006-01-07T13:15,TLS,1017541010
PNMSEWUD,code,L,70002626,ST,2006-01-07T13:50,2006-01-07T15:10,NTE,1017541010
PNMSEWUD,code,L,70002625,ST,2006-01-07T15:45,2006-01-07T17:55,MRS,1017541010
KZBVJBJQ,code,L,70002520,ST,2006-01-07T06:25,2006-01-07T08:25,NTE,1017541010
KZBVJBJQ,code,L,70002519,ST,2006-01-07T08:55,2006-01-07T09:55,TLS,1017541010
KZBVJBJQ,code,L,70002518,ST,2006-01-07T10:45,2006-01-07T11:45,NTE,1017541010
KZBVJBJQ,code,L,70002517,ST,2006-01-07T12:15,2006-01-07T13:15,TLS,1017541010
KZBVJBJQ,code,L,70002626,ST,2006-01-07T13:50,2006-01-07T15:10,NTE,1017541010
KZBVJBJQ,code,L,70002625,ST,2006-01-07T15:45,2006-01-07T17:55,MRS,1017541010
RBRYVSTB,code,L,70002520,ST,2006-01-07T06:25,2006-01-07T08:25,NTE,1017541010
RBRYVSTB,code,L,70002519,ST,2006-01-07T08:55,2006-01-07T09:55,TLS,1017541010
RBRYVSTB,code,L,70002518,ST,2006-01-07T10:45,2006-01-07T11:45,NTE,1017541010
RBRYVSTB,code,L,70002517,ST,2006-01-07T12:15,2006-01-07T13:15,TLS,1017541010
RBRYVSTB,code,L,70002626,ST,2006-01-07T13:50,2006-01-07T15:10,NTE,1017541010
RBRYVSTB,code,L,70002625,ST,2006-01-07T15:45,2006-01-07T17:55,MRS,1017541010
TOLAJJFV,code,L,70002868,CP,2006-01-07T06:30,2006-01-07T08:50,MRS,921209318
TOLAJJFV,code,L,70002877,CP,2006-01-07T09:35,2006-01-07T11:35,ORY,921209318
BVHYWDBF,code,L,70002868,FO,2006-01-07T06:30,2006-01-07T08:50,MRS,921209318
BVHYWDBF,code,L,70002877,FO,2006-01-07T09:35,2006-01-07T11:35,ORY,921209318
SMXEWHGF,code,L,70002868,CSD,2006-01-07T06:30,2006-01-07T08:50,MRS,921209318
SMXEWHGF,code,L,70002877,CSD,2006-01-07T09:35,2006-01-07T11:35,ORY,921209318
IFWROGRI,code,L,70002868,CSD,2006-01-07T06:30,2006-01-07T08:50,MRS,921209318
IFWROGRI,code,L,70002877,CSD,2006-01-07T09:35,2006-01-07T11:35,ORY,921209318
EXXWBUUU,code,L,70002868,ST,2006-01-07T06:30,2006-01-07T08:50,MRS,921209318
EXXWBUUU,code,L,70002877,ST,2006-01-07T09:35,2006-01-07T11:35,ORY,921209318
PLKXNNXD,code,L,70002868,ST,2006-01-07T06:30,2006-01-07T08:50,MRS,921209318
PLKXNNXD,code,L,70002877,ST,2006-01-07T09:35,2006-01-07T11:35,ORY,921209318
HHUBXPJX,code,L,70002868,ST,2006-01-07T06:30,2006-01-07T08:50,MRS,921209318
HHUBXPJX,code,L,70002877,ST,2006-01-07T09:35,2006-01-07T11:35,ORY,921209318
EJDYQNXR,code,L,70002868,ST,2006-01-07T06:30,2006-01-07T08:50,MRS,921209318
EJDYQNXR,code,L,70002877,ST,2006-01-07T09:35,2006-01-07T11:35,ORY,921209318
BHUWYLCF,code,L,70004400,CP,2006-01-07T06:30,2006-01-07T09:15,FSC,943091072
BHUWYLCF,code,L,70004393,CP,2006-01-07T09:40,2006-01-07T12:10,ORY,943091072
NYPEWCFD,code,L,70004400,FO,2006-01-07T06:30,2006-01-07T09:15,FSC,943091072
NYPEWCFD,code,L,70004393,FO,2006-01-07T09:40,2006-01-07T12:10,ORY,943091072
APTMNGMH,code,L,70004400,CS,2006-01-07T06:30,2006-01-07T09:15,FSC,943091072
APTMNGMH,code,L,70004393,CS,2006-01-07T09:40,2006-01-07T12:10,ORY,943091072
PNRLAVKS,code,L,70004400,ST,2006-01-07T06:30,2006-01-07T09:15,FSC,943091072
PNRLAVKS,code,L,70004393,ST,2006-01-07T09:40,2006-01-07T12:10,ORY,943091072
SRFGVMPX,code,L,70004400,ST,2006-01-07T06:30,2006-01-07T09:15,FSC,943091072
SRFGVMPX,code,L,70004393,ST,2006-01-07T09:40,2006-01-07T12:10,ORY,943091072
YQWPXKMQ,code,L,70003067,CP,2006-01-07T06:30,2006-01-07T08:50,ORY,1772116450
YQWPXKMQ,code,L,70004784,CP,2006-01-07T10:00,2006-01-07T11:40,NCE,1772116450
YQWPXKMQ,code,L,70004679,CP,2006-01-07T12:35,2006-01-07T13:50,LIL,1772116450
YQWPXKMQ,code,L,70004678,CP,2006-01-07T14:45,2006-01-07T16:30,LYS,1772116450
VYDURDJV,code,L,70003067,FO,2006-01-07T06:30,2006-01-07T08:50,ORY,1772116450
VYDURDJV,code,L,70004784,FO,2006-01-07T10:00,2006-01-07T11:40,NCE,1772116450
VYDURDJV,code,L,70004679,FO,2006-01-07T12:35,2006-01-07T13:50,LIL,1772116450
VYDURDJV,code,L,70004678,FO,2006-01-07T14:45,2006-01-07T16:30,LYS,1772116450
LPUPVHPY,code,L,70003067,CS,2006-01-07T06:30,2006-01-07T08:50,ORY,1772116450
LPUPVHPY,code,L,70004784,CS,2006-01-07T10:00,2006-01-07T11:40,NCE,1772116450
LPUPVHPY,code,L,70004679,CS,2006-01-07T12:35,2006-01-07T13:50,LIL,1772116450
LPUPVHPY,code,L,70004678,CS,2006-01-07T14:45,2006-01-07T16:30,LYS,1772116450
JECGXQBE,code,L,70003067,ST,2006-01-07T06:30,2006-01-07T08:50,ORY,1772116450
JECGXQBE,code,L,70004784,ST,2006-01-07T10:00,2006-01-07T11:40,NCE,1772116450
JECGXQBE,code,L,70004679,ST,2006-01-07T12:35,2006-01-07T13:50,LIL,1772116450
JECGXQBE,code,L,70004678,ST,2006-01-07T14:45,2006-01-07T16:30,LYS,1772116450
RXQZTKRG,code,L,70003067,ST,2006-01-07T06:30,2006-01-07T08:50,ORY,1772116450
RXQZTKRG,code,L,70004784,ST,2006-01-07T10:00,2006-01-07T11:40,NCE,1772116450
RXQZTKRG,code,L,70004679,ST,2006-01-07T12:35,2006-01-07T13:50,LIL,1772116450
RXQZTKRG,code,L,70004678,ST,2006-01-07T14:45,2006-01-07T16:30,LYS,1772116450
TGQTBMXS,code,L,70003067,ST,2006-01-07T06:30,2006-01-07T08:50,ORY,1772116450
TGQTBMXS,code,L,70004784,ST,2006-01-07T10:00,2006-01-07T11:40,NCE,1772116450
TGQTBMXS,code,L,70004679,ST,2006-01-07T12:35,2006-01-07T13:50,LIL,1772116450
TGQTBMXS,code,L,70004678,ST,2006-01-07T14:45,2006-01-07T16:30,LYS,1772116450
SLZDJUDG,code,L,70004165,CP,2006-01-07T07:00,2006-01-07T09:00,ORY,29236707
SLZDJUDG,code,L,70004170,CP,2006-01-07T10:10,2006-01-07T11:10,SXB,29236707
SLZDJUDG,code,L,70004171,CP,2006-01-07T14:25,2006-01-07T15:25,ORY,29236707
SLZDJUDG,code,L,70004180,CP,2006-01-07T17:00,2006-01-07T18:45,SXB,29236707
MJAXVAJF,code,L,70004165,FO,2006-01-07T07:00,2006-01-07T09:00,ORY,29236707
MJAXVAJF,code,L,70004170,FO,2006-01-07T10:10,2006-01-07T11:10,SXB,29236707
MJAXVAJF,code,L,70004171,FO,2006-01-07T14:25,2006-01-07T15:25,ORY,29236707
MJAXVAJF,code,L,70004180,FO,2006-01-07T17:00,2006-01-07T18:45,SXB,29236707
DZXZJJID,code,L,70004165,CSD,2006-01-07T07:00,2006-01-07T09:00,ORY,29236707
DZXZJJID,code,L,70004170,CSD,2006-01-07T10:10,2006-01-07T11:10,SXB,29236707
DZXZJJID,code,L,70004171,CSD,2006-01-07T14:25,2006-01-07T15:25,ORY,29236707
DZXZJJID,code,L,70004180,CSD,2006-01-07T17:00,2006-01-07T18:45,SXB,29236707
FRDQZWZD,code,L,70004165,CSD,2006-01-07T07:00,2006-01-07T09:00,ORY,29236707
FRDQZWZD,code,L,70004170,CSD,2006-01-07T10:10,2006-01-07T11:10,SXB,29236707
FRDQZWZD,code,L,70004171,CSD,2006-01-07T14:25,2006-01-07T15:25,ORY,29236707
FRDQZWZD,code,L,70004180,CSD,2006-01-07T17:00,2006-01-07T18:45,SXB,29236707
QFPHWSMF,code,L,70004165,ST,2006-01-07T07:00,2006-01-07T09:00,ORY,29236707
QFPHWSMF,code,L,70004170,ST,2006-01-07T10:10,2006-01-07T11:10,SXB,29236707
QFPHWSMF,code,L,70004171,ST,2006-01-07T14:25,2006-01-07T15:25,ORY,29236707
QFPHWSMF,code,L,70004180,ST,2006-01-07T17:00,2006-01-07T18:45,SXB,29236707
LFGVITCL,code,L,70004165,ST,2006-01-07T07:00,2006-01-07T09:00,ORY,29236707
LFGVITCL,code,L,70004170,ST,2006-01-07T10:10,2006-01-07T11:10,SXB,29236707
LFGVITCL,code,L,70004171,ST,2006-01-07T14:25,2006-01-07T15:25,ORY,29236707
LFGVITCL,code,L,70004180,ST,2006-01-07T17:00,2006-01-07T18:45,SXB,29236707
QNSEDVBB,code,L,70004165,ST,2006-01-07T07:00,2006-01-07T09:00,ORY,29236707
QNSEDVBB,code,L,70004170,ST,2006-01-07T10:10,2006-01-07T11:10,SXB,29236707
QNSEDVBB,code,L,70004171,ST,2006-01-07T14:25,2006-01-07T15:25,ORY,29236707
QNSEDVBB,code,L,70004180,ST,2006-01-07T17:00,2006-01-07T18:45,SXB,29236707
ZHWRFCGP,code,L,70004165,ST,2006-01-07T07:00,2006-01-07T09:00,ORY,29236707
ZHWRFCGP,code,L,70004170,ST,2006-01-07T10:10,2006-01-07T11:10,SXB,29236707
ZHWRFCGP,code,L,70004171,ST,2006-01-07T14:25,2006-01-07T15:25,ORY,29236707
ZHWRFCGP,code,L,70004180,ST,2006-01-07T17:00,2006-01-07T18:45,SXB,29236707
TVLHMMIK,code,L,70003122,CP,2006-01-07T07:00,2006-01-07T09:10,BOD,863898425
TVLHMMIK,code,L,70003121,CP,2006-01-07T10:10,2006-01-07T12:00,ORY,863898425
DNCWNDFI,code,L,70003122,FO,2006-01-07T07:00,2006-01-07T09:10,BOD,863898425
DNCWNDFI,code,L,70003121,FO,2006-01-07T10:10,2006-01-07T12:00,ORY,863898425
LUQWQXHX,code,L,70003122,CSD,2006-01-07T07:00,2006-01-07T09:10,BOD,863898425
LUQWQXHX,code,L,70003121,CSD,2006-01-07T10:10,2006-01-07T12:00,ORY,863898425
NTDJDCDR,code,L,70003122,CSD,2006-01-07T07:00,2006-01-07T09:10,BOD,863898425
NTDJDCDR,code,L,70003121,CSD,2006-01-07T10:10,2006-01-07T12:00,ORY,863898425
GYHTESXX,code,L,70003122,ST,2006-01-07T07:00,2006-01-07T09:10,BOD,863898425
GYHTESXX,code,L,70003121,ST,2006-01-07T10:10,2006-01-07T12:00,ORY,863898425
MZOUEBRO,code,L,70003122,ST,2006-01-07T07:00,2006-01-07T09:10,BOD,863898425
MZOUEBRO,code,L,70003121,ST,2006-01-07T10:10,2006-01-07T12:00,ORY,863898425
EBRFUQNG,code,L,70003122,ST,2006-01-07T07:00,2006-01-07T09:10,BOD,863898425
EBRFUQNG,code,L,70003121,ST,2006-01-07T10:10,2006-01-07T12:00,ORY,863898425
TXCNHCIL,code,L,70003122,ST,2006-01-07T07:00,2006-01-07T09:10,BOD,863898425
TXCNHCIL,code,L,70003121,ST,2006-01-07T10:10,2006-01-07T12:00,ORY,863898425
UINYYXCI,code,L,70004406,CP,2006-01-07T07:05,2006-01-07T09:25,MPL,1022862599
UINYYXCI,code,L,70004409,CP,2006-01-07T10:15,2006-01-07T12:15,ORY,1022862599
MXZIELNT,code,L,70004406,FO,2006-01-07T07:05,2006-01-07T09:25,MPL,1022862599
MXZIELNT,code,L,70004409,FO,2006-01-07T10:15,2006-01-07T12:15,ORY,1022862599
VGVEETFD,code,L,70004406,CSD,2006-01-07T07:05,2006-01-07T09:25,MPL,1022862599
VGVEETFD,code,L,70004409,CSD,2006-01-07T10:15,2006-01-07T12:15,ORY,1022862599
FDDFOFWO,code,L,70004406,CSD,2006-01-07T07:05,2006-01-07T09:25,MPL,1022862599
FDDFOFWO,code,L,70004409,CSD,2006-01-07T10:15,2006-01-07T12:15,ORY,1022862599
GEESVLOD,code,L,70004406,ST,2006-01-07T07:05,2006-01-07T09:25,MPL,1022862599
GEESVLOD,code,L,70004409,ST,2006-01-07T10:15,2006-01-07T12:15,ORY,1022862599
AODKDKKN,code,L,70004406,ST,2006-01-07T07:05,2006-01-07T09:25,MPL,1022862599
AODKDKKN,code,L,70004409,ST,2006-01-07T10:15,2006-01-07T12:15,ORY,1022862599
YSNNRYSV,code,L,70004406,ST,2006-01-07T07:05,2006-01-07T09:25,MPL,1022862599
YSNNRYSV,code,L,70004409,ST,2006-01-07T10:15,2006-01-07T12:15,ORY,1022862599
LESXHPAY,code,L,70004406,ST,2006-01-07T07:05,2006-01-07T09:25,MPL,1022862599
LESXHPAY,code,L,70004409,ST,2006-01-07T10:15,2006-01-07T12:15,ORY,1022862599
NTACDCSW,code,L,70002978,CP,2006-01-07T07:10,2006-01-07T09:30,TLS,461272858
NTACDCSW,code,L,70004345,CP,2006-01-07T10:45,2006-01-07T12:00,ORY,461272858
NTACDCSW,code,L,70004348,CP,2006-01-07T12:50,2006-01-07T14:10,BIQ,461272858
NTACDCSW,code,L,70004351,CP,2006-01-07T15:55,2006-01-07T17:10,ORY,461272858
NTACDCSW,code,L,70004354,CP,2006-01-07T18:00,2006-01-07T19:20,BIQ,461272858
NTACDCSW,code,L,70004342,CP,2006-01-07T20:05,2006-01-07T21:50,ORY,461272858
CUUOZIXD,code,L,70002978,FO,2006-01-07T07:10,2006-01-07T09:30,TLS,461272858
CUUOZIXD,code,L,70004345,FO,2006-01-07T10:45,2006-01-07T12:00,ORY,461272858
CUUOZIXD,code,L,70004348,FO,2006-01-07T12:50,2006-01-07T14:10,BIQ,461272858
CUUOZIXD,code,L,70004351,FO,2006-01-07T15:55,2006-01-07T17:10,ORY,461272858
CUUOZIXD,code,L,70004354,FO,2006-01-07T18:00,2006-01-07T19:20,BIQ,461272858
CUUOZIXD,code,L,70004342,FO,2006-01-07T20:05,2006-01-07T21:50,ORY,461272858
POTLEYPZ,code,L,70002978,CSD,2006-01-07T07:10,2006-01-07T09:30,TLS,461272858
POTLEYPZ,code,L,70004345,CSD,2006-01-07T10:45,2006-01-07T12:00,ORY,461272858
POTLEYPZ,code,L,70004348,CSD,2006-01-07T12:50,2006-01-07T14:10,BIQ,461272858
POTLEYPZ,code,L,70004351,CSD,2006-01-07T15:55,2006-01-07T17:10,ORY,461272858
POTLEYPZ,code,L,70004354,CSD,2006-01-07T18:00,2006-01-07T19:20,BIQ,461272858
POTLEYPZ,code,L,70004342,CSD,2006-01-07T20:05,2006-01-07T21:50,ORY,461272858
MDMCJFLQ,code,L,70002978,CSD,2006-01-07T07:10,2006-01-07T09:30,TLS,461272858
MDMCJFLQ,code,L,70004345,CSD,2006-01-07T10:45,2006-01-07T12:00,ORY,461272858
MDMCJFLQ,code,L,70004348,CSD,2006-01-07T12:50,2006-01-07T14:10,BIQ,461272858
MDMCJFLQ,code,L,70004351,CSD,2006-01-07T15:55,2006-01-07T17:10,ORY,461272858
MDMCJFLQ,code,L,70004354,CSD,2006-01-07T18:00,2006-01-07T19:20,BIQ,461272858
MDMCJFLQ,code,L,70004342,CSD,2006-01-07T20:05,2006-01-07T21:50,ORY,461272858
QDUQDBCI,code,L,70002978,ST,2006-01-07T07:10,2006-01-07T09:30,TLS,461272858
QDUQDBCI,code,L,70004345,ST,2006-01-07T10:45,2006-01-07T12:00,ORY,461272858
QDUQDBCI,code,L,70004348,ST,2006-01-07T12:50,2006-01-07T14:10,BIQ,461272858
QDUQDBCI,code,L,70004351,ST,2006-01-07T15:55,2006-01-07T17:10,ORY,461272858
QDUQDBCI,code,L,70004354,ST,2006-01-07T18:00,2006-01-07T19:20,BIQ,461272858
QDUQDBCI,code,L,70004342,ST,2006-01-07T20:05,2006-01-07T21:50,ORY,461272858
EHWUMCQN,code,L,70002978,ST,2006-01-07T07:10,2006-01-07T09:30,TLS,461272858
EHWUMCQN,code,L,70004345,ST,2006-01-07T10:45,2006-01-07T12:00,ORY,461272858
EHWUMCQN,code,L,70004348,ST,2006-01-07T12:50,2006-01-07T14:10,BIQ,461272858
EHWUMCQN,code,L,70004351,ST,2006-01-07T15:55,2006-01-07T17:10,ORY,461272858
EHWUMCQN,code,L,70004354,ST,2006-01-07T18:00,2006-01-07T19:20,BIQ,461272858
EHWUMCQN,code,L,70004342,ST,2006-01-07T20:05,2006-01-07T21:50,ORY,461272858
IRLTAOHJ,code,L,70002978,ST,2006-01-07T07:10,2006-01-07T09:30,TLS,461272858
IRLTAOHJ,code,L,70004345,ST,2006-01-07T10:45,2006-01-07T12:00,ORY,461272858
IRLTAOHJ,code,L,70004348,ST,2006-01-07T12:50,2006-01-07T14:10,BIQ,461272858
IRLTAOHJ,code,L,70004351,ST,2006-01-07T15:55,2006-01-07T17:10,ORY,461272858
IRLTAOHJ,code,L,70004354,ST,2006-01-07T18:00,2006-01-07T19:20,BIQ,461272858
IRLTAOHJ,code,L,70004342,ST,2006-01-07T20:05,2006-01-07T21:50,ORY,461272858
LYWGYILF,code,L,70002978,ST,2006-01-07T07:10,2006-01-07T09:30,TLS,461272858
LYWGYILF,code,L,70004345,ST,2006-01-07T10:45,2006-01-07T12:00,ORY,461272858
LYWGYILF,code,L,70004348,ST,2006-01-07T12:50,2006-01-07T14:10,BIQ,461272858
LYWGYILF,code,L,70004351,ST,2006-01-07T15:55,2006-01-07T17:10,ORY,461272858
LYWGYILF,code,L,70004354,ST,2006-01-07T18:00,2006-01-07T19:20,BIQ,461272858
LYWGYILF,code,L,70004342,ST,2006-01-07T20:05,2006-01-07T21:50,ORY,461272858
UQZAXBAU,code,L,70004168,CP,2006-01-07T07:10,2006-01-07T09:10,SXB,1178395817
UQZAXBAU,code,L,70004167,CP,2006-01-07T10:25,2006-01-07T12:10,ORY,1178395817
BYVZAYFW,code,L,70004168,FO,2006-01-07T07:10,2006-01-07T09:10,SXB,1178395817
BYVZAYFW,code,L,70004167,FO,2006-01-07T10:25,2006-01-07T12:10,ORY,1178395817
ADNAILVD,code,L,70004168,CSD,2006-01-07T07:10,2006-01-07T09:10,SXB,1178395817
ADNAILVD,code,L,70004167,CSD,2006-01-07T10:25,2006-01-07T12:10,ORY,1178395817
CQZBFABF,code,L,70004168,CSD,2006-01-07T07:10,2006-01-07T09:10,SXB,1178395817
CQZBFABF,code,L,70004167,CSD,2006-01-07T10:25,2006-01-07T12:10,ORY,1178395817
BCGZECVB,code,L,70004168,ST,2006-01-07T07:10,2006-01-07T09:10,SXB,1178395817
BCGZECVB,code,L,70004167,ST,2006-01-07T10:25,2006-01-07T12:10,ORY,1178395817
LJBAAWDG,code,L,70004168,ST,2006-01-07T07:10,2006-01-07T09:10,SXB,1178395817
LJBAAWDG,code,L,70004167,ST,2006-01-07T10:25,2006-01-07T12:10,ORY,1178395817
VTVMLMZP,code,L,70004168,ST,2006-01-07T07:10,2006-01-07T09:10,SXB,1178395817
VTVMLMZP,code,L,70004167,ST,2006-01-07T10:25,2006-01-07T12:10,ORY,1178395817
FJSSBHTI,code,L,70004168,ST,2006-01-07T07:10,2006-01-07T09:10,SXB,1178395817
FJSSBHTI,code,L,70004167,ST,2006-01-07T10:25,2006-01-07T12:10,ORY,1178395817
RRXLCECO,code,L,70004475,CP,2006-01-07T07:10,2006-01-07T09:45,ORY,2142954714
RRXLCECO,code,L,70004476,CP,2006-01-07T10:45,2006-01-07T13:00,CLY,2142954714
AUWDPPSL,code,L,70004475,FO,2006-01-07T07:10,2006-01-07T09:45,ORY,2142954714
AUWDPPSL,code,L,70004476,FO,2006-01-07T10:45,2006-01-07T13:00,CLY,2142954714
EOVJEXWE,code,L,70004475,CSD,2006-01-07T07:10,2006-01-07T09:45,ORY,2142954714
EOVJEXWE,code,L,70004476,CSD,2006-01-07T10:45,2006-01-07T13:00,CLY,2142954714
JIJJOTRW,code,L,70004475,CSD,2006-01-07T07:10,2006-01-07T09:45,ORY,2142954714
JIJJOTRW,code,L,70004476,CSD,2006-01-07T10:45,2006-01-07T13:00,CLY,2142954714
SHPKKTQY,code,L,70004475,ST,2006-01-07T07:10,2006-01-07T09:45,ORY,2142954714
SHPKKTQY,code,L,70004476,ST,2006-01-07T10:45,2006-01-07T13:00,CLY,2142954714
QZBJGFTQ,code,L,70004475,ST,2006-01-07T07:10,2006-01-07T09:45,ORY,2142954714
QZBJGFTQ,code,L,70004476,ST,2006-01-07T10:45,2006-01-07T13:00,CLY,2142954714
XZSQDIIL,code,L,70004475,ST,2006-01-07T07:10,2006-01-07T09:45,ORY,2142954714
XZSQDIIL,code,L,70004476,ST,2006-01-07T10:45,2006-01-07T13:00,CLY,2142954714
QFWUNGXD,code,L,70004475,ST,2006-01-07T07:10,2006-01-07T09:45,ORY,2142954714
QFWUNGXD,code,L,70004476,ST,2006-01-07T10:45,2006-01-07T13:00,CLY,2142954714
ZCBXUFNJ,code,L,70004518,CP,2006-01-07T07:55,2006-01-07T10:00,CFE,41568198
ZCBXUFNJ,code,L,70002584,CP,2006-01-07T12:30,2006-01-07T13:35,CDG,41568198
ZCBXUFNJ,code,L,70002585,CP,2006-01-07T14:55,2006-01-07T15:55,RNS,41568198
ZCBXUFNJ,code,L,70004641,CP,2006-01-07T17:20,2006-01-07T18:50,CDG,41568198
ZCBXUFNJ,code,L,70004642,CP,2006-01-07T19:30,2006-01-07T21:15,PUF,41568198
XOAGEJQZ,code,L,70004518,FO,2006-01-07T07:55,2006-01-07T10:00,CFE,41568198
XOAGEJQZ,code,L,70002584,FO,2006-01-07T12:30,2006-01-07T13:35,CDG,41568198
XOAGEJQZ,code,L,70002585,FO,2006-01-07T14:55,2006-01-07T15:55,RNS,41568198
XOAGEJQZ,code,L,70004641,FO,2006-01-07T17:20,2006-01-07T18:50,CDG,41568198
XOAGEJQZ,code,L,70004642,FO,2006-01-07T19:30,2006-01-07T21:15,PUF,41568198
KHIJTCDZ,code,L,70004518,CS,2006-01-07T07:55,2006-01-07T10:00,CFE,41568198
KHIJTCDZ,code,L,70002584,CS,2006-01-07T12:30,2006-01-07T13:35,CDG,41568198
KHIJTCDZ,code,L,70002585,CS,2006-01-07T14:55,2006-01-07T15:55,RNS,41568198
KHIJTCDZ,code,L,70004641,CS,2006-01-07T17:20,2006-01-07T18:50,CDG,41568198
KHIJTCDZ,code,L,70004642,CS,2006-01-07T19:30,2006-01-07T21:15,PUF,41568198
QJBSWQCZ,code,L,70004518,ST,2006-01-07T07:55,2006-01-07T10:00,CFE,41568198
QJBSWQCZ,code,L,70002584,ST,2006-01-07T12:30,2006-01-07T13:35,CDG,41568198
QJBSWQCZ,code,L,70002585,ST,2006-01-07T14:55,2006-01-07T15:55,RNS,41568198
QJBSWQCZ,code,L,70004641,ST,2006-01-07T17:20,2006-01-07T18:50,CDG,41568198
QJBSWQCZ,code,L,70004642,ST,2006-01-07T19:30,2006-01-07T21:15,PUF,41568198
XWVBGLYH,code,L,70004518,ST,2006-01-07T07:55,2006-01-07T10:00,CFE,41568198
XWVBGLYH,code,L,70002584,ST,2006-01-07T12:30,2006-01-07T13:35,CDG,41568198
XWVBGLYH,code,L,70002585,ST,2006-01-07T14:55,2006-01-07T15:55,RNS,41568198
XWVBGLYH,code,L,70004641,ST,2006-01-07T17:20,2006-01-07T18:50,CDG,41568198
XWVBGLYH,code,L,70004642,ST,2006-01-07T19:30,2006-01-07T21:15,PUF,41568198
BQUSJMFV,code,L,70004837,CP,2006-01-07T08:15,2006-01-07T10:35,SXB,1988519473
BQUSJMFV,code,L,70004838,CP,2006-01-07T11:15,2006-01-07T12:35,NCE,1988519473
BQUSJMFV,code,L,70002644,CP,2006-01-07T13:10,2006-01-07T14:10,SXB,1988519473
BQUSJMFV,code,L,70002643,CP,2006-01-07T15:00,2006-01-07T16:45,LYS,1988519473
AVQVMSJM,code,L,70004837,FO,2006-01-07T08:15,2006-01-07T10:35,SXB,1988519473
AVQVMSJM,code,L,70004838,FO,2006-01-07T11:15,2006-01-07T12:35,NCE,1988519473
AVQVMSJM,code,L,70002644,FO,2006-01-07T13:10,2006-01-07T14:10,SXB,1988519473
AVQVMSJM,code,L,70002643,FO,2006-01-07T15:00,2006-01-07T16:45,LYS,1988519473
JJIBATRO,code,L,70004837,CS,2006-01-07T08:15,2006-01-07T10:35,SXB,1988519473
JJIBATRO,code,L,70004838,CS,2006-01-07T11:15,2006-01-07T12:35,NCE,1988519473
JJIBATRO,code,L,70002644,CS,2006-01-07T13:10,2006-01-07T14:10,SXB,1988519473
JJIBATRO,code,L,70002643,CS,2006-01-07T15:00,2006-01-07T16:45,LYS,1988519473
WEWCEGLU,code,L,70004837,ST,2006-01-07T08:15,2006-01-07T10:35,SXB,1988519473
WEWCEGLU,code,L,70004838,ST,2006-01-07T11:15,2006-01-07T12:35,NCE,1988519473
WEWCEGLU,code,L,70002644,ST,2006-01-07T13:10,2006-01-07T14:10,SXB,1988519473
WEWCEGLU,code,L,70002643,ST,2006-01-07T15:00,2006-01-07T16:45,LYS,1988519473
XGUZUVUN,code,L,70004837,ST,2006-01-07T08:15,2006-01-07T10:35,SXB,1988519473
XGUZUVUN,code,L,70004838,ST,2006-01-07T11:15,2006-01-07T12:35,NCE,1988519473
XGUZUVUN,code,L,70002644,ST,2006-01-07T13:10,2006-01-07T14:10,SXB,1988519473
XGUZUVUN,code,L,70002643,ST,2006-01-07T15:00,2006-01-07T16:45,LYS,1988519473
XNWITEVR,code,L,70004837,ST,2006-01-07T08:15,2006-01-07T10:35,SXB,1988519473
XNWITEVR,code,L,70004838,ST,2006-01-07T11:15,2006-01-07T12:35,NCE,1988519473
XNWITEVR,code,L,70002644,ST,2006-01-07T13:10,2006-01-07T14:10,SXB,1988519473
XNWITEVR,code,L,70002643,ST,2006-01-07T15:00,2006-01-07T16:45,LYS,1988519473
WMJXBEGD,code,L,70004268,CP,2006-01-07T08:30,2006-01-07T10:35,LYS,190797265
WMJXBEGD,code,L,70004273,CP,2006-01-07T11:20,2006-01-07T12:25,ORY,190797265
WMJXBEGD,code,L,70004272,CP,2006-01-07T13:10,2006-01-07T14:15,LYS,190797265
WMJXBEGD,code,L,70004279,CP,2006-01-07T15:00,2006-01-07T16:05,ORY,190797265
WMJXBEGD,code,L,70004274,CP,2006-01-07T16:50,2006-01-07T17:55,LYS,190797265
WMJXBEGD,code,L,70004275,CP,2006-01-07T18:40,2006-01-07T20:30,ORY,190797265
FXGVBCJY,code,L,70004268,FO,2006-01-07T08:30,2006-01-07T10:35,LYS,190797265
FXGVBCJY,code,L,70004273,FO,2006-01-07T11:20,2006-01-07T12:25,ORY,190797265
FXGVBCJY,code,L,70004272,FO,2006-01-07T13:10,2006-01-07T14:15,LYS,190797265
FXGVBCJY,code,L,70004279,FO,2006-01-07T15:00,2006-01-07T16:05,ORY,190797265
FXGVBCJY,code,L,70004274,FO,2006-01-07T16:50,2006-01-07T17:55,LYS,190797265
FXGVBCJY,code,L,70004275,FO,2006-01-07T18:40,2006-01-07T20:30,ORY,190797265
CJSBSSYL,code,L,70004268,CSD,2006-01-07T08:30,2006-01-07T10:35,LYS,190797265
CJSBSSYL,code,L,70004273,CSD,2006-01-07T11:20,2006-01-07T12:25,ORY,190797265
CJSBSSYL,code,L,70004272,CSD,2006-01-07T13:10,2006-01-07T14:15,LYS,190797265
CJSBSSYL,code,L,70004279,CSD,2006-01-07T15:00,2006-01-07T16:05,ORY,190797265
CJSBSSYL,code,L,70004274,CSD,2006-01-07T16:50,2006-01-07T17:55,LYS,190797265
CJSBSSYL,code,L,70004275,CSD,2006-01-07T18:40,2006-01-07T20:30,ORY,190797265
ZYZAKQPQ,code,L,70004268,CSD,2006-01-07T08:30,2006-01-07T10:35,LYS,190797265
ZYZAKQPQ,code,L,70004273,CSD,2006-01-07T11:20,2006-01-07T12:25,ORY,190797265
ZYZAKQPQ,code,L,70004272,CSD,2006-01-07T13:10,2006-01-07T14:15,LYS,190797265
ZYZAKQPQ,code,L,70004279,CSD,2006-01-07T15:00,2006-01-07T16:05,ORY,190797265
ZYZAKQPQ,code,L,70004274,CSD,2006-01-07T16:50,2006-01-07T17:55,LYS,190797265
ZYZAKQPQ,code,L,70004275,CSD,2006-01-07T18:40,2006-01-07T20:30,ORY,190797265
QNANWFFT,code,L,70004268,ST,2006-01-07T08:30,2006-01-07T10:35,LYS,190797265
QNANWFFT,code,L,70004273,ST,2006-01-07T11:20,2006-01-07T12:25,ORY,190797265
QNANWFFT,code,L,70004272,ST,2006-01-07T13:10,2006-01-07T14:15,LYS,190797265
QNANWFFT,code,L,70004279,ST,2006-01-07T15:00,2006-01-07T16:05,ORY,190797265
QNANWFFT,code,L,70004274,ST,2006-01-07T16:50,2006-01-07T17:55,LYS,190797265
QNANWFFT,code,L,70004275,ST,2006-01-07T18:40,2006-01-07T20:30,ORY,190797265
IBQFJXXX,code,L,70004268,ST,2006-01-07T08:30,2006-01-07T10:35,LYS,190797265
IBQFJXXX,code,L,70004273,ST,2006-01-07T11:20,2006-01-07T12:25,ORY,190797265
IBQFJXXX,code,L,70004272,ST,2006-01-07T13:10,2006-01-07T14:15,LYS,190797265
IBQFJXXX,code,L,70004279,ST,2006-01-07T15:00,2006-01-07T16:05,ORY,190797265
IBQFJXXX,code,L,70004274,ST,2006-01-07T16:50,2006-01-07T17:55,LYS,190797265
IBQFJXXX,code,L,70004275,ST,2006-01-07T18:40,2006-01-07T20:30,ORY,190797265
AMWNGTNY,code,L,70004268,ST,2006-01-07T08:30,2006-01-07T10:35,LYS,190797265
AMWNGTNY,code,L,70004273,ST,2006-01-07T11:20,2006-01-07T12:25,ORY,190797265
AMWNGTNY,code,L,70004272,ST,2006-01-07T13:10,2006-01-07T14:15,LYS,190797265
AMWNGTNY,code,L,70004279,ST,2006-01-07T15:00,2006-01-07T16:05,ORY,190797265
AMWNGTNY,code,L,70004274,ST,2006-01-07T16:50,2006-01-07T17:55,LYS,190797265
AMWNGTNY,code,L,70004275,ST,2006-01-07T18:40,2006-01-07T20:30,ORY,190797265
GQNZANPD,code,L,70004268,ST,2006-01-07T08:30,2006-01-07T10:35,LYS,190797265
GQNZANPD,code,L,70004273,ST,2006-01-07T11:20,2006-01-07T12:25,ORY,190797265
GQNZANPD,code,L,70004272,ST,2006-01-07T13:10,2006-01-07T14:15,LYS,190797265
GQNZANPD,code,L,70004279,ST,2006-01-07T15:00,2006-01-07T16:05,ORY,190797265
GQNZANPD,code,L,70004274,ST,2006-01-07T16:50,2006-01-07T17:55,LYS,190797265
GQNZANPD,code,L,70004275,ST,2006-01-07T18:40,2006-01-07T20:30,ORY,190797265
AUULCRZF,code,L,70004658,CP,2006-01-07T08:35,2006-01-07T11:05,TLS,1839244181
AUULCRZF,code,L,70004657,CP,2006-01-07T11:55,2006-01-07T13:20,CDG,1839244181
AUULCRZF,code,L,70004650,CP,2006-01-07T15:00,2006-01-07T16:30,TLS,1839244181
AUULCRZF,code,L,70004651,CP,2006-01-07T17:25,2006-01-07T19:35,CDG,1839244181
YAZCVFHA,code,L,70004658,FO,2006-01-07T08:35,2006-01-07T11:05,TLS,1839244181
YAZCVFHA,code,L,70004657,FO,2006-01-07T11:55,2006-01-07T13:20,CDG,1839244181
YAZCVFHA,code,L,70004650,FO,2006-01-07T15:00,2006-01-07T16:30,TLS,1839244181
YAZCVFHA,code,L,70004651,FO,2006-01-07T17:25,2006-01-07T19:35,CDG,1839244181
JXAHJCAU,code,L,70004658,CSD,2006-01-07T08:35,2006-01-07T11:05,TLS,1839244181
JXAHJCAU,code,L,70004657,CSD,2006-01-07T11:55,2006-01-07T13:20,CDG,1839244181
JXAHJCAU,code,L,70004650,CSD,2006-01-07T15:00,2006-01-07T16:30,TLS,1839244181
JXAHJCAU,code,L,70004651,CSD,2006-01-07T17:25,2006-01-07T19:35,CDG,1839244181
OFBJDNPP,code,L,70004658,CSD,2006-01-07T08:35,2006-01-07T11:05,TLS,1839244181
OFBJDNPP,code,L,70004657,CSD,2006-01-07T11:55,2006-01-07T13:20,CDG,1839244181
OFBJDNPP,code,L,70004650,CSD,2006-01-07T15:00,2006-01-07T16:30,TLS,1839244181
OFBJDNPP,code,L,70004651,CSD,2006-01-07T17:25,2006-01-07T19:35,CDG,1839244181
PGZNBJJR,code,L,70004658,ST,2006-01-07T08:35,2006-01-07T11:05,TLS,1839244181
PGZNBJJR,code,L,70004657,ST,2006-01-07T11:55,2006-01-07T13:20,CDG,1839244181
PGZNBJJR,code,L,70004650,ST,2006-01-07T15:00,2006-01-07T16:30,TLS,1839244181
PGZNBJJR,code,L,70004651,ST,2006-01-07T17:25,2006-01-07T19:35,CDG,1839244181
YETVEFEI,code,L,70004658,ST,2006-01-07T08:35,2006-01-07T11:05,TLS,1839244181
YETVEFEI,code,L,70004657,ST,2006-01-07T11:55,2006-01-07T13:20,CDG,1839244181
YETVEFEI,code,L,70004650,ST,2006-01-07T15:00,2006-01-07T16:30,TLS,1839244181
YETVEFEI,code,L,70004651,ST,2006-01-07T17:25,2006-01-07T19:35,CDG,1839244181
DGDFRLFR,code,L,70004658,ST,2006-01-07T08:35,2006-01-07T11:05,TLS,1839244181
DGDFRLFR,code,L,70004657,ST,2006-01-07T11:55,2006-01-07T13:20,CDG,1839244181
DGDFRLFR,code,L,70004650,ST,2006-01-07T15:00,2006-01-07T16:30,TLS,1839244181
DGDFRLFR,code,L,70004651,ST,2006-01-07T17:25,2006-01-07T19:35,CDG,1839244181
ACUXNILR,code,L,70004658,ST,2006-01-07T08:35,2006-01-07T11:05,TLS,1839244181
ACUXNILR,code,L,70004657,ST,2006-01-07T11:55,2006-01-07T13:20,CDG,1839244181
ACUXNILR,code,L,70004650,ST,2006-01-07T15:00,2006-01-07T16:30,TLS,1839244181
ACUXNILR,code,L,70004651,ST,2006-01-07T17:25,2006-01-07T19:35,CDG,1839244181
EXSAJVOX,code,L,70002980,CP,2006-01-07T08:40,2006-01-07T11:00,TLS,2039758977
EXSAJVOX,code,L,70002983,CP,2006-01-07T11:50,2006-01-07T13:00,ORY,2039758977
EXSAJVOX,code,L,70002988,CP,2006-01-07T13:40,2006-01-07T15:00,TLS,2039758977
EXSAJVOX,code,L,70002995,CP,2006-01-07T15:50,2006-01-07T17:00,ORY,2039758977
EXSAJVOX,code,L,70003004,CP,2006-01-07T17:40,2006-01-07T19:00,TLS,2039758977
EXSAJVOX,code,L,70003011,CP,2006-01-07T19:50,2006-01-07T21:45,ORY,2039758977
JYZDPNXL,code,L,70002980,FO,2006-01-07T08:40,2006-01-07T11:00,TLS,2039758977
JYZDPNXL,code,L,70002983,FO,2006-01-07T11:50,2006-01-07T13:00,ORY,2039758977
JYZDPNXL,code,L,70002988,FO,2006-01-07T13:40,2006-01-07T15:00,TLS,2039758977
JYZDPNXL,code,L,70002995,FO,2006-01-07T15:50,2006-01-07T17:00,ORY,2039758977
JYZDPNXL,code,L,70003004,FO,2006-01-07T17:40,2006-01-07T19:00,TLS,2039758977
JYZDPNXL,code,L,70003011,FO,2006-01-07T19:50,2006-01-07T21:45,ORY,2039758977
BYMVPWOT,code,L,70002980,CSD,2006-01-07T08:40,2006-01-07T11:00,TLS,2039758977
BYMVPWOT,code,L,70002983,CSD,2006-01-07T11:50,2006-01-07T13:00,ORY,2039758977
BYMVPWOT,code,L,70002988,CSD,2006-01-07T13:40,2006-01-07T15:00,TLS,2039758977
BYMVPWOT,code,L,70002995,CSD,2006-01-07T15:50,2006-01-07T17:00,ORY,2039758977
BYMVPWOT,code,L,70003004,CSD,2006-01-07T17:40,2006-01-07T19:00,TLS,2039758977
BYMVPWOT,code,L,70003011,CSD,2006-01-07T19:50,2006-01-07T21:45,ORY,2039758977
QMKTLTBB,code,L,70002980,CSD,2006-01-07T08:40,2006-01-07T11:00,TLS,2039758977
QMKTLTBB,code,L,70002983,CSD,2006-01-07T11:50,2006-01-07T13:00,ORY,2039758977
QMKTLTBB,code,L,70002988,CSD,2006-01-07T13:40,2006-01-07T15:00,TLS,2039758977
QMKTLTBB,code,L,70002995,CSD,2006-01-07T15:50,2006-01-07T17:00,ORY,2039758977
QMKTLTBB,code,L,70003004,CSD,2006-01-07T17:40,2006-01-07T19:00,TLS,2039758977
QMKTLTBB,code,L,70003011,CSD,2006-01-07T19:50,2006-01-07T21:45,ORY,2039758977
QKCSISUS,code,L,70002980,ST,2006-01-07T08:40,2006-01-07T11:00,TLS,2039758977
QKCSISUS,code,L,70002983,ST,2006-01-07T11:50,2006-01-07T13:00,ORY,2039758977
QKCSISUS,code,L,70002988,ST,2006-01-07T13:40,2006-01-07T15:00,TLS,2039758977
QKCSISUS,code,L,70002995,ST,2006-01-07T15:50,2006-01-07T17:00,ORY,2039758977
QKCSISUS,code,L,70003004,ST,2006-01-07T17:40,2006-01-07T19:00,TLS,2039758977
QKCSISUS,code,L,70003011,ST,2006-01-07T19:50,2006-01-07T21:45,ORY,2039758977
HVKWAFPU,code,L,70002980,ST,2006-01-07T08:40,2006-01-07T11:00,TLS,2039758977
HVKWAFPU,code,L,70002983,ST,2006-01-07T11:50,2006-01-07T13:00,ORY,2039758977
HVKWAFPU,code,L,70002988,ST,2006-01-07T13:40,2006-01-07T15:00,TLS,2039758977
HVKWAFPU,code,L,70002995,ST,2006-01-07T15:50,2006-01-07T17:00,ORY,2039758977
HVKWAFPU,code,L,70003004,ST,2006-01-07T17:40,2006-01-07T19:00,TLS,2039758977
HVKWAFPU,code,L,70003011,ST,2006-01-07T19:50,2006-01-07T21:45,ORY,2039758977
PVRMQKDG,code,L,70002980,ST,2006-01-07T08:40,2006-01-07T11:00,TLS,2039758977
PVRMQKDG,code,L,70002983,ST,2006-01-07T11:50,2006-01-07T13:00,ORY,2039758977
PVRMQKDG,code,L,70002988,ST,2006-01-07T13:40,2006-01-07T15:00,TLS,2039758977
PVRMQKDG,code,L,70002995,ST,2006-01-07T15:50,2006-01-07T17:00,ORY,2039758977
PVRMQKDG,code,L,70003004,ST,2006-01-07T17:40,2006-01-07T19:00,TLS,2039758977
PVRMQKDG,code,L,70003011,ST,2006-01-07T19:50,2006-01-07T21:45,ORY,2039758977
RIBHACOC,code,L,70002980,ST,2006-01-07T08:40,2006-01-07T11:00,TLS,2039758977
RIBHACOC,code,L,70002983,ST,2006-01-07T11:50,2006-01-07T13:00,ORY,2039758977
RIBHACOC,code,L,70002988,ST,2006-01-07T13:40,2006-01-07T15:00,TLS,2039758977
RIBHACOC,code,L,70002995,ST,2006-01-07T15:50,2006-01-07T17:00,ORY,2039758977
RIBHACOC,code,L,70003004,ST,2006-01-07T17:40,2006-01-07T19:00,TLS,2039758977
RIBHACOC,code,L,70003011,ST,2006-01-07T19:50,2006-01-07T21:45,ORY,2039758977
KMRYBIZV,code,L,70002795,CP,2006-01-07T08:45,2006-01-07T10:50,LRT,1020019581
KMRYBIZV,code,L,70002796,CP,2006-01-07T12:10,2006-01-07T13:15,ORY,1020019581
KMRYBIZV,code,L,70002797,CP,2006-01-07T14:00,2006-01-07T15:05,LRT,1020019581
KMRYBIZV,code,L,70002525,CP,2006-01-07T16:35,2006-01-07T18:20,ORY,1020019581
HVDLBGLD,code,L,70002795,FO,2006-01-07T08:45,2006-01-07T10:50,LRT,1020019581
HVDLBGLD,code,L,70002796,FO,2006-01-07T12:10,2006-01-07T13:15,ORY,1020019581
HVDLBGLD,code,L,70002797,FO,2006-01-07T14:00,2006-01-07T15:05,LRT,1020019581
HVDLBGLD,code,L,70002525,FO,2006-01-07T16:35,2006-01-07T18:20,ORY,1020019581
XTUVNTOM,code,L,70002795,CSD,2006-01-07T08:45,2006-01-07T10:50,LRT,1020019581
XTUVNTOM,code,L,70002796,CSD,2006-01-07T12:10,2006-01-07T13:15,ORY,1020019581
XTUVNTOM,code,L,70002797,CSD,2006-01-07T14:00,2006-01-07T15:05,LRT,1020019581
XTUVNTOM,code,L,70002525,CSD,2006-01-07T16:35,2006-01-07T18:20,ORY,1020019581
RWFJIRYD,code,L,70002795,ST,2006-01-07T08:45,2006-01-07T10:50,LRT,1020019581
RWFJIRYD,code,L,70002796,ST,2006-01-07T12:10,2006-01-07T13:15,ORY,1020019581
RWFJIRYD,code,L,70002797,ST,2006-01-07T14:00,2006-01-07T15:05,LRT,1020019581
RWFJIRYD,code,L,70002525,ST,2006-01-07T16:35,2006-01-07T18:20,ORY,1020019581
BVXDGTIT,code,L,70002795,ST,2006-01-07T08:45,2006-01-07T10:50,LRT,1020019581
BVXDGTIT,code,L,70002796,ST,2006-01-07T12:10,2006-01-07T13:15,ORY,1020019581
BVXDGTIT,code,L,70002797,ST,2006-01-07T14:00,2006-01-07T15:05,LRT,1020019581
BVXDGTIT,code,L,70002525,ST,2006-01-07T16:35,2006-01-07T18:20,ORY,1020019581
BNKFHWHV,code,L,70004638,CP,2006-01-07T08:45,2006-01-07T11:15,PUF,260274019
BNKFHWHV,code,L,70004585,CP,2006-01-07T13:00,2006-01-07T14:05,CDG,260274019
BNKFHWHV,code,L,70004586,CP,2006-01-07T15:15,2006-01-07T16:20,NTE,260274019
BNKFHWHV,code,L,70004637,CP,2006-01-07T20:10,2006-01-07T22:20,CDG,260274019
EYAANKTO,code,L,70004638,FO,2006-01-07T08:45,2006-01-07T11:15,PUF,260274019
EYAANKTO,code,L,70004585,FO,2006-01-07T13:00,2006-01-07T14:05,CDG,260274019
EYAANKTO,code,L,70004586,FO,2006-01-07T15:15,2006-01-07T16:20,NTE,260274019
EYAANKTO,code,L,70004637,FO,2006-01-07T20:10,2006-01-07T22:20,CDG,260274019
IZZRYYSZ,code,L,70004638,CS,2006-01-07T08:45,2006-01-07T11:15,PUF,260274019
IZZRYYSZ,code,L,70004585,CS,2006-01-07T13:00,2006-01-07T14:05,CDG,260274019
IZZRYYSZ,code,L,70004586,CS,2006-01-07T15:15,2006-01-07T16:20,NTE,260274019
IZZRYYSZ,code,L,70004637,CS,2006-01-07T20:10,2006-01-07T22:20,CDG,260274019
GRCHOXHM,code,L,70004638,ST,2006-01-07T08:45,2006-01-07T11:15,PUF,260274019
GRCHOXHM,code,L,70004585,ST,2006-01-07T13:00,2006-01-07T14:05,CDG,260274019
GRCHOXHM,code,L,70004586,ST,2006-01-07T15:15,2006-01-07T16:20,NTE,260274019
GRCHOXHM,code,L,70004637,ST,2006-01-07T20:10,2006-01-07T22:20,CDG,260274019
LZZKWIBM,code,L,70004638,ST,2006-01-07T08:45,2006-01-07T11:15,PUF,260274019
LZZKWIBM,code,L,70004585,ST,2006-01-07T13:00,2006-01-07T14:05,CDG,260274019
LZZKWIBM,code,L,70004586,ST,2006-01-07T15:15,2006-01-07T16:20,NTE,260274019
LZZKWIBM,code,L,70004637,ST,2006-01-07T20:10,2006-01-07T22:20,CDG,260274019
XLMQRDIN,code,L,70004638,ST,2006-01-07T08:45,2006-01-07T11:15,PUF,260274019
XLMQRDIN,code,L,70004585,ST,2006-01-07T13:00,2006-01-07T14:05,CDG,260274019
XLMQRDIN,code,L,70004586,ST,2006-01-07T15:15,2006-01-07T16:20,NTE,260274019
XLMQRDIN,code,L,70004637,ST,2006-01-07T20:10,2006-01-07T22:20,CDG,260274019
XERIOKSL,code,L,70004298,CP,2006-01-07T08:50,2006-01-07T10:45,CFE,237820880
XERIOKSL,code,L,70004229,CP,2006-01-07T11:15,2006-01-07T12:25,ORY,237820880
XERIOKSL,code,L,70004232,CP,2006-01-07T13:05,2006-01-07T14:20,BES,237820880
XERIOKSL,code,L,70004301,CP,2006-01-07T16:55,2006-01-07T18:35,ORY,237820880
JIWROIVK,code,L,70004298,FO,2006-01-07T08:50,2006-01-07T10:45,CFE,237820880
JIWROIVK,code,L,70004229,FO,2006-01-07T11:15,2006-01-07T12:25,ORY,237820880
JIWROIVK,code,L,70004232,FO,2006-01-07T13:05,2006-01-07T14:20,BES,237820880
JIWROIVK,code,L,70004301,FO,2006-01-07T16:55,2006-01-07T18:35,ORY,237820880
BOZRESLY,code,L,70004298,CSD,2006-01-07T08:50,2006-01-07T10:45,CFE,237820880
BOZRESLY,code,L,70004229,CSD,2006-01-07T11:15,2006-01-07T12:25,ORY,237820880
BOZRESLY,code,L,70004232,CSD,2006-01-07T13:05,2006-01-07T14:20,BES,237820880
BOZRESLY,code,L,70004301,CSD,2006-01-07T16:55,2006-01-07T18:35,ORY,237820880
AUMMWGLD,code,L,70004298,CSD,2006-01-07T08:50,2006-01-07T10:45,CFE,237820880
AUMMWGLD,code,L,70004229,CSD,2006-01-07T11:15,2006-01-07T12:25,ORY,237820880
AUMMWGLD,code,L,70004232,CSD,2006-01-07T13:05,2006-01-07T14:20,BES,237820880
AUMMWGLD,code,L,70004301,CSD,2006-01-07T16:55,2006-01-07T18:35,ORY,237820880
CHXZDRVQ,code,L,70004298,ST,2006-01-07T08:50,2006-01-07T10:45,CFE,237820880
CHXZDRVQ,code,L,70004229,ST,2006-01-07T11:15,2006-01-07T12:25,ORY,237820880
CHXZDRVQ,code,L,70004232,ST,2006-01-07T13:05,2006-01-07T14:20,BES,237820880
CHXZDRVQ,code,L,70004301,ST,2006-01-07T16:55,2006-01-07T18:35,ORY,237820880
NQHKRDQZ,code,L,70004298,ST,2006-01-07T08:50,2006-01-07T10:45,CFE,237820880
NQHKRDQZ,code,L,70004229,ST,2006-01-07T11:15,2006-01-07T12:25,ORY,237820880
NQHKRDQZ,code,L,70004232,ST,2006-01-07T13:05,2006-01-07T14:20,BES,237820880
NQHKRDQZ,code,L,70004301,ST,2006-01-07T16:55,2006-01-07T18:35,ORY,237820880
NUXSRVOV,code,L,70004298,ST,2006-01-07T08:50,2006-01-07T10:45,CFE,237820880
NUXSRVOV,code,L,70004229,ST,2006-01-07T11:15,2006-01-07T12:25,ORY,237820880
NUXSRVOV,code,L,70004232,ST,2006-01-07T13:05,2006-01-07T14:20,BES,237820880
NUXSRVOV,code,L,70004301,ST,2006-01-07T16:55,2006-01-07T18:35,ORY,237820880
ZGXLICBV,code,L,70004298,ST,2006-01-07T08:50,2006-01-07T10:45,CFE,237820880
ZGXLICBV,code,L,70004229,ST,2006-01-07T11:15,2006-01-07T12:25,ORY,237820880
ZGXLICBV,code,L,70004232,ST,2006-01-07T13:05,2006-01-07T14:20,BES,237820880
ZGXLICBV,code,L,70004301,ST,2006-01-07T16:55,2006-01-07T18:35,ORY,237820880
TOJNBFQB,code,L,70004408,CP,2006-01-07T08:50,2006-01-07T11:10,MPL,1512368656
TOJNBFQB,code,L,70004411,CP,2006-01-07T12:15,2006-01-07T13:30,ORY,1512368656
TOJNBFQB,code,L,70004412,CP,2006-01-07T14:20,2006-01-07T15:40,MPL,1512368656
TOJNBFQB,code,L,70004415,CP,2006-01-07T16:15,2006-01-07T17:30,ORY,1512368656
TOJNBFQB,code,L,70004416,CP,2006-01-07T18:20,2006-01-07T19:40,MPL,1512368656
TOJNBFQB,code,L,70004421,CP,2006-01-07T20:15,2006-01-07T22:15,ORY,1512368656
PXWDXBJZ,code,L,70004408,FO,2006-01-07T08:50,2006-01-07T11:10,MPL,1512368656
PXWDXBJZ,code,L,70004411,FO,2006-01-07T12:15,2006-01-07T13:30,ORY,1512368656
PXWDXBJZ,code,L,70004412,FO,2006-01-07T14:20,2006-01-07T15:40,MPL,1512368656
PXWDXBJZ,code,L,70004415,FO,2006-01-07T16:15,2006-01-07T17:30,ORY,1512368656
PXWDXBJZ,code,L,70004416,FO,2006-01-07T18:20,2006-01-07T19:40,MPL,1512368656
PXWDXBJZ,code,L,70004421,FO,2006-01-07T20:15,2006-01-07T22:15,ORY,1512368656
CGWFITQI,code,L,70004408,CSD,2006-01-07T08:50,2006-01-07T11:10,MPL,1512368656
CGWFITQI,code,L,70004411,CSD,2006-01-07T12:15,2006-01-07T13:30,ORY,1512368656
CGWFITQI,code,L,70004412,CSD,2006-01-07T14:20,2006-01-07T15:40,MPL,1512368656
CGWFITQI,code,L,70004415,CSD,2006-01-07T16:15,2006-01-07T17:30,ORY,1512368656
CGWFITQI,code,L,70004416,CSD,2006-01-07T18:20,2006-01-07T19:40,MPL,1512368656
CGWFITQI,code,L,70004421,CSD,2006-01-07T20:15,2006-01-07T22:15,ORY,1512368656
MALPMHDD,code,L,70004408,CSD,2006-01-07T08:50,2006-01-07T11:10,MPL,1512368656
MALPMHDD,code,L,70004411,CSD,2006-01-07T12:15,2006-01-07T13:30,ORY,1512368656
MALPMHDD,code,L,70004412,CSD,2006-01-07T14:20,2006-01-07T15:40,MPL,1512368656
MALPMHDD,code,L,70004415,CSD,2006-01-07T16:15,2006-01-07T17:30,ORY,1512368656
MALPMHDD,code,L,70004416,CSD,2006-01-07T18:20,2006-01-07T19:40,MPL,1512368656
MALPMHDD,code,L,70004421,CSD,2006-01-07T20:15,2006-01-07T22:15,ORY,1512368656
YMXBNRNC,code,L,70004408,ST,2006-01-07T08:50,2006-01-07T11:10,MPL,1512368656
YMXBNRNC,code,L,70004411,ST,2006-01-07T12:15,2006-01-07T13:30,ORY,1512368656
YMXBNRNC,code,L,70004412,ST,2006-01-07T14:20,2006-01-07T15:40,MPL,1512368656
YMXBNRNC,code,L,70004415,ST,2006-01-07T16:15,2006-01-07T17:30,ORY,1512368656
YMXBNRNC,code,L,70004416,ST,2006-01-07T18:20,2006-01-07T19:40,MPL,1512368656
YMXBNRNC,code,L,70004421,ST,2006-01-07T20:15,2006-01-07T22:15,ORY,1512368656
LRFKYLMH,code,L,70004408,ST,2006-01-07T08:50,2006-01-07T11:10,MPL,1512368656
LRFKYLMH,code,L,70004411,ST,2006-01-07T12:15,2006-01-07T13:30,ORY,1512368656
LRFKYLMH,code,L,70004412,ST,2006-01-07T14:20,2006-01-07T15:40,MPL,1512368656
LRFKYLMH,code,L,70004415,ST,2006-01-07T16:15,2006-01-07T17:30,ORY,1512368656
LRFKYLMH,code,L,70004416,ST,2006-01-07T18:20,2006-01-07T19:40,MPL,1512368656
LRFKYLMH,code,L,70004421,ST,2006-01-07T20:15,2006-01-07T22:15,ORY,1512368656
JOGDOAOD,code,L,70004408,ST,2006-01-07T08:50,2006-01-07T11:10,MPL,1512368656
JOGDOAOD,code,L,70004411,ST,2006-01-07T12:15,2006-01-07T13:30,ORY,1512368656
JOGDOAOD,code,L,70004412,ST,2006-01-07T14:20,2006-01-07T15:40,MPL,1512368656
JOGDOAOD,code,L,70004415,ST,2006-01-07T16:15,2006-01-07T17:30,ORY,1512368656
JOGDOAOD,code,L,70004416,ST,2006-01-07T18:20,2006-01-07T19:40,MPL,1512368656
JOGDOAOD,code,L,70004421,ST,2006-01-07T20:15,2006-01-07T22:15,ORY,1512368656
EQYMVMTP,code,L,70004408,ST,2006-01-07T08:50,2006-01-07T11:10,MPL,1512368656
EQYMVMTP,code,L,70004411,ST,2006-01-07T12:15,2006-01-07T13:30,ORY,1512368656
EQYMVMTP,code,L,70004412,ST,2006-01-07T14:20,2006-01-07T15:40,MPL,1512368656
EQYMVMTP,code,L,70004415,ST,2006-01-07T16:15,2006-01-07T17:30,ORY,1512368656
EQYMVMTP,code,L,70004416,ST,2006-01-07T18:20,2006-01-07T19:40,MPL,1512368656
EQYMVMTP,code,L,70004421,ST,2006-01-07T20:15,2006-01-07T22:15,ORY,1512368656
DDPNMJCY,code,L,70004791,CP,2006-01-07T08:50,2006-01-07T11:35,LIL,1731519511
DDPNMJCY,code,L,70004768,CP,2006-01-07T13:05,2006-01-07T14:30,NCE,1731519511
DDPNMJCY,code,L,70004763,CP,2006-01-07T15:05,2006-01-07T16:20,BOD,1731519511
DDPNMJCY,code,L,70002663,CP,2006-01-07T17:30,2006-01-07T19:15,NCE,1731519511
UCBNKJRT,code,L,70004791,FO,2006-01-07T08:50,2006-01-07T11:35,LIL,1731519511
UCBNKJRT,code,L,70004768,FO,2006-01-07T13:05,2006-01-07T14:30,NCE,1731519511
UCBNKJRT,code,L,70004763,FO,2006-01-07T15:05,2006-01-07T16:20,BOD,1731519511
UCBNKJRT,code,L,70002663,FO,2006-01-07T17:30,2006-01-07T19:15,NCE,1731519511
SYCHRULY,code,L,70004791,CSD,2006-01-07T08:50,2006-01-07T11:35,LIL,1731519511
SYCHRULY,code,L,70004768,CSD,2006-01-07T13:05,2006-01-07T14:30,NCE,1731519511
SYCHRULY,code,L,70004763,CSD,2006-01-07T15:05,2006-01-07T16:20,BOD,1731519511
SYCHRULY,code,L,70002663,CSD,2006-01-07T17:30,2006-01-07T19:15,NCE,1731519511
RZXOALRD,code,L,70004791,CSD,2006-01-07T08:50,2006-01-07T11:35,LIL,1731519511
RZXOALRD,code,L,70004768,CSD,2006-01-07T13:05,2006-01-07T14:30,NCE,1731519511
RZXOALRD,code,L,70004763,CSD,2006-01-07T15:05,2006-01-07T16:20,BOD,1731519511
RZXOALRD,code,L,70002663,CSD,2006-01-07T17:30,2006-01-07T19:15,NCE,1731519511
BLTNQVKI,code,L,70004791,ST,2006-01-07T08:50,2006-01-07T11:35,LIL,1731519511
BLTNQVKI,code,L,70004768,ST,2006-01-07T13:05,2006-01-07T14:30,NCE,1731519511
BLTNQVKI,code,L,70004763,ST,2006-01-07T15:05,2006-01-07T16:20,BOD,1731519511
BLTNQVKI,code,L,70002663,ST,2006-01-07T17:30,2006-01-07T19:15,NCE,1731519511
JLBUQGOH,code,L,70004791,ST,2006-01-07T08:50,2006-01-07T11:35,LIL,1731519511
JLBUQGOH,code,L,70004768,ST,2006-01-07T13:05,2006-01-07T14:30,NCE,1731519511
JLBUQGOH,code,L,70004763,ST,2006-01-07T15:05,2006-01-07T16:20,BOD,1731519511
JLBUQGOH,code,L,70002663,ST,2006-01-07T17:30,2006-01-07T19:15,NCE,1731519511
JFDRWDMW,code,L,70004791,ST,2006-01-07T08:50,2006-01-07T11:35,LIL,1731519511
JFDRWDMW,code,L,70004768,ST,2006-01-07T13:05,2006-01-07T14:30,NCE,1731519511
JFDRWDMW,code,L,70004763,ST,2006-01-07T15:05,2006-01-07T16:20,BOD,1731519511
JFDRWDMW,code,L,70002663,ST,2006-01-07T17:30,2006-01-07T19:15,NCE,1731519511
UZTBACCO,code,L,70004791,ST,2006-01-07T08:50,2006-01-07T11:35,LIL,1731519511
UZTBACCO,code,L,70004768,ST,2006-01-07T13:05,2006-01-07T14:30,NCE,1731519511
UZTBACCO,code,L,70004763,ST,2006-01-07T15:05,2006-01-07T16:20,BOD,1731519511
UZTBACCO,code,L,70002663,ST,2006-01-07T17:30,2006-01-07T19:15,NCE,1731519511
YQWIRAWW,code,L,70004526,CP,2006-01-07T08:50,2006-01-07T11:20,MRS,1127983490
YQWIRAWW,code,L,70004533,CP,2006-01-07T20:20,2006-01-07T22:30,CDG,1127983490
YTLKURRJ,code,L,70004526,FO,2006-01-07T08:50,2006-01-07T11:20,MRS,1127983490
YTLKURRJ,code,L,70004533,FO,2006-01-07T20:20,2006-01-07T22:30,CDG,1127983490
ODHUYJLB,code,L,70004526,CSD,2006-01-07T08:50,2006-01-07T11:20,MRS,1127983490
ODHUYJLB,code,L,70004533,CSD,2006-01-07T20:20,2006-01-07T22:30,CDG,1127983490
EYDPSMGS,code,L,70004526,CSD,2006-01-07T08:50,2006-01-07T11:20,MRS,1127983490
EYDPSMGS,code,L,70004533,CSD,2006-01-07T20:20,2006-01-07T22:30,CDG,1127983490
ZBAWLBKV,code,L,70004526,ST,2006-01-07T08:50,2006-01-07T11:20,MRS,1127983490
ZBAWLBKV,code,L,70004533,ST,2006-01-07T20:20,2006-01-07T22:30,CDG,1127983490
RLHLAZRS,code,L,70004526,ST,2006-01-07T08:50,2006-01-07T11:20,MRS,1127983490
RLHLAZRS,code,L,70004533,ST,2006-01-07T20:20,2006-01-07T22:30,CDG,1127983490
YQLIZKFD,code,L,70004526,ST,2006-01-07T08:50,2006-01-07T11:20,MRS,1127983490
YQLIZKFD,code,L,70004533,ST,2006-01-07T20:20,2006-01-07T22:30,CDG,1127983490
HZBOHVZU,code,L,70004526,ST,2006-01-07T08:50,2006-01-07T11:20,MRS,1127983490
HZBOHVZU,code,L,70004533,ST,2006-01-07T20:20,2006-01-07T22:30,CDG,1127983490
OYGXPYIS,code,L,70002977,CP,2006-01-07T08:50,2006-01-07T11:00,ORY,2090911250
OYGXPYIS,code,L,70002984,CP,2006-01-07T11:40,2006-01-07T13:00,TLS,2090911250
OYGXPYIS,code,L,70002989,CP,2006-01-07T13:50,2006-01-07T15:00,ORY,2090911250
OYGXPYIS,code,L,70002996,CP,2006-01-07T15:40,2006-01-07T17:45,TLS,2090911250
CVTSCLUS,code,L,70002977,FO,2006-01-07T08:50,2006-01-07T11:00,ORY,2090911250
CVTSCLUS,code,L,70002984,FO,2006-01-07T11:40,2006-01-07T13:00,TLS,2090911250
CVTSCLUS,code,L,70002989,FO,2006-01-07T13:50,2006-01-07T15:00,ORY,2090911250
CVTSCLUS,code,L,70002996,FO,2006-01-07T15:40,2006-01-07T17:45,TLS,2090911250
LLKCCGYW,code,L,70002977,CSD,2006-01-07T08:50,2006-01-07T11:00,ORY,2090911250
LLKCCGYW,code,L,70002984,CSD,2006-01-07T11:40,2006-01-07T13:00,TLS,2090911250
LLKCCGYW,code,L,70002989,CSD,2006-01-07T13:50,2006-01-07T15:00,ORY,2090911250
LLKCCGYW,code,L,70002996,CSD,2006-01-07T15:40,2006-01-07T17:45,TLS,2090911250
TAEURXYB,code,L,70002977,CSD,2006-01-07T08:50,2006-01-07T11:00,ORY,2090911250
TAEURXYB,code,L,70002984,CSD,2006-01-07T11:40,2006-01-07T13:00,TLS,2090911250
TAEURXYB,code,L,70002989,CSD,2006-01-07T13:50,2006-01-07T15:00,ORY,2090911250
TAEURXYB,code,L,70002996,CSD,2006-01-07T15:40,2006-01-07T17:45,TLS,2090911250
VKUSTZMV,code,L,70002977,ST,2006-01-07T08:50,2006-01-07T11:00,ORY,2090911250
VKUSTZMV,code,L,70002984,ST,2006-01-07T11:40,2006-01-07T13:00,TLS,2090911250
VKUSTZMV,code,L,70002989,ST,2006-01-07T13:50,2006-01-07T15:00,ORY,2090911250
VKUSTZMV,code,L,70002996,ST,2006-01-07T15:40,2006-01-07T17:45,TLS,2090911250
FPXOBVVA,code,L,70002977,ST,2006-01-07T08:50,2006-01-07T11:00,ORY,2090911250
FPXOBVVA,code,L,70002984,ST,2006-01-07T11:40,2006-01-07T13:00,TLS,2090911250
FPXOBVVA,code,L,70002989,ST,2006-01-07T13:50,2006-01-07T15:00,ORY,2090911250
FPXOBVVA,code,L,70002996,ST,2006-01-07T15:40,2006-01-07T17:45,TLS,2090911250
CMCXEXGY,code,L,70002977,ST,2006-01-07T08:50,2006-01-07T11:00,ORY,2090911250
CMCXEXGY,code,L,70002984,ST,2006-01-07T11:40,2006-01-07T13:00,TLS,2090911250
CMCXEXGY,code,L,70002989,ST,2006-01-07T13:50,2006-01-07T15:00,ORY,2090911250
CMCXEXGY,code,L,70002996,ST,2006-01-07T15:40,2006-01-07T17:45,TLS,2090911250
PIECPCRA,code,L,70002977,ST,2006-01-07T08:50,2006-01-07T11:00,ORY,2090911250
PIECPCRA,code,L,70002984,ST,2006-01-07T11:40,2006-01-07T13:00,TLS,2090911250
PIECPCRA,code,L,70002989,ST,2006-01-07T13:50,2006-01-07T15:00,ORY,2090911250
PIECPCRA,code,L,70002996,ST,2006-01-07T15:40,2006-01-07T17:45,TLS,2090911250
HPNAWMJT,code,L,70004502,CP,2006-01-07T08:50,2006-01-07T11:20,BIQ,564194307
HPNAWMJT,code,L,70004501,CP,2006-01-07T12:35,2006-01-07T14:00,CDG,564194307
HPNAWMJT,code,L,70004352,CP,2006-01-07T16:20,2006-01-07T17:40,BIQ,564194307
HPNAWMJT,code,L,70004347,CP,2006-01-07T18:20,2006-01-07T20:20,ORY,564194307
IMXENKCS,code,L,70004502,FO,2006-01-07T08:50,2006-01-07T11:20,BIQ,564194307
IMXENKCS,code,L,70004501,FO,2006-01-07T12:35,2006-01-07T14:00,CDG,564194307
IMXENKCS,code,L,70004352,FO,2006-01-07T16:20,2006-01-07T17:40,BIQ,564194307
IMXENKCS,code,L,70004347,FO,2006-01-07T18:20,2006-01-07T20:20,ORY,564194307
BPOXVRAS,code,L,70004502,CS,2006-01-07T08:50,2006-01-07T11:20,BIQ,564194307
BPOXVRAS,code,L,70004501,CS,2006-01-07T12:35,2006-01-07T14:00,CDG,564194307
BPOXVRAS,code,L,70004352,CS,2006-01-07T16:20,2006-01-07T17:40,BIQ,564194307
BPOXVRAS,code,L,70004347,CS,2006-01-07T18:20,2006-01-07T20:20,ORY,564194307
ZORFMAVA,code,L,70004502,ST,2006-01-07T08:50,2006-01-07T11:20,BIQ,564194307
ZORFMAVA,code,L,70004501,ST,2006-01-07T12:35,2006-01-07T14:00,CDG,564194307
ZORFMAVA,code,L,70004352,ST,2006-01-07T16:20,2006-01-07T17:40,BIQ,564194307
ZORFMAVA,code,L,70004347,ST,2006-01-07T18:20,2006-01-07T20:20,ORY,564194307
CFKRZKQZ,code,L,70004502,ST,2006-01-07T08:50,2006-01-07T11:20,BIQ,564194307
CFKRZKQZ,code,L,70004501,ST,2006-01-07T12:35,2006-01-07T14:00,CDG,564194307
CFKRZKQZ,code,L,70004352,ST,2006-01-07T16:20,2006-01-07T17:40,BIQ,564194307
CFKRZKQZ,code,L,70004347,ST,2006-01-07T18:20,2006-01-07T20:20,ORY,564194307
HYXGNJRY,code,L,70002521,CP,2006-01-07T08:50,2006-01-07T11:05,RNS,376980210
HYXGNJRY,code,L,70002522,CP,2006-01-07T11:35,2006-01-07T12:55,MPL,376980210
HYXGNJRY,code,L,70004213,CP,2006-01-07T14:00,2006-01-07T15:05,RNS,376980210
HYXGNJRY,code,L,70004214,CP,2006-01-07T16:15,2006-01-07T18:00,ORY,376980210
QCVJAPXJ,code,L,70002521,FO,2006-01-07T08:50,2006-01-07T11:05,RNS,376980210
QCVJAPXJ,code,L,70002522,FO,2006-01-07T11:35,2006-01-07T12:55,MPL,376980210
QCVJAPXJ,code,L,70004213,FO,2006-01-07T14:00,2006-01-07T15:05,RNS,376980210
QCVJAPXJ,code,L,70004214,FO,2006-01-07T16:15,2006-01-07T18:00,ORY,376980210
XAVACHVU,code,L,70002521,CS,2006-01-07T08:50,2006-01-07T11:05,RNS,376980210
XAVACHVU,code,L,70002522,CS,2006-01-07T11:35,2006-01-07T12:55,MPL,376980210
XAVACHVU,code,L,70004213,CS,2006-01-07T14:00,2006-01-07T15:05,RNS,376980210
XAVACHVU,code,L,70004214,CS,2006-01-07T16:15,2006-01-07T18:00,ORY,376980210
GDJCGQEU,code,L,70002521,ST,2006-01-07T08:50,2006-01-07T11:05,RNS,376980210
GDJCGQEU,code,L,70002522,ST,2006-01-07T11:35,2006-01-07T12:55,MPL,376980210
GDJCGQEU,code,L,70004213,ST,2006-01-07T14:00,2006-01-07T15:05,RNS,376980210
GDJCGQEU,code,L,70004214,ST,2006-01-07T16:15,2006-01-07T18:00,ORY,376980210
BYNJOFKQ,code,L,70002521,ST,2006-01-07T08:50,2006-01-07T11:05,RNS,376980210
BYNJOFKQ,code,L,70002522,ST,2006-01-07T11:35,2006-01-07T12:55,MPL,376980210
BYNJOFKQ,code,L,70004213,ST,2006-01-07T14:00,2006-01-07T15:05,RNS,376980210
BYNJOFKQ,code,L,70004214,ST,2006-01-07T16:15,2006-01-07T18:00,ORY,376980210
XLIRGBNL,code,L,70004696,CP,2006-01-07T08:50,2006-01-07T10:45,NCE,628641533
XLIRGBNL,code,L,70004699,CP,2006-01-07T11:25,2006-01-07T12:25,LYS,628641533
XLIRGBNL,code,L,70004700,CP,2006-01-07T13:05,2006-01-07T14:00,NCE,628641533
XLIRGBNL,code,L,70004695,CP,2006-01-07T15:00,2006-01-07T16:45,LYS,628641533
BPMETLJM,code,L,70004696,FO,2006-01-07T08:50,2006-01-07T10:45,NCE,628641533
BPMETLJM,code,L,70004699,FO,2006-01-07T11:25,2006-01-07T12:25,LYS,628641533
BPMETLJM,code,L,70004700,FO,2006-01-07T13:05,2006-01-07T14:00,NCE,628641533
BPMETLJM,code,L,70004695,FO,2006-01-07T15:00,2006-01-07T16:45,LYS,628641533
POJEAARI,code,L,70004696,CS,2006-01-07T08:50,2006-01-07T10:45,NCE,628641533
POJEAARI,code,L,70004699,CS,2006-01-07T11:25,2006-01-07T12:25,LYS,628641533
POJEAARI,code,L,70004700,CS,2006-01-07T13:05,2006-01-07T14:00,NCE,628641533
POJEAARI,code,L,70004695,CS,2006-01-07T15:00,2006-01-07T16:45,LYS,628641533
SMRLSJOD,code,L,70004696,ST,2006-01-07T08:50,2006-01-07T10:45,NCE,628641533
SMRLSJOD,code,L,70004699,ST,2006-01-07T11:25,2006-01-07T12:25,LYS,628641533
SMRLSJOD,code,L,70004700,ST,2006-01-07T13:05,2006-01-07T14:00,NCE,628641533
SMRLSJOD,code,L,70004695,ST,2006-01-07T15:00,2006-01-07T16:45,LYS,628641533
OLAAHHDM,code,L,70004696,ST,2006-01-07T08:50,2006-01-07T10:45,NCE,628641533
OLAAHHDM,code,L,70004699,ST,2006-01-07T11:25,2006-01-07T12:25,LYS,628641533
OLAAHHDM,code,L,70004700,ST,2006-01-07T13:05,2006-01-07T14:00,NCE,628641533
OLAAHHDM,code,L,70004695,ST,2006-01-07T15:00,2006-01-07T16:45,LYS,628641533
YHGEHYLW,code,L,7000146,CP,2006-01-07T08:55,2006-01-07T11:10,MLH,363842328
YHGEHYLW,code,L,7000147,CP,2006-01-07T12:00,2006-01-07T13:10,CDG,363842328
YHGEHYLW,code,L,7000148,CP,2006-01-07T13:50,2006-01-07T15:05,MLH,363842328
YHGEHYLW,code,L,7000149,CP,2006-01-07T15:45,2006-01-07T16:55,CDG,363842328
YHGEHYLW,code,L,7000150,CP,2006-01-07T17:35,2006-01-07T18:50,MLH,363842328
YHGEHYLW,code,L,7000151,CP,2006-01-07T19:55,2006-01-07T21:50,CDG,363842328
VWRMHYGZ,code,L,7000146,FO,2006-01-07T08:55,2006-01-07T11:10,MLH,363842328
VWRMHYGZ,code,L,7000147,FO,2006-01-07T12:00,2006-01-07T13:10,CDG,363842328
VWRMHYGZ,code,L,7000148,FO,2006-01-07T13:50,2006-01-07T15:05,MLH,363842328
VWRMHYGZ,code,L,7000149,FO,2006-01-07T15:45,2006-01-07T16:55,CDG,363842328
VWRMHYGZ,code,L,7000150,FO,2006-01-07T17:35,2006-01-07T18:50,MLH,363842328
VWRMHYGZ,code,L,7000151,FO,2006-01-07T19:55,2006-01-07T21:50,CDG,363842328
CGQDLATW,code,L,7000146,CSD,2006-01-07T08:55,2006-01-07T11:10,MLH,363842328
CGQDLATW,code,L,7000147,CSD,2006-01-07T12:00,2006-01-07T13:10,CDG,363842328
CGQDLATW,code,L,7000148,CSD,2006-01-07T13:50,2006-01-07T15:05,MLH,363842328
CGQDLATW,code,L,7000149,CSD,2006-01-07T15:45,2006-01-07T16:55,CDG,363842328
CGQDLATW,code,L,7000150,CSD,2006-01-07T17:35,2006-01-07T18:50,MLH,363842328
CGQDLATW,code,L,7000151,CSD,2006-01-07T19:55,2006-01-07T21:50,CDG,363842328
XEELPLMM,code,L,7000146,CSD,2006-01-07T08:55,2006-01-07T11:10,MLH,363842328
XEELPLMM,code,L,7000147,CSD,2006-01-07T12:00,2006-01-07T13:10,CDG,363842328
XEELPLMM,code,L,7000148,CSD,2006-01-07T13:50,2006-01-07T15:05,MLH,363842328
XEELPLMM,code,L,7000149,CSD,2006-01-07T15:45,2006-01-07T16:55,CDG,363842328
XEELPLMM,code,L,7000150,CSD,2006-01-07T17:35,2006-01-07T18:50,MLH,363842328
XEELPLMM,code,L,7000151,CSD,2006-01-07T19:55,2006-01-07T21:50,CDG,363842328
ZPMWFCIT,code,L,7000146,ST,2006-01-07T08:55,2006-01-07T11:10,MLH,363842328
ZPMWFCIT,code,L,7000147,ST,2006-01-07T12:00,2006-01-07T13:10,CDG,363842328
ZPMWFCIT,code,L,7000148,ST,2006-01-07T13:50,2006-01-07T15:05,MLH,363842328
ZPMWFCIT,code,L,7000149,ST,2006-01-07T15:45,2006-01-07T16:55,CDG,363842328
ZPMWFCIT,code,L,7000150,ST,2006-01-07T17:35,2006-01-07T18:50,MLH,363842328
ZPMWFCIT,code,L,7000151,ST,2006-01-07T19:55,2006-01-07T21:50,CDG,363842328
BAMNCHZI,code,L,7000146,ST,2006-01-07T08:55,2006-01-07T11:10,MLH,363842328
BAMNCHZI,code,L,7000147,ST,2006-01-07T12:00,2006-01-07T13:10,CDG,363842328
BAMNCHZI,code,L,7000148,ST,2006-01-07T13:50,2006-01-07T15:05,MLH,363842328
BAMNCHZI,code,L,7000149,ST,2006-01-07T15:45,2006-01-07T16:55,CDG,363842328
BAMNCHZI,code,L,7000150,ST,2006-01-07T17:35,2006-01-07T18:50,MLH,363842328
BAMNCHZI,code,L,7000151,ST,2006-01-07T19:55,2006-01-07T21:50,CDG,363842328
YQSCGKHT,code,L,7000146,ST,2006-01-07T08:55,2006-01-07T11:10,MLH,363842328
YQSCGKHT,code,L,7000147,ST,2006-01-07T12:00,2006-01-07T13:10,CDG,363842328
YQSCGKHT,code,L,7000148,ST,2006-01-07T13:50,2006-01-07T15:05,MLH,363842328
YQSCGKHT,code,L,7000149,ST,2006-01-07T15:45,2006-01-07T16:55,CDG,363842328
YQSCGKHT,code,L,7000150,ST,2006-01-07T17:35,2006-01-07T18:50,MLH,363842328
YQSCGKHT,code,L,7000151,ST,2006-01-07T19:55,2006-01-07T21:50,CDG,363842328
MJREFUDP,code,L,7000146,ST,2006-01-07T08:55,2006-01-07T11:10,MLH,363842328
MJREFUDP,code,L,7000147,ST,2006-01-07T12:00,2006-01-07T13:10,CDG,363842328
MJREFUDP,code,L,7000148,ST,2006-01-07T13:50,2006-01-07T15:05,MLH,363842328
MJREFUDP,code,L,7000149,ST,2006-01-07T15:45,2006-01-07T16:55,CDG,363842328
MJREFUDP,code,L,7000150,ST,2006-01-07T17:35,2006-01-07T18:50,MLH,363842328
MJREFUDP,code,L,7000151,ST,2006-01-07T19:55,2006-01-07T21:50,CDG,363842328
XZOFEGKJ,code,L,70003073,CP,2006-01-07T09:00,2006-01-07T11:20,ORY,687431273
XZOFEGKJ,code,L,70003088,CP,2006-01-07T12:05,2006-01-07T13:30,NCE,687431273
XZOFEGKJ,code,L,70003081,CP,2006-01-07T14:00,2006-01-07T15:20,ORY,687431273
XZOFEGKJ,code,L,70003102,CP,2006-01-07T16:05,2006-01-07T18:15,NCE,687431273
MTKHVWAW,code,L,70003073,FO,2006-01-07T09:00,2006-01-07T11:20,ORY,687431273
MTKHVWAW,code,L,70003088,FO,2006-01-07T12:05,2006-01-07T13:30,NCE,687431273
MTKHVWAW,code,L,70003081,FO,2006-01-07T14:00,2006-01-07T15:20,ORY,687431273
MTKHVWAW,code,L,70003102,FO,2006-01-07T16:05,2006-01-07T18:15,NCE,687431273
GXFSMUDH,code,L,70003073,CSD,2006-01-07T09:00,2006-01-07T11:20,ORY,687431273
GXFSMUDH,code,L,70003088,CSD,2006-01-07T12:05,2006-01-07T13:30,NCE,687431273
GXFSMUDH,code,L,70003081,CSD,2006-01-07T14:00,2006-01-07T15:20,ORY,687431273
GXFSMUDH,code,L,70003102,CSD,2006-01-07T16:05,2006-01-07T18:15,NCE,687431273
EQFDLKOO,code,L,70003073,CSD,2006-01-07T09:00,2006-01-07T11:20,ORY,687431273
EQFDLKOO,code,L,70003088,CSD,2006-01-07T12:05,2006-01-07T13:30,NCE,687431273
EQFDLKOO,code,L,70003081,CSD,2006-01-07T14:00,2006-01-07T15:20,ORY,687431273
EQFDLKOO,code,L,70003102,CSD,2006-01-07T16:05,2006-01-07T18:15,NCE,687431273
JIDGAAPJ,code,L,70003073,ST,2006-01-07T09:00,2006-01-07T11:20,ORY,687431273
JIDGAAPJ,code,L,70003088,ST,2006-01-07T12:05,2006-01-07T13:30,NCE,687431273
JIDGAAPJ,code,L,70003081,ST,2006-01-07T14:00,2006-01-07T15:20,ORY,687431273
JIDGAAPJ,code,L,70003102,ST,2006-01-07T16:05,2006-01-07T18:15,NCE,687431273
AHPUCBFO,code,L,70003073,ST,2006-01-07T09:00,2006-01-07T11:20,ORY,687431273
AHPUCBFO,code,L,70003088,ST,2006-01-07T12:05,2006-01-07T13:30,NCE,687431273
AHPUCBFO,code,L,70003081,ST,2006-01-07T14:00,2006-01-07T15:20,ORY,687431273
AHPUCBFO,code,L,70003102,ST,2006-01-07T16:05,2006-01-07T18:15,NCE,687431273
UUAEXAYY,code,L,70003073,ST,2006-01-07T09:00,2006-01-07T11:20,ORY,687431273
UUAEXAYY,code,L,70003088,ST,2006-01-07T12:05,2006-01-07T13:30,NCE,687431273
UUAEXAYY,code,L,70003081,ST,2006-01-07T14:00,2006-01-07T15:20,ORY,687431273
UUAEXAYY,code,L,70003102,ST,2006-01-07T16:05,2006-01-07T18:15,NCE,687431273
GIQFSJVU,code,L,70003073,ST,2006-01-07T09:00,2006-01-07T11:20,ORY,687431273
GIQFSJVU,code,L,70003088,ST,2006-01-07T12:05,2006-01-07T13:30,NCE,687431273
GIQFSJVU,code,L,70003081,ST,2006-01-07T14:00,2006-01-07T15:20,ORY,687431273
GIQFSJVU,code,L,70003102,ST,2006-01-07T16:05,2006-01-07T18:15,NCE,687431273
QTJBTJKF,code,L,70004588,CP,2006-01-07T09:00,2006-01-07T11:05,NTE,848563345
QTJBTJKF,code,L,70004587,CP,2006-01-07T11:45,2006-01-07T12:50,CDG,848563345
QTJBTJKF,code,L,70004590,CP,2006-01-07T13:35,2006-01-07T14:40,NTE,848563345
QTJBTJKF,code,L,70004593,CP,2006-01-07T16:15,2006-01-07T17:20,CDG,848563345
QTJBTJKF,code,L,70004594,CP,2006-01-07T18:05,2006-01-07T19:10,NTE,848563345
QTJBTJKF,code,L,70004591,CP,2006-01-07T20:00,2006-01-07T21:50,CDG,848563345
XQOXURER,code,L,70004588,FO,2006-01-07T09:00,2006-01-07T11:05,NTE,848563345
XQOXURER,code,L,70004587,FO,2006-01-07T11:45,2006-01-07T12:50,CDG,848563345
XQOXURER,code,L,70004590,FO,2006-01-07T13:35,2006-01-07T14:40,NTE,848563345
XQOXURER,code,L,70004593,FO,2006-01-07T16:15,2006-01-07T17:20,CDG,848563345
XQOXURER,code,L,70004594,FO,2006-01-07T18:05,2006-01-07T19:10,NTE,848563345
XQOXURER,code,L,70004591,FO,2006-01-07T20:00,2006-01-07T21:50,CDG,848563345
EYRHIZGM,code,L,70004588,CSD,2006-01-07T09:00,2006-01-07T11:05,NTE,848563345
EYRHIZGM,code,L,70004587,CSD,2006-01-07T11:45,2006-01-07T12:50,CDG,848563345
EYRHIZGM,code,L,70004590,CSD,2006-01-07T13:35,2006-01-07T14:40,NTE,848563345
EYRHIZGM,code,L,70004593,CSD,2006-01-07T16:15,2006-01-07T17:20,CDG,848563345
EYRHIZGM,code,L,70004594,CSD,2006-01-07T18:05,2006-01-07T19:10,NTE,848563345
EYRHIZGM,code,L,70004591,CSD,2006-01-07T20:00,2006-01-07T21:50,CDG,848563345
SRQBUADM,code,L,70004588,CSD,2006-01-07T09:00,2006-01-07T11:05,NTE,848563345
SRQBUADM,code,L,70004587,CSD,2006-01-07T11:45,2006-01-07T12:50,CDG,848563345
SRQBUADM,code,L,70004590,CSD,2006-01-07T13:35,2006-01-07T14:40,NTE,848563345
SRQBUADM,code,L,70004593,CSD,2006-01-07T16:15,2006-01-07T17:20,CDG,848563345
SRQBUADM,code,L,70004594,CSD,2006-01-07T18:05,2006-01-07T19:10,NTE,848563345
SRQBUADM,code,L,70004591,CSD,2006-01-07T20:00,2006-01-07T21:50,CDG,848563345
IYKYTDRD,code,L,70004588,ST,2006-01-07T09:00,2006-01-07T11:05,NTE,848563345
IYKYTDRD,code,L,70004587,ST,2006-01-07T11:45,2006-01-07T12:50,CDG,848563345
IYKYTDRD,code,L,70004590,ST,2006-01-07T13:35,2006-01-07T14:40,NTE,848563345
IYKYTDRD,code,L,70004593,ST,2006-01-07T16:15,2006-01-07T17:20,CDG,848563345
IYKYTDRD,code,L,70004594,ST,2006-01-07T18:05,2006-01-07T19:10,NTE,848563345
IYKYTDRD,code,L,70004591,ST,2006-01-07T20:00,2006-01-07T21:50,CDG,848563345
RKCYRPKG,code,L,70004588,ST,2006-01-07T09:00,2006-01-07T11:05,NTE,848563345
RKCYRPKG,code,L,70004587,ST,2006-01-07T11:45,2006-01-07T12:50,CDG,848563345
RKCYRPKG,code,L,70004590,ST,2006-01-07T13:35,2006-01-07T14:40,NTE,848563345
RKCYRPKG,code,L,70004593,ST,2006-01-07T16:15,2006-01-07T17:20,CDG,848563345
RKCYRPKG,code,L,70004594,ST,2006-01-07T18:05,2006-01-07T19:10,NTE,848563345
RKCYRPKG,code,L,70004591,ST,2006-01-07T20:00,2006-01-07T21:50,CDG,848563345
UWILHRKV,code,L,70004588,ST,2006-01-07T09:00,2006-01-07T11:05,NTE,848563345
UWILHRKV,code,L,70004587,ST,2006-01-07T11:45,2006-01-07T12:50,CDG,848563345
UWILHRKV,code,L,70004590,ST,2006-01-07T13:35,2006-01-07T14:40,NTE,848563345
UWILHRKV,code,L,70004593,ST,2006-01-07T16:15,2006-01-07T17:20,CDG,848563345
UWILHRKV,code,L,70004594,ST,2006-01-07T18:05,2006-01-07T19:10,NTE,848563345
UWILHRKV,code,L,70004591,ST,2006-01-07T20:00,2006-01-07T21:50,CDG,848563345
LMVDECGV,code,L,70004588,ST,2006-01-07T09:00,2006-01-07T11:05,NTE,848563345
LMVDECGV,code,L,70004587,ST,2006-01-07T11:45,2006-01-07T12:50,CDG,848563345
LMVDECGV,code,L,70004590,ST,2006-01-07T13:35,2006-01-07T14:40,NTE,848563345
LMVDECGV,code,L,70004593,ST,2006-01-07T16:15,2006-01-07T17:20,CDG,848563345
LMVDECGV,code,L,70004594,ST,2006-01-07T18:05,2006-01-07T19:10,NTE,848563345
LMVDECGV,code,L,70004591,ST,2006-01-07T20:00,2006-01-07T21:50,CDG,848563345
SZLBDQSL,code,L,70003074,CP,2006-01-07T09:05,2006-01-07T11:30,NCE,760389092
SZLBDQSL,code,L,70003077,CP,2006-01-07T12:00,2006-01-07T13:20,ORY,760389092
SZLBDQSL,code,L,70003082,CP,2006-01-07T14:05,2006-01-07T15:30,NCE,760389092
SZLBDQSL,code,L,70003085,CP,2006-01-07T16:00,2006-01-07T17:20,ORY,760389092
SZLBDQSL,code,L,70003092,CP,2006-01-07T18:05,2006-01-07T19:30,NCE,760389092
SZLBDQSL,code,L,70003095,CP,2006-01-07T20:00,2006-01-07T22:05,ORY,760389092
PYXHRGBY,code,L,70003074,FO,2006-01-07T09:05,2006-01-07T11:30,NCE,760389092
PYXHRGBY,code,L,70003077,FO,2006-01-07T12:00,2006-01-07T13:20,ORY,760389092
PYXHRGBY,code,L,70003082,FO,2006-01-07T14:05,2006-01-07T15:30,NCE,760389092
PYXHRGBY,code,L,70003085,FO,2006-01-07T16:00,2006-01-07T17:20,ORY,760389092
PYXHRGBY,code,L,70003092,FO,2006-01-07T18:05,2006-01-07T19:30,NCE,760389092
PYXHRGBY,code,L,70003095,FO,2006-01-07T20:00,2006-01-07T22:05,ORY,760389092
WCJLBFIV,code,L,70003074,CSD,2006-01-07T09:05,2006-01-07T11:30,NCE,760389092
WCJLBFIV,code,L,70003077,CSD,2006-01-07T12:00,2006-01-07T13:20,ORY,760389092
WCJLBFIV,code,L,70003082,CSD,2006-01-07T14:05,2006-01-07T15:30,NCE,760389092
WCJLBFIV,code,L,70003085,CSD,2006-01-07T16:00,2006-01-07T17:20,ORY,760389092
WCJLBFIV,code,L,70003092,CSD,2006-01-07T18:05,2006-01-07T19:30,NCE,760389092
WCJLBFIV,code,L,70003095,CSD,2006-01-07T20:00,2006-01-07T22:05,ORY,760389092
OELYLGRJ,code,L,70003074,CSD,2006-01-07T09:05,2006-01-07T11:30,NCE,760389092
OELYLGRJ,code,L,70003077,CSD,2006-01-07T12:00,2006-01-07T13:20,ORY,760389092
OELYLGRJ,code,L,70003082,CSD,2006-01-07T14:05,2006-01-07T15:30,NCE,760389092
OELYLGRJ,code,L,70003085,CSD,2006-01-07T16:00,2006-01-07T17:20,ORY,760389092
OELYLGRJ,code,L,70003092,CSD,2006-01-07T18:05,2006-01-07T19:30,NCE,760389092
OELYLGRJ,code,L,70003095,CSD,2006-01-07T20:00,2006-01-07T22:05,ORY,760389092
XAEERPTT,code,L,70003074,ST,2006-01-07T09:05,2006-01-07T11:30,NCE,760389092
XAEERPTT,code,L,70003077,ST,2006-01-07T12:00,2006-01-07T13:20,ORY,760389092
XAEERPTT,code,L,70003082,ST,2006-01-07T14:05,2006-01-07T15:30,NCE,760389092
XAEERPTT,code,L,70003085,ST,2006-01-07T16:00,2006-01-07T17:20,ORY,760389092
XAEERPTT,code,L,70003092,ST,2006-01-07T18:05,2006-01-07T19:30,NCE,760389092
XAEERPTT,code,L,70003095,ST,2006-01-07T20:00,2006-01-07T22:05,ORY,760389092
GEAZSKFP,code,L,70003074,ST,2006-01-07T09:05,2006-01-07T11:30,NCE,760389092
GEAZSKFP,code,L,70003077,ST,2006-01-07T12:00,2006-01-07T13:20,ORY,760389092
GEAZSKFP,code,L,70003082,ST,2006-01-07T14:05,2006-01-07T15:30,NCE,760389092
GEAZSKFP,code,L,70003085,ST,2006-01-07T16:00,2006-01-07T17:20,ORY,760389092
GEAZSKFP,code,L,70003092,ST,2006-01-07T18:05,2006-01-07T19:30,NCE,760389092
GEAZSKFP,code,L,70003095,ST,2006-01-07T20:00,2006-01-07T22:05,ORY,760389092
NNXDHHKV,code,L,70003074,ST,2006-01-07T09:05,2006-01-07T11:30,NCE,760389092
NNXDHHKV,code,L,70003077,ST,2006-01-07T12:00,2006-01-07T13:20,ORY,760389092
NNXDHHKV,code,L,70003082,ST,2006-01-07T14:05,2006-01-07T15:30,NCE,760389092
NNXDHHKV,code,L,70003085,ST,2006-01-07T16:00,2006-01-07T17:20,ORY,760389092
NNXDHHKV,code,L,70003092,ST,2006-01-07T18:05,2006-01-07T19:30,NCE,760389092
NNXDHHKV,code,L,70003095,ST,2006-01-07T20:00,2006-01-07T22:05,ORY,760389092
ADJEJNAY,code,L,70003074,ST,2006-01-07T09:05,2006-01-07T11:30,NCE,760389092
ADJEJNAY,code,L,70003077,ST,2006-01-07T12:00,2006-01-07T13:20,ORY,760389092
ADJEJNAY,code,L,70003082,ST,2006-01-07T14:05,2006-01-07T15:30,NCE,760389092
ADJEJNAY,code,L,70003085,ST,2006-01-07T16:00,2006-01-07T17:20,ORY,760389092
ADJEJNAY,code,L,70003092,ST,2006-01-07T18:05,2006-01-07T19:30,NCE,760389092
ADJEJNAY,code,L,70003095,ST,2006-01-07T20:00,2006-01-07T22:05,ORY,760389092
QTYIUTMR,code,L,70004366,CP,2006-01-07T09:05,2006-01-07T11:30,TLN,820276643
QTYIUTMR,code,L,70004369,CP,2006-01-07T12:30,2006-01-07T13:50,ORY,820276643
QTYIUTMR,code,L,70004370,CP,2006-01-07T14:40,2006-01-07T16:05,TLN,820276643
QTYIUTMR,code,L,70004371,CP,2006-01-07T17:55,2006-01-07T20:00,ORY,820276643
KEAAJXTP,code,L,70004366,FO,2006-01-07T09:05,2006-01-07T11:30,TLN,820276643
KEAAJXTP,code,L,70004369,FO,2006-01-07T12:30,2006-01-07T13:50,ORY,820276643
KEAAJXTP,code,L,70004370,FO,2006-01-07T14:40,2006-01-07T16:05,TLN,820276643
KEAAJXTP,code,L,70004371,FO,2006-01-07T17:55,2006-01-07T20:00,ORY,820276643
SBVWARTD,code,L,70004366,CSD,2006-01-07T09:05,2006-01-07T11:30,TLN,820276643
SBVWARTD,code,L,70004369,CSD,2006-01-07T12:30,2006-01-07T13:50,ORY,820276643
SBVWARTD,code,L,70004370,CSD,2006-01-07T14:40,2006-01-07T16:05,TLN,820276643
SBVWARTD,code,L,70004371,CSD,2006-01-07T17:55,2006-01-07T20:00,ORY,820276643
VAFHOOKS,code,L,70004366,CSD,2006-01-07T09:05,2006-01-07T11:30,TLN,820276643
VAFHOOKS,code,L,70004369,CSD,2006-01-07T12:30,2006-01-07T13:50,ORY,820276643
VAFHOOKS,code,L,70004370,CSD,2006-01-07T14:40,2006-01-07T16:05,TLN,820276643
VAFHOOKS,code,L,70004371,CSD,2006-01-07T17:55,2006-01-07T20:00,ORY,820276643
PRXMEZQP,code,L,70004366,ST,2006-01-07T09:05,2006-01-07T11:30,TLN,820276643
PRXMEZQP,code,L,70004369,ST,2006-01-07T12:30,2006-01-07T13:50,ORY,820276643
PRXMEZQP,code,L,70004370,ST,2006-01-07T14:40,2006-01-07T16:05,TLN,820276643
PRXMEZQP,code,L,70004371,ST,2006-01-07T17:55,2006-01-07T20:00,ORY,820276643
HDNFRDJB,code,L,70004366,ST,2006-01-07T09:05,2006-01-07T11:30,TLN,820276643
HDNFRDJB,code,L,70004369,ST,2006-01-07T12:30,2006-01-07T13:50,ORY,820276643
HDNFRDJB,code,L,70004370,ST,2006-01-07T14:40,2006-01-07T16:05,TLN,820276643
HDNFRDJB,code,L,70004371,ST,2006-01-07T17:55,2006-01-07T20:00,ORY,820276643
QBIIMPNB,code,L,70004366,ST,2006-01-07T09:05,2006-01-07T11:30,TLN,820276643
QBIIMPNB,code,L,70004369,ST,2006-01-07T12:30,2006-01-07T13:50,ORY,820276643
QBIIMPNB,code,L,70004370,ST,2006-01-07T14:40,2006-01-07T16:05,TLN,820276643
QBIIMPNB,code,L,70004371,ST,2006-01-07T17:55,2006-01-07T20:00,ORY,820276643
KXJJOBFJ,code,L,70004366,ST,2006-01-07T09:05,2006-01-07T11:30,TLN,820276643
KXJJOBFJ,code,L,70004369,ST,2006-01-07T12:30,2006-01-07T13:50,ORY,820276643
KXJJOBFJ,code,L,70004370,ST,2006-01-07T14:40,2006-01-07T16:05,TLN,820276643
KXJJOBFJ,code,L,70004371,ST,2006-01-07T17:55,2006-01-07T20:00,ORY,820276643
RRFTCVAH,code,L,70004228,CP,2006-01-07T09:05,2006-01-07T11:20,BES,1450422331
RRFTCVAH,code,L,70004239,CP,2006-01-07T14:40,2006-01-07T15:50,ORY,1450422331
RRFTCVAH,code,L,70004238,CP,2006-01-07T16:35,2006-01-07T17:50,BES,1450422331
RRFTCVAH,code,L,70004237,CP,2006-01-07T20:20,2006-01-07T22:15,ORY,1450422331
UUOIDSZN,code,L,70004228,FO,2006-01-07T09:05,2006-01-07T11:20,BES,1450422331
UUOIDSZN,code,L,70004239,FO,2006-01-07T14:40,2006-01-07T15:50,ORY,1450422331
UUOIDSZN,code,L,70004238,FO,2006-01-07T16:35,2006-01-07T17:50,BES,1450422331
UUOIDSZN,code,L,70004237,FO,2006-01-07T20:20,2006-01-07T22:15,ORY,1450422331
VOJJPGQB,code,L,70004228,CSD,2006-01-07T09:05,2006-01-07T11:20,BES,1450422331
VOJJPGQB,code,L,70004239,CSD,2006-01-07T14:40,2006-01-07T15:50,ORY,1450422331
VOJJPGQB,code,L,70004238,CSD,2006-01-07T16:35,2006-01-07T17:50,BES,1450422331
VOJJPGQB,code,L,70004237,CSD,2006-01-07T20:20,2006-01-07T22:15,ORY,1450422331
VLIRDPWJ,code,L,70004228,CSD,2006-01-07T09:05,2006-01-07T11:20,BES,1450422331
VLIRDPWJ,code,L,70004239,CSD,2006-01-07T14:40,2006-01-07T15:50,ORY,1450422331
VLIRDPWJ,code,L,70004238,CSD,2006-01-07T16:35,2006-01-07T17:50,BES,1450422331
VLIRDPWJ,code,L,70004237,CSD,2006-01-07T20:20,2006-01-07T22:15,ORY,1450422331
IXLDLZTN,code,L,70004228,ST,2006-01-07T09:05,2006-01-07T11:20,BES,1450422331
IXLDLZTN,code,L,70004239,ST,2006-01-07T14:40,2006-01-07T15:50,ORY,1450422331
IXLDLZTN,code,L,70004238,ST,2006-01-07T16:35,2006-01-07T17:50,BES,1450422331
IXLDLZTN,code,L,70004237,ST,2006-01-07T20:20,2006-01-07T22:15,ORY,1450422331
FZVHBCST,code,L,70004228,ST,2006-01-07T09:05,2006-01-07T11:20,BES,1450422331
FZVHBCST,code,L,70004239,ST,2006-01-07T14:40,2006-01-07T15:50,ORY,1450422331
FZVHBCST,code,L,70004238,ST,2006-01-07T16:35,2006-01-07T17:50,BES,1450422331
FZVHBCST,code,L,70004237,ST,2006-01-07T20:20,2006-01-07T22:15,ORY,1450422331
YFNQNIXE,code,L,70004228,ST,2006-01-07T09:05,2006-01-07T11:20,BES,1450422331
YFNQNIXE,code,L,70004239,ST,2006-01-07T14:40,2006-01-07T15:50,ORY,1450422331
YFNQNIXE,code,L,70004238,ST,2006-01-07T16:35,2006-01-07T17:50,BES,1450422331
YFNQNIXE,code,L,70004237,ST,2006-01-07T20:20,2006-01-07T22:15,ORY,1450422331
STUMEVQN,code,L,70004228,ST,2006-01-07T09:05,2006-01-07T11:20,BES,1450422331
STUMEVQN,code,L,70004239,ST,2006-01-07T14:40,2006-01-07T15:50,ORY,1450422331
STUMEVQN,code,L,70004238,ST,2006-01-07T16:35,2006-01-07T17:50,BES,1450422331
STUMEVQN,code,L,70004237,ST,2006-01-07T20:20,2006-01-07T22:15,ORY,1450422331
VIJWOWCQ,code,L,70004200,CP,2006-01-07T09:05,2006-01-07T11:15,MLH,472931517
VIJWOWCQ,code,L,70004197,CP,2006-01-07T12:10,2006-01-07T13:10,ORY,472931517
VIJWOWCQ,code,L,70004202,CP,2006-01-07T13:55,2006-01-07T15:05,MLH,472931517
VIJWOWCQ,code,L,70004203,CP,2006-01-07T18:45,2006-01-07T20:30,ORY,472931517
EGZUUMPY,code,L,70004200,FO,2006-01-07T09:05,2006-01-07T11:15,MLH,472931517
EGZUUMPY,code,L,70004197,FO,2006-01-07T12:10,2006-01-07T13:10,ORY,472931517
EGZUUMPY,code,L,70004202,FO,2006-01-07T13:55,2006-01-07T15:05,MLH,472931517
EGZUUMPY,code,L,70004203,FO,2006-01-07T18:45,2006-01-07T20:30,ORY,472931517
ORLQCTQS,code,L,70004200,CSD,2006-01-07T09:05,2006-01-07T11:15,MLH,472931517
ORLQCTQS,code,L,70004197,CSD,2006-01-07T12:10,2006-01-07T13:10,ORY,472931517
ORLQCTQS,code,L,70004202,CSD,2006-01-07T13:55,2006-01-07T15:05,MLH,472931517
ORLQCTQS,code,L,70004203,CSD,2006-01-07T18:45,2006-01-07T20:30,ORY,472931517
LLMGPWAU,code,L,70004200,CSD,2006-01-07T09:05,2006-01-07T11:15,MLH,472931517
LLMGPWAU,code,L,70004197,CSD,2006-01-07T12:10,2006-01-07T13:10,ORY,472931517
LLMGPWAU,code,L,70004202,CSD,2006-01-07T13:55,2006-01-07T15:05,MLH,472931517
LLMGPWAU,code,L,70004203,CSD,2006-01-07T18:45,2006-01-07T20:30,ORY,472931517
AYLSHXXK,code,L,70004200,ST,2006-01-07T09:05,2006-01-07T11:15,MLH,472931517
AYLSHXXK,code,L,70004197,ST,2006-01-07T12:10,2006-01-07T13:10,ORY,472931517
AYLSHXXK,code,L,70004202,ST,2006-01-07T13:55,2006-01-07T15:05,MLH,472931517
AYLSHXXK,code,L,70004203,ST,2006-01-07T18:45,2006-01-07T20:30,ORY,472931517
VSPKZMWL,code,L,70004200,ST,2006-01-07T09:05,2006-01-07T11:15,MLH,472931517
VSPKZMWL,code,L,70004197,ST,2006-01-07T12:10,2006-01-07T13:10,ORY,472931517
VSPKZMWL,code,L,70004202,ST,2006-01-07T13:55,2006-01-07T15:05,MLH,472931517
VSPKZMWL,code,L,70004203,ST,2006-01-07T18:45,2006-01-07T20:30,ORY,472931517
OATCKEKH,code,L,70004200,ST,2006-01-07T09:05,2006-01-07T11:15,MLH,472931517
OATCKEKH,code,L,70004197,ST,2006-01-07T12:10,2006-01-07T13:10,ORY,472931517
OATCKEKH,code,L,70004202,ST,2006-01-07T13:55,2006-01-07T15:05,MLH,472931517
OATCKEKH,code,L,70004203,ST,2006-01-07T18:45,2006-01-07T20:30,ORY,472931517
MMFKLZIF,code,L,70004200,ST,2006-01-07T09:05,2006-01-07T11:15,MLH,472931517
MMFKLZIF,code,L,70004197,ST,2006-01-07T12:10,2006-01-07T13:10,ORY,472931517
MMFKLZIF,code,L,70004202,ST,2006-01-07T13:55,2006-01-07T15:05,MLH,472931517
MMFKLZIF,code,L,70004203,ST,2006-01-07T18:45,2006-01-07T20:30,ORY,472931517
QIYGKJLE,code,L,70003124,CP,2006-01-07T09:05,2006-01-07T11:15,BOD,1903227280
QIYGKJLE,code,L,70003123,CP,2006-01-07T12:10,2006-01-07T13:15,ORY,1903227280
QIYGKJLE,code,L,70003128,CP,2006-01-07T14:05,2006-01-07T15:15,BOD,1903227280
QIYGKJLE,code,L,70003131,CP,2006-01-07T17:25,2006-01-07T19:15,ORY,1903227280
LVGLHYIF,code,L,70003124,FO,2006-01-07T09:05,2006-01-07T11:15,BOD,1903227280
LVGLHYIF,code,L,70003123,FO,2006-01-07T12:10,2006-01-07T13:15,ORY,1903227280
LVGLHYIF,code,L,70003128,FO,2006-01-07T14:05,2006-01-07T15:15,BOD,1903227280
LVGLHYIF,code,L,70003131,FO,2006-01-07T17:25,2006-01-07T19:15,ORY,1903227280
IMRKSLFT,code,L,70003124,CSD,2006-01-07T09:05,2006-01-07T11:15,BOD,1903227280
IMRKSLFT,code,L,70003123,CSD,2006-01-07T12:10,2006-01-07T13:15,ORY,1903227280
IMRKSLFT,code,L,70003128,CSD,2006-01-07T14:05,2006-01-07T15:15,BOD,1903227280
IMRKSLFT,code,L,70003131,CSD,2006-01-07T17:25,2006-01-07T19:15,ORY,1903227280
YMEAUONG,code,L,70003124,CSD,2006-01-07T09:05,2006-01-07T11:15,BOD,1903227280
YMEAUONG,code,L,70003123,CSD,2006-01-07T12:10,2006-01-07T13:15,ORY,1903227280
YMEAUONG,code,L,70003128,CSD,2006-01-07T14:05,2006-01-07T15:15,BOD,1903227280
YMEAUONG,code,L,70003131,CSD,2006-01-07T17:25,2006-01-07T19:15,ORY,1903227280
CBGAGLOO,code,L,70003124,ST,2006-01-07T09:05,2006-01-07T11:15,BOD,1903227280
CBGAGLOO,code,L,70003123,ST,2006-01-07T12:10,2006-01-07T13:15,ORY,1903227280
CBGAGLOO,code,L,70003128,ST,2006-01-07T14:05,2006-01-07T15:15,BOD,1903227280
CBGAGLOO,code,L,70003131,ST,2006-01-07T17:25,2006-01-07T19:15,ORY,1903227280
SZVFZTDX,code,L,70003124,ST,2006-01-07T09:05,2006-01-07T11:15,BOD,1903227280
SZVFZTDX,code,L,70003123,ST,2006-01-07T12:10,2006-01-07T13:15,ORY,1903227280
SZVFZTDX,code,L,70003128,ST,2006-01-07T14:05,2006-01-07T15:15,BOD,1903227280
SZVFZTDX,code,L,70003131,ST,2006-01-07T17:25,2006-01-07T19:15,ORY,1903227280
KLHIBLLL,code,L,70003124,ST,2006-01-07T09:05,2006-01-07T11:15,BOD,1903227280
KLHIBLLL,code,L,70003123,ST,2006-01-07T12:10,2006-01-07T13:15,ORY,1903227280
KLHIBLLL,code,L,70003128,ST,2006-01-07T14:05,2006-01-07T15:15,BOD,1903227280
KLHIBLLL,code,L,70003131,ST,2006-01-07T17:25,2006-01-07T19:15,ORY,1903227280
JUYYSYGB,code,L,70003124,ST,2006-01-07T09:05,2006-01-07T11:15,BOD,1903227280
JUYYSYGB,code,L,70003123,ST,2006-01-07T12:10,2006-01-07T13:15,ORY,1903227280
JUYYSYGB,code,L,70003128,ST,2006-01-07T14:05,2006-01-07T15:15,BOD,1903227280
JUYYSYGB,code,L,70003131,ST,2006-01-07T17:25,2006-01-07T19:15,ORY,1903227280
QVKPHGWC,code,L,70004320,CP,2006-01-07T09:10,2006-01-07T11:30,PUF,607156385
QVKPHGWC,code,L,70004317,CP,2006-01-07T12:05,2006-01-07T13:20,ORY,607156385
QVKPHGWC,code,L,70004322,CP,2006-01-07T14:10,2006-01-07T15:30,PUF,607156385
QVKPHGWC,code,L,70004319,CP,2006-01-07T16:20,2006-01-07T17:35,ORY,607156385
QVKPHGWC,code,L,70004324,CP,2006-01-07T18:30,2006-01-07T19:50,PUF,607156385
QVKPHGWC,code,L,70004321,CP,2006-01-07T20:25,2006-01-07T22:25,ORY,607156385
PFHMRTJT,code,L,70004320,FO,2006-01-07T09:10,2006-01-07T11:30,PUF,607156385
PFHMRTJT,code,L,70004317,FO,2006-01-07T12:05,2006-01-07T13:20,ORY,607156385
PFHMRTJT,code,L,70004322,FO,2006-01-07T14:10,2006-01-07T15:30,PUF,607156385
PFHMRTJT,code,L,70004319,FO,2006-01-07T16:20,2006-01-07T17:35,ORY,607156385
PFHMRTJT,code,L,70004324,FO,2006-01-07T18:30,2006-01-07T19:50,PUF,607156385
PFHMRTJT,code,L,70004321,FO,2006-01-07T20:25,2006-01-07T22:25,ORY,607156385
WGOZAIUT,code,L,70004320,CSD,2006-01-07T09:10,2006-01-07T11:30,PUF,607156385
WGOZAIUT,code,L,70004317,CSD,2006-01-07T12:05,2006-01-07T13:20,ORY,607156385
WGOZAIUT,code,L,70004322,CSD,2006-01-07T14:10,2006-01-07T15:30,PUF,607156385
WGOZAIUT,code,L,70004319,CSD,2006-01-07T16:20,2006-01-07T17:35,ORY,607156385
WGOZAIUT,code,L,70004324,CSD,2006-01-07T18:30,2006-01-07T19:50,PUF,607156385
WGOZAIUT,code,L,70004321,CSD,2006-01-07T20:25,2006-01-07T22:25,ORY,607156385
GECMZKKU,code,L,70004320,CSD,2006-01-07T09:10,2006-01-07T11:30,PUF,607156385
GECMZKKU,code,L,70004317,CSD,2006-01-07T12:05,2006-01-07T13:20,ORY,607156385
GECMZKKU,code,L,70004322,CSD,2006-01-07T14:10,2006-01-07T15:30,PUF,607156385
GECMZKKU,code,L,70004319,CSD,2006-01-07T16:20,2006-01-07T17:35,ORY,607156385
GECMZKKU,code,L,70004324,CSD,2006-01-07T18:30,2006-01-07T19:50,PUF,607156385
GECMZKKU,code,L,70004321,CSD,2006-01-07T20:25,2006-01-07T22:25,ORY,607156385
RGVVKGDW,code,L,70004320,ST,2006-01-07T09:10,2006-01-07T11:30,PUF,607156385
RGVVKGDW,code,L,70004317,ST,2006-01-07T12:05,2006-01-07T13:20,ORY,607156385
RGVVKGDW,code,L,70004322,ST,2006-01-07T14:10,2006-01-07T15:30,PUF,607156385
RGVVKGDW,code,L,70004319,ST,2006-01-07T16:20,2006-01-07T17:35,ORY,607156385
RGVVKGDW,code,L,70004324,ST,2006-01-07T18:30,2006-01-07T19:50,PUF,607156385
RGVVKGDW,code,L,70004321,ST,2006-01-07T20:25,2006-01-07T22:25,ORY,607156385
UBQCFDEH,code,L,70004320,ST,2006-01-07T09:10,2006-01-07T11:30,PUF,607156385
UBQCFDEH,code,L,70004317,ST,2006-01-07T12:05,2006-01-07T13:20,ORY,607156385
UBQCFDEH,code,L,70004322,ST,2006-01-07T14:10,2006-01-07T15:30,PUF,607156385
UBQCFDEH,code,L,70004319,ST,2006-01-07T16:20,2006-01-07T17:35,ORY,607156385
UBQCFDEH,code,L,70004324,ST,2006-01-07T18:30,2006-01-07T19:50,PUF,607156385
UBQCFDEH,code,L,70004321,ST,2006-01-07T20:25,2006-01-07T22:25,ORY,607156385
NUBEEDNG,code,L,70004320,ST,2006-01-07T09:10,2006-01-07T11:30,PUF,607156385
NUBEEDNG,code,L,70004317,ST,2006-01-07T12:05,2006-01-07T13:20,ORY,607156385
NUBEEDNG,code,L,70004322,ST,2006-01-07T14:10,2006-01-07T15:30,PUF,607156385
NUBEEDNG,code,L,70004319,ST,2006-01-07T16:20,2006-01-07T17:35,ORY,607156385
NUBEEDNG,code,L,70004324,ST,2006-01-07T18:30,2006-01-07T19:50,PUF,607156385
NUBEEDNG,code,L,70004321,ST,2006-01-07T20:25,2006-01-07T22:25,ORY,607156385
YNPAQHBO,code,L,70004320,ST,2006-01-07T09:10,2006-01-07T11:30,PUF,607156385
YNPAQHBO,code,L,70004317,ST,2006-01-07T12:05,2006-01-07T13:20,ORY,607156385
YNPAQHBO,code,L,70004322,ST,2006-01-07T14:10,2006-01-07T15:30,PUF,607156385
YNPAQHBO,code,L,70004319,ST,2006-01-07T16:20,2006-01-07T17:35,ORY,607156385
YNPAQHBO,code,L,70004324,ST,2006-01-07T18:30,2006-01-07T19:50,PUF,607156385
YNPAQHBO,code,L,70004321,ST,2006-01-07T20:25,2006-01-07T22:25,ORY,607156385
LZEAQINH,code,L,70004725,CP,2006-01-07T09:10,2006-01-07T11:25,NTE,1056745520
LZEAQINH,code,L,70004705,CP,2006-01-07T15:00,2006-01-07T16:05,LYS,1056745520
LZEAQINH,code,L,70004706,CP,2006-01-07T16:55,2006-01-07T17:55,TLS,1056745520
LZEAQINH,code,L,70004730,CP,2006-01-07T18:45,2006-01-07T20:45,LYS,1056745520
SVZQYFMF,code,L,70004725,FO,2006-01-07T09:10,2006-01-07T11:25,NTE,1056745520
SVZQYFMF,code,L,70004705,FO,2006-01-07T15:00,2006-01-07T16:05,LYS,1056745520
SVZQYFMF,code,L,70004706,FO,2006-01-07T16:55,2006-01-07T17:55,TLS,1056745520
SVZQYFMF,code,L,70004730,FO,2006-01-07T18:45,2006-01-07T20:45,LYS,1056745520
EXTPITLA,code,L,70004725,CSD,2006-01-07T09:10,2006-01-07T11:25,NTE,1056745520
EXTPITLA,code,L,70004705,CSD,2006-01-07T15:00,2006-01-07T16:05,LYS,1056745520
EXTPITLA,code,L,70004706,CSD,2006-01-07T16:55,2006-01-07T17:55,TLS,1056745520
EXTPITLA,code,L,70004730,CSD,2006-01-07T18:45,2006-01-07T20:45,LYS,1056745520
STYWUIMR,code,L,70004725,CSD,2006-01-07T09:10,2006-01-07T11:25,NTE,1056745520
STYWUIMR,code,L,70004705,CSD,2006-01-07T15:00,2006-01-07T16:05,LYS,1056745520
STYWUIMR,code,L,70004706,CSD,2006-01-07T16:55,2006-01-07T17:55,TLS,1056745520
STYWUIMR,code,L,70004730,CSD,2006-01-07T18:45,2006-01-07T20:45,LYS,1056745520
WEFAKBAY,code,L,70004725,ST,2006-01-07T09:10,2006-01-07T11:25,NTE,1056745520
WEFAKBAY,code,L,70004705,ST,2006-01-07T15:00,2006-01-07T16:05,LYS,1056745520
WEFAKBAY,code,L,70004706,ST,2006-01-07T16:55,2006-01-07T17:55,TLS,1056745520
WEFAKBAY,code,L,70004730,ST,2006-01-07T18:45,2006-01-07T20:45,LYS,1056745520
XLUKGXOT,code,L,70004725,ST,2006-01-07T09:10,2006-01-07T11:25,NTE,1056745520
XLUKGXOT,code,L,70004705,ST,2006-01-07T15:00,2006-01-07T16:05,LYS,1056745520
XLUKGXOT,code,L,70004706,ST,2006-01-07T16:55,2006-01-07T17:55,TLS,1056745520
XLUKGXOT,code,L,70004730,ST,2006-01-07T18:45,2006-01-07T20:45,LYS,1056745520
AGNSXZAH,code,L,70004725,ST,2006-01-07T09:10,2006-01-07T11:25,NTE,1056745520
AGNSXZAH,code,L,70004705,ST,2006-01-07T15:00,2006-01-07T16:05,LYS,1056745520
AGNSXZAH,code,L,70004706,ST,2006-01-07T16:55,2006-01-07T17:55,TLS,1056745520
AGNSXZAH,code,L,70004730,ST,2006-01-07T18:45,2006-01-07T20:45,LYS,1056745520
YWJNLDFC,code,L,70004725,ST,2006-01-07T09:10,2006-01-07T11:25,NTE,1056745520
YWJNLDFC,code,L,70004705,ST,2006-01-07T15:00,2006-01-07T16:05,LYS,1056745520
YWJNLDFC,code,L,70004706,ST,2006-01-07T16:55,2006-01-07T17:55,TLS,1056745520
YWJNLDFC,code,L,70004730,ST,2006-01-07T18:45,2006-01-07T20:45,LYS,1056745520
DVYSCKCK,code,L,70002886,CP,2006-01-07T09:30,2006-01-07T11:50,MRS,669806174
DVYSCKCK,code,L,70002919,CP,2006-01-07T12:35,2006-01-07T13:50,ORY,669806174
DVYSCKCK,code,L,70002896,CP,2006-01-07T14:30,2006-01-07T15:50,MRS,669806174
DVYSCKCK,code,L,70002899,CP,2006-01-07T16:35,2006-01-07T18:35,ORY,669806174
DKBIGGAA,code,L,70002886,FO,2006-01-07T09:30,2006-01-07T11:50,MRS,669806174
DKBIGGAA,code,L,70002919,FO,2006-01-07T12:35,2006-01-07T13:50,ORY,669806174
DKBIGGAA,code,L,70002896,FO,2006-01-07T14:30,2006-01-07T15:50,MRS,669806174
DKBIGGAA,code,L,70002899,FO,2006-01-07T16:35,2006-01-07T18:35,ORY,669806174
HNNRSNVS,code,L,70002886,CSD,2006-01-07T09:30,2006-01-07T11:50,MRS,669806174
HNNRSNVS,code,L,70002919,CSD,2006-01-07T12:35,2006-01-07T13:50,ORY,669806174
HNNRSNVS,code,L,70002896,CSD,2006-01-07T14:30,2006-01-07T15:50,MRS,669806174
HNNRSNVS,code,L,70002899,CSD,2006-01-07T16:35,2006-01-07T18:35,ORY,669806174
UTLMYEFB,code,L,70002886,CSD,2006-01-07T09:30,2006-01-07T11:50,MRS,669806174
UTLMYEFB,code,L,70002919,CSD,2006-01-07T12:35,2006-01-07T13:50,ORY,669806174
UTLMYEFB,code,L,70002896,CSD,2006-01-07T14:30,2006-01-07T15:50,MRS,669806174
UTLMYEFB,code,L,70002899,CSD,2006-01-07T16:35,2006-01-07T18:35,ORY,669806174
NCJVJOIL,code,L,70002886,ST,2006-01-07T09:30,2006-01-07T11:50,MRS,669806174
NCJVJOIL,code,L,70002919,ST,2006-01-07T12:35,2006-01-07T13:50,ORY,669806174
NCJVJOIL,code,L,70002896,ST,2006-01-07T14:30,2006-01-07T15:50,MRS,669806174
NCJVJOIL,code,L,70002899,ST,2006-01-07T16:35,2006-01-07T18:35,ORY,669806174
NEAQHSPH,code,L,70002886,ST,2006-01-07T09:30,2006-01-07T11:50,MRS,669806174
NEAQHSPH,code,L,70002919,ST,2006-01-07T12:35,2006-01-07T13:50,ORY,669806174
NEAQHSPH,code,L,70002896,ST,2006-01-07T14:30,2006-01-07T15:50,MRS,669806174
NEAQHSPH,code,L,70002899,ST,2006-01-07T16:35,2006-01-07T18:35,ORY,669806174
JZUYMVJA,code,L,70002886,ST,2006-01-07T09:30,2006-01-07T11:50,MRS,669806174
JZUYMVJA,code,L,70002919,ST,2006-01-07T12:35,2006-01-07T13:50,ORY,669806174
JZUYMVJA,code,L,70002896,ST,2006-01-07T14:30,2006-01-07T15:50,MRS,669806174
JZUYMVJA,code,L,70002899,ST,2006-01-07T16:35,2006-01-07T18:35,ORY,669806174
FSFYCMRU,code,L,70002886,ST,2006-01-07T09:30,2006-01-07T11:50,MRS,669806174
FSFYCMRU,code,L,70002919,ST,2006-01-07T12:35,2006-01-07T13:50,ORY,669806174
FSFYCMRU,code,L,70002896,ST,2006-01-07T14:30,2006-01-07T15:50,MRS,669806174
FSFYCMRU,code,L,70002899,ST,2006-01-07T16:35,2006-01-07T18:35,ORY,669806174
RPAFRRKY,code,L,70004624,CP,2006-01-07T09:30,2006-01-07T11:40,SXB,147048153
RPAFRRKY,code,L,70004627,CP,2006-01-07T13:10,2006-01-07T14:20,CDG,147048153
RPAFRRKY,code,L,70004628,CP,2006-01-07T15:15,2006-01-07T16:25,SXB,147048153
RPAFRRKY,code,L,70004631,CP,2006-01-07T17:45,2006-01-07T19:35,CDG,147048153
YVAYESUE,code,L,70004624,FO,2006-01-07T09:30,2006-01-07T11:40,SXB,147048153
YVAYESUE,code,L,70004627,FO,2006-01-07T13:10,2006-01-07T14:20,CDG,147048153
YVAYESUE,code,L,70004628,FO,2006-01-07T15:15,2006-01-07T16:25,SXB,147048153
YVAYESUE,code,L,70004631,FO,2006-01-07T17:45,2006-01-07T19:35,CDG,147048153
ANMLCMXA,code,L,70004624,CSD,2006-01-07T09:30,2006-01-07T11:40,SXB,147048153
ANMLCMXA,code,L,70004627,CSD,2006-01-07T13:10,2006-01-07T14:20,CDG,147048153
ANMLCMXA,code,L,70004628,CSD,2006-01-07T15:15,2006-01-07T16:25,SXB,147048153
ANMLCMXA,code,L,70004631,CSD,2006-01-07T17:45,2006-01-07T19:35,CDG,147048153
LNSCNFJU,code,L,70004624,ST,2006-01-07T09:30,2006-01-07T11:40,SXB,147048153
LNSCNFJU,code,L,70004627,ST,2006-01-07T13:10,2006-01-07T14:20,CDG,147048153
LNSCNFJU,code,L,70004628,ST,2006-01-07T15:15,2006-01-07T16:25,SXB,147048153
LNSCNFJU,code,L,70004631,ST,2006-01-07T17:45,2006-01-07T19:35,CDG,147048153
VMDONOHC,code,L,70004624,ST,2006-01-07T09:30,2006-01-07T11:40,SXB,147048153
VMDONOHC,code,L,70004627,ST,2006-01-07T13:10,2006-01-07T14:20,CDG,147048153
VMDONOHC,code,L,70004628,ST,2006-01-07T15:15,2006-01-07T16:25,SXB,147048153
VMDONOHC,code,L,70004631,ST,2006-01-07T17:45,2006-01-07T19:35,CDG,147048153
PLHAJJVU,code,L,70003097,CP,2006-01-07T09:35,2006-01-07T11:55,ORY,1501726364
PLHAJJVU,code,L,70003086,CP,2006-01-07T12:35,2006-01-07T14:00,NCE,1501726364
PLHAJJVU,code,L,70003127,CP,2006-01-07T15:10,2006-01-07T16:15,ORY,1501726364
PLHAJJVU,code,L,70003134,CP,2006-01-07T17:05,2006-01-07T19:00,BOD,1501726364
CZBFVUZL,code,L,70003097,FO,2006-01-07T09:35,2006-01-07T11:55,ORY,1501726364
CZBFVUZL,code,L,70003086,FO,2006-01-07T12:35,2006-01-07T14:00,NCE,1501726364
CZBFVUZL,code,L,70003127,FO,2006-01-07T15:10,2006-01-07T16:15,ORY,1501726364
CZBFVUZL,code,L,70003134,FO,2006-01-07T17:05,2006-01-07T19:00,BOD,1501726364
SNKFSMBO,code,L,70003097,CSD,2006-01-07T09:35,2006-01-07T11:55,ORY,1501726364
SNKFSMBO,code,L,70003086,CSD,2006-01-07T12:35,2006-01-07T14:00,NCE,1501726364
SNKFSMBO,code,L,70003127,CSD,2006-01-07T15:10,2006-01-07T16:15,ORY,1501726364
SNKFSMBO,code,L,70003134,CSD,2006-01-07T17:05,2006-01-07T19:00,BOD,1501726364
ZSNMDIHG,code,L,70003097,CSD,2006-01-07T09:35,2006-01-07T11:55,ORY,1501726364
ZSNMDIHG,code,L,70003086,CSD,2006-01-07T12:35,2006-01-07T14:00,NCE,1501726364
ZSNMDIHG,code,L,70003127,CSD,2006-01-07T15:10,2006-01-07T16:15,ORY,1501726364
ZSNMDIHG,code,L,70003134,CSD,2006-01-07T17:05,2006-01-07T19:00,BOD,1501726364
QHYEHMGZ,code,L,70003097,ST,2006-01-07T09:35,2006-01-07T11:55,ORY,1501726364
QHYEHMGZ,code,L,70003086,ST,2006-01-07T12:35,2006-01-07T14:00,NCE,1501726364
QHYEHMGZ,code,L,70003127,ST,2006-01-07T15:10,2006-01-07T16:15,ORY,1501726364
QHYEHMGZ,code,L,70003134,ST,2006-01-07T17:05,2006-01-07T19:00,BOD,1501726364
KORBJEFD,code,L,70003097,ST,2006-01-07T09:35,2006-01-07T11:55,ORY,1501726364
KORBJEFD,code,L,70003086,ST,2006-01-07T12:35,2006-01-07T14:00,NCE,1501726364
KORBJEFD,code,L,70003127,ST,2006-01-07T15:10,2006-01-07T16:15,ORY,1501726364
KORBJEFD,code,L,70003134,ST,2006-01-07T17:05,2006-01-07T19:00,BOD,1501726364
HEWRLDXY,code,L,70003097,ST,2006-01-07T09:35,2006-01-07T11:55,ORY,1501726364
HEWRLDXY,code,L,70003086,ST,2006-01-07T12:35,2006-01-07T14:00,NCE,1501726364
HEWRLDXY,code,L,70003127,ST,2006-01-07T15:10,2006-01-07T16:15,ORY,1501726364
HEWRLDXY,code,L,70003134,ST,2006-01-07T17:05,2006-01-07T19:00,BOD,1501726364
OSUMSBRX,code,L,70003097,ST,2006-01-07T09:35,2006-01-07T11:55,ORY,1501726364
OSUMSBRX,code,L,70003086,ST,2006-01-07T12:35,2006-01-07T14:00,NCE,1501726364
OSUMSBRX,code,L,70003127,ST,2006-01-07T15:10,2006-01-07T16:15,ORY,1501726364
OSUMSBRX,code,L,70003134,ST,2006-01-07T17:05,2006-01-07T19:00,BOD,1501726364
ZNBWNWOW,code,L,70002982,CP,2006-01-07T09:40,2006-01-07T12:00,TLS,259488708
ZNBWNWOW,code,L,70002985,CP,2006-01-07T12:50,2006-01-07T14:00,ORY,259488708
ZNBWNWOW,code,L,70002992,CP,2006-01-07T14:40,2006-01-07T16:00,TLS,259488708
ZNBWNWOW,code,L,70002999,CP,2006-01-07T16:50,2006-01-07T18:45,ORY,259488708
FSAVFJVL,code,L,70002982,FO,2006-01-07T09:40,2006-01-07T12:00,TLS,259488708
FSAVFJVL,code,L,70002985,FO,2006-01-07T12:50,2006-01-07T14:00,ORY,259488708
FSAVFJVL,code,L,70002992,FO,2006-01-07T14:40,2006-01-07T16:00,TLS,259488708
FSAVFJVL,code,L,70002999,FO,2006-01-07T16:50,2006-01-07T18:45,ORY,259488708
OUJYTGVG,code,L,70002982,CSD,2006-01-07T09:40,2006-01-07T12:00,TLS,259488708
OUJYTGVG,code,L,70002985,CSD,2006-01-07T12:50,2006-01-07T14:00,ORY,259488708
OUJYTGVG,code,L,70002992,CSD,2006-01-07T14:40,2006-01-07T16:00,TLS,259488708
OUJYTGVG,code,L,70002999,CSD,2006-01-07T16:50,2006-01-07T18:45,ORY,259488708
UHOEHVZS,code,L,70002982,CSD,2006-01-07T09:40,2006-01-07T12:00,TLS,259488708
UHOEHVZS,code,L,70002985,CSD,2006-01-07T12:50,2006-01-07T14:00,ORY,259488708
UHOEHVZS,code,L,70002992,CSD,2006-01-07T14:40,2006-01-07T16:00,TLS,259488708
UHOEHVZS,code,L,70002999,CSD,2006-01-07T16:50,2006-01-07T18:45,ORY,259488708
DVERZMAC,code,L,70002982,ST,2006-01-07T09:40,2006-01-07T12:00,TLS,259488708
DVERZMAC,code,L,70002985,ST,2006-01-07T12:50,2006-01-07T14:00,ORY,259488708
DVERZMAC,code,L,70002992,ST,2006-01-07T14:40,2006-01-07T16:00,TLS,259488708
DVERZMAC,code,L,70002999,ST,2006-01-07T16:50,2006-01-07T18:45,ORY,259488708
EBEVBFUH,code,L,70002982,ST,2006-01-07T09:40,2006-01-07T12:00,TLS,259488708
EBEVBFUH,code,L,70002985,ST,2006-01-07T12:50,2006-01-07T14:00,ORY,259488708
EBEVBFUH,code,L,70002992,ST,2006-01-07T14:40,2006-01-07T16:00,TLS,259488708
EBEVBFUH,code,L,70002999,ST,2006-01-07T16:50,2006-01-07T18:45,ORY,259488708
RCAZNEQG,code,L,70002982,ST,2006-01-07T09:40,2006-01-07T12:00,TLS,259488708
RCAZNEQG,code,L,70002985,ST,2006-01-07T12:50,2006-01-07T14:00,ORY,259488708
RCAZNEQG,code,L,70002992,ST,2006-01-07T14:40,2006-01-07T16:00,TLS,259488708
RCAZNEQG,code,L,70002999,ST,2006-01-07T16:50,2006-01-07T18:45,ORY,259488708
VXXTVRJU,code,L,70002982,ST,2006-01-07T09:40,2006-01-07T12:00,TLS,259488708
VXXTVRJU,code,L,70002985,ST,2006-01-07T12:50,2006-01-07T14:00,ORY,259488708
VXXTVRJU,code,L,70002992,ST,2006-01-07T14:40,2006-01-07T16:00,TLS,259488708
VXXTVRJU,code,L,70002999,ST,2006-01-07T16:50,2006-01-07T18:45,ORY,259488708
RYOBIFEE,code,L,70002981,CP,2006-01-07T09:50,2006-01-07T12:00,ORY,1372239857
RYOBIFEE,code,L,70002986,CP,2006-01-07T12:40,2006-01-07T14:00,TLS,1372239857
RYOBIFEE,code,L,70002991,CP,2006-01-07T14:50,2006-01-07T16:00,ORY,1372239857
RYOBIFEE,code,L,70003000,CP,2006-01-07T16:40,2006-01-07T18:45,TLS,1372239857
FHAUWVWE,code,L,70002981,FO,2006-01-07T09:50,2006-01-07T12:00,ORY,1372239857
FHAUWVWE,code,L,70002986,FO,2006-01-07T12:40,2006-01-07T14:00,TLS,1372239857
FHAUWVWE,code,L,70002991,FO,2006-01-07T14:50,2006-01-07T16:00,ORY,1372239857
FHAUWVWE,code,L,70003000,FO,2006-01-07T16:40,2006-01-07T18:45,TLS,1372239857
AGWNUTYV,code,L,70002981,CSD,2006-01-07T09:50,2006-01-07T12:00,ORY,1372239857
AGWNUTYV,code,L,70002986,CSD,2006-01-07T12:40,2006-01-07T14:00,TLS,1372239857
AGWNUTYV,code,L,70002991,CSD,2006-01-07T14:50,2006-01-07T16:00,ORY,1372239857
AGWNUTYV,code,L,70003000,CSD,2006-01-07T16:40,2006-01-07T18:45,TLS,1372239857
BAOSCKVL,code,L,70002981,CSD,2006-01-07T09:50,2006-01-07T12:00,ORY,1372239857
BAOSCKVL,code,L,70002986,CSD,2006-01-07T12:40,2006-01-07T14:00,TLS,1372239857
BAOSCKVL,code,L,70002991,CSD,2006-01-07T14:50,2006-01-07T16:00,ORY,1372239857
BAOSCKVL,code,L,70003000,CSD,2006-01-07T16:40,2006-01-07T18:45,TLS,1372239857
WHDLKSHC,code,L,70002981,ST,2006-01-07T09:50,2006-01-07T12:00,ORY,1372239857
WHDLKSHC,code,L,70002986,ST,2006-01-07T12:40,2006-01-07T14:00,TLS,1372239857
WHDLKSHC,code,L,70002991,ST,2006-01-07T14:50,2006-01-07T16:00,ORY,1372239857
WHDLKSHC,code,L,70003000,ST,2006-01-07T16:40,2006-01-07T18:45,TLS,1372239857
IJRDMINL,code,L,70002981,ST,2006-01-07T09:50,2006-01-07T12:00,ORY,1372239857
IJRDMINL,code,L,70002986,ST,2006-01-07T12:40,2006-01-07T14:00,TLS,1372239857
IJRDMINL,code,L,70002991,ST,2006-01-07T14:50,2006-01-07T16:00,ORY,1372239857
IJRDMINL,code,L,70003000,ST,2006-01-07T16:40,2006-01-07T18:45,TLS,1372239857
ELXMAJHD,code,L,70002981,ST,2006-01-07T09:50,2006-01-07T12:00,ORY,1372239857
ELXMAJHD,code,L,70002986,ST,2006-01-07T12:40,2006-01-07T14:00,TLS,1372239857
ELXMAJHD,code,L,70002991,ST,2006-01-07T14:50,2006-01-07T16:00,ORY,1372239857
ELXMAJHD,code,L,70003000,ST,2006-01-07T16:40,2006-01-07T18:45,TLS,1372239857
DNSYZLVL,code,L,70002981,ST,2006-01-07T09:50,2006-01-07T12:00,ORY,1372239857
DNSYZLVL,code,L,70002986,ST,2006-01-07T12:40,2006-01-07T14:00,TLS,1372239857
DNSYZLVL,code,L,70002991,ST,2006-01-07T14:50,2006-01-07T16:00,ORY,1372239857
DNSYZLVL,code,L,70003000,ST,2006-01-07T16:40,2006-01-07T18:45,TLS,1372239857
YYKGRVIK,code,L,70004516,CP,2006-01-07T09:55,2006-01-07T12:05,LYS,830250430
YYKGRVIK,code,L,70004509,CP,2006-01-07T13:10,2006-01-07T14:20,CDG,830250430
YYKGRVIK,code,L,70004510,CP,2006-01-07T16:15,2006-01-07T17:25,LYS,830250430
YYKGRVIK,code,L,70004513,CP,2006-01-07T20:30,2006-01-07T22:25,CDG,830250430
MAHOXHNU,code,L,70004516,FO,2006-01-07T09:55,2006-01-07T12:05,LYS,830250430
MAHOXHNU,code,L,70004509,FO,2006-01-07T13:10,2006-01-07T14:20,CDG,830250430
MAHOXHNU,code,L,70004510,FO,2006-01-07T16:15,2006-01-07T17:25,LYS,830250430
MAHOXHNU,code,L,70004513,FO,2006-01-07T20:30,2006-01-07T22:25,CDG,830250430
AGUNXLRB,code,L,70004516,CSD,2006-01-07T09:55,2006-01-07T12:05,LYS,830250430
AGUNXLRB,code,L,70004509,CSD,2006-01-07T13:10,2006-01-07T14:20,CDG,830250430
AGUNXLRB,code,L,70004510,CSD,2006-01-07T16:15,2006-01-07T17:25,LYS,830250430
AGUNXLRB,code,L,70004513,CSD,2006-01-07T20:30,2006-01-07T22:25,CDG,830250430
CFWTRNXD,code,L,70004516,CSD,2006-01-07T09:55,2006-01-07T12:05,LYS,830250430
CFWTRNXD,code,L,70004509,CSD,2006-01-07T13:10,2006-01-07T14:20,CDG,830250430
CFWTRNXD,code,L,70004510,CSD,2006-01-07T16:15,2006-01-07T17:25,LYS,830250430
CFWTRNXD,code,L,70004513,CSD,2006-01-07T20:30,2006-01-07T22:25,CDG,830250430
CDQWUXEH,code,L,70004516,ST,2006-01-07T09:55,2006-01-07T12:05,LYS,830250430
CDQWUXEH,code,L,70004509,ST,2006-01-07T13:10,2006-01-07T14:20,CDG,830250430
CDQWUXEH,code,L,70004510,ST,2006-01-07T16:15,2006-01-07T17:25,LYS,830250430
CDQWUXEH,code,L,70004513,ST,2006-01-07T20:30,2006-01-07T22:25,CDG,830250430
CINZZDMZ,code,L,70004516,ST,2006-01-07T09:55,2006-01-07T12:05,LYS,830250430
CINZZDMZ,code,L,70004509,ST,2006-01-07T13:10,2006-01-07T14:20,CDG,830250430
CINZZDMZ,code,L,70004510,ST,2006-01-07T16:15,2006-01-07T17:25,LYS,830250430
CINZZDMZ,code,L,70004513,ST,2006-01-07T20:30,2006-01-07T22:25,CDG,830250430
ZOJUJMVP,code,L,70004516,ST,2006-01-07T09:55,2006-01-07T12:05,LYS,830250430
ZOJUJMVP,code,L,70004509,ST,2006-01-07T13:10,2006-01-07T14:20,CDG,830250430
ZOJUJMVP,code,L,70004510,ST,2006-01-07T16:15,2006-01-07T17:25,LYS,830250430
ZOJUJMVP,code,L,70004513,ST,2006-01-07T20:30,2006-01-07T22:25,CDG,830250430
IDCFJJES,code,L,70004516,ST,2006-01-07T09:55,2006-01-07T12:05,LYS,830250430
IDCFJJES,code,L,70004509,ST,2006-01-07T13:10,2006-01-07T14:20,CDG,830250430
IDCFJJES,code,L,70004510,ST,2006-01-07T16:15,2006-01-07T17:25,LYS,830250430
IDCFJJES,code,L,70004513,ST,2006-01-07T20:30,2006-01-07T22:25,CDG,830250430
PDBRSDUE,code,L,70003075,CP,2006-01-07T10:00,2006-01-07T12:20,ORY,217468053
PDBRSDUE,code,L,70003080,CP,2006-01-07T13:05,2006-01-07T14:30,NCE,217468053
PDBRSDUE,code,L,70003083,CP,2006-01-07T15:00,2006-01-07T16:20,ORY,217468053
PDBRSDUE,code,L,70003090,CP,2006-01-07T17:05,2006-01-07T19:15,NCE,217468053
YGGWXGHF,code,L,70003075,FO,2006-01-07T10:00,2006-01-07T12:20,ORY,217468053
YGGWXGHF,code,L,70003080,FO,2006-01-07T13:05,2006-01-07T14:30,NCE,217468053
YGGWXGHF,code,L,70003083,FO,2006-01-07T15:00,2006-01-07T16:20,ORY,217468053
YGGWXGHF,code,L,70003090,FO,2006-01-07T17:05,2006-01-07T19:15,NCE,217468053
MRHDBRQC,code,L,70003075,CSD,2006-01-07T10:00,2006-01-07T12:20,ORY,217468053
MRHDBRQC,code,L,70003080,CSD,2006-01-07T13:05,2006-01-07T14:30,NCE,217468053
MRHDBRQC,code,L,70003083,CSD,2006-01-07T15:00,2006-01-07T16:20,ORY,217468053
MRHDBRQC,code,L,70003090,CSD,2006-01-07T17:05,2006-01-07T19:15,NCE,217468053
TRQQMTJA,code,L,70003075,CSD,2006-01-07T10:00,2006-01-07T12:20,ORY,217468053
TRQQMTJA,code,L,70003080,CSD,2006-01-07T13:05,2006-01-07T14:30,NCE,217468053
TRQQMTJA,code,L,70003083,CSD,2006-01-07T15:00,2006-01-07T16:20,ORY,217468053
TRQQMTJA,code,L,70003090,CSD,2006-01-07T17:05,2006-01-07T19:15,NCE,217468053
FBQYGESS,code,L,70003075,ST,2006-01-07T10:00,2006-01-07T12:20,ORY,217468053
FBQYGESS,code,L,70003080,ST,2006-01-07T13:05,2006-01-07T14:30,NCE,217468053
FBQYGESS,code,L,70003083,ST,2006-01-07T15:00,2006-01-07T16:20,ORY,217468053
FBQYGESS,code,L,70003090,ST,2006-01-07T17:05,2006-01-07T19:15,NCE,217468053
JXXEEEFW,code,L,70003075,ST,2006-01-07T10:00,2006-01-07T12:20,ORY,217468053
JXXEEEFW,code,L,70003080,ST,2006-01-07T13:05,2006-01-07T14:30,NCE,217468053
JXXEEEFW,code,L,70003083,ST,2006-01-07T15:00,2006-01-07T16:20,ORY,217468053
JXXEEEFW,code,L,70003090,ST,2006-01-07T17:05,2006-01-07T19:15,NCE,217468053
VNVFBLAG,code,L,70003075,ST,2006-01-07T10:00,2006-01-07T12:20,ORY,217468053
VNVFBLAG,code,L,70003080,ST,2006-01-07T13:05,2006-01-07T14:30,NCE,217468053
VNVFBLAG,code,L,70003083,ST,2006-01-07T15:00,2006-01-07T16:20,ORY,217468053
VNVFBLAG,code,L,70003090,ST,2006-01-07T17:05,2006-01-07T19:15,NCE,217468053
DBHIQCZC,code,L,70003075,ST,2006-01-07T10:00,2006-01-07T12:20,ORY,217468053
DBHIQCZC,code,L,70003080,ST,2006-01-07T13:05,2006-01-07T14:30,NCE,217468053
DBHIQCZC,code,L,70003083,ST,2006-01-07T15:00,2006-01-07T16:20,ORY,217468053
DBHIQCZC,code,L,70003090,ST,2006-01-07T17:05,2006-01-07T19:15,NCE,217468053
JTEQAQVT,code,L,70001378,CP,2006-01-07T10:00,2006-01-07T12:35,BIA,759101347
JTEQAQVT,code,L,70001375,CP,2006-01-07T13:25,2006-01-07T15:00,ORY,759101347
JTEQAQVT,code,L,70001380,CP,2006-01-07T15:50,2006-01-07T17:25,BIA,759101347
JTEQAQVT,code,L,70001377,CP,2006-01-07T19:00,2006-01-07T21:20,ORY,759101347
CBGHCTNR,code,L,70001378,FO,2006-01-07T10:00,2006-01-07T12:35,BIA,759101347
CBGHCTNR,code,L,70001375,FO,2006-01-07T13:25,2006-01-07T15:00,ORY,759101347
CBGHCTNR,code,L,70001380,FO,2006-01-07T15:50,2006-01-07T17:25,BIA,759101347
CBGHCTNR,code,L,70001377,FO,2006-01-07T19:00,2006-01-07T21:20,ORY,759101347
BFAKLXYK,code,L,70001378,CSD,2006-01-07T10:00,2006-01-07T12:35,BIA,759101347
BFAKLXYK,code,L,70001375,CSD,2006-01-07T13:25,2006-01-07T15:00,ORY,759101347
BFAKLXYK,code,L,70001380,CSD,2006-01-07T15:50,2006-01-07T17:25,BIA,759101347
BFAKLXYK,code,L,70001377,CSD,2006-01-07T19:00,2006-01-07T21:20,ORY,759101347
UOGWQRNV,code,L,70001378,CSD,2006-01-07T10:00,2006-01-07T12:35,BIA,759101347
UOGWQRNV,code,L,70001375,CSD,2006-01-07T13:25,2006-01-07T15:00,ORY,759101347
UOGWQRNV,code,L,70001380,CSD,2006-01-07T15:50,2006-01-07T17:25,BIA,759101347
UOGWQRNV,code,L,70001377,CSD,2006-01-07T19:00,2006-01-07T21:20,ORY,759101347
OADDTVTW,code,L,70001378,ST,2006-01-07T10:00,2006-01-07T12:35,BIA,759101347
OADDTVTW,code,L,70001375,ST,2006-01-07T13:25,2006-01-07T15:00,ORY,759101347
OADDTVTW,code,L,70001380,ST,2006-01-07T15:50,2006-01-07T17:25,BIA,759101347
OADDTVTW,code,L,70001377,ST,2006-01-07T19:00,2006-01-07T21:20,ORY,759101347
YVJQVQTX,code,L,70001378,ST,2006-01-07T10:00,2006-01-07T12:35,BIA,759101347
YVJQVQTX,code,L,70001375,ST,2006-01-07T13:25,2006-01-07T15:00,ORY,759101347
YVJQVQTX,code,L,70001380,ST,2006-01-07T15:50,2006-01-07T17:25,BIA,759101347
YVJQVQTX,code,L,70001377,ST,2006-01-07T19:00,2006-01-07T21:20,ORY,759101347
DVSCKFIA,code,L,70001378,ST,2006-01-07T10:00,2006-01-07T12:35,BIA,759101347
DVSCKFIA,code,L,70001375,ST,2006-01-07T13:25,2006-01-07T15:00,ORY,759101347
DVSCKFIA,code,L,70001380,ST,2006-01-07T15:50,2006-01-07T17:25,BIA,759101347
DVSCKFIA,code,L,70001377,ST,2006-01-07T19:00,2006-01-07T21:20,ORY,759101347
TIQCLNSE,code,L,70001378,ST,2006-01-07T10:00,2006-01-07T12:35,BIA,759101347
TIQCLNSE,code,L,70001375,ST,2006-01-07T13:25,2006-01-07T15:00,ORY,759101347
TIQCLNSE,code,L,70001380,ST,2006-01-07T15:50,2006-01-07T17:25,BIA,759101347
TIQCLNSE,code,L,70001377,ST,2006-01-07T19:00,2006-01-07T21:20,ORY,759101347
QDUSNUAP,code,L,70005125,CP,2006-01-07T10:00,2006-01-07T13:10,TLS,683093156
QDUSNUAP,code,L,70005126,CP,2006-01-07T14:30,2006-01-07T16:25,AMS,683093156
QDUSNUAP,code,L,70005127,CP,2006-01-07T17:05,2006-01-07T19:15,TLS,683093156
QDUSNUAP,code,L,70005128,CP,2006-01-07T20:05,2006-01-07T22:45,AMS,683093156
VICRQTFB,code,L,70005125,FO,2006-01-07T10:00,2006-01-07T13:10,TLS,683093156
VICRQTFB,code,L,70005126,FO,2006-01-07T14:30,2006-01-07T16:25,AMS,683093156
VICRQTFB,code,L,70005127,FO,2006-01-07T17:05,2006-01-07T19:15,TLS,683093156
VICRQTFB,code,L,70005128,FO,2006-01-07T20:05,2006-01-07T22:45,AMS,683093156
GDHNZTWZ,code,L,70005125,CS,2006-01-07T10:00,2006-01-07T13:10,TLS,683093156
GDHNZTWZ,code,L,70005126,CS,2006-01-07T14:30,2006-01-07T16:25,AMS,683093156
GDHNZTWZ,code,L,70005127,CS,2006-01-07T17:05,2006-01-07T19:15,TLS,683093156
GDHNZTWZ,code,L,70005128,CS,2006-01-07T20:05,2006-01-07T22:45,AMS,683093156
IOILAZNK,code,L,70005125,ST,2006-01-07T10:00,2006-01-07T13:10,TLS,683093156
IOILAZNK,code,L,70005126,ST,2006-01-07T14:30,2006-01-07T16:25,AMS,683093156
IOILAZNK,code,L,70005127,ST,2006-01-07T17:05,2006-01-07T19:15,TLS,683093156
IOILAZNK,code,L,70005128,ST,2006-01-07T20:05,2006-01-07T22:45,AMS,683093156
KFWSIJLR,code,L,70005125,ST,2006-01-07T10:00,2006-01-07T13:10,TLS,683093156
KFWSIJLR,code,L,70005126,ST,2006-01-07T14:30,2006-01-07T16:25,AMS,683093156
KFWSIJLR,code,L,70005127,ST,2006-01-07T17:05,2006-01-07T19:15,TLS,683093156
KFWSIJLR,code,L,70005128,ST,2006-01-07T20:05,2006-01-07T22:45,AMS,683093156
VCYRBWBW,code,L,70005165,CP,2006-01-07T10:25,2006-01-07T13:15,BOD,1827753950
VCYRBWBW,code,L,70005093,CP,2006-01-07T14:00,2006-01-07T15:30,AMS,1827753950
VCYRBWBW,code,L,70005094,CP,2006-01-07T16:40,2006-01-07T18:15,CFE,1827753950
VCYRBWBW,code,L,70005166,CP,2006-01-07T19:00,2006-01-07T21:35,AMS,1827753950
UPQKKVXY,code,L,70005165,FO,2006-01-07T10:25,2006-01-07T13:15,BOD,1827753950
UPQKKVXY,code,L,70005093,FO,2006-01-07T14:00,2006-01-07T15:30,AMS,1827753950
UPQKKVXY,code,L,70005094,FO,2006-01-07T16:40,2006-01-07T18:15,CFE,1827753950
UPQKKVXY,code,L,70005166,FO,2006-01-07T19:00,2006-01-07T21:35,AMS,1827753950
XHEVWTQJ,code,L,70005165,CS,2006-01-07T10:25,2006-01-07T13:15,BOD,1827753950
XHEVWTQJ,code,L,70005093,CS,2006-01-07T14:00,2006-01-07T15:30,AMS,1827753950
XHEVWTQJ,code,L,70005094,CS,2006-01-07T16:40,2006-01-07T18:15,CFE,1827753950
XHEVWTQJ,code,L,70005166,CS,2006-01-07T19:00,2006-01-07T21:35,AMS,1827753950
VZFATSNR,code,L,70005165,ST,2006-01-07T10:25,2006-01-07T13:15,BOD,1827753950
VZFATSNR,code,L,70005093,ST,2006-01-07T14:00,2006-01-07T15:30,AMS,1827753950
VZFATSNR,code,L,70005094,ST,2006-01-07T16:40,2006-01-07T18:15,CFE,1827753950
VZFATSNR,code,L,70005166,ST,2006-01-07T19:00,2006-01-07T21:35,AMS,1827753950
WZVJMUDM,code,L,70005165,ST,2006-01-07T10:25,2006-01-07T13:15,BOD,1827753950
WZVJMUDM,code,L,70005093,ST,2006-01-07T14:00,2006-01-07T15:30,AMS,1827753950
WZVJMUDM,code,L,70005094,ST,2006-01-07T16:40,2006-01-07T18:15,CFE,1827753950
WZVJMUDM,code,L,70005166,ST,2006-01-07T19:00,2006-01-07T21:35,AMS,1827753950
QTAUVJGW,code,L,70003111,CP,2006-01-07T10:30,2006-01-07T12:50,ORY,200550235
QTAUVJGW,code,L,70003112,CP,2006-01-07T13:35,2006-01-07T15:00,NCE,200550235
QTAUVJGW,code,L,70004365,CP,2006-01-07T15:35,2006-01-07T16:55,ORY,200550235
QTAUVJGW,code,L,70004368,CP,2006-01-07T17:35,2006-01-07T19:45,TLN,200550235
WOXYPUHU,code,L,70003111,FO,2006-01-07T10:30,2006-01-07T12:50,ORY,200550235
WOXYPUHU,code,L,70003112,FO,2006-01-07T13:35,2006-01-07T15:00,NCE,200550235
WOXYPUHU,code,L,70004365,FO,2006-01-07T15:35,2006-01-07T16:55,ORY,200550235
WOXYPUHU,code,L,70004368,FO,2006-01-07T17:35,2006-01-07T19:45,TLN,200550235
TQXSEXOM,code,L,70003111,CSD,2006-01-07T10:30,2006-01-07T12:50,ORY,200550235
TQXSEXOM,code,L,70003112,CSD,2006-01-07T13:35,2006-01-07T15:00,NCE,200550235
TQXSEXOM,code,L,70004365,CSD,2006-01-07T15:35,2006-01-07T16:55,ORY,200550235
TQXSEXOM,code,L,70004368,CSD,2006-01-07T17:35,2006-01-07T19:45,TLN,200550235
SCWSWUXQ,code,L,70003111,CSD,2006-01-07T10:30,2006-01-07T12:50,ORY,200550235
SCWSWUXQ,code,L,70003112,CSD,2006-01-07T13:35,2006-01-07T15:00,NCE,200550235
SCWSWUXQ,code,L,70004365,CSD,2006-01-07T15:35,2006-01-07T16:55,ORY,200550235
SCWSWUXQ,code,L,70004368,CSD,2006-01-07T17:35,2006-01-07T19:45,TLN,200550235
NLGEGUYF,code,L,70003111,ST,2006-01-07T10:30,2006-01-07T12:50,ORY,200550235
NLGEGUYF,code,L,70003112,ST,2006-01-07T13:35,2006-01-07T15:00,NCE,200550235
NLGEGUYF,code,L,70004365,ST,2006-01-07T15:35,2006-01-07T16:55,ORY,200550235
NLGEGUYF,code,L,70004368,ST,2006-01-07T17:35,2006-01-07T19:45,TLN,200550235
SRJHZSFD,code,L,70003111,ST,2006-01-07T10:30,2006-01-07T12:50,ORY,200550235
SRJHZSFD,code,L,70003112,ST,2006-01-07T13:35,2006-01-07T15:00,NCE,200550235
SRJHZSFD,code,L,70004365,ST,2006-01-07T15:35,2006-01-07T16:55,ORY,200550235
SRJHZSFD,code,L,70004368,ST,2006-01-07T17:35,2006-01-07T19:45,TLN,200550235
DUAKPGPL,code,L,70003111,ST,2006-01-07T10:30,2006-01-07T12:50,ORY,200550235
DUAKPGPL,code,L,70003112,ST,2006-01-07T13:35,2006-01-07T15:00,NCE,200550235
DUAKPGPL,code,L,70004365,ST,2006-01-07T15:35,2006-01-07T16:55,ORY,200550235
DUAKPGPL,code,L,70004368,ST,2006-01-07T17:35,2006-01-07T19:45,TLN,200550235
LGBHNPVQ,code,L,70003111,ST,2006-01-07T10:30,2006-01-07T12:50,ORY,200550235
LGBHNPVQ,code,L,70003112,ST,2006-01-07T13:35,2006-01-07T15:00,NCE,200550235
LGBHNPVQ,code,L,70004365,ST,2006-01-07T15:35,2006-01-07T16:55,ORY,200550235
LGBHNPVQ,code,L,70004368,ST,2006-01-07T17:35,2006-01-07T19:45,TLN,200550235
YJPDPGSI,code,L,70002888,CP,2006-01-07T10:30,2006-01-07T12:50,MRS,2052955920
YJPDPGSI,code,L,70002889,CP,2006-01-07T13:35,2006-01-07T14:50,ORY,2052955920
YJPDPGSI,code,L,70002900,CP,2006-01-07T15:30,2006-01-07T16:50,MRS,2052955920
YJPDPGSI,code,L,70002903,CP,2006-01-07T17:35,2006-01-07T19:35,ORY,2052955920
GIRAMKCE,code,L,70002888,FO,2006-01-07T10:30,2006-01-07T12:50,MRS,2052955920
GIRAMKCE,code,L,70002889,FO,2006-01-07T13:35,2006-01-07T14:50,ORY,2052955920
GIRAMKCE,code,L,70002900,FO,2006-01-07T15:30,2006-01-07T16:50,MRS,2052955920
GIRAMKCE,code,L,70002903,FO,2006-01-07T17:35,2006-01-07T19:35,ORY,2052955920
DMDCOKGA,code,L,70002888,CSD,2006-01-07T10:30,2006-01-07T12:50,MRS,2052955920
DMDCOKGA,code,L,70002889,CSD,2006-01-07T13:35,2006-01-07T14:50,ORY,2052955920
DMDCOKGA,code,L,70002900,CSD,2006-01-07T15:30,2006-01-07T16:50,MRS,2052955920
DMDCOKGA,code,L,70002903,CSD,2006-01-07T17:35,2006-01-07T19:35,ORY,2052955920
TAGBYRZF,code,L,70002888,CSD,2006-01-07T10:30,2006-01-07T12:50,MRS,2052955920
TAGBYRZF,code,L,70002889,CSD,2006-01-07T13:35,2006-01-07T14:50,ORY,2052955920
TAGBYRZF,code,L,70002900,CSD,2006-01-07T15:30,2006-01-07T16:50,MRS,2052955920
TAGBYRZF,code,L,70002903,CSD,2006-01-07T17:35,2006-01-07T19:35,ORY,2052955920
GKVPCYVZ,code,L,70002888,ST,2006-01-07T10:30,2006-01-07T12:50,MRS,2052955920
GKVPCYVZ,code,L,70002889,ST,2006-01-07T13:35,2006-01-07T14:50,ORY,2052955920
GKVPCYVZ,code,L,70002900,ST,2006-01-07T15:30,2006-01-07T16:50,MRS,2052955920
GKVPCYVZ,code,L,70002903,ST,2006-01-07T17:35,2006-01-07T19:35,ORY,2052955920
YJSWBYQD,code,L,70002888,ST,2006-01-07T10:30,2006-01-07T12:50,MRS,2052955920
YJSWBYQD,code,L,70002889,ST,2006-01-07T13:35,2006-01-07T14:50,ORY,2052955920
YJSWBYQD,code,L,70002900,ST,2006-01-07T15:30,2006-01-07T16:50,MRS,2052955920
YJSWBYQD,code,L,70002903,ST,2006-01-07T17:35,2006-01-07T19:35,ORY,2052955920
EAEULMTS,code,L,70002888,ST,2006-01-07T10:30,2006-01-07T12:50,MRS,2052955920
EAEULMTS,code,L,70002889,ST,2006-01-07T13:35,2006-01-07T14:50,ORY,2052955920
EAEULMTS,code,L,70002900,ST,2006-01-07T15:30,2006-01-07T16:50,MRS,2052955920
EAEULMTS,code,L,70002903,ST,2006-01-07T17:35,2006-01-07T19:35,ORY,2052955920
GZWBKZAZ,code,L,70002888,ST,2006-01-07T10:30,2006-01-07T12:50,MRS,2052955920
GZWBKZAZ,code,L,70002889,ST,2006-01-07T13:35,2006-01-07T14:50,ORY,2052955920
GZWBKZAZ,code,L,70002900,ST,2006-01-07T15:30,2006-01-07T16:50,MRS,2052955920
GZWBKZAZ,code,L,70002903,ST,2006-01-07T17:35,2006-01-07T19:35,ORY,2052955920
LNGUHXLL,code,L,70004527,CP,2006-01-07T10:35,2006-01-07T13:00,CDG,2134161410
LNGUHXLL,code,L,70004530,CP,2006-01-07T15:20,2006-01-07T16:50,MRS,2134161410
LNGUHXLL,code,L,70004531,CP,2006-01-07T17:35,2006-01-07T19:00,CDG,2134161410
LNGUHXLL,code,L,70004534,CP,2006-01-07T19:45,2006-01-07T22:00,MRS,2134161410
OBBRECBS,code,L,70004527,FO,2006-01-07T10:35,2006-01-07T13:00,CDG,2134161410
OBBRECBS,code,L,70004530,FO,2006-01-07T15:20,2006-01-07T16:50,MRS,2134161410
OBBRECBS,code,L,70004531,FO,2006-01-07T17:35,2006-01-07T19:00,CDG,2134161410
OBBRECBS,code,L,70004534,FO,2006-01-07T19:45,2006-01-07T22:00,MRS,2134161410
EPFXMNSF,code,L,70004527,CSD,2006-01-07T10:35,2006-01-07T13:00,CDG,2134161410
EPFXMNSF,code,L,70004530,CSD,2006-01-07T15:20,2006-01-07T16:50,MRS,2134161410
EPFXMNSF,code,L,70004531,CSD,2006-01-07T17:35,2006-01-07T19:00,CDG,2134161410
EPFXMNSF,code,L,70004534,CSD,2006-01-07T19:45,2006-01-07T22:00,MRS,2134161410
OUYGEZIR,code,L,70004527,CSD,2006-01-07T10:35,2006-01-07T13:00,CDG,2134161410
OUYGEZIR,code,L,70004530,CSD,2006-01-07T15:20,2006-01-07T16:50,MRS,2134161410
OUYGEZIR,code,L,70004531,CSD,2006-01-07T17:35,2006-01-07T19:00,CDG,2134161410
OUYGEZIR,code,L,70004534,CSD,2006-01-07T19:45,2006-01-07T22:00,MRS,2134161410
FIWNYDKV,code,L,70004527,ST,2006-01-07T10:35,2006-01-07T13:00,CDG,2134161410
FIWNYDKV,code,L,70004530,ST,2006-01-07T15:20,2006-01-07T16:50,MRS,2134161410
FIWNYDKV,code,L,70004531,ST,2006-01-07T17:35,2006-01-07T19:00,CDG,2134161410
FIWNYDKV,code,L,70004534,ST,2006-01-07T19:45,2006-01-07T22:00,MRS,2134161410
BWWJWYXS,code,L,70004527,ST,2006-01-07T10:35,2006-01-07T13:00,CDG,2134161410
BWWJWYXS,code,L,70004530,ST,2006-01-07T15:20,2006-01-07T16:50,MRS,2134161410
BWWJWYXS,code,L,70004531,ST,2006-01-07T17:35,2006-01-07T19:00,CDG,2134161410
BWWJWYXS,code,L,70004534,ST,2006-01-07T19:45,2006-01-07T22:00,MRS,2134161410
TAIRDKZC,code,L,70004527,ST,2006-01-07T10:35,2006-01-07T13:00,CDG,2134161410
TAIRDKZC,code,L,70004530,ST,2006-01-07T15:20,2006-01-07T16:50,MRS,2134161410
TAIRDKZC,code,L,70004531,ST,2006-01-07T17:35,2006-01-07T19:00,CDG,2134161410
TAIRDKZC,code,L,70004534,ST,2006-01-07T19:45,2006-01-07T22:00,MRS,2134161410
OVPGKAMT,code,L,70004527,ST,2006-01-07T10:35,2006-01-07T13:00,CDG,2134161410
OVPGKAMT,code,L,70004530,ST,2006-01-07T15:20,2006-01-07T16:50,MRS,2134161410
OVPGKAMT,code,L,70004531,ST,2006-01-07T17:35,2006-01-07T19:00,CDG,2134161410
OVPGKAMT,code,L,70004534,ST,2006-01-07T19:45,2006-01-07T22:00,MRS,2134161410
RDNQDEAT,code,L,70004567,CP,2006-01-07T10:35,2006-01-07T13:10,CDG,1874672702
RDNQDEAT,code,L,70004568,CP,2006-01-07T13:55,2006-01-07T15:30,NCE,1874672702
RDNQDEAT,code,L,70004571,CP,2006-01-07T17:25,2006-01-07T19:00,CDG,1874672702
RDNQDEAT,code,L,70004572,CP,2006-01-07T19:50,2006-01-07T21:05,NCE,1874672702
SDZCKNPW,code,L,70004567,FO,2006-01-07T10:35,2006-01-07T13:10,CDG,1874672702
SDZCKNPW,code,L,70004568,FO,2006-01-07T13:55,2006-01-07T15:30,NCE,1874672702
SDZCKNPW,code,L,70004571,FO,2006-01-07T17:25,2006-01-07T19:00,CDG,1874672702
SDZCKNPW,code,L,70004572,FO,2006-01-07T19:50,2006-01-07T21:05,NCE,1874672702
UOCJNCIW,code,L,70004567,CSD,2006-01-07T10:35,2006-01-07T13:10,CDG,1874672702
UOCJNCIW,code,L,70004568,CSD,2006-01-07T13:55,2006-01-07T15:30,NCE,1874672702
UOCJNCIW,code,L,70004571,CSD,2006-01-07T17:25,2006-01-07T19:00,CDG,1874672702
UOCJNCIW,code,L,70004572,CSD,2006-01-07T19:50,2006-01-07T21:05,NCE,1874672702
PENUWUHF,code,L,70004567,CSD,2006-01-07T10:35,2006-01-07T13:10,CDG,1874672702
PENUWUHF,code,L,70004568,CSD,2006-01-07T13:55,2006-01-07T15:30,NCE,1874672702
PENUWUHF,code,L,70004571,CSD,2006-01-07T17:25,2006-01-07T19:00,CDG,1874672702
PENUWUHF,code,L,70004572,CSD,2006-01-07T19:50,2006-01-07T21:05,NCE,1874672702
LJGATRRE,code,L,70004567,ST,2006-01-07T10:35,2006-01-07T13:10,CDG,1874672702
LJGATRRE,code,L,70004568,ST,2006-01-07T13:55,2006-01-07T15:30,NCE,1874672702
LJGATRRE,code,L,70004571,ST,2006-01-07T17:25,2006-01-07T19:00,CDG,1874672702
LJGATRRE,code,L,70004572,ST,2006-01-07T19:50,2006-01-07T21:05,NCE,1874672702
JJDOHWJP,code,L,70004567,ST,2006-01-07T10:35,2006-01-07T13:10,CDG,1874672702
JJDOHWJP,code,L,70004568,ST,2006-01-07T13:55,2006-01-07T15:30,NCE,1874672702
JJDOHWJP,code,L,70004571,ST,2006-01-07T17:25,2006-01-07T19:00,CDG,1874672702
JJDOHWJP,code,L,70004572,ST,2006-01-07T19:50,2006-01-07T21:05,NCE,1874672702
ZWGDRMEH,code,L,70004567,ST,2006-01-07T10:35,2006-01-07T13:10,CDG,1874672702
ZWGDRMEH,code,L,70004568,ST,2006-01-07T13:55,2006-01-07T15:30,NCE,1874672702
ZWGDRMEH,code,L,70004571,ST,2006-01-07T17:25,2006-01-07T19:00,CDG,1874672702
ZWGDRMEH,code,L,70004572,ST,2006-01-07T19:50,2006-01-07T21:05,NCE,1874672702
PQPKJQBV,code,L,70004567,ST,2006-01-07T10:35,2006-01-07T13:10,CDG,1874672702
PQPKJQBV,code,L,70004568,ST,2006-01-07T13:55,2006-01-07T15:30,NCE,1874672702
PQPKJQBV,code,L,70004571,ST,2006-01-07T17:25,2006-01-07T19:00,CDG,1874672702
PQPKJQBV,code,L,70004572,ST,2006-01-07T19:50,2006-01-07T21:05,NCE,1874672702
JWWJTEYX,code,L,70004648,CP,2006-01-07T10:55,2006-01-07T13:25,TLS,1194650126
JWWJTEYX,code,L,70004649,CP,2006-01-07T15:00,2006-01-07T16:25,CDG,1194650126
JWWJTEYX,code,L,70004652,CP,2006-01-07T17:15,2006-01-07T18:45,TLS,1194650126
JWWJTEYX,code,L,70004655,CP,2006-01-07T19:25,2006-01-07T21:35,CDG,1194650126
ADHTXVBU,code,L,70004648,FO,2006-01-07T10:55,2006-01-07T13:25,TLS,1194650126
ADHTXVBU,code,L,70004649,FO,2006-01-07T15:00,2006-01-07T16:25,CDG,1194650126
ADHTXVBU,code,L,70004652,FO,2006-01-07T17:15,2006-01-07T18:45,TLS,1194650126
ADHTXVBU,code,L,70004655,FO,2006-01-07T19:25,2006-01-07T21:35,CDG,1194650126
DCFQCYFP,code,L,70004648,CSD,2006-01-07T10:55,2006-01-07T13:25,TLS,1194650126
DCFQCYFP,code,L,70004649,CSD,2006-01-07T15:00,2006-01-07T16:25,CDG,1194650126
DCFQCYFP,code,L,70004652,CSD,2006-01-07T17:15,2006-01-07T18:45,TLS,1194650126
DCFQCYFP,code,L,70004655,CSD,2006-01-07T19:25,2006-01-07T21:35,CDG,1194650126
MDEEUEGQ,code,L,70004648,CSD,2006-01-07T10:55,2006-01-07T13:25,TLS,1194650126
MDEEUEGQ,code,L,70004649,CSD,2006-01-07T15:00,2006-01-07T16:25,CDG,1194650126
MDEEUEGQ,code,L,70004652,CSD,2006-01-07T17:15,2006-01-07T18:45,TLS,1194650126
MDEEUEGQ,code,L,70004655,CSD,2006-01-07T19:25,2006-01-07T21:35,CDG,1194650126
AOYFDLBB,code,L,70004648,ST,2006-01-07T10:55,2006-01-07T13:25,TLS,1194650126
AOYFDLBB,code,L,70004649,ST,2006-01-07T15:00,2006-01-07T16:25,CDG,1194650126
AOYFDLBB,code,L,70004652,ST,2006-01-07T17:15,2006-01-07T18:45,TLS,1194650126
AOYFDLBB,code,L,70004655,ST,2006-01-07T19:25,2006-01-07T21:35,CDG,1194650126
HLNFRJNV,code,L,70004648,ST,2006-01-07T10:55,2006-01-07T13:25,TLS,1194650126
HLNFRJNV,code,L,70004649,ST,2006-01-07T15:00,2006-01-07T16:25,CDG,1194650126
HLNFRJNV,code,L,70004652,ST,2006-01-07T17:15,2006-01-07T18:45,TLS,1194650126
HLNFRJNV,code,L,70004655,ST,2006-01-07T19:25,2006-01-07T21:35,CDG,1194650126
TEELWWRH,code,L,70004648,ST,2006-01-07T10:55,2006-01-07T13:25,TLS,1194650126
TEELWWRH,code,L,70004649,ST,2006-01-07T15:00,2006-01-07T16:25,CDG,1194650126
TEELWWRH,code,L,70004652,ST,2006-01-07T17:15,2006-01-07T18:45,TLS,1194650126
TEELWWRH,code,L,70004655,ST,2006-01-07T19:25,2006-01-07T21:35,CDG,1194650126
GGXFHUGN,code,L,70004648,ST,2006-01-07T10:55,2006-01-07T13:25,TLS,1194650126
GGXFHUGN,code,L,70004649,ST,2006-01-07T15:00,2006-01-07T16:25,CDG,1194650126
GGXFHUGN,code,L,70004652,ST,2006-01-07T17:15,2006-01-07T18:45,TLS,1194650126
GGXFHUGN,code,L,70004655,ST,2006-01-07T19:25,2006-01-07T21:35,CDG,1194650126
VEZPNFKQ,code,L,70004387,CP,2006-01-07T11:00,2006-01-07T13:20,ORY,363927940
VEZPNFKQ,code,L,70004388,CP,2006-01-07T14:05,2006-01-07T15:30,PGF,363927940
VEZPNFKQ,code,L,70004459,CP,2006-01-07T17:10,2006-01-07T18:45,ORY,363927940
VEZPNFKQ,code,L,70004454,CP,2006-01-07T19:35,2006-01-07T21:55,BIA,363927940
LGHSSIGL,code,L,70004387,FO,2006-01-07T11:00,2006-01-07T13:20,ORY,363927940
LGHSSIGL,code,L,70004388,FO,2006-01-07T14:05,2006-01-07T15:30,PGF,363927940
LGHSSIGL,code,L,70004459,FO,2006-01-07T17:10,2006-01-07T18:45,ORY,363927940
LGHSSIGL,code,L,70004454,FO,2006-01-07T19:35,2006-01-07T21:55,BIA,363927940
HFPBGTBP,code,L,70004387,CSD,2006-01-07T11:00,2006-01-07T13:20,ORY,363927940
HFPBGTBP,code,L,70004388,CSD,2006-01-07T14:05,2006-01-07T15:30,PGF,363927940
HFPBGTBP,code,L,70004459,CSD,2006-01-07T17:10,2006-01-07T18:45,ORY,363927940
HFPBGTBP,code,L,70004454,CSD,2006-01-07T19:35,2006-01-07T21:55,BIA,363927940
HQEVAIZI,code,L,70004387,CSD,2006-01-07T11:00,2006-01-07T13:20,ORY,363927940
HQEVAIZI,code,L,70004388,CSD,2006-01-07T14:05,2006-01-07T15:30,PGF,363927940
HQEVAIZI,code,L,70004459,CSD,2006-01-07T17:10,2006-01-07T18:45,ORY,363927940
HQEVAIZI,code,L,70004454,CSD,2006-01-07T19:35,2006-01-07T21:55,BIA,363927940
SSYNOZLD,code,L,70004387,ST,2006-01-07T11:00,2006-01-07T13:20,ORY,363927940
SSYNOZLD,code,L,70004388,ST,2006-01-07T14:05,2006-01-07T15:30,PGF,363927940
SSYNOZLD,code,L,70004459,ST,2006-01-07T17:10,2006-01-07T18:45,ORY,363927940
SSYNOZLD,code,L,70004454,ST,2006-01-07T19:35,2006-01-07T21:55,BIA,363927940
LFMAXAUT,code,L,70004387,ST,2006-01-07T11:00,2006-01-07T13:20,ORY,363927940
LFMAXAUT,code,L,70004388,ST,2006-01-07T14:05,2006-01-07T15:30,PGF,363927940
LFMAXAUT,code,L,70004459,ST,2006-01-07T17:10,2006-01-07T18:45,ORY,363927940
LFMAXAUT,code,L,70004454,ST,2006-01-07T19:35,2006-01-07T21:55,BIA,363927940
OXBYMKDY,code,L,70004387,ST,2006-01-07T11:00,2006-01-07T13:20,ORY,363927940
OXBYMKDY,code,L,70004388,ST,2006-01-07T14:05,2006-01-07T15:30,PGF,363927940
OXBYMKDY,code,L,70004459,ST,2006-01-07T17:10,2006-01-07T18:45,ORY,363927940
OXBYMKDY,code,L,70004454,ST,2006-01-07T19:35,2006-01-07T21:55,BIA,363927940
UISILKYD,code,L,70004387,ST,2006-01-07T11:00,2006-01-07T13:20,ORY,363927940
UISILKYD,code,L,70004388,ST,2006-01-07T14:05,2006-01-07T15:30,PGF,363927940
UISILKYD,code,L,70004459,ST,2006-01-07T17:10,2006-01-07T18:45,ORY,363927940
UISILKYD,code,L,70004454,ST,2006-01-07T19:35,2006-01-07T21:55,BIA,363927940
RGXUAMVE,code,L,70004566,CP,2006-01-07T11:00,2006-01-07T13:35,NCE,1328157009
RGXUAMVE,code,L,70004569,CP,2006-01-07T14:40,2006-01-07T16:15,CDG,1328157009
RGXUAMVE,code,L,70003106,CP,2006-01-07T17:05,2006-01-07T18:30,NCE,1328157009
RGXUAMVE,code,L,70003071,CP,2006-01-07T19:20,2006-01-07T21:05,ORY,1328157009
HTMZYREF,code,L,70004566,FO,2006-01-07T11:00,2006-01-07T13:35,NCE,1328157009
HTMZYREF,code,L,70004569,FO,2006-01-07T14:40,2006-01-07T16:15,CDG,1328157009
HTMZYREF,code,L,70003106,FO,2006-01-07T17:05,2006-01-07T18:30,NCE,1328157009
HTMZYREF,code,L,70003071,FO,2006-01-07T19:20,2006-01-07T21:05,ORY,1328157009
QRFFZTSH,code,L,70004566,CSD,2006-01-07T11:00,2006-01-07T13:35,NCE,1328157009
QRFFZTSH,code,L,70004569,CSD,2006-01-07T14:40,2006-01-07T16:15,CDG,1328157009
QRFFZTSH,code,L,70003106,CSD,2006-01-07T17:05,2006-01-07T18:30,NCE,1328157009
QRFFZTSH,code,L,70003071,CSD,2006-01-07T19:20,2006-01-07T21:05,ORY,1328157009
GLBZUZBY,code,L,70004566,CSD,2006-01-07T11:00,2006-01-07T13:35,NCE,1328157009
GLBZUZBY,code,L,70004569,CSD,2006-01-07T14:40,2006-01-07T16:15,CDG,1328157009
GLBZUZBY,code,L,70003106,CSD,2006-01-07T17:05,2006-01-07T18:30,NCE,1328157009
GLBZUZBY,code,L,70003071,CSD,2006-01-07T19:20,2006-01-07T21:05,ORY,1328157009
PZZLFNED,code,L,70004566,ST,2006-01-07T11:00,2006-01-07T13:35,NCE,1328157009
PZZLFNED,code,L,70004569,ST,2006-01-07T14:40,2006-01-07T16:15,CDG,1328157009
PZZLFNED,code,L,70003106,ST,2006-01-07T17:05,2006-01-07T18:30,NCE,1328157009
PZZLFNED,code,L,70003071,ST,2006-01-07T19:20,2006-01-07T21:05,ORY,1328157009
KKTNDYAS,code,L,70004566,ST,2006-01-07T11:00,2006-01-07T13:35,NCE,1328157009
KKTNDYAS,code,L,70004569,ST,2006-01-07T14:40,2006-01-07T16:15,CDG,1328157009
KKTNDYAS,code,L,70003106,ST,2006-01-07T17:05,2006-01-07T18:30,NCE,1328157009
KKTNDYAS,code,L,70003071,ST,2006-01-07T19:20,2006-01-07T21:05,ORY,1328157009
SXHVBGZA,code,L,70004566,ST,2006-01-07T11:00,2006-01-07T13:35,NCE,1328157009
SXHVBGZA,code,L,70004569,ST,2006-01-07T14:40,2006-01-07T16:15,CDG,1328157009
SXHVBGZA,code,L,70003106,ST,2006-01-07T17:05,2006-01-07T18:30,NCE,1328157009
SXHVBGZA,code,L,70003071,ST,2006-01-07T19:20,2006-01-07T21:05,ORY,1328157009
KLPZUYGT,code,L,70004566,ST,2006-01-07T11:00,2006-01-07T13:35,NCE,1328157009
KLPZUYGT,code,L,70004569,ST,2006-01-07T14:40,2006-01-07T16:15,CDG,1328157009
KLPZUYGT,code,L,70003106,ST,2006-01-07T17:05,2006-01-07T18:30,NCE,1328157009
KLPZUYGT,code,L,70003071,ST,2006-01-07T19:20,2006-01-07T21:05,ORY,1328157009
WEUIULJH,code,L,70004528,CP,2006-01-07T11:05,2006-01-07T13:35,MRS,134667610
WEUIULJH,code,L,70004529,CP,2006-01-07T14:35,2006-01-07T16:00,CDG,134667610
WEUIULJH,code,L,70002870,CP,2006-01-07T17:00,2006-01-07T18:20,MRS,134667610
WEUIULJH,code,L,70002867,CP,2006-01-07T19:10,2006-01-07T21:10,ORY,134667610
OCYIRHFI,code,L,70004528,FO,2006-01-07T11:05,2006-01-07T13:35,MRS,134667610
OCYIRHFI,code,L,70004529,FO,2006-01-07T14:35,2006-01-07T16:00,CDG,134667610
OCYIRHFI,code,L,70002870,FO,2006-01-07T17:00,2006-01-07T18:20,MRS,134667610
OCYIRHFI,code,L,70002867,FO,2006-01-07T19:10,2006-01-07T21:10,ORY,134667610
VNUKKXEI,code,L,70004528,CSD,2006-01-07T11:05,2006-01-07T13:35,MRS,134667610
VNUKKXEI,code,L,70004529,CSD,2006-01-07T14:35,2006-01-07T16:00,CDG,134667610
VNUKKXEI,code,L,70002870,CSD,2006-01-07T17:00,2006-01-07T18:20,MRS,134667610
VNUKKXEI,code,L,70002867,CSD,2006-01-07T19:10,2006-01-07T21:10,ORY,134667610
ERRMMHGW,code,L,70004528,CSD,2006-01-07T11:05,2006-01-07T13:35,MRS,134667610
ERRMMHGW,code,L,70004529,CSD,2006-01-07T14:35,2006-01-07T16:00,CDG,134667610
ERRMMHGW,code,L,70002870,CSD,2006-01-07T17:00,2006-01-07T18:20,MRS,134667610
ERRMMHGW,code,L,70002867,CSD,2006-01-07T19:10,2006-01-07T21:10,ORY,134667610
XNIRCDGI,code,L,70004528,ST,2006-01-07T11:05,2006-01-07T13:35,MRS,134667610
XNIRCDGI,code,L,70004529,ST,2006-01-07T14:35,2006-01-07T16:00,CDG,134667610
XNIRCDGI,code,L,70002870,ST,2006-01-07T17:00,2006-01-07T18:20,MRS,134667610
XNIRCDGI,code,L,70002867,ST,2006-01-07T19:10,2006-01-07T21:10,ORY,134667610
ORDGDNST,code,L,70004528,ST,2006-01-07T11:05,2006-01-07T13:35,MRS,134667610
ORDGDNST,code,L,70004529,ST,2006-01-07T14:35,2006-01-07T16:00,CDG,134667610
ORDGDNST,code,L,70002870,ST,2006-01-07T17:00,2006-01-07T18:20,MRS,134667610
ORDGDNST,code,L,70002867,ST,2006-01-07T19:10,2006-01-07T21:10,ORY,134667610
FNFEJSTU,code,L,70004528,ST,2006-01-07T11:05,2006-01-07T13:35,MRS,134667610
FNFEJSTU,code,L,70004529,ST,2006-01-07T14:35,2006-01-07T16:00,CDG,134667610
FNFEJSTU,code,L,70002870,ST,2006-01-07T17:00,2006-01-07T18:20,MRS,134667610
FNFEJSTU,code,L,70002867,ST,2006-01-07T19:10,2006-01-07T21:10,ORY,134667610
AJYZZFKT,code,L,70004528,ST,2006-01-07T11:05,2006-01-07T13:35,MRS,134667610
AJYZZFKT,code,L,70004529,ST,2006-01-07T14:35,2006-01-07T16:00,CDG,134667610
AJYZZFKT,code,L,70002870,ST,2006-01-07T17:00,2006-01-07T18:20,MRS,134667610
AJYZZFKT,code,L,70002867,ST,2006-01-07T19:10,2006-01-07T21:10,ORY,134667610
RVWHKVFV,code,L,70004602,CP,2006-01-07T11:15,2006-01-07T13:35,BES,1464848243
RVWHKVFV,code,L,70004601,CP,2006-01-07T14:45,2006-01-07T16:00,CDG,1464848243
RVWHKVFV,code,L,70004596,CP,2006-01-07T17:00,2006-01-07T18:20,BES,1464848243
RVWHKVFV,code,L,70004595,CP,2006-01-07T20:00,2006-01-07T22:00,CDG,1464848243
XMYHFLAD,code,L,70004602,FO,2006-01-07T11:15,2006-01-07T13:35,BES,1464848243
XMYHFLAD,code,L,70004601,FO,2006-01-07T14:45,2006-01-07T16:00,CDG,1464848243
XMYHFLAD,code,L,70004596,FO,2006-01-07T17:00,2006-01-07T18:20,BES,1464848243
XMYHFLAD,code,L,70004595,FO,2006-01-07T20:00,2006-01-07T22:00,CDG,1464848243
UMNJBQHG,code,L,70004602,CSD,2006-01-07T11:15,2006-01-07T13:35,BES,1464848243
UMNJBQHG,code,L,70004601,CSD,2006-01-07T14:45,2006-01-07T16:00,CDG,1464848243
UMNJBQHG,code,L,70004596,CSD,2006-01-07T17:00,2006-01-07T18:20,BES,1464848243
UMNJBQHG,code,L,70004595,CSD,2006-01-07T20:00,2006-01-07T22:00,CDG,1464848243
FKPTTOCP,code,L,70004602,CSD,2006-01-07T11:15,2006-01-07T13:35,BES,1464848243
FKPTTOCP,code,L,70004601,CSD,2006-01-07T14:45,2006-01-07T16:00,CDG,1464848243
FKPTTOCP,code,L,70004596,CSD,2006-01-07T17:00,2006-01-07T18:20,BES,1464848243
FKPTTOCP,code,L,70004595,CSD,2006-01-07T20:00,2006-01-07T22:00,CDG,1464848243
ZAVTYIVQ,code,L,70004602,ST,2006-01-07T11:15,2006-01-07T13:35,BES,1464848243
ZAVTYIVQ,code,L,70004601,ST,2006-01-07T14:45,2006-01-07T16:00,CDG,1464848243
ZAVTYIVQ,code,L,70004596,ST,2006-01-07T17:00,2006-01-07T18:20,BES,1464848243
ZAVTYIVQ,code,L,70004595,ST,2006-01-07T20:00,2006-01-07T22:00,CDG,1464848243
IUWTJBAF,code,L,70004602,ST,2006-01-07T11:15,2006-01-07T13:35,BES,1464848243
IUWTJBAF,code,L,70004601,ST,2006-01-07T14:45,2006-01-07T16:00,CDG,1464848243
IUWTJBAF,code,L,70004596,ST,2006-01-07T17:00,2006-01-07T18:20,BES,1464848243
IUWTJBAF,code,L,70004595,ST,2006-01-07T20:00,2006-01-07T22:00,CDG,1464848243
GNTGWFRZ,code,L,70004602,ST,2006-01-07T11:15,2006-01-07T13:35,BES,1464848243
GNTGWFRZ,code,L,70004601,ST,2006-01-07T14:45,2006-01-07T16:00,CDG,1464848243
GNTGWFRZ,code,L,70004596,ST,2006-01-07T17:00,2006-01-07T18:20,BES,1464848243
GNTGWFRZ,code,L,70004595,ST,2006-01-07T20:00,2006-01-07T22:00,CDG,1464848243
SEHTAFNK,code,L,70004602,ST,2006-01-07T11:15,2006-01-07T13:35,BES,1464848243
SEHTAFNK,code,L,70004601,ST,2006-01-07T14:45,2006-01-07T16:00,CDG,1464848243
SEHTAFNK,code,L,70004596,ST,2006-01-07T17:00,2006-01-07T18:20,BES,1464848243
SEHTAFNK,code,L,70004595,ST,2006-01-07T20:00,2006-01-07T22:00,CDG,1464848243
VDSFVYKB,code,L,70004410,CP,2006-01-07T11:20,2006-01-07T13:40,MPL,645237757
VDSFVYKB,code,L,70004413,CP,2006-01-07T14:25,2006-01-07T15:40,ORY,645237757
VDSFVYKB,code,L,70004414,CP,2006-01-07T16:25,2006-01-07T17:45,MPL,645237757
VDSFVYKB,code,L,70004407,CP,2006-01-07T18:30,2006-01-07T20:20,ORY,645237757
NFAVWVUB,code,L,70004410,FO,2006-01-07T11:20,2006-01-07T13:40,MPL,645237757
NFAVWVUB,code,L,70004413,FO,2006-01-07T14:25,2006-01-07T15:40,ORY,645237757
NFAVWVUB,code,L,70004414,FO,2006-01-07T16:25,2006-01-07T17:45,MPL,645237757
NFAVWVUB,code,L,70004407,FO,2006-01-07T18:30,2006-01-07T20:20,ORY,645237757
CCWIOOCL,code,L,70004410,CSD,2006-01-07T11:20,2006-01-07T13:40,MPL,645237757
CCWIOOCL,code,L,70004413,CSD,2006-01-07T14:25,2006-01-07T15:40,ORY,645237757
CCWIOOCL,code,L,70004414,CSD,2006-01-07T16:25,2006-01-07T17:45,MPL,645237757
CCWIOOCL,code,L,70004407,CSD,2006-01-07T18:30,2006-01-07T20:20,ORY,645237757
EWWVAJVH,code,L,70004410,CSD,2006-01-07T11:20,2006-01-07T13:40,MPL,645237757
EWWVAJVH,code,L,70004413,CSD,2006-01-07T14:25,2006-01-07T15:40,ORY,645237757
EWWVAJVH,code,L,70004414,CSD,2006-01-07T16:25,2006-01-07T17:45,MPL,645237757
EWWVAJVH,code,L,70004407,CSD,2006-01-07T18:30,2006-01-07T20:20,ORY,645237757
TIDKTAOJ,code,L,70004410,ST,2006-01-07T11:20,2006-01-07T13:40,MPL,645237757
TIDKTAOJ,code,L,70004413,ST,2006-01-07T14:25,2006-01-07T15:40,ORY,645237757
TIDKTAOJ,code,L,70004414,ST,2006-01-07T16:25,2006-01-07T17:45,MPL,645237757
TIDKTAOJ,code,L,70004407,ST,2006-01-07T18:30,2006-01-07T20:20,ORY,645237757
XARLZHZM,code,L,70004410,ST,2006-01-07T11:20,2006-01-07T13:40,MPL,645237757
XARLZHZM,code,L,70004413,ST,2006-01-07T14:25,2006-01-07T15:40,ORY,645237757
XARLZHZM,code,L,70004414,ST,2006-01-07T16:25,2006-01-07T17:45,MPL,645237757
XARLZHZM,code,L,70004407,ST,2006-01-07T18:30,2006-01-07T20:20,ORY,645237757
JLMOPZOK,code,L,70004410,ST,2006-01-07T11:20,2006-01-07T13:40,MPL,645237757
JLMOPZOK,code,L,70004413,ST,2006-01-07T14:25,2006-01-07T15:40,ORY,645237757
JLMOPZOK,code,L,70004414,ST,2006-01-07T16:25,2006-01-07T17:45,MPL,645237757
JLMOPZOK,code,L,70004407,ST,2006-01-07T18:30,2006-01-07T20:20,ORY,645237757
JMMQCHJA,code,L,70004410,ST,2006-01-07T11:20,2006-01-07T13:40,MPL,645237757
JMMQCHJA,code,L,70004413,ST,2006-01-07T14:25,2006-01-07T15:40,ORY,645237757
JMMQCHJA,code,L,70004414,ST,2006-01-07T16:25,2006-01-07T17:45,MPL,645237757
JMMQCHJA,code,L,70004407,ST,2006-01-07T18:30,2006-01-07T20:20,ORY,645237757
VKUELDOV,code,L,70004487,CP,2006-01-07T11:25,2006-01-07T13:45,CDG,1767440095
VKUELDOV,code,L,70004492,CP,2006-01-07T15:30,2006-01-07T17:40,BOD,1767440095
HCTJFWYF,code,L,70004487,FO,2006-01-07T11:25,2006-01-07T13:45,CDG,1767440095
HCTJFWYF,code,L,70004492,FO,2006-01-07T15:30,2006-01-07T17:40,BOD,1767440095
HBKIOQNQ,code,L,70004487,CSD,2006-01-07T11:25,2006-01-07T13:45,CDG,1767440095
HBKIOQNQ,code,L,70004492,CSD,2006-01-07T15:30,2006-01-07T17:40,BOD,1767440095
OFILSHUR,code,L,70004487,CSD,2006-01-07T11:25,2006-01-07T13:45,CDG,1767440095
OFILSHUR,code,L,70004492,CSD,2006-01-07T15:30,2006-01-07T17:40,BOD,1767440095
IXCWNDRU,code,L,70004487,ST,2006-01-07T11:25,2006-01-07T13:45,CDG,1767440095
IXCWNDRU,code,L,70004492,ST,2006-01-07T15:30,2006-01-07T17:40,BOD,1767440095
CWDAGFRR,code,L,70004487,ST,2006-01-07T11:25,2006-01-07T13:45,CDG,1767440095
CWDAGFRR,code,L,70004492,ST,2006-01-07T15:30,2006-01-07T17:40,BOD,1767440095
CPMFLOFM,code,L,70004487,ST,2006-01-07T11:25,2006-01-07T13:45,CDG,1767440095
CPMFLOFM,code,L,70004492,ST,2006-01-07T15:30,2006-01-07T17:40,BOD,1767440095
MWWWZECU,code,L,70004487,ST,2006-01-07T11:25,2006-01-07T13:45,CDG,1767440095
MWWWZECU,code,L,70004492,ST,2006-01-07T15:30,2006-01-07T17:40,BOD,1767440095
ZFOZFXYZ,code,L,70002595,CP,2006-01-07T11:30,2006-01-07T13:40,CFR,282134252
ZFOZFXYZ,code,L,70002596,CP,2006-01-07T15:00,2006-01-07T17:00,LYS,282134252
EWGTWDTL,code,L,70002595,FO,2006-01-07T11:30,2006-01-07T13:40,CFR,282134252
EWGTWDTL,code,L,70002596,FO,2006-01-07T15:00,2006-01-07T17:00,LYS,282134252
GBKCMLIV,code,L,70002595,CS,2006-01-07T11:30,2006-01-07T13:40,CFR,282134252
GBKCMLIV,code,L,70002596,CS,2006-01-07T15:00,2006-01-07T17:00,LYS,282134252
HJHIGCNP,code,L,70002595,ST,2006-01-07T11:30,2006-01-07T13:40,CFR,282134252
HJHIGCNP,code,L,70002596,ST,2006-01-07T15:00,2006-01-07T17:00,LYS,282134252
FGGRVBQH,code,L,70002595,ST,2006-01-07T11:30,2006-01-07T13:40,CFR,282134252
FGGRVBQH,code,L,70002596,ST,2006-01-07T15:00,2006-01-07T17:00,LYS,282134252
MCQYYWFQ,code,L,70004490,CP,2006-01-07T11:35,2006-01-07T14:00,BOD,384385166
MCQYYWFQ,code,L,70004549,CP,2006-01-07T17:45,2006-01-07T19:10,CDG,384385166
MCQYYWFQ,code,L,70004548,CP,2006-01-07T20:00,2006-01-07T22:05,MPL,384385166
XGXRHFWI,code,L,70004490,FO,2006-01-07T11:35,2006-01-07T14:00,BOD,384385166
XGXRHFWI,code,L,70004549,FO,2006-01-07T17:45,2006-01-07T19:10,CDG,384385166
XGXRHFWI,code,L,70004548,FO,2006-01-07T20:00,2006-01-07T22:05,MPL,384385166
IBTIDSSL,code,L,70004490,CSD,2006-01-07T11:35,2006-01-07T14:00,BOD,384385166
IBTIDSSL,code,L,70004549,CSD,2006-01-07T17:45,2006-01-07T19:10,CDG,384385166
IBTIDSSL,code,L,70004548,CSD,2006-01-07T20:00,2006-01-07T22:05,MPL,384385166
WECYWAJU,code,L,70004490,CSD,2006-01-07T11:35,2006-01-07T14:00,BOD,384385166
WECYWAJU,code,L,70004549,CSD,2006-01-07T17:45,2006-01-07T19:10,CDG,384385166
WECYWAJU,code,L,70004548,CSD,2006-01-07T20:00,2006-01-07T22:05,MPL,384385166
QCFKXRTB,code,L,70004490,ST,2006-01-07T11:35,2006-01-07T14:00,BOD,384385166
QCFKXRTB,code,L,70004549,ST,2006-01-07T17:45,2006-01-07T19:10,CDG,384385166
QCFKXRTB,code,L,70004548,ST,2006-01-07T20:00,2006-01-07T22:05,MPL,384385166
DTCVQGKW,code,L,70004490,ST,2006-01-07T11:35,2006-01-07T14:00,BOD,384385166
DTCVQGKW,code,L,70004549,ST,2006-01-07T17:45,2006-01-07T19:10,CDG,384385166
DTCVQGKW,code,L,70004548,ST,2006-01-07T20:00,2006-01-07T22:05,MPL,384385166
UJNOUPFX,code,L,70004490,ST,2006-01-07T11:35,2006-01-07T14:00,BOD,384385166
UJNOUPFX,code,L,70004549,ST,2006-01-07T17:45,2006-01-07T19:10,CDG,384385166
UJNOUPFX,code,L,70004548,ST,2006-01-07T20:00,2006-01-07T22:05,MPL,384385166
VZCKRVZK,code,L,70004490,ST,2006-01-07T11:35,2006-01-07T14:00,BOD,384385166
VZCKRVZK,code,L,70004549,ST,2006-01-07T17:45,2006-01-07T19:10,CDG,384385166
VZCKRVZK,code,L,70004548,ST,2006-01-07T20:00,2006-01-07T22:05,MPL,384385166
JOVUKMSI,code,L,70002619,CP,2006-01-07T11:35,2006-01-07T13:50,RNS,1398633607
JOVUKMSI,code,L,70002620,CP,2006-01-07T14:45,2006-01-07T16:50,LYS,1398633607
YCJTSRRK,code,L,70002619,FO,2006-01-07T11:35,2006-01-07T13:50,RNS,1398633607
YCJTSRRK,code,L,70002620,FO,2006-01-07T14:45,2006-01-07T16:50,LYS,1398633607
FQEHBBJA,code,L,70002619,CS,2006-01-07T11:35,2006-01-07T13:50,RNS,1398633607
FQEHBBJA,code,L,70002620,CS,2006-01-07T14:45,2006-01-07T16:50,LYS,1398633607
BQEHMNFJ,code,L,70002619,ST,2006-01-07T11:35,2006-01-07T13:50,RNS,1398633607
BQEHMNFJ,code,L,70002620,ST,2006-01-07T14:45,2006-01-07T16:50,LYS,1398633607
FPSIEEDL,code,L,70002619,ST,2006-01-07T11:35,2006-01-07T13:50,RNS,1398633607
FPSIEEDL,code,L,70002620,ST,2006-01-07T14:45,2006-01-07T16:50,LYS,1398633607
OBUWLEFT,code,L,70004668,CP,2006-01-07T11:45,2006-01-07T13:55,BOD,1662778767
OBUWLEFT,code,L,70004669,CP,2006-01-07T14:55,2006-01-07T16:00,LYS,1662778767
OBUWLEFT,code,L,70004664,CP,2006-01-07T16:55,2006-01-07T18:05,BOD,1662778767
OBUWLEFT,code,L,70004665,CP,2006-01-07T19:00,2006-01-07T20:50,LYS,1662778767
WDIRGGXL,code,L,70004668,FO,2006-01-07T11:45,2006-01-07T13:55,BOD,1662778767
WDIRGGXL,code,L,70004669,FO,2006-01-07T14:55,2006-01-07T16:00,LYS,1662778767
WDIRGGXL,code,L,70004664,FO,2006-01-07T16:55,2006-01-07T18:05,BOD,1662778767
WDIRGGXL,code,L,70004665,FO,2006-01-07T19:00,2006-01-07T20:50,LYS,1662778767
LJSXFCUE,code,L,70004668,CSD,2006-01-07T11:45,2006-01-07T13:55,BOD,1662778767
LJSXFCUE,code,L,70004669,CSD,2006-01-07T14:55,2006-01-07T16:00,LYS,1662778767
LJSXFCUE,code,L,70004664,CSD,2006-01-07T16:55,2006-01-07T18:05,BOD,1662778767
LJSXFCUE,code,L,70004665,CSD,2006-01-07T19:00,2006-01-07T20:50,LYS,1662778767
OLEBPWYE,code,L,70004668,CSD,2006-01-07T11:45,2006-01-07T13:55,BOD,1662778767
OLEBPWYE,code,L,70004669,CSD,2006-01-07T14:55,2006-01-07T16:00,LYS,1662778767
OLEBPWYE,code,L,70004664,CSD,2006-01-07T16:55,2006-01-07T18:05,BOD,1662778767
OLEBPWYE,code,L,70004665,CSD,2006-01-07T19:00,2006-01-07T20:50,LYS,1662778767
JUDZWQAP,code,L,70004668,ST,2006-01-07T11:45,2006-01-07T13:55,BOD,1662778767
JUDZWQAP,code,L,70004669,ST,2006-01-07T14:55,2006-01-07T16:00,LYS,1662778767
JUDZWQAP,code,L,70004664,ST,2006-01-07T16:55,2006-01-07T18:05,BOD,1662778767
JUDZWQAP,code,L,70004665,ST,2006-01-07T19:00,2006-01-07T20:50,LYS,1662778767
UZHEUVRF,code,L,70004668,ST,2006-01-07T11:45,2006-01-07T13:55,BOD,1662778767
UZHEUVRF,code,L,70004669,ST,2006-01-07T14:55,2006-01-07T16:00,LYS,1662778767
UZHEUVRF,code,L,70004664,ST,2006-01-07T16:55,2006-01-07T18:05,BOD,1662778767
UZHEUVRF,code,L,70004665,ST,2006-01-07T19:00,2006-01-07T20:50,LYS,1662778767
ZCCGTMPZ,code,L,70004668,ST,2006-01-07T11:45,2006-01-07T13:55,BOD,1662778767
ZCCGTMPZ,code,L,70004669,ST,2006-01-07T14:55,2006-01-07T16:00,LYS,1662778767
ZCCGTMPZ,code,L,70004664,ST,2006-01-07T16:55,2006-01-07T18:05,BOD,1662778767
ZCCGTMPZ,code,L,70004665,ST,2006-01-07T19:00,2006-01-07T20:50,LYS,1662778767
AJMEGOFP,code,L,70004668,ST,2006-01-07T11:45,2006-01-07T13:55,BOD,1662778767
AJMEGOFP,code,L,70004669,ST,2006-01-07T14:55,2006-01-07T16:00,LYS,1662778767
AJMEGOFP,code,L,70004664,ST,2006-01-07T16:55,2006-01-07T18:05,BOD,1662778767
AJMEGOFP,code,L,70004665,ST,2006-01-07T19:00,2006-01-07T20:50,LYS,1662778767
QJIWIUSL,code,L,70003091,CP,2006-01-07T12:00,2006-01-07T14:20,ORY,1880812379
QJIWIUSL,code,L,70003084,CP,2006-01-07T15:05,2006-01-07T16:30,NCE,1880812379
QJIWIUSL,code,L,70003099,CP,2006-01-07T17:10,2006-01-07T18:30,ORY,1880812379
QJIWIUSL,code,L,70003094,CP,2006-01-07T19:25,2006-01-07T21:05,NCE,1880812379
FHCRHTHA,code,L,70003091,FO,2006-01-07T12:00,2006-01-07T14:20,ORY,1880812379
FHCRHTHA,code,L,70003084,FO,2006-01-07T15:05,2006-01-07T16:30,NCE,1880812379
FHCRHTHA,code,L,70003099,FO,2006-01-07T17:10,2006-01-07T18:30,ORY,1880812379
FHCRHTHA,code,L,70003094,FO,2006-01-07T19:25,2006-01-07T21:05,NCE,1880812379
XIYDNGYQ,code,L,70003091,CSD,2006-01-07T12:00,2006-01-07T14:20,ORY,1880812379
XIYDNGYQ,code,L,70003084,CSD,2006-01-07T15:05,2006-01-07T16:30,NCE,1880812379
XIYDNGYQ,code,L,70003099,CSD,2006-01-07T17:10,2006-01-07T18:30,ORY,1880812379
XIYDNGYQ,code,L,70003094,CSD,2006-01-07T19:25,2006-01-07T21:05,NCE,1880812379
XTMIFLNF,code,L,70003091,CSD,2006-01-07T12:00,2006-01-07T14:20,ORY,1880812379
XTMIFLNF,code,L,70003084,CSD,2006-01-07T15:05,2006-01-07T16:30,NCE,1880812379
XTMIFLNF,code,L,70003099,CSD,2006-01-07T17:10,2006-01-07T18:30,ORY,1880812379
XTMIFLNF,code,L,70003094,CSD,2006-01-07T19:25,2006-01-07T21:05,NCE,1880812379
GVPQDZVG,code,L,70003091,ST,2006-01-07T12:00,2006-01-07T14:20,ORY,1880812379
GVPQDZVG,code,L,70003084,ST,2006-01-07T15:05,2006-01-07T16:30,NCE,1880812379
GVPQDZVG,code,L,70003099,ST,2006-01-07T17:10,2006-01-07T18:30,ORY,1880812379
GVPQDZVG,code,L,70003094,ST,2006-01-07T19:25,2006-01-07T21:05,NCE,1880812379
JYIVKGHS,code,L,70003091,ST,2006-01-07T12:00,2006-01-07T14:20,ORY,1880812379
JYIVKGHS,code,L,70003084,ST,2006-01-07T15:05,2006-01-07T16:30,NCE,1880812379
JYIVKGHS,code,L,70003099,ST,2006-01-07T17:10,2006-01-07T18:30,ORY,1880812379
JYIVKGHS,code,L,70003094,ST,2006-01-07T19:25,2006-01-07T21:05,NCE,1880812379
RAFTTDMD,code,L,70003091,ST,2006-01-07T12:00,2006-01-07T14:20,ORY,1880812379
RAFTTDMD,code,L,70003084,ST,2006-01-07T15:05,2006-01-07T16:30,NCE,1880812379
RAFTTDMD,code,L,70003099,ST,2006-01-07T17:10,2006-01-07T18:30,ORY,1880812379
RAFTTDMD,code,L,70003094,ST,2006-01-07T19:25,2006-01-07T21:05,NCE,1880812379
OPDUNQQK,code,L,70003091,ST,2006-01-07T12:00,2006-01-07T14:20,ORY,1880812379
OPDUNQQK,code,L,70003084,ST,2006-01-07T15:05,2006-01-07T16:30,NCE,1880812379
OPDUNQQK,code,L,70003099,ST,2006-01-07T17:10,2006-01-07T18:30,ORY,1880812379
OPDUNQQK,code,L,70003094,ST,2006-01-07T19:25,2006-01-07T21:05,NCE,1880812379
KUHFGLJJ,code,L,70004174,CP,2006-01-07T12:35,2006-01-07T14:35,SXB,658194566
KUHFGLJJ,code,L,70004389,CP,2006-01-07T15:35,2006-01-07T17:00,ORY,658194566
KUHFGLJJ,code,L,70004390,CP,2006-01-07T17:50,2006-01-07T19:15,PGF,658194566
KUHFGLJJ,code,L,70004169,CP,2006-01-07T20:00,2006-01-07T21:45,ORY,658194566
GZQMXSYI,code,L,70004174,FO,2006-01-07T12:35,2006-01-07T14:35,SXB,658194566
GZQMXSYI,code,L,70004389,FO,2006-01-07T15:35,2006-01-07T17:00,ORY,658194566
GZQMXSYI,code,L,70004390,FO,2006-01-07T17:50,2006-01-07T19:15,PGF,658194566
GZQMXSYI,code,L,70004169,FO,2006-01-07T20:00,2006-01-07T21:45,ORY,658194566
JDOXJEJB,code,L,70004174,CSD,2006-01-07T12:35,2006-01-07T14:35,SXB,658194566
JDOXJEJB,code,L,70004389,CSD,2006-01-07T15:35,2006-01-07T17:00,ORY,658194566
JDOXJEJB,code,L,70004390,CSD,2006-01-07T17:50,2006-01-07T19:15,PGF,658194566
JDOXJEJB,code,L,70004169,CSD,2006-01-07T20:00,2006-01-07T21:45,ORY,658194566
UTEWWJYK,code,L,70004174,CSD,2006-01-07T12:35,2006-01-07T14:35,SXB,658194566
UTEWWJYK,code,L,70004389,CSD,2006-01-07T15:35,2006-01-07T17:00,ORY,658194566
UTEWWJYK,code,L,70004390,CSD,2006-01-07T17:50,2006-01-07T19:15,PGF,658194566
UTEWWJYK,code,L,70004169,CSD,2006-01-07T20:00,2006-01-07T21:45,ORY,658194566
ZZMQRHXX,code,L,70004174,ST,2006-01-07T12:35,2006-01-07T14:35,SXB,658194566
ZZMQRHXX,code,L,70004389,ST,2006-01-07T15:35,2006-01-07T17:00,ORY,658194566
ZZMQRHXX,code,L,70004390,ST,2006-01-07T17:50,2006-01-07T19:15,PGF,658194566
ZZMQRHXX,code,L,70004169,ST,2006-01-07T20:00,2006-01-07T21:45,ORY,658194566
UFCXWBIG,code,L,70004174,ST,2006-01-07T12:35,2006-01-07T14:35,SXB,658194566
UFCXWBIG,code,L,70004389,ST,2006-01-07T15:35,2006-01-07T17:00,ORY,658194566
UFCXWBIG,code,L,70004390,ST,2006-01-07T17:50,2006-01-07T19:15,PGF,658194566
UFCXWBIG,code,L,70004169,ST,2006-01-07T20:00,2006-01-07T21:45,ORY,658194566
SXTJLFPP,code,L,70004174,ST,2006-01-07T12:35,2006-01-07T14:35,SXB,658194566
SXTJLFPP,code,L,70004389,ST,2006-01-07T15:35,2006-01-07T17:00,ORY,658194566
SXTJLFPP,code,L,70004390,ST,2006-01-07T17:50,2006-01-07T19:15,PGF,658194566
SXTJLFPP,code,L,70004169,ST,2006-01-07T20:00,2006-01-07T21:45,ORY,658194566
ZUHUSLJI,code,L,70004174,ST,2006-01-07T12:35,2006-01-07T14:35,SXB,658194566
ZUHUSLJI,code,L,70004389,ST,2006-01-07T15:35,2006-01-07T17:00,ORY,658194566
ZUHUSLJI,code,L,70004390,ST,2006-01-07T17:50,2006-01-07T19:15,PGF,658194566
ZUHUSLJI,code,L,70004169,ST,2006-01-07T20:00,2006-01-07T21:45,ORY,658194566
IAMPYAWH,code,L,70002874,CP,2006-01-07T13:00,2006-01-07T15:20,MRS,794882901
IAMPYAWH,code,L,70002907,CP,2006-01-07T18:35,2006-01-07T20:35,ORY,794882901
VRDUMEWZ,code,L,70002874,FO,2006-01-07T13:00,2006-01-07T15:20,MRS,794882901
VRDUMEWZ,code,L,70002907,FO,2006-01-07T18:35,2006-01-07T20:35,ORY,794882901
HKJDMMPI,code,L,70002874,CSD,2006-01-07T13:00,2006-01-07T15:20,MRS,794882901
HKJDMMPI,code,L,70002907,CSD,2006-01-07T18:35,2006-01-07T20:35,ORY,794882901
AQVEOGHM,code,L,70002874,CSD,2006-01-07T13:00,2006-01-07T15:20,MRS,794882901
AQVEOGHM,code,L,70002907,CSD,2006-01-07T18:35,2006-01-07T20:35,ORY,794882901
YKCLLOIF,code,L,70002874,ST,2006-01-07T13:00,2006-01-07T15:20,MRS,794882901
YKCLLOIF,code,L,70002907,ST,2006-01-07T18:35,2006-01-07T20:35,ORY,794882901
URJIUFLB,code,L,70002874,ST,2006-01-07T13:00,2006-01-07T15:20,MRS,794882901
URJIUFLB,code,L,70002907,ST,2006-01-07T18:35,2006-01-07T20:35,ORY,794882901
JRVQSCIS,code,L,70002874,ST,2006-01-07T13:00,2006-01-07T15:20,MRS,794882901
JRVQSCIS,code,L,70002907,ST,2006-01-07T18:35,2006-01-07T20:35,ORY,794882901
IAUEQUMS,code,L,70002874,ST,2006-01-07T13:00,2006-01-07T15:20,MRS,794882901
IAUEQUMS,code,L,70002907,ST,2006-01-07T18:35,2006-01-07T20:35,ORY,794882901
MOOROYTZ,code,L,70004619,CP,2006-01-07T13:30,2006-01-07T16:10,ETZ,1657007234
MOOROYTZ,code,L,70004620,CP,2006-01-07T18:50,2006-01-07T21:15,MRS,1657007234
QEVVXVQT,code,L,70004619,FO,2006-01-07T13:30,2006-01-07T16:10,ETZ,1657007234
QEVVXVQT,code,L,70004620,FO,2006-01-07T18:50,2006-01-07T21:15,MRS,1657007234
XGMCIZSM,code,L,70004619,CSD,2006-01-07T13:30,2006-01-07T16:10,ETZ,1657007234
XGMCIZSM,code,L,70004620,CSD,2006-01-07T18:50,2006-01-07T21:15,MRS,1657007234
IJPIIGMJ,code,L,70004619,CSD,2006-01-07T13:30,2006-01-07T16:10,ETZ,1657007234
IJPIIGMJ,code,L,70004620,CSD,2006-01-07T18:50,2006-01-07T21:15,MRS,1657007234
DFNEMMIZ,code,L,70004619,ST,2006-01-07T13:30,2006-01-07T16:10,ETZ,1657007234
DFNEMMIZ,code,L,70004620,ST,2006-01-07T18:50,2006-01-07T21:15,MRS,1657007234
SRLZNSTD,code,L,70004619,ST,2006-01-07T13:30,2006-01-07T16:10,ETZ,1657007234
SRLZNSTD,code,L,70004620,ST,2006-01-07T18:50,2006-01-07T21:15,MRS,1657007234
TMCYFDND,code,L,70004619,ST,2006-01-07T13:30,2006-01-07T16:10,ETZ,1657007234
TMCYFDND,code,L,70004620,ST,2006-01-07T18:50,2006-01-07T21:15,MRS,1657007234
BCBGRLWG,code,L,70004619,ST,2006-01-07T13:30,2006-01-07T16:10,ETZ,1657007234
BCBGRLWG,code,L,70004620,ST,2006-01-07T18:50,2006-01-07T21:15,MRS,1657007234
GUUVAJER,code,L,70004435,CP,2006-01-07T13:40,2006-01-07T16:20,AJA,1015490648
GUUVAJER,code,L,70004436,CP,2006-01-07T17:10,2006-01-07T19:35,ORY,1015490648
JHNUJMPA,code,L,70004435,FO,2006-01-07T13:40,2006-01-07T16:20,AJA,1015490648
JHNUJMPA,code,L,70004436,FO,2006-01-07T17:10,2006-01-07T19:35,ORY,1015490648
NPVUBIKX,code,L,70004435,CSD,2006-01-07T13:40,2006-01-07T16:20,AJA,1015490648
NPVUBIKX,code,L,70004436,CSD,2006-01-07T17:10,2006-01-07T19:35,ORY,1015490648
MBKWZUZT,code,L,70004435,CSD,2006-01-07T13:40,2006-01-07T16:20,AJA,1015490648
MBKWZUZT,code,L,70004436,CSD,2006-01-07T17:10,2006-01-07T19:35,ORY,1015490648
YIJOBBYR,code,L,70004435,ST,2006-01-07T13:40,2006-01-07T16:20,AJA,1015490648
YIJOBBYR,code,L,70004436,ST,2006-01-07T17:10,2006-01-07T19:35,ORY,1015490648
DXTZBNZN,code,L,70004435,ST,2006-01-07T13:40,2006-01-07T16:20,AJA,1015490648
DXTZBNZN,code,L,70004436,ST,2006-01-07T17:10,2006-01-07T19:35,ORY,1015490648
CCGWWDXK,code,L,70004435,ST,2006-01-07T13:40,2006-01-07T16:20,AJA,1015490648
CCGWWDXK,code,L,70004436,ST,2006-01-07T17:10,2006-01-07T19:35,ORY,1015490648
YQXWSWEH,code,L,70004435,ST,2006-01-07T13:40,2006-01-07T16:20,AJA,1015490648
YQXWSWEH,code,L,70004436,ST,2006-01-07T17:10,2006-01-07T19:35,ORY,1015490648
QWFYQFQD,code,L,70004578,CP,2006-01-07T14:35,2006-01-07T17:10,NCE,773559890
QWFYQFQD,code,L,70004575,CP,2006-01-07T18:30,2006-01-07T20:50,CDG,773559890
JGIKVNJE,code,L,70004578,FO,2006-01-07T14:35,2006-01-07T17:10,NCE,773559890
JGIKVNJE,code,L,70004575,FO,2006-01-07T18:30,2006-01-07T20:50,CDG,773559890
ZZCWMSNA,code,L,70004578,CSD,2006-01-07T14:35,2006-01-07T17:10,NCE,773559890
ZZCWMSNA,code,L,70004575,CSD,2006-01-07T18:30,2006-01-07T20:50,CDG,773559890
KHHNTJEA,code,L,70004578,CSD,2006-01-07T14:35,2006-01-07T17:10,NCE,773559890
KHHNTJEA,code,L,70004575,CSD,2006-01-07T18:30,2006-01-07T20:50,CDG,773559890
GPSYZIIT,code,L,70004578,ST,2006-01-07T14:35,2006-01-07T17:10,NCE,773559890
GPSYZIIT,code,L,70004575,ST,2006-01-07T18:30,2006-01-07T20:50,CDG,773559890
HVYXNEID,code,L,70004578,ST,2006-01-07T14:35,2006-01-07T17:10,NCE,773559890
HVYXNEID,code,L,70004575,ST,2006-01-07T18:30,2006-01-07T20:50,CDG,773559890
KUOMDMXQ,code,L,70004578,ST,2006-01-07T14:35,2006-01-07T17:10,NCE,773559890
KUOMDMXQ,code,L,70004575,ST,2006-01-07T18:30,2006-01-07T20:50,CDG,773559890
ZBUJEYKE,code,L,70004578,ST,2006-01-07T14:35,2006-01-07T17:10,NCE,773559890
ZBUJEYKE,code,L,70004575,ST,2006-01-07T18:30,2006-01-07T20:50,CDG,773559890
