crew_id,code,type,leg_id,rank,start,finish,airport,pairing
TQRQOMPH,code,L,70002597,CP,2006-01-07T04:00,2006-01-07T05:20,LEH,2022406920
TQRQOMPH,code,L,70002598,CP,2006-01-07T05:40,2006-01-07T07:00,URO,2022406920
TQRQOMPH,code,L,70002599,CP,2006-01-07T07:40,2006-01-07T09:10,LYS,2022406920
TQRQOMPH,code,L,70002600,CP,2006-01-07T09:30,2006-01-07T09:50,LEH,2022406920
TQRQOMPH,code,L,70002601,CP,2006-01-07T15:00,2006-01-07T15:20,URO,2022406920
TQRQOMPH,code,L,70002602,CP,2006-01-07T15:40,2006-01-07T17:10,LEH,2022406920
TQRQOMPH,code,L,70002603,CP,2006-01-07T17:50,2006-01-07T19:10,LYS,2022406920
TQRQOMPH,code,L,70002604,CP,2006-01-07T19:30,2006-01-07T20:35,URO,2022406920
JQIOWKFI,code,L,70002597,FO,2006-01-07T04:00,2006-01-07T05:20,LEH,2022406920
JQIOWKFI,code,L,70002598,FO,2006-01-07T05:40,2006-01-07T07:00,URO,2022406920
JQIOWKFI,code,L,70002599,FO,2006-01-07T07:40,2006-01-07T09:10,LYS,2022406920
JQIOWKFI,code,L,70002600,FO,2006-01-07T09:30,2006-01-07T09:50,LEH,2022406920
JQIOWKFI,code,L,70002601,FO,2006-01-07T15:00,2006-01-07T15:20,URO,2022406920
JQIOWKFI,code,L,70002602,FO,2006-01-07T15:40,2006-01-07T17:10,LEH,2022406920
JQIOWKFI,code,L,70002603,FO,2006-01-07T17:50,2006-01-07T19:10,LYS,2022406920
JQIOWKFI,code,L,70002604,FO,2006-01-07T19:30,2006-01-07T20:35,URO,2022406920
LFHOAZBG,code,L,70002597,CS,2006-01-07T04:00,2006-01-07T05:20,LEH,2022406920
LFHOAZBG,code,L,70002598,CS,2006-01-07T05:40,2006-01-07T07:00,URO,2022406920
LFHOAZBG,code,L,70002599,CS,2006-01-07T07:40,2006-01-07T09:10,LYS,2022406920
LFHOAZBG,code,L,70002600,CS,2006-01-07T09:30,2006-01-07T09:50,LEH,2022406920
LFHOAZBG,code,L,70002601,CS,2006-01-07T15:00,2006-01-07T15:20,URO,2022406920
LFHOAZBG,code,L,70002602,CS,2006-01-07T15:40,2006-01-07T17:10,LEH,2022406920
LFHOAZBG,code,L,70002603,CS,2006-01-07T17:50,2006-01-07T19:10,LYS,2022406920
LFHOAZBG,code,L,70002604,CS,2006-01-07T19:30,2006-01-07T20:35,URO,2022406920
FPRUVPDO,code,L,70002597,ST,2006-01-07T04:00,2006-01-07T05:20,LEH,2022406920
FPRUVPDO,code,L,70002598,ST,2006-01-07T05:40,2006-01-07T07:00,URO,2022406920
FPRUVPDO,code,L,70002599,ST,2006-01-07T07:40,2006-01-07T09:10,LYS,2022406920
FPRUVPDO,code,L,70002600,ST,2006-01-07T09:30,2006-01-07T09:50,LEH,2022406920
FPRUVPDO,code,L,70002601,ST,2006-01-07T15:00,2006-01-07T15:20,URO,2022406920
FPRUVPDO,code,L,70002602,ST,2006-01-07T15:40,2006-01-07T17:10,LEH,2022406920
FPRUVPDO,code,L,70002603,ST,2006-01-07T17:50,2006-01-07T19:10,LYS,2022406920
FPRUVPDO,code,L,70002604,ST,2006-01-07T19:30,2006-01-07T20:35,URO,2022406920
WCNBFWZH,code,L,70002597,ST,2006-01-07T04:00,2006-01-07T05:20,LEH,2022406920
WCNBFWZH,code,L,70002598,ST,2006-01-07T05:40,2006-01-07T07:00,URO,2022406920
WCNBFWZH,code,L,70002599,ST,2006-01-07T07:40,2006-01-07T09:10,LYS,2022406920
WCNBFWZH,code,L,70002600,ST,2006-01-07T09:30,2006-01-07T09:50,LEH,2022406920
WCNBFWZH,code,L,70002601,ST,2006-01-07T15:00,2006-01-07T15:20,URO,2022406920
WCNBFWZH,code,L,70002602,ST,2006-01-07T15:40,2006-01-07T17:10,LEH,2022406920
WCNBFWZH,code,L,70002603,ST,2006-01-07T17:50,2006-01-07T19:10,LYS,2022406920
WCNBFWZH,code,L,70002604,ST,2006-01-07T19:30,2006-01-07T20:35,URO,2022406920
YACNNDCV,code,L,70005123,CP,2006-01-07T04:05,2006-01-07T07:20,TLS,2138821259
YACNNDCV,code,L,70005124,CP,2006-01-07T08:25,2006-01-07T11:05,AMS,2138821259
OMSSECLZ,code,L,70005123,FO,2006-01-07T04:05,2006-01-07T07:20,TLS,2138821259
OMSSECLZ,code,L,70005124,FO,2006-01-07T08:25,2006-01-07T11:05,AMS,2138821259
BOMYMLUH,code,L,70005123,CSD,2006-01-07T04:05,2006-01-07T07:20,TLS,2138821259
BOMYMLUH,code,L,70005124,CSD,2006-01-07T08:25,2006-01-07T11:05,AMS,2138821259
OPCNSRKB,code,L,70005123,ST,2006-01-07T04:05,2006-01-07T07:20,TLS,2138821259
OPCNSRKB,code,L,70005124,ST,2006-01-07T08:25,2006-01-07T11:05,AMS,2138821259
VHPMGDNE,code,L,70005123,ST,2006-01-07T04:05,2006-01-07T07:20,TLS,2138821259
VHPMGDNE,code,L,70005124,ST,2006-01-07T08:25,2006-01-07T11:05,AMS,2138821259
DEPAIHHL,code,L,70004600,CP,2006-01-07T04:25,2006-01-07T06:45,BES,2125508764
DEPAIHHL,code,L,70004599,CP,2006-01-07T09:30,2006-01-07T11:30,CDG,2125508764
BAVANIIT,code,L,70004600,FO,2006-01-07T04:25,2006-01-07T06:45,BES,2125508764
BAVANIIT,code,L,70004599,FO,2006-01-07T09:30,2006-01-07T11:30,CDG,2125508764
VPDKAXNF,code,L,70004600,CS,2006-01-07T04:25,2006-01-07T06:45,BES,2125508764
VPDKAXNF,code,L,70004599,CS,2006-01-07T09:30,2006-01-07T11:30,CDG,2125508764
MBYHFBEB,code,L,70004600,CS,2006-01-07T04:25,2006-01-07T06:45,BES,2125508764
MBYHFBEB,code,L,70004599,CS,2006-01-07T09:30,2006-01-07T11:30,CDG,2125508764
BDLJIBIO,code,L,70004600,ST,2006-01-07T04:25,2006-01-07T06:45,BES,2125508764
BDLJIBIO,code,L,70004599,ST,2006-01-07T09:30,2006-01-07T11:30,CDG,2125508764
EZIFJTTW,code,L,70004600,ST,2006-01-07T04:25,2006-01-07T06:45,BES,2125508764
EZIFJTTW,code,L,70004599,ST,2006-01-07T09:30,2006-01-07T11:30,CDG,2125508764
IEQQEKJG,code,L,70004600,ST,2006-01-07T04:25,2006-01-07T06:45,BES,2125508764
IEQQEKJG,code,L,70004599,ST,2006-01-07T09:30,2006-01-07T11:30,CDG,2125508764
OQUNGQZD,code,L,70004600,ST,2006-01-07T04:25,2006-01-07T06:45,BES,2125508764
OQUNGQZD,code,L,70004599,ST,2006-01-07T09:30,2006-01-07T11:30,CDG,2125508764
NUSJTJLU,code,L,70002653,CP,2006-01-07T04:25,2006-01-07T06:55,BES,1501688522
NUSJTJLU,code,L,70002654,CP,2006-01-07T07:40,2006-01-07T09:15,LYS,1501688522
NUSJTJLU,code,L,70002657,CP,2006-01-07T10:05,2006-01-07T11:45,BES,1501688522
NUSJTJLU,code,L,70002658,CP,2006-01-07T12:25,2006-01-07T14:50,MRS,1501688522
ZKBTFOCE,code,L,70002653,FO,2006-01-07T04:25,2006-01-07T06:55,BES,1501688522
ZKBTFOCE,code,L,70002654,FO,2006-01-07T07:40,2006-01-07T09:15,LYS,1501688522
ZKBTFOCE,code,L,70002657,FO,2006-01-07T10:05,2006-01-07T11:45,BES,1501688522
ZKBTFOCE,code,L,70002658,FO,2006-01-07T12:25,2006-01-07T14:50,MRS,1501688522
UDIXLPJL,code,L,70002653,CS,2006-01-07T04:25,2006-01-07T06:55,BES,1501688522
UDIXLPJL,code,L,70002654,CS,2006-01-07T07:40,2006-01-07T09:15,LYS,1501688522
UDIXLPJL,code,L,70002657,CS,2006-01-07T10:05,2006-01-07T11:45,BES,1501688522
UDIXLPJL,code,L,70002658,CS,2006-01-07T12:25,2006-01-07T14:50,MRS,1501688522
HHREPHLO,code,L,70002653,ST,2006-01-07T04:25,2006-01-07T06:55,BES,1501688522
HHREPHLO,code,L,70002654,ST,2006-01-07T07:40,2006-01-07T09:15,LYS,1501688522
HHREPHLO,code,L,70002657,ST,2006-01-07T10:05,2006-01-07T11:45,BES,1501688522
HHREPHLO,code,L,70002658,ST,2006-01-07T12:25,2006-01-07T14:50,MRS,1501688522
SVDUXMGY,code,L,70002653,ST,2006-01-07T04:25,2006-01-07T06:55,BES,1501688522
SVDUXMGY,code,L,70002654,ST,2006-01-07T07:40,2006-01-07T09:15,LYS,1501688522
SVDUXMGY,code,L,70002657,ST,2006-01-07T10:05,2006-01-07T11:45,BES,1501688522
SVDUXMGY,code,L,70002658,ST,2006-01-07T12:25,2006-01-07T14:50,MRS,1501688522
YPUKRMUP,code,L,70002587,CP,2006-01-07T04:25,2006-01-07T06:35,CFR,48190158
YPUKRMUP,code,L,70002588,CP,2006-01-07T07:40,2006-01-07T09:40,LYS,48190158
WJBTLQIL,code,L,70002587,FO,2006-01-07T04:25,2006-01-07T06:35,CFR,48190158
WJBTLQIL,code,L,70002588,FO,2006-01-07T07:40,2006-01-07T09:40,LYS,48190158
XTIFXZVP,code,L,70002587,CS,2006-01-07T04:25,2006-01-07T06:35,CFR,48190158
XTIFXZVP,code,L,70002588,CS,2006-01-07T07:40,2006-01-07T09:40,LYS,48190158
NWWBRGLM,code,L,70002587,ST,2006-01-07T04:25,2006-01-07T06:35,CFR,48190158
NWWBRGLM,code,L,70002588,ST,2006-01-07T07:40,2006-01-07T09:40,LYS,48190158
EKYASVJS,code,L,70002587,ST,2006-01-07T04:25,2006-01-07T06:35,CFR,48190158
EKYASVJS,code,L,70002588,ST,2006-01-07T07:40,2006-01-07T09:40,LYS,48190158
MPNBMATH,code,L,70004636,CP,2006-01-07T04:25,2006-01-07T06:55,PUF,2138614433
MPNBMATH,code,L,70004639,CP,2006-01-07T07:30,2006-01-07T09:45,CDG,2138614433
MQMGAIUO,code,L,70004636,FO,2006-01-07T04:25,2006-01-07T06:55,PUF,2138614433
MQMGAIUO,code,L,70004639,FO,2006-01-07T07:30,2006-01-07T09:45,CDG,2138614433
WDXYRYVU,code,L,70004636,CS,2006-01-07T04:25,2006-01-07T06:55,PUF,2138614433
WDXYRYVU,code,L,70004639,CS,2006-01-07T07:30,2006-01-07T09:45,CDG,2138614433
PPKXPKGO,code,L,70004636,ST,2006-01-07T04:25,2006-01-07T06:55,PUF,2138614433
PPKXPKGO,code,L,70004639,ST,2006-01-07T07:30,2006-01-07T09:45,CDG,2138614433
BUVTNKOB,code,L,70004636,ST,2006-01-07T04:25,2006-01-07T06:55,PUF,2138614433
BUVTNKOB,code,L,70004639,ST,2006-01-07T07:30,2006-01-07T09:45,CDG,2138614433
CIKLNUOI,code,L,70002583,CP,2006-01-07T04:25,2006-01-07T06:25,RNS,1816610767
CIKLNUOI,code,L,70004543,CP,2006-01-07T10:25,2006-01-07T11:50,CDG,1816610767
CIKLNUOI,code,L,70004546,CP,2006-01-07T12:40,2006-01-07T14:10,MPL,1816610767
CIKLNUOI,code,L,70002586,CP,2006-01-07T19:00,2006-01-07T20:40,CDG,1816610767
WYNXMZGQ,code,L,70002583,FO,2006-01-07T04:25,2006-01-07T06:25,RNS,1816610767
WYNXMZGQ,code,L,70004543,FO,2006-01-07T10:25,2006-01-07T11:50,CDG,1816610767
WYNXMZGQ,code,L,70004546,FO,2006-01-07T12:40,2006-01-07T14:10,MPL,1816610767
WYNXMZGQ,code,L,70002586,FO,2006-01-07T19:00,2006-01-07T20:40,CDG,1816610767
MBSVNOBZ,code,L,70002583,CS,2006-01-07T04:25,2006-01-07T06:25,RNS,1816610767
MBSVNOBZ,code,L,70004543,CS,2006-01-07T10:25,2006-01-07T11:50,CDG,1816610767
MBSVNOBZ,code,L,70004546,CS,2006-01-07T12:40,2006-01-07T14:10,MPL,1816610767
MBSVNOBZ,code,L,70002586,CS,2006-01-07T19:00,2006-01-07T20:40,CDG,1816610767
LBOOICZD,code,L,70002583,ST,2006-01-07T04:25,2006-01-07T06:25,RNS,1816610767
LBOOICZD,code,L,70004543,ST,2006-01-07T10:25,2006-01-07T11:50,CDG,1816610767
LBOOICZD,code,L,70004546,ST,2006-01-07T12:40,2006-01-07T14:10,MPL,1816610767
LBOOICZD,code,L,70002586,ST,2006-01-07T19:00,2006-01-07T20:40,CDG,1816610767
WJRKCVSL,code,L,70002583,ST,2006-01-07T04:25,2006-01-07T06:25,RNS,1816610767
WJRKCVSL,code,L,70004543,ST,2006-01-07T10:25,2006-01-07T11:50,CDG,1816610767
WJRKCVSL,code,L,70004546,ST,2006-01-07T12:40,2006-01-07T14:10,MPL,1816610767
WJRKCVSL,code,L,70002586,ST,2006-01-07T19:00,2006-01-07T20:40,CDG,1816610767
FQMUQJEJ,code,L,70004194,CP,2006-01-07T04:30,2006-01-07T06:40,MLH,1709706839
FQMUQJEJ,code,L,70004195,CP,2006-01-07T08:15,2006-01-07T10:00,ORY,1709706839
OKLQEGFK,code,L,70004194,FO,2006-01-07T04:30,2006-01-07T06:40,MLH,1709706839
OKLQEGFK,code,L,70004195,FO,2006-01-07T08:15,2006-01-07T10:00,ORY,1709706839
VCOBUYCY,code,L,70004194,CS,2006-01-07T04:30,2006-01-07T06:40,MLH,1709706839
VCOBUYCY,code,L,70004195,CS,2006-01-07T08:15,2006-01-07T10:00,ORY,1709706839
QNSUTVIM,code,L,70004194,CS,2006-01-07T04:30,2006-01-07T06:40,MLH,1709706839
QNSUTVIM,code,L,70004195,CS,2006-01-07T08:15,2006-01-07T10:00,ORY,1709706839
VAYIXGPL,code,L,70004194,ST,2006-01-07T04:30,2006-01-07T06:40,MLH,1709706839
VAYIXGPL,code,L,70004195,ST,2006-01-07T08:15,2006-01-07T10:00,ORY,1709706839
DZYGEQQS,code,L,70004194,ST,2006-01-07T04:30,2006-01-07T06:40,MLH,1709706839
DZYGEQQS,code,L,70004195,ST,2006-01-07T08:15,2006-01-07T10:00,ORY,1709706839
UDJZOEJI,code,L,70004194,ST,2006-01-07T04:30,2006-01-07T06:40,MLH,1709706839
UDJZOEJI,code,L,70004195,ST,2006-01-07T08:15,2006-01-07T10:00,ORY,1709706839
ROACSNXS,code,L,70004194,ST,2006-01-07T04:30,2006-01-07T06:40,MLH,1709706839
ROACSNXS,code,L,70004195,ST,2006-01-07T08:15,2006-01-07T10:00,ORY,1709706839
HPWIDXLW,code,L,70002866,CP,2006-01-07T04:30,2006-01-07T06:50,MRS,830807798
HPWIDXLW,code,L,70002873,CP,2006-01-07T07:35,2006-01-07T09:35,ORY,830807798
QZZYXIHP,code,L,70002866,FO,2006-01-07T04:30,2006-01-07T06:50,MRS,830807798
QZZYXIHP,code,L,70002873,FO,2006-01-07T07:35,2006-01-07T09:35,ORY,830807798
UIJQNPEV,code,L,70002866,CS,2006-01-07T04:30,2006-01-07T06:50,MRS,830807798
UIJQNPEV,code,L,70002873,CS,2006-01-07T07:35,2006-01-07T09:35,ORY,830807798
WHIGPXAW,code,L,70002866,CS,2006-01-07T04:30,2006-01-07T06:50,MRS,830807798
WHIGPXAW,code,L,70002873,CS,2006-01-07T07:35,2006-01-07T09:35,ORY,830807798
PESADUJH,code,L,70002866,ST,2006-01-07T04:30,2006-01-07T06:50,MRS,830807798
PESADUJH,code,L,70002873,ST,2006-01-07T07:35,2006-01-07T09:35,ORY,830807798
XJUOBGIU,code,L,70002866,ST,2006-01-07T04:30,2006-01-07T06:50,MRS,830807798
XJUOBGIU,code,L,70002873,ST,2006-01-07T07:35,2006-01-07T09:35,ORY,830807798
AATUFIQF,code,L,70002866,ST,2006-01-07T04:30,2006-01-07T06:50,MRS,830807798
AATUFIQF,code,L,70002873,ST,2006-01-07T07:35,2006-01-07T09:35,ORY,830807798
PZPWVEAN,code,L,70002866,ST,2006-01-07T04:30,2006-01-07T06:50,MRS,830807798
PZPWVEAN,code,L,70002873,ST,2006-01-07T07:35,2006-01-07T09:35,ORY,830807798
RDQEZYXH,code,L,70002573,CP,2006-01-07T04:30,2006-01-07T06:35,LIG,791771284
RDQEZYXH,code,L,70002574,CP,2006-01-07T08:00,2006-01-07T09:00,ORY,791771284
RDQEZYXH,code,L,70002581,CP,2006-01-07T10:05,2006-01-07T11:20,LIG,791771284
RDQEZYXH,code,L,70002582,CP,2006-01-07T12:30,2006-01-07T14:30,CDG,791771284
CBFZABUU,code,L,70002573,FO,2006-01-07T04:30,2006-01-07T06:35,LIG,791771284
CBFZABUU,code,L,70002574,FO,2006-01-07T08:00,2006-01-07T09:00,ORY,791771284
CBFZABUU,code,L,70002581,FO,2006-01-07T10:05,2006-01-07T11:20,LIG,791771284
CBFZABUU,code,L,70002582,FO,2006-01-07T12:30,2006-01-07T14:30,CDG,791771284
QUELNVUI,code,L,70002573,CSD,2006-01-07T04:30,2006-01-07T06:35,LIG,791771284
QUELNVUI,code,L,70002574,CSD,2006-01-07T08:00,2006-01-07T09:00,ORY,791771284
QUELNVUI,code,L,70002581,CSD,2006-01-07T10:05,2006-01-07T11:20,LIG,791771284
QUELNVUI,code,L,70002582,CSD,2006-01-07T12:30,2006-01-07T14:30,CDG,791771284
ASHSHGFY,code,L,70002573,ST,2006-01-07T04:30,2006-01-07T06:35,LIG,791771284
ASHSHGFY,code,L,70002574,ST,2006-01-07T08:00,2006-01-07T09:00,ORY,791771284
ASHSHGFY,code,L,70002581,ST,2006-01-07T10:05,2006-01-07T11:20,LIG,791771284
ASHSHGFY,code,L,70002582,ST,2006-01-07T12:30,2006-01-07T14:30,CDG,791771284
IENVGLGR,code,L,70002573,ST,2006-01-07T04:30,2006-01-07T06:35,LIG,791771284
IENVGLGR,code,L,70002574,ST,2006-01-07T08:00,2006-01-07T09:00,ORY,791771284
IENVGLGR,code,L,70002581,ST,2006-01-07T10:05,2006-01-07T11:20,LIG,791771284
IENVGLGR,code,L,70002582,ST,2006-01-07T12:30,2006-01-07T14:30,CDG,791771284
XCZNLAMA,code,L,70002613,CP,2006-01-07T04:30,2006-01-07T06:45,RNS,2113437503
XCZNLAMA,code,L,70002614,CP,2006-01-07T07:45,2006-01-07T09:50,LYS,2113437503
ANYTGHQO,code,L,70002613,FO,2006-01-07T04:30,2006-01-07T06:45,RNS,2113437503
ANYTGHQO,code,L,70002614,FO,2006-01-07T07:45,2006-01-07T09:50,LYS,2113437503
VJQKXCYS,code,L,70002613,CSD,2006-01-07T04:30,2006-01-07T06:45,RNS,2113437503
VJQKXCYS,code,L,70002614,CSD,2006-01-07T07:45,2006-01-07T09:50,LYS,2113437503
OSZJZCDB,code,L,70002613,ST,2006-01-07T04:30,2006-01-07T06:45,RNS,2113437503
OSZJZCDB,code,L,70002614,ST,2006-01-07T07:45,2006-01-07T09:50,LYS,2113437503
AOEOYSFX,code,L,70002613,ST,2006-01-07T04:30,2006-01-07T06:45,RNS,2113437503
AOEOYSFX,code,L,70002614,ST,2006-01-07T07:45,2006-01-07T09:50,LYS,2113437503
WQOUHZIS,code,L,70004334,CP,2006-01-07T04:30,2006-01-07T06:45,AVN,1162073078
WQOUHZIS,code,L,70004333,CP,2006-01-07T08:15,2006-01-07T09:30,ORY,1162073078
WQOUHZIS,code,L,70004336,CP,2006-01-07T10:05,2006-01-07T11:20,AVN,1162073078
WQOUHZIS,code,L,70004337,CP,2006-01-07T12:20,2006-01-07T14:20,ORY,1162073078
JRYCSFIA,code,L,70004334,FO,2006-01-07T04:30,2006-01-07T06:45,AVN,1162073078
JRYCSFIA,code,L,70004333,FO,2006-01-07T08:15,2006-01-07T09:30,ORY,1162073078
JRYCSFIA,code,L,70004336,FO,2006-01-07T10:05,2006-01-07T11:20,AVN,1162073078
JRYCSFIA,code,L,70004337,FO,2006-01-07T12:20,2006-01-07T14:20,ORY,1162073078
DGRVGAUL,code,L,70004334,CS,2006-01-07T04:30,2006-01-07T06:45,AVN,1162073078
DGRVGAUL,code,L,70004333,CS,2006-01-07T08:15,2006-01-07T09:30,ORY,1162073078
DGRVGAUL,code,L,70004336,CS,2006-01-07T10:05,2006-01-07T11:20,AVN,1162073078
DGRVGAUL,code,L,70004337,CS,2006-01-07T12:20,2006-01-07T14:20,ORY,1162073078
XHTGSVBI,code,L,70004334,ST,2006-01-07T04:30,2006-01-07T06:45,AVN,1162073078
XHTGSVBI,code,L,70004333,ST,2006-01-07T08:15,2006-01-07T09:30,ORY,1162073078
XHTGSVBI,code,L,70004336,ST,2006-01-07T10:05,2006-01-07T11:20,AVN,1162073078
XHTGSVBI,code,L,70004337,ST,2006-01-07T12:20,2006-01-07T14:20,ORY,1162073078
CILYGXIT,code,L,70004334,ST,2006-01-07T04:30,2006-01-07T06:45,AVN,1162073078
CILYGXIT,code,L,70004333,ST,2006-01-07T08:15,2006-01-07T09:30,ORY,1162073078
CILYGXIT,code,L,70004336,ST,2006-01-07T10:05,2006-01-07T11:20,AVN,1162073078
CILYGXIT,code,L,70004337,ST,2006-01-07T12:20,2006-01-07T14:20,ORY,1162073078
HOTPWGJK,code,L,70002593,CP,2006-01-07T04:35,2006-01-07T06:35,LIG,1379662799
HOTPWGJK,code,L,70004504,CP,2006-01-07T10:00,2006-01-07T11:10,LYS,1379662799
HOTPWGJK,code,L,70004507,CP,2006-01-07T12:15,2006-01-07T13:25,CDG,1379662799
HOTPWGJK,code,L,70004508,CP,2006-01-07T16:00,2006-01-07T17:10,LYS,1379662799
HOTPWGJK,code,L,70004511,CP,2006-01-07T17:55,2006-01-07T19:05,CDG,1379662799
HOTPWGJK,code,L,70004512,CP,2006-01-07T19:55,2006-01-07T21:40,LYS,1379662799
GJOLRKTX,code,L,70002593,FO,2006-01-07T04:35,2006-01-07T06:35,LIG,1379662799
GJOLRKTX,code,L,70004504,FO,2006-01-07T10:00,2006-01-07T11:10,LYS,1379662799
GJOLRKTX,code,L,70004507,FO,2006-01-07T12:15,2006-01-07T13:25,CDG,1379662799
GJOLRKTX,code,L,70004508,FO,2006-01-07T16:00,2006-01-07T17:10,LYS,1379662799
GJOLRKTX,code,L,70004511,FO,2006-01-07T17:55,2006-01-07T19:05,CDG,1379662799
GJOLRKTX,code,L,70004512,FO,2006-01-07T19:55,2006-01-07T21:40,LYS,1379662799
GUGLQQJN,code,L,70002593,CS,2006-01-07T04:35,2006-01-07T06:35,LIG,1379662799
GUGLQQJN,code,L,70004504,CS,2006-01-07T10:00,2006-01-07T11:10,LYS,1379662799
GUGLQQJN,code,L,70004507,CS,2006-01-07T12:15,2006-01-07T13:25,CDG,1379662799
GUGLQQJN,code,L,70004508,CS,2006-01-07T16:00,2006-01-07T17:10,LYS,1379662799
GUGLQQJN,code,L,70004511,CS,2006-01-07T17:55,2006-01-07T19:05,CDG,1379662799
GUGLQQJN,code,L,70004512,CS,2006-01-07T19:55,2006-01-07T21:40,LYS,1379662799
MBEKLKTP,code,L,70002593,CS,2006-01-07T04:35,2006-01-07T06:35,LIG,1379662799
MBEKLKTP,code,L,70004504,CS,2006-01-07T10:00,2006-01-07T11:10,LYS,1379662799
MBEKLKTP,code,L,70004507,CS,2006-01-07T12:15,2006-01-07T13:25,CDG,1379662799
MBEKLKTP,code,L,70004508,CS,2006-01-07T16:00,2006-01-07T17:10,LYS,1379662799
MBEKLKTP,code,L,70004511,CS,2006-01-07T17:55,2006-01-07T19:05,CDG,1379662799
MBEKLKTP,code,L,70004512,CS,2006-01-07T19:55,2006-01-07T21:40,LYS,1379662799
DEOIFCQU,code,L,70002593,ST,2006-01-07T04:35,2006-01-07T06:35,LIG,1379662799
DEOIFCQU,code,L,70004504,ST,2006-01-07T10:00,2006-01-07T11:10,LYS,1379662799
DEOIFCQU,code,L,70004507,ST,2006-01-07T12:15,2006-01-07T13:25,CDG,1379662799
DEOIFCQU,code,L,70004508,ST,2006-01-07T16:00,2006-01-07T17:10,LYS,1379662799
DEOIFCQU,code,L,70004511,ST,2006-01-07T17:55,2006-01-07T19:05,CDG,1379662799
DEOIFCQU,code,L,70004512,ST,2006-01-07T19:55,2006-01-07T21:40,LYS,1379662799
RCNBGMFB,code,L,70002593,ST,2006-01-07T04:35,2006-01-07T06:35,LIG,1379662799
RCNBGMFB,code,L,70004504,ST,2006-01-07T10:00,2006-01-07T11:10,LYS,1379662799
RCNBGMFB,code,L,70004507,ST,2006-01-07T12:15,2006-01-07T13:25,CDG,1379662799
RCNBGMFB,code,L,70004508,ST,2006-01-07T16:00,2006-01-07T17:10,LYS,1379662799
RCNBGMFB,code,L,70004511,ST,2006-01-07T17:55,2006-01-07T19:05,CDG,1379662799
RCNBGMFB,code,L,70004512,ST,2006-01-07T19:55,2006-01-07T21:40,LYS,1379662799
VVCBWXPL,code,L,70002593,ST,2006-01-07T04:35,2006-01-07T06:35,LIG,1379662799
VVCBWXPL,code,L,70004504,ST,2006-01-07T10:00,2006-01-07T11:10,LYS,1379662799
VVCBWXPL,code,L,70004507,ST,2006-01-07T12:15,2006-01-07T13:25,CDG,1379662799
VVCBWXPL,code,L,70004508,ST,2006-01-07T16:00,2006-01-07T17:10,LYS,1379662799
VVCBWXPL,code,L,70004511,ST,2006-01-07T17:55,2006-01-07T19:05,CDG,1379662799
VVCBWXPL,code,L,70004512,ST,2006-01-07T19:55,2006-01-07T21:40,LYS,1379662799
ZTMMQUPJ,code,L,70002593,ST,2006-01-07T04:35,2006-01-07T06:35,LIG,1379662799
ZTMMQUPJ,code,L,70004504,ST,2006-01-07T10:00,2006-01-07T11:10,LYS,1379662799
ZTMMQUPJ,code,L,70004507,ST,2006-01-07T12:15,2006-01-07T13:25,CDG,1379662799
ZTMMQUPJ,code,L,70004508,ST,2006-01-07T16:00,2006-01-07T17:10,LYS,1379662799
ZTMMQUPJ,code,L,70004511,ST,2006-01-07T17:55,2006-01-07T19:05,CDG,1379662799
ZTMMQUPJ,code,L,70004512,ST,2006-01-07T19:55,2006-01-07T21:40,LYS,1379662799
VCZBINMA,code,L,70004684,CP,2006-01-07T04:35,2006-01-07T06:35,MRS,1104652174
VCZBINMA,code,L,70004685,CP,2006-01-07T07:30,2006-01-07T09:15,LYS,1104652174
LKOJIDPC,code,L,70004684,FO,2006-01-07T04:35,2006-01-07T06:35,MRS,1104652174
LKOJIDPC,code,L,70004685,FO,2006-01-07T07:30,2006-01-07T09:15,LYS,1104652174
CERKCLTA,code,L,70004684,CS,2006-01-07T04:35,2006-01-07T06:35,MRS,1104652174
CERKCLTA,code,L,70004685,CS,2006-01-07T07:30,2006-01-07T09:15,LYS,1104652174
MNMQDVTK,code,L,70004684,CS,2006-01-07T04:35,2006-01-07T06:35,MRS,1104652174
MNMQDVTK,code,L,70004685,CS,2006-01-07T07:30,2006-01-07T09:15,LYS,1104652174
DUJLEKRE,code,L,70004684,ST,2006-01-07T04:35,2006-01-07T06:35,MRS,1104652174
DUJLEKRE,code,L,70004685,ST,2006-01-07T07:30,2006-01-07T09:15,LYS,1104652174
DSAMAQSP,code,L,70004684,ST,2006-01-07T04:35,2006-01-07T06:35,MRS,1104652174
DSAMAQSP,code,L,70004685,ST,2006-01-07T07:30,2006-01-07T09:15,LYS,1104652174
TSYTNBPI,code,L,70004684,ST,2006-01-07T04:35,2006-01-07T06:35,MRS,1104652174
TSYTNBPI,code,L,70004685,ST,2006-01-07T07:30,2006-01-07T09:15,LYS,1104652174
ZBHSWBXF,code,L,70004684,ST,2006-01-07T04:35,2006-01-07T06:35,MRS,1104652174
ZBHSWBXF,code,L,70004685,ST,2006-01-07T07:30,2006-01-07T09:15,LYS,1104652174
QAPEPEFL,code,L,70004224,CP,2006-01-07T04:35,2006-01-07T06:50,BES,932725007
QAPEPEFL,code,L,70004225,CP,2006-01-07T08:10,2006-01-07T10:05,ORY,932725007
WEBCMSOR,code,L,70004224,FO,2006-01-07T04:35,2006-01-07T06:50,BES,932725007
WEBCMSOR,code,L,70004225,FO,2006-01-07T08:10,2006-01-07T10:05,ORY,932725007
URSKHVNG,code,L,70004224,CS,2006-01-07T04:35,2006-01-07T06:50,BES,932725007
URSKHVNG,code,L,70004225,CS,2006-01-07T08:10,2006-01-07T10:05,ORY,932725007
JAUFUYLF,code,L,70004224,CS,2006-01-07T04:35,2006-01-07T06:50,BES,932725007
JAUFUYLF,code,L,70004225,CS,2006-01-07T08:10,2006-01-07T10:05,ORY,932725007
YOPQLEPR,code,L,70004224,ST,2006-01-07T04:35,2006-01-07T06:50,BES,932725007
YOPQLEPR,code,L,70004225,ST,2006-01-07T08:10,2006-01-07T10:05,ORY,932725007
INEILGEJ,code,L,70004224,ST,2006-01-07T04:35,2006-01-07T06:50,BES,932725007
INEILGEJ,code,L,70004225,ST,2006-01-07T08:10,2006-01-07T10:05,ORY,932725007
UWLRNXTQ,code,L,70004224,ST,2006-01-07T04:35,2006-01-07T06:50,BES,932725007
UWLRNXTQ,code,L,70004225,ST,2006-01-07T08:10,2006-01-07T10:05,ORY,932725007
UCQYNGYL,code,L,70004224,ST,2006-01-07T04:35,2006-01-07T06:50,BES,932725007
UCQYNGYL,code,L,70004225,ST,2006-01-07T08:10,2006-01-07T10:05,ORY,932725007
EBPRFBVG,code,L,70004584,CP,2006-01-07T04:35,2006-01-07T06:40,NTE,1485403625
EBPRFBVG,code,L,70004583,CP,2006-01-07T08:05,2006-01-07T09:55,CDG,1485403625
BHXSTMMV,code,L,70004584,FO,2006-01-07T04:35,2006-01-07T06:40,NTE,1485403625
BHXSTMMV,code,L,70004583,FO,2006-01-07T08:05,2006-01-07T09:55,CDG,1485403625
ZLCFTQZG,code,L,70004584,CS,2006-01-07T04:35,2006-01-07T06:40,NTE,1485403625
ZLCFTQZG,code,L,70004583,CS,2006-01-07T08:05,2006-01-07T09:55,CDG,1485403625
WPUOVDKY,code,L,70004584,CS,2006-01-07T04:35,2006-01-07T06:40,NTE,1485403625
WPUOVDKY,code,L,70004583,CS,2006-01-07T08:05,2006-01-07T09:55,CDG,1485403625
KVQKZRYF,code,L,70004584,ST,2006-01-07T04:35,2006-01-07T06:40,NTE,1485403625
KVQKZRYF,code,L,70004583,ST,2006-01-07T08:05,2006-01-07T09:55,CDG,1485403625
YXAWQYEK,code,L,70004584,ST,2006-01-07T04:35,2006-01-07T06:40,NTE,1485403625
YXAWQYEK,code,L,70004583,ST,2006-01-07T08:05,2006-01-07T09:55,CDG,1485403625
INNSOPUS,code,L,70004584,ST,2006-01-07T04:35,2006-01-07T06:40,NTE,1485403625
INNSOPUS,code,L,70004583,ST,2006-01-07T08:05,2006-01-07T09:55,CDG,1485403625
VNOUGTGD,code,L,70004584,ST,2006-01-07T04:35,2006-01-07T06:40,NTE,1485403625
VNOUGTGD,code,L,70004583,ST,2006-01-07T08:05,2006-01-07T09:55,CDG,1485403625
MKAROCHD,code,L,70004522,CP,2006-01-07T04:35,2006-01-07T06:40,CFE,346378500
MKAROCHD,code,L,70004517,CP,2006-01-07T07:15,2006-01-07T09:00,CDG,346378500
QZRYOOSU,code,L,70004522,FO,2006-01-07T04:35,2006-01-07T06:40,CFE,346378500
QZRYOOSU,code,L,70004517,FO,2006-01-07T07:15,2006-01-07T09:00,CDG,346378500
XZTRNKEQ,code,L,70004522,CS,2006-01-07T04:35,2006-01-07T06:40,CFE,346378500
XZTRNKEQ,code,L,70004517,CS,2006-01-07T07:15,2006-01-07T09:00,CDG,346378500
DCNOYXBA,code,L,70004522,ST,2006-01-07T04:35,2006-01-07T06:40,CFE,346378500
DCNOYXBA,code,L,70004517,ST,2006-01-07T07:15,2006-01-07T09:00,CDG,346378500
GFQBHBDQ,code,L,70004522,ST,2006-01-07T04:35,2006-01-07T06:40,CFE,346378500
GFQBHBDQ,code,L,70004517,ST,2006-01-07T07:15,2006-01-07T09:00,CDG,346378500
ZIQRWICR,code,L,70004296,CP,2006-01-07T04:40,2006-01-07T06:35,CFE,534011718
ZIQRWICR,code,L,70004295,CP,2006-01-07T08:10,2006-01-07T09:50,ORY,534011718
RSNHJFCT,code,L,70004296,FO,2006-01-07T04:40,2006-01-07T06:35,CFE,534011718
RSNHJFCT,code,L,70004295,FO,2006-01-07T08:10,2006-01-07T09:50,ORY,534011718
YGGNERNO,code,L,70004296,CS,2006-01-07T04:40,2006-01-07T06:35,CFE,534011718
YGGNERNO,code,L,70004295,CS,2006-01-07T08:10,2006-01-07T09:50,ORY,534011718
RYZAYPGC,code,L,70004296,CS,2006-01-07T04:40,2006-01-07T06:35,CFE,534011718
RYZAYPGC,code,L,70004295,CS,2006-01-07T08:10,2006-01-07T09:50,ORY,534011718
LTVXCGWK,code,L,70004296,ST,2006-01-07T04:40,2006-01-07T06:35,CFE,534011718
LTVXCGWK,code,L,70004295,ST,2006-01-07T08:10,2006-01-07T09:50,ORY,534011718
RVVNLOIZ,code,L,70004296,ST,2006-01-07T04:40,2006-01-07T06:35,CFE,534011718
RVVNLOIZ,code,L,70004295,ST,2006-01-07T08:10,2006-01-07T09:50,ORY,534011718
NMYHFELW,code,L,70004296,ST,2006-01-07T04:40,2006-01-07T06:35,CFE,534011718
NMYHFELW,code,L,70004295,ST,2006-01-07T08:10,2006-01-07T09:50,ORY,534011718
JCDYEDXB,code,L,70004296,ST,2006-01-07T04:40,2006-01-07T06:35,CFE,534011718
JCDYEDXB,code,L,70004295,ST,2006-01-07T08:10,2006-01-07T09:50,ORY,534011718
EPBSMYLS,code,L,70004314,CP,2006-01-07T04:40,2006-01-07T07:00,PUF,1406361028
EPBSMYLS,code,L,70004315,CP,2006-01-07T08:00,2006-01-07T10:00,ORY,1406361028
LWMJCBYW,code,L,70004314,FO,2006-01-07T04:40,2006-01-07T07:00,PUF,1406361028
LWMJCBYW,code,L,70004315,FO,2006-01-07T08:00,2006-01-07T10:00,ORY,1406361028
DLSVTRER,code,L,70004314,CS,2006-01-07T04:40,2006-01-07T07:00,PUF,1406361028
DLSVTRER,code,L,70004315,CS,2006-01-07T08:00,2006-01-07T10:00,ORY,1406361028
JDJNYHDP,code,L,70004314,CS,2006-01-07T04:40,2006-01-07T07:00,PUF,1406361028
JDJNYHDP,code,L,70004315,CS,2006-01-07T08:00,2006-01-07T10:00,ORY,1406361028
ULVVCRYQ,code,L,70004314,ST,2006-01-07T04:40,2006-01-07T07:00,PUF,1406361028
ULVVCRYQ,code,L,70004315,ST,2006-01-07T08:00,2006-01-07T10:00,ORY,1406361028
DMXOBIPJ,code,L,70004314,ST,2006-01-07T04:40,2006-01-07T07:00,PUF,1406361028
DMXOBIPJ,code,L,70004315,ST,2006-01-07T08:00,2006-01-07T10:00,ORY,1406361028
WVGGTZXZ,code,L,70004314,ST,2006-01-07T04:40,2006-01-07T07:00,PUF,1406361028
WVGGTZXZ,code,L,70004315,ST,2006-01-07T08:00,2006-01-07T10:00,ORY,1406361028
SRXBEBKB,code,L,70004314,ST,2006-01-07T04:40,2006-01-07T07:00,PUF,1406361028
SRXBEBKB,code,L,70004315,ST,2006-01-07T08:00,2006-01-07T10:00,ORY,1406361028
WRGSVQNB,code,L,70004404,CP,2006-01-07T04:40,2006-01-07T07:05,MPL,1321446349
WRGSVQNB,code,L,70004405,CP,2006-01-07T07:45,2006-01-07T09:45,ORY,1321446349
NMKJUZEQ,code,L,70004404,FO,2006-01-07T04:40,2006-01-07T07:05,MPL,1321446349
NMKJUZEQ,code,L,70004405,FO,2006-01-07T07:45,2006-01-07T09:45,ORY,1321446349
IZBDUPUN,code,L,70004404,CS,2006-01-07T04:40,2006-01-07T07:05,MPL,1321446349
IZBDUPUN,code,L,70004405,CS,2006-01-07T07:45,2006-01-07T09:45,ORY,1321446349
VDLBYYTD,code,L,70004404,CS,2006-01-07T04:40,2006-01-07T07:05,MPL,1321446349
VDLBYYTD,code,L,70004405,CS,2006-01-07T07:45,2006-01-07T09:45,ORY,1321446349
NIAFPPLQ,code,L,70004404,ST,2006-01-07T04:40,2006-01-07T07:05,MPL,1321446349
NIAFPPLQ,code,L,70004405,ST,2006-01-07T07:45,2006-01-07T09:45,ORY,1321446349
YYYCQPJU,code,L,70004404,ST,2006-01-07T04:40,2006-01-07T07:05,MPL,1321446349
YYYCQPJU,code,L,70004405,ST,2006-01-07T07:45,2006-01-07T09:45,ORY,1321446349
BCYYSOVS,code,L,70004404,ST,2006-01-07T04:40,2006-01-07T07:05,MPL,1321446349
BCYYSOVS,code,L,70004405,ST,2006-01-07T07:45,2006-01-07T09:45,ORY,1321446349
FMVZZSVZ,code,L,70004404,ST,2006-01-07T04:40,2006-01-07T07:05,MPL,1321446349
FMVZZSVZ,code,L,70004405,ST,2006-01-07T07:45,2006-01-07T09:45,ORY,1321446349
OYOIOJFA,code,L,70002966,CP,2006-01-07T04:40,2006-01-07T07:00,TLS,333461483
OYOIOJFA,code,L,70002973,CP,2006-01-07T07:50,2006-01-07T09:45,ORY,333461483
AMZCHZIR,code,L,70002966,FO,2006-01-07T04:40,2006-01-07T07:00,TLS,333461483
AMZCHZIR,code,L,70002973,FO,2006-01-07T07:50,2006-01-07T09:45,ORY,333461483
DCNUOQEF,code,L,70002966,CS,2006-01-07T04:40,2006-01-07T07:00,TLS,333461483
DCNUOQEF,code,L,70002973,CS,2006-01-07T07:50,2006-01-07T09:45,ORY,333461483
DJGZOWME,code,L,70002966,CS,2006-01-07T04:40,2006-01-07T07:00,TLS,333461483
DJGZOWME,code,L,70002973,CS,2006-01-07T07:50,2006-01-07T09:45,ORY,333461483
ZFQKQHFG,code,L,70002966,ST,2006-01-07T04:40,2006-01-07T07:00,TLS,333461483
ZFQKQHFG,code,L,70002973,ST,2006-01-07T07:50,2006-01-07T09:45,ORY,333461483
OHJFZQOJ,code,L,70002966,ST,2006-01-07T04:40,2006-01-07T07:00,TLS,333461483
OHJFZQOJ,code,L,70002973,ST,2006-01-07T07:50,2006-01-07T09:45,ORY,333461483
EHTUODEG,code,L,70002966,ST,2006-01-07T04:40,2006-01-07T07:00,TLS,333461483
EHTUODEG,code,L,70002973,ST,2006-01-07T07:50,2006-01-07T09:45,ORY,333461483
DYXEVHBB,code,L,70002966,ST,2006-01-07T04:40,2006-01-07T07:00,TLS,333461483
DYXEVHBB,code,L,70002973,ST,2006-01-07T07:50,2006-01-07T09:45,ORY,333461483
BCYXVMZJ,code,L,70004576,CP,2006-01-07T04:40,2006-01-07T07:15,NCE,1008338748
BCYXVMZJ,code,L,70004551,CP,2006-01-07T08:10,2006-01-07T09:35,CDG,1008338748
BCYXVMZJ,code,L,70004552,CP,2006-01-07T10:30,2006-01-07T12:00,MPL,1008338748
BCYXVMZJ,code,L,70004577,CP,2006-01-07T12:50,2006-01-07T14:10,CDG,1008338748
QCPVINRW,code,L,70004576,FO,2006-01-07T04:40,2006-01-07T07:15,NCE,1008338748
QCPVINRW,code,L,70004551,FO,2006-01-07T08:10,2006-01-07T09:35,CDG,1008338748
QCPVINRW,code,L,70004552,FO,2006-01-07T10:30,2006-01-07T12:00,MPL,1008338748
QCPVINRW,code,L,70004577,FO,2006-01-07T12:50,2006-01-07T14:10,CDG,1008338748
NHZJODCT,code,L,70004576,CS,2006-01-07T04:40,2006-01-07T07:15,NCE,1008338748
NHZJODCT,code,L,70004551,CS,2006-01-07T08:10,2006-01-07T09:35,CDG,1008338748
NHZJODCT,code,L,70004552,CS,2006-01-07T10:30,2006-01-07T12:00,MPL,1008338748
NHZJODCT,code,L,70004577,CS,2006-01-07T12:50,2006-01-07T14:10,CDG,1008338748
SVKVLZKB,code,L,70004576,CS,2006-01-07T04:40,2006-01-07T07:15,NCE,1008338748
SVKVLZKB,code,L,70004551,CS,2006-01-07T08:10,2006-01-07T09:35,CDG,1008338748
SVKVLZKB,code,L,70004552,CS,2006-01-07T10:30,2006-01-07T12:00,MPL,1008338748
SVKVLZKB,code,L,70004577,CS,2006-01-07T12:50,2006-01-07T14:10,CDG,1008338748
KDRVUZLT,code,L,70004576,ST,2006-01-07T04:40,2006-01-07T07:15,NCE,1008338748
KDRVUZLT,code,L,70004551,ST,2006-01-07T08:10,2006-01-07T09:35,CDG,1008338748
KDRVUZLT,code,L,70004552,ST,2006-01-07T10:30,2006-01-07T12:00,MPL,1008338748
KDRVUZLT,code,L,70004577,ST,2006-01-07T12:50,2006-01-07T14:10,CDG,1008338748
ODVESLQL,code,L,70004576,ST,2006-01-07T04:40,2006-01-07T07:15,NCE,1008338748
ODVESLQL,code,L,70004551,ST,2006-01-07T08:10,2006-01-07T09:35,CDG,1008338748
ODVESLQL,code,L,70004552,ST,2006-01-07T10:30,2006-01-07T12:00,MPL,1008338748
ODVESLQL,code,L,70004577,ST,2006-01-07T12:50,2006-01-07T14:10,CDG,1008338748
QHDVEXLL,code,L,70004576,ST,2006-01-07T04:40,2006-01-07T07:15,NCE,1008338748
QHDVEXLL,code,L,70004551,ST,2006-01-07T08:10,2006-01-07T09:35,CDG,1008338748
QHDVEXLL,code,L,70004552,ST,2006-01-07T10:30,2006-01-07T12:00,MPL,1008338748
QHDVEXLL,code,L,70004577,ST,2006-01-07T12:50,2006-01-07T14:10,CDG,1008338748
TBVTPFCM,code,L,70004576,ST,2006-01-07T04:40,2006-01-07T07:15,NCE,1008338748
TBVTPFCM,code,L,70004551,ST,2006-01-07T08:10,2006-01-07T09:35,CDG,1008338748
TBVTPFCM,code,L,70004552,ST,2006-01-07T10:30,2006-01-07T12:00,MPL,1008338748
TBVTPFCM,code,L,70004577,ST,2006-01-07T12:50,2006-01-07T14:10,CDG,1008338748
BJBMOSRN,code,L,70002543,CP,2006-01-07T04:40,2006-01-07T06:50,RDZ,262918833
BJBMOSRN,code,L,70002544,CP,2006-01-07T07:25,2006-01-07T09:15,ORY,262918833
DGBUEOHX,code,L,70002543,FO,2006-01-07T04:40,2006-01-07T06:50,RDZ,262918833
DGBUEOHX,code,L,70002544,FO,2006-01-07T07:25,2006-01-07T09:15,ORY,262918833
THUAMATF,code,L,70002543,CSD,2006-01-07T04:40,2006-01-07T06:50,RDZ,262918833
THUAMATF,code,L,70002544,CSD,2006-01-07T07:25,2006-01-07T09:15,ORY,262918833
NALRLMMS,code,L,70002543,ST,2006-01-07T04:40,2006-01-07T06:50,RDZ,262918833
NALRLMMS,code,L,70002544,ST,2006-01-07T07:25,2006-01-07T09:15,ORY,262918833
EHPFKTNC,code,L,70002543,ST,2006-01-07T04:40,2006-01-07T06:50,RDZ,262918833
EHPFKTNC,code,L,70002544,ST,2006-01-07T07:25,2006-01-07T09:15,ORY,262918833
SVPPVAQL,code,L,70004694,CP,2006-01-07T04:40,2006-01-07T06:35,NCE,160225133
SVPPVAQL,code,L,70004693,CP,2006-01-07T07:50,2006-01-07T09:35,LYS,160225133
LQWZQFGY,code,L,70004694,FO,2006-01-07T04:40,2006-01-07T06:35,NCE,160225133
LQWZQFGY,code,L,70004693,FO,2006-01-07T07:50,2006-01-07T09:35,LYS,160225133
ZSPUIDYO,code,L,70004694,CS,2006-01-07T04:40,2006-01-07T06:35,NCE,160225133
ZSPUIDYO,code,L,70004693,CS,2006-01-07T07:50,2006-01-07T09:35,LYS,160225133
JUKKGSZU,code,L,70004694,ST,2006-01-07T04:40,2006-01-07T06:35,NCE,160225133
JUKKGSZU,code,L,70004693,ST,2006-01-07T07:50,2006-01-07T09:35,LYS,160225133
YIKNVCVM,code,L,70004694,ST,2006-01-07T04:40,2006-01-07T06:35,NCE,160225133
YIKNVCVM,code,L,70004693,ST,2006-01-07T07:50,2006-01-07T09:35,LYS,160225133
RENIPCQY,code,L,70004364,CP,2006-01-07T04:45,2006-01-07T07:10,TLN,345545550
RENIPCQY,code,L,70004363,CP,2006-01-07T07:55,2006-01-07T10:00,ORY,345545550
BEANNOXK,code,L,70004364,FO,2006-01-07T04:45,2006-01-07T07:10,TLN,345545550
BEANNOXK,code,L,70004363,FO,2006-01-07T07:55,2006-01-07T10:00,ORY,345545550
CQKIOPKW,code,L,70004364,CS,2006-01-07T04:45,2006-01-07T07:10,TLN,345545550
CQKIOPKW,code,L,70004363,CS,2006-01-07T07:55,2006-01-07T10:00,ORY,345545550
NHIEOHJE,code,L,70004364,CS,2006-01-07T04:45,2006-01-07T07:10,TLN,345545550
NHIEOHJE,code,L,70004363,CS,2006-01-07T07:55,2006-01-07T10:00,ORY,345545550
YTNEQIMB,code,L,70004364,ST,2006-01-07T04:45,2006-01-07T07:10,TLN,345545550
YTNEQIMB,code,L,70004363,ST,2006-01-07T07:55,2006-01-07T10:00,ORY,345545550
QATZJKLB,code,L,70004364,ST,2006-01-07T04:45,2006-01-07T07:10,TLN,345545550
QATZJKLB,code,L,70004363,ST,2006-01-07T07:55,2006-01-07T10:00,ORY,345545550
WSJHAEGX,code,L,70004364,ST,2006-01-07T04:45,2006-01-07T07:10,TLN,345545550
WSJHAEGX,code,L,70004363,ST,2006-01-07T07:55,2006-01-07T10:00,ORY,345545550
IZKYFKJF,code,L,70004364,ST,2006-01-07T04:45,2006-01-07T07:10,TLN,345545550
IZKYFKJF,code,L,70004363,ST,2006-01-07T07:55,2006-01-07T10:00,ORY,345545550
JXJDHAQU,code,L,70004673,CP,2006-01-07T04:45,2006-01-07T07:00,LIL,2130037697
JXJDHAQU,code,L,70004676,CP,2006-01-07T07:40,2006-01-07T09:40,LYS,2130037697
FRGGXDNN,code,L,70004673,FO,2006-01-07T04:45,2006-01-07T07:00,LIL,2130037697
FRGGXDNN,code,L,70004676,FO,2006-01-07T07:40,2006-01-07T09:40,LYS,2130037697
QAVZVGCY,code,L,70004673,CS,2006-01-07T04:45,2006-01-07T07:00,LIL,2130037697
QAVZVGCY,code,L,70004676,CS,2006-01-07T07:40,2006-01-07T09:40,LYS,2130037697
SQHORYQZ,code,L,70004673,CS,2006-01-07T04:45,2006-01-07T07:00,LIL,2130037697
SQHORYQZ,code,L,70004676,CS,2006-01-07T07:40,2006-01-07T09:40,LYS,2130037697
HMKGTOAS,code,L,70004673,ST,2006-01-07T04:45,2006-01-07T07:00,LIL,2130037697
HMKGTOAS,code,L,70004676,ST,2006-01-07T07:40,2006-01-07T09:40,LYS,2130037697
VKUUPTRM,code,L,70004673,ST,2006-01-07T04:45,2006-01-07T07:00,LIL,2130037697
VKUUPTRM,code,L,70004676,ST,2006-01-07T07:40,2006-01-07T09:40,LYS,2130037697
AYERIHOZ,code,L,70004673,ST,2006-01-07T04:45,2006-01-07T07:00,LIL,2130037697
AYERIHOZ,code,L,70004676,ST,2006-01-07T07:40,2006-01-07T09:40,LYS,2130037697
AEJRIQAR,code,L,70004673,ST,2006-01-07T04:45,2006-01-07T07:00,LIL,2130037697
AEJRIQAR,code,L,70004676,ST,2006-01-07T07:40,2006-01-07T09:40,LYS,2130037697
UQPJIMRZ,code,L,70004723,CP,2006-01-07T04:45,2006-01-07T07:00,NTE,263157300
UQPJIMRZ,code,L,70004726,CP,2006-01-07T07:55,2006-01-07T09:55,LYS,263157300
YQPHLQQR,code,L,70004723,FO,2006-01-07T04:45,2006-01-07T07:00,NTE,263157300
YQPHLQQR,code,L,70004726,FO,2006-01-07T07:55,2006-01-07T09:55,LYS,263157300
HDYLZMKW,code,L,70004723,CS,2006-01-07T04:45,2006-01-07T07:00,NTE,263157300
HDYLZMKW,code,L,70004726,CS,2006-01-07T07:55,2006-01-07T09:55,LYS,263157300
RIQMZVDL,code,L,70004723,CS,2006-01-07T04:45,2006-01-07T07:00,NTE,263157300
RIQMZVDL,code,L,70004726,CS,2006-01-07T07:55,2006-01-07T09:55,LYS,263157300
YTLGABTI,code,L,70004723,ST,2006-01-07T04:45,2006-01-07T07:00,NTE,263157300
YTLGABTI,code,L,70004726,ST,2006-01-07T07:55,2006-01-07T09:55,LYS,263157300
CLMNYNDM,code,L,70004723,ST,2006-01-07T04:45,2006-01-07T07:00,NTE,263157300
CLMNYNDM,code,L,70004726,ST,2006-01-07T07:55,2006-01-07T09:55,LYS,263157300
GQHKFNKG,code,L,70004723,ST,2006-01-07T04:45,2006-01-07T07:00,NTE,263157300
GQHKFNKG,code,L,70004726,ST,2006-01-07T07:55,2006-01-07T09:55,LYS,263157300
DRVTQCVZ,code,L,70004723,ST,2006-01-07T04:45,2006-01-07T07:00,NTE,263157300
DRVTQCVZ,code,L,70004726,ST,2006-01-07T07:55,2006-01-07T09:55,LYS,263157300
WFIJNEJC,code,L,70002524,CP,2006-01-07T04:45,2006-01-07T06:55,UIP,1196878155
WFIJNEJC,code,L,70002523,CP,2006-01-07T07:45,2006-01-07T08:50,ORY,1196878155
WFIJNEJC,code,L,70002526,CP,2006-01-07T09:45,2006-01-07T10:55,UIP,1196878155
WFIJNEJC,code,L,70002798,CP,2006-01-07T13:00,2006-01-07T14:45,ORY,1196878155
ZVJEBKBQ,code,L,70002524,FO,2006-01-07T04:45,2006-01-07T06:55,UIP,1196878155
ZVJEBKBQ,code,L,70002523,FO,2006-01-07T07:45,2006-01-07T08:50,ORY,1196878155
ZVJEBKBQ,code,L,70002526,FO,2006-01-07T09:45,2006-01-07T10:55,UIP,1196878155
ZVJEBKBQ,code,L,70002798,FO,2006-01-07T13:00,2006-01-07T14:45,ORY,1196878155
LXCCOCMK,code,L,70002524,CSD,2006-01-07T04:45,2006-01-07T06:55,UIP,1196878155
LXCCOCMK,code,L,70002523,CSD,2006-01-07T07:45,2006-01-07T08:50,ORY,1196878155
LXCCOCMK,code,L,70002526,CSD,2006-01-07T09:45,2006-01-07T10:55,UIP,1196878155
LXCCOCMK,code,L,70002798,CSD,2006-01-07T13:00,2006-01-07T14:45,ORY,1196878155
GFHGQMKI,code,L,70002524,ST,2006-01-07T04:45,2006-01-07T06:55,UIP,1196878155
GFHGQMKI,code,L,70002523,ST,2006-01-07T07:45,2006-01-07T08:50,ORY,1196878155
GFHGQMKI,code,L,70002526,ST,2006-01-07T09:45,2006-01-07T10:55,UIP,1196878155
GFHGQMKI,code,L,70002798,ST,2006-01-07T13:00,2006-01-07T14:45,ORY,1196878155
RURRTXER,code,L,70002524,ST,2006-01-07T04:45,2006-01-07T06:55,UIP,1196878155
RURRTXER,code,L,70002523,ST,2006-01-07T07:45,2006-01-07T08:50,ORY,1196878155
RURRTXER,code,L,70002526,ST,2006-01-07T09:45,2006-01-07T10:55,UIP,1196878155
RURRTXER,code,L,70002798,ST,2006-01-07T13:00,2006-01-07T14:45,ORY,1196878155
THJJJDXL,code,L,70004764,CP,2006-01-07T04:45,2006-01-07T07:10,NCE,1835196615
THJJJDXL,code,L,70004765,CP,2006-01-07T07:45,2006-01-07T09:00,BOD,1835196615
THJJJDXL,code,L,70003076,CP,2006-01-07T11:35,2006-01-07T13:00,NCE,1835196615
THJJJDXL,code,L,70003063,CP,2006-01-07T14:00,2006-01-07T16:10,ORY,1835196615
DMYICNXW,code,L,70004764,FO,2006-01-07T04:45,2006-01-07T07:10,NCE,1835196615
DMYICNXW,code,L,70004765,FO,2006-01-07T07:45,2006-01-07T09:00,BOD,1835196615
DMYICNXW,code,L,70003076,FO,2006-01-07T11:35,2006-01-07T13:00,NCE,1835196615
DMYICNXW,code,L,70003063,FO,2006-01-07T14:00,2006-01-07T16:10,ORY,1835196615
FAGRJLDG,code,L,70004764,CSD,2006-01-07T04:45,2006-01-07T07:10,NCE,1835196615
FAGRJLDG,code,L,70004765,CSD,2006-01-07T07:45,2006-01-07T09:00,BOD,1835196615
FAGRJLDG,code,L,70003076,CSD,2006-01-07T11:35,2006-01-07T13:00,NCE,1835196615
FAGRJLDG,code,L,70003063,CSD,2006-01-07T14:00,2006-01-07T16:10,ORY,1835196615
HXSGPJUL,code,L,70004764,ST,2006-01-07T04:45,2006-01-07T07:10,NCE,1835196615
HXSGPJUL,code,L,70004765,ST,2006-01-07T07:45,2006-01-07T09:00,BOD,1835196615
HXSGPJUL,code,L,70003076,ST,2006-01-07T11:35,2006-01-07T13:00,NCE,1835196615
HXSGPJUL,code,L,70003063,ST,2006-01-07T14:00,2006-01-07T16:10,ORY,1835196615
QOYKLXRZ,code,L,70004764,ST,2006-01-07T04:45,2006-01-07T07:10,NCE,1835196615
QOYKLXRZ,code,L,70004765,ST,2006-01-07T07:45,2006-01-07T09:00,BOD,1835196615
QOYKLXRZ,code,L,70003076,ST,2006-01-07T11:35,2006-01-07T13:00,NCE,1835196615
QOYKLXRZ,code,L,70003063,ST,2006-01-07T14:00,2006-01-07T16:10,ORY,1835196615
QASCIEHW,code,L,70002965,CP,2006-01-07T04:50,2006-01-07T07:00,ORY,182621155
QASCIEHW,code,L,70002974,CP,2006-01-07T07:40,2006-01-07T09:45,TLS,182621155
XRWCOLDH,code,L,70002965,FO,2006-01-07T04:50,2006-01-07T07:00,ORY,182621155
XRWCOLDH,code,L,70002974,FO,2006-01-07T07:40,2006-01-07T09:45,TLS,182621155
FBVWYFTA,code,L,70002965,CS,2006-01-07T04:50,2006-01-07T07:00,ORY,182621155
FBVWYFTA,code,L,70002974,CS,2006-01-07T07:40,2006-01-07T09:45,TLS,182621155
ZCWXMFDS,code,L,70002965,CS,2006-01-07T04:50,2006-01-07T07:00,ORY,182621155
ZCWXMFDS,code,L,70002974,CS,2006-01-07T07:40,2006-01-07T09:45,TLS,182621155
XSHWOKBS,code,L,70002965,ST,2006-01-07T04:50,2006-01-07T07:00,ORY,182621155
XSHWOKBS,code,L,70002974,ST,2006-01-07T07:40,2006-01-07T09:45,TLS,182621155
RXYYQXQZ,code,L,70002965,ST,2006-01-07T04:50,2006-01-07T07:00,ORY,182621155
RXYYQXQZ,code,L,70002974,ST,2006-01-07T07:40,2006-01-07T09:45,TLS,182621155
SJDVPRFM,code,L,70002965,ST,2006-01-07T04:50,2006-01-07T07:00,ORY,182621155
SJDVPRFM,code,L,70002974,ST,2006-01-07T07:40,2006-01-07T09:45,TLS,182621155
VVHBYEUU,code,L,70002965,ST,2006-01-07T04:50,2006-01-07T07:00,ORY,182621155
VVHBYEUU,code,L,70002974,ST,2006-01-07T07:40,2006-01-07T09:45,TLS,182621155
MCCKYAPS,code,L,70004704,CP,2006-01-07T04:50,2006-01-07T06:50,TLS,1796576214
MCCKYAPS,code,L,70004703,CP,2006-01-07T07:45,2006-01-07T09:35,LYS,1796576214
OUAESEOO,code,L,70004704,FO,2006-01-07T04:50,2006-01-07T06:50,TLS,1796576214
OUAESEOO,code,L,70004703,FO,2006-01-07T07:45,2006-01-07T09:35,LYS,1796576214
XCXFIRPS,code,L,70004704,CS,2006-01-07T04:50,2006-01-07T06:50,TLS,1796576214
XCXFIRPS,code,L,70004703,CS,2006-01-07T07:45,2006-01-07T09:35,LYS,1796576214
MWZLPBWM,code,L,70004704,CS,2006-01-07T04:50,2006-01-07T06:50,TLS,1796576214
MWZLPBWM,code,L,70004703,CS,2006-01-07T07:45,2006-01-07T09:35,LYS,1796576214
HVQSBOOX,code,L,70004704,ST,2006-01-07T04:50,2006-01-07T06:50,TLS,1796576214
HVQSBOOX,code,L,70004703,ST,2006-01-07T07:45,2006-01-07T09:35,LYS,1796576214
JERMSDBZ,code,L,70004704,ST,2006-01-07T04:50,2006-01-07T06:50,TLS,1796576214
JERMSDBZ,code,L,70004703,ST,2006-01-07T07:45,2006-01-07T09:35,LYS,1796576214
YLDKPVRD,code,L,70004704,ST,2006-01-07T04:50,2006-01-07T06:50,TLS,1796576214
YLDKPVRD,code,L,70004703,ST,2006-01-07T07:45,2006-01-07T09:35,LYS,1796576214
PUUMVYCK,code,L,70004704,ST,2006-01-07T04:50,2006-01-07T06:50,TLS,1796576214
PUUMVYCK,code,L,70004703,ST,2006-01-07T07:45,2006-01-07T09:35,LYS,1796576214
PIMZJIEQ,code,L,70004264,CP,2006-01-07T04:50,2006-01-07T06:55,LYS,1661516681
PIMZJIEQ,code,L,70004265,CP,2006-01-07T07:40,2006-01-07T09:30,ORY,1661516681
AWIAGZWX,code,L,70004264,FO,2006-01-07T04:50,2006-01-07T06:55,LYS,1661516681
AWIAGZWX,code,L,70004265,FO,2006-01-07T07:40,2006-01-07T09:30,ORY,1661516681
BRWZYXTF,code,L,70004264,CS,2006-01-07T04:50,2006-01-07T06:55,LYS,1661516681
BRWZYXTF,code,L,70004265,CS,2006-01-07T07:40,2006-01-07T09:30,ORY,1661516681
EZOAFGOD,code,L,70004264,CS,2006-01-07T04:50,2006-01-07T06:55,LYS,1661516681
EZOAFGOD,code,L,70004265,CS,2006-01-07T07:40,2006-01-07T09:30,ORY,1661516681
BAQPSITF,code,L,70004264,ST,2006-01-07T04:50,2006-01-07T06:55,LYS,1661516681
BAQPSITF,code,L,70004265,ST,2006-01-07T07:40,2006-01-07T09:30,ORY,1661516681
SWWLAXGJ,code,L,70004264,ST,2006-01-07T04:50,2006-01-07T06:55,LYS,1661516681
SWWLAXGJ,code,L,70004265,ST,2006-01-07T07:40,2006-01-07T09:30,ORY,1661516681
ESLYFLBV,code,L,70004264,ST,2006-01-07T04:50,2006-01-07T06:55,LYS,1661516681
ESLYFLBV,code,L,70004265,ST,2006-01-07T07:40,2006-01-07T09:30,ORY,1661516681
IKKXODGD,code,L,70004264,ST,2006-01-07T04:50,2006-01-07T06:55,LYS,1661516681
IKKXODGD,code,L,70004265,ST,2006-01-07T07:40,2006-01-07T09:30,ORY,1661516681
KGKHLELW,code,L,70004344,CP,2006-01-07T04:50,2006-01-07T07:10,BIQ,359906493
KGKHLELW,code,L,70004343,CP,2006-01-07T07:55,2006-01-07T09:55,ORY,359906493
WRDKIWFS,code,L,70004344,FO,2006-01-07T04:50,2006-01-07T07:10,BIQ,359906493
WRDKIWFS,code,L,70004343,FO,2006-01-07T07:55,2006-01-07T09:55,ORY,359906493
EZTCHDYD,code,L,70004344,CSD,2006-01-07T04:50,2006-01-07T07:10,BIQ,359906493
EZTCHDYD,code,L,70004343,CSD,2006-01-07T07:55,2006-01-07T09:55,ORY,359906493
SMZIGVZD,code,L,70004344,ST,2006-01-07T04:50,2006-01-07T07:10,BIQ,359906493
SMZIGVZD,code,L,70004343,ST,2006-01-07T07:55,2006-01-07T09:55,ORY,359906493
NXUIUNVK,code,L,70004344,ST,2006-01-07T04:50,2006-01-07T07:10,BIQ,359906493
NXUIUNVK,code,L,70004343,ST,2006-01-07T07:55,2006-01-07T09:55,ORY,359906493
JPNRMIKF,code,L,70005163,CP,2006-01-07T04:50,2006-01-07T07:40,BOD,295069519
JPNRMIKF,code,L,70005164,CP,2006-01-07T08:55,2006-01-07T11:30,AMS,295069519
WZEZYAHL,code,L,70005163,FO,2006-01-07T04:50,2006-01-07T07:40,BOD,295069519
WZEZYAHL,code,L,70005164,FO,2006-01-07T08:55,2006-01-07T11:30,AMS,295069519
EVXHIXRS,code,L,70005163,CSD,2006-01-07T04:50,2006-01-07T07:40,BOD,295069519
EVXHIXRS,code,L,70005164,CSD,2006-01-07T08:55,2006-01-07T11:30,AMS,295069519
RZTYYRNT,code,L,70005163,ST,2006-01-07T04:50,2006-01-07T07:40,BOD,295069519
RZTYYRNT,code,L,70005164,ST,2006-01-07T08:55,2006-01-07T11:30,AMS,295069519
GURCJPEF,code,L,70005163,ST,2006-01-07T04:50,2006-01-07T07:40,BOD,295069519
GURCJPEF,code,L,70005164,ST,2006-01-07T08:55,2006-01-07T11:30,AMS,295069519
DPHOCWDP,code,L,70002648,CP,2006-01-07T04:50,2006-01-07T06:50,SXB,178283218
DPHOCWDP,code,L,70002647,CP,2006-01-07T07:40,2006-01-07T09:25,LYS,178283218
SIFLHWEB,code,L,70002648,FO,2006-01-07T04:50,2006-01-07T06:50,SXB,178283218
SIFLHWEB,code,L,70002647,FO,2006-01-07T07:40,2006-01-07T09:25,LYS,178283218
DYOIDPCU,code,L,70002648,CS,2006-01-07T04:50,2006-01-07T06:50,SXB,178283218
DYOIDPCU,code,L,70002647,CS,2006-01-07T07:40,2006-01-07T09:25,LYS,178283218
QGWOQMJQ,code,L,70002648,ST,2006-01-07T04:50,2006-01-07T06:50,SXB,178283218
QGWOQMJQ,code,L,70002647,ST,2006-01-07T07:40,2006-01-07T09:25,LYS,178283218
PBAQGQJJ,code,L,70002648,ST,2006-01-07T04:50,2006-01-07T06:50,SXB,178283218
PBAQGQJJ,code,L,70002647,ST,2006-01-07T07:40,2006-01-07T09:25,LYS,178283218
TMQTNTUJ,code,L,70004544,CP,2006-01-07T04:55,2006-01-07T07:25,MPL,134224868
TMQTNTUJ,code,L,70004547,CP,2006-01-07T19:50,2006-01-07T22:00,CDG,134224868
PFHIJHUB,code,L,70004544,FO,2006-01-07T04:55,2006-01-07T07:25,MPL,134224868
PFHIJHUB,code,L,70004547,FO,2006-01-07T19:50,2006-01-07T22:00,CDG,134224868
DFHRGYJF,code,L,70004544,CS,2006-01-07T04:55,2006-01-07T07:25,MPL,134224868
DFHRGYJF,code,L,70004547,CS,2006-01-07T19:50,2006-01-07T22:00,CDG,134224868
IQJLLAQH,code,L,70004544,CS,2006-01-07T04:55,2006-01-07T07:25,MPL,134224868
IQJLLAQH,code,L,70004547,CS,2006-01-07T19:50,2006-01-07T22:00,CDG,134224868
CZHREMMY,code,L,70004544,ST,2006-01-07T04:55,2006-01-07T07:25,MPL,134224868
CZHREMMY,code,L,70004547,ST,2006-01-07T19:50,2006-01-07T22:00,CDG,134224868
CFZCEUYM,code,L,70004544,ST,2006-01-07T04:55,2006-01-07T07:25,MPL,134224868
CFZCEUYM,code,L,70004547,ST,2006-01-07T19:50,2006-01-07T22:00,CDG,134224868
GWSNXXRY,code,L,70004544,ST,2006-01-07T04:55,2006-01-07T07:25,MPL,134224868
GWSNXXRY,code,L,70004547,ST,2006-01-07T19:50,2006-01-07T22:00,CDG,134224868
KAMEWHEB,code,L,70004544,ST,2006-01-07T04:55,2006-01-07T07:25,MPL,134224868
KAMEWHEB,code,L,70004547,ST,2006-01-07T19:50,2006-01-07T22:00,CDG,134224868
CPNACACK,code,L,70001364,CP,2006-01-07T04:55,2006-01-07T07:35,AJA,1454666067
CPNACACK,code,L,70001363,CP,2006-01-07T08:25,2006-01-07T10:50,ORY,1454666067
XMMSVGJD,code,L,70001364,FO,2006-01-07T04:55,2006-01-07T07:35,AJA,1454666067
XMMSVGJD,code,L,70001363,FO,2006-01-07T08:25,2006-01-07T10:50,ORY,1454666067
SAXMCIXB,code,L,70001364,CS,2006-01-07T04:55,2006-01-07T07:35,AJA,1454666067
SAXMCIXB,code,L,70001363,CS,2006-01-07T08:25,2006-01-07T10:50,ORY,1454666067
BSSPVJVU,code,L,70001364,CS,2006-01-07T04:55,2006-01-07T07:35,AJA,1454666067
BSSPVJVU,code,L,70001363,CS,2006-01-07T08:25,2006-01-07T10:50,ORY,1454666067
XRKACTLI,code,L,70001364,ST,2006-01-07T04:55,2006-01-07T07:35,AJA,1454666067
XRKACTLI,code,L,70001363,ST,2006-01-07T08:25,2006-01-07T10:50,ORY,1454666067
LVVSGBYP,code,L,70001364,ST,2006-01-07T04:55,2006-01-07T07:35,AJA,1454666067
LVVSGBYP,code,L,70001363,ST,2006-01-07T08:25,2006-01-07T10:50,ORY,1454666067
KTRJTDAJ,code,L,70001364,ST,2006-01-07T04:55,2006-01-07T07:35,AJA,1454666067
KTRJTDAJ,code,L,70001363,ST,2006-01-07T08:25,2006-01-07T10:50,ORY,1454666067
TGUJQGFD,code,L,70001364,ST,2006-01-07T04:55,2006-01-07T07:35,AJA,1454666067
TGUJQGFD,code,L,70001363,ST,2006-01-07T08:25,2006-01-07T10:50,ORY,1454666067
QAOUDQBJ,code,L,70001374,CP,2006-01-07T04:55,2006-01-07T07:30,BIA,525100016
QAOUDQBJ,code,L,70001379,CP,2006-01-07T08:30,2006-01-07T10:50,ORY,525100016
JJUDYFOK,code,L,70001374,FO,2006-01-07T04:55,2006-01-07T07:30,BIA,525100016
JJUDYFOK,code,L,70001379,FO,2006-01-07T08:30,2006-01-07T10:50,ORY,525100016
BMABKDCI,code,L,70001374,CS,2006-01-07T04:55,2006-01-07T07:30,BIA,525100016
BMABKDCI,code,L,70001379,CS,2006-01-07T08:30,2006-01-07T10:50,ORY,525100016
LSSBDMSR,code,L,70001374,CS,2006-01-07T04:55,2006-01-07T07:30,BIA,525100016
LSSBDMSR,code,L,70001379,CS,2006-01-07T08:30,2006-01-07T10:50,ORY,525100016
URMETNJF,code,L,70001374,ST,2006-01-07T04:55,2006-01-07T07:30,BIA,525100016
URMETNJF,code,L,70001379,ST,2006-01-07T08:30,2006-01-07T10:50,ORY,525100016
LNXIDBTG,code,L,70001374,ST,2006-01-07T04:55,2006-01-07T07:30,BIA,525100016
LNXIDBTG,code,L,70001379,ST,2006-01-07T08:30,2006-01-07T10:50,ORY,525100016
SSTTMCYS,code,L,70001374,ST,2006-01-07T04:55,2006-01-07T07:30,BIA,525100016
SSTTMCYS,code,L,70001379,ST,2006-01-07T08:30,2006-01-07T10:50,ORY,525100016
MCYRVOHZ,code,L,70001374,ST,2006-01-07T04:55,2006-01-07T07:30,BIA,525100016
MCYRVOHZ,code,L,70001379,ST,2006-01-07T08:30,2006-01-07T10:50,ORY,525100016
ZPLAEYSR,code,L,70002673,CP,2006-01-07T04:55,2006-01-07T07:20,SXB,657187435
ZPLAEYSR,code,L,70002674,CP,2006-01-07T07:55,2006-01-07T10:10,LGW,657187435
QBPWWNLH,code,L,70002673,FO,2006-01-07T04:55,2006-01-07T07:20,SXB,657187435
QBPWWNLH,code,L,70002674,FO,2006-01-07T07:55,2006-01-07T10:10,LGW,657187435
HWBEUMWX,code,L,70002673,CSD,2006-01-07T04:55,2006-01-07T07:20,SXB,657187435
HWBEUMWX,code,L,70002674,CSD,2006-01-07T07:55,2006-01-07T10:10,LGW,657187435
UWGZPCCV,code,L,70002673,ST,2006-01-07T04:55,2006-01-07T07:20,SXB,657187435
UWGZPCCV,code,L,70002674,ST,2006-01-07T07:55,2006-01-07T10:10,LGW,657187435
POESUNRW,code,L,70002673,ST,2006-01-07T04:55,2006-01-07T07:20,SXB,657187435
POESUNRW,code,L,70002674,ST,2006-01-07T07:55,2006-01-07T10:10,LGW,657187435
WUZLGTPU,code,L,70003103,CP,2006-01-07T05:00,2006-01-07T07:20,ORY,532638534
WUZLGTPU,code,L,70003068,CP,2006-01-07T08:05,2006-01-07T10:15,NCE,532638534
TBZRHFRT,code,L,70003103,FO,2006-01-07T05:00,2006-01-07T07:20,ORY,532638534
TBZRHFRT,code,L,70003068,FO,2006-01-07T08:05,2006-01-07T10:15,NCE,532638534
LKWXYFGY,code,L,70003103,CS,2006-01-07T05:00,2006-01-07T07:20,ORY,532638534
LKWXYFGY,code,L,70003068,CS,2006-01-07T08:05,2006-01-07T10:15,NCE,532638534
MEPYCFHE,code,L,70003103,CS,2006-01-07T05:00,2006-01-07T07:20,ORY,532638534
MEPYCFHE,code,L,70003068,CS,2006-01-07T08:05,2006-01-07T10:15,NCE,532638534
ETLXFDQV,code,L,70003103,ST,2006-01-07T05:00,2006-01-07T07:20,ORY,532638534
ETLXFDQV,code,L,70003068,ST,2006-01-07T08:05,2006-01-07T10:15,NCE,532638534
LCKDNWGA,code,L,70003103,ST,2006-01-07T05:00,2006-01-07T07:20,ORY,532638534
LCKDNWGA,code,L,70003068,ST,2006-01-07T08:05,2006-01-07T10:15,NCE,532638534
PZBSTCIG,code,L,70003103,ST,2006-01-07T05:00,2006-01-07T07:20,ORY,532638534
PZBSTCIG,code,L,70003068,ST,2006-01-07T08:05,2006-01-07T10:15,NCE,532638534
LQCPOUQC,code,L,70003103,ST,2006-01-07T05:00,2006-01-07T07:20,ORY,532638534
LQCPOUQC,code,L,70003068,ST,2006-01-07T08:05,2006-01-07T10:15,NCE,532638534
YIRZPJBM,code,L,70002793,CP,2006-01-07T05:00,2006-01-07T07:10,LRT,796471501
YIRZPJBM,code,L,70002794,CP,2006-01-07T07:55,2006-01-07T09:45,ORY,796471501
FNEQMIIG,code,L,70002793,FO,2006-01-07T05:00,2006-01-07T07:10,LRT,796471501
FNEQMIIG,code,L,70002794,FO,2006-01-07T07:55,2006-01-07T09:45,ORY,796471501
ZEGFPEUY,code,L,70002793,CSD,2006-01-07T05:00,2006-01-07T07:10,LRT,796471501
ZEGFPEUY,code,L,70002794,CSD,2006-01-07T07:55,2006-01-07T09:45,ORY,796471501
HIDHLFAV,code,L,70002793,ST,2006-01-07T05:00,2006-01-07T07:10,LRT,796471501
HIDHLFAV,code,L,70002794,ST,2006-01-07T07:55,2006-01-07T09:45,ORY,796471501
PRNSZDRO,code,L,70002793,ST,2006-01-07T05:00,2006-01-07T07:10,LRT,796471501
PRNSZDRO,code,L,70002794,ST,2006-01-07T07:55,2006-01-07T09:45,ORY,796471501
CVPPDRPQ,code,L,70002534,CP,2006-01-07T05:00,2006-01-07T06:45,BES,435943218
CVPPDRPQ,code,L,70002634,CP,2006-01-07T07:15,2006-01-07T08:35,NTE,435943218
CVPPDRPQ,code,L,70002633,CP,2006-01-07T09:05,2006-01-07T10:25,SXB,435943218
CVPPDRPQ,code,L,70002533,CP,2006-01-07T10:55,2006-01-07T11:35,NTE,435943218
CVPPDRPQ,code,L,70002655,CP,2006-01-07T12:20,2006-01-07T13:50,BES,435943218
CVPPDRPQ,code,L,70002656,CP,2006-01-07T14:30,2006-01-07T16:40,LYS,435943218
OKDLBPSM,code,L,70002534,FO,2006-01-07T05:00,2006-01-07T06:45,BES,435943218
OKDLBPSM,code,L,70002634,FO,2006-01-07T07:15,2006-01-07T08:35,NTE,435943218
OKDLBPSM,code,L,70002633,FO,2006-01-07T09:05,2006-01-07T10:25,SXB,435943218
OKDLBPSM,code,L,70002533,FO,2006-01-07T10:55,2006-01-07T11:35,NTE,435943218
OKDLBPSM,code,L,70002655,FO,2006-01-07T12:20,2006-01-07T13:50,BES,435943218
OKDLBPSM,code,L,70002656,FO,2006-01-07T14:30,2006-01-07T16:40,LYS,435943218
XEGKGCRH,code,L,70002534,CS,2006-01-07T05:00,2006-01-07T06:45,BES,435943218
XEGKGCRH,code,L,70002634,CS,2006-01-07T07:15,2006-01-07T08:35,NTE,435943218
XEGKGCRH,code,L,70002633,CS,2006-01-07T09:05,2006-01-07T10:25,SXB,435943218
XEGKGCRH,code,L,70002533,CS,2006-01-07T10:55,2006-01-07T11:35,NTE,435943218
XEGKGCRH,code,L,70002655,CS,2006-01-07T12:20,2006-01-07T13:50,BES,435943218
XEGKGCRH,code,L,70002656,CS,2006-01-07T14:30,2006-01-07T16:40,LYS,435943218
DRETGEVT,code,L,70002534,ST,2006-01-07T05:00,2006-01-07T06:45,BES,435943218
DRETGEVT,code,L,70002634,ST,2006-01-07T07:15,2006-01-07T08:35,NTE,435943218
DRETGEVT,code,L,70002633,ST,2006-01-07T09:05,2006-01-07T10:25,SXB,435943218
DRETGEVT,code,L,70002533,ST,2006-01-07T10:55,2006-01-07T11:35,NTE,435943218
DRETGEVT,code,L,70002655,ST,2006-01-07T12:20,2006-01-07T13:50,BES,435943218
DRETGEVT,code,L,70002656,ST,2006-01-07T14:30,2006-01-07T16:40,LYS,435943218
OTHFZNMN,code,L,70002534,ST,2006-01-07T05:00,2006-01-07T06:45,BES,435943218
OTHFZNMN,code,L,70002634,ST,2006-01-07T07:15,2006-01-07T08:35,NTE,435943218
OTHFZNMN,code,L,70002633,ST,2006-01-07T09:05,2006-01-07T10:25,SXB,435943218
OTHFZNMN,code,L,70002533,ST,2006-01-07T10:55,2006-01-07T11:35,NTE,435943218
OTHFZNMN,code,L,70002655,ST,2006-01-07T12:20,2006-01-07T13:50,BES,435943218
OTHFZNMN,code,L,70002656,ST,2006-01-07T14:30,2006-01-07T16:40,LYS,435943218
QFBSCKEG,code,L,70003064,CP,2006-01-07T05:05,2006-01-07T07:30,NCE,929393559
QFBSCKEG,code,L,70003069,CP,2006-01-07T08:00,2006-01-07T10:05,ORY,929393559
PWFQQSPU,code,L,70003064,FO,2006-01-07T05:05,2006-01-07T07:30,NCE,929393559
PWFQQSPU,code,L,70003069,FO,2006-01-07T08:00,2006-01-07T10:05,ORY,929393559
DVTPICQK,code,L,70003064,CS,2006-01-07T05:05,2006-01-07T07:30,NCE,929393559
DVTPICQK,code,L,70003069,CS,2006-01-07T08:00,2006-01-07T10:05,ORY,929393559
HVEOWVJI,code,L,70003064,CS,2006-01-07T05:05,2006-01-07T07:30,NCE,929393559
HVEOWVJI,code,L,70003069,CS,2006-01-07T08:00,2006-01-07T10:05,ORY,929393559
DQAOUSIR,code,L,70003064,ST,2006-01-07T05:05,2006-01-07T07:30,NCE,929393559
DQAOUSIR,code,L,70003069,ST,2006-01-07T08:00,2006-01-07T10:05,ORY,929393559
KCWXHHVS,code,L,70003064,ST,2006-01-07T05:05,2006-01-07T07:30,NCE,929393559
KCWXHHVS,code,L,70003069,ST,2006-01-07T08:00,2006-01-07T10:05,ORY,929393559
UYFAIZJK,code,L,70003064,ST,2006-01-07T05:05,2006-01-07T07:30,NCE,929393559
UYFAIZJK,code,L,70003069,ST,2006-01-07T08:00,2006-01-07T10:05,ORY,929393559
KJBPCBLA,code,L,70003064,ST,2006-01-07T05:05,2006-01-07T07:30,NCE,929393559
KJBPCBLA,code,L,70003069,ST,2006-01-07T08:00,2006-01-07T10:05,ORY,929393559
JGYZYKHG,code,L,70004656,CP,2006-01-07T05:05,2006-01-07T07:35,TLS,1903678842
JGYZYKHG,code,L,70004645,CP,2006-01-07T09:30,2006-01-07T11:40,CDG,1903678842
KZXKVWWV,code,L,70004656,FO,2006-01-07T05:05,2006-01-07T07:35,TLS,1903678842
KZXKVWWV,code,L,70004645,FO,2006-01-07T09:30,2006-01-07T11:40,CDG,1903678842
AAGOKUTG,code,L,70004656,CS,2006-01-07T05:05,2006-01-07T07:35,TLS,1903678842
AAGOKUTG,code,L,70004645,CS,2006-01-07T09:30,2006-01-07T11:40,CDG,1903678842
ZIJOJCLE,code,L,70004656,CS,2006-01-07T05:05,2006-01-07T07:35,TLS,1903678842
ZIJOJCLE,code,L,70004645,CS,2006-01-07T09:30,2006-01-07T11:40,CDG,1903678842
QKNRHSHO,code,L,70004656,ST,2006-01-07T05:05,2006-01-07T07:35,TLS,1903678842
QKNRHSHO,code,L,70004645,ST,2006-01-07T09:30,2006-01-07T11:40,CDG,1903678842
BFTPFDCT,code,L,70004656,ST,2006-01-07T05:05,2006-01-07T07:35,TLS,1903678842
BFTPFDCT,code,L,70004645,ST,2006-01-07T09:30,2006-01-07T11:40,CDG,1903678842
AVZPFKHY,code,L,70004656,ST,2006-01-07T05:05,2006-01-07T07:35,TLS,1903678842
AVZPFKHY,code,L,70004645,ST,2006-01-07T09:30,2006-01-07T11:40,CDG,1903678842
CCWPUHDO,code,L,70004656,ST,2006-01-07T05:05,2006-01-07T07:35,TLS,1903678842
CCWPUHDO,code,L,70004645,ST,2006-01-07T09:30,2006-01-07T11:40,CDG,1903678842
GRBBYOOB,code,L,7000152,CP,2006-01-07T05:05,2006-01-07T07:20,MLH,1130118952
GRBBYOOB,code,L,7000145,CP,2006-01-07T08:05,2006-01-07T10:00,CDG,1130118952
PRKWZJHR,code,L,7000152,FO,2006-01-07T05:05,2006-01-07T07:20,MLH,1130118952
PRKWZJHR,code,L,7000145,FO,2006-01-07T08:05,2006-01-07T10:00,CDG,1130118952
XFWDOAYB,code,L,7000152,CS,2006-01-07T05:05,2006-01-07T07:20,MLH,1130118952
XFWDOAYB,code,L,7000145,CS,2006-01-07T08:05,2006-01-07T10:00,CDG,1130118952
GRZBXCPZ,code,L,7000152,CS,2006-01-07T05:05,2006-01-07T07:20,MLH,1130118952
GRZBXCPZ,code,L,7000145,CS,2006-01-07T08:05,2006-01-07T10:00,CDG,1130118952
HWSAAHSJ,code,L,7000152,ST,2006-01-07T05:05,2006-01-07T07:20,MLH,1130118952
HWSAAHSJ,code,L,7000145,ST,2006-01-07T08:05,2006-01-07T10:00,CDG,1130118952
THWIVNQY,code,L,7000152,ST,2006-01-07T05:05,2006-01-07T07:20,MLH,1130118952
THWIVNQY,code,L,7000145,ST,2006-01-07T08:05,2006-01-07T10:00,CDG,1130118952
IDTFSPMX,code,L,7000152,ST,2006-01-07T05:05,2006-01-07T07:20,MLH,1130118952
IDTFSPMX,code,L,7000145,ST,2006-01-07T08:05,2006-01-07T10:00,CDG,1130118952
GGOUXYEY,code,L,7000152,ST,2006-01-07T05:05,2006-01-07T07:20,MLH,1130118952
GGOUXYEY,code,L,7000145,ST,2006-01-07T08:05,2006-01-07T10:00,CDG,1130118952
GLMGETHY,code,L,70002968,CP,2006-01-07T05:10,2006-01-07T07:30,TLS,2035035283
GLMGETHY,code,L,70004269,CP,2006-01-07T09:30,2006-01-07T10:35,ORY,2035035283
GLMGETHY,code,L,70004270,CP,2006-01-07T11:20,2006-01-07T12:25,LYS,2035035283
GLMGETHY,code,L,70004271,CP,2006-01-07T13:40,2006-01-07T14:45,ORY,2035035283
GLMGETHY,code,L,70004276,CP,2006-01-07T16:10,2006-01-07T17:15,LYS,2035035283
GLMGETHY,code,L,70002967,CP,2006-01-07T18:25,2006-01-07T20:30,ORY,2035035283
PDLHMRXA,code,L,70002968,FO,2006-01-07T05:10,2006-01-07T07:30,TLS,2035035283
PDLHMRXA,code,L,70004269,FO,2006-01-07T09:30,2006-01-07T10:35,ORY,2035035283
PDLHMRXA,code,L,70004270,FO,2006-01-07T11:20,2006-01-07T12:25,LYS,2035035283
PDLHMRXA,code,L,70004271,FO,2006-01-07T13:40,2006-01-07T14:45,ORY,2035035283
PDLHMRXA,code,L,70004276,FO,2006-01-07T16:10,2006-01-07T17:15,LYS,2035035283
PDLHMRXA,code,L,70002967,FO,2006-01-07T18:25,2006-01-07T20:30,ORY,2035035283
LQNNLPDU,code,L,70002968,CS,2006-01-07T05:10,2006-01-07T07:30,TLS,2035035283
LQNNLPDU,code,L,70004269,CS,2006-01-07T09:30,2006-01-07T10:35,ORY,2035035283
LQNNLPDU,code,L,70004270,CS,2006-01-07T11:20,2006-01-07T12:25,LYS,2035035283
LQNNLPDU,code,L,70004271,CS,2006-01-07T13:40,2006-01-07T14:45,ORY,2035035283
LQNNLPDU,code,L,70004276,CS,2006-01-07T16:10,2006-01-07T17:15,LYS,2035035283
LQNNLPDU,code,L,70002967,CS,2006-01-07T18:25,2006-01-07T20:30,ORY,2035035283
HYHLURBS,code,L,70002968,CS,2006-01-07T05:10,2006-01-07T07:30,TLS,2035035283
HYHLURBS,code,L,70004269,CS,2006-01-07T09:30,2006-01-07T10:35,ORY,2035035283
HYHLURBS,code,L,70004270,CS,2006-01-07T11:20,2006-01-07T12:25,LYS,2035035283
HYHLURBS,code,L,70004271,CS,2006-01-07T13:40,2006-01-07T14:45,ORY,2035035283
HYHLURBS,code,L,70004276,CS,2006-01-07T16:10,2006-01-07T17:15,LYS,2035035283
HYHLURBS,code,L,70002967,CS,2006-01-07T18:25,2006-01-07T20:30,ORY,2035035283
JNCHOLFF,code,L,70002968,ST,2006-01-07T05:10,2006-01-07T07:30,TLS,2035035283
JNCHOLFF,code,L,70004269,ST,2006-01-07T09:30,2006-01-07T10:35,ORY,2035035283
JNCHOLFF,code,L,70004270,ST,2006-01-07T11:20,2006-01-07T12:25,LYS,2035035283
JNCHOLFF,code,L,70004271,ST,2006-01-07T13:40,2006-01-07T14:45,ORY,2035035283
JNCHOLFF,code,L,70004276,ST,2006-01-07T16:10,2006-01-07T17:15,LYS,2035035283
JNCHOLFF,code,L,70002967,ST,2006-01-07T18:25,2006-01-07T20:30,ORY,2035035283
ZOJFPZAR,code,L,70002968,ST,2006-01-07T05:10,2006-01-07T07:30,TLS,2035035283
ZOJFPZAR,code,L,70004269,ST,2006-01-07T09:30,2006-01-07T10:35,ORY,2035035283
ZOJFPZAR,code,L,70004270,ST,2006-01-07T11:20,2006-01-07T12:25,LYS,2035035283
ZOJFPZAR,code,L,70004271,ST,2006-01-07T13:40,2006-01-07T14:45,ORY,2035035283
ZOJFPZAR,code,L,70004276,ST,2006-01-07T16:10,2006-01-07T17:15,LYS,2035035283
ZOJFPZAR,code,L,70002967,ST,2006-01-07T18:25,2006-01-07T20:30,ORY,2035035283
VBJBRIGO,code,L,70002968,ST,2006-01-07T05:10,2006-01-07T07:30,TLS,2035035283
VBJBRIGO,code,L,70004269,ST,2006-01-07T09:30,2006-01-07T10:35,ORY,2035035283
VBJBRIGO,code,L,70004270,ST,2006-01-07T11:20,2006-01-07T12:25,LYS,2035035283
VBJBRIGO,code,L,70004271,ST,2006-01-07T13:40,2006-01-07T14:45,ORY,2035035283
VBJBRIGO,code,L,70004276,ST,2006-01-07T16:10,2006-01-07T17:15,LYS,2035035283
VBJBRIGO,code,L,70002967,ST,2006-01-07T18:25,2006-01-07T20:30,ORY,2035035283
ZFKWMHUT,code,L,70002968,ST,2006-01-07T05:10,2006-01-07T07:30,TLS,2035035283
ZFKWMHUT,code,L,70004269,ST,2006-01-07T09:30,2006-01-07T10:35,ORY,2035035283
ZFKWMHUT,code,L,70004270,ST,2006-01-07T11:20,2006-01-07T12:25,LYS,2035035283
ZFKWMHUT,code,L,70004271,ST,2006-01-07T13:40,2006-01-07T14:45,ORY,2035035283
ZFKWMHUT,code,L,70004276,ST,2006-01-07T16:10,2006-01-07T17:15,LYS,2035035283
ZFKWMHUT,code,L,70002967,ST,2006-01-07T18:25,2006-01-07T20:30,ORY,2035035283
GFCEBFHB,code,L,70003118,CP,2006-01-07T05:10,2006-01-07T07:20,BOD,56569042
GFCEBFHB,code,L,70003119,CP,2006-01-07T08:10,2006-01-07T10:00,ORY,56569042
OVPIWDOP,code,L,70003118,FO,2006-01-07T05:10,2006-01-07T07:20,BOD,56569042
OVPIWDOP,code,L,70003119,FO,2006-01-07T08:10,2006-01-07T10:00,ORY,56569042
JEZBVRBK,code,L,70003118,CS,2006-01-07T05:10,2006-01-07T07:20,BOD,56569042
JEZBVRBK,code,L,70003119,CS,2006-01-07T08:10,2006-01-07T10:00,ORY,56569042
UNQOWQJO,code,L,70003118,CS,2006-01-07T05:10,2006-01-07T07:20,BOD,56569042
UNQOWQJO,code,L,70003119,CS,2006-01-07T08:10,2006-01-07T10:00,ORY,56569042
YIYJDCBV,code,L,70003118,ST,2006-01-07T05:10,2006-01-07T07:20,BOD,56569042
YIYJDCBV,code,L,70003119,ST,2006-01-07T08:10,2006-01-07T10:00,ORY,56569042
WGJWIOYS,code,L,70003118,ST,2006-01-07T05:10,2006-01-07T07:20,BOD,56569042
WGJWIOYS,code,L,70003119,ST,2006-01-07T08:10,2006-01-07T10:00,ORY,56569042
GXHWFSJT,code,L,70003118,ST,2006-01-07T05:10,2006-01-07T07:20,BOD,56569042
GXHWFSJT,code,L,70003119,ST,2006-01-07T08:10,2006-01-07T10:00,ORY,56569042
IDOCZBOJ,code,L,70003118,ST,2006-01-07T05:10,2006-01-07T07:20,BOD,56569042
IDOCZBOJ,code,L,70003119,ST,2006-01-07T08:10,2006-01-07T10:00,ORY,56569042
LQDHMNAT,code,L,70004498,CP,2006-01-07T05:15,2006-01-07T07:45,BIQ,61497087
LQDHMNAT,code,L,70004515,CP,2006-01-07T08:35,2006-01-07T09:45,CDG,61497087
LQDHMNAT,code,L,70004506,CP,2006-01-07T12:40,2006-01-07T13:50,LYS,61497087
LQDHMNAT,code,L,70004519,CP,2006-01-07T14:25,2006-01-07T15:25,CDG,61497087
LQDHMNAT,code,L,70004520,CP,2006-01-07T16:05,2006-01-07T17:10,CFE,61497087
LQDHMNAT,code,L,70004499,CP,2006-01-07T20:25,2006-01-07T22:35,CDG,61497087
DUAMSZWZ,code,L,70004498,FO,2006-01-07T05:15,2006-01-07T07:45,BIQ,61497087
DUAMSZWZ,code,L,70004515,FO,2006-01-07T08:35,2006-01-07T09:45,CDG,61497087
DUAMSZWZ,code,L,70004506,FO,2006-01-07T12:40,2006-01-07T13:50,LYS,61497087
DUAMSZWZ,code,L,70004519,FO,2006-01-07T14:25,2006-01-07T15:25,CDG,61497087
DUAMSZWZ,code,L,70004520,FO,2006-01-07T16:05,2006-01-07T17:10,CFE,61497087
DUAMSZWZ,code,L,70004499,FO,2006-01-07T20:25,2006-01-07T22:35,CDG,61497087
URUUBHME,code,L,70004498,CS,2006-01-07T05:15,2006-01-07T07:45,BIQ,61497087
URUUBHME,code,L,70004515,CS,2006-01-07T08:35,2006-01-07T09:45,CDG,61497087
URUUBHME,code,L,70004506,CS,2006-01-07T12:40,2006-01-07T13:50,LYS,61497087
URUUBHME,code,L,70004519,CS,2006-01-07T14:25,2006-01-07T15:25,CDG,61497087
URUUBHME,code,L,70004520,CS,2006-01-07T16:05,2006-01-07T17:10,CFE,61497087
URUUBHME,code,L,70004499,CS,2006-01-07T20:25,2006-01-07T22:35,CDG,61497087
FXDAGQOX,code,L,70004498,CS,2006-01-07T05:15,2006-01-07T07:45,BIQ,61497087
FXDAGQOX,code,L,70004515,CS,2006-01-07T08:35,2006-01-07T09:45,CDG,61497087
FXDAGQOX,code,L,70004506,CS,2006-01-07T12:40,2006-01-07T13:50,LYS,61497087
FXDAGQOX,code,L,70004519,CS,2006-01-07T14:25,2006-01-07T15:25,CDG,61497087
FXDAGQOX,code,L,70004520,CS,2006-01-07T16:05,2006-01-07T17:10,CFE,61497087
FXDAGQOX,code,L,70004499,CS,2006-01-07T20:25,2006-01-07T22:35,CDG,61497087
RJVUWYBT,code,L,70004498,ST,2006-01-07T05:15,2006-01-07T07:45,BIQ,61497087
RJVUWYBT,code,L,70004515,ST,2006-01-07T08:35,2006-01-07T09:45,CDG,61497087
RJVUWYBT,code,L,70004506,ST,2006-01-07T12:40,2006-01-07T13:50,LYS,61497087
RJVUWYBT,code,L,70004519,ST,2006-01-07T14:25,2006-01-07T15:25,CDG,61497087
RJVUWYBT,code,L,70004520,ST,2006-01-07T16:05,2006-01-07T17:10,CFE,61497087
RJVUWYBT,code,L,70004499,ST,2006-01-07T20:25,2006-01-07T22:35,CDG,61497087
JIWGOAMT,code,L,70004498,ST,2006-01-07T05:15,2006-01-07T07:45,BIQ,61497087
JIWGOAMT,code,L,70004515,ST,2006-01-07T08:35,2006-01-07T09:45,CDG,61497087
JIWGOAMT,code,L,70004506,ST,2006-01-07T12:40,2006-01-07T13:50,LYS,61497087
JIWGOAMT,code,L,70004519,ST,2006-01-07T14:25,2006-01-07T15:25,CDG,61497087
JIWGOAMT,code,L,70004520,ST,2006-01-07T16:05,2006-01-07T17:10,CFE,61497087
JIWGOAMT,code,L,70004499,ST,2006-01-07T20:25,2006-01-07T22:35,CDG,61497087
DHZMLBPJ,code,L,70004498,ST,2006-01-07T05:15,2006-01-07T07:45,BIQ,61497087
DHZMLBPJ,code,L,70004515,ST,2006-01-07T08:35,2006-01-07T09:45,CDG,61497087
DHZMLBPJ,code,L,70004506,ST,2006-01-07T12:40,2006-01-07T13:50,LYS,61497087
DHZMLBPJ,code,L,70004519,ST,2006-01-07T14:25,2006-01-07T15:25,CDG,61497087
DHZMLBPJ,code,L,70004520,ST,2006-01-07T16:05,2006-01-07T17:10,CFE,61497087
DHZMLBPJ,code,L,70004499,ST,2006-01-07T20:25,2006-01-07T22:35,CDG,61497087
YVHXDKXL,code,L,70004498,ST,2006-01-07T05:15,2006-01-07T07:45,BIQ,61497087
YVHXDKXL,code,L,70004515,ST,2006-01-07T08:35,2006-01-07T09:45,CDG,61497087
YVHXDKXL,code,L,70004506,ST,2006-01-07T12:40,2006-01-07T13:50,LYS,61497087
YVHXDKXL,code,L,70004519,ST,2006-01-07T14:25,2006-01-07T15:25,CDG,61497087
YVHXDKXL,code,L,70004520,ST,2006-01-07T16:05,2006-01-07T17:10,CFE,61497087
YVHXDKXL,code,L,70004499,ST,2006-01-07T20:25,2006-01-07T22:35,CDG,61497087
OJESZUUV,code,L,70004643,CP,2006-01-07T05:15,2006-01-07T07:40,CDG,1507096884
OJESZUUV,code,L,70002972,CP,2006-01-07T09:10,2006-01-07T10:30,TLS,1507096884
OJESZUUV,code,L,70004431,CP,2006-01-07T11:40,2006-01-07T13:20,ORY,1507096884
OJESZUUV,code,L,70004432,CP,2006-01-07T14:35,2006-01-07T16:15,AJA,1507096884
OJESZUUV,code,L,70004437,CP,2006-01-07T17:00,2006-01-07T18:40,ORY,1507096884
OJESZUUV,code,L,70004434,CP,2006-01-07T19:30,2006-01-07T20:45,AJA,1507096884
REISNPTC,code,L,70004643,FO,2006-01-07T05:15,2006-01-07T07:40,CDG,1507096884
REISNPTC,code,L,70002972,FO,2006-01-07T09:10,2006-01-07T10:30,TLS,1507096884
REISNPTC,code,L,70004431,FO,2006-01-07T11:40,2006-01-07T13:20,ORY,1507096884
REISNPTC,code,L,70004432,FO,2006-01-07T14:35,2006-01-07T16:15,AJA,1507096884
REISNPTC,code,L,70004437,FO,2006-01-07T17:00,2006-01-07T18:40,ORY,1507096884
REISNPTC,code,L,70004434,FO,2006-01-07T19:30,2006-01-07T20:45,AJA,1507096884
TNFOPTWO,code,L,70004643,CS,2006-01-07T05:15,2006-01-07T07:40,CDG,1507096884
TNFOPTWO,code,L,70002972,CS,2006-01-07T09:10,2006-01-07T10:30,TLS,1507096884
TNFOPTWO,code,L,70004431,CS,2006-01-07T11:40,2006-01-07T13:20,ORY,1507096884
TNFOPTWO,code,L,70004432,CS,2006-01-07T14:35,2006-01-07T16:15,AJA,1507096884
TNFOPTWO,code,L,70004437,CS,2006-01-07T17:00,2006-01-07T18:40,ORY,1507096884
TNFOPTWO,code,L,70004434,CS,2006-01-07T19:30,2006-01-07T20:45,AJA,1507096884
UUBMHMKJ,code,L,70004643,CS,2006-01-07T05:15,2006-01-07T07:40,CDG,1507096884
UUBMHMKJ,code,L,70002972,CS,2006-01-07T09:10,2006-01-07T10:30,TLS,1507096884
UUBMHMKJ,code,L,70004431,CS,2006-01-07T11:40,2006-01-07T13:20,ORY,1507096884
UUBMHMKJ,code,L,70004432,CS,2006-01-07T14:35,2006-01-07T16:15,AJA,1507096884
UUBMHMKJ,code,L,70004437,CS,2006-01-07T17:00,2006-01-07T18:40,ORY,1507096884
UUBMHMKJ,code,L,70004434,CS,2006-01-07T19:30,2006-01-07T20:45,AJA,1507096884
HUVDMVZO,code,L,70004643,ST,2006-01-07T05:15,2006-01-07T07:40,CDG,1507096884
HUVDMVZO,code,L,70002972,ST,2006-01-07T09:10,2006-01-07T10:30,TLS,1507096884
HUVDMVZO,code,L,70004431,ST,2006-01-07T11:40,2006-01-07T13:20,ORY,1507096884
HUVDMVZO,code,L,70004432,ST,2006-01-07T14:35,2006-01-07T16:15,AJA,1507096884
HUVDMVZO,code,L,70004437,ST,2006-01-07T17:00,2006-01-07T18:40,ORY,1507096884
HUVDMVZO,code,L,70004434,ST,2006-01-07T19:30,2006-01-07T20:45,AJA,1507096884
WGDYNQFJ,code,L,70004643,ST,2006-01-07T05:15,2006-01-07T07:40,CDG,1507096884
WGDYNQFJ,code,L,70002972,ST,2006-01-07T09:10,2006-01-07T10:30,TLS,1507096884
WGDYNQFJ,code,L,70004431,ST,2006-01-07T11:40,2006-01-07T13:20,ORY,1507096884
WGDYNQFJ,code,L,70004432,ST,2006-01-07T14:35,2006-01-07T16:15,AJA,1507096884
WGDYNQFJ,code,L,70004437,ST,2006-01-07T17:00,2006-01-07T18:40,ORY,1507096884
WGDYNQFJ,code,L,70004434,ST,2006-01-07T19:30,2006-01-07T20:45,AJA,1507096884
MXDXWFBC,code,L,70004643,ST,2006-01-07T05:15,2006-01-07T07:40,CDG,1507096884
MXDXWFBC,code,L,70002972,ST,2006-01-07T09:10,2006-01-07T10:30,TLS,1507096884
MXDXWFBC,code,L,70004431,ST,2006-01-07T11:40,2006-01-07T13:20,ORY,1507096884
MXDXWFBC,code,L,70004432,ST,2006-01-07T14:35,2006-01-07T16:15,AJA,1507096884
MXDXWFBC,code,L,70004437,ST,2006-01-07T17:00,2006-01-07T18:40,ORY,1507096884
MXDXWFBC,code,L,70004434,ST,2006-01-07T19:30,2006-01-07T20:45,AJA,1507096884
RRKTGDST,code,L,70004643,ST,2006-01-07T05:15,2006-01-07T07:40,CDG,1507096884
RRKTGDST,code,L,70002972,ST,2006-01-07T09:10,2006-01-07T10:30,TLS,1507096884
RRKTGDST,code,L,70004431,ST,2006-01-07T11:40,2006-01-07T13:20,ORY,1507096884
RRKTGDST,code,L,70004432,ST,2006-01-07T14:35,2006-01-07T16:15,AJA,1507096884
RRKTGDST,code,L,70004437,ST,2006-01-07T17:00,2006-01-07T18:40,ORY,1507096884
RRKTGDST,code,L,70004434,ST,2006-01-07T19:30,2006-01-07T20:45,AJA,1507096884
NJFHKIVU,code,L,70004523,CP,2006-01-07T05:15,2006-01-07T07:40,CDG,585887566
NJFHKIVU,code,L,70004524,CP,2006-01-07T09:05,2006-01-07T11:20,MRS,585887566
WHBPBUUB,code,L,70004523,FO,2006-01-07T05:15,2006-01-07T07:40,CDG,585887566
WHBPBUUB,code,L,70004524,FO,2006-01-07T09:05,2006-01-07T11:20,MRS,585887566
HGGUPOKJ,code,L,70004523,CS,2006-01-07T05:15,2006-01-07T07:40,CDG,585887566
HGGUPOKJ,code,L,70004524,CS,2006-01-07T09:05,2006-01-07T11:20,MRS,585887566
SFFJNANT,code,L,70004523,CS,2006-01-07T05:15,2006-01-07T07:40,CDG,585887566
SFFJNANT,code,L,70004524,CS,2006-01-07T09:05,2006-01-07T11:20,MRS,585887566
OQEFMZGA,code,L,70004523,ST,2006-01-07T05:15,2006-01-07T07:40,CDG,585887566
OQEFMZGA,code,L,70004524,ST,2006-01-07T09:05,2006-01-07T11:20,MRS,585887566
YLQENQPD,code,L,70004523,ST,2006-01-07T05:15,2006-01-07T07:40,CDG,585887566
YLQENQPD,code,L,70004524,ST,2006-01-07T09:05,2006-01-07T11:20,MRS,585887566
IQOBEFMT,code,L,70004523,ST,2006-01-07T05:15,2006-01-07T07:40,CDG,585887566
IQOBEFMT,code,L,70004524,ST,2006-01-07T09:05,2006-01-07T11:20,MRS,585887566
INPIHTKB,code,L,70004523,ST,2006-01-07T05:15,2006-01-07T07:40,CDG,585887566
INPIHTKB,code,L,70004524,ST,2006-01-07T09:05,2006-01-07T11:20,MRS,585887566
AEJBXXPL,code,L,70004563,CP,2006-01-07T05:20,2006-01-07T07:55,CDG,485266100
AEJBXXPL,code,L,70004564,CP,2006-01-07T09:05,2006-01-07T11:25,NCE,485266100
GPINCOPZ,code,L,70004563,FO,2006-01-07T05:20,2006-01-07T07:55,CDG,485266100
GPINCOPZ,code,L,70004564,FO,2006-01-07T09:05,2006-01-07T11:25,NCE,485266100
DNHJOATW,code,L,70004563,CS,2006-01-07T05:20,2006-01-07T07:55,CDG,485266100
DNHJOATW,code,L,70004564,CS,2006-01-07T09:05,2006-01-07T11:25,NCE,485266100
KVRAALYB,code,L,70004563,CS,2006-01-07T05:20,2006-01-07T07:55,CDG,485266100
KVRAALYB,code,L,70004564,CS,2006-01-07T09:05,2006-01-07T11:25,NCE,485266100
ZLVSENDB,code,L,70004563,ST,2006-01-07T05:20,2006-01-07T07:55,CDG,485266100
ZLVSENDB,code,L,70004564,ST,2006-01-07T09:05,2006-01-07T11:25,NCE,485266100
WRTHFFFX,code,L,70004563,ST,2006-01-07T05:20,2006-01-07T07:55,CDG,485266100
WRTHFFFX,code,L,70004564,ST,2006-01-07T09:05,2006-01-07T11:25,NCE,485266100
TVMSMSAF,code,L,70004563,ST,2006-01-07T05:20,2006-01-07T07:55,CDG,485266100
TVMSMSAF,code,L,70004564,ST,2006-01-07T09:05,2006-01-07T11:25,NCE,485266100
KPRUYAVC,code,L,70004563,ST,2006-01-07T05:20,2006-01-07T07:55,CDG,485266100
KPRUYAVC,code,L,70004564,ST,2006-01-07T09:05,2006-01-07T11:25,NCE,485266100
NRMPZABJ,code,L,70004375,CP,2006-01-07T05:25,2006-01-07T07:50,ORY,2039633683
NRMPZABJ,code,L,70004376,CP,2006-01-07T08:35,2006-01-07T10:50,TLN,2039633683
OGYIEJJK,code,L,70004375,FO,2006-01-07T05:25,2006-01-07T07:50,ORY,2039633683
OGYIEJJK,code,L,70004376,FO,2006-01-07T08:35,2006-01-07T10:50,TLN,2039633683
QLPUNJFL,code,L,70004375,CS,2006-01-07T05:25,2006-01-07T07:50,ORY,2039633683
QLPUNJFL,code,L,70004376,CS,2006-01-07T08:35,2006-01-07T10:50,TLN,2039633683
GWBRHATL,code,L,70004375,CS,2006-01-07T05:25,2006-01-07T07:50,ORY,2039633683
GWBRHATL,code,L,70004376,CS,2006-01-07T08:35,2006-01-07T10:50,TLN,2039633683
IMNWDGCG,code,L,70004375,ST,2006-01-07T05:25,2006-01-07T07:50,ORY,2039633683
IMNWDGCG,code,L,70004376,ST,2006-01-07T08:35,2006-01-07T10:50,TLN,2039633683
ZYXSQJJH,code,L,70004375,ST,2006-01-07T05:25,2006-01-07T07:50,ORY,2039633683
ZYXSQJJH,code,L,70004376,ST,2006-01-07T08:35,2006-01-07T10:50,TLN,2039633683
FDKSOYHE,code,L,70004375,ST,2006-01-07T05:25,2006-01-07T07:50,ORY,2039633683
FDKSOYHE,code,L,70004376,ST,2006-01-07T08:35,2006-01-07T10:50,TLN,2039633683
JODDXUWB,code,L,70004375,ST,2006-01-07T05:25,2006-01-07T07:50,ORY,2039633683
JODDXUWB,code,L,70004376,ST,2006-01-07T08:35,2006-01-07T10:50,TLN,2039633683
VBHLHGYC,code,L,70004514,CP,2006-01-07T05:25,2006-01-07T07:35,LYS,1484135457
VBHLHGYC,code,L,70004503,CP,2006-01-07T08:30,2006-01-07T10:25,CDG,1484135457
TPCIDVCK,code,L,70004514,FO,2006-01-07T05:25,2006-01-07T07:35,LYS,1484135457
TPCIDVCK,code,L,70004503,FO,2006-01-07T08:30,2006-01-07T10:25,CDG,1484135457
DVFSVSBJ,code,L,70004514,CS,2006-01-07T05:25,2006-01-07T07:35,LYS,1484135457
DVFSVSBJ,code,L,70004503,CS,2006-01-07T08:30,2006-01-07T10:25,CDG,1484135457
YHRECIRM,code,L,70004514,CS,2006-01-07T05:25,2006-01-07T07:35,LYS,1484135457
YHRECIRM,code,L,70004503,CS,2006-01-07T08:30,2006-01-07T10:25,CDG,1484135457
JVSFCOHE,code,L,70004514,ST,2006-01-07T05:25,2006-01-07T07:35,LYS,1484135457
JVSFCOHE,code,L,70004503,ST,2006-01-07T08:30,2006-01-07T10:25,CDG,1484135457
OHSUEDQI,code,L,70004514,ST,2006-01-07T05:25,2006-01-07T07:35,LYS,1484135457
OHSUEDQI,code,L,70004503,ST,2006-01-07T08:30,2006-01-07T10:25,CDG,1484135457
KKDYNSIM,code,L,70004514,ST,2006-01-07T05:25,2006-01-07T07:35,LYS,1484135457
KKDYNSIM,code,L,70004503,ST,2006-01-07T08:30,2006-01-07T10:25,CDG,1484135457
TXZRQPOP,code,L,70004514,ST,2006-01-07T05:25,2006-01-07T07:35,LYS,1484135457
TXZRQPOP,code,L,70004503,ST,2006-01-07T08:30,2006-01-07T10:25,CDG,1484135457
AUQCMAAJ,code,L,70004574,CP,2006-01-07T05:25,2006-01-07T08:00,NCE,16322739
AUQCMAAJ,code,L,70004565,CP,2006-01-07T09:35,2006-01-07T11:55,CDG,16322739
ZVFQKXCB,code,L,70004574,FO,2006-01-07T05:25,2006-01-07T08:00,NCE,16322739
ZVFQKXCB,code,L,70004565,FO,2006-01-07T09:35,2006-01-07T11:55,CDG,16322739
VNEXDPJX,code,L,70004574,CS,2006-01-07T05:25,2006-01-07T08:00,NCE,16322739
VNEXDPJX,code,L,70004565,CS,2006-01-07T09:35,2006-01-07T11:55,CDG,16322739
NIOFGWKG,code,L,70004574,CS,2006-01-07T05:25,2006-01-07T08:00,NCE,16322739
NIOFGWKG,code,L,70004565,CS,2006-01-07T09:35,2006-01-07T11:55,CDG,16322739
LZPOWAOW,code,L,70004574,ST,2006-01-07T05:25,2006-01-07T08:00,NCE,16322739
LZPOWAOW,code,L,70004565,ST,2006-01-07T09:35,2006-01-07T11:55,CDG,16322739
DWRKNABK,code,L,70004574,ST,2006-01-07T05:25,2006-01-07T08:00,NCE,16322739
DWRKNABK,code,L,70004565,ST,2006-01-07T09:35,2006-01-07T11:55,CDG,16322739
LWFUDBYC,code,L,70004574,ST,2006-01-07T05:25,2006-01-07T08:00,NCE,16322739
LWFUDBYC,code,L,70004565,ST,2006-01-07T09:35,2006-01-07T11:55,CDG,16322739
WZSPVMUZ,code,L,70004574,ST,2006-01-07T05:25,2006-01-07T08:00,NCE,16322739
WZSPVMUZ,code,L,70004565,ST,2006-01-07T09:35,2006-01-07T11:55,CDG,16322739
TDMNWZDI,code,L,70004483,CP,2006-01-07T05:30,2006-01-07T07:50,CDG,659767626
TDMNWZDI,code,L,70004488,CP,2006-01-07T09:20,2006-01-07T11:30,BOD,659767626
SQMTAAHR,code,L,70004483,FO,2006-01-07T05:30,2006-01-07T07:50,CDG,659767626
SQMTAAHR,code,L,70004488,FO,2006-01-07T09:20,2006-01-07T11:30,BOD,659767626
DWCMDUPL,code,L,70004483,CS,2006-01-07T05:30,2006-01-07T07:50,CDG,659767626
DWCMDUPL,code,L,70004488,CS,2006-01-07T09:20,2006-01-07T11:30,BOD,659767626
SPBFCEFG,code,L,70004483,CS,2006-01-07T05:30,2006-01-07T07:50,CDG,659767626
SPBFCEFG,code,L,70004488,CS,2006-01-07T09:20,2006-01-07T11:30,BOD,659767626
VSSIPSVV,code,L,70004483,ST,2006-01-07T05:30,2006-01-07T07:50,CDG,659767626
VSSIPSVV,code,L,70004488,ST,2006-01-07T09:20,2006-01-07T11:30,BOD,659767626
CWCDRDSO,code,L,70004483,ST,2006-01-07T05:30,2006-01-07T07:50,CDG,659767626
CWCDRDSO,code,L,70004488,ST,2006-01-07T09:20,2006-01-07T11:30,BOD,659767626
KLJGYCXH,code,L,70004483,ST,2006-01-07T05:30,2006-01-07T07:50,CDG,659767626
KLJGYCXH,code,L,70004488,ST,2006-01-07T09:20,2006-01-07T11:30,BOD,659767626
QRVBUMHE,code,L,70004483,ST,2006-01-07T05:30,2006-01-07T07:50,CDG,659767626
QRVBUMHE,code,L,70004488,ST,2006-01-07T09:20,2006-01-07T11:30,BOD,659767626
LUSSQKWF,code,L,70003107,CP,2006-01-07T05:30,2006-01-07T07:50,ORY,1539174560
LUSSQKWF,code,L,70003108,CP,2006-01-07T08:35,2006-01-07T10:45,NCE,1539174560
EVMUDNNO,code,L,70003107,FO,2006-01-07T05:30,2006-01-07T07:50,ORY,1539174560
EVMUDNNO,code,L,70003108,FO,2006-01-07T08:35,2006-01-07T10:45,NCE,1539174560
HTQCGTBZ,code,L,70003107,CS,2006-01-07T05:30,2006-01-07T07:50,ORY,1539174560
HTQCGTBZ,code,L,70003108,CS,2006-01-07T08:35,2006-01-07T10:45,NCE,1539174560
QXLJBGXZ,code,L,70003107,CS,2006-01-07T05:30,2006-01-07T07:50,ORY,1539174560
QXLJBGXZ,code,L,70003108,CS,2006-01-07T08:35,2006-01-07T10:45,NCE,1539174560
EOCUAION,code,L,70003107,ST,2006-01-07T05:30,2006-01-07T07:50,ORY,1539174560
EOCUAION,code,L,70003108,ST,2006-01-07T08:35,2006-01-07T10:45,NCE,1539174560
ZICDDUOU,code,L,70003107,ST,2006-01-07T05:30,2006-01-07T07:50,ORY,1539174560
ZICDDUOU,code,L,70003108,ST,2006-01-07T08:35,2006-01-07T10:45,NCE,1539174560
VVPYJYAQ,code,L,70003107,ST,2006-01-07T05:30,2006-01-07T07:50,ORY,1539174560
VVPYJYAQ,code,L,70003108,ST,2006-01-07T08:35,2006-01-07T10:45,NCE,1539174560
ODHCYIXE,code,L,70003107,ST,2006-01-07T05:30,2006-01-07T07:50,ORY,1539174560
ODHCYIXE,code,L,70003108,ST,2006-01-07T08:35,2006-01-07T10:45,NCE,1539174560
GIATQTRS,code,L,70002872,CP,2006-01-07T05:30,2006-01-07T07:50,MRS,185012673
GIATQTRS,code,L,70002879,CP,2006-01-07T08:35,2006-01-07T10:35,ORY,185012673
VTOUFGJQ,code,L,70002872,FO,2006-01-07T05:30,2006-01-07T07:50,MRS,185012673
VTOUFGJQ,code,L,70002879,FO,2006-01-07T08:35,2006-01-07T10:35,ORY,185012673
TTCISUVZ,code,L,70002872,CS,2006-01-07T05:30,2006-01-07T07:50,MRS,185012673
TTCISUVZ,code,L,70002879,CS,2006-01-07T08:35,2006-01-07T10:35,ORY,185012673
MASIWJBO,code,L,70002872,CS,2006-01-07T05:30,2006-01-07T07:50,MRS,185012673
MASIWJBO,code,L,70002879,CS,2006-01-07T08:35,2006-01-07T10:35,ORY,185012673
TGKUSJJL,code,L,70002872,ST,2006-01-07T05:30,2006-01-07T07:50,MRS,185012673
TGKUSJJL,code,L,70002879,ST,2006-01-07T08:35,2006-01-07T10:35,ORY,185012673
KHDPIQIY,code,L,70002872,ST,2006-01-07T05:30,2006-01-07T07:50,MRS,185012673
KHDPIQIY,code,L,70002879,ST,2006-01-07T08:35,2006-01-07T10:35,ORY,185012673
JCSSLSLJ,code,L,70002872,ST,2006-01-07T05:30,2006-01-07T07:50,MRS,185012673
JCSSLSLJ,code,L,70002879,ST,2006-01-07T08:35,2006-01-07T10:35,ORY,185012673
IBSFNCUH,code,L,70002872,ST,2006-01-07T05:30,2006-01-07T07:50,MRS,185012673
IBSFNCUH,code,L,70002879,ST,2006-01-07T08:35,2006-01-07T10:35,ORY,185012673
VTQQSSBJ,code,L,70004360,CP,2006-01-07T05:30,2006-01-07T07:55,LDE,1477521204
VTQQSSBJ,code,L,70004359,CP,2006-01-07T08:45,2006-01-07T10:05,ORY,1477521204
VTQQSSBJ,code,L,70004350,CP,2006-01-07T10:45,2006-01-07T12:10,LDE,1477521204
VTQQSSBJ,code,L,70004349,CP,2006-01-07T12:55,2006-01-07T15:00,ORY,1477521204
LRXJLPHZ,code,L,70004360,FO,2006-01-07T05:30,2006-01-07T07:55,LDE,1477521204
LRXJLPHZ,code,L,70004359,FO,2006-01-07T08:45,2006-01-07T10:05,ORY,1477521204
LRXJLPHZ,code,L,70004350,FO,2006-01-07T10:45,2006-01-07T12:10,LDE,1477521204
LRXJLPHZ,code,L,70004349,FO,2006-01-07T12:55,2006-01-07T15:00,ORY,1477521204
HXEYLWME,code,L,70004360,CS,2006-01-07T05:30,2006-01-07T07:55,LDE,1477521204
HXEYLWME,code,L,70004359,CS,2006-01-07T08:45,2006-01-07T10:05,ORY,1477521204
HXEYLWME,code,L,70004350,CS,2006-01-07T10:45,2006-01-07T12:10,LDE,1477521204
HXEYLWME,code,L,70004349,CS,2006-01-07T12:55,2006-01-07T15:00,ORY,1477521204
XARAREAO,code,L,70004360,ST,2006-01-07T05:30,2006-01-07T07:55,LDE,1477521204
XARAREAO,code,L,70004359,ST,2006-01-07T08:45,2006-01-07T10:05,ORY,1477521204
XARAREAO,code,L,70004350,ST,2006-01-07T10:45,2006-01-07T12:10,LDE,1477521204
XARAREAO,code,L,70004349,ST,2006-01-07T12:55,2006-01-07T15:00,ORY,1477521204
JZHCHQCE,code,L,70004360,ST,2006-01-07T05:30,2006-01-07T07:55,LDE,1477521204
JZHCHQCE,code,L,70004359,ST,2006-01-07T08:45,2006-01-07T10:05,ORY,1477521204
JZHCHQCE,code,L,70004350,ST,2006-01-07T10:45,2006-01-07T12:10,LDE,1477521204
JZHCHQCE,code,L,70004349,ST,2006-01-07T12:55,2006-01-07T15:00,ORY,1477521204
MHREWSNG,code,L,70004623,CP,2006-01-07T05:35,2006-01-07T07:35,ORY,744291659
MHREWSNG,code,L,70004626,CP,2006-01-07T09:35,2006-01-07T10:45,SXB,744291659
MHREWSNG,code,L,70004625,CP,2006-01-07T11:40,2006-01-07T12:50,CDG,744291659
MHREWSNG,code,L,70004634,CP,2006-01-07T14:10,2006-01-07T15:20,SXB,744291659
MHREWSNG,code,L,70004629,CP,2006-01-07T16:30,2006-01-07T17:40,CDG,744291659
MHREWSNG,code,L,70004630,CP,2006-01-07T18:25,2006-01-07T19:35,SXB,744291659
MHREWSNG,code,L,70004647,CP,2006-01-07T20:30,2006-01-07T22:25,CDG,744291659
QTCCFNXY,code,L,70004623,FO,2006-01-07T05:35,2006-01-07T07:35,ORY,744291659
QTCCFNXY,code,L,70004626,FO,2006-01-07T09:35,2006-01-07T10:45,SXB,744291659
QTCCFNXY,code,L,70004625,FO,2006-01-07T11:40,2006-01-07T12:50,CDG,744291659
QTCCFNXY,code,L,70004634,FO,2006-01-07T14:10,2006-01-07T15:20,SXB,744291659
QTCCFNXY,code,L,70004629,FO,2006-01-07T16:30,2006-01-07T17:40,CDG,744291659
QTCCFNXY,code,L,70004630,FO,2006-01-07T18:25,2006-01-07T19:35,SXB,744291659
QTCCFNXY,code,L,70004647,FO,2006-01-07T20:30,2006-01-07T22:25,CDG,744291659
OYQPIPLL,code,L,70004623,CS,2006-01-07T05:35,2006-01-07T07:35,ORY,744291659
OYQPIPLL,code,L,70004626,CS,2006-01-07T09:35,2006-01-07T10:45,SXB,744291659
OYQPIPLL,code,L,70004625,CS,2006-01-07T11:40,2006-01-07T12:50,CDG,744291659
OYQPIPLL,code,L,70004634,CS,2006-01-07T14:10,2006-01-07T15:20,SXB,744291659
OYQPIPLL,code,L,70004629,CS,2006-01-07T16:30,2006-01-07T17:40,CDG,744291659
OYQPIPLL,code,L,70004630,CS,2006-01-07T18:25,2006-01-07T19:35,SXB,744291659
OYQPIPLL,code,L,70004647,CS,2006-01-07T20:30,2006-01-07T22:25,CDG,744291659
AFPXPSQA,code,L,70004623,CS,2006-01-07T05:35,2006-01-07T07:35,ORY,744291659
AFPXPSQA,code,L,70004626,CS,2006-01-07T09:35,2006-01-07T10:45,SXB,744291659
AFPXPSQA,code,L,70004625,CS,2006-01-07T11:40,2006-01-07T12:50,CDG,744291659
AFPXPSQA,code,L,70004634,CS,2006-01-07T14:10,2006-01-07T15:20,SXB,744291659
AFPXPSQA,code,L,70004629,CS,2006-01-07T16:30,2006-01-07T17:40,CDG,744291659
AFPXPSQA,code,L,70004630,CS,2006-01-07T18:25,2006-01-07T19:35,SXB,744291659
AFPXPSQA,code,L,70004647,CS,2006-01-07T20:30,2006-01-07T22:25,CDG,744291659
HJXPCLSC,code,L,70004623,ST,2006-01-07T05:35,2006-01-07T07:35,ORY,744291659
HJXPCLSC,code,L,70004626,ST,2006-01-07T09:35,2006-01-07T10:45,SXB,744291659
HJXPCLSC,code,L,70004625,ST,2006-01-07T11:40,2006-01-07T12:50,CDG,744291659
HJXPCLSC,code,L,70004634,ST,2006-01-07T14:10,2006-01-07T15:20,SXB,744291659
HJXPCLSC,code,L,70004629,ST,2006-01-07T16:30,2006-01-07T17:40,CDG,744291659
HJXPCLSC,code,L,70004630,ST,2006-01-07T18:25,2006-01-07T19:35,SXB,744291659
HJXPCLSC,code,L,70004647,ST,2006-01-07T20:30,2006-01-07T22:25,CDG,744291659
NGTHQHRF,code,L,70004623,ST,2006-01-07T05:35,2006-01-07T07:35,ORY,744291659
NGTHQHRF,code,L,70004626,ST,2006-01-07T09:35,2006-01-07T10:45,SXB,744291659
NGTHQHRF,code,L,70004625,ST,2006-01-07T11:40,2006-01-07T12:50,CDG,744291659
NGTHQHRF,code,L,70004634,ST,2006-01-07T14:10,2006-01-07T15:20,SXB,744291659
NGTHQHRF,code,L,70004629,ST,2006-01-07T16:30,2006-01-07T17:40,CDG,744291659
NGTHQHRF,code,L,70004630,ST,2006-01-07T18:25,2006-01-07T19:35,SXB,744291659
NGTHQHRF,code,L,70004647,ST,2006-01-07T20:30,2006-01-07T22:25,CDG,744291659
UILSPDHJ,code,L,70004623,ST,2006-01-07T05:35,2006-01-07T07:35,ORY,744291659
UILSPDHJ,code,L,70004626,ST,2006-01-07T09:35,2006-01-07T10:45,SXB,744291659
UILSPDHJ,code,L,70004625,ST,2006-01-07T11:40,2006-01-07T12:50,CDG,744291659
UILSPDHJ,code,L,70004634,ST,2006-01-07T14:10,2006-01-07T15:20,SXB,744291659
UILSPDHJ,code,L,70004629,ST,2006-01-07T16:30,2006-01-07T17:40,CDG,744291659
UILSPDHJ,code,L,70004630,ST,2006-01-07T18:25,2006-01-07T19:35,SXB,744291659
UILSPDHJ,code,L,70004647,ST,2006-01-07T20:30,2006-01-07T22:25,CDG,744291659
UNYKFRGY,code,L,70004623,ST,2006-01-07T05:35,2006-01-07T07:35,ORY,744291659
UNYKFRGY,code,L,70004626,ST,2006-01-07T09:35,2006-01-07T10:45,SXB,744291659
UNYKFRGY,code,L,70004625,ST,2006-01-07T11:40,2006-01-07T12:50,CDG,744291659
UNYKFRGY,code,L,70004634,ST,2006-01-07T14:10,2006-01-07T15:20,SXB,744291659
UNYKFRGY,code,L,70004629,ST,2006-01-07T16:30,2006-01-07T17:40,CDG,744291659
UNYKFRGY,code,L,70004630,ST,2006-01-07T18:25,2006-01-07T19:35,SXB,744291659
UNYKFRGY,code,L,70004647,ST,2006-01-07T20:30,2006-01-07T22:25,CDG,744291659
WGXYJLAZ,code,L,70004536,CP,2006-01-07T05:35,2006-01-07T08:05,MRS,689146701
WGXYJLAZ,code,L,70004525,CP,2006-01-07T09:30,2006-01-07T11:40,CDG,689146701
PXCOZTHY,code,L,70004536,FO,2006-01-07T05:35,2006-01-07T08:05,MRS,689146701
PXCOZTHY,code,L,70004525,FO,2006-01-07T09:30,2006-01-07T11:40,CDG,689146701
YUCNBQHU,code,L,70004536,CS,2006-01-07T05:35,2006-01-07T08:05,MRS,689146701
YUCNBQHU,code,L,70004525,CS,2006-01-07T09:30,2006-01-07T11:40,CDG,689146701
RSATJGMM,code,L,70004536,CS,2006-01-07T05:35,2006-01-07T08:05,MRS,689146701
RSATJGMM,code,L,70004525,CS,2006-01-07T09:30,2006-01-07T11:40,CDG,689146701
RJFGFTPG,code,L,70004536,ST,2006-01-07T05:35,2006-01-07T08:05,MRS,689146701
RJFGFTPG,code,L,70004525,ST,2006-01-07T09:30,2006-01-07T11:40,CDG,689146701
QONPQIBO,code,L,70004536,ST,2006-01-07T05:35,2006-01-07T08:05,MRS,689146701
QONPQIBO,code,L,70004525,ST,2006-01-07T09:30,2006-01-07T11:40,CDG,689146701
NECHCMPG,code,L,70004536,ST,2006-01-07T05:35,2006-01-07T08:05,MRS,689146701
NECHCMPG,code,L,70004525,ST,2006-01-07T09:30,2006-01-07T11:40,CDG,689146701
TLSKPLFI,code,L,70004536,ST,2006-01-07T05:35,2006-01-07T08:05,MRS,689146701
TLSKPLFI,code,L,70004525,ST,2006-01-07T09:30,2006-01-07T11:40,CDG,689146701
LBJYJCFM,code,L,70002970,CP,2006-01-07T05:40,2006-01-07T08:00,TLS,100621466
LBJYJCFM,code,L,70002975,CP,2006-01-07T08:50,2006-01-07T10:45,ORY,100621466
EKOIAGCT,code,L,70002970,FO,2006-01-07T05:40,2006-01-07T08:00,TLS,100621466
EKOIAGCT,code,L,70002975,FO,2006-01-07T08:50,2006-01-07T10:45,ORY,100621466
OVGNNBAA,code,L,70002970,CS,2006-01-07T05:40,2006-01-07T08:00,TLS,100621466
OVGNNBAA,code,L,70002975,CS,2006-01-07T08:50,2006-01-07T10:45,ORY,100621466
GDRSKMZN,code,L,70002970,CS,2006-01-07T05:40,2006-01-07T08:00,TLS,100621466
GDRSKMZN,code,L,70002975,CS,2006-01-07T08:50,2006-01-07T10:45,ORY,100621466
OPIHYTAK,code,L,70002970,ST,2006-01-07T05:40,2006-01-07T08:00,TLS,100621466
OPIHYTAK,code,L,70002975,ST,2006-01-07T08:50,2006-01-07T10:45,ORY,100621466
HRMMRUGI,code,L,70002970,ST,2006-01-07T05:40,2006-01-07T08:00,TLS,100621466
HRMMRUGI,code,L,70002975,ST,2006-01-07T08:50,2006-01-07T10:45,ORY,100621466
CPVWBCKN,code,L,70002970,ST,2006-01-07T05:40,2006-01-07T08:00,TLS,100621466
CPVWBCKN,code,L,70002975,ST,2006-01-07T08:50,2006-01-07T10:45,ORY,100621466
NRWFESRG,code,L,70002970,ST,2006-01-07T05:40,2006-01-07T08:00,TLS,100621466
NRWFESRG,code,L,70002975,ST,2006-01-07T08:50,2006-01-07T10:45,ORY,100621466
ZYURDSJL,code,L,70002605,CP,2006-01-07T05:40,2006-01-07T07:45,RNS,1617046705
ZYURDSJL,code,L,70002606,CP,2006-01-07T08:10,2006-01-07T10:05,TLS,1617046705
IMDQFINX,code,L,70002605,FO,2006-01-07T05:40,2006-01-07T07:45,RNS,1617046705
IMDQFINX,code,L,70002606,FO,2006-01-07T08:10,2006-01-07T10:05,TLS,1617046705
SKDGDQCW,code,L,70002605,CSD,2006-01-07T05:40,2006-01-07T07:45,RNS,1617046705
SKDGDQCW,code,L,70002606,CSD,2006-01-07T08:10,2006-01-07T10:05,TLS,1617046705
CCIYFINK,code,L,70002605,ST,2006-01-07T05:40,2006-01-07T07:45,RNS,1617046705
CCIYFINK,code,L,70002606,ST,2006-01-07T08:10,2006-01-07T10:05,TLS,1617046705
OMRLGSTS,code,L,70002605,ST,2006-01-07T05:40,2006-01-07T07:45,RNS,1617046705
OMRLGSTS,code,L,70002606,ST,2006-01-07T08:10,2006-01-07T10:05,TLS,1617046705
MYKMKQYY,code,L,70002969,CP,2006-01-07T05:50,2006-01-07T08:00,ORY,1048083132
MYKMKQYY,code,L,70002976,CP,2006-01-07T08:40,2006-01-07T10:45,TLS,1048083132
DNDIGBKT,code,L,70002969,FO,2006-01-07T05:50,2006-01-07T08:00,ORY,1048083132
DNDIGBKT,code,L,70002976,FO,2006-01-07T08:40,2006-01-07T10:45,TLS,1048083132
OUQMXVBG,code,L,70002969,CS,2006-01-07T05:50,2006-01-07T08:00,ORY,1048083132
OUQMXVBG,code,L,70002976,CS,2006-01-07T08:40,2006-01-07T10:45,TLS,1048083132
LFVULWPX,code,L,70002969,CS,2006-01-07T05:50,2006-01-07T08:00,ORY,1048083132
LFVULWPX,code,L,70002976,CS,2006-01-07T08:40,2006-01-07T10:45,TLS,1048083132
QQSOUHIG,code,L,70002969,ST,2006-01-07T05:50,2006-01-07T08:00,ORY,1048083132
QQSOUHIG,code,L,70002976,ST,2006-01-07T08:40,2006-01-07T10:45,TLS,1048083132
UTDRGCCS,code,L,70002969,ST,2006-01-07T05:50,2006-01-07T08:00,ORY,1048083132
UTDRGCCS,code,L,70002976,ST,2006-01-07T08:40,2006-01-07T10:45,TLS,1048083132
SZZMUWHI,code,L,70002969,ST,2006-01-07T05:50,2006-01-07T08:00,ORY,1048083132
SZZMUWHI,code,L,70002976,ST,2006-01-07T08:40,2006-01-07T10:45,TLS,1048083132
BOMFCWTR,code,L,70002969,ST,2006-01-07T05:50,2006-01-07T08:00,ORY,1048083132
BOMFCWTR,code,L,70002976,ST,2006-01-07T08:40,2006-01-07T10:45,TLS,1048083132
LRLUJFTE,code,L,70004618,CP,2006-01-07T06:00,2006-01-07T08:10,ETZ,1002897798
LRLUJFTE,code,L,70004617,CP,2006-01-07T08:40,2006-01-07T10:25,ORY,1002897798
AAOKBOZG,code,L,70004618,FO,2006-01-07T06:00,2006-01-07T08:10,ETZ,1002897798
AAOKBOZG,code,L,70004617,FO,2006-01-07T08:40,2006-01-07T10:25,ORY,1002897798
YGYSTPUN,code,L,70004618,CS,2006-01-07T06:00,2006-01-07T08:10,ETZ,1002897798
YGYSTPUN,code,L,70004617,CS,2006-01-07T08:40,2006-01-07T10:25,ORY,1002897798
ROLPKWXI,code,L,70004618,CS,2006-01-07T06:00,2006-01-07T08:10,ETZ,1002897798
ROLPKWXI,code,L,70004617,CS,2006-01-07T08:40,2006-01-07T10:25,ORY,1002897798
EHDZBWQG,code,L,70004618,ST,2006-01-07T06:00,2006-01-07T08:10,ETZ,1002897798
EHDZBWQG,code,L,70004617,ST,2006-01-07T08:40,2006-01-07T10:25,ORY,1002897798
WJAOEPSQ,code,L,70004618,ST,2006-01-07T06:00,2006-01-07T08:10,ETZ,1002897798
WJAOEPSQ,code,L,70004617,ST,2006-01-07T08:40,2006-01-07T10:25,ORY,1002897798
QKIYDZMJ,code,L,70004618,ST,2006-01-07T06:00,2006-01-07T08:10,ETZ,1002897798
QKIYDZMJ,code,L,70004617,ST,2006-01-07T08:40,2006-01-07T10:25,ORY,1002897798
OLQTUKLW,code,L,70004618,ST,2006-01-07T06:00,2006-01-07T08:10,ETZ,1002897798
OLQTUKLW,code,L,70004617,ST,2006-01-07T08:40,2006-01-07T10:25,ORY,1002897798
URJFJTFS,code,L,70003065,CP,2006-01-07T06:00,2006-01-07T08:20,ORY,2026928803
URJFJTFS,code,L,70003070,CP,2006-01-07T09:05,2006-01-07T11:15,NCE,2026928803
EVTXPTRS,code,L,70003065,FO,2006-01-07T06:00,2006-01-07T08:20,ORY,2026928803
EVTXPTRS,code,L,70003070,FO,2006-01-07T09:05,2006-01-07T11:15,NCE,2026928803
UABBNEBL,code,L,70003065,CS,2006-01-07T06:00,2006-01-07T08:20,ORY,2026928803
UABBNEBL,code,L,70003070,CS,2006-01-07T09:05,2006-01-07T11:15,NCE,2026928803
KUQFVRKG,code,L,70003065,CS,2006-01-07T06:00,2006-01-07T08:20,ORY,2026928803
KUQFVRKG,code,L,70003070,CS,2006-01-07T09:05,2006-01-07T11:15,NCE,2026928803
RHYXVCFQ,code,L,70003065,ST,2006-01-07T06:00,2006-01-07T08:20,ORY,2026928803
RHYXVCFQ,code,L,70003070,ST,2006-01-07T09:05,2006-01-07T11:15,NCE,2026928803
QUEYGDCN,code,L,70003065,ST,2006-01-07T06:00,2006-01-07T08:20,ORY,2026928803
QUEYGDCN,code,L,70003070,ST,2006-01-07T09:05,2006-01-07T11:15,NCE,2026928803
MERJKTCE,code,L,70003065,ST,2006-01-07T06:00,2006-01-07T08:20,ORY,2026928803
MERJKTCE,code,L,70003070,ST,2006-01-07T09:05,2006-01-07T11:15,NCE,2026928803
EROFOVWQ,code,L,70003065,ST,2006-01-07T06:00,2006-01-07T08:20,ORY,2026928803
EROFOVWQ,code,L,70003070,ST,2006-01-07T09:05,2006-01-07T11:15,NCE,2026928803
FMKADMZJ,code,L,70004164,CP,2006-01-07T06:00,2006-01-07T08:00,SXB,1704637349
FMKADMZJ,code,L,70002883,CP,2006-01-07T11:35,2006-01-07T12:50,ORY,1704637349
FMKADMZJ,code,L,70002892,CP,2006-01-07T13:30,2006-01-07T14:50,MRS,1704637349
FMKADMZJ,code,L,70002895,CP,2006-01-07T15:35,2006-01-07T16:50,ORY,1704637349
FMKADMZJ,code,L,70002908,CP,2006-01-07T17:30,2006-01-07T18:50,MRS,1704637349
FMKADMZJ,code,L,70004189,CP,2006-01-07T19:25,2006-01-07T21:10,ORY,1704637349
CIXUKYXG,code,L,70004164,FO,2006-01-07T06:00,2006-01-07T08:00,SXB,1704637349
CIXUKYXG,code,L,70002883,FO,2006-01-07T11:35,2006-01-07T12:50,ORY,1704637349
CIXUKYXG,code,L,70002892,FO,2006-01-07T13:30,2006-01-07T14:50,MRS,1704637349
CIXUKYXG,code,L,70002895,FO,2006-01-07T15:35,2006-01-07T16:50,ORY,1704637349
CIXUKYXG,code,L,70002908,FO,2006-01-07T17:30,2006-01-07T18:50,MRS,1704637349
CIXUKYXG,code,L,70004189,FO,2006-01-07T19:25,2006-01-07T21:10,ORY,1704637349
JVTKFRAW,code,L,70004164,CS,2006-01-07T06:00,2006-01-07T08:00,SXB,1704637349
JVTKFRAW,code,L,70002883,CS,2006-01-07T11:35,2006-01-07T12:50,ORY,1704637349
JVTKFRAW,code,L,70002892,CS,2006-01-07T13:30,2006-01-07T14:50,MRS,1704637349
JVTKFRAW,code,L,70002895,CS,2006-01-07T15:35,2006-01-07T16:50,ORY,1704637349
JVTKFRAW,code,L,70002908,CS,2006-01-07T17:30,2006-01-07T18:50,MRS,1704637349
JVTKFRAW,code,L,70004189,CS,2006-01-07T19:25,2006-01-07T21:10,ORY,1704637349
NPMLJMFN,code,L,70004164,CS,2006-01-07T06:00,2006-01-07T08:00,SXB,1704637349
NPMLJMFN,code,L,70002883,CS,2006-01-07T11:35,2006-01-07T12:50,ORY,1704637349
NPMLJMFN,code,L,70002892,CS,2006-01-07T13:30,2006-01-07T14:50,MRS,1704637349
NPMLJMFN,code,L,70002895,CS,2006-01-07T15:35,2006-01-07T16:50,ORY,1704637349
NPMLJMFN,code,L,70002908,CS,2006-01-07T17:30,2006-01-07T18:50,MRS,1704637349
NPMLJMFN,code,L,70004189,CS,2006-01-07T19:25,2006-01-07T21:10,ORY,1704637349
ZRUDFDYF,code,L,70004164,ST,2006-01-07T06:00,2006-01-07T08:00,SXB,1704637349
ZRUDFDYF,code,L,70002883,ST,2006-01-07T11:35,2006-01-07T12:50,ORY,1704637349
ZRUDFDYF,code,L,70002892,ST,2006-01-07T13:30,2006-01-07T14:50,MRS,1704637349
ZRUDFDYF,code,L,70002895,ST,2006-01-07T15:35,2006-01-07T16:50,ORY,1704637349
ZRUDFDYF,code,L,70002908,ST,2006-01-07T17:30,2006-01-07T18:50,MRS,1704637349
ZRUDFDYF,code,L,70004189,ST,2006-01-07T19:25,2006-01-07T21:10,ORY,1704637349
GZMZEKPU,code,L,70004164,ST,2006-01-07T06:00,2006-01-07T08:00,SXB,1704637349
GZMZEKPU,code,L,70002883,ST,2006-01-07T11:35,2006-01-07T12:50,ORY,1704637349
GZMZEKPU,code,L,70002892,ST,2006-01-07T13:30,2006-01-07T14:50,MRS,1704637349
GZMZEKPU,code,L,70002895,ST,2006-01-07T15:35,2006-01-07T16:50,ORY,1704637349
GZMZEKPU,code,L,70002908,ST,2006-01-07T17:30,2006-01-07T18:50,MRS,1704637349
GZMZEKPU,code,L,70004189,ST,2006-01-07T19:25,2006-01-07T21:10,ORY,1704637349
MKVLUBMT,code,L,70004164,ST,2006-01-07T06:00,2006-01-07T08:00,SXB,1704637349
MKVLUBMT,code,L,70002883,ST,2006-01-07T11:35,2006-01-07T12:50,ORY,1704637349
MKVLUBMT,code,L,70002892,ST,2006-01-07T13:30,2006-01-07T14:50,MRS,1704637349
MKVLUBMT,code,L,70002895,ST,2006-01-07T15:35,2006-01-07T16:50,ORY,1704637349
MKVLUBMT,code,L,70002908,ST,2006-01-07T17:30,2006-01-07T18:50,MRS,1704637349
MKVLUBMT,code,L,70004189,ST,2006-01-07T19:25,2006-01-07T21:10,ORY,1704637349
GQONQFNN,code,L,70004164,ST,2006-01-07T06:00,2006-01-07T08:00,SXB,1704637349
GQONQFNN,code,L,70002883,ST,2006-01-07T11:35,2006-01-07T12:50,ORY,1704637349
GQONQFNN,code,L,70002892,ST,2006-01-07T13:30,2006-01-07T14:50,MRS,1704637349
GQONQFNN,code,L,70002895,ST,2006-01-07T15:35,2006-01-07T16:50,ORY,1704637349
GQONQFNN,code,L,70002908,ST,2006-01-07T17:30,2006-01-07T18:50,MRS,1704637349
GQONQFNN,code,L,70004189,ST,2006-01-07T19:25,2006-01-07T21:10,ORY,1704637349
YWDCVUFN,code,L,70002610,CP,2006-01-07T06:00,2006-01-07T08:35,RNS,272026514
YWDCVUFN,code,L,70002661,CP,2006-01-07T09:10,2006-01-07T11:05,NCE,272026514
YWDCVUFN,code,L,70002662,CP,2006-01-07T11:45,2006-01-07T13:35,BES,272026514
YWDCVUFN,code,L,70002609,CP,2006-01-07T14:05,2006-01-07T16:30,NCE,272026514
ZRWTXSMG,code,L,70002610,FO,2006-01-07T06:00,2006-01-07T08:35,RNS,272026514
ZRWTXSMG,code,L,70002661,FO,2006-01-07T09:10,2006-01-07T11:05,NCE,272026514
ZRWTXSMG,code,L,70002662,FO,2006-01-07T11:45,2006-01-07T13:35,BES,272026514
ZRWTXSMG,code,L,70002609,FO,2006-01-07T14:05,2006-01-07T16:30,NCE,272026514
DRLEUVDF,code,L,70002610,CSD,2006-01-07T06:00,2006-01-07T08:35,RNS,272026514
DRLEUVDF,code,L,70002661,CSD,2006-01-07T09:10,2006-01-07T11:05,NCE,272026514
DRLEUVDF,code,L,70002662,CSD,2006-01-07T11:45,2006-01-07T13:35,BES,272026514
DRLEUVDF,code,L,70002609,CSD,2006-01-07T14:05,2006-01-07T16:30,NCE,272026514
VRXIHYBD,code,L,70002610,ST,2006-01-07T06:00,2006-01-07T08:35,RNS,272026514
VRXIHYBD,code,L,70002661,ST,2006-01-07T09:10,2006-01-07T11:05,NCE,272026514
VRXIHYBD,code,L,70002662,ST,2006-01-07T11:45,2006-01-07T13:35,BES,272026514
VRXIHYBD,code,L,70002609,ST,2006-01-07T14:05,2006-01-07T16:30,NCE,272026514
PHQNUKZP,code,L,70002610,ST,2006-01-07T06:00,2006-01-07T08:35,RNS,272026514
PHQNUKZP,code,L,70002661,ST,2006-01-07T09:10,2006-01-07T11:05,NCE,272026514
PHQNUKZP,code,L,70002662,ST,2006-01-07T11:45,2006-01-07T13:35,BES,272026514
PHQNUKZP,code,L,70002609,ST,2006-01-07T14:05,2006-01-07T16:30,NCE,272026514
ZGJEKMXD,code,L,70002624,CP,2006-01-07T06:05,2006-01-07T08:25,NTE,1412011072
ZGJEKMXD,code,L,70002623,CP,2006-01-07T09:00,2006-01-07T10:25,MRS,1412011072
ZGJEKMXD,code,L,70002630,CP,2006-01-07T11:00,2006-01-07T12:20,NTE,1412011072
ZGJEKMXD,code,L,70002629,CP,2006-01-07T12:55,2006-01-07T15:05,MRS,1412011072
YOQUGNYJ,code,L,70002624,FO,2006-01-07T06:05,2006-01-07T08:25,NTE,1412011072
YOQUGNYJ,code,L,70002623,FO,2006-01-07T09:00,2006-01-07T10:25,MRS,1412011072
YOQUGNYJ,code,L,70002630,FO,2006-01-07T11:00,2006-01-07T12:20,NTE,1412011072
YOQUGNYJ,code,L,70002629,FO,2006-01-07T12:55,2006-01-07T15:05,MRS,1412011072
AUSQVAUQ,code,L,70002624,CS,2006-01-07T06:05,2006-01-07T08:25,NTE,1412011072
AUSQVAUQ,code,L,70002623,CS,2006-01-07T09:00,2006-01-07T10:25,MRS,1412011072
AUSQVAUQ,code,L,70002630,CS,2006-01-07T11:00,2006-01-07T12:20,NTE,1412011072
AUSQVAUQ,code,L,70002629,CS,2006-01-07T12:55,2006-01-07T15:05,MRS,1412011072
NQWTJRKF,code,L,70002624,CS,2006-01-07T06:05,2006-01-07T08:25,NTE,1412011072
NQWTJRKF,code,L,70002623,CS,2006-01-07T09:00,2006-01-07T10:25,MRS,1412011072
NQWTJRKF,code,L,70002630,CS,2006-01-07T11:00,2006-01-07T12:20,NTE,1412011072
NQWTJRKF,code,L,70002629,CS,2006-01-07T12:55,2006-01-07T15:05,MRS,1412011072
ZNUHJYGB,code,L,70002624,ST,2006-01-07T06:05,2006-01-07T08:25,NTE,1412011072
ZNUHJYGB,code,L,70002623,ST,2006-01-07T09:00,2006-01-07T10:25,MRS,1412011072
ZNUHJYGB,code,L,70002630,ST,2006-01-07T11:00,2006-01-07T12:20,NTE,1412011072
ZNUHJYGB,code,L,70002629,ST,2006-01-07T12:55,2006-01-07T15:05,MRS,1412011072
RLDSIIWW,code,L,70002624,ST,2006-01-07T06:05,2006-01-07T08:25,NTE,1412011072
RLDSIIWW,code,L,70002623,ST,2006-01-07T09:00,2006-01-07T10:25,MRS,1412011072
RLDSIIWW,code,L,70002630,ST,2006-01-07T11:00,2006-01-07T12:20,NTE,1412011072
RLDSIIWW,code,L,70002629,ST,2006-01-07T12:55,2006-01-07T15:05,MRS,1412011072
YNSDBEDM,code,L,70002624,ST,2006-01-07T06:05,2006-01-07T08:25,NTE,1412011072
YNSDBEDM,code,L,70002623,ST,2006-01-07T09:00,2006-01-07T10:25,MRS,1412011072
YNSDBEDM,code,L,70002630,ST,2006-01-07T11:00,2006-01-07T12:20,NTE,1412011072
YNSDBEDM,code,L,70002629,ST,2006-01-07T12:55,2006-01-07T15:05,MRS,1412011072
ITQWBIZB,code,L,70002624,ST,2006-01-07T06:05,2006-01-07T08:25,NTE,1412011072
ITQWBIZB,code,L,70002623,ST,2006-01-07T09:00,2006-01-07T10:25,MRS,1412011072
ITQWBIZB,code,L,70002630,ST,2006-01-07T11:00,2006-01-07T12:20,NTE,1412011072
ITQWBIZB,code,L,70002629,ST,2006-01-07T12:55,2006-01-07T15:05,MRS,1412011072
NDQTRFJY,code,L,70003117,CP,2006-01-07T06:15,2006-01-07T08:20,ORY,1844137836
NDQTRFJY,code,L,70003144,CP,2006-01-07T09:10,2006-01-07T10:20,BOD,1844137836
NDQTRFJY,code,L,70002869,CP,2006-01-07T12:10,2006-01-07T13:25,ORY,1844137836
NDQTRFJY,code,L,70002878,CP,2006-01-07T14:55,2006-01-07T16:50,MRS,1844137836
LKQBRJXC,code,L,70003117,FO,2006-01-07T06:15,2006-01-07T08:20,ORY,1844137836
LKQBRJXC,code,L,70003144,FO,2006-01-07T09:10,2006-01-07T10:20,BOD,1844137836
LKQBRJXC,code,L,70002869,FO,2006-01-07T12:10,2006-01-07T13:25,ORY,1844137836
LKQBRJXC,code,L,70002878,FO,2006-01-07T14:55,2006-01-07T16:50,MRS,1844137836
LOHKMRJP,code,L,70003117,CS,2006-01-07T06:15,2006-01-07T08:20,ORY,1844137836
LOHKMRJP,code,L,70003144,CS,2006-01-07T09:10,2006-01-07T10:20,BOD,1844137836
LOHKMRJP,code,L,70002869,CS,2006-01-07T12:10,2006-01-07T13:25,ORY,1844137836
LOHKMRJP,code,L,70002878,CS,2006-01-07T14:55,2006-01-07T16:50,MRS,1844137836
DDMRNZIC,code,L,70003117,CS,2006-01-07T06:15,2006-01-07T08:20,ORY,1844137836
DDMRNZIC,code,L,70003144,CS,2006-01-07T09:10,2006-01-07T10:20,BOD,1844137836
DDMRNZIC,code,L,70002869,CS,2006-01-07T12:10,2006-01-07T13:25,ORY,1844137836
DDMRNZIC,code,L,70002878,CS,2006-01-07T14:55,2006-01-07T16:50,MRS,1844137836
UCRFHGIL,code,L,70003117,ST,2006-01-07T06:15,2006-01-07T08:20,ORY,1844137836
UCRFHGIL,code,L,70003144,ST,2006-01-07T09:10,2006-01-07T10:20,BOD,1844137836
UCRFHGIL,code,L,70002869,ST,2006-01-07T12:10,2006-01-07T13:25,ORY,1844137836
UCRFHGIL,code,L,70002878,ST,2006-01-07T14:55,2006-01-07T16:50,MRS,1844137836
XFZEGRCN,code,L,70003117,ST,2006-01-07T06:15,2006-01-07T08:20,ORY,1844137836
XFZEGRCN,code,L,70003144,ST,2006-01-07T09:10,2006-01-07T10:20,BOD,1844137836
XFZEGRCN,code,L,70002869,ST,2006-01-07T12:10,2006-01-07T13:25,ORY,1844137836
XFZEGRCN,code,L,70002878,ST,2006-01-07T14:55,2006-01-07T16:50,MRS,1844137836
XYLAVLZU,code,L,70003117,ST,2006-01-07T06:15,2006-01-07T08:20,ORY,1844137836
XYLAVLZU,code,L,70003144,ST,2006-01-07T09:10,2006-01-07T10:20,BOD,1844137836
XYLAVLZU,code,L,70002869,ST,2006-01-07T12:10,2006-01-07T13:25,ORY,1844137836
XYLAVLZU,code,L,70002878,ST,2006-01-07T14:55,2006-01-07T16:50,MRS,1844137836
FWBMQHMV,code,L,70003117,ST,2006-01-07T06:15,2006-01-07T08:20,ORY,1844137836
FWBMQHMV,code,L,70003144,ST,2006-01-07T09:10,2006-01-07T10:20,BOD,1844137836
FWBMQHMV,code,L,70002869,ST,2006-01-07T12:10,2006-01-07T13:25,ORY,1844137836
FWBMQHMV,code,L,70002878,ST,2006-01-07T14:55,2006-01-07T16:50,MRS,1844137836
PYMIKCSZ,code,L,70004385,CP,2006-01-07T06:25,2006-01-07T08:45,ORY,1713579631
PYMIKCSZ,code,L,70004386,CP,2006-01-07T09:35,2006-01-07T11:45,PGF,1713579631
AJNZQPWI,code,L,70004385,FO,2006-01-07T06:25,2006-01-07T08:45,ORY,1713579631
AJNZQPWI,code,L,70004386,FO,2006-01-07T09:35,2006-01-07T11:45,PGF,1713579631
TOMCMRQL,code,L,70004385,CS,2006-01-07T06:25,2006-01-07T08:45,ORY,1713579631
TOMCMRQL,code,L,70004386,CS,2006-01-07T09:35,2006-01-07T11:45,PGF,1713579631
LOIWLNZX,code,L,70004385,CS,2006-01-07T06:25,2006-01-07T08:45,ORY,1713579631
LOIWLNZX,code,L,70004386,CS,2006-01-07T09:35,2006-01-07T11:45,PGF,1713579631
ZDSBMBHK,code,L,70004385,ST,2006-01-07T06:25,2006-01-07T08:45,ORY,1713579631
ZDSBMBHK,code,L,70004386,ST,2006-01-07T09:35,2006-01-07T11:45,PGF,1713579631
KWYDSBRQ,code,L,70004385,ST,2006-01-07T06:25,2006-01-07T08:45,ORY,1713579631
KWYDSBRQ,code,L,70004386,ST,2006-01-07T09:35,2006-01-07T11:45,PGF,1713579631
WTDMYNHB,code,L,70004385,ST,2006-01-07T06:25,2006-01-07T08:45,ORY,1713579631
WTDMYNHB,code,L,70004386,ST,2006-01-07T09:35,2006-01-07T11:45,PGF,1713579631
VPCARIAM,code,L,70004385,ST,2006-01-07T06:25,2006-01-07T08:45,ORY,1713579631
VPCARIAM,code,L,70004386,ST,2006-01-07T09:35,2006-01-07T11:45,PGF,1713579631
RBTNTUBL,code,L,70004486,CP,2006-01-07T06:25,2006-01-07T08:50,BOD,216794175
RBTNTUBL,code,L,70004485,CP,2006-01-07T09:55,2006-01-07T12:00,CDG,216794175
FYJQKAFS,code,L,70004486,FO,2006-01-07T06:25,2006-01-07T08:50,BOD,216794175
FYJQKAFS,code,L,70004485,FO,2006-01-07T09:55,2006-01-07T12:00,CDG,216794175
FBKWLDPM,code,L,70004486,CS,2006-01-07T06:25,2006-01-07T08:50,BOD,216794175
FBKWLDPM,code,L,70004485,CS,2006-01-07T09:55,2006-01-07T12:00,CDG,216794175
EHEQQNHV,code,L,70004486,CS,2006-01-07T06:25,2006-01-07T08:50,BOD,216794175
EHEQQNHV,code,L,70004485,CS,2006-01-07T09:55,2006-01-07T12:00,CDG,216794175
ARXNWRWK,code,L,70004486,ST,2006-01-07T06:25,2006-01-07T08:50,BOD,216794175
ARXNWRWK,code,L,70004485,ST,2006-01-07T09:55,2006-01-07T12:00,CDG,216794175
QJFXGOWH,code,L,70004486,ST,2006-01-07T06:25,2006-01-07T08:50,BOD,216794175
QJFXGOWH,code,L,70004485,ST,2006-01-07T09:55,2006-01-07T12:00,CDG,216794175
XAEUKEWF,code,L,70004486,ST,2006-01-07T06:25,2006-01-07T08:50,BOD,216794175
XAEUKEWF,code,L,70004485,ST,2006-01-07T09:55,2006-01-07T12:00,CDG,216794175
TGEXDSRA,code,L,70004486,ST,2006-01-07T06:25,2006-01-07T08:50,BOD,216794175
TGEXDSRA,code,L,70004485,ST,2006-01-07T09:55,2006-01-07T12:00,CDG,216794175
OVMSMXBF,code,L,70002520,CP,2006-01-07T06:25,2006-01-07T08:25,NTE,1017541010
OVMSMXBF,code,L,70002519,CP,2006-01-07T08:55,2006-01-07T09:55,TLS,1017541010
OVMSMXBF,code,L,70002518,CP,2006-01-07T10:45,2006-01-07T11:45,NTE,1017541010
OVMSMXBF,code,L,70002517,CP,2006-01-07T12:15,2006-01-07T13:15,TLS,1017541010
OVMSMXBF,code,L,70002626,CP,2006-01-07T13:50,2006-01-07T15:10,NTE,1017541010
OVMSMXBF,code,L,70002625,CP,2006-01-07T15:45,2006-01-07T17:55,MRS,1017541010
SBUFJTFY,code,L,70002520,FO,2006-01-07T06:25,2006-01-07T08:25,NTE,1017541010
SBUFJTFY,code,L,70002519,FO,2006-01-07T08:55,2006-01-07T09:55,TLS,1017541010
SBUFJTFY,code,L,70002518,FO,2006-01-07T10:45,2006-01-07T11:45,NTE,1017541010
SBUFJTFY,code,L,70002517,FO,2006-01-07T12:15,2006-01-07T13:15,TLS,1017541010
SBUFJTFY,code,L,70002626,FO,2006-01-07T13:50,2006-01-07T15:10,NTE,1017541010
SBUFJTFY,code,L,70002625,FO,2006-01-07T15:45,2006-01-07T17:55,MRS,1017541010
UBFYAAMB,code,L,70002520,CS,2006-01-07T06:25,2006-01-07T08:25,NTE,1017541010
UBFYAAMB,code,L,70002519,CS,2006-01-07T08:55,2006-01-07T09:55,TLS,1017541010
UBFYAAMB,code,L,70002518,CS,2006-01-07T10:45,2006-01-07T11:45,NTE,1017541010
UBFYAAMB,code,L,70002517,CS,2006-01-07T12:15,2006-01-07T13:15,TLS,1017541010
UBFYAAMB,code,L,70002626,CS,2006-01-07T13:50,2006-01-07T15:10,NTE,1017541010
UBFYAAMB,code,L,70002625,CS,2006-01-07T15:45,2006-01-07T17:55,MRS,1017541010
YODHRZEG,code,L,70002520,ST,2006-01-07T06:25,2006-01-07T08:25,NTE,1017541010
YODHRZEG,code,L,70002519,ST,2006-01-07T08:55,2006-01-07T09:55,TLS,1017541010
YODHRZEG,code,L,70002518,ST,2006-01-07T10:45,2006-01-07T11:45,NTE,1017541010
YODHRZEG,code,L,70002517,ST,2006-01-07T12:15,2006-01-07T13:15,TLS,1017541010
YODHRZEG,code,L,70002626,ST,2006-01-07T13:50,2006-01-07T15:10,NTE,1017541010
YODHRZEG,code,L,70002625,ST,2006-01-07T15:45,2006-01-07T17:55,MRS,1017541010
GYQJEPJK,code,L,70002520,ST,2006-01-07T06:25,2006-01-07T08:25,NTE,1017541010
GYQJEPJK,code,L,70002519,ST,2006-01-07T08:55,2006-01-07T09:55,TLS,1017541010
GYQJEPJK,code,L,70002518,ST,2006-01-07T10:45,2006-01-07T11:45,NTE,1017541010
GYQJEPJK,code,L,70002517,ST,2006-01-07T12:15,2006-01-07T13:15,TLS,1017541010
GYQJEPJK,code,L,70002626,ST,2006-01-07T13:50,2006-01-07T15:10,NTE,1017541010
GYQJEPJK,code,L,70002625,ST,2006-01-07T15:45,2006-01-07T17:55,MRS,1017541010
FOJQMGIR,code,L,70002868,CP,2006-01-07T06:30,2006-01-07T08:50,MRS,921209318
FOJQMGIR,code,L,70002877,CP,2006-01-07T09:35,2006-01-07T11:35,ORY,921209318
WALVYLYT,code,L,70002868,FO,2006-01-07T06:30,2006-01-07T08:50,MRS,921209318
WALVYLYT,code,L,70002877,FO,2006-01-07T09:35,2006-01-07T11:35,ORY,921209318
RSHLTRIU,code,L,70002868,CS,2006-01-07T06:30,2006-01-07T08:50,MRS,921209318
RSHLTRIU,code,L,70002877,CS,2006-01-07T09:35,2006-01-07T11:35,ORY,921209318
QQPONTKX,code,L,70002868,CS,2006-01-07T06:30,2006-01-07T08:50,MRS,921209318
QQPONTKX,code,L,70002877,CS,2006-01-07T09:35,2006-01-07T11:35,ORY,921209318
QWXVZALO,code,L,70002868,ST,2006-01-07T06:30,2006-01-07T08:50,MRS,921209318
QWXVZALO,code,L,70002877,ST,2006-01-07T09:35,2006-01-07T11:35,ORY,921209318
XUNDYUUZ,code,L,70002868,ST,2006-01-07T06:30,2006-01-07T08:50,MRS,921209318
XUNDYUUZ,code,L,70002877,ST,2006-01-07T09:35,2006-01-07T11:35,ORY,921209318
ESYENYLJ,code,L,70002868,ST,2006-01-07T06:30,2006-01-07T08:50,MRS,921209318
ESYENYLJ,code,L,70002877,ST,2006-01-07T09:35,2006-01-07T11:35,ORY,921209318
QOBNPSQP,code,L,70002868,ST,2006-01-07T06:30,2006-01-07T08:50,MRS,921209318
QOBNPSQP,code,L,70002877,ST,2006-01-07T09:35,2006-01-07T11:35,ORY,921209318
EOGTKLWE,code,L,70004400,CP,2006-01-07T06:30,2006-01-07T09:15,FSC,943091072
EOGTKLWE,code,L,70004393,CP,2006-01-07T09:40,2006-01-07T12:10,ORY,943091072
WFNPTLSL,code,L,70004400,FO,2006-01-07T06:30,2006-01-07T09:15,FSC,943091072
WFNPTLSL,code,L,70004393,FO,2006-01-07T09:40,2006-01-07T12:10,ORY,943091072
BMYDXNXD,code,L,70004400,CSD,2006-01-07T06:30,2006-01-07T09:15,FSC,943091072
BMYDXNXD,code,L,70004393,CSD,2006-01-07T09:40,2006-01-07T12:10,ORY,943091072
BHZINPWN,code,L,70004400,ST,2006-01-07T06:30,2006-01-07T09:15,FSC,943091072
BHZINPWN,code,L,70004393,ST,2006-01-07T09:40,2006-01-07T12:10,ORY,943091072
DXSXLBTA,code,L,70004400,ST,2006-01-07T06:30,2006-01-07T09:15,FSC,943091072
DXSXLBTA,code,L,70004393,ST,2006-01-07T09:40,2006-01-07T12:10,ORY,943091072
RJHTUYLB,code,L,70003067,CP,2006-01-07T06:30,2006-01-07T08:50,ORY,1772116450
RJHTUYLB,code,L,70004784,CP,2006-01-07T10:00,2006-01-07T11:40,NCE,1772116450
RJHTUYLB,code,L,70004679,CP,2006-01-07T12:35,2006-01-07T13:50,LIL,1772116450
RJHTUYLB,code,L,70004678,CP,2006-01-07T14:45,2006-01-07T16:30,LYS,1772116450
UAMNIUPC,code,L,70003067,FO,2006-01-07T06:30,2006-01-07T08:50,ORY,1772116450
UAMNIUPC,code,L,70004784,FO,2006-01-07T10:00,2006-01-07T11:40,NCE,1772116450
UAMNIUPC,code,L,70004679,FO,2006-01-07T12:35,2006-01-07T13:50,LIL,1772116450
UAMNIUPC,code,L,70004678,FO,2006-01-07T14:45,2006-01-07T16:30,LYS,1772116450
COAMMWGL,code,L,70003067,CS,2006-01-07T06:30,2006-01-07T08:50,ORY,1772116450
COAMMWGL,code,L,70004784,CS,2006-01-07T10:00,2006-01-07T11:40,NCE,1772116450
COAMMWGL,code,L,70004679,CS,2006-01-07T12:35,2006-01-07T13:50,LIL,1772116450
COAMMWGL,code,L,70004678,CS,2006-01-07T14:45,2006-01-07T16:30,LYS,1772116450
VYEBVECM,code,L,70003067,ST,2006-01-07T06:30,2006-01-07T08:50,ORY,1772116450
VYEBVECM,code,L,70004784,ST,2006-01-07T10:00,2006-01-07T11:40,NCE,1772116450
VYEBVECM,code,L,70004679,ST,2006-01-07T12:35,2006-01-07T13:50,LIL,1772116450
VYEBVECM,code,L,70004678,ST,2006-01-07T14:45,2006-01-07T16:30,LYS,1772116450
GTLSUKHU,code,L,70003067,ST,2006-01-07T06:30,2006-01-07T08:50,ORY,1772116450
GTLSUKHU,code,L,70004784,ST,2006-01-07T10:00,2006-01-07T11:40,NCE,1772116450
GTLSUKHU,code,L,70004679,ST,2006-01-07T12:35,2006-01-07T13:50,LIL,1772116450
GTLSUKHU,code,L,70004678,ST,2006-01-07T14:45,2006-01-07T16:30,LYS,1772116450
JQUCZVGW,code,L,70004165,CP,2006-01-07T07:00,2006-01-07T09:00,ORY,29236707
JQUCZVGW,code,L,70004170,CP,2006-01-07T10:10,2006-01-07T11:10,SXB,29236707
JQUCZVGW,code,L,70004171,CP,2006-01-07T14:25,2006-01-07T15:25,ORY,29236707
JQUCZVGW,code,L,70004180,CP,2006-01-07T17:00,2006-01-07T18:45,SXB,29236707
JNOHWZDH,code,L,70004165,FO,2006-01-07T07:00,2006-01-07T09:00,ORY,29236707
JNOHWZDH,code,L,70004170,FO,2006-01-07T10:10,2006-01-07T11:10,SXB,29236707
JNOHWZDH,code,L,70004171,FO,2006-01-07T14:25,2006-01-07T15:25,ORY,29236707
JNOHWZDH,code,L,70004180,FO,2006-01-07T17:00,2006-01-07T18:45,SXB,29236707
PNBVWMUO,code,L,70004165,CS,2006-01-07T07:00,2006-01-07T09:00,ORY,29236707
PNBVWMUO,code,L,70004170,CS,2006-01-07T10:10,2006-01-07T11:10,SXB,29236707
PNBVWMUO,code,L,70004171,CS,2006-01-07T14:25,2006-01-07T15:25,ORY,29236707
PNBVWMUO,code,L,70004180,CS,2006-01-07T17:00,2006-01-07T18:45,SXB,29236707
YIXZTXPT,code,L,70004165,CS,2006-01-07T07:00,2006-01-07T09:00,ORY,29236707
YIXZTXPT,code,L,70004170,CS,2006-01-07T10:10,2006-01-07T11:10,SXB,29236707
YIXZTXPT,code,L,70004171,CS,2006-01-07T14:25,2006-01-07T15:25,ORY,29236707
YIXZTXPT,code,L,70004180,CS,2006-01-07T17:00,2006-01-07T18:45,SXB,29236707
BKMHCBCT,code,L,70004165,ST,2006-01-07T07:00,2006-01-07T09:00,ORY,29236707
BKMHCBCT,code,L,70004170,ST,2006-01-07T10:10,2006-01-07T11:10,SXB,29236707
BKMHCBCT,code,L,70004171,ST,2006-01-07T14:25,2006-01-07T15:25,ORY,29236707
BKMHCBCT,code,L,70004180,ST,2006-01-07T17:00,2006-01-07T18:45,SXB,29236707
GZCGQJSR,code,L,70004165,ST,2006-01-07T07:00,2006-01-07T09:00,ORY,29236707
GZCGQJSR,code,L,70004170,ST,2006-01-07T10:10,2006-01-07T11:10,SXB,29236707
GZCGQJSR,code,L,70004171,ST,2006-01-07T14:25,2006-01-07T15:25,ORY,29236707
GZCGQJSR,code,L,70004180,ST,2006-01-07T17:00,2006-01-07T18:45,SXB,29236707
FBHISIXK,code,L,70004165,ST,2006-01-07T07:00,2006-01-07T09:00,ORY,29236707
FBHISIXK,code,L,70004170,ST,2006-01-07T10:10,2006-01-07T11:10,SXB,29236707
FBHISIXK,code,L,70004171,ST,2006-01-07T14:25,2006-01-07T15:25,ORY,29236707
FBHISIXK,code,L,70004180,ST,2006-01-07T17:00,2006-01-07T18:45,SXB,29236707
ZVKLREPM,code,L,70004165,ST,2006-01-07T07:00,2006-01-07T09:00,ORY,29236707
ZVKLREPM,code,L,70004170,ST,2006-01-07T10:10,2006-01-07T11:10,SXB,29236707
ZVKLREPM,code,L,70004171,ST,2006-01-07T14:25,2006-01-07T15:25,ORY,29236707
ZVKLREPM,code,L,70004180,ST,2006-01-07T17:00,2006-01-07T18:45,SXB,29236707
XIYFWNDA,code,L,70003122,CP,2006-01-07T07:00,2006-01-07T09:10,BOD,863898425
XIYFWNDA,code,L,70003121,CP,2006-01-07T10:10,2006-01-07T12:00,ORY,863898425
WCNHCENX,code,L,70003122,FO,2006-01-07T07:00,2006-01-07T09:10,BOD,863898425
WCNHCENX,code,L,70003121,FO,2006-01-07T10:10,2006-01-07T12:00,ORY,863898425
XEDLCUGC,code,L,70003122,CS,2006-01-07T07:00,2006-01-07T09:10,BOD,863898425
XEDLCUGC,code,L,70003121,CS,2006-01-07T10:10,2006-01-07T12:00,ORY,863898425
CYZFKNKF,code,L,70003122,CS,2006-01-07T07:00,2006-01-07T09:10,BOD,863898425
CYZFKNKF,code,L,70003121,CS,2006-01-07T10:10,2006-01-07T12:00,ORY,863898425
GUKPEEOB,code,L,70003122,ST,2006-01-07T07:00,2006-01-07T09:10,BOD,863898425
GUKPEEOB,code,L,70003121,ST,2006-01-07T10:10,2006-01-07T12:00,ORY,863898425
EANDFPHL,code,L,70003122,ST,2006-01-07T07:00,2006-01-07T09:10,BOD,863898425
EANDFPHL,code,L,70003121,ST,2006-01-07T10:10,2006-01-07T12:00,ORY,863898425
PVORISQC,code,L,70003122,ST,2006-01-07T07:00,2006-01-07T09:10,BOD,863898425
PVORISQC,code,L,70003121,ST,2006-01-07T10:10,2006-01-07T12:00,ORY,863898425
UZDULFOM,code,L,70003122,ST,2006-01-07T07:00,2006-01-07T09:10,BOD,863898425
UZDULFOM,code,L,70003121,ST,2006-01-07T10:10,2006-01-07T12:00,ORY,863898425
BJNKBZBJ,code,L,70004406,CP,2006-01-07T07:05,2006-01-07T09:25,MPL,1022862599
BJNKBZBJ,code,L,70004409,CP,2006-01-07T10:15,2006-01-07T12:15,ORY,1022862599
TQVGZDAR,code,L,70004406,FO,2006-01-07T07:05,2006-01-07T09:25,MPL,1022862599
TQVGZDAR,code,L,70004409,FO,2006-01-07T10:15,2006-01-07T12:15,ORY,1022862599
MYDANGXZ,code,L,70004406,CS,2006-01-07T07:05,2006-01-07T09:25,MPL,1022862599
MYDANGXZ,code,L,70004409,CS,2006-01-07T10:15,2006-01-07T12:15,ORY,1022862599
UDJNKBOU,code,L,70004406,CS,2006-01-07T07:05,2006-01-07T09:25,MPL,1022862599
UDJNKBOU,code,L,70004409,CS,2006-01-07T10:15,2006-01-07T12:15,ORY,1022862599
IABTVQLZ,code,L,70004406,ST,2006-01-07T07:05,2006-01-07T09:25,MPL,1022862599
IABTVQLZ,code,L,70004409,ST,2006-01-07T10:15,2006-01-07T12:15,ORY,1022862599
XFRDUPPZ,code,L,70004406,ST,2006-01-07T07:05,2006-01-07T09:25,MPL,1022862599
XFRDUPPZ,code,L,70004409,ST,2006-01-07T10:15,2006-01-07T12:15,ORY,1022862599
AOWTEENH,code,L,70004406,ST,2006-01-07T07:05,2006-01-07T09:25,MPL,1022862599
AOWTEENH,code,L,70004409,ST,2006-01-07T10:15,2006-01-07T12:15,ORY,1022862599
RFPOCKDP,code,L,70004406,ST,2006-01-07T07:05,2006-01-07T09:25,MPL,1022862599
RFPOCKDP,code,L,70004409,ST,2006-01-07T10:15,2006-01-07T12:15,ORY,1022862599
MYDRJEVJ,code,L,70002978,CP,2006-01-07T07:10,2006-01-07T09:30,TLS,461272858
MYDRJEVJ,code,L,70004345,CP,2006-01-07T10:45,2006-01-07T12:00,ORY,461272858
MYDRJEVJ,code,L,70004348,CP,2006-01-07T12:50,2006-01-07T14:10,BIQ,461272858
MYDRJEVJ,code,L,70004351,CP,2006-01-07T15:55,2006-01-07T17:10,ORY,461272858
MYDRJEVJ,code,L,70004354,CP,2006-01-07T18:00,2006-01-07T19:20,BIQ,461272858
MYDRJEVJ,code,L,70004342,CP,2006-01-07T20:05,2006-01-07T21:50,ORY,461272858
XAKYIXPK,code,L,70002978,FO,2006-01-07T07:10,2006-01-07T09:30,TLS,461272858
XAKYIXPK,code,L,70004345,FO,2006-01-07T10:45,2006-01-07T12:00,ORY,461272858
XAKYIXPK,code,L,70004348,FO,2006-01-07T12:50,2006-01-07T14:10,BIQ,461272858
XAKYIXPK,code,L,70004351,FO,2006-01-07T15:55,2006-01-07T17:10,ORY,461272858
XAKYIXPK,code,L,70004354,FO,2006-01-07T18:00,2006-01-07T19:20,BIQ,461272858
XAKYIXPK,code,L,70004342,FO,2006-01-07T20:05,2006-01-07T21:50,ORY,461272858
XFRJEXYZ,code,L,70002978,CS,2006-01-07T07:10,2006-01-07T09:30,TLS,461272858
XFRJEXYZ,code,L,70004345,CS,2006-01-07T10:45,2006-01-07T12:00,ORY,461272858
XFRJEXYZ,code,L,70004348,CS,2006-01-07T12:50,2006-01-07T14:10,BIQ,461272858
XFRJEXYZ,code,L,70004351,CS,2006-01-07T15:55,2006-01-07T17:10,ORY,461272858
XFRJEXYZ,code,L,70004354,CS,2006-01-07T18:00,2006-01-07T19:20,BIQ,461272858
XFRJEXYZ,code,L,70004342,CS,2006-01-07T20:05,2006-01-07T21:50,ORY,461272858
QKWDKRMX,code,L,70002978,CS,2006-01-07T07:10,2006-01-07T09:30,TLS,461272858
QKWDKRMX,code,L,70004345,CS,2006-01-07T10:45,2006-01-07T12:00,ORY,461272858
QKWDKRMX,code,L,70004348,CS,2006-01-07T12:50,2006-01-07T14:10,BIQ,461272858
QKWDKRMX,code,L,70004351,CS,2006-01-07T15:55,2006-01-07T17:10,ORY,461272858
QKWDKRMX,code,L,70004354,CS,2006-01-07T18:00,2006-01-07T19:20,BIQ,461272858
QKWDKRMX,code,L,70004342,CS,2006-01-07T20:05,2006-01-07T21:50,ORY,461272858
MVWBNYPC,code,L,70002978,ST,2006-01-07T07:10,2006-01-07T09:30,TLS,461272858
MVWBNYPC,code,L,70004345,ST,2006-01-07T10:45,2006-01-07T12:00,ORY,461272858
MVWBNYPC,code,L,70004348,ST,2006-01-07T12:50,2006-01-07T14:10,BIQ,461272858
MVWBNYPC,code,L,70004351,ST,2006-01-07T15:55,2006-01-07T17:10,ORY,461272858
MVWBNYPC,code,L,70004354,ST,2006-01-07T18:00,2006-01-07T19:20,BIQ,461272858
MVWBNYPC,code,L,70004342,ST,2006-01-07T20:05,2006-01-07T21:50,ORY,461272858
UUEANJBI,code,L,70002978,ST,2006-01-07T07:10,2006-01-07T09:30,TLS,461272858
UUEANJBI,code,L,70004345,ST,2006-01-07T10:45,2006-01-07T12:00,ORY,461272858
UUEANJBI,code,L,70004348,ST,2006-01-07T12:50,2006-01-07T14:10,BIQ,461272858
UUEANJBI,code,L,70004351,ST,2006-01-07T15:55,2006-01-07T17:10,ORY,461272858
UUEANJBI,code,L,70004354,ST,2006-01-07T18:00,2006-01-07T19:20,BIQ,461272858
UUEANJBI,code,L,70004342,ST,2006-01-07T20:05,2006-01-07T21:50,ORY,461272858
HTZIWLUT,code,L,70002978,ST,2006-01-07T07:10,2006-01-07T09:30,TLS,461272858
HTZIWLUT,code,L,70004345,ST,2006-01-07T10:45,2006-01-07T12:00,ORY,461272858
HTZIWLUT,code,L,70004348,ST,2006-01-07T12:50,2006-01-07T14:10,BIQ,461272858
HTZIWLUT,code,L,70004351,ST,2006-01-07T15:55,2006-01-07T17:10,ORY,461272858
HTZIWLUT,code,L,70004354,ST,2006-01-07T18:00,2006-01-07T19:20,BIQ,461272858
HTZIWLUT,code,L,70004342,ST,2006-01-07T20:05,2006-01-07T21:50,ORY,461272858
FEZFKTDZ,code,L,70002978,ST,2006-01-07T07:10,2006-01-07T09:30,TLS,461272858
FEZFKTDZ,code,L,70004345,ST,2006-01-07T10:45,2006-01-07T12:00,ORY,461272858
FEZFKTDZ,code,L,70004348,ST,2006-01-07T12:50,2006-01-07T14:10,BIQ,461272858
FEZFKTDZ,code,L,70004351,ST,2006-01-07T15:55,2006-01-07T17:10,ORY,461272858
FEZFKTDZ,code,L,70004354,ST,2006-01-07T18:00,2006-01-07T19:20,BIQ,461272858
FEZFKTDZ,code,L,70004342,ST,2006-01-07T20:05,2006-01-07T21:50,ORY,461272858
OQBYHKLE,code,L,70004168,CP,2006-01-07T07:10,2006-01-07T09:10,SXB,1178395817
OQBYHKLE,code,L,70004167,CP,2006-01-07T10:25,2006-01-07T12:10,ORY,1178395817
LSPQIJIO,code,L,70004168,FO,2006-01-07T07:10,2006-01-07T09:10,SXB,1178395817
LSPQIJIO,code,L,70004167,FO,2006-01-07T10:25,2006-01-07T12:10,ORY,1178395817
CSPSYWCD,code,L,70004168,CS,2006-01-07T07:10,2006-01-07T09:10,SXB,1178395817
CSPSYWCD,code,L,70004167,CS,2006-01-07T10:25,2006-01-07T12:10,ORY,1178395817
YHDJIUZP,code,L,70004168,CS,2006-01-07T07:10,2006-01-07T09:10,SXB,1178395817
YHDJIUZP,code,L,70004167,CS,2006-01-07T10:25,2006-01-07T12:10,ORY,1178395817
PVISRANL,code,L,70004168,ST,2006-01-07T07:10,2006-01-07T09:10,SXB,1178395817
PVISRANL,code,L,70004167,ST,2006-01-07T10:25,2006-01-07T12:10,ORY,1178395817
DSBBAAIK,code,L,70004168,ST,2006-01-07T07:10,2006-01-07T09:10,SXB,1178395817
DSBBAAIK,code,L,70004167,ST,2006-01-07T10:25,2006-01-07T12:10,ORY,1178395817
DHTQFAPO,code,L,70004168,ST,2006-01-07T07:10,2006-01-07T09:10,SXB,1178395817
DHTQFAPO,code,L,70004167,ST,2006-01-07T10:25,2006-01-07T12:10,ORY,1178395817
YOWOSLJX,code,L,70004168,ST,2006-01-07T07:10,2006-01-07T09:10,SXB,1178395817
YOWOSLJX,code,L,70004167,ST,2006-01-07T10:25,2006-01-07T12:10,ORY,1178395817
CBFBWVAK,code,L,70004475,CP,2006-01-07T07:10,2006-01-07T09:45,ORY,2142954714
CBFBWVAK,code,L,70004476,CP,2006-01-07T10:45,2006-01-07T13:00,CLY,2142954714
PDUFWALS,code,L,70004475,FO,2006-01-07T07:10,2006-01-07T09:45,ORY,2142954714
PDUFWALS,code,L,70004476,FO,2006-01-07T10:45,2006-01-07T13:00,CLY,2142954714
KCQIJMZJ,code,L,70004475,CS,2006-01-07T07:10,2006-01-07T09:45,ORY,2142954714
KCQIJMZJ,code,L,70004476,CS,2006-01-07T10:45,2006-01-07T13:00,CLY,2142954714
RAHMWNGC,code,L,70004475,CS,2006-01-07T07:10,2006-01-07T09:45,ORY,2142954714
RAHMWNGC,code,L,70004476,CS,2006-01-07T10:45,2006-01-07T13:00,CLY,2142954714
TWSIRTJI,code,L,70004475,ST,2006-01-07T07:10,2006-01-07T09:45,ORY,2142954714
TWSIRTJI,code,L,70004476,ST,2006-01-07T10:45,2006-01-07T13:00,CLY,2142954714
XTBCOJMD,code,L,70004475,ST,2006-01-07T07:10,2006-01-07T09:45,ORY,2142954714
XTBCOJMD,code,L,70004476,ST,2006-01-07T10:45,2006-01-07T13:00,CLY,2142954714
GUSWFHQP,code,L,70004475,ST,2006-01-07T07:10,2006-01-07T09:45,ORY,2142954714
GUSWFHQP,code,L,70004476,ST,2006-01-07T10:45,2006-01-07T13:00,CLY,2142954714
BZMMJMXY,code,L,70004475,ST,2006-01-07T07:10,2006-01-07T09:45,ORY,2142954714
BZMMJMXY,code,L,70004476,ST,2006-01-07T10:45,2006-01-07T13:00,CLY,2142954714
IDOEIJDL,code,L,70004518,CP,2006-01-07T07:55,2006-01-07T10:00,CFE,41568198
IDOEIJDL,code,L,70002584,CP,2006-01-07T12:30,2006-01-07T13:35,CDG,41568198
IDOEIJDL,code,L,70002585,CP,2006-01-07T14:55,2006-01-07T15:55,RNS,41568198
IDOEIJDL,code,L,70004641,CP,2006-01-07T17:20,2006-01-07T18:50,CDG,41568198
IDOEIJDL,code,L,70004642,CP,2006-01-07T19:30,2006-01-07T21:15,PUF,41568198
RUKTAEOE,code,L,70004518,FO,2006-01-07T07:55,2006-01-07T10:00,CFE,41568198
RUKTAEOE,code,L,70002584,FO,2006-01-07T12:30,2006-01-07T13:35,CDG,41568198
RUKTAEOE,code,L,70002585,FO,2006-01-07T14:55,2006-01-07T15:55,RNS,41568198
RUKTAEOE,code,L,70004641,FO,2006-01-07T17:20,2006-01-07T18:50,CDG,41568198
RUKTAEOE,code,L,70004642,FO,2006-01-07T19:30,2006-01-07T21:15,PUF,41568198
NAFLXOKA,code,L,70004518,CS,2006-01-07T07:55,2006-01-07T10:00,CFE,41568198
NAFLXOKA,code,L,70002584,CS,2006-01-07T12:30,2006-01-07T13:35,CDG,41568198
NAFLXOKA,code,L,70002585,CS,2006-01-07T14:55,2006-01-07T15:55,RNS,41568198
NAFLXOKA,code,L,70004641,CS,2006-01-07T17:20,2006-01-07T18:50,CDG,41568198
NAFLXOKA,code,L,70004642,CS,2006-01-07T19:30,2006-01-07T21:15,PUF,41568198
DSXFKRJI,code,L,70004518,ST,2006-01-07T07:55,2006-01-07T10:00,CFE,41568198
DSXFKRJI,code,L,70002584,ST,2006-01-07T12:30,2006-01-07T13:35,CDG,41568198
DSXFKRJI,code,L,70002585,ST,2006-01-07T14:55,2006-01-07T15:55,RNS,41568198
DSXFKRJI,code,L,70004641,ST,2006-01-07T17:20,2006-01-07T18:50,CDG,41568198
DSXFKRJI,code,L,70004642,ST,2006-01-07T19:30,2006-01-07T21:15,PUF,41568198
ZKIJWNRK,code,L,70004518,ST,2006-01-07T07:55,2006-01-07T10:00,CFE,41568198
ZKIJWNRK,code,L,70002584,ST,2006-01-07T12:30,2006-01-07T13:35,CDG,41568198
ZKIJWNRK,code,L,70002585,ST,2006-01-07T14:55,2006-01-07T15:55,RNS,41568198
ZKIJWNRK,code,L,70004641,ST,2006-01-07T17:20,2006-01-07T18:50,CDG,41568198
ZKIJWNRK,code,L,70004642,ST,2006-01-07T19:30,2006-01-07T21:15,PUF,41568198
EQXDKYSD,code,L,70004837,CP,2006-01-07T08:15,2006-01-07T10:35,SXB,1988519473
EQXDKYSD,code,L,70004838,CP,2006-01-07T11:15,2006-01-07T12:35,NCE,1988519473
EQXDKYSD,code,L,70002644,CP,2006-01-07T13:10,2006-01-07T14:10,SXB,1988519473
EQXDKYSD,code,L,70002643,CP,2006-01-07T15:00,2006-01-07T16:45,LYS,1988519473
MESCEWTE,code,L,70004837,FO,2006-01-07T08:15,2006-01-07T10:35,SXB,1988519473
MESCEWTE,code,L,70004838,FO,2006-01-07T11:15,2006-01-07T12:35,NCE,1988519473
MESCEWTE,code,L,70002644,FO,2006-01-07T13:10,2006-01-07T14:10,SXB,1988519473
MESCEWTE,code,L,70002643,FO,2006-01-07T15:00,2006-01-07T16:45,LYS,1988519473
DQYJMCBR,code,L,70004837,CS,2006-01-07T08:15,2006-01-07T10:35,SXB,1988519473
DQYJMCBR,code,L,70004838,CS,2006-01-07T11:15,2006-01-07T12:35,NCE,1988519473
DQYJMCBR,code,L,70002644,CS,2006-01-07T13:10,2006-01-07T14:10,SXB,1988519473
DQYJMCBR,code,L,70002643,CS,2006-01-07T15:00,2006-01-07T16:45,LYS,1988519473
JZUKVNWN,code,L,70004837,ST,2006-01-07T08:15,2006-01-07T10:35,SXB,1988519473
JZUKVNWN,code,L,70004838,ST,2006-01-07T11:15,2006-01-07T12:35,NCE,1988519473
JZUKVNWN,code,L,70002644,ST,2006-01-07T13:10,2006-01-07T14:10,SXB,1988519473
JZUKVNWN,code,L,70002643,ST,2006-01-07T15:00,2006-01-07T16:45,LYS,1988519473
WPOEYMNQ,code,L,70004837,ST,2006-01-07T08:15,2006-01-07T10:35,SXB,1988519473
WPOEYMNQ,code,L,70004838,ST,2006-01-07T11:15,2006-01-07T12:35,NCE,1988519473
WPOEYMNQ,code,L,70002644,ST,2006-01-07T13:10,2006-01-07T14:10,SXB,1988519473
WPOEYMNQ,code,L,70002643,ST,2006-01-07T15:00,2006-01-07T16:45,LYS,1988519473
BUNARTDL,code,L,70004268,CP,2006-01-07T08:30,2006-01-07T10:35,LYS,190797265
BUNARTDL,code,L,70004273,CP,2006-01-07T11:20,2006-01-07T12:25,ORY,190797265
BUNARTDL,code,L,70004272,CP,2006-01-07T13:10,2006-01-07T14:15,LYS,190797265
BUNARTDL,code,L,70004279,CP,2006-01-07T15:00,2006-01-07T16:05,ORY,190797265
BUNARTDL,code,L,70004274,CP,2006-01-07T16:50,2006-01-07T17:55,LYS,190797265
BUNARTDL,code,L,70004275,CP,2006-01-07T18:40,2006-01-07T20:30,ORY,190797265
NAHYVEIG,code,L,70004268,FO,2006-01-07T08:30,2006-01-07T10:35,LYS,190797265
NAHYVEIG,code,L,70004273,FO,2006-01-07T11:20,2006-01-07T12:25,ORY,190797265
NAHYVEIG,code,L,70004272,FO,2006-01-07T13:10,2006-01-07T14:15,LYS,190797265
NAHYVEIG,code,L,70004279,FO,2006-01-07T15:00,2006-01-07T16:05,ORY,190797265
NAHYVEIG,code,L,70004274,FO,2006-01-07T16:50,2006-01-07T17:55,LYS,190797265
NAHYVEIG,code,L,70004275,FO,2006-01-07T18:40,2006-01-07T20:30,ORY,190797265
YBXGRDGH,code,L,70004268,CS,2006-01-07T08:30,2006-01-07T10:35,LYS,190797265
YBXGRDGH,code,L,70004273,CS,2006-01-07T11:20,2006-01-07T12:25,ORY,190797265
YBXGRDGH,code,L,70004272,CS,2006-01-07T13:10,2006-01-07T14:15,LYS,190797265
YBXGRDGH,code,L,70004279,CS,2006-01-07T15:00,2006-01-07T16:05,ORY,190797265
YBXGRDGH,code,L,70004274,CS,2006-01-07T16:50,2006-01-07T17:55,LYS,190797265
YBXGRDGH,code,L,70004275,CS,2006-01-07T18:40,2006-01-07T20:30,ORY,190797265
URSTVRZM,code,L,70004268,CS,2006-01-07T08:30,2006-01-07T10:35,LYS,190797265
URSTVRZM,code,L,70004273,CS,2006-01-07T11:20,2006-01-07T12:25,ORY,190797265
URSTVRZM,code,L,70004272,CS,2006-01-07T13:10,2006-01-07T14:15,LYS,190797265
URSTVRZM,code,L,70004279,CS,2006-01-07T15:00,2006-01-07T16:05,ORY,190797265
URSTVRZM,code,L,70004274,CS,2006-01-07T16:50,2006-01-07T17:55,LYS,190797265
URSTVRZM,code,L,70004275,CS,2006-01-07T18:40,2006-01-07T20:30,ORY,190797265
VTKGGFRZ,code,L,70004268,ST,2006-01-07T08:30,2006-01-07T10:35,LYS,190797265
VTKGGFRZ,code,L,70004273,ST,2006-01-07T11:20,2006-01-07T12:25,ORY,190797265
VTKGGFRZ,code,L,70004272,ST,2006-01-07T13:10,2006-01-07T14:15,LYS,190797265
VTKGGFRZ,code,L,70004279,ST,2006-01-07T15:00,2006-01-07T16:05,ORY,190797265
VTKGGFRZ,code,L,70004274,ST,2006-01-07T16:50,2006-01-07T17:55,LYS,190797265
VTKGGFRZ,code,L,70004275,ST,2006-01-07T18:40,2006-01-07T20:30,ORY,190797265
EMGYRZHT,code,L,70004268,ST,2006-01-07T08:30,2006-01-07T10:35,LYS,190797265
EMGYRZHT,code,L,70004273,ST,2006-01-07T11:20,2006-01-07T12:25,ORY,190797265
EMGYRZHT,code,L,70004272,ST,2006-01-07T13:10,2006-01-07T14:15,LYS,190797265
EMGYRZHT,code,L,70004279,ST,2006-01-07T15:00,2006-01-07T16:05,ORY,190797265
EMGYRZHT,code,L,70004274,ST,2006-01-07T16:50,2006-01-07T17:55,LYS,190797265
EMGYRZHT,code,L,70004275,ST,2006-01-07T18:40,2006-01-07T20:30,ORY,190797265
BTBBAOLE,code,L,70004268,ST,2006-01-07T08:30,2006-01-07T10:35,LYS,190797265
BTBBAOLE,code,L,70004273,ST,2006-01-07T11:20,2006-01-07T12:25,ORY,190797265
BTBBAOLE,code,L,70004272,ST,2006-01-07T13:10,2006-01-07T14:15,LYS,190797265
BTBBAOLE,code,L,70004279,ST,2006-01-07T15:00,2006-01-07T16:05,ORY,190797265
BTBBAOLE,code,L,70004274,ST,2006-01-07T16:50,2006-01-07T17:55,LYS,190797265
BTBBAOLE,code,L,70004275,ST,2006-01-07T18:40,2006-01-07T20:30,ORY,190797265
XGHABLOX,code,L,70004268,ST,2006-01-07T08:30,2006-01-07T10:35,LYS,190797265
XGHABLOX,code,L,70004273,ST,2006-01-07T11:20,2006-01-07T12:25,ORY,190797265
XGHABLOX,code,L,70004272,ST,2006-01-07T13:10,2006-01-07T14:15,LYS,190797265
XGHABLOX,code,L,70004279,ST,2006-01-07T15:00,2006-01-07T16:05,ORY,190797265
XGHABLOX,code,L,70004274,ST,2006-01-07T16:50,2006-01-07T17:55,LYS,190797265
XGHABLOX,code,L,70004275,ST,2006-01-07T18:40,2006-01-07T20:30,ORY,190797265
SMHVEQRZ,code,L,70004658,CP,2006-01-07T08:35,2006-01-07T11:05,TLS,1839244181
SMHVEQRZ,code,L,70004657,CP,2006-01-07T11:55,2006-01-07T13:20,CDG,1839244181
SMHVEQRZ,code,L,70004650,CP,2006-01-07T15:00,2006-01-07T16:30,TLS,1839244181
SMHVEQRZ,code,L,70004651,CP,2006-01-07T17:25,2006-01-07T19:35,CDG,1839244181
FAHUGBYE,code,L,70004658,FO,2006-01-07T08:35,2006-01-07T11:05,TLS,1839244181
FAHUGBYE,code,L,70004657,FO,2006-01-07T11:55,2006-01-07T13:20,CDG,1839244181
FAHUGBYE,code,L,70004650,FO,2006-01-07T15:00,2006-01-07T16:30,TLS,1839244181
FAHUGBYE,code,L,70004651,FO,2006-01-07T17:25,2006-01-07T19:35,CDG,1839244181
AMJWOUTA,code,L,70004658,CS,2006-01-07T08:35,2006-01-07T11:05,TLS,1839244181
AMJWOUTA,code,L,70004657,CS,2006-01-07T11:55,2006-01-07T13:20,CDG,1839244181
AMJWOUTA,code,L,70004650,CS,2006-01-07T15:00,2006-01-07T16:30,TLS,1839244181
AMJWOUTA,code,L,70004651,CS,2006-01-07T17:25,2006-01-07T19:35,CDG,1839244181
THICGOPP,code,L,70004658,CS,2006-01-07T08:35,2006-01-07T11:05,TLS,1839244181
THICGOPP,code,L,70004657,CS,2006-01-07T11:55,2006-01-07T13:20,CDG,1839244181
THICGOPP,code,L,70004650,CS,2006-01-07T15:00,2006-01-07T16:30,TLS,1839244181
THICGOPP,code,L,70004651,CS,2006-01-07T17:25,2006-01-07T19:35,CDG,1839244181
HKWFGKJF,code,L,70004658,ST,2006-01-07T08:35,2006-01-07T11:05,TLS,1839244181
HKWFGKJF,code,L,70004657,ST,2006-01-07T11:55,2006-01-07T13:20,CDG,1839244181
HKWFGKJF,code,L,70004650,ST,2006-01-07T15:00,2006-01-07T16:30,TLS,1839244181
HKWFGKJF,code,L,70004651,ST,2006-01-07T17:25,2006-01-07T19:35,CDG,1839244181
UIFFPBAR,code,L,70004658,ST,2006-01-07T08:35,2006-01-07T11:05,TLS,1839244181
UIFFPBAR,code,L,70004657,ST,2006-01-07T11:55,2006-01-07T13:20,CDG,1839244181
UIFFPBAR,code,L,70004650,ST,2006-01-07T15:00,2006-01-07T16:30,TLS,1839244181
UIFFPBAR,code,L,70004651,ST,2006-01-07T17:25,2006-01-07T19:35,CDG,1839244181
HKHKYOVV,code,L,70004658,ST,2006-01-07T08:35,2006-01-07T11:05,TLS,1839244181
HKHKYOVV,code,L,70004657,ST,2006-01-07T11:55,2006-01-07T13:20,CDG,1839244181
HKHKYOVV,code,L,70004650,ST,2006-01-07T15:00,2006-01-07T16:30,TLS,1839244181
HKHKYOVV,code,L,70004651,ST,2006-01-07T17:25,2006-01-07T19:35,CDG,1839244181
UUZNMXFC,code,L,70004658,ST,2006-01-07T08:35,2006-01-07T11:05,TLS,1839244181
UUZNMXFC,code,L,70004657,ST,2006-01-07T11:55,2006-01-07T13:20,CDG,1839244181
UUZNMXFC,code,L,70004650,ST,2006-01-07T15:00,2006-01-07T16:30,TLS,1839244181
UUZNMXFC,code,L,70004651,ST,2006-01-07T17:25,2006-01-07T19:35,CDG,1839244181
JMQIYPXM,code,L,70002980,CP,2006-01-07T08:40,2006-01-07T11:00,TLS,2039758977
JMQIYPXM,code,L,70002983,CP,2006-01-07T11:50,2006-01-07T13:00,ORY,2039758977
JMQIYPXM,code,L,70002988,CP,2006-01-07T13:40,2006-01-07T15:00,TLS,2039758977
JMQIYPXM,code,L,70002995,CP,2006-01-07T15:50,2006-01-07T17:00,ORY,2039758977
JMQIYPXM,code,L,70003004,CP,2006-01-07T17:40,2006-01-07T19:00,TLS,2039758977
JMQIYPXM,code,L,70003011,CP,2006-01-07T19:50,2006-01-07T21:45,ORY,2039758977
LORQHVNX,code,L,70002980,FO,2006-01-07T08:40,2006-01-07T11:00,TLS,2039758977
LORQHVNX,code,L,70002983,FO,2006-01-07T11:50,2006-01-07T13:00,ORY,2039758977
LORQHVNX,code,L,70002988,FO,2006-01-07T13:40,2006-01-07T15:00,TLS,2039758977
LORQHVNX,code,L,70002995,FO,2006-01-07T15:50,2006-01-07T17:00,ORY,2039758977
LORQHVNX,code,L,70003004,FO,2006-01-07T17:40,2006-01-07T19:00,TLS,2039758977
LORQHVNX,code,L,70003011,FO,2006-01-07T19:50,2006-01-07T21:45,ORY,2039758977
PXBCHHXB,code,L,70002980,CS,2006-01-07T08:40,2006-01-07T11:00,TLS,2039758977
PXBCHHXB,code,L,70002983,CS,2006-01-07T11:50,2006-01-07T13:00,ORY,2039758977
PXBCHHXB,code,L,70002988,CS,2006-01-07T13:40,2006-01-07T15:00,TLS,2039758977
PXBCHHXB,code,L,70002995,CS,2006-01-07T15:50,2006-01-07T17:00,ORY,2039758977
PXBCHHXB,code,L,70003004,CS,2006-01-07T17:40,2006-01-07T19:00,TLS,2039758977
PXBCHHXB,code,L,70003011,CS,2006-01-07T19:50,2006-01-07T21:45,ORY,2039758977
IIOIEFPY,code,L,70002980,CS,2006-01-07T08:40,2006-01-07T11:00,TLS,2039758977
IIOIEFPY,code,L,70002983,CS,2006-01-07T11:50,2006-01-07T13:00,ORY,2039758977
IIOIEFPY,code,L,70002988,CS,2006-01-07T13:40,2006-01-07T15:00,TLS,2039758977
IIOIEFPY,code,L,70002995,CS,2006-01-07T15:50,2006-01-07T17:00,ORY,2039758977
IIOIEFPY,code,L,70003004,CS,2006-01-07T17:40,2006-01-07T19:00,TLS,2039758977
IIOIEFPY,code,L,70003011,CS,2006-01-07T19:50,2006-01-07T21:45,ORY,2039758977
VNGQDLEY,code,L,70002980,ST,2006-01-07T08:40,2006-01-07T11:00,TLS,2039758977
VNGQDLEY,code,L,70002983,ST,2006-01-07T11:50,2006-01-07T13:00,ORY,2039758977
VNGQDLEY,code,L,70002988,ST,2006-01-07T13:40,2006-01-07T15:00,TLS,2039758977
VNGQDLEY,code,L,70002995,ST,2006-01-07T15:50,2006-01-07T17:00,ORY,2039758977
VNGQDLEY,code,L,70003004,ST,2006-01-07T17:40,2006-01-07T19:00,TLS,2039758977
VNGQDLEY,code,L,70003011,ST,2006-01-07T19:50,2006-01-07T21:45,ORY,2039758977
ARELYRXM,code,L,70002980,ST,2006-01-07T08:40,2006-01-07T11:00,TLS,2039758977
ARELYRXM,code,L,70002983,ST,2006-01-07T11:50,2006-01-07T13:00,ORY,2039758977
ARELYRXM,code,L,70002988,ST,2006-01-07T13:40,2006-01-07T15:00,TLS,2039758977
ARELYRXM,code,L,70002995,ST,2006-01-07T15:50,2006-01-07T17:00,ORY,2039758977
ARELYRXM,code,L,70003004,ST,2006-01-07T17:40,2006-01-07T19:00,TLS,2039758977
ARELYRXM,code,L,70003011,ST,2006-01-07T19:50,2006-01-07T21:45,ORY,2039758977
PZZOMNSB,code,L,70002980,ST,2006-01-07T08:40,2006-01-07T11:00,TLS,2039758977
PZZOMNSB,code,L,70002983,ST,2006-01-07T11:50,2006-01-07T13:00,ORY,2039758977
PZZOMNSB,code,L,70002988,ST,2006-01-07T13:40,2006-01-07T15:00,TLS,2039758977
PZZOMNSB,code,L,70002995,ST,2006-01-07T15:50,2006-01-07T17:00,ORY,2039758977
PZZOMNSB,code,L,70003004,ST,2006-01-07T17:40,2006-01-07T19:00,TLS,2039758977
PZZOMNSB,code,L,70003011,ST,2006-01-07T19:50,2006-01-07T21:45,ORY,2039758977
VFTXFOJY,code,L,70002980,ST,2006-01-07T08:40,2006-01-07T11:00,TLS,2039758977
VFTXFOJY,code,L,70002983,ST,2006-01-07T11:50,2006-01-07T13:00,ORY,2039758977
VFTXFOJY,code,L,70002988,ST,2006-01-07T13:40,2006-01-07T15:00,TLS,2039758977
VFTXFOJY,code,L,70002995,ST,2006-01-07T15:50,2006-01-07T17:00,ORY,2039758977
VFTXFOJY,code,L,70003004,ST,2006-01-07T17:40,2006-01-07T19:00,TLS,2039758977
VFTXFOJY,code,L,70003011,ST,2006-01-07T19:50,2006-01-07T21:45,ORY,2039758977
ENLFDWOQ,code,L,70002795,CP,2006-01-07T08:45,2006-01-07T10:50,LRT,1020019581
ENLFDWOQ,code,L,70002796,CP,2006-01-07T12:10,2006-01-07T13:15,ORY,1020019581
ENLFDWOQ,code,L,70002797,CP,2006-01-07T14:00,2006-01-07T15:05,LRT,1020019581
ENLFDWOQ,code,L,70002525,CP,2006-01-07T16:35,2006-01-07T18:20,ORY,1020019581
RXFYCGQU,code,L,70002795,FO,2006-01-07T08:45,2006-01-07T10:50,LRT,1020019581
RXFYCGQU,code,L,70002796,FO,2006-01-07T12:10,2006-01-07T13:15,ORY,1020019581
RXFYCGQU,code,L,70002797,FO,2006-01-07T14:00,2006-01-07T15:05,LRT,1020019581
RXFYCGQU,code,L,70002525,FO,2006-01-07T16:35,2006-01-07T18:20,ORY,1020019581
SFWGWDOW,code,L,70002795,CSD,2006-01-07T08:45,2006-01-07T10:50,LRT,1020019581
SFWGWDOW,code,L,70002796,CSD,2006-01-07T12:10,2006-01-07T13:15,ORY,1020019581
SFWGWDOW,code,L,70002797,CSD,2006-01-07T14:00,2006-01-07T15:05,LRT,1020019581
SFWGWDOW,code,L,70002525,CSD,2006-01-07T16:35,2006-01-07T18:20,ORY,1020019581
FFQNUYJM,code,L,70002795,ST,2006-01-07T08:45,2006-01-07T10:50,LRT,1020019581
FFQNUYJM,code,L,70002796,ST,2006-01-07T12:10,2006-01-07T13:15,ORY,1020019581
FFQNUYJM,code,L,70002797,ST,2006-01-07T14:00,2006-01-07T15:05,LRT,1020019581
FFQNUYJM,code,L,70002525,ST,2006-01-07T16:35,2006-01-07T18:20,ORY,1020019581
FXUHISFO,code,L,70002795,ST,2006-01-07T08:45,2006-01-07T10:50,LRT,1020019581
FXUHISFO,code,L,70002796,ST,2006-01-07T12:10,2006-01-07T13:15,ORY,1020019581
FXUHISFO,code,L,70002797,ST,2006-01-07T14:00,2006-01-07T15:05,LRT,1020019581
FXUHISFO,code,L,70002525,ST,2006-01-07T16:35,2006-01-07T18:20,ORY,1020019581
IZADUVIU,code,L,70004638,CP,2006-01-07T08:45,2006-01-07T11:15,PUF,260274019
IZADUVIU,code,L,70004585,CP,2006-01-07T13:00,2006-01-07T14:05,CDG,260274019
IZADUVIU,code,L,70004586,CP,2006-01-07T15:15,2006-01-07T16:20,NTE,260274019
IZADUVIU,code,L,70004637,CP,2006-01-07T20:10,2006-01-07T22:20,CDG,260274019
UAYKJCFT,code,L,70004638,FO,2006-01-07T08:45,2006-01-07T11:15,PUF,260274019
UAYKJCFT,code,L,70004585,FO,2006-01-07T13:00,2006-01-07T14:05,CDG,260274019
UAYKJCFT,code,L,70004586,FO,2006-01-07T15:15,2006-01-07T16:20,NTE,260274019
UAYKJCFT,code,L,70004637,FO,2006-01-07T20:10,2006-01-07T22:20,CDG,260274019
SKSIAEXA,code,L,70004638,CS,2006-01-07T08:45,2006-01-07T11:15,PUF,260274019
SKSIAEXA,code,L,70004585,CS,2006-01-07T13:00,2006-01-07T14:05,CDG,260274019
SKSIAEXA,code,L,70004586,CS,2006-01-07T15:15,2006-01-07T16:20,NTE,260274019
SKSIAEXA,code,L,70004637,CS,2006-01-07T20:10,2006-01-07T22:20,CDG,260274019
XTHRSKGU,code,L,70004638,ST,2006-01-07T08:45,2006-01-07T11:15,PUF,260274019
XTHRSKGU,code,L,70004585,ST,2006-01-07T13:00,2006-01-07T14:05,CDG,260274019
XTHRSKGU,code,L,70004586,ST,2006-01-07T15:15,2006-01-07T16:20,NTE,260274019
XTHRSKGU,code,L,70004637,ST,2006-01-07T20:10,2006-01-07T22:20,CDG,260274019
XLLRRPDI,code,L,70004638,ST,2006-01-07T08:45,2006-01-07T11:15,PUF,260274019
XLLRRPDI,code,L,70004585,ST,2006-01-07T13:00,2006-01-07T14:05,CDG,260274019
XLLRRPDI,code,L,70004586,ST,2006-01-07T15:15,2006-01-07T16:20,NTE,260274019
XLLRRPDI,code,L,70004637,ST,2006-01-07T20:10,2006-01-07T22:20,CDG,260274019
YZYIYNSY,code,L,70004298,CP,2006-01-07T08:50,2006-01-07T10:45,CFE,237820880
YZYIYNSY,code,L,70004229,CP,2006-01-07T11:15,2006-01-07T12:25,ORY,237820880
YZYIYNSY,code,L,70004232,CP,2006-01-07T13:05,2006-01-07T14:20,BES,237820880
YZYIYNSY,code,L,70004301,CP,2006-01-07T16:55,2006-01-07T18:35,ORY,237820880
LVVSMPYN,code,L,70004298,FO,2006-01-07T08:50,2006-01-07T10:45,CFE,237820880
LVVSMPYN,code,L,70004229,FO,2006-01-07T11:15,2006-01-07T12:25,ORY,237820880
LVVSMPYN,code,L,70004232,FO,2006-01-07T13:05,2006-01-07T14:20,BES,237820880
LVVSMPYN,code,L,70004301,FO,2006-01-07T16:55,2006-01-07T18:35,ORY,237820880
JXGOBKLR,code,L,70004298,CS,2006-01-07T08:50,2006-01-07T10:45,CFE,237820880
JXGOBKLR,code,L,70004229,CS,2006-01-07T11:15,2006-01-07T12:25,ORY,237820880
JXGOBKLR,code,L,70004232,CS,2006-01-07T13:05,2006-01-07T14:20,BES,237820880
JXGOBKLR,code,L,70004301,CS,2006-01-07T16:55,2006-01-07T18:35,ORY,237820880
COHSYNOS,code,L,70004298,CS,2006-01-07T08:50,2006-01-07T10:45,CFE,237820880
COHSYNOS,code,L,70004229,CS,2006-01-07T11:15,2006-01-07T12:25,ORY,237820880
COHSYNOS,code,L,70004232,CS,2006-01-07T13:05,2006-01-07T14:20,BES,237820880
COHSYNOS,code,L,70004301,CS,2006-01-07T16:55,2006-01-07T18:35,ORY,237820880
CKDMKMBY,code,L,70004298,ST,2006-01-07T08:50,2006-01-07T10:45,CFE,237820880
CKDMKMBY,code,L,70004229,ST,2006-01-07T11:15,2006-01-07T12:25,ORY,237820880
CKDMKMBY,code,L,70004232,ST,2006-01-07T13:05,2006-01-07T14:20,BES,237820880
CKDMKMBY,code,L,70004301,ST,2006-01-07T16:55,2006-01-07T18:35,ORY,237820880
QXEVJCWM,code,L,70004298,ST,2006-01-07T08:50,2006-01-07T10:45,CFE,237820880
QXEVJCWM,code,L,70004229,ST,2006-01-07T11:15,2006-01-07T12:25,ORY,237820880
QXEVJCWM,code,L,70004232,ST,2006-01-07T13:05,2006-01-07T14:20,BES,237820880
QXEVJCWM,code,L,70004301,ST,2006-01-07T16:55,2006-01-07T18:35,ORY,237820880
CLMLSVEQ,code,L,70004298,ST,2006-01-07T08:50,2006-01-07T10:45,CFE,237820880
CLMLSVEQ,code,L,70004229,ST,2006-01-07T11:15,2006-01-07T12:25,ORY,237820880
CLMLSVEQ,code,L,70004232,ST,2006-01-07T13:05,2006-01-07T14:20,BES,237820880
CLMLSVEQ,code,L,70004301,ST,2006-01-07T16:55,2006-01-07T18:35,ORY,237820880
RMFEVGUT,code,L,70004298,ST,2006-01-07T08:50,2006-01-07T10:45,CFE,237820880
RMFEVGUT,code,L,70004229,ST,2006-01-07T11:15,2006-01-07T12:25,ORY,237820880
RMFEVGUT,code,L,70004232,ST,2006-01-07T13:05,2006-01-07T14:20,BES,237820880
RMFEVGUT,code,L,70004301,ST,2006-01-07T16:55,2006-01-07T18:35,ORY,237820880
RMPYRTUL,code,L,70004408,CP,2006-01-07T08:50,2006-01-07T11:10,MPL,1512368656
RMPYRTUL,code,L,70004411,CP,2006-01-07T12:15,2006-01-07T13:30,ORY,1512368656
RMPYRTUL,code,L,70004412,CP,2006-01-07T14:20,2006-01-07T15:40,MPL,1512368656
RMPYRTUL,code,L,70004415,CP,2006-01-07T16:15,2006-01-07T17:30,ORY,1512368656
RMPYRTUL,code,L,70004416,CP,2006-01-07T18:20,2006-01-07T19:40,MPL,1512368656
RMPYRTUL,code,L,70004421,CP,2006-01-07T20:15,2006-01-07T22:15,ORY,1512368656
UPAFVVXD,code,L,70004408,FO,2006-01-07T08:50,2006-01-07T11:10,MPL,1512368656
UPAFVVXD,code,L,70004411,FO,2006-01-07T12:15,2006-01-07T13:30,ORY,1512368656
UPAFVVXD,code,L,70004412,FO,2006-01-07T14:20,2006-01-07T15:40,MPL,1512368656
UPAFVVXD,code,L,70004415,FO,2006-01-07T16:15,2006-01-07T17:30,ORY,1512368656
UPAFVVXD,code,L,70004416,FO,2006-01-07T18:20,2006-01-07T19:40,MPL,1512368656
UPAFVVXD,code,L,70004421,FO,2006-01-07T20:15,2006-01-07T22:15,ORY,1512368656
TGSXDOVN,code,L,70004408,CS,2006-01-07T08:50,2006-01-07T11:10,MPL,1512368656
TGSXDOVN,code,L,70004411,CS,2006-01-07T12:15,2006-01-07T13:30,ORY,1512368656
TGSXDOVN,code,L,70004412,CS,2006-01-07T14:20,2006-01-07T15:40,MPL,1512368656
TGSXDOVN,code,L,70004415,CS,2006-01-07T16:15,2006-01-07T17:30,ORY,1512368656
TGSXDOVN,code,L,70004416,CS,2006-01-07T18:20,2006-01-07T19:40,MPL,1512368656
TGSXDOVN,code,L,70004421,CS,2006-01-07T20:15,2006-01-07T22:15,ORY,1512368656
HCSDCVWT,code,L,70004408,CS,2006-01-07T08:50,2006-01-07T11:10,MPL,1512368656
HCSDCVWT,code,L,70004411,CS,2006-01-07T12:15,2006-01-07T13:30,ORY,1512368656
HCSDCVWT,code,L,70004412,CS,2006-01-07T14:20,2006-01-07T15:40,MPL,1512368656
HCSDCVWT,code,L,70004415,CS,2006-01-07T16:15,2006-01-07T17:30,ORY,1512368656
HCSDCVWT,code,L,70004416,CS,2006-01-07T18:20,2006-01-07T19:40,MPL,1512368656
HCSDCVWT,code,L,70004421,CS,2006-01-07T20:15,2006-01-07T22:15,ORY,1512368656
TCIQKJPQ,code,L,70004408,ST,2006-01-07T08:50,2006-01-07T11:10,MPL,1512368656
TCIQKJPQ,code,L,70004411,ST,2006-01-07T12:15,2006-01-07T13:30,ORY,1512368656
TCIQKJPQ,code,L,70004412,ST,2006-01-07T14:20,2006-01-07T15:40,MPL,1512368656
TCIQKJPQ,code,L,70004415,ST,2006-01-07T16:15,2006-01-07T17:30,ORY,1512368656
TCIQKJPQ,code,L,70004416,ST,2006-01-07T18:20,2006-01-07T19:40,MPL,1512368656
TCIQKJPQ,code,L,70004421,ST,2006-01-07T20:15,2006-01-07T22:15,ORY,1512368656
EUKXLABU,code,L,70004408,ST,2006-01-07T08:50,2006-01-07T11:10,MPL,1512368656
EUKXLABU,code,L,70004411,ST,2006-01-07T12:15,2006-01-07T13:30,ORY,1512368656
EUKXLABU,code,L,70004412,ST,2006-01-07T14:20,2006-01-07T15:40,MPL,1512368656
EUKXLABU,code,L,70004415,ST,2006-01-07T16:15,2006-01-07T17:30,ORY,1512368656
EUKXLABU,code,L,70004416,ST,2006-01-07T18:20,2006-01-07T19:40,MPL,1512368656
EUKXLABU,code,L,70004421,ST,2006-01-07T20:15,2006-01-07T22:15,ORY,1512368656
INCNXKCK,code,L,70004408,ST,2006-01-07T08:50,2006-01-07T11:10,MPL,1512368656
INCNXKCK,code,L,70004411,ST,2006-01-07T12:15,2006-01-07T13:30,ORY,1512368656
INCNXKCK,code,L,70004412,ST,2006-01-07T14:20,2006-01-07T15:40,MPL,1512368656
INCNXKCK,code,L,70004415,ST,2006-01-07T16:15,2006-01-07T17:30,ORY,1512368656
INCNXKCK,code,L,70004416,ST,2006-01-07T18:20,2006-01-07T19:40,MPL,1512368656
INCNXKCK,code,L,70004421,ST,2006-01-07T20:15,2006-01-07T22:15,ORY,1512368656
VNTSXFDP,code,L,70004408,ST,2006-01-07T08:50,2006-01-07T11:10,MPL,1512368656
VNTSXFDP,code,L,70004411,ST,2006-01-07T12:15,2006-01-07T13:30,ORY,1512368656
VNTSXFDP,code,L,70004412,ST,2006-01-07T14:20,2006-01-07T15:40,MPL,1512368656
VNTSXFDP,code,L,70004415,ST,2006-01-07T16:15,2006-01-07T17:30,ORY,1512368656
VNTSXFDP,code,L,70004416,ST,2006-01-07T18:20,2006-01-07T19:40,MPL,1512368656
VNTSXFDP,code,L,70004421,ST,2006-01-07T20:15,2006-01-07T22:15,ORY,1512368656
GUYKTMQX,code,L,70004791,CP,2006-01-07T08:50,2006-01-07T11:35,LIL,1731519511
GUYKTMQX,code,L,70004768,CP,2006-01-07T13:05,2006-01-07T14:30,NCE,1731519511
GUYKTMQX,code,L,70004763,CP,2006-01-07T15:05,2006-01-07T16:20,BOD,1731519511
GUYKTMQX,code,L,70002663,CP,2006-01-07T17:30,2006-01-07T19:15,NCE,1731519511
OFZTABBQ,code,L,70004791,FO,2006-01-07T08:50,2006-01-07T11:35,LIL,1731519511
OFZTABBQ,code,L,70004768,FO,2006-01-07T13:05,2006-01-07T14:30,NCE,1731519511
OFZTABBQ,code,L,70004763,FO,2006-01-07T15:05,2006-01-07T16:20,BOD,1731519511
OFZTABBQ,code,L,70002663,FO,2006-01-07T17:30,2006-01-07T19:15,NCE,1731519511
YKVZBIDA,code,L,70004791,CS,2006-01-07T08:50,2006-01-07T11:35,LIL,1731519511
YKVZBIDA,code,L,70004768,CS,2006-01-07T13:05,2006-01-07T14:30,NCE,1731519511
YKVZBIDA,code,L,70004763,CS,2006-01-07T15:05,2006-01-07T16:20,BOD,1731519511
YKVZBIDA,code,L,70002663,CS,2006-01-07T17:30,2006-01-07T19:15,NCE,1731519511
LKMGWBKH,code,L,70004791,CS,2006-01-07T08:50,2006-01-07T11:35,LIL,1731519511
LKMGWBKH,code,L,70004768,CS,2006-01-07T13:05,2006-01-07T14:30,NCE,1731519511
LKMGWBKH,code,L,70004763,CS,2006-01-07T15:05,2006-01-07T16:20,BOD,1731519511
LKMGWBKH,code,L,70002663,CS,2006-01-07T17:30,2006-01-07T19:15,NCE,1731519511
NNIPVLFG,code,L,70004791,ST,2006-01-07T08:50,2006-01-07T11:35,LIL,1731519511
NNIPVLFG,code,L,70004768,ST,2006-01-07T13:05,2006-01-07T14:30,NCE,1731519511
NNIPVLFG,code,L,70004763,ST,2006-01-07T15:05,2006-01-07T16:20,BOD,1731519511
NNIPVLFG,code,L,70002663,ST,2006-01-07T17:30,2006-01-07T19:15,NCE,1731519511
EYVOKWRF,code,L,70004791,ST,2006-01-07T08:50,2006-01-07T11:35,LIL,1731519511
EYVOKWRF,code,L,70004768,ST,2006-01-07T13:05,2006-01-07T14:30,NCE,1731519511
EYVOKWRF,code,L,70004763,ST,2006-01-07T15:05,2006-01-07T16:20,BOD,1731519511
EYVOKWRF,code,L,70002663,ST,2006-01-07T17:30,2006-01-07T19:15,NCE,1731519511
RHYSWYFA,code,L,70004791,ST,2006-01-07T08:50,2006-01-07T11:35,LIL,1731519511
RHYSWYFA,code,L,70004768,ST,2006-01-07T13:05,2006-01-07T14:30,NCE,1731519511
RHYSWYFA,code,L,70004763,ST,2006-01-07T15:05,2006-01-07T16:20,BOD,1731519511
RHYSWYFA,code,L,70002663,ST,2006-01-07T17:30,2006-01-07T19:15,NCE,1731519511
SPSYKMDB,code,L,70004791,ST,2006-01-07T08:50,2006-01-07T11:35,LIL,1731519511
SPSYKMDB,code,L,70004768,ST,2006-01-07T13:05,2006-01-07T14:30,NCE,1731519511
SPSYKMDB,code,L,70004763,ST,2006-01-07T15:05,2006-01-07T16:20,BOD,1731519511
SPSYKMDB,code,L,70002663,ST,2006-01-07T17:30,2006-01-07T19:15,NCE,1731519511
DJBYYIDO,code,L,70004526,CP,2006-01-07T08:50,2006-01-07T11:20,MRS,1127983490
DJBYYIDO,code,L,70004533,CP,2006-01-07T20:20,2006-01-07T22:30,CDG,1127983490
LMGALEDM,code,L,70004526,FO,2006-01-07T08:50,2006-01-07T11:20,MRS,1127983490
LMGALEDM,code,L,70004533,FO,2006-01-07T20:20,2006-01-07T22:30,CDG,1127983490
ZEMMXHIV,code,L,70004526,CS,2006-01-07T08:50,2006-01-07T11:20,MRS,1127983490
ZEMMXHIV,code,L,70004533,CS,2006-01-07T20:20,2006-01-07T22:30,CDG,1127983490
BELBCRMF,code,L,70004526,CS,2006-01-07T08:50,2006-01-07T11:20,MRS,1127983490
BELBCRMF,code,L,70004533,CS,2006-01-07T20:20,2006-01-07T22:30,CDG,1127983490
PMGDJRSX,code,L,70004526,ST,2006-01-07T08:50,2006-01-07T11:20,MRS,1127983490
PMGDJRSX,code,L,70004533,ST,2006-01-07T20:20,2006-01-07T22:30,CDG,1127983490
MWROXNCB,code,L,70004526,ST,2006-01-07T08:50,2006-01-07T11:20,MRS,1127983490
MWROXNCB,code,L,70004533,ST,2006-01-07T20:20,2006-01-07T22:30,CDG,1127983490
CDRLBCGZ,code,L,70004526,ST,2006-01-07T08:50,2006-01-07T11:20,MRS,1127983490
CDRLBCGZ,code,L,70004533,ST,2006-01-07T20:20,2006-01-07T22:30,CDG,1127983490
LYVXRCKX,code,L,70004526,ST,2006-01-07T08:50,2006-01-07T11:20,MRS,1127983490
LYVXRCKX,code,L,70004533,ST,2006-01-07T20:20,2006-01-07T22:30,CDG,1127983490
ULEGLZYR,code,L,70002977,CP,2006-01-07T08:50,2006-01-07T11:00,ORY,2090911250
ULEGLZYR,code,L,70002984,CP,2006-01-07T11:40,2006-01-07T13:00,TLS,2090911250
ULEGLZYR,code,L,70002989,CP,2006-01-07T13:50,2006-01-07T15:00,ORY,2090911250
ULEGLZYR,code,L,70002996,CP,2006-01-07T15:40,2006-01-07T17:45,TLS,2090911250
DACQSLVF,code,L,70002977,FO,2006-01-07T08:50,2006-01-07T11:00,ORY,2090911250
DACQSLVF,code,L,70002984,FO,2006-01-07T11:40,2006-01-07T13:00,TLS,2090911250
DACQSLVF,code,L,70002989,FO,2006-01-07T13:50,2006-01-07T15:00,ORY,2090911250
DACQSLVF,code,L,70002996,FO,2006-01-07T15:40,2006-01-07T17:45,TLS,2090911250
XMAPEGMT,code,L,70002977,CS,2006-01-07T08:50,2006-01-07T11:00,ORY,2090911250
XMAPEGMT,code,L,70002984,CS,2006-01-07T11:40,2006-01-07T13:00,TLS,2090911250
XMAPEGMT,code,L,70002989,CS,2006-01-07T13:50,2006-01-07T15:00,ORY,2090911250
XMAPEGMT,code,L,70002996,CS,2006-01-07T15:40,2006-01-07T17:45,TLS,2090911250
PMQDETST,code,L,70002977,CS,2006-01-07T08:50,2006-01-07T11:00,ORY,2090911250
PMQDETST,code,L,70002984,CS,2006-01-07T11:40,2006-01-07T13:00,TLS,2090911250
PMQDETST,code,L,70002989,CS,2006-01-07T13:50,2006-01-07T15:00,ORY,2090911250
PMQDETST,code,L,70002996,CS,2006-01-07T15:40,2006-01-07T17:45,TLS,2090911250
KYCSEDQU,code,L,70002977,ST,2006-01-07T08:50,2006-01-07T11:00,ORY,2090911250
KYCSEDQU,code,L,70002984,ST,2006-01-07T11:40,2006-01-07T13:00,TLS,2090911250
KYCSEDQU,code,L,70002989,ST,2006-01-07T13:50,2006-01-07T15:00,ORY,2090911250
KYCSEDQU,code,L,70002996,ST,2006-01-07T15:40,2006-01-07T17:45,TLS,2090911250
DHUFQARN,code,L,70002977,ST,2006-01-07T08:50,2006-01-07T11:00,ORY,2090911250
DHUFQARN,code,L,70002984,ST,2006-01-07T11:40,2006-01-07T13:00,TLS,2090911250
DHUFQARN,code,L,70002989,ST,2006-01-07T13:50,2006-01-07T15:00,ORY,2090911250
DHUFQARN,code,L,70002996,ST,2006-01-07T15:40,2006-01-07T17:45,TLS,2090911250
YDUZGMYC,code,L,70002977,ST,2006-01-07T08:50,2006-01-07T11:00,ORY,2090911250
YDUZGMYC,code,L,70002984,ST,2006-01-07T11:40,2006-01-07T13:00,TLS,2090911250
YDUZGMYC,code,L,70002989,ST,2006-01-07T13:50,2006-01-07T15:00,ORY,2090911250
YDUZGMYC,code,L,70002996,ST,2006-01-07T15:40,2006-01-07T17:45,TLS,2090911250
XEYKYLWG,code,L,70002977,ST,2006-01-07T08:50,2006-01-07T11:00,ORY,2090911250
XEYKYLWG,code,L,70002984,ST,2006-01-07T11:40,2006-01-07T13:00,TLS,2090911250
XEYKYLWG,code,L,70002989,ST,2006-01-07T13:50,2006-01-07T15:00,ORY,2090911250
XEYKYLWG,code,L,70002996,ST,2006-01-07T15:40,2006-01-07T17:45,TLS,2090911250
BXLENNBI,code,L,70004502,CP,2006-01-07T08:50,2006-01-07T11:20,BIQ,564194307
BXLENNBI,code,L,70004501,CP,2006-01-07T12:35,2006-01-07T14:00,CDG,564194307
BXLENNBI,code,L,70004352,CP,2006-01-07T16:20,2006-01-07T17:40,BIQ,564194307
BXLENNBI,code,L,70004347,CP,2006-01-07T18:20,2006-01-07T20:20,ORY,564194307
NWBKZBXJ,code,L,70004502,FO,2006-01-07T08:50,2006-01-07T11:20,BIQ,564194307
NWBKZBXJ,code,L,70004501,FO,2006-01-07T12:35,2006-01-07T14:00,CDG,564194307
NWBKZBXJ,code,L,70004352,FO,2006-01-07T16:20,2006-01-07T17:40,BIQ,564194307
NWBKZBXJ,code,L,70004347,FO,2006-01-07T18:20,2006-01-07T20:20,ORY,564194307
ATZFKPKA,code,L,70004502,CSD,2006-01-07T08:50,2006-01-07T11:20,BIQ,564194307
ATZFKPKA,code,L,70004501,CSD,2006-01-07T12:35,2006-01-07T14:00,CDG,564194307
ATZFKPKA,code,L,70004352,CSD,2006-01-07T16:20,2006-01-07T17:40,BIQ,564194307
ATZFKPKA,code,L,70004347,CSD,2006-01-07T18:20,2006-01-07T20:20,ORY,564194307
RHFQTOXT,code,L,70004502,ST,2006-01-07T08:50,2006-01-07T11:20,BIQ,564194307
RHFQTOXT,code,L,70004501,ST,2006-01-07T12:35,2006-01-07T14:00,CDG,564194307
RHFQTOXT,code,L,70004352,ST,2006-01-07T16:20,2006-01-07T17:40,BIQ,564194307
RHFQTOXT,code,L,70004347,ST,2006-01-07T18:20,2006-01-07T20:20,ORY,564194307
IZLQXUBY,code,L,70004502,ST,2006-01-07T08:50,2006-01-07T11:20,BIQ,564194307
IZLQXUBY,code,L,70004501,ST,2006-01-07T12:35,2006-01-07T14:00,CDG,564194307
IZLQXUBY,code,L,70004352,ST,2006-01-07T16:20,2006-01-07T17:40,BIQ,564194307
IZLQXUBY,code,L,70004347,ST,2006-01-07T18:20,2006-01-07T20:20,ORY,564194307
EFJCOBXV,code,L,70002521,CP,2006-01-07T08:50,2006-01-07T11:05,RNS,376980210
EFJCOBXV,code,L,70002522,CP,2006-01-07T11:35,2006-01-07T12:55,MPL,376980210
EFJCOBXV,code,L,70004213,CP,2006-01-07T14:00,2006-01-07T15:05,RNS,376980210
EFJCOBXV,code,L,70004214,CP,2006-01-07T16:15,2006-01-07T18:00,ORY,376980210
PRZFFVFM,code,L,70002521,FO,2006-01-07T08:50,2006-01-07T11:05,RNS,376980210
PRZFFVFM,code,L,70002522,FO,2006-01-07T11:35,2006-01-07T12:55,MPL,376980210
PRZFFVFM,code,L,70004213,FO,2006-01-07T14:00,2006-01-07T15:05,RNS,376980210
PRZFFVFM,code,L,70004214,FO,2006-01-07T16:15,2006-01-07T18:00,ORY,376980210
BGBKOSDL,code,L,70002521,CSD,2006-01-07T08:50,2006-01-07T11:05,RNS,376980210
BGBKOSDL,code,L,70002522,CSD,2006-01-07T11:35,2006-01-07T12:55,MPL,376980210
BGBKOSDL,code,L,70004213,CSD,2006-01-07T14:00,2006-01-07T15:05,RNS,376980210
BGBKOSDL,code,L,70004214,CSD,2006-01-07T16:15,2006-01-07T18:00,ORY,376980210
UDEPQDFE,code,L,70002521,ST,2006-01-07T08:50,2006-01-07T11:05,RNS,376980210
UDEPQDFE,code,L,70002522,ST,2006-01-07T11:35,2006-01-07T12:55,MPL,376980210
UDEPQDFE,code,L,70004213,ST,2006-01-07T14:00,2006-01-07T15:05,RNS,376980210
UDEPQDFE,code,L,70004214,ST,2006-01-07T16:15,2006-01-07T18:00,ORY,376980210
UMXWDYMC,code,L,70002521,ST,2006-01-07T08:50,2006-01-07T11:05,RNS,376980210
UMXWDYMC,code,L,70002522,ST,2006-01-07T11:35,2006-01-07T12:55,MPL,376980210
UMXWDYMC,code,L,70004213,ST,2006-01-07T14:00,2006-01-07T15:05,RNS,376980210
UMXWDYMC,code,L,70004214,ST,2006-01-07T16:15,2006-01-07T18:00,ORY,376980210
FITYECYF,code,L,70004696,CP,2006-01-07T08:50,2006-01-07T10:45,NCE,628641533
FITYECYF,code,L,70004699,CP,2006-01-07T11:25,2006-01-07T12:25,LYS,628641533
FITYECYF,code,L,70004700,CP,2006-01-07T13:05,2006-01-07T14:00,NCE,628641533
FITYECYF,code,L,70004695,CP,2006-01-07T15:00,2006-01-07T16:45,LYS,628641533
CNAKNTXJ,code,L,70004696,FO,2006-01-07T08:50,2006-01-07T10:45,NCE,628641533
CNAKNTXJ,code,L,70004699,FO,2006-01-07T11:25,2006-01-07T12:25,LYS,628641533
CNAKNTXJ,code,L,70004700,FO,2006-01-07T13:05,2006-01-07T14:00,NCE,628641533
CNAKNTXJ,code,L,70004695,FO,2006-01-07T15:00,2006-01-07T16:45,LYS,628641533
CNNSJLBL,code,L,70004696,CS,2006-01-07T08:50,2006-01-07T10:45,NCE,628641533
CNNSJLBL,code,L,70004699,CS,2006-01-07T11:25,2006-01-07T12:25,LYS,628641533
CNNSJLBL,code,L,70004700,CS,2006-01-07T13:05,2006-01-07T14:00,NCE,628641533
CNNSJLBL,code,L,70004695,CS,2006-01-07T15:00,2006-01-07T16:45,LYS,628641533
MDJYKBJT,code,L,70004696,ST,2006-01-07T08:50,2006-01-07T10:45,NCE,628641533
MDJYKBJT,code,L,70004699,ST,2006-01-07T11:25,2006-01-07T12:25,LYS,628641533
MDJYKBJT,code,L,70004700,ST,2006-01-07T13:05,2006-01-07T14:00,NCE,628641533
MDJYKBJT,code,L,70004695,ST,2006-01-07T15:00,2006-01-07T16:45,LYS,628641533
IYVLUCMT,code,L,70004696,ST,2006-01-07T08:50,2006-01-07T10:45,NCE,628641533
IYVLUCMT,code,L,70004699,ST,2006-01-07T11:25,2006-01-07T12:25,LYS,628641533
IYVLUCMT,code,L,70004700,ST,2006-01-07T13:05,2006-01-07T14:00,NCE,628641533
IYVLUCMT,code,L,70004695,ST,2006-01-07T15:00,2006-01-07T16:45,LYS,628641533
XBWGINVW,code,L,7000146,CP,2006-01-07T08:55,2006-01-07T11:10,MLH,363842328
XBWGINVW,code,L,7000147,CP,2006-01-07T12:00,2006-01-07T13:10,CDG,363842328
XBWGINVW,code,L,7000148,CP,2006-01-07T13:50,2006-01-07T15:05,MLH,363842328
XBWGINVW,code,L,7000149,CP,2006-01-07T15:45,2006-01-07T16:55,CDG,363842328
XBWGINVW,code,L,7000150,CP,2006-01-07T17:35,2006-01-07T18:50,MLH,363842328
XBWGINVW,code,L,7000151,CP,2006-01-07T19:55,2006-01-07T21:50,CDG,363842328
KZLECCRV,code,L,7000146,FO,2006-01-07T08:55,2006-01-07T11:10,MLH,363842328
KZLECCRV,code,L,7000147,FO,2006-01-07T12:00,2006-01-07T13:10,CDG,363842328
KZLECCRV,code,L,7000148,FO,2006-01-07T13:50,2006-01-07T15:05,MLH,363842328
KZLECCRV,code,L,7000149,FO,2006-01-07T15:45,2006-01-07T16:55,CDG,363842328
KZLECCRV,code,L,7000150,FO,2006-01-07T17:35,2006-01-07T18:50,MLH,363842328
KZLECCRV,code,L,7000151,FO,2006-01-07T19:55,2006-01-07T21:50,CDG,363842328
LDUXFXLU,code,L,7000146,CS,2006-01-07T08:55,2006-01-07T11:10,MLH,363842328
LDUXFXLU,code,L,7000147,CS,2006-01-07T12:00,2006-01-07T13:10,CDG,363842328
LDUXFXLU,code,L,7000148,CS,2006-01-07T13:50,2006-01-07T15:05,MLH,363842328
LDUXFXLU,code,L,7000149,CS,2006-01-07T15:45,2006-01-07T16:55,CDG,363842328
LDUXFXLU,code,L,7000150,CS,2006-01-07T17:35,2006-01-07T18:50,MLH,363842328
LDUXFXLU,code,L,7000151,CS,2006-01-07T19:55,2006-01-07T21:50,CDG,363842328
QKUFBSPQ,code,L,7000146,CS,2006-01-07T08:55,2006-01-07T11:10,MLH,363842328
QKUFBSPQ,code,L,7000147,CS,2006-01-07T12:00,2006-01-07T13:10,CDG,363842328
QKUFBSPQ,code,L,7000148,CS,2006-01-07T13:50,2006-01-07T15:05,MLH,363842328
QKUFBSPQ,code,L,7000149,CS,2006-01-07T15:45,2006-01-07T16:55,CDG,363842328
QKUFBSPQ,code,L,7000150,CS,2006-01-07T17:35,2006-01-07T18:50,MLH,363842328
QKUFBSPQ,code,L,7000151,CS,2006-01-07T19:55,2006-01-07T21:50,CDG,363842328
AMORDQNK,code,L,7000146,ST,2006-01-07T08:55,2006-01-07T11:10,MLH,363842328
AMORDQNK,code,L,7000147,ST,2006-01-07T12:00,2006-01-07T13:10,CDG,363842328
AMORDQNK,code,L,7000148,ST,2006-01-07T13:50,2006-01-07T15:05,MLH,363842328
AMORDQNK,code,L,7000149,ST,2006-01-07T15:45,2006-01-07T16:55,CDG,363842328
AMORDQNK,code,L,7000150,ST,2006-01-07T17:35,2006-01-07T18:50,MLH,363842328
AMORDQNK,code,L,7000151,ST,2006-01-07T19:55,2006-01-07T21:50,CDG,363842328
OVWUSZWD,code,L,7000146,ST,2006-01-07T08:55,2006-01-07T11:10,MLH,363842328
OVWUSZWD,code,L,7000147,ST,2006-01-07T12:00,2006-01-07T13:10,CDG,363842328
OVWUSZWD,code,L,7000148,ST,2006-01-07T13:50,2006-01-07T15:05,MLH,363842328
OVWUSZWD,code,L,7000149,ST,2006-01-07T15:45,2006-01-07T16:55,CDG,363842328
OVWUSZWD,code,L,7000150,ST,2006-01-07T17:35,2006-01-07T18:50,MLH,363842328
OVWUSZWD,code,L,7000151,ST,2006-01-07T19:55,2006-01-07T21:50,CDG,363842328
ZLMVPWFJ,code,L,7000146,ST,2006-01-07T08:55,2006-01-07T11:10,MLH,363842328
ZLMVPWFJ,code,L,7000147,ST,2006-01-07T12:00,2006-01-07T13:10,CDG,363842328
ZLMVPWFJ,code,L,7000148,ST,2006-01-07T13:50,2006-01-07T15:05,MLH,363842328
ZLMVPWFJ,code,L,7000149,ST,2006-01-07T15:45,2006-01-07T16:55,CDG,363842328
ZLMVPWFJ,code,L,7000150,ST,2006-01-07T17:35,2006-01-07T18:50,MLH,363842328
ZLMVPWFJ,code,L,7000151,ST,2006-01-07T19:55,2006-01-07T21:50,CDG,363842328
RFOYHIIL,code,L,7000146,ST,2006-01-07T08:55,2006-01-07T11:10,MLH,363842328
RFOYHIIL,code,L,7000147,ST,2006-01-07T12:00,2006-01-07T13:10,CDG,363842328
RFOYHIIL,code,L,7000148,ST,2006-01-07T13:50,2006-01-07T15:05,MLH,363842328
RFOYHIIL,code,L,7000149,ST,2006-01-07T15:45,2006-01-07T16:55,CDG,363842328
RFOYHIIL,code,L,7000150,ST,2006-01-07T17:35,2006-01-07T18:50,MLH,363842328
RFOYHIIL,code,L,7000151,ST,2006-01-07T19:55,2006-01-07T21:50,CDG,363842328
DAXOJUTD,code,L,70003073,CP,2006-01-07T09:00,2006-01-07T11:20,ORY,687431273
DAXOJUTD,code,L,70003088,CP,2006-01-07T12:05,2006-01-07T13:30,NCE,687431273
DAXOJUTD,code,L,70003081,CP,2006-01-07T14:00,2006-01-07T15:20,ORY,687431273
DAXOJUTD,code,L,70003102,CP,2006-01-07T16:05,2006-01-07T18:15,NCE,687431273
RMENTEDL,code,L,70003073,FO,2006-01-07T09:00,2006-01-07T11:20,ORY,687431273
RMENTEDL,code,L,70003088,FO,2006-01-07T12:05,2006-01-07T13:30,NCE,687431273
RMENTEDL,code,L,70003081,FO,2006-01-07T14:00,2006-01-07T15:20,ORY,687431273
RMENTEDL,code,L,70003102,FO,2006-01-07T16:05,2006-01-07T18:15,NCE,687431273
GLXZIMGG,code,L,70003073,CS,2006-01-07T09:00,2006-01-07T11:20,ORY,687431273
GLXZIMGG,code,L,70003088,CS,2006-01-07T12:05,2006-01-07T13:30,NCE,687431273
GLXZIMGG,code,L,70003081,CS,2006-01-07T14:00,2006-01-07T15:20,ORY,687431273
GLXZIMGG,code,L,70003102,CS,2006-01-07T16:05,2006-01-07T18:15,NCE,687431273
MTSBWAAC,code,L,70003073,CS,2006-01-07T09:00,2006-01-07T11:20,ORY,687431273
MTSBWAAC,code,L,70003088,CS,2006-01-07T12:05,2006-01-07T13:30,NCE,687431273
MTSBWAAC,code,L,70003081,CS,2006-01-07T14:00,2006-01-07T15:20,ORY,687431273
MTSBWAAC,code,L,70003102,CS,2006-01-07T16:05,2006-01-07T18:15,NCE,687431273
RLKYSSXC,code,L,70003073,ST,2006-01-07T09:00,2006-01-07T11:20,ORY,687431273
RLKYSSXC,code,L,70003088,ST,2006-01-07T12:05,2006-01-07T13:30,NCE,687431273
RLKYSSXC,code,L,70003081,ST,2006-01-07T14:00,2006-01-07T15:20,ORY,687431273
RLKYSSXC,code,L,70003102,ST,2006-01-07T16:05,2006-01-07T18:15,NCE,687431273
CRGYDCUB,code,L,70003073,ST,2006-01-07T09:00,2006-01-07T11:20,ORY,687431273
CRGYDCUB,code,L,70003088,ST,2006-01-07T12:05,2006-01-07T13:30,NCE,687431273
CRGYDCUB,code,L,70003081,ST,2006-01-07T14:00,2006-01-07T15:20,ORY,687431273
CRGYDCUB,code,L,70003102,ST,2006-01-07T16:05,2006-01-07T18:15,NCE,687431273
ZXTYZXTE,code,L,70003073,ST,2006-01-07T09:00,2006-01-07T11:20,ORY,687431273
ZXTYZXTE,code,L,70003088,ST,2006-01-07T12:05,2006-01-07T13:30,NCE,687431273
ZXTYZXTE,code,L,70003081,ST,2006-01-07T14:00,2006-01-07T15:20,ORY,687431273
ZXTYZXTE,code,L,70003102,ST,2006-01-07T16:05,2006-01-07T18:15,NCE,687431273
ITNMIHYG,code,L,70003073,ST,2006-01-07T09:00,2006-01-07T11:20,ORY,687431273
ITNMIHYG,code,L,70003088,ST,2006-01-07T12:05,2006-01-07T13:30,NCE,687431273
ITNMIHYG,code,L,70003081,ST,2006-01-07T14:00,2006-01-07T15:20,ORY,687431273
ITNMIHYG,code,L,70003102,ST,2006-01-07T16:05,2006-01-07T18:15,NCE,687431273
ZVACLAMK,code,L,70004588,CP,2006-01-07T09:00,2006-01-07T11:05,NTE,848563345
ZVACLAMK,code,L,70004587,CP,2006-01-07T11:45,2006-01-07T12:50,CDG,848563345
ZVACLAMK,code,L,70004590,CP,2006-01-07T13:35,2006-01-07T14:40,NTE,848563345
ZVACLAMK,code,L,70004593,CP,2006-01-07T16:15,2006-01-07T17:20,CDG,848563345
ZVACLAMK,code,L,70004594,CP,2006-01-07T18:05,2006-01-07T19:10,NTE,848563345
ZVACLAMK,code,L,70004591,CP,2006-01-07T20:00,2006-01-07T21:50,CDG,848563345
UWVDREWC,code,L,70004588,FO,2006-01-07T09:00,2006-01-07T11:05,NTE,848563345
UWVDREWC,code,L,70004587,FO,2006-01-07T11:45,2006-01-07T12:50,CDG,848563345
UWVDREWC,code,L,70004590,FO,2006-01-07T13:35,2006-01-07T14:40,NTE,848563345
UWVDREWC,code,L,70004593,FO,2006-01-07T16:15,2006-01-07T17:20,CDG,848563345
UWVDREWC,code,L,70004594,FO,2006-01-07T18:05,2006-01-07T19:10,NTE,848563345
UWVDREWC,code,L,70004591,FO,2006-01-07T20:00,2006-01-07T21:50,CDG,848563345
WJYHTFJB,code,L,70004588,CS,2006-01-07T09:00,2006-01-07T11:05,NTE,848563345
WJYHTFJB,code,L,70004587,CS,2006-01-07T11:45,2006-01-07T12:50,CDG,848563345
WJYHTFJB,code,L,70004590,CS,2006-01-07T13:35,2006-01-07T14:40,NTE,848563345
WJYHTFJB,code,L,70004593,CS,2006-01-07T16:15,2006-01-07T17:20,CDG,848563345
WJYHTFJB,code,L,70004594,CS,2006-01-07T18:05,2006-01-07T19:10,NTE,848563345
WJYHTFJB,code,L,70004591,CS,2006-01-07T20:00,2006-01-07T21:50,CDG,848563345
RVFFTCWY,code,L,70004588,CS,2006-01-07T09:00,2006-01-07T11:05,NTE,848563345
RVFFTCWY,code,L,70004587,CS,2006-01-07T11:45,2006-01-07T12:50,CDG,848563345
RVFFTCWY,code,L,70004590,CS,2006-01-07T13:35,2006-01-07T14:40,NTE,848563345
RVFFTCWY,code,L,70004593,CS,2006-01-07T16:15,2006-01-07T17:20,CDG,848563345
RVFFTCWY,code,L,70004594,CS,2006-01-07T18:05,2006-01-07T19:10,NTE,848563345
RVFFTCWY,code,L,70004591,CS,2006-01-07T20:00,2006-01-07T21:50,CDG,848563345
KMAVCQMC,code,L,70004588,ST,2006-01-07T09:00,2006-01-07T11:05,NTE,848563345
KMAVCQMC,code,L,70004587,ST,2006-01-07T11:45,2006-01-07T12:50,CDG,848563345
KMAVCQMC,code,L,70004590,ST,2006-01-07T13:35,2006-01-07T14:40,NTE,848563345
KMAVCQMC,code,L,70004593,ST,2006-01-07T16:15,2006-01-07T17:20,CDG,848563345
KMAVCQMC,code,L,70004594,ST,2006-01-07T18:05,2006-01-07T19:10,NTE,848563345
KMAVCQMC,code,L,70004591,ST,2006-01-07T20:00,2006-01-07T21:50,CDG,848563345
YAYCIQFM,code,L,70004588,ST,2006-01-07T09:00,2006-01-07T11:05,NTE,848563345
YAYCIQFM,code,L,70004587,ST,2006-01-07T11:45,2006-01-07T12:50,CDG,848563345
YAYCIQFM,code,L,70004590,ST,2006-01-07T13:35,2006-01-07T14:40,NTE,848563345
YAYCIQFM,code,L,70004593,ST,2006-01-07T16:15,2006-01-07T17:20,CDG,848563345
YAYCIQFM,code,L,70004594,ST,2006-01-07T18:05,2006-01-07T19:10,NTE,848563345
YAYCIQFM,code,L,70004591,ST,2006-01-07T20:00,2006-01-07T21:50,CDG,848563345
YRTXHKPA,code,L,70004588,ST,2006-01-07T09:00,2006-01-07T11:05,NTE,848563345
YRTXHKPA,code,L,70004587,ST,2006-01-07T11:45,2006-01-07T12:50,CDG,848563345
YRTXHKPA,code,L,70004590,ST,2006-01-07T13:35,2006-01-07T14:40,NTE,848563345
YRTXHKPA,code,L,70004593,ST,2006-01-07T16:15,2006-01-07T17:20,CDG,848563345
YRTXHKPA,code,L,70004594,ST,2006-01-07T18:05,2006-01-07T19:10,NTE,848563345
YRTXHKPA,code,L,70004591,ST,2006-01-07T20:00,2006-01-07T21:50,CDG,848563345
SDASLEGM,code,L,70004588,ST,2006-01-07T09:00,2006-01-07T11:05,NTE,848563345
SDASLEGM,code,L,70004587,ST,2006-01-07T11:45,2006-01-07T12:50,CDG,848563345
SDASLEGM,code,L,70004590,ST,2006-01-07T13:35,2006-01-07T14:40,NTE,848563345
SDASLEGM,code,L,70004593,ST,2006-01-07T16:15,2006-01-07T17:20,CDG,848563345
SDASLEGM,code,L,70004594,ST,2006-01-07T18:05,2006-01-07T19:10,NTE,848563345
SDASLEGM,code,L,70004591,ST,2006-01-07T20:00,2006-01-07T21:50,CDG,848563345
MYARKGJC,code,L,70003074,CP,2006-01-07T09:05,2006-01-07T11:30,NCE,760389092
MYARKGJC,code,L,70003077,CP,2006-01-07T12:00,2006-01-07T13:20,ORY,760389092
MYARKGJC,code,L,70003082,CP,2006-01-07T14:05,2006-01-07T15:30,NCE,760389092
MYARKGJC,code,L,70003085,CP,2006-01-07T16:00,2006-01-07T17:20,ORY,760389092
MYARKGJC,code,L,70003092,CP,2006-01-07T18:05,2006-01-07T19:30,NCE,760389092
MYARKGJC,code,L,70003095,CP,2006-01-07T20:00,2006-01-07T22:05,ORY,760389092
SDATCQGO,code,L,70003074,FO,2006-01-07T09:05,2006-01-07T11:30,NCE,760389092
SDATCQGO,code,L,70003077,FO,2006-01-07T12:00,2006-01-07T13:20,ORY,760389092
SDATCQGO,code,L,70003082,FO,2006-01-07T14:05,2006-01-07T15:30,NCE,760389092
SDATCQGO,code,L,70003085,FO,2006-01-07T16:00,2006-01-07T17:20,ORY,760389092
SDATCQGO,code,L,70003092,FO,2006-01-07T18:05,2006-01-07T19:30,NCE,760389092
SDATCQGO,code,L,70003095,FO,2006-01-07T20:00,2006-01-07T22:05,ORY,760389092
AVCHSCDJ,code,L,70003074,CS,2006-01-07T09:05,2006-01-07T11:30,NCE,760389092
AVCHSCDJ,code,L,70003077,CS,2006-01-07T12:00,2006-01-07T13:20,ORY,760389092
AVCHSCDJ,code,L,70003082,CS,2006-01-07T14:05,2006-01-07T15:30,NCE,760389092
AVCHSCDJ,code,L,70003085,CS,2006-01-07T16:00,2006-01-07T17:20,ORY,760389092
AVCHSCDJ,code,L,70003092,CS,2006-01-07T18:05,2006-01-07T19:30,NCE,760389092
AVCHSCDJ,code,L,70003095,CS,2006-01-07T20:00,2006-01-07T22:05,ORY,760389092
OSEKUARF,code,L,70003074,CS,2006-01-07T09:05,2006-01-07T11:30,NCE,760389092
OSEKUARF,code,L,70003077,CS,2006-01-07T12:00,2006-01-07T13:20,ORY,760389092
OSEKUARF,code,L,70003082,CS,2006-01-07T14:05,2006-01-07T15:30,NCE,760389092
OSEKUARF,code,L,70003085,CS,2006-01-07T16:00,2006-01-07T17:20,ORY,760389092
OSEKUARF,code,L,70003092,CS,2006-01-07T18:05,2006-01-07T19:30,NCE,760389092
OSEKUARF,code,L,70003095,CS,2006-01-07T20:00,2006-01-07T22:05,ORY,760389092
AOXNNSHE,code,L,70003074,ST,2006-01-07T09:05,2006-01-07T11:30,NCE,760389092
AOXNNSHE,code,L,70003077,ST,2006-01-07T12:00,2006-01-07T13:20,ORY,760389092
AOXNNSHE,code,L,70003082,ST,2006-01-07T14:05,2006-01-07T15:30,NCE,760389092
AOXNNSHE,code,L,70003085,ST,2006-01-07T16:00,2006-01-07T17:20,ORY,760389092
AOXNNSHE,code,L,70003092,ST,2006-01-07T18:05,2006-01-07T19:30,NCE,760389092
AOXNNSHE,code,L,70003095,ST,2006-01-07T20:00,2006-01-07T22:05,ORY,760389092
OTXPTNBG,code,L,70003074,ST,2006-01-07T09:05,2006-01-07T11:30,NCE,760389092
OTXPTNBG,code,L,70003077,ST,2006-01-07T12:00,2006-01-07T13:20,ORY,760389092
OTXPTNBG,code,L,70003082,ST,2006-01-07T14:05,2006-01-07T15:30,NCE,760389092
OTXPTNBG,code,L,70003085,ST,2006-01-07T16:00,2006-01-07T17:20,ORY,760389092
OTXPTNBG,code,L,70003092,ST,2006-01-07T18:05,2006-01-07T19:30,NCE,760389092
OTXPTNBG,code,L,70003095,ST,2006-01-07T20:00,2006-01-07T22:05,ORY,760389092
LBXQYNQN,code,L,70003074,ST,2006-01-07T09:05,2006-01-07T11:30,NCE,760389092
LBXQYNQN,code,L,70003077,ST,2006-01-07T12:00,2006-01-07T13:20,ORY,760389092
LBXQYNQN,code,L,70003082,ST,2006-01-07T14:05,2006-01-07T15:30,NCE,760389092
LBXQYNQN,code,L,70003085,ST,2006-01-07T16:00,2006-01-07T17:20,ORY,760389092
LBXQYNQN,code,L,70003092,ST,2006-01-07T18:05,2006-01-07T19:30,NCE,760389092
LBXQYNQN,code,L,70003095,ST,2006-01-07T20:00,2006-01-07T22:05,ORY,760389092
TGESTUPL,code,L,70003074,ST,2006-01-07T09:05,2006-01-07T11:30,NCE,760389092
TGESTUPL,code,L,70003077,ST,2006-01-07T12:00,2006-01-07T13:20,ORY,760389092
TGESTUPL,code,L,70003082,ST,2006-01-07T14:05,2006-01-07T15:30,NCE,760389092
TGESTUPL,code,L,70003085,ST,2006-01-07T16:00,2006-01-07T17:20,ORY,760389092
TGESTUPL,code,L,70003092,ST,2006-01-07T18:05,2006-01-07T19:30,NCE,760389092
TGESTUPL,code,L,70003095,ST,2006-01-07T20:00,2006-01-07T22:05,ORY,760389092
HMCBPPSA,code,L,70004366,CP,2006-01-07T09:05,2006-01-07T11:30,TLN,820276643
HMCBPPSA,code,L,70004369,CP,2006-01-07T12:30,2006-01-07T13:50,ORY,820276643
HMCBPPSA,code,L,70004370,CP,2006-01-07T14:40,2006-01-07T16:05,TLN,820276643
HMCBPPSA,code,L,70004371,CP,2006-01-07T17:55,2006-01-07T20:00,ORY,820276643
FNNRHIXU,code,L,70004366,FO,2006-01-07T09:05,2006-01-07T11:30,TLN,820276643
FNNRHIXU,code,L,70004369,FO,2006-01-07T12:30,2006-01-07T13:50,ORY,820276643
FNNRHIXU,code,L,70004370,FO,2006-01-07T14:40,2006-01-07T16:05,TLN,820276643
FNNRHIXU,code,L,70004371,FO,2006-01-07T17:55,2006-01-07T20:00,ORY,820276643
SMWXBYOX,code,L,70004366,CS,2006-01-07T09:05,2006-01-07T11:30,TLN,820276643
SMWXBYOX,code,L,70004369,CS,2006-01-07T12:30,2006-01-07T13:50,ORY,820276643
SMWXBYOX,code,L,70004370,CS,2006-01-07T14:40,2006-01-07T16:05,TLN,820276643
SMWXBYOX,code,L,70004371,CS,2006-01-07T17:55,2006-01-07T20:00,ORY,820276643
DQCMFAVU,code,L,70004366,CS,2006-01-07T09:05,2006-01-07T11:30,TLN,820276643
DQCMFAVU,code,L,70004369,CS,2006-01-07T12:30,2006-01-07T13:50,ORY,820276643
DQCMFAVU,code,L,70004370,CS,2006-01-07T14:40,2006-01-07T16:05,TLN,820276643
DQCMFAVU,code,L,70004371,CS,2006-01-07T17:55,2006-01-07T20:00,ORY,820276643
LMEDOMRL,code,L,70004366,ST,2006-01-07T09:05,2006-01-07T11:30,TLN,820276643
LMEDOMRL,code,L,70004369,ST,2006-01-07T12:30,2006-01-07T13:50,ORY,820276643
LMEDOMRL,code,L,70004370,ST,2006-01-07T14:40,2006-01-07T16:05,TLN,820276643
LMEDOMRL,code,L,70004371,ST,2006-01-07T17:55,2006-01-07T20:00,ORY,820276643
BUWXHQRG,code,L,70004366,ST,2006-01-07T09:05,2006-01-07T11:30,TLN,820276643
BUWXHQRG,code,L,70004369,ST,2006-01-07T12:30,2006-01-07T13:50,ORY,820276643
BUWXHQRG,code,L,70004370,ST,2006-01-07T14:40,2006-01-07T16:05,TLN,820276643
BUWXHQRG,code,L,70004371,ST,2006-01-07T17:55,2006-01-07T20:00,ORY,820276643
OVDJGWKN,code,L,70004366,ST,2006-01-07T09:05,2006-01-07T11:30,TLN,820276643
OVDJGWKN,code,L,70004369,ST,2006-01-07T12:30,2006-01-07T13:50,ORY,820276643
OVDJGWKN,code,L,70004370,ST,2006-01-07T14:40,2006-01-07T16:05,TLN,820276643
OVDJGWKN,code,L,70004371,ST,2006-01-07T17:55,2006-01-07T20:00,ORY,820276643
ASBPXKRW,code,L,70004366,ST,2006-01-07T09:05,2006-01-07T11:30,TLN,820276643
ASBPXKRW,code,L,70004369,ST,2006-01-07T12:30,2006-01-07T13:50,ORY,820276643
ASBPXKRW,code,L,70004370,ST,2006-01-07T14:40,2006-01-07T16:05,TLN,820276643
ASBPXKRW,code,L,70004371,ST,2006-01-07T17:55,2006-01-07T20:00,ORY,820276643
XYPNNZTV,code,L,70004228,CP,2006-01-07T09:05,2006-01-07T11:20,BES,1450422331
XYPNNZTV,code,L,70004239,CP,2006-01-07T14:40,2006-01-07T15:50,ORY,1450422331
XYPNNZTV,code,L,70004238,CP,2006-01-07T16:35,2006-01-07T17:50,BES,1450422331
XYPNNZTV,code,L,70004237,CP,2006-01-07T20:20,2006-01-07T22:15,ORY,1450422331
JMEFTKFM,code,L,70004228,FO,2006-01-07T09:05,2006-01-07T11:20,BES,1450422331
JMEFTKFM,code,L,70004239,FO,2006-01-07T14:40,2006-01-07T15:50,ORY,1450422331
JMEFTKFM,code,L,70004238,FO,2006-01-07T16:35,2006-01-07T17:50,BES,1450422331
JMEFTKFM,code,L,70004237,FO,2006-01-07T20:20,2006-01-07T22:15,ORY,1450422331
FKPBASML,code,L,70004228,CS,2006-01-07T09:05,2006-01-07T11:20,BES,1450422331
FKPBASML,code,L,70004239,CS,2006-01-07T14:40,2006-01-07T15:50,ORY,1450422331
FKPBASML,code,L,70004238,CS,2006-01-07T16:35,2006-01-07T17:50,BES,1450422331
FKPBASML,code,L,70004237,CS,2006-01-07T20:20,2006-01-07T22:15,ORY,1450422331
GFAPHPZP,code,L,70004228,CS,2006-01-07T09:05,2006-01-07T11:20,BES,1450422331
GFAPHPZP,code,L,70004239,CS,2006-01-07T14:40,2006-01-07T15:50,ORY,1450422331
GFAPHPZP,code,L,70004238,CS,2006-01-07T16:35,2006-01-07T17:50,BES,1450422331
GFAPHPZP,code,L,70004237,CS,2006-01-07T20:20,2006-01-07T22:15,ORY,1450422331
LUPQTUQQ,code,L,70004228,ST,2006-01-07T09:05,2006-01-07T11:20,BES,1450422331
LUPQTUQQ,code,L,70004239,ST,2006-01-07T14:40,2006-01-07T15:50,ORY,1450422331
LUPQTUQQ,code,L,70004238,ST,2006-01-07T16:35,2006-01-07T17:50,BES,1450422331
LUPQTUQQ,code,L,70004237,ST,2006-01-07T20:20,2006-01-07T22:15,ORY,1450422331
RAMOPBPG,code,L,70004228,ST,2006-01-07T09:05,2006-01-07T11:20,BES,1450422331
RAMOPBPG,code,L,70004239,ST,2006-01-07T14:40,2006-01-07T15:50,ORY,1450422331
RAMOPBPG,code,L,70004238,ST,2006-01-07T16:35,2006-01-07T17:50,BES,1450422331
RAMOPBPG,code,L,70004237,ST,2006-01-07T20:20,2006-01-07T22:15,ORY,1450422331
IZKAYVDI,code,L,70004228,ST,2006-01-07T09:05,2006-01-07T11:20,BES,1450422331
IZKAYVDI,code,L,70004239,ST,2006-01-07T14:40,2006-01-07T15:50,ORY,1450422331
IZKAYVDI,code,L,70004238,ST,2006-01-07T16:35,2006-01-07T17:50,BES,1450422331
IZKAYVDI,code,L,70004237,ST,2006-01-07T20:20,2006-01-07T22:15,ORY,1450422331
FHHGYUJB,code,L,70004228,ST,2006-01-07T09:05,2006-01-07T11:20,BES,1450422331
FHHGYUJB,code,L,70004239,ST,2006-01-07T14:40,2006-01-07T15:50,ORY,1450422331
FHHGYUJB,code,L,70004238,ST,2006-01-07T16:35,2006-01-07T17:50,BES,1450422331
FHHGYUJB,code,L,70004237,ST,2006-01-07T20:20,2006-01-07T22:15,ORY,1450422331
VBFEDFCP,code,L,70004200,CP,2006-01-07T09:05,2006-01-07T11:15,MLH,472931517
VBFEDFCP,code,L,70004197,CP,2006-01-07T12:10,2006-01-07T13:10,ORY,472931517
VBFEDFCP,code,L,70004202,CP,2006-01-07T13:55,2006-01-07T15:05,MLH,472931517
VBFEDFCP,code,L,70004203,CP,2006-01-07T18:45,2006-01-07T20:30,ORY,472931517
GBNJBOYV,code,L,70004200,FO,2006-01-07T09:05,2006-01-07T11:15,MLH,472931517
GBNJBOYV,code,L,70004197,FO,2006-01-07T12:10,2006-01-07T13:10,ORY,472931517
GBNJBOYV,code,L,70004202,FO,2006-01-07T13:55,2006-01-07T15:05,MLH,472931517
GBNJBOYV,code,L,70004203,FO,2006-01-07T18:45,2006-01-07T20:30,ORY,472931517
TTSNVVVQ,code,L,70004200,CS,2006-01-07T09:05,2006-01-07T11:15,MLH,472931517
TTSNVVVQ,code,L,70004197,CS,2006-01-07T12:10,2006-01-07T13:10,ORY,472931517
TTSNVVVQ,code,L,70004202,CS,2006-01-07T13:55,2006-01-07T15:05,MLH,472931517
TTSNVVVQ,code,L,70004203,CS,2006-01-07T18:45,2006-01-07T20:30,ORY,472931517
EYCOMMUN,code,L,70004200,CS,2006-01-07T09:05,2006-01-07T11:15,MLH,472931517
EYCOMMUN,code,L,70004197,CS,2006-01-07T12:10,2006-01-07T13:10,ORY,472931517
EYCOMMUN,code,L,70004202,CS,2006-01-07T13:55,2006-01-07T15:05,MLH,472931517
EYCOMMUN,code,L,70004203,CS,2006-01-07T18:45,2006-01-07T20:30,ORY,472931517
NUEHGSUS,code,L,70004200,ST,2006-01-07T09:05,2006-01-07T11:15,MLH,472931517
NUEHGSUS,code,L,70004197,ST,2006-01-07T12:10,2006-01-07T13:10,ORY,472931517
NUEHGSUS,code,L,70004202,ST,2006-01-07T13:55,2006-01-07T15:05,MLH,472931517
NUEHGSUS,code,L,70004203,ST,2006-01-07T18:45,2006-01-07T20:30,ORY,472931517
SYGYQXED,code,L,70004200,ST,2006-01-07T09:05,2006-01-07T11:15,MLH,472931517
SYGYQXED,code,L,70004197,ST,2006-01-07T12:10,2006-01-07T13:10,ORY,472931517
SYGYQXED,code,L,70004202,ST,2006-01-07T13:55,2006-01-07T15:05,MLH,472931517
SYGYQXED,code,L,70004203,ST,2006-01-07T18:45,2006-01-07T20:30,ORY,472931517
SPUZIFZV,code,L,70004200,ST,2006-01-07T09:05,2006-01-07T11:15,MLH,472931517
SPUZIFZV,code,L,70004197,ST,2006-01-07T12:10,2006-01-07T13:10,ORY,472931517
SPUZIFZV,code,L,70004202,ST,2006-01-07T13:55,2006-01-07T15:05,MLH,472931517
SPUZIFZV,code,L,70004203,ST,2006-01-07T18:45,2006-01-07T20:30,ORY,472931517
SSTYKDWG,code,L,70004200,ST,2006-01-07T09:05,2006-01-07T11:15,MLH,472931517
SSTYKDWG,code,L,70004197,ST,2006-01-07T12:10,2006-01-07T13:10,ORY,472931517
SSTYKDWG,code,L,70004202,ST,2006-01-07T13:55,2006-01-07T15:05,MLH,472931517
SSTYKDWG,code,L,70004203,ST,2006-01-07T18:45,2006-01-07T20:30,ORY,472931517
AFXJURMH,code,L,70003124,CP,2006-01-07T09:05,2006-01-07T11:15,BOD,1903227280
AFXJURMH,code,L,70003123,CP,2006-01-07T12:10,2006-01-07T13:15,ORY,1903227280
AFXJURMH,code,L,70003128,CP,2006-01-07T14:05,2006-01-07T15:15,BOD,1903227280
AFXJURMH,code,L,70003131,CP,2006-01-07T17:25,2006-01-07T19:15,ORY,1903227280
IVCQEFJT,code,L,70003124,FO,2006-01-07T09:05,2006-01-07T11:15,BOD,1903227280
IVCQEFJT,code,L,70003123,FO,2006-01-07T12:10,2006-01-07T13:15,ORY,1903227280
IVCQEFJT,code,L,70003128,FO,2006-01-07T14:05,2006-01-07T15:15,BOD,1903227280
IVCQEFJT,code,L,70003131,FO,2006-01-07T17:25,2006-01-07T19:15,ORY,1903227280
QMWVUCCE,code,L,70003124,CS,2006-01-07T09:05,2006-01-07T11:15,BOD,1903227280
QMWVUCCE,code,L,70003123,CS,2006-01-07T12:10,2006-01-07T13:15,ORY,1903227280
QMWVUCCE,code,L,70003128,CS,2006-01-07T14:05,2006-01-07T15:15,BOD,1903227280
QMWVUCCE,code,L,70003131,CS,2006-01-07T17:25,2006-01-07T19:15,ORY,1903227280
TDCUEVNW,code,L,70003124,CS,2006-01-07T09:05,2006-01-07T11:15,BOD,1903227280
TDCUEVNW,code,L,70003123,CS,2006-01-07T12:10,2006-01-07T13:15,ORY,1903227280
TDCUEVNW,code,L,70003128,CS,2006-01-07T14:05,2006-01-07T15:15,BOD,1903227280
TDCUEVNW,code,L,70003131,CS,2006-01-07T17:25,2006-01-07T19:15,ORY,1903227280
WJKACCRH,code,L,70003124,ST,2006-01-07T09:05,2006-01-07T11:15,BOD,1903227280
WJKACCRH,code,L,70003123,ST,2006-01-07T12:10,2006-01-07T13:15,ORY,1903227280
WJKACCRH,code,L,70003128,ST,2006-01-07T14:05,2006-01-07T15:15,BOD,1903227280
WJKACCRH,code,L,70003131,ST,2006-01-07T17:25,2006-01-07T19:15,ORY,1903227280
FTMTBHOV,code,L,70003124,ST,2006-01-07T09:05,2006-01-07T11:15,BOD,1903227280
FTMTBHOV,code,L,70003123,ST,2006-01-07T12:10,2006-01-07T13:15,ORY,1903227280
FTMTBHOV,code,L,70003128,ST,2006-01-07T14:05,2006-01-07T15:15,BOD,1903227280
FTMTBHOV,code,L,70003131,ST,2006-01-07T17:25,2006-01-07T19:15,ORY,1903227280
YCEIBYGB,code,L,70003124,ST,2006-01-07T09:05,2006-01-07T11:15,BOD,1903227280
YCEIBYGB,code,L,70003123,ST,2006-01-07T12:10,2006-01-07T13:15,ORY,1903227280
YCEIBYGB,code,L,70003128,ST,2006-01-07T14:05,2006-01-07T15:15,BOD,1903227280
YCEIBYGB,code,L,70003131,ST,2006-01-07T17:25,2006-01-07T19:15,ORY,1903227280
VBWSMHNB,code,L,70003124,ST,2006-01-07T09:05,2006-01-07T11:15,BOD,1903227280
VBWSMHNB,code,L,70003123,ST,2006-01-07T12:10,2006-01-07T13:15,ORY,1903227280
VBWSMHNB,code,L,70003128,ST,2006-01-07T14:05,2006-01-07T15:15,BOD,1903227280
VBWSMHNB,code,L,70003131,ST,2006-01-07T17:25,2006-01-07T19:15,ORY,1903227280
CIZBEKJF,code,L,70004320,CP,2006-01-07T09:10,2006-01-07T11:30,PUF,607156385
CIZBEKJF,code,L,70004317,CP,2006-01-07T12:05,2006-01-07T13:20,ORY,607156385
CIZBEKJF,code,L,70004322,CP,2006-01-07T14:10,2006-01-07T15:30,PUF,607156385
CIZBEKJF,code,L,70004319,CP,2006-01-07T16:20,2006-01-07T17:35,ORY,607156385
CIZBEKJF,code,L,70004324,CP,2006-01-07T18:30,2006-01-07T19:50,PUF,607156385
CIZBEKJF,code,L,70004321,CP,2006-01-07T20:25,2006-01-07T22:25,ORY,607156385
ZXFCVBQH,code,L,70004320,FO,2006-01-07T09:10,2006-01-07T11:30,PUF,607156385
ZXFCVBQH,code,L,70004317,FO,2006-01-07T12:05,2006-01-07T13:20,ORY,607156385
ZXFCVBQH,code,L,70004322,FO,2006-01-07T14:10,2006-01-07T15:30,PUF,607156385
ZXFCVBQH,code,L,70004319,FO,2006-01-07T16:20,2006-01-07T17:35,ORY,607156385
ZXFCVBQH,code,L,70004324,FO,2006-01-07T18:30,2006-01-07T19:50,PUF,607156385
ZXFCVBQH,code,L,70004321,FO,2006-01-07T20:25,2006-01-07T22:25,ORY,607156385
TJIYCAHS,code,L,70004320,CS,2006-01-07T09:10,2006-01-07T11:30,PUF,607156385
TJIYCAHS,code,L,70004317,CS,2006-01-07T12:05,2006-01-07T13:20,ORY,607156385
TJIYCAHS,code,L,70004322,CS,2006-01-07T14:10,2006-01-07T15:30,PUF,607156385
TJIYCAHS,code,L,70004319,CS,2006-01-07T16:20,2006-01-07T17:35,ORY,607156385
TJIYCAHS,code,L,70004324,CS,2006-01-07T18:30,2006-01-07T19:50,PUF,607156385
TJIYCAHS,code,L,70004321,CS,2006-01-07T20:25,2006-01-07T22:25,ORY,607156385
YCHDKFXA,code,L,70004320,CS,2006-01-07T09:10,2006-01-07T11:30,PUF,607156385
YCHDKFXA,code,L,70004317,CS,2006-01-07T12:05,2006-01-07T13:20,ORY,607156385
YCHDKFXA,code,L,70004322,CS,2006-01-07T14:10,2006-01-07T15:30,PUF,607156385
YCHDKFXA,code,L,70004319,CS,2006-01-07T16:20,2006-01-07T17:35,ORY,607156385
YCHDKFXA,code,L,70004324,CS,2006-01-07T18:30,2006-01-07T19:50,PUF,607156385
YCHDKFXA,code,L,70004321,CS,2006-01-07T20:25,2006-01-07T22:25,ORY,607156385
BMRRWQOR,code,L,70004320,ST,2006-01-07T09:10,2006-01-07T11:30,PUF,607156385
BMRRWQOR,code,L,70004317,ST,2006-01-07T12:05,2006-01-07T13:20,ORY,607156385
BMRRWQOR,code,L,70004322,ST,2006-01-07T14:10,2006-01-07T15:30,PUF,607156385
BMRRWQOR,code,L,70004319,ST,2006-01-07T16:20,2006-01-07T17:35,ORY,607156385
BMRRWQOR,code,L,70004324,ST,2006-01-07T18:30,2006-01-07T19:50,PUF,607156385
BMRRWQOR,code,L,70004321,ST,2006-01-07T20:25,2006-01-07T22:25,ORY,607156385
SEWGPFJG,code,L,70004320,ST,2006-01-07T09:10,2006-01-07T11:30,PUF,607156385
SEWGPFJG,code,L,70004317,ST,2006-01-07T12:05,2006-01-07T13:20,ORY,607156385
SEWGPFJG,code,L,70004322,ST,2006-01-07T14:10,2006-01-07T15:30,PUF,607156385
SEWGPFJG,code,L,70004319,ST,2006-01-07T16:20,2006-01-07T17:35,ORY,607156385
SEWGPFJG,code,L,70004324,ST,2006-01-07T18:30,2006-01-07T19:50,PUF,607156385
SEWGPFJG,code,L,70004321,ST,2006-01-07T20:25,2006-01-07T22:25,ORY,607156385
LUCABHDS,code,L,70004320,ST,2006-01-07T09:10,2006-01-07T11:30,PUF,607156385
LUCABHDS,code,L,70004317,ST,2006-01-07T12:05,2006-01-07T13:20,ORY,607156385
LUCABHDS,code,L,70004322,ST,2006-01-07T14:10,2006-01-07T15:30,PUF,607156385
LUCABHDS,code,L,70004319,ST,2006-01-07T16:20,2006-01-07T17:35,ORY,607156385
LUCABHDS,code,L,70004324,ST,2006-01-07T18:30,2006-01-07T19:50,PUF,607156385
LUCABHDS,code,L,70004321,ST,2006-01-07T20:25,2006-01-07T22:25,ORY,607156385
NISTSDTB,code,L,70004320,ST,2006-01-07T09:10,2006-01-07T11:30,PUF,607156385
NISTSDTB,code,L,70004317,ST,2006-01-07T12:05,2006-01-07T13:20,ORY,607156385
NISTSDTB,code,L,70004322,ST,2006-01-07T14:10,2006-01-07T15:30,PUF,607156385
NISTSDTB,code,L,70004319,ST,2006-01-07T16:20,2006-01-07T17:35,ORY,607156385
NISTSDTB,code,L,70004324,ST,2006-01-07T18:30,2006-01-07T19:50,PUF,607156385
NISTSDTB,code,L,70004321,ST,2006-01-07T20:25,2006-01-07T22:25,ORY,607156385
RPKQWKXP,code,L,70004725,CP,2006-01-07T09:10,2006-01-07T11:25,NTE,1056745520
RPKQWKXP,code,L,70004705,CP,2006-01-07T15:00,2006-01-07T16:05,LYS,1056745520
RPKQWKXP,code,L,70004706,CP,2006-01-07T16:55,2006-01-07T17:55,TLS,1056745520
RPKQWKXP,code,L,70004730,CP,2006-01-07T18:45,2006-01-07T20:45,LYS,1056745520
TAIBDVWC,code,L,70004725,FO,2006-01-07T09:10,2006-01-07T11:25,NTE,1056745520
TAIBDVWC,code,L,70004705,FO,2006-01-07T15:00,2006-01-07T16:05,LYS,1056745520
TAIBDVWC,code,L,70004706,FO,2006-01-07T16:55,2006-01-07T17:55,TLS,1056745520
TAIBDVWC,code,L,70004730,FO,2006-01-07T18:45,2006-01-07T20:45,LYS,1056745520
WHMMEQKK,code,L,70004725,CS,2006-01-07T09:10,2006-01-07T11:25,NTE,1056745520
WHMMEQKK,code,L,70004705,CS,2006-01-07T15:00,2006-01-07T16:05,LYS,1056745520
WHMMEQKK,code,L,70004706,CS,2006-01-07T16:55,2006-01-07T17:55,TLS,1056745520
WHMMEQKK,code,L,70004730,CS,2006-01-07T18:45,2006-01-07T20:45,LYS,1056745520
HQOUZPRF,code,L,70004725,CS,2006-01-07T09:10,2006-01-07T11:25,NTE,1056745520
HQOUZPRF,code,L,70004705,CS,2006-01-07T15:00,2006-01-07T16:05,LYS,1056745520
HQOUZPRF,code,L,70004706,CS,2006-01-07T16:55,2006-01-07T17:55,TLS,1056745520
HQOUZPRF,code,L,70004730,CS,2006-01-07T18:45,2006-01-07T20:45,LYS,1056745520
PMOJEZJF,code,L,70004725,ST,2006-01-07T09:10,2006-01-07T11:25,NTE,1056745520
PMOJEZJF,code,L,70004705,ST,2006-01-07T15:00,2006-01-07T16:05,LYS,1056745520
PMOJEZJF,code,L,70004706,ST,2006-01-07T16:55,2006-01-07T17:55,TLS,1056745520
PMOJEZJF,code,L,70004730,ST,2006-01-07T18:45,2006-01-07T20:45,LYS,1056745520
ZTFNTOGZ,code,L,70004725,ST,2006-01-07T09:10,2006-01-07T11:25,NTE,1056745520
ZTFNTOGZ,code,L,70004705,ST,2006-01-07T15:00,2006-01-07T16:05,LYS,1056745520
ZTFNTOGZ,code,L,70004706,ST,2006-01-07T16:55,2006-01-07T17:55,TLS,1056745520
ZTFNTOGZ,code,L,70004730,ST,2006-01-07T18:45,2006-01-07T20:45,LYS,1056745520
NYJHYAXM,code,L,70004725,ST,2006-01-07T09:10,2006-01-07T11:25,NTE,1056745520
NYJHYAXM,code,L,70004705,ST,2006-01-07T15:00,2006-01-07T16:05,LYS,1056745520
NYJHYAXM,code,L,70004706,ST,2006-01-07T16:55,2006-01-07T17:55,TLS,1056745520
NYJHYAXM,code,L,70004730,ST,2006-01-07T18:45,2006-01-07T20:45,LYS,1056745520
IHSCNAPI,code,L,70004725,ST,2006-01-07T09:10,2006-01-07T11:25,NTE,1056745520
IHSCNAPI,code,L,70004705,ST,2006-01-07T15:00,2006-01-07T16:05,LYS,1056745520
IHSCNAPI,code,L,70004706,ST,2006-01-07T16:55,2006-01-07T17:55,TLS,1056745520
IHSCNAPI,code,L,70004730,ST,2006-01-07T18:45,2006-01-07T20:45,LYS,1056745520
ISXTZVHV,code,L,70002886,CP,2006-01-07T09:30,2006-01-07T11:50,MRS,669806174
ISXTZVHV,code,L,70002919,CP,2006-01-07T12:35,2006-01-07T13:50,ORY,669806174
ISXTZVHV,code,L,70002896,CP,2006-01-07T14:30,2006-01-07T15:50,MRS,669806174
ISXTZVHV,code,L,70002899,CP,2006-01-07T16:35,2006-01-07T18:35,ORY,669806174
ZTXAILMS,code,L,70002886,FO,2006-01-07T09:30,2006-01-07T11:50,MRS,669806174
ZTXAILMS,code,L,70002919,FO,2006-01-07T12:35,2006-01-07T13:50,ORY,669806174
ZTXAILMS,code,L,70002896,FO,2006-01-07T14:30,2006-01-07T15:50,MRS,669806174
ZTXAILMS,code,L,70002899,FO,2006-01-07T16:35,2006-01-07T18:35,ORY,669806174
SSUJQEWR,code,L,70002886,CS,2006-01-07T09:30,2006-01-07T11:50,MRS,669806174
SSUJQEWR,code,L,70002919,CS,2006-01-07T12:35,2006-01-07T13:50,ORY,669806174
SSUJQEWR,code,L,70002896,CS,2006-01-07T14:30,2006-01-07T15:50,MRS,669806174
SSUJQEWR,code,L,70002899,CS,2006-01-07T16:35,2006-01-07T18:35,ORY,669806174
XOKRJCEE,code,L,70002886,CS,2006-01-07T09:30,2006-01-07T11:50,MRS,669806174
XOKRJCEE,code,L,70002919,CS,2006-01-07T12:35,2006-01-07T13:50,ORY,669806174
XOKRJCEE,code,L,70002896,CS,2006-01-07T14:30,2006-01-07T15:50,MRS,669806174
XOKRJCEE,code,L,70002899,CS,2006-01-07T16:35,2006-01-07T18:35,ORY,669806174
MYPYUCJE,code,L,70002886,ST,2006-01-07T09:30,2006-01-07T11:50,MRS,669806174
MYPYUCJE,code,L,70002919,ST,2006-01-07T12:35,2006-01-07T13:50,ORY,669806174
MYPYUCJE,code,L,70002896,ST,2006-01-07T14:30,2006-01-07T15:50,MRS,669806174
MYPYUCJE,code,L,70002899,ST,2006-01-07T16:35,2006-01-07T18:35,ORY,669806174
IXHKPKZB,code,L,70002886,ST,2006-01-07T09:30,2006-01-07T11:50,MRS,669806174
IXHKPKZB,code,L,70002919,ST,2006-01-07T12:35,2006-01-07T13:50,ORY,669806174
IXHKPKZB,code,L,70002896,ST,2006-01-07T14:30,2006-01-07T15:50,MRS,669806174
IXHKPKZB,code,L,70002899,ST,2006-01-07T16:35,2006-01-07T18:35,ORY,669806174
QPXLVTDT,code,L,70002886,ST,2006-01-07T09:30,2006-01-07T11:50,MRS,669806174
QPXLVTDT,code,L,70002919,ST,2006-01-07T12:35,2006-01-07T13:50,ORY,669806174
QPXLVTDT,code,L,70002896,ST,2006-01-07T14:30,2006-01-07T15:50,MRS,669806174
QPXLVTDT,code,L,70002899,ST,2006-01-07T16:35,2006-01-07T18:35,ORY,669806174
NSUHZNWM,code,L,70002886,ST,2006-01-07T09:30,2006-01-07T11:50,MRS,669806174
NSUHZNWM,code,L,70002919,ST,2006-01-07T12:35,2006-01-07T13:50,ORY,669806174
NSUHZNWM,code,L,70002896,ST,2006-01-07T14:30,2006-01-07T15:50,MRS,669806174
NSUHZNWM,code,L,70002899,ST,2006-01-07T16:35,2006-01-07T18:35,ORY,669806174
DNVMSUEX,code,L,70004624,CP,2006-01-07T09:30,2006-01-07T11:40,SXB,147048153
DNVMSUEX,code,L,70004627,CP,2006-01-07T13:10,2006-01-07T14:20,CDG,147048153
DNVMSUEX,code,L,70004628,CP,2006-01-07T15:15,2006-01-07T16:25,SXB,147048153
DNVMSUEX,code,L,70004631,CP,2006-01-07T17:45,2006-01-07T19:35,CDG,147048153
UZJDQOGA,code,L,70004624,FO,2006-01-07T09:30,2006-01-07T11:40,SXB,147048153
UZJDQOGA,code,L,70004627,FO,2006-01-07T13:10,2006-01-07T14:20,CDG,147048153
UZJDQOGA,code,L,70004628,FO,2006-01-07T15:15,2006-01-07T16:25,SXB,147048153
UZJDQOGA,code,L,70004631,FO,2006-01-07T17:45,2006-01-07T19:35,CDG,147048153
BVBYELIM,code,L,70004624,CSD,2006-01-07T09:30,2006-01-07T11:40,SXB,147048153
BVBYELIM,code,L,70004627,CSD,2006-01-07T13:10,2006-01-07T14:20,CDG,147048153
BVBYELIM,code,L,70004628,CSD,2006-01-07T15:15,2006-01-07T16:25,SXB,147048153
BVBYELIM,code,L,70004631,CSD,2006-01-07T17:45,2006-01-07T19:35,CDG,147048153
OOSQCFAT,code,L,70004624,ST,2006-01-07T09:30,2006-01-07T11:40,SXB,147048153
OOSQCFAT,code,L,70004627,ST,2006-01-07T13:10,2006-01-07T14:20,CDG,147048153
OOSQCFAT,code,L,70004628,ST,2006-01-07T15:15,2006-01-07T16:25,SXB,147048153
OOSQCFAT,code,L,70004631,ST,2006-01-07T17:45,2006-01-07T19:35,CDG,147048153
XOPFANEW,code,L,70004624,ST,2006-01-07T09:30,2006-01-07T11:40,SXB,147048153
XOPFANEW,code,L,70004627,ST,2006-01-07T13:10,2006-01-07T14:20,CDG,147048153
XOPFANEW,code,L,70004628,ST,2006-01-07T15:15,2006-01-07T16:25,SXB,147048153
XOPFANEW,code,L,70004631,ST,2006-01-07T17:45,2006-01-07T19:35,CDG,147048153
VGWBZXJD,code,L,70003097,CP,2006-01-07T09:35,2006-01-07T11:55,ORY,1501726364
VGWBZXJD,code,L,70003086,CP,2006-01-07T12:35,2006-01-07T14:00,NCE,1501726364
VGWBZXJD,code,L,70003127,CP,2006-01-07T15:10,2006-01-07T16:15,ORY,1501726364
VGWBZXJD,code,L,70003134,CP,2006-01-07T17:05,2006-01-07T19:00,BOD,1501726364
ZZENCGXJ,code,L,70003097,FO,2006-01-07T09:35,2006-01-07T11:55,ORY,1501726364
ZZENCGXJ,code,L,70003086,FO,2006-01-07T12:35,2006-01-07T14:00,NCE,1501726364
ZZENCGXJ,code,L,70003127,FO,2006-01-07T15:10,2006-01-07T16:15,ORY,1501726364
ZZENCGXJ,code,L,70003134,FO,2006-01-07T17:05,2006-01-07T19:00,BOD,1501726364
RMLJADKI,code,L,70003097,CS,2006-01-07T09:35,2006-01-07T11:55,ORY,1501726364
RMLJADKI,code,L,70003086,CS,2006-01-07T12:35,2006-01-07T14:00,NCE,1501726364
RMLJADKI,code,L,70003127,CS,2006-01-07T15:10,2006-01-07T16:15,ORY,1501726364
RMLJADKI,code,L,70003134,CS,2006-01-07T17:05,2006-01-07T19:00,BOD,1501726364
AVVUDFTS,code,L,70003097,CS,2006-01-07T09:35,2006-01-07T11:55,ORY,1501726364
AVVUDFTS,code,L,70003086,CS,2006-01-07T12:35,2006-01-07T14:00,NCE,1501726364
AVVUDFTS,code,L,70003127,CS,2006-01-07T15:10,2006-01-07T16:15,ORY,1501726364
AVVUDFTS,code,L,70003134,CS,2006-01-07T17:05,2006-01-07T19:00,BOD,1501726364
AMLOWUNW,code,L,70003097,ST,2006-01-07T09:35,2006-01-07T11:55,ORY,1501726364
AMLOWUNW,code,L,70003086,ST,2006-01-07T12:35,2006-01-07T14:00,NCE,1501726364
AMLOWUNW,code,L,70003127,ST,2006-01-07T15:10,2006-01-07T16:15,ORY,1501726364
AMLOWUNW,code,L,70003134,ST,2006-01-07T17:05,2006-01-07T19:00,BOD,1501726364
BOQQHVJX,code,L,70003097,ST,2006-01-07T09:35,2006-01-07T11:55,ORY,1501726364
BOQQHVJX,code,L,70003086,ST,2006-01-07T12:35,2006-01-07T14:00,NCE,1501726364
BOQQHVJX,code,L,70003127,ST,2006-01-07T15:10,2006-01-07T16:15,ORY,1501726364
BOQQHVJX,code,L,70003134,ST,2006-01-07T17:05,2006-01-07T19:00,BOD,1501726364
AZHYWXDJ,code,L,70003097,ST,2006-01-07T09:35,2006-01-07T11:55,ORY,1501726364
AZHYWXDJ,code,L,70003086,ST,2006-01-07T12:35,2006-01-07T14:00,NCE,1501726364
AZHYWXDJ,code,L,70003127,ST,2006-01-07T15:10,2006-01-07T16:15,ORY,1501726364
AZHYWXDJ,code,L,70003134,ST,2006-01-07T17:05,2006-01-07T19:00,BOD,1501726364
QEQOOUAU,code,L,70003097,ST,2006-01-07T09:35,2006-01-07T11:55,ORY,1501726364
QEQOOUAU,code,L,70003086,ST,2006-01-07T12:35,2006-01-07T14:00,NCE,1501726364
QEQOOUAU,code,L,70003127,ST,2006-01-07T15:10,2006-01-07T16:15,ORY,1501726364
QEQOOUAU,code,L,70003134,ST,2006-01-07T17:05,2006-01-07T19:00,BOD,1501726364
XHHOYRWR,code,L,70002982,CP,2006-01-07T09:40,2006-01-07T12:00,TLS,259488708
XHHOYRWR,code,L,70002985,CP,2006-01-07T12:50,2006-01-07T14:00,ORY,259488708
XHHOYRWR,code,L,70002992,CP,2006-01-07T14:40,2006-01-07T16:00,TLS,259488708
XHHOYRWR,code,L,70002999,CP,2006-01-07T16:50,2006-01-07T18:45,ORY,259488708
FGNIVGGO,code,L,70002982,FO,2006-01-07T09:40,2006-01-07T12:00,TLS,259488708
FGNIVGGO,code,L,70002985,FO,2006-01-07T12:50,2006-01-07T14:00,ORY,259488708
FGNIVGGO,code,L,70002992,FO,2006-01-07T14:40,2006-01-07T16:00,TLS,259488708
FGNIVGGO,code,L,70002999,FO,2006-01-07T16:50,2006-01-07T18:45,ORY,259488708
HZWDLQJY,code,L,70002982,CS,2006-01-07T09:40,2006-01-07T12:00,TLS,259488708
HZWDLQJY,code,L,70002985,CS,2006-01-07T12:50,2006-01-07T14:00,ORY,259488708
HZWDLQJY,code,L,70002992,CS,2006-01-07T14:40,2006-01-07T16:00,TLS,259488708
HZWDLQJY,code,L,70002999,CS,2006-01-07T16:50,2006-01-07T18:45,ORY,259488708
HHQQLJHV,code,L,70002982,CS,2006-01-07T09:40,2006-01-07T12:00,TLS,259488708
HHQQLJHV,code,L,70002985,CS,2006-01-07T12:50,2006-01-07T14:00,ORY,259488708
HHQQLJHV,code,L,70002992,CS,2006-01-07T14:40,2006-01-07T16:00,TLS,259488708
HHQQLJHV,code,L,70002999,CS,2006-01-07T16:50,2006-01-07T18:45,ORY,259488708
UUGBWRHJ,code,L,70002982,ST,2006-01-07T09:40,2006-01-07T12:00,TLS,259488708
UUGBWRHJ,code,L,70002985,ST,2006-01-07T12:50,2006-01-07T14:00,ORY,259488708
UUGBWRHJ,code,L,70002992,ST,2006-01-07T14:40,2006-01-07T16:00,TLS,259488708
UUGBWRHJ,code,L,70002999,ST,2006-01-07T16:50,2006-01-07T18:45,ORY,259488708
ZCQXSBQQ,code,L,70002982,ST,2006-01-07T09:40,2006-01-07T12:00,TLS,259488708
ZCQXSBQQ,code,L,70002985,ST,2006-01-07T12:50,2006-01-07T14:00,ORY,259488708
ZCQXSBQQ,code,L,70002992,ST,2006-01-07T14:40,2006-01-07T16:00,TLS,259488708
ZCQXSBQQ,code,L,70002999,ST,2006-01-07T16:50,2006-01-07T18:45,ORY,259488708
EYKZHEKN,code,L,70002982,ST,2006-01-07T09:40,2006-01-07T12:00,TLS,259488708
EYKZHEKN,code,L,70002985,ST,2006-01-07T12:50,2006-01-07T14:00,ORY,259488708
EYKZHEKN,code,L,70002992,ST,2006-01-07T14:40,2006-01-07T16:00,TLS,259488708
EYKZHEKN,code,L,70002999,ST,2006-01-07T16:50,2006-01-07T18:45,ORY,259488708
EVXRKADU,code,L,70002982,ST,2006-01-07T09:40,2006-01-07T12:00,TLS,259488708
EVXRKADU,code,L,70002985,ST,2006-01-07T12:50,2006-01-07T14:00,ORY,259488708
EVXRKADU,code,L,70002992,ST,2006-01-07T14:40,2006-01-07T16:00,TLS,259488708
EVXRKADU,code,L,70002999,ST,2006-01-07T16:50,2006-01-07T18:45,ORY,259488708
KFQOLLHV,code,L,70002981,CP,2006-01-07T09:50,2006-01-07T12:00,ORY,1372239857
KFQOLLHV,code,L,70002986,CP,2006-01-07T12:40,2006-01-07T14:00,TLS,1372239857
KFQOLLHV,code,L,70002991,CP,2006-01-07T14:50,2006-01-07T16:00,ORY,1372239857
KFQOLLHV,code,L,70003000,CP,2006-01-07T16:40,2006-01-07T18:45,TLS,1372239857
NLKXWZKT,code,L,70002981,FO,2006-01-07T09:50,2006-01-07T12:00,ORY,1372239857
NLKXWZKT,code,L,70002986,FO,2006-01-07T12:40,2006-01-07T14:00,TLS,1372239857
NLKXWZKT,code,L,70002991,FO,2006-01-07T14:50,2006-01-07T16:00,ORY,1372239857
NLKXWZKT,code,L,70003000,FO,2006-01-07T16:40,2006-01-07T18:45,TLS,1372239857
XICCJTIU,code,L,70002981,CS,2006-01-07T09:50,2006-01-07T12:00,ORY,1372239857
XICCJTIU,code,L,70002986,CS,2006-01-07T12:40,2006-01-07T14:00,TLS,1372239857
XICCJTIU,code,L,70002991,CS,2006-01-07T14:50,2006-01-07T16:00,ORY,1372239857
XICCJTIU,code,L,70003000,CS,2006-01-07T16:40,2006-01-07T18:45,TLS,1372239857
WTBHLQJY,code,L,70002981,CS,2006-01-07T09:50,2006-01-07T12:00,ORY,1372239857
WTBHLQJY,code,L,70002986,CS,2006-01-07T12:40,2006-01-07T14:00,TLS,1372239857
WTBHLQJY,code,L,70002991,CS,2006-01-07T14:50,2006-01-07T16:00,ORY,1372239857
WTBHLQJY,code,L,70003000,CS,2006-01-07T16:40,2006-01-07T18:45,TLS,1372239857
BTEKDXDJ,code,L,70002981,ST,2006-01-07T09:50,2006-01-07T12:00,ORY,1372239857
BTEKDXDJ,code,L,70002986,ST,2006-01-07T12:40,2006-01-07T14:00,TLS,1372239857
BTEKDXDJ,code,L,70002991,ST,2006-01-07T14:50,2006-01-07T16:00,ORY,1372239857
BTEKDXDJ,code,L,70003000,ST,2006-01-07T16:40,2006-01-07T18:45,TLS,1372239857
TSHRZHWI,code,L,70002981,ST,2006-01-07T09:50,2006-01-07T12:00,ORY,1372239857
TSHRZHWI,code,L,70002986,ST,2006-01-07T12:40,2006-01-07T14:00,TLS,1372239857
TSHRZHWI,code,L,70002991,ST,2006-01-07T14:50,2006-01-07T16:00,ORY,1372239857
TSHRZHWI,code,L,70003000,ST,2006-01-07T16:40,2006-01-07T18:45,TLS,1372239857
MCKUPSUW,code,L,70002981,ST,2006-01-07T09:50,2006-01-07T12:00,ORY,1372239857
MCKUPSUW,code,L,70002986,ST,2006-01-07T12:40,2006-01-07T14:00,TLS,1372239857
MCKUPSUW,code,L,70002991,ST,2006-01-07T14:50,2006-01-07T16:00,ORY,1372239857
MCKUPSUW,code,L,70003000,ST,2006-01-07T16:40,2006-01-07T18:45,TLS,1372239857
GTRLDXBX,code,L,70002981,ST,2006-01-07T09:50,2006-01-07T12:00,ORY,1372239857
GTRLDXBX,code,L,70002986,ST,2006-01-07T12:40,2006-01-07T14:00,TLS,1372239857
GTRLDXBX,code,L,70002991,ST,2006-01-07T14:50,2006-01-07T16:00,ORY,1372239857
GTRLDXBX,code,L,70003000,ST,2006-01-07T16:40,2006-01-07T18:45,TLS,1372239857
OBCBQQCW,code,L,70004516,CP,2006-01-07T09:55,2006-01-07T12:05,LYS,830250430
OBCBQQCW,code,L,70004509,CP,2006-01-07T13:10,2006-01-07T14:20,CDG,830250430
OBCBQQCW,code,L,70004510,CP,2006-01-07T16:15,2006-01-07T17:25,LYS,830250430
OBCBQQCW,code,L,70004513,CP,2006-01-07T20:30,2006-01-07T22:25,CDG,830250430
RPTUSNAU,code,L,70004516,FO,2006-01-07T09:55,2006-01-07T12:05,LYS,830250430
RPTUSNAU,code,L,70004509,FO,2006-01-07T13:10,2006-01-07T14:20,CDG,830250430
RPTUSNAU,code,L,70004510,FO,2006-01-07T16:15,2006-01-07T17:25,LYS,830250430
RPTUSNAU,code,L,70004513,FO,2006-01-07T20:30,2006-01-07T22:25,CDG,830250430
GCUXHZEZ,code,L,70004516,CS,2006-01-07T09:55,2006-01-07T12:05,LYS,830250430
GCUXHZEZ,code,L,70004509,CS,2006-01-07T13:10,2006-01-07T14:20,CDG,830250430
GCUXHZEZ,code,L,70004510,CS,2006-01-07T16:15,2006-01-07T17:25,LYS,830250430
GCUXHZEZ,code,L,70004513,CS,2006-01-07T20:30,2006-01-07T22:25,CDG,830250430
ZGSTFOEI,code,L,70004516,CS,2006-01-07T09:55,2006-01-07T12:05,LYS,830250430
ZGSTFOEI,code,L,70004509,CS,2006-01-07T13:10,2006-01-07T14:20,CDG,830250430
ZGSTFOEI,code,L,70004510,CS,2006-01-07T16:15,2006-01-07T17:25,LYS,830250430
ZGSTFOEI,code,L,70004513,CS,2006-01-07T20:30,2006-01-07T22:25,CDG,830250430
SMFDAMEG,code,L,70004516,ST,2006-01-07T09:55,2006-01-07T12:05,LYS,830250430
SMFDAMEG,code,L,70004509,ST,2006-01-07T13:10,2006-01-07T14:20,CDG,830250430
SMFDAMEG,code,L,70004510,ST,2006-01-07T16:15,2006-01-07T17:25,LYS,830250430
SMFDAMEG,code,L,70004513,ST,2006-01-07T20:30,2006-01-07T22:25,CDG,830250430
YJYKRLUA,code,L,70004516,ST,2006-01-07T09:55,2006-01-07T12:05,LYS,830250430
YJYKRLUA,code,L,70004509,ST,2006-01-07T13:10,2006-01-07T14:20,CDG,830250430
YJYKRLUA,code,L,70004510,ST,2006-01-07T16:15,2006-01-07T17:25,LYS,830250430
YJYKRLUA,code,L,70004513,ST,2006-01-07T20:30,2006-01-07T22:25,CDG,830250430
RCMHURRY,code,L,70004516,ST,2006-01-07T09:55,2006-01-07T12:05,LYS,830250430
RCMHURRY,code,L,70004509,ST,2006-01-07T13:10,2006-01-07T14:20,CDG,830250430
RCMHURRY,code,L,70004510,ST,2006-01-07T16:15,2006-01-07T17:25,LYS,830250430
RCMHURRY,code,L,70004513,ST,2006-01-07T20:30,2006-01-07T22:25,CDG,830250430
VDRRRUSU,code,L,70004516,ST,2006-01-07T09:55,2006-01-07T12:05,LYS,830250430
VDRRRUSU,code,L,70004509,ST,2006-01-07T13:10,2006-01-07T14:20,CDG,830250430
VDRRRUSU,code,L,70004510,ST,2006-01-07T16:15,2006-01-07T17:25,LYS,830250430
VDRRRUSU,code,L,70004513,ST,2006-01-07T20:30,2006-01-07T22:25,CDG,830250430
NHBFXBRE,code,L,70003075,CP,2006-01-07T10:00,2006-01-07T12:20,ORY,217468053
NHBFXBRE,code,L,70003080,CP,2006-01-07T13:05,2006-01-07T14:30,NCE,217468053
NHBFXBRE,code,L,70003083,CP,2006-01-07T15:00,2006-01-07T16:20,ORY,217468053
NHBFXBRE,code,L,70003090,CP,2006-01-07T17:05,2006-01-07T19:15,NCE,217468053
MZHYBABS,code,L,70003075,FO,2006-01-07T10:00,2006-01-07T12:20,ORY,217468053
MZHYBABS,code,L,70003080,FO,2006-01-07T13:05,2006-01-07T14:30,NCE,217468053
MZHYBABS,code,L,70003083,FO,2006-01-07T15:00,2006-01-07T16:20,ORY,217468053
MZHYBABS,code,L,70003090,FO,2006-01-07T17:05,2006-01-07T19:15,NCE,217468053
IZRDQHBK,code,L,70003075,CS,2006-01-07T10:00,2006-01-07T12:20,ORY,217468053
IZRDQHBK,code,L,70003080,CS,2006-01-07T13:05,2006-01-07T14:30,NCE,217468053
IZRDQHBK,code,L,70003083,CS,2006-01-07T15:00,2006-01-07T16:20,ORY,217468053
IZRDQHBK,code,L,70003090,CS,2006-01-07T17:05,2006-01-07T19:15,NCE,217468053
GAGFTQVD,code,L,70003075,CS,2006-01-07T10:00,2006-01-07T12:20,ORY,217468053
GAGFTQVD,code,L,70003080,CS,2006-01-07T13:05,2006-01-07T14:30,NCE,217468053
GAGFTQVD,code,L,70003083,CS,2006-01-07T15:00,2006-01-07T16:20,ORY,217468053
GAGFTQVD,code,L,70003090,CS,2006-01-07T17:05,2006-01-07T19:15,NCE,217468053
ZLIYBPAY,code,L,70003075,ST,2006-01-07T10:00,2006-01-07T12:20,ORY,217468053
ZLIYBPAY,code,L,70003080,ST,2006-01-07T13:05,2006-01-07T14:30,NCE,217468053
ZLIYBPAY,code,L,70003083,ST,2006-01-07T15:00,2006-01-07T16:20,ORY,217468053
ZLIYBPAY,code,L,70003090,ST,2006-01-07T17:05,2006-01-07T19:15,NCE,217468053
ITSLIYHO,code,L,70003075,ST,2006-01-07T10:00,2006-01-07T12:20,ORY,217468053
ITSLIYHO,code,L,70003080,ST,2006-01-07T13:05,2006-01-07T14:30,NCE,217468053
ITSLIYHO,code,L,70003083,ST,2006-01-07T15:00,2006-01-07T16:20,ORY,217468053
ITSLIYHO,code,L,70003090,ST,2006-01-07T17:05,2006-01-07T19:15,NCE,217468053
YKGDGLCW,code,L,70003075,ST,2006-01-07T10:00,2006-01-07T12:20,ORY,217468053
YKGDGLCW,code,L,70003080,ST,2006-01-07T13:05,2006-01-07T14:30,NCE,217468053
YKGDGLCW,code,L,70003083,ST,2006-01-07T15:00,2006-01-07T16:20,ORY,217468053
YKGDGLCW,code,L,70003090,ST,2006-01-07T17:05,2006-01-07T19:15,NCE,217468053
EDNETSGG,code,L,70003075,ST,2006-01-07T10:00,2006-01-07T12:20,ORY,217468053
EDNETSGG,code,L,70003080,ST,2006-01-07T13:05,2006-01-07T14:30,NCE,217468053
EDNETSGG,code,L,70003083,ST,2006-01-07T15:00,2006-01-07T16:20,ORY,217468053
EDNETSGG,code,L,70003090,ST,2006-01-07T17:05,2006-01-07T19:15,NCE,217468053
KSSHUUSA,code,L,70001378,CP,2006-01-07T10:00,2006-01-07T12:35,BIA,759101347
KSSHUUSA,code,L,70001375,CP,2006-01-07T13:25,2006-01-07T15:00,ORY,759101347
KSSHUUSA,code,L,70001380,CP,2006-01-07T15:50,2006-01-07T17:25,BIA,759101347
KSSHUUSA,code,L,70001377,CP,2006-01-07T19:00,2006-01-07T21:20,ORY,759101347
LQKWEPNF,code,L,70001378,FO,2006-01-07T10:00,2006-01-07T12:35,BIA,759101347
LQKWEPNF,code,L,70001375,FO,2006-01-07T13:25,2006-01-07T15:00,ORY,759101347
LQKWEPNF,code,L,70001380,FO,2006-01-07T15:50,2006-01-07T17:25,BIA,759101347
LQKWEPNF,code,L,70001377,FO,2006-01-07T19:00,2006-01-07T21:20,ORY,759101347
YSRTQNQY,code,L,70001378,CS,2006-01-07T10:00,2006-01-07T12:35,BIA,759101347
YSRTQNQY,code,L,70001375,CS,2006-01-07T13:25,2006-01-07T15:00,ORY,759101347
YSRTQNQY,code,L,70001380,CS,2006-01-07T15:50,2006-01-07T17:25,BIA,759101347
YSRTQNQY,code,L,70001377,CS,2006-01-07T19:00,2006-01-07T21:20,ORY,759101347
VHFBPUBK,code,L,70001378,CS,2006-01-07T10:00,2006-01-07T12:35,BIA,759101347
VHFBPUBK,code,L,70001375,CS,2006-01-07T13:25,2006-01-07T15:00,ORY,759101347
VHFBPUBK,code,L,70001380,CS,2006-01-07T15:50,2006-01-07T17:25,BIA,759101347
VHFBPUBK,code,L,70001377,CS,2006-01-07T19:00,2006-01-07T21:20,ORY,759101347
HQSDHHQZ,code,L,70001378,ST,2006-01-07T10:00,2006-01-07T12:35,BIA,759101347
HQSDHHQZ,code,L,70001375,ST,2006-01-07T13:25,2006-01-07T15:00,ORY,759101347
HQSDHHQZ,code,L,70001380,ST,2006-01-07T15:50,2006-01-07T17:25,BIA,759101347
HQSDHHQZ,code,L,70001377,ST,2006-01-07T19:00,2006-01-07T21:20,ORY,759101347
WCMTLBED,code,L,70001378,ST,2006-01-07T10:00,2006-01-07T12:35,BIA,759101347
WCMTLBED,code,L,70001375,ST,2006-01-07T13:25,2006-01-07T15:00,ORY,759101347
WCMTLBED,code,L,70001380,ST,2006-01-07T15:50,2006-01-07T17:25,BIA,759101347
WCMTLBED,code,L,70001377,ST,2006-01-07T19:00,2006-01-07T21:20,ORY,759101347
FKJWAFOJ,code,L,70001378,ST,2006-01-07T10:00,2006-01-07T12:35,BIA,759101347
FKJWAFOJ,code,L,70001375,ST,2006-01-07T13:25,2006-01-07T15:00,ORY,759101347
FKJWAFOJ,code,L,70001380,ST,2006-01-07T15:50,2006-01-07T17:25,BIA,759101347
FKJWAFOJ,code,L,70001377,ST,2006-01-07T19:00,2006-01-07T21:20,ORY,759101347
LXKPBKCV,code,L,70001378,ST,2006-01-07T10:00,2006-01-07T12:35,BIA,759101347
LXKPBKCV,code,L,70001375,ST,2006-01-07T13:25,2006-01-07T15:00,ORY,759101347
LXKPBKCV,code,L,70001380,ST,2006-01-07T15:50,2006-01-07T17:25,BIA,759101347
LXKPBKCV,code,L,70001377,ST,2006-01-07T19:00,2006-01-07T21:20,ORY,759101347
VSJEMTDJ,code,L,70005125,CP,2006-01-07T10:00,2006-01-07T13:10,TLS,683093156
VSJEMTDJ,code,L,70005126,CP,2006-01-07T14:30,2006-01-07T16:25,AMS,683093156
VSJEMTDJ,code,L,70005127,CP,2006-01-07T17:05,2006-01-07T19:15,TLS,683093156
VSJEMTDJ,code,L,70005128,CP,2006-01-07T20:05,2006-01-07T22:45,AMS,683093156
FRAUVMPV,code,L,70005125,FO,2006-01-07T10:00,2006-01-07T13:10,TLS,683093156
FRAUVMPV,code,L,70005126,FO,2006-01-07T14:30,2006-01-07T16:25,AMS,683093156
FRAUVMPV,code,L,70005127,FO,2006-01-07T17:05,2006-01-07T19:15,TLS,683093156
FRAUVMPV,code,L,70005128,FO,2006-01-07T20:05,2006-01-07T22:45,AMS,683093156
OUDOVKGF,code,L,70005125,CSD,2006-01-07T10:00,2006-01-07T13:10,TLS,683093156
OUDOVKGF,code,L,70005126,CSD,2006-01-07T14:30,2006-01-07T16:25,AMS,683093156
OUDOVKGF,code,L,70005127,CSD,2006-01-07T17:05,2006-01-07T19:15,TLS,683093156
OUDOVKGF,code,L,70005128,CSD,2006-01-07T20:05,2006-01-07T22:45,AMS,683093156
HNORZIUW,code,L,70005125,ST,2006-01-07T10:00,2006-01-07T13:10,TLS,683093156
HNORZIUW,code,L,70005126,ST,2006-01-07T14:30,2006-01-07T16:25,AMS,683093156
HNORZIUW,code,L,70005127,ST,2006-01-07T17:05,2006-01-07T19:15,TLS,683093156
HNORZIUW,code,L,70005128,ST,2006-01-07T20:05,2006-01-07T22:45,AMS,683093156
EQXOZEEE,code,L,70005125,ST,2006-01-07T10:00,2006-01-07T13:10,TLS,683093156
EQXOZEEE,code,L,70005126,ST,2006-01-07T14:30,2006-01-07T16:25,AMS,683093156
EQXOZEEE,code,L,70005127,ST,2006-01-07T17:05,2006-01-07T19:15,TLS,683093156
EQXOZEEE,code,L,70005128,ST,2006-01-07T20:05,2006-01-07T22:45,AMS,683093156
UJHMQDYL,code,L,70005165,CP,2006-01-07T10:25,2006-01-07T13:15,BOD,1827753950
UJHMQDYL,code,L,70005093,CP,2006-01-07T14:00,2006-01-07T15:30,AMS,1827753950
UJHMQDYL,code,L,70005094,CP,2006-01-07T16:40,2006-01-07T18:15,CFE,1827753950
UJHMQDYL,code,L,70005166,CP,2006-01-07T19:00,2006-01-07T21:35,AMS,1827753950
EDAAZZCT,code,L,70005165,FO,2006-01-07T10:25,2006-01-07T13:15,BOD,1827753950
EDAAZZCT,code,L,70005093,FO,2006-01-07T14:00,2006-01-07T15:30,AMS,1827753950
EDAAZZCT,code,L,70005094,FO,2006-01-07T16:40,2006-01-07T18:15,CFE,1827753950
EDAAZZCT,code,L,70005166,FO,2006-01-07T19:00,2006-01-07T21:35,AMS,1827753950
LIIWTWTC,code,L,70005165,CSD,2006-01-07T10:25,2006-01-07T13:15,BOD,1827753950
LIIWTWTC,code,L,70005093,CSD,2006-01-07T14:00,2006-01-07T15:30,AMS,1827753950
LIIWTWTC,code,L,70005094,CSD,2006-01-07T16:40,2006-01-07T18:15,CFE,1827753950
LIIWTWTC,code,L,70005166,CSD,2006-01-07T19:00,2006-01-07T21:35,AMS,1827753950
NFGBRLNK,code,L,70005165,ST,2006-01-07T10:25,2006-01-07T13:15,BOD,1827753950
NFGBRLNK,code,L,70005093,ST,2006-01-07T14:00,2006-01-07T15:30,AMS,1827753950
NFGBRLNK,code,L,70005094,ST,2006-01-07T16:40,2006-01-07T18:15,CFE,1827753950
NFGBRLNK,code,L,70005166,ST,2006-01-07T19:00,2006-01-07T21:35,AMS,1827753950
ZFFSTEJU,code,L,70005165,ST,2006-01-07T10:25,2006-01-07T13:15,BOD,1827753950
ZFFSTEJU,code,L,70005093,ST,2006-01-07T14:00,2006-01-07T15:30,AMS,1827753950
ZFFSTEJU,code,L,70005094,ST,2006-01-07T16:40,2006-01-07T18:15,CFE,1827753950
ZFFSTEJU,code,L,70005166,ST,2006-01-07T19:00,2006-01-07T21:35,AMS,1827753950
OSIQOOSX,code,L,70003111,CP,2006-01-07T10:30,2006-01-07T12:50,ORY,200550235
OSIQOOSX,code,L,70003112,CP,2006-01-07T13:35,2006-01-07T15:00,NCE,200550235
OSIQOOSX,code,L,70004365,CP,2006-01-07T15:35,2006-01-07T16:55,ORY,200550235
OSIQOOSX,code,L,70004368,CP,2006-01-07T17:35,2006-01-07T19:45,TLN,200550235
RZCJRQIZ,code,L,70003111,FO,2006-01-07T10:30,2006-01-07T12:50,ORY,200550235
RZCJRQIZ,code,L,70003112,FO,2006-01-07T13:35,2006-01-07T15:00,NCE,200550235
RZCJRQIZ,code,L,70004365,FO,2006-01-07T15:35,2006-01-07T16:55,ORY,200550235
RZCJRQIZ,code,L,70004368,FO,2006-01-07T17:35,2006-01-07T19:45,TLN,200550235
NAKIZBXH,code,L,70003111,CS,2006-01-07T10:30,2006-01-07T12:50,ORY,200550235
NAKIZBXH,code,L,70003112,CS,2006-01-07T13:35,2006-01-07T15:00,NCE,200550235
NAKIZBXH,code,L,70004365,CS,2006-01-07T15:35,2006-01-07T16:55,ORY,200550235
NAKIZBXH,code,L,70004368,CS,2006-01-07T17:35,2006-01-07T19:45,TLN,200550235
XEKCZSNX,code,L,70003111,CS,2006-01-07T10:30,2006-01-07T12:50,ORY,200550235
XEKCZSNX,code,L,70003112,CS,2006-01-07T13:35,2006-01-07T15:00,NCE,200550235
XEKCZSNX,code,L,70004365,CS,2006-01-07T15:35,2006-01-07T16:55,ORY,200550235
XEKCZSNX,code,L,70004368,CS,2006-01-07T17:35,2006-01-07T19:45,TLN,200550235
WGJKYZHY,code,L,70003111,ST,2006-01-07T10:30,2006-01-07T12:50,ORY,200550235
WGJKYZHY,code,L,70003112,ST,2006-01-07T13:35,2006-01-07T15:00,NCE,200550235
WGJKYZHY,code,L,70004365,ST,2006-01-07T15:35,2006-01-07T16:55,ORY,200550235
WGJKYZHY,code,L,70004368,ST,2006-01-07T17:35,2006-01-07T19:45,TLN,200550235
QUTQHJMN,code,L,70003111,ST,2006-01-07T10:30,2006-01-07T12:50,ORY,200550235
QUTQHJMN,code,L,70003112,ST,2006-01-07T13:35,2006-01-07T15:00,NCE,200550235
QUTQHJMN,code,L,70004365,ST,2006-01-07T15:35,2006-01-07T16:55,ORY,200550235
QUTQHJMN,code,L,70004368,ST,2006-01-07T17:35,2006-01-07T19:45,TLN,200550235
UQBKOMBM,code,L,70003111,ST,2006-01-07T10:30,2006-01-07T12:50,ORY,200550235
UQBKOMBM,code,L,70003112,ST,2006-01-07T13:35,2006-01-07T15:00,NCE,200550235
UQBKOMBM,code,L,70004365,ST,2006-01-07T15:35,2006-01-07T16:55,ORY,200550235
UQBKOMBM,code,L,70004368,ST,2006-01-07T17:35,2006-01-07T19:45,TLN,200550235
VJCAJXJJ,code,L,70003111,ST,2006-01-07T10:30,2006-01-07T12:50,ORY,200550235
VJCAJXJJ,code,L,70003112,ST,2006-01-07T13:35,2006-01-07T15:00,NCE,200550235
VJCAJXJJ,code,L,70004365,ST,2006-01-07T15:35,2006-01-07T16:55,ORY,200550235
VJCAJXJJ,code,L,70004368,ST,2006-01-07T17:35,2006-01-07T19:45,TLN,200550235
KRYCVVEA,code,L,70002888,CP,2006-01-07T10:30,2006-01-07T12:50,MRS,2052955920
KRYCVVEA,code,L,70002889,CP,2006-01-07T13:35,2006-01-07T14:50,ORY,2052955920
KRYCVVEA,code,L,70002900,CP,2006-01-07T15:30,2006-01-07T16:50,MRS,2052955920
KRYCVVEA,code,L,70002903,CP,2006-01-07T17:35,2006-01-07T19:35,ORY,2052955920
LANJJAOU,code,L,70002888,FO,2006-01-07T10:30,2006-01-07T12:50,MRS,2052955920
LANJJAOU,code,L,70002889,FO,2006-01-07T13:35,2006-01-07T14:50,ORY,2052955920
LANJJAOU,code,L,70002900,FO,2006-01-07T15:30,2006-01-07T16:50,MRS,2052955920
LANJJAOU,code,L,70002903,FO,2006-01-07T17:35,2006-01-07T19:35,ORY,2052955920
PZWHXZAC,code,L,70002888,CS,2006-01-07T10:30,2006-01-07T12:50,MRS,2052955920
PZWHXZAC,code,L,70002889,CS,2006-01-07T13:35,2006-01-07T14:50,ORY,2052955920
PZWHXZAC,code,L,70002900,CS,2006-01-07T15:30,2006-01-07T16:50,MRS,2052955920
PZWHXZAC,code,L,70002903,CS,2006-01-07T17:35,2006-01-07T19:35,ORY,2052955920
NYVVICHP,code,L,70002888,CS,2006-01-07T10:30,2006-01-07T12:50,MRS,2052955920
NYVVICHP,code,L,70002889,CS,2006-01-07T13:35,2006-01-07T14:50,ORY,2052955920
NYVVICHP,code,L,70002900,CS,2006-01-07T15:30,2006-01-07T16:50,MRS,2052955920
NYVVICHP,code,L,70002903,CS,2006-01-07T17:35,2006-01-07T19:35,ORY,2052955920
NEMJBJQQ,code,L,70002888,ST,2006-01-07T10:30,2006-01-07T12:50,MRS,2052955920
NEMJBJQQ,code,L,70002889,ST,2006-01-07T13:35,2006-01-07T14:50,ORY,2052955920
NEMJBJQQ,code,L,70002900,ST,2006-01-07T15:30,2006-01-07T16:50,MRS,2052955920
NEMJBJQQ,code,L,70002903,ST,2006-01-07T17:35,2006-01-07T19:35,ORY,2052955920
VXFXDRIV,code,L,70002888,ST,2006-01-07T10:30,2006-01-07T12:50,MRS,2052955920
VXFXDRIV,code,L,70002889,ST,2006-01-07T13:35,2006-01-07T14:50,ORY,2052955920
VXFXDRIV,code,L,70002900,ST,2006-01-07T15:30,2006-01-07T16:50,MRS,2052955920
VXFXDRIV,code,L,70002903,ST,2006-01-07T17:35,2006-01-07T19:35,ORY,2052955920
OYHQVZWU,code,L,70002888,ST,2006-01-07T10:30,2006-01-07T12:50,MRS,2052955920
OYHQVZWU,code,L,70002889,ST,2006-01-07T13:35,2006-01-07T14:50,ORY,2052955920
OYHQVZWU,code,L,70002900,ST,2006-01-07T15:30,2006-01-07T16:50,MRS,2052955920
OYHQVZWU,code,L,70002903,ST,2006-01-07T17:35,2006-01-07T19:35,ORY,2052955920
DEGBDMOX,code,L,70002888,ST,2006-01-07T10:30,2006-01-07T12:50,MRS,2052955920
DEGBDMOX,code,L,70002889,ST,2006-01-07T13:35,2006-01-07T14:50,ORY,2052955920
DEGBDMOX,code,L,70002900,ST,2006-01-07T15:30,2006-01-07T16:50,MRS,2052955920
DEGBDMOX,code,L,70002903,ST,2006-01-07T17:35,2006-01-07T19:35,ORY,2052955920
EMUSUORW,code,L,70004527,CP,2006-01-07T10:35,2006-01-07T13:00,CDG,2134161410
EMUSUORW,code,L,70004530,CP,2006-01-07T15:20,2006-01-07T16:50,MRS,2134161410
EMUSUORW,code,L,70004531,CP,2006-01-07T17:35,2006-01-07T19:00,CDG,2134161410
EMUSUORW,code,L,70004534,CP,2006-01-07T19:45,2006-01-07T22:00,MRS,2134161410
OPPNVNCO,code,L,70004527,FO,2006-01-07T10:35,2006-01-07T13:00,CDG,2134161410
OPPNVNCO,code,L,70004530,FO,2006-01-07T15:20,2006-01-07T16:50,MRS,2134161410
OPPNVNCO,code,L,70004531,FO,2006-01-07T17:35,2006-01-07T19:00,CDG,2134161410
OPPNVNCO,code,L,70004534,FO,2006-01-07T19:45,2006-01-07T22:00,MRS,2134161410
ZSRKVJXA,code,L,70004527,CS,2006-01-07T10:35,2006-01-07T13:00,CDG,2134161410
ZSRKVJXA,code,L,70004530,CS,2006-01-07T15:20,2006-01-07T16:50,MRS,2134161410
ZSRKVJXA,code,L,70004531,CS,2006-01-07T17:35,2006-01-07T19:00,CDG,2134161410
ZSRKVJXA,code,L,70004534,CS,2006-01-07T19:45,2006-01-07T22:00,MRS,2134161410
GIKDMJEQ,code,L,70004527,CS,2006-01-07T10:35,2006-01-07T13:00,CDG,2134161410
GIKDMJEQ,code,L,70004530,CS,2006-01-07T15:20,2006-01-07T16:50,MRS,2134161410
GIKDMJEQ,code,L,70004531,CS,2006-01-07T17:35,2006-01-07T19:00,CDG,2134161410
GIKDMJEQ,code,L,70004534,CS,2006-01-07T19:45,2006-01-07T22:00,MRS,2134161410
AEVOKBNX,code,L,70004527,ST,2006-01-07T10:35,2006-01-07T13:00,CDG,2134161410
AEVOKBNX,code,L,70004530,ST,2006-01-07T15:20,2006-01-07T16:50,MRS,2134161410
AEVOKBNX,code,L,70004531,ST,2006-01-07T17:35,2006-01-07T19:00,CDG,2134161410
AEVOKBNX,code,L,70004534,ST,2006-01-07T19:45,2006-01-07T22:00,MRS,2134161410
ZGLBZPBQ,code,L,70004527,ST,2006-01-07T10:35,2006-01-07T13:00,CDG,2134161410
ZGLBZPBQ,code,L,70004530,ST,2006-01-07T15:20,2006-01-07T16:50,MRS,2134161410
ZGLBZPBQ,code,L,70004531,ST,2006-01-07T17:35,2006-01-07T19:00,CDG,2134161410
ZGLBZPBQ,code,L,70004534,ST,2006-01-07T19:45,2006-01-07T22:00,MRS,2134161410
NUYPRYQE,code,L,70004527,ST,2006-01-07T10:35,2006-01-07T13:00,CDG,2134161410
NUYPRYQE,code,L,70004530,ST,2006-01-07T15:20,2006-01-07T16:50,MRS,2134161410
NUYPRYQE,code,L,70004531,ST,2006-01-07T17:35,2006-01-07T19:00,CDG,2134161410
NUYPRYQE,code,L,70004534,ST,2006-01-07T19:45,2006-01-07T22:00,MRS,2134161410
ZDYOWPUT,code,L,70004527,ST,2006-01-07T10:35,2006-01-07T13:00,CDG,2134161410
ZDYOWPUT,code,L,70004530,ST,2006-01-07T15:20,2006-01-07T16:50,MRS,2134161410
ZDYOWPUT,code,L,70004531,ST,2006-01-07T17:35,2006-01-07T19:00,CDG,2134161410
ZDYOWPUT,code,L,70004534,ST,2006-01-07T19:45,2006-01-07T22:00,MRS,2134161410
TEIZLXNJ,code,L,70004567,CP,2006-01-07T10:35,2006-01-07T13:10,CDG,1874672702
TEIZLXNJ,code,L,70004568,CP,2006-01-07T13:55,2006-01-07T15:30,NCE,1874672702
TEIZLXNJ,code,L,70004571,CP,2006-01-07T17:25,2006-01-07T19:00,CDG,1874672702
TEIZLXNJ,code,L,70004572,CP,2006-01-07T19:50,2006-01-07T21:05,NCE,1874672702
NPOHDTGS,code,L,70004567,FO,2006-01-07T10:35,2006-01-07T13:10,CDG,1874672702
NPOHDTGS,code,L,70004568,FO,2006-01-07T13:55,2006-01-07T15:30,NCE,1874672702
NPOHDTGS,code,L,70004571,FO,2006-01-07T17:25,2006-01-07T19:00,CDG,1874672702
NPOHDTGS,code,L,70004572,FO,2006-01-07T19:50,2006-01-07T21:05,NCE,1874672702
TUBBDFDH,code,L,70004567,CS,2006-01-07T10:35,2006-01-07T13:10,CDG,1874672702
TUBBDFDH,code,L,70004568,CS,2006-01-07T13:55,2006-01-07T15:30,NCE,1874672702
TUBBDFDH,code,L,70004571,CS,2006-01-07T17:25,2006-01-07T19:00,CDG,1874672702
TUBBDFDH,code,L,70004572,CS,2006-01-07T19:50,2006-01-07T21:05,NCE,1874672702
GEJUOCFY,code,L,70004567,CS,2006-01-07T10:35,2006-01-07T13:10,CDG,1874672702
GEJUOCFY,code,L,70004568,CS,2006-01-07T13:55,2006-01-07T15:30,NCE,1874672702
GEJUOCFY,code,L,70004571,CS,2006-01-07T17:25,2006-01-07T19:00,CDG,1874672702
GEJUOCFY,code,L,70004572,CS,2006-01-07T19:50,2006-01-07T21:05,NCE,1874672702
CEMVSQXS,code,L,70004567,ST,2006-01-07T10:35,2006-01-07T13:10,CDG,1874672702
CEMVSQXS,code,L,70004568,ST,2006-01-07T13:55,2006-01-07T15:30,NCE,1874672702
CEMVSQXS,code,L,70004571,ST,2006-01-07T17:25,2006-01-07T19:00,CDG,1874672702
CEMVSQXS,code,L,70004572,ST,2006-01-07T19:50,2006-01-07T21:05,NCE,1874672702
RECXJKQX,code,L,70004567,ST,2006-01-07T10:35,2006-01-07T13:10,CDG,1874672702
RECXJKQX,code,L,70004568,ST,2006-01-07T13:55,2006-01-07T15:30,NCE,1874672702
RECXJKQX,code,L,70004571,ST,2006-01-07T17:25,2006-01-07T19:00,CDG,1874672702
RECXJKQX,code,L,70004572,ST,2006-01-07T19:50,2006-01-07T21:05,NCE,1874672702
ORZBKFAJ,code,L,70004567,ST,2006-01-07T10:35,2006-01-07T13:10,CDG,1874672702
ORZBKFAJ,code,L,70004568,ST,2006-01-07T13:55,2006-01-07T15:30,NCE,1874672702
ORZBKFAJ,code,L,70004571,ST,2006-01-07T17:25,2006-01-07T19:00,CDG,1874672702
ORZBKFAJ,code,L,70004572,ST,2006-01-07T19:50,2006-01-07T21:05,NCE,1874672702
ZCABNZXX,code,L,70004567,ST,2006-01-07T10:35,2006-01-07T13:10,CDG,1874672702
ZCABNZXX,code,L,70004568,ST,2006-01-07T13:55,2006-01-07T15:30,NCE,1874672702
ZCABNZXX,code,L,70004571,ST,2006-01-07T17:25,2006-01-07T19:00,CDG,1874672702
ZCABNZXX,code,L,70004572,ST,2006-01-07T19:50,2006-01-07T21:05,NCE,1874672702
ESRQKYLV,code,L,70004648,CP,2006-01-07T10:55,2006-01-07T13:25,TLS,1194650126
ESRQKYLV,code,L,70004649,CP,2006-01-07T15:00,2006-01-07T16:25,CDG,1194650126
ESRQKYLV,code,L,70004652,CP,2006-01-07T17:15,2006-01-07T18:45,TLS,1194650126
ESRQKYLV,code,L,70004655,CP,2006-01-07T19:25,2006-01-07T21:35,CDG,1194650126
CIVJBJYD,code,L,70004648,FO,2006-01-07T10:55,2006-01-07T13:25,TLS,1194650126
CIVJBJYD,code,L,70004649,FO,2006-01-07T15:00,2006-01-07T16:25,CDG,1194650126
CIVJBJYD,code,L,70004652,FO,2006-01-07T17:15,2006-01-07T18:45,TLS,1194650126
CIVJBJYD,code,L,70004655,FO,2006-01-07T19:25,2006-01-07T21:35,CDG,1194650126
NMRESAZB,code,L,70004648,CS,2006-01-07T10:55,2006-01-07T13:25,TLS,1194650126
NMRESAZB,code,L,70004649,CS,2006-01-07T15:00,2006-01-07T16:25,CDG,1194650126
NMRESAZB,code,L,70004652,CS,2006-01-07T17:15,2006-01-07T18:45,TLS,1194650126
NMRESAZB,code,L,70004655,CS,2006-01-07T19:25,2006-01-07T21:35,CDG,1194650126
YEDRROWW,code,L,70004648,CS,2006-01-07T10:55,2006-01-07T13:25,TLS,1194650126
YEDRROWW,code,L,70004649,CS,2006-01-07T15:00,2006-01-07T16:25,CDG,1194650126
YEDRROWW,code,L,70004652,CS,2006-01-07T17:15,2006-01-07T18:45,TLS,1194650126
YEDRROWW,code,L,70004655,CS,2006-01-07T19:25,2006-01-07T21:35,CDG,1194650126
FGCSKKFH,code,L,70004648,ST,2006-01-07T10:55,2006-01-07T13:25,TLS,1194650126
FGCSKKFH,code,L,70004649,ST,2006-01-07T15:00,2006-01-07T16:25,CDG,1194650126
FGCSKKFH,code,L,70004652,ST,2006-01-07T17:15,2006-01-07T18:45,TLS,1194650126
FGCSKKFH,code,L,70004655,ST,2006-01-07T19:25,2006-01-07T21:35,CDG,1194650126
EERSOOCN,code,L,70004648,ST,2006-01-07T10:55,2006-01-07T13:25,TLS,1194650126
EERSOOCN,code,L,70004649,ST,2006-01-07T15:00,2006-01-07T16:25,CDG,1194650126
EERSOOCN,code,L,70004652,ST,2006-01-07T17:15,2006-01-07T18:45,TLS,1194650126
EERSOOCN,code,L,70004655,ST,2006-01-07T19:25,2006-01-07T21:35,CDG,1194650126
NYFGYGSG,code,L,70004648,ST,2006-01-07T10:55,2006-01-07T13:25,TLS,1194650126
NYFGYGSG,code,L,70004649,ST,2006-01-07T15:00,2006-01-07T16:25,CDG,1194650126
NYFGYGSG,code,L,70004652,ST,2006-01-07T17:15,2006-01-07T18:45,TLS,1194650126
NYFGYGSG,code,L,70004655,ST,2006-01-07T19:25,2006-01-07T21:35,CDG,1194650126
PMNQYMUZ,code,L,70004648,ST,2006-01-07T10:55,2006-01-07T13:25,TLS,1194650126
PMNQYMUZ,code,L,70004649,ST,2006-01-07T15:00,2006-01-07T16:25,CDG,1194650126
PMNQYMUZ,code,L,70004652,ST,2006-01-07T17:15,2006-01-07T18:45,TLS,1194650126
PMNQYMUZ,code,L,70004655,ST,2006-01-07T19:25,2006-01-07T21:35,CDG,1194650126
EPYNYBNU,code,L,70004387,CP,2006-01-07T11:00,2006-01-07T13:20,ORY,363927940
EPYNYBNU,code,L,70004388,CP,2006-01-07T14:05,2006-01-07T15:30,PGF,363927940
EPYNYBNU,code,L,70004459,CP,2006-01-07T17:10,2006-01-07T18:45,ORY,363927940
EPYNYBNU,code,L,70004454,CP,2006-01-07T19:35,2006-01-07T21:55,BIA,363927940
HMBDKFKU,code,L,70004387,FO,2006-01-07T11:00,2006-01-07T13:20,ORY,363927940
HMBDKFKU,code,L,70004388,FO,2006-01-07T14:05,2006-01-07T15:30,PGF,363927940
HMBDKFKU,code,L,70004459,FO,2006-01-07T17:10,2006-01-07T18:45,ORY,363927940
HMBDKFKU,code,L,70004454,FO,2006-01-07T19:35,2006-01-07T21:55,BIA,363927940
YBVBUKHZ,code,L,70004387,CS,2006-01-07T11:00,2006-01-07T13:20,ORY,363927940
YBVBUKHZ,code,L,70004388,CS,2006-01-07T14:05,2006-01-07T15:30,PGF,363927940
YBVBUKHZ,code,L,70004459,CS,2006-01-07T17:10,2006-01-07T18:45,ORY,363927940
YBVBUKHZ,code,L,70004454,CS,2006-01-07T19:35,2006-01-07T21:55,BIA,363927940
IXTCFPMO,code,L,70004387,CS,2006-01-07T11:00,2006-01-07T13:20,ORY,363927940
IXTCFPMO,code,L,70004388,CS,2006-01-07T14:05,2006-01-07T15:30,PGF,363927940
IXTCFPMO,code,L,70004459,CS,2006-01-07T17:10,2006-01-07T18:45,ORY,363927940
IXTCFPMO,code,L,70004454,CS,2006-01-07T19:35,2006-01-07T21:55,BIA,363927940
YXQBLCWE,code,L,70004387,ST,2006-01-07T11:00,2006-01-07T13:20,ORY,363927940
YXQBLCWE,code,L,70004388,ST,2006-01-07T14:05,2006-01-07T15:30,PGF,363927940
YXQBLCWE,code,L,70004459,ST,2006-01-07T17:10,2006-01-07T18:45,ORY,363927940
YXQBLCWE,code,L,70004454,ST,2006-01-07T19:35,2006-01-07T21:55,BIA,363927940
NJFEAZWK,code,L,70004387,ST,2006-01-07T11:00,2006-01-07T13:20,ORY,363927940
NJFEAZWK,code,L,70004388,ST,2006-01-07T14:05,2006-01-07T15:30,PGF,363927940
NJFEAZWK,code,L,70004459,ST,2006-01-07T17:10,2006-01-07T18:45,ORY,363927940
NJFEAZWK,code,L,70004454,ST,2006-01-07T19:35,2006-01-07T21:55,BIA,363927940
TFVGPTOS,code,L,70004387,ST,2006-01-07T11:00,2006-01-07T13:20,ORY,363927940
TFVGPTOS,code,L,70004388,ST,2006-01-07T14:05,2006-01-07T15:30,PGF,363927940
TFVGPTOS,code,L,70004459,ST,2006-01-07T17:10,2006-01-07T18:45,ORY,363927940
TFVGPTOS,code,L,70004454,ST,2006-01-07T19:35,2006-01-07T21:55,BIA,363927940
CXVREPNF,code,L,70004387,ST,2006-01-07T11:00,2006-01-07T13:20,ORY,363927940
CXVREPNF,code,L,70004388,ST,2006-01-07T14:05,2006-01-07T15:30,PGF,363927940
CXVREPNF,code,L,70004459,ST,2006-01-07T17:10,2006-01-07T18:45,ORY,363927940
CXVREPNF,code,L,70004454,ST,2006-01-07T19:35,2006-01-07T21:55,BIA,363927940
ZKJYVBJN,code,L,70004566,CP,2006-01-07T11:00,2006-01-07T13:35,NCE,1328157009
ZKJYVBJN,code,L,70004569,CP,2006-01-07T14:40,2006-01-07T16:15,CDG,1328157009
ZKJYVBJN,code,L,70003106,CP,2006-01-07T17:05,2006-01-07T18:30,NCE,1328157009
ZKJYVBJN,code,L,70003071,CP,2006-01-07T19:20,2006-01-07T21:05,ORY,1328157009
AYMRDIOI,code,L,70004566,FO,2006-01-07T11:00,2006-01-07T13:35,NCE,1328157009
AYMRDIOI,code,L,70004569,FO,2006-01-07T14:40,2006-01-07T16:15,CDG,1328157009
AYMRDIOI,code,L,70003106,FO,2006-01-07T17:05,2006-01-07T18:30,NCE,1328157009
AYMRDIOI,code,L,70003071,FO,2006-01-07T19:20,2006-01-07T21:05,ORY,1328157009
LELGMSSX,code,L,70004566,CS,2006-01-07T11:00,2006-01-07T13:35,NCE,1328157009
LELGMSSX,code,L,70004569,CS,2006-01-07T14:40,2006-01-07T16:15,CDG,1328157009
LELGMSSX,code,L,70003106,CS,2006-01-07T17:05,2006-01-07T18:30,NCE,1328157009
LELGMSSX,code,L,70003071,CS,2006-01-07T19:20,2006-01-07T21:05,ORY,1328157009
IPMWRSBW,code,L,70004566,CS,2006-01-07T11:00,2006-01-07T13:35,NCE,1328157009
IPMWRSBW,code,L,70004569,CS,2006-01-07T14:40,2006-01-07T16:15,CDG,1328157009
IPMWRSBW,code,L,70003106,CS,2006-01-07T17:05,2006-01-07T18:30,NCE,1328157009
IPMWRSBW,code,L,70003071,CS,2006-01-07T19:20,2006-01-07T21:05,ORY,1328157009
PFHZMVJI,code,L,70004566,ST,2006-01-07T11:00,2006-01-07T13:35,NCE,1328157009
PFHZMVJI,code,L,70004569,ST,2006-01-07T14:40,2006-01-07T16:15,CDG,1328157009
PFHZMVJI,code,L,70003106,ST,2006-01-07T17:05,2006-01-07T18:30,NCE,1328157009
PFHZMVJI,code,L,70003071,ST,2006-01-07T19:20,2006-01-07T21:05,ORY,1328157009
CNGMYHIL,code,L,70004566,ST,2006-01-07T11:00,2006-01-07T13:35,NCE,1328157009
CNGMYHIL,code,L,70004569,ST,2006-01-07T14:40,2006-01-07T16:15,CDG,1328157009
CNGMYHIL,code,L,70003106,ST,2006-01-07T17:05,2006-01-07T18:30,NCE,1328157009
CNGMYHIL,code,L,70003071,ST,2006-01-07T19:20,2006-01-07T21:05,ORY,1328157009
HMRIXSFB,code,L,70004566,ST,2006-01-07T11:00,2006-01-07T13:35,NCE,1328157009
HMRIXSFB,code,L,70004569,ST,2006-01-07T14:40,2006-01-07T16:15,CDG,1328157009
HMRIXSFB,code,L,70003106,ST,2006-01-07T17:05,2006-01-07T18:30,NCE,1328157009
HMRIXSFB,code,L,70003071,ST,2006-01-07T19:20,2006-01-07T21:05,ORY,1328157009
XBRICKIX,code,L,70004566,ST,2006-01-07T11:00,2006-01-07T13:35,NCE,1328157009
XBRICKIX,code,L,70004569,ST,2006-01-07T14:40,2006-01-07T16:15,CDG,1328157009
XBRICKIX,code,L,70003106,ST,2006-01-07T17:05,2006-01-07T18:30,NCE,1328157009
XBRICKIX,code,L,70003071,ST,2006-01-07T19:20,2006-01-07T21:05,ORY,1328157009
MAACJMVJ,code,L,70004528,CP,2006-01-07T11:05,2006-01-07T13:35,MRS,134667610
MAACJMVJ,code,L,70004529,CP,2006-01-07T14:35,2006-01-07T16:00,CDG,134667610
MAACJMVJ,code,L,70002870,CP,2006-01-07T17:00,2006-01-07T18:20,MRS,134667610
MAACJMVJ,code,L,70002867,CP,2006-01-07T19:10,2006-01-07T21:10,ORY,134667610
QWVXSENI,code,L,70004528,FO,2006-01-07T11:05,2006-01-07T13:35,MRS,134667610
QWVXSENI,code,L,70004529,FO,2006-01-07T14:35,2006-01-07T16:00,CDG,134667610
QWVXSENI,code,L,70002870,FO,2006-01-07T17:00,2006-01-07T18:20,MRS,134667610
QWVXSENI,code,L,70002867,FO,2006-01-07T19:10,2006-01-07T21:10,ORY,134667610
WIGAMMQC,code,L,70004528,CS,2006-01-07T11:05,2006-01-07T13:35,MRS,134667610
WIGAMMQC,code,L,70004529,CS,2006-01-07T14:35,2006-01-07T16:00,CDG,134667610
WIGAMMQC,code,L,70002870,CS,2006-01-07T17:00,2006-01-07T18:20,MRS,134667610
WIGAMMQC,code,L,70002867,CS,2006-01-07T19:10,2006-01-07T21:10,ORY,134667610
MHMVIRDU,code,L,70004528,CS,2006-01-07T11:05,2006-01-07T13:35,MRS,134667610
MHMVIRDU,code,L,70004529,CS,2006-01-07T14:35,2006-01-07T16:00,CDG,134667610
MHMVIRDU,code,L,70002870,CS,2006-01-07T17:00,2006-01-07T18:20,MRS,134667610
MHMVIRDU,code,L,70002867,CS,2006-01-07T19:10,2006-01-07T21:10,ORY,134667610
WAQKRKUA,code,L,70004528,ST,2006-01-07T11:05,2006-01-07T13:35,MRS,134667610
WAQKRKUA,code,L,70004529,ST,2006-01-07T14:35,2006-01-07T16:00,CDG,134667610
WAQKRKUA,code,L,70002870,ST,2006-01-07T17:00,2006-01-07T18:20,MRS,134667610
WAQKRKUA,code,L,70002867,ST,2006-01-07T19:10,2006-01-07T21:10,ORY,134667610
OIANYATP,code,L,70004528,ST,2006-01-07T11:05,2006-01-07T13:35,MRS,134667610
OIANYATP,code,L,70004529,ST,2006-01-07T14:35,2006-01-07T16:00,CDG,134667610
OIANYATP,code,L,70002870,ST,2006-01-07T17:00,2006-01-07T18:20,MRS,134667610
OIANYATP,code,L,70002867,ST,2006-01-07T19:10,2006-01-07T21:10,ORY,134667610
XFAGMUJR,code,L,70004528,ST,2006-01-07T11:05,2006-01-07T13:35,MRS,134667610
XFAGMUJR,code,L,70004529,ST,2006-01-07T14:35,2006-01-07T16:00,CDG,134667610
XFAGMUJR,code,L,70002870,ST,2006-01-07T17:00,2006-01-07T18:20,MRS,134667610
XFAGMUJR,code,L,70002867,ST,2006-01-07T19:10,2006-01-07T21:10,ORY,134667610
TUAHIDJY,code,L,70004528,ST,2006-01-07T11:05,2006-01-07T13:35,MRS,134667610
TUAHIDJY,code,L,70004529,ST,2006-01-07T14:35,2006-01-07T16:00,CDG,134667610
TUAHIDJY,code,L,70002870,ST,2006-01-07T17:00,2006-01-07T18:20,MRS,134667610
TUAHIDJY,code,L,70002867,ST,2006-01-07T19:10,2006-01-07T21:10,ORY,134667610
KPPQBDXU,code,L,70004602,CP,2006-01-07T11:15,2006-01-07T13:35,BES,1464848243
KPPQBDXU,code,L,70004601,CP,2006-01-07T14:45,2006-01-07T16:00,CDG,1464848243
KPPQBDXU,code,L,70004596,CP,2006-01-07T17:00,2006-01-07T18:20,BES,1464848243
KPPQBDXU,code,L,70004595,CP,2006-01-07T20:00,2006-01-07T22:00,CDG,1464848243
WONKJJPU,code,L,70004602,FO,2006-01-07T11:15,2006-01-07T13:35,BES,1464848243
WONKJJPU,code,L,70004601,FO,2006-01-07T14:45,2006-01-07T16:00,CDG,1464848243
WONKJJPU,code,L,70004596,FO,2006-01-07T17:00,2006-01-07T18:20,BES,1464848243
WONKJJPU,code,L,70004595,FO,2006-01-07T20:00,2006-01-07T22:00,CDG,1464848243
LTJHVDJU,code,L,70004602,CS,2006-01-07T11:15,2006-01-07T13:35,BES,1464848243
LTJHVDJU,code,L,70004601,CS,2006-01-07T14:45,2006-01-07T16:00,CDG,1464848243
LTJHVDJU,code,L,70004596,CS,2006-01-07T17:00,2006-01-07T18:20,BES,1464848243
LTJHVDJU,code,L,70004595,CS,2006-01-07T20:00,2006-01-07T22:00,CDG,1464848243
CUOTKNHQ,code,L,70004602,CS,2006-01-07T11:15,2006-01-07T13:35,BES,1464848243
CUOTKNHQ,code,L,70004601,CS,2006-01-07T14:45,2006-01-07T16:00,CDG,1464848243
CUOTKNHQ,code,L,70004596,CS,2006-01-07T17:00,2006-01-07T18:20,BES,1464848243
CUOTKNHQ,code,L,70004595,CS,2006-01-07T20:00,2006-01-07T22:00,CDG,1464848243
NGWCYDSL,code,L,70004602,ST,2006-01-07T11:15,2006-01-07T13:35,BES,1464848243
NGWCYDSL,code,L,70004601,ST,2006-01-07T14:45,2006-01-07T16:00,CDG,1464848243
NGWCYDSL,code,L,70004596,ST,2006-01-07T17:00,2006-01-07T18:20,BES,1464848243
NGWCYDSL,code,L,70004595,ST,2006-01-07T20:00,2006-01-07T22:00,CDG,1464848243
HUSJDDPW,code,L,70004602,ST,2006-01-07T11:15,2006-01-07T13:35,BES,1464848243
HUSJDDPW,code,L,70004601,ST,2006-01-07T14:45,2006-01-07T16:00,CDG,1464848243
HUSJDDPW,code,L,70004596,ST,2006-01-07T17:00,2006-01-07T18:20,BES,1464848243
HUSJDDPW,code,L,70004595,ST,2006-01-07T20:00,2006-01-07T22:00,CDG,1464848243
YIALMGDC,code,L,70004602,ST,2006-01-07T11:15,2006-01-07T13:35,BES,1464848243
YIALMGDC,code,L,70004601,ST,2006-01-07T14:45,2006-01-07T16:00,CDG,1464848243
YIALMGDC,code,L,70004596,ST,2006-01-07T17:00,2006-01-07T18:20,BES,1464848243
YIALMGDC,code,L,70004595,ST,2006-01-07T20:00,2006-01-07T22:00,CDG,1464848243
BTGDGQYH,code,L,70004602,ST,2006-01-07T11:15,2006-01-07T13:35,BES,1464848243
BTGDGQYH,code,L,70004601,ST,2006-01-07T14:45,2006-01-07T16:00,CDG,1464848243
BTGDGQYH,code,L,70004596,ST,2006-01-07T17:00,2006-01-07T18:20,BES,1464848243
BTGDGQYH,code,L,70004595,ST,2006-01-07T20:00,2006-01-07T22:00,CDG,1464848243
GOZBXLBN,code,L,70004410,CP,2006-01-07T11:20,2006-01-07T13:40,MPL,645237757
GOZBXLBN,code,L,70004413,CP,2006-01-07T14:25,2006-01-07T15:40,ORY,645237757
GOZBXLBN,code,L,70004414,CP,2006-01-07T16:25,2006-01-07T17:45,MPL,645237757
GOZBXLBN,code,L,70004407,CP,2006-01-07T18:30,2006-01-07T20:20,ORY,645237757
NPUUAZBR,code,L,70004410,FO,2006-01-07T11:20,2006-01-07T13:40,MPL,645237757
NPUUAZBR,code,L,70004413,FO,2006-01-07T14:25,2006-01-07T15:40,ORY,645237757
NPUUAZBR,code,L,70004414,FO,2006-01-07T16:25,2006-01-07T17:45,MPL,645237757
NPUUAZBR,code,L,70004407,FO,2006-01-07T18:30,2006-01-07T20:20,ORY,645237757
XYWNCPEK,code,L,70004410,CS,2006-01-07T11:20,2006-01-07T13:40,MPL,645237757
XYWNCPEK,code,L,70004413,CS,2006-01-07T14:25,2006-01-07T15:40,ORY,645237757
XYWNCPEK,code,L,70004414,CS,2006-01-07T16:25,2006-01-07T17:45,MPL,645237757
XYWNCPEK,code,L,70004407,CS,2006-01-07T18:30,2006-01-07T20:20,ORY,645237757
TMJRFNLO,code,L,70004410,CS,2006-01-07T11:20,2006-01-07T13:40,MPL,645237757
TMJRFNLO,code,L,70004413,CS,2006-01-07T14:25,2006-01-07T15:40,ORY,645237757
TMJRFNLO,code,L,70004414,CS,2006-01-07T16:25,2006-01-07T17:45,MPL,645237757
TMJRFNLO,code,L,70004407,CS,2006-01-07T18:30,2006-01-07T20:20,ORY,645237757
BHLXYMGO,code,L,70004410,ST,2006-01-07T11:20,2006-01-07T13:40,MPL,645237757
BHLXYMGO,code,L,70004413,ST,2006-01-07T14:25,2006-01-07T15:40,ORY,645237757
BHLXYMGO,code,L,70004414,ST,2006-01-07T16:25,2006-01-07T17:45,MPL,645237757
BHLXYMGO,code,L,70004407,ST,2006-01-07T18:30,2006-01-07T20:20,ORY,645237757
OYMBVEYI,code,L,70004410,ST,2006-01-07T11:20,2006-01-07T13:40,MPL,645237757
OYMBVEYI,code,L,70004413,ST,2006-01-07T14:25,2006-01-07T15:40,ORY,645237757
OYMBVEYI,code,L,70004414,ST,2006-01-07T16:25,2006-01-07T17:45,MPL,645237757
OYMBVEYI,code,L,70004407,ST,2006-01-07T18:30,2006-01-07T20:20,ORY,645237757
JKIMISBQ,code,L,70004410,ST,2006-01-07T11:20,2006-01-07T13:40,MPL,645237757
JKIMISBQ,code,L,70004413,ST,2006-01-07T14:25,2006-01-07T15:40,ORY,645237757
JKIMISBQ,code,L,70004414,ST,2006-01-07T16:25,2006-01-07T17:45,MPL,645237757
JKIMISBQ,code,L,70004407,ST,2006-01-07T18:30,2006-01-07T20:20,ORY,645237757
MFJVXCIX,code,L,70004410,ST,2006-01-07T11:20,2006-01-07T13:40,MPL,645237757
MFJVXCIX,code,L,70004413,ST,2006-01-07T14:25,2006-01-07T15:40,ORY,645237757
MFJVXCIX,code,L,70004414,ST,2006-01-07T16:25,2006-01-07T17:45,MPL,645237757
MFJVXCIX,code,L,70004407,ST,2006-01-07T18:30,2006-01-07T20:20,ORY,645237757
ZDTAGSRF,code,L,70004487,CP,2006-01-07T11:25,2006-01-07T13:45,CDG,1767440095
ZDTAGSRF,code,L,70004492,CP,2006-01-07T15:30,2006-01-07T17:40,BOD,1767440095
XXSIZNOL,code,L,70004487,FO,2006-01-07T11:25,2006-01-07T13:45,CDG,1767440095
XXSIZNOL,code,L,70004492,FO,2006-01-07T15:30,2006-01-07T17:40,BOD,1767440095
ECTBTZIN,code,L,70004487,CS,2006-01-07T11:25,2006-01-07T13:45,CDG,1767440095
ECTBTZIN,code,L,70004492,CS,2006-01-07T15:30,2006-01-07T17:40,BOD,1767440095
LEDQUCLK,code,L,70004487,CS,2006-01-07T11:25,2006-01-07T13:45,CDG,1767440095
LEDQUCLK,code,L,70004492,CS,2006-01-07T15:30,2006-01-07T17:40,BOD,1767440095
IYGSXPXV,code,L,70004487,ST,2006-01-07T11:25,2006-01-07T13:45,CDG,1767440095
IYGSXPXV,code,L,70004492,ST,2006-01-07T15:30,2006-01-07T17:40,BOD,1767440095
CBGZJMJP,code,L,70004487,ST,2006-01-07T11:25,2006-01-07T13:45,CDG,1767440095
CBGZJMJP,code,L,70004492,ST,2006-01-07T15:30,2006-01-07T17:40,BOD,1767440095
NTEFEQES,code,L,70004487,ST,2006-01-07T11:25,2006-01-07T13:45,CDG,1767440095
NTEFEQES,code,L,70004492,ST,2006-01-07T15:30,2006-01-07T17:40,BOD,1767440095
OGVQMMOW,code,L,70004487,ST,2006-01-07T11:25,2006-01-07T13:45,CDG,1767440095
OGVQMMOW,code,L,70004492,ST,2006-01-07T15:30,2006-01-07T17:40,BOD,1767440095
HAUVJUNG,code,L,70002595,CP,2006-01-07T11:30,2006-01-07T13:40,CFR,282134252
HAUVJUNG,code,L,70002596,CP,2006-01-07T15:00,2006-01-07T17:00,LYS,282134252
NTZRQWTS,code,L,70002595,FO,2006-01-07T11:30,2006-01-07T13:40,CFR,282134252
NTZRQWTS,code,L,70002596,FO,2006-01-07T15:00,2006-01-07T17:00,LYS,282134252
FWFHHHSQ,code,L,70002595,CS,2006-01-07T11:30,2006-01-07T13:40,CFR,282134252
FWFHHHSQ,code,L,70002596,CS,2006-01-07T15:00,2006-01-07T17:00,LYS,282134252
HVPEQRTG,code,L,70002595,ST,2006-01-07T11:30,2006-01-07T13:40,CFR,282134252
HVPEQRTG,code,L,70002596,ST,2006-01-07T15:00,2006-01-07T17:00,LYS,282134252
XRMBOLNR,code,L,70002595,ST,2006-01-07T11:30,2006-01-07T13:40,CFR,282134252
XRMBOLNR,code,L,70002596,ST,2006-01-07T15:00,2006-01-07T17:00,LYS,282134252
VWMECTET,code,L,70004490,CP,2006-01-07T11:35,2006-01-07T14:00,BOD,384385166
VWMECTET,code,L,70004549,CP,2006-01-07T17:45,2006-01-07T19:10,CDG,384385166
VWMECTET,code,L,70004548,CP,2006-01-07T20:00,2006-01-07T22:05,MPL,384385166
VLMUEBYO,code,L,70004490,FO,2006-01-07T11:35,2006-01-07T14:00,BOD,384385166
VLMUEBYO,code,L,70004549,FO,2006-01-07T17:45,2006-01-07T19:10,CDG,384385166
VLMUEBYO,code,L,70004548,FO,2006-01-07T20:00,2006-01-07T22:05,MPL,384385166
DQUWNQFR,code,L,70004490,CS,2006-01-07T11:35,2006-01-07T14:00,BOD,384385166
DQUWNQFR,code,L,70004549,CS,2006-01-07T17:45,2006-01-07T19:10,CDG,384385166
DQUWNQFR,code,L,70004548,CS,2006-01-07T20:00,2006-01-07T22:05,MPL,384385166
NHSDCNJF,code,L,70004490,CS,2006-01-07T11:35,2006-01-07T14:00,BOD,384385166
NHSDCNJF,code,L,70004549,CS,2006-01-07T17:45,2006-01-07T19:10,CDG,384385166
NHSDCNJF,code,L,70004548,CS,2006-01-07T20:00,2006-01-07T22:05,MPL,384385166
DIRLUSAX,code,L,70004490,ST,2006-01-07T11:35,2006-01-07T14:00,BOD,384385166
DIRLUSAX,code,L,70004549,ST,2006-01-07T17:45,2006-01-07T19:10,CDG,384385166
DIRLUSAX,code,L,70004548,ST,2006-01-07T20:00,2006-01-07T22:05,MPL,384385166
YLDPPRIY,code,L,70004490,ST,2006-01-07T11:35,2006-01-07T14:00,BOD,384385166
YLDPPRIY,code,L,70004549,ST,2006-01-07T17:45,2006-01-07T19:10,CDG,384385166
YLDPPRIY,code,L,70004548,ST,2006-01-07T20:00,2006-01-07T22:05,MPL,384385166
OMPBJNQY,code,L,70004490,ST,2006-01-07T11:35,2006-01-07T14:00,BOD,384385166
OMPBJNQY,code,L,70004549,ST,2006-01-07T17:45,2006-01-07T19:10,CDG,384385166
OMPBJNQY,code,L,70004548,ST,2006-01-07T20:00,2006-01-07T22:05,MPL,384385166
MHQEOTJV,code,L,70004490,ST,2006-01-07T11:35,2006-01-07T14:00,BOD,384385166
MHQEOTJV,code,L,70004549,ST,2006-01-07T17:45,2006-01-07T19:10,CDG,384385166
MHQEOTJV,code,L,70004548,ST,2006-01-07T20:00,2006-01-07T22:05,MPL,384385166
QFOWGFTD,code,L,70002619,CP,2006-01-07T11:35,2006-01-07T13:50,RNS,1398633607
QFOWGFTD,code,L,70002620,CP,2006-01-07T14:45,2006-01-07T16:50,LYS,1398633607
WKIKOVAR,code,L,70002619,FO,2006-01-07T11:35,2006-01-07T13:50,RNS,1398633607
WKIKOVAR,code,L,70002620,FO,2006-01-07T14:45,2006-01-07T16:50,LYS,1398633607
BQJAZJNM,code,L,70002619,CSD,2006-01-07T11:35,2006-01-07T13:50,RNS,1398633607
BQJAZJNM,code,L,70002620,CSD,2006-01-07T14:45,2006-01-07T16:50,LYS,1398633607
RVEVDZXT,code,L,70002619,ST,2006-01-07T11:35,2006-01-07T13:50,RNS,1398633607
RVEVDZXT,code,L,70002620,ST,2006-01-07T14:45,2006-01-07T16:50,LYS,1398633607
QXWFNSRE,code,L,70002619,ST,2006-01-07T11:35,2006-01-07T13:50,RNS,1398633607
QXWFNSRE,code,L,70002620,ST,2006-01-07T14:45,2006-01-07T16:50,LYS,1398633607
AZTZHHBA,code,L,70004668,CP,2006-01-07T11:45,2006-01-07T13:55,BOD,1662778767
AZTZHHBA,code,L,70004669,CP,2006-01-07T14:55,2006-01-07T16:00,LYS,1662778767
AZTZHHBA,code,L,70004664,CP,2006-01-07T16:55,2006-01-07T18:05,BOD,1662778767
AZTZHHBA,code,L,70004665,CP,2006-01-07T19:00,2006-01-07T20:50,LYS,1662778767
ZNNUAZHP,code,L,70004668,FO,2006-01-07T11:45,2006-01-07T13:55,BOD,1662778767
ZNNUAZHP,code,L,70004669,FO,2006-01-07T14:55,2006-01-07T16:00,LYS,1662778767
ZNNUAZHP,code,L,70004664,FO,2006-01-07T16:55,2006-01-07T18:05,BOD,1662778767
ZNNUAZHP,code,L,70004665,FO,2006-01-07T19:00,2006-01-07T20:50,LYS,1662778767
RQYPVREP,code,L,70004668,CS,2006-01-07T11:45,2006-01-07T13:55,BOD,1662778767
RQYPVREP,code,L,70004669,CS,2006-01-07T14:55,2006-01-07T16:00,LYS,1662778767
RQYPVREP,code,L,70004664,CS,2006-01-07T16:55,2006-01-07T18:05,BOD,1662778767
RQYPVREP,code,L,70004665,CS,2006-01-07T19:00,2006-01-07T20:50,LYS,1662778767
XKUPMQXB,code,L,70004668,CS,2006-01-07T11:45,2006-01-07T13:55,BOD,1662778767
XKUPMQXB,code,L,70004669,CS,2006-01-07T14:55,2006-01-07T16:00,LYS,1662778767
XKUPMQXB,code,L,70004664,CS,2006-01-07T16:55,2006-01-07T18:05,BOD,1662778767
XKUPMQXB,code,L,70004665,CS,2006-01-07T19:00,2006-01-07T20:50,LYS,1662778767
RLWMCSYN,code,L,70004668,ST,2006-01-07T11:45,2006-01-07T13:55,BOD,1662778767
RLWMCSYN,code,L,70004669,ST,2006-01-07T14:55,2006-01-07T16:00,LYS,1662778767
RLWMCSYN,code,L,70004664,ST,2006-01-07T16:55,2006-01-07T18:05,BOD,1662778767
RLWMCSYN,code,L,70004665,ST,2006-01-07T19:00,2006-01-07T20:50,LYS,1662778767
TVYJEATO,code,L,70004668,ST,2006-01-07T11:45,2006-01-07T13:55,BOD,1662778767
TVYJEATO,code,L,70004669,ST,2006-01-07T14:55,2006-01-07T16:00,LYS,1662778767
TVYJEATO,code,L,70004664,ST,2006-01-07T16:55,2006-01-07T18:05,BOD,1662778767
TVYJEATO,code,L,70004665,ST,2006-01-07T19:00,2006-01-07T20:50,LYS,1662778767
WTQELLKS,code,L,70004668,ST,2006-01-07T11:45,2006-01-07T13:55,BOD,1662778767
WTQELLKS,code,L,70004669,ST,2006-01-07T14:55,2006-01-07T16:00,LYS,1662778767
WTQELLKS,code,L,70004664,ST,2006-01-07T16:55,2006-01-07T18:05,BOD,1662778767
WTQELLKS,code,L,70004665,ST,2006-01-07T19:00,2006-01-07T20:50,LYS,1662778767
KGLFFHDE,code,L,70004668,ST,2006-01-07T11:45,2006-01-07T13:55,BOD,1662778767
KGLFFHDE,code,L,70004669,ST,2006-01-07T14:55,2006-01-07T16:00,LYS,1662778767
KGLFFHDE,code,L,70004664,ST,2006-01-07T16:55,2006-01-07T18:05,BOD,1662778767
KGLFFHDE,code,L,70004665,ST,2006-01-07T19:00,2006-01-07T20:50,LYS,1662778767
QFIXOACE,code,L,70003091,CP,2006-01-07T12:00,2006-01-07T14:20,ORY,1880812379
QFIXOACE,code,L,70003084,CP,2006-01-07T15:05,2006-01-07T16:30,NCE,1880812379
QFIXOACE,code,L,70003099,CP,2006-01-07T17:10,2006-01-07T18:30,ORY,1880812379
QFIXOACE,code,L,70003094,CP,2006-01-07T19:25,2006-01-07T21:05,NCE,1880812379
COXJIYNO,code,L,70003091,FO,2006-01-07T12:00,2006-01-07T14:20,ORY,1880812379
COXJIYNO,code,L,70003084,FO,2006-01-07T15:05,2006-01-07T16:30,NCE,1880812379
COXJIYNO,code,L,70003099,FO,2006-01-07T17:10,2006-01-07T18:30,ORY,1880812379
COXJIYNO,code,L,70003094,FO,2006-01-07T19:25,2006-01-07T21:05,NCE,1880812379
VUNFYGNT,code,L,70003091,CS,2006-01-07T12:00,2006-01-07T14:20,ORY,1880812379
VUNFYGNT,code,L,70003084,CS,2006-01-07T15:05,2006-01-07T16:30,NCE,1880812379
VUNFYGNT,code,L,70003099,CS,2006-01-07T17:10,2006-01-07T18:30,ORY,1880812379
VUNFYGNT,code,L,70003094,CS,2006-01-07T19:25,2006-01-07T21:05,NCE,1880812379
HRZEVHUI,code,L,70003091,CS,2006-01-07T12:00,2006-01-07T14:20,ORY,1880812379
HRZEVHUI,code,L,70003084,CS,2006-01-07T15:05,2006-01-07T16:30,NCE,1880812379
HRZEVHUI,code,L,70003099,CS,2006-01-07T17:10,2006-01-07T18:30,ORY,1880812379
HRZEVHUI,code,L,70003094,CS,2006-01-07T19:25,2006-01-07T21:05,NCE,1880812379
HGOITQKV,code,L,70003091,ST,2006-01-07T12:00,2006-01-07T14:20,ORY,1880812379
HGOITQKV,code,L,70003084,ST,2006-01-07T15:05,2006-01-07T16:30,NCE,1880812379
HGOITQKV,code,L,70003099,ST,2006-01-07T17:10,2006-01-07T18:30,ORY,1880812379
HGOITQKV,code,L,70003094,ST,2006-01-07T19:25,2006-01-07T21:05,NCE,1880812379
QKGNACVN,code,L,70003091,ST,2006-01-07T12:00,2006-01-07T14:20,ORY,1880812379
QKGNACVN,code,L,70003084,ST,2006-01-07T15:05,2006-01-07T16:30,NCE,1880812379
QKGNACVN,code,L,70003099,ST,2006-01-07T17:10,2006-01-07T18:30,ORY,1880812379
QKGNACVN,code,L,70003094,ST,2006-01-07T19:25,2006-01-07T21:05,NCE,1880812379
XJSJKXMW,code,L,70003091,ST,2006-01-07T12:00,2006-01-07T14:20,ORY,1880812379
XJSJKXMW,code,L,70003084,ST,2006-01-07T15:05,2006-01-07T16:30,NCE,1880812379
XJSJKXMW,code,L,70003099,ST,2006-01-07T17:10,2006-01-07T18:30,ORY,1880812379
XJSJKXMW,code,L,70003094,ST,2006-01-07T19:25,2006-01-07T21:05,NCE,1880812379
DPTFQQQZ,code,L,70003091,ST,2006-01-07T12:00,2006-01-07T14:20,ORY,1880812379
DPTFQQQZ,code,L,70003084,ST,2006-01-07T15:05,2006-01-07T16:30,NCE,1880812379
DPTFQQQZ,code,L,70003099,ST,2006-01-07T17:10,2006-01-07T18:30,ORY,1880812379
DPTFQQQZ,code,L,70003094,ST,2006-01-07T19:25,2006-01-07T21:05,NCE,1880812379
VPLGTTLR,code,L,70004174,CP,2006-01-07T12:35,2006-01-07T14:35,SXB,658194566
VPLGTTLR,code,L,70004389,CP,2006-01-07T15:35,2006-01-07T17:00,ORY,658194566
VPLGTTLR,code,L,70004390,CP,2006-01-07T17:50,2006-01-07T19:15,PGF,658194566
VPLGTTLR,code,L,70004169,CP,2006-01-07T20:00,2006-01-07T21:45,ORY,658194566
NGWCMYIS,code,L,70004174,FO,2006-01-07T12:35,2006-01-07T14:35,SXB,658194566
NGWCMYIS,code,L,70004389,FO,2006-01-07T15:35,2006-01-07T17:00,ORY,658194566
NGWCMYIS,code,L,70004390,FO,2006-01-07T17:50,2006-01-07T19:15,PGF,658194566
NGWCMYIS,code,L,70004169,FO,2006-01-07T20:00,2006-01-07T21:45,ORY,658194566
RKXYGVKL,code,L,70004174,CS,2006-01-07T12:35,2006-01-07T14:35,SXB,658194566
RKXYGVKL,code,L,70004389,CS,2006-01-07T15:35,2006-01-07T17:00,ORY,658194566
RKXYGVKL,code,L,70004390,CS,2006-01-07T17:50,2006-01-07T19:15,PGF,658194566
RKXYGVKL,code,L,70004169,CS,2006-01-07T20:00,2006-01-07T21:45,ORY,658194566
SHWPVEYD,code,L,70004174,CS,2006-01-07T12:35,2006-01-07T14:35,SXB,658194566
SHWPVEYD,code,L,70004389,CS,2006-01-07T15:35,2006-01-07T17:00,ORY,658194566
SHWPVEYD,code,L,70004390,CS,2006-01-07T17:50,2006-01-07T19:15,PGF,658194566
SHWPVEYD,code,L,70004169,CS,2006-01-07T20:00,2006-01-07T21:45,ORY,658194566
ZZEVHPUG,code,L,70004174,ST,2006-01-07T12:35,2006-01-07T14:35,SXB,658194566
ZZEVHPUG,code,L,70004389,ST,2006-01-07T15:35,2006-01-07T17:00,ORY,658194566
ZZEVHPUG,code,L,70004390,ST,2006-01-07T17:50,2006-01-07T19:15,PGF,658194566
ZZEVHPUG,code,L,70004169,ST,2006-01-07T20:00,2006-01-07T21:45,ORY,658194566
GUMYSDDH,code,L,70004174,ST,2006-01-07T12:35,2006-01-07T14:35,SXB,658194566
GUMYSDDH,code,L,70004389,ST,2006-01-07T15:35,2006-01-07T17:00,ORY,658194566
GUMYSDDH,code,L,70004390,ST,2006-01-07T17:50,2006-01-07T19:15,PGF,658194566
GUMYSDDH,code,L,70004169,ST,2006-01-07T20:00,2006-01-07T21:45,ORY,658194566
YHURUHOQ,code,L,70004174,ST,2006-01-07T12:35,2006-01-07T14:35,SXB,658194566
YHURUHOQ,code,L,70004389,ST,2006-01-07T15:35,2006-01-07T17:00,ORY,658194566
YHURUHOQ,code,L,70004390,ST,2006-01-07T17:50,2006-01-07T19:15,PGF,658194566
YHURUHOQ,code,L,70004169,ST,2006-01-07T20:00,2006-01-07T21:45,ORY,658194566
PIGIXSIT,code,L,70004174,ST,2006-01-07T12:35,2006-01-07T14:35,SXB,658194566
PIGIXSIT,code,L,70004389,ST,2006-01-07T15:35,2006-01-07T17:00,ORY,658194566
PIGIXSIT,code,L,70004390,ST,2006-01-07T17:50,2006-01-07T19:15,PGF,658194566
PIGIXSIT,code,L,70004169,ST,2006-01-07T20:00,2006-01-07T21:45,ORY,658194566
HSCQHHGK,code,L,70002874,CP,2006-01-07T13:00,2006-01-07T15:20,MRS,794882901
HSCQHHGK,code,L,70002907,CP,2006-01-07T18:35,2006-01-07T20:35,ORY,794882901
AQIGCCAZ,code,L,70002874,FO,2006-01-07T13:00,2006-01-07T15:20,MRS,794882901
AQIGCCAZ,code,L,70002907,FO,2006-01-07T18:35,2006-01-07T20:35,ORY,794882901
MBVOJGJJ,code,L,70002874,CS,2006-01-07T13:00,2006-01-07T15:20,MRS,794882901
MBVOJGJJ,code,L,70002907,CS,2006-01-07T18:35,2006-01-07T20:35,ORY,794882901
QMAXPREM,code,L,70002874,CS,2006-01-07T13:00,2006-01-07T15:20,MRS,794882901
QMAXPREM,code,L,70002907,CS,2006-01-07T18:35,2006-01-07T20:35,ORY,794882901
LLQVJWYB,code,L,70002874,ST,2006-01-07T13:00,2006-01-07T15:20,MRS,794882901
LLQVJWYB,code,L,70002907,ST,2006-01-07T18:35,2006-01-07T20:35,ORY,794882901
GIAYJSVP,code,L,70002874,ST,2006-01-07T13:00,2006-01-07T15:20,MRS,794882901
GIAYJSVP,code,L,70002907,ST,2006-01-07T18:35,2006-01-07T20:35,ORY,794882901
FWHSXVUG,code,L,70002874,ST,2006-01-07T13:00,2006-01-07T15:20,MRS,794882901
FWHSXVUG,code,L,70002907,ST,2006-01-07T18:35,2006-01-07T20:35,ORY,794882901
TLRCIMTC,code,L,70002874,ST,2006-01-07T13:00,2006-01-07T15:20,MRS,794882901
TLRCIMTC,code,L,70002907,ST,2006-01-07T18:35,2006-01-07T20:35,ORY,794882901
PJILGUIP,code,L,70004619,CP,2006-01-07T13:30,2006-01-07T16:10,ETZ,1657007234
PJILGUIP,code,L,70004620,CP,2006-01-07T18:50,2006-01-07T21:15,MRS,1657007234
QWIESJXP,code,L,70004619,FO,2006-01-07T13:30,2006-01-07T16:10,ETZ,1657007234
QWIESJXP,code,L,70004620,FO,2006-01-07T18:50,2006-01-07T21:15,MRS,1657007234
BMRTEEKW,code,L,70004619,CS,2006-01-07T13:30,2006-01-07T16:10,ETZ,1657007234
BMRTEEKW,code,L,70004620,CS,2006-01-07T18:50,2006-01-07T21:15,MRS,1657007234
YRWTVDMM,code,L,70004619,CS,2006-01-07T13:30,2006-01-07T16:10,ETZ,1657007234
YRWTVDMM,code,L,70004620,CS,2006-01-07T18:50,2006-01-07T21:15,MRS,1657007234
IIMLUDCK,code,L,70004619,ST,2006-01-07T13:30,2006-01-07T16:10,ETZ,1657007234
IIMLUDCK,code,L,70004620,ST,2006-01-07T18:50,2006-01-07T21:15,MRS,1657007234
NITJSVWP,code,L,70004619,ST,2006-01-07T13:30,2006-01-07T16:10,ETZ,1657007234
NITJSVWP,code,L,70004620,ST,2006-01-07T18:50,2006-01-07T21:15,MRS,1657007234
NUQARUUH,code,L,70004619,ST,2006-01-07T13:30,2006-01-07T16:10,ETZ,1657007234
NUQARUUH,code,L,70004620,ST,2006-01-07T18:50,2006-01-07T21:15,MRS,1657007234
GURVFOYE,code,L,70004619,ST,2006-01-07T13:30,2006-01-07T16:10,ETZ,1657007234
GURVFOYE,code,L,70004620,ST,2006-01-07T18:50,2006-01-07T21:15,MRS,1657007234
WVWCZUQC,code,L,70004435,CP,2006-01-07T13:40,2006-01-07T16:20,AJA,1015490648
WVWCZUQC,code,L,70004436,CP,2006-01-07T17:10,2006-01-07T19:35,ORY,1015490648
UKIFCRRF,code,L,70004435,FO,2006-01-07T13:40,2006-01-07T16:20,AJA,1015490648
UKIFCRRF,code,L,70004436,FO,2006-01-07T17:10,2006-01-07T19:35,ORY,1015490648
IRRSTUCP,code,L,70004435,CS,2006-01-07T13:40,2006-01-07T16:20,AJA,1015490648
IRRSTUCP,code,L,70004436,CS,2006-01-07T17:10,2006-01-07T19:35,ORY,1015490648
BRBPROGO,code,L,70004435,CS,2006-01-07T13:40,2006-01-07T16:20,AJA,1015490648
BRBPROGO,code,L,70004436,CS,2006-01-07T17:10,2006-01-07T19:35,ORY,1015490648
MKYTTKIV,code,L,70004435,ST,2006-01-07T13:40,2006-01-07T16:20,AJA,1015490648
MKYTTKIV,code,L,70004436,ST,2006-01-07T17:10,2006-01-07T19:35,ORY,1015490648
XGEABGPU,code,L,70004435,ST,2006-01-07T13:40,2006-01-07T16:20,AJA,1015490648
XGEABGPU,code,L,70004436,ST,2006-01-07T17:10,2006-01-07T19:35,ORY,1015490648
IFZNYDNC,code,L,70004435,ST,2006-01-07T13:40,2006-01-07T16:20,AJA,1015490648
IFZNYDNC,code,L,70004436,ST,2006-01-07T17:10,2006-01-07T19:35,ORY,1015490648
CWFYQHSD,code,L,70004435,ST,2006-01-07T13:40,2006-01-07T16:20,AJA,1015490648
CWFYQHSD,code,L,70004436,ST,2006-01-07T17:10,2006-01-07T19:35,ORY,1015490648
VGXBBVWM,code,L,70004578,CP,2006-01-07T14:35,2006-01-07T17:10,NCE,773559890
VGXBBVWM,code,L,70004575,CP,2006-01-07T18:30,2006-01-07T20:50,CDG,773559890
BBYXDGTT,code,L,70004578,FO,2006-01-07T14:35,2006-01-07T17:10,NCE,773559890
BBYXDGTT,code,L,70004575,FO,2006-01-07T18:30,2006-01-07T20:50,CDG,773559890
VYVCGVFN,code,L,70004578,CS,2006-01-07T14:35,2006-01-07T17:10,NCE,773559890
VYVCGVFN,code,L,70004575,CS,2006-01-07T18:30,2006-01-07T20:50,CDG,773559890
DZHPXTTH,code,L,70004578,CS,2006-01-07T14:35,2006-01-07T17:10,NCE,773559890
DZHPXTTH,code,L,70004575,CS,2006-01-07T18:30,2006-01-07T20:50,CDG,773559890
OTJHJDEZ,code,L,70004578,ST,2006-01-07T14:35,2006-01-07T17:10,NCE,773559890
OTJHJDEZ,code,L,70004575,ST,2006-01-07T18:30,2006-01-07T20:50,CDG,773559890
ADQNKZKH,code,L,70004578,ST,2006-01-07T14:35,2006-01-07T17:10,NCE,773559890
ADQNKZKH,code,L,70004575,ST,2006-01-07T18:30,2006-01-07T20:50,CDG,773559890
EFPEUMIX,code,L,70004578,ST,2006-01-07T14:35,2006-01-07T17:10,NCE,773559890
EFPEUMIX,code,L,70004575,ST,2006-01-07T18:30,2006-01-07T20:50,CDG,773559890
TWECCRLA,code,L,70004578,ST,2006-01-07T14:35,2006-01-07T17:10,NCE,773559890
TWECCRLA,code,L,70004575,ST,2006-01-07T18:30,2006-01-07T20:50,CDG,773559890
