crew_id,code,type,leg_id,rank,start,finish,airport,pairing
XUONFKDJ,code,L,70002597,CP,2006-01-07T04:00,2006-01-07T05:20,LEH,2022406920
XUONFKDJ,code,L,70002598,CP,2006-01-07T05:40,2006-01-07T07:00,URO,2022406920
XUONFKDJ,code,L,70002599,CP,2006-01-07T07:40,2006-01-07T09:10,LYS,2022406920
XUONFKDJ,code,L,70002600,CP,2006-01-07T09:30,2006-01-07T09:50,LEH,2022406920
XUONFKDJ,code,L,70002601,CP,2006-01-07T15:00,2006-01-07T15:20,URO,2022406920
XUONFKDJ,code,L,70002602,CP,2006-01-07T15:40,2006-01-07T17:10,LEH,2022406920
XUONFKDJ,code,L,70002603,CP,2006-01-07T17:50,2006-01-07T19:10,LYS,2022406920
XUONFKDJ,code,L,70002604,CP,2006-01-07T19:30,2006-01-07T20:35,URO,2022406920
JGMFMSNO,code,L,70002597,FO,2006-01-07T04:00,2006-01-07T05:20,LEH,2022406920
JGMFMSNO,code,L,70002598,FO,2006-01-07T05:40,2006-01-07T07:00,URO,2022406920
JGMFMSNO,code,L,70002599,FO,2006-01-07T07:40,2006-01-07T09:10,LYS,2022406920
JGMFMSNO,code,L,70002600,FO,2006-01-07T09:30,2006-01-07T09:50,LEH,2022406920
JGMFMSNO,code,L,70002601,FO,2006-01-07T15:00,2006-01-07T15:20,URO,2022406920
JGMFMSNO,code,L,70002602,FO,2006-01-07T15:40,2006-01-07T17:10,LEH,2022406920
JGMFMSNO,code,L,70002603,FO,2006-01-07T17:50,2006-01-07T19:10,LYS,2022406920
JGMFMSNO,code,L,70002604,FO,2006-01-07T19:30,2006-01-07T20:35,URO,2022406920
PGSCOKOC,code,L,70002597,CSD,2006-01-07T04:00,2006-01-07T05:20,LEH,2022406920
PGSCOKOC,code,L,70002598,CSD,2006-01-07T05:40,2006-01-07T07:00,URO,2022406920
PGSCOKOC,code,L,70002599,CSD,2006-01-07T07:40,2006-01-07T09:10,LYS,2022406920
PGSCOKOC,code,L,70002600,CSD,2006-01-07T09:30,2006-01-07T09:50,LEH,2022406920
PGSCOKOC,code,L,70002601,CSD,2006-01-07T15:00,2006-01-07T15:20,URO,2022406920
PGSCOKOC,code,L,70002602,CSD,2006-01-07T15:40,2006-01-07T17:10,LEH,2022406920
PGSCOKOC,code,L,70002603,CSD,2006-01-07T17:50,2006-01-07T19:10,LYS,2022406920
PGSCOKOC,code,L,70002604,CSD,2006-01-07T19:30,2006-01-07T20:35,URO,2022406920
GNGVRQLO,code,L,70002597,ST,2006-01-07T04:00,2006-01-07T05:20,LEH,2022406920
GNGVRQLO,code,L,70002598,ST,2006-01-07T05:40,2006-01-07T07:00,URO,2022406920
GNGVRQLO,code,L,70002599,ST,2006-01-07T07:40,2006-01-07T09:10,LYS,2022406920
GNGVRQLO,code,L,70002600,ST,2006-01-07T09:30,2006-01-07T09:50,LEH,2022406920
GNGVRQLO,code,L,70002601,ST,2006-01-07T15:00,2006-01-07T15:20,URO,2022406920
GNGVRQLO,code,L,70002602,ST,2006-01-07T15:40,2006-01-07T17:10,LEH,2022406920
GNGVRQLO,code,L,70002603,ST,2006-01-07T17:50,2006-01-07T19:10,LYS,2022406920
GNGVRQLO,code,L,70002604,ST,2006-01-07T19:30,2006-01-07T20:35,URO,2022406920
TGPEMQCM,code,L,70002597,ST,2006-01-07T04:00,2006-01-07T05:20,LEH,2022406920
TGPEMQCM,code,L,70002598,ST,2006-01-07T05:40,2006-01-07T07:00,URO,2022406920
TGPEMQCM,code,L,70002599,ST,2006-01-07T07:40,2006-01-07T09:10,LYS,2022406920
TGPEMQCM,code,L,70002600,ST,2006-01-07T09:30,2006-01-07T09:50,LEH,2022406920
TGPEMQCM,code,L,70002601,ST,2006-01-07T15:00,2006-01-07T15:20,URO,2022406920
TGPEMQCM,code,L,70002602,ST,2006-01-07T15:40,2006-01-07T17:10,LEH,2022406920
TGPEMQCM,code,L,70002603,ST,2006-01-07T17:50,2006-01-07T19:10,LYS,2022406920
TGPEMQCM,code,L,70002604,ST,2006-01-07T19:30,2006-01-07T20:35,URO,2022406920
QXZZDVUK,code,L,70002597,ST,2006-01-07T04:00,2006-01-07T05:20,LEH,2022406920
QXZZDVUK,code,L,70002598,ST,2006-01-07T05:40,2006-01-07T07:00,URO,2022406920
QXZZDVUK,code,L,70002599,ST,2006-01-07T07:40,2006-01-07T09:10,LYS,2022406920
QXZZDVUK,code,L,70002600,ST,2006-01-07T09:30,2006-01-07T09:50,LEH,2022406920
QXZZDVUK,code,L,70002601,ST,2006-01-07T15:00,2006-01-07T15:20,URO,2022406920
QXZZDVUK,code,L,70002602,ST,2006-01-07T15:40,2006-01-07T17:10,LEH,2022406920
QXZZDVUK,code,L,70002603,ST,2006-01-07T17:50,2006-01-07T19:10,LYS,2022406920
QXZZDVUK,code,L,70002604,ST,2006-01-07T19:30,2006-01-07T20:35,URO,2022406920
JLFDYCLE,code,L,70005123,CP,2006-01-07T04:05,2006-01-07T07:20,TLS,2138821259
JLFDYCLE,code,L,70005124,CP,2006-01-07T08:25,2006-01-07T11:05,AMS,2138821259
FPEVLZEA,code,L,70005123,FO,2006-01-07T04:05,2006-01-07T07:20,TLS,2138821259
FPEVLZEA,code,L,70005124,FO,2006-01-07T08:25,2006-01-07T11:05,AMS,2138821259
JHLFSPLV,code,L,70005123,CSD,2006-01-07T04:05,2006-01-07T07:20,TLS,2138821259
JHLFSPLV,code,L,70005124,CSD,2006-01-07T08:25,2006-01-07T11:05,AMS,2138821259
RBDWXWLH,code,L,70005123,ST,2006-01-07T04:05,2006-01-07T07:20,TLS,2138821259
RBDWXWLH,code,L,70005124,ST,2006-01-07T08:25,2006-01-07T11:05,AMS,2138821259
SJUJANNG,code,L,70005123,ST,2006-01-07T04:05,2006-01-07T07:20,TLS,2138821259
SJUJANNG,code,L,70005124,ST,2006-01-07T08:25,2006-01-07T11:05,AMS,2138821259
CXUDPFNG,code,L,70005123,ST,2006-01-07T04:05,2006-01-07T07:20,TLS,2138821259
CXUDPFNG,code,L,70005124,ST,2006-01-07T08:25,2006-01-07T11:05,AMS,2138821259
ZRSEZANT,code,L,70004600,CP,2006-01-07T04:25,2006-01-07T06:45,BES,2125508764
ZRSEZANT,code,L,70004599,CP,2006-01-07T09:30,2006-01-07T11:30,CDG,2125508764
JWIRAKJA,code,L,70004600,FO,2006-01-07T04:25,2006-01-07T06:45,BES,2125508764
JWIRAKJA,code,L,70004599,FO,2006-01-07T09:30,2006-01-07T11:30,CDG,2125508764
NPZRCSOL,code,L,70004600,CSD,2006-01-07T04:25,2006-01-07T06:45,BES,2125508764
NPZRCSOL,code,L,70004599,CSD,2006-01-07T09:30,2006-01-07T11:30,CDG,2125508764
CEMWWBEC,code,L,70004600,CSD,2006-01-07T04:25,2006-01-07T06:45,BES,2125508764
CEMWWBEC,code,L,70004599,CSD,2006-01-07T09:30,2006-01-07T11:30,CDG,2125508764
LDIUMZZQ,code,L,70004600,ST,2006-01-07T04:25,2006-01-07T06:45,BES,2125508764
LDIUMZZQ,code,L,70004599,ST,2006-01-07T09:30,2006-01-07T11:30,CDG,2125508764
EDMBOTYT,code,L,70004600,ST,2006-01-07T04:25,2006-01-07T06:45,BES,2125508764
EDMBOTYT,code,L,70004599,ST,2006-01-07T09:30,2006-01-07T11:30,CDG,2125508764
QBROPPRY,code,L,70004600,ST,2006-01-07T04:25,2006-01-07T06:45,BES,2125508764
QBROPPRY,code,L,70004599,ST,2006-01-07T09:30,2006-01-07T11:30,CDG,2125508764
HIGKBOYE,code,L,70004600,ST,2006-01-07T04:25,2006-01-07T06:45,BES,2125508764
HIGKBOYE,code,L,70004599,ST,2006-01-07T09:30,2006-01-07T11:30,CDG,2125508764
GNSRPNWM,code,L,70004600,ST,2006-01-07T04:25,2006-01-07T06:45,BES,2125508764
GNSRPNWM,code,L,70004599,ST,2006-01-07T09:30,2006-01-07T11:30,CDG,2125508764
WYQKFYLG,code,L,70004600,ST,2006-01-07T04:25,2006-01-07T06:45,BES,2125508764
WYQKFYLG,code,L,70004599,ST,2006-01-07T09:30,2006-01-07T11:30,CDG,2125508764
GOYKIUPI,code,L,70002653,CP,2006-01-07T04:25,2006-01-07T06:55,BES,1501688522
GOYKIUPI,code,L,70002654,CP,2006-01-07T07:40,2006-01-07T09:15,LYS,1501688522
GOYKIUPI,code,L,70002657,CP,2006-01-07T10:05,2006-01-07T11:45,BES,1501688522
GOYKIUPI,code,L,70002658,CP,2006-01-07T12:25,2006-01-07T14:50,MRS,1501688522
OBZVEYGJ,code,L,70002653,FO,2006-01-07T04:25,2006-01-07T06:55,BES,1501688522
OBZVEYGJ,code,L,70002654,FO,2006-01-07T07:40,2006-01-07T09:15,LYS,1501688522
OBZVEYGJ,code,L,70002657,FO,2006-01-07T10:05,2006-01-07T11:45,BES,1501688522
OBZVEYGJ,code,L,70002658,FO,2006-01-07T12:25,2006-01-07T14:50,MRS,1501688522
RNILLMOY,code,L,70002653,CSD,2006-01-07T04:25,2006-01-07T06:55,BES,1501688522
RNILLMOY,code,L,70002654,CSD,2006-01-07T07:40,2006-01-07T09:15,LYS,1501688522
RNILLMOY,code,L,70002657,CSD,2006-01-07T10:05,2006-01-07T11:45,BES,1501688522
RNILLMOY,code,L,70002658,CSD,2006-01-07T12:25,2006-01-07T14:50,MRS,1501688522
CXREYZWE,code,L,70002653,ST,2006-01-07T04:25,2006-01-07T06:55,BES,1501688522
CXREYZWE,code,L,70002654,ST,2006-01-07T07:40,2006-01-07T09:15,LYS,1501688522
CXREYZWE,code,L,70002657,ST,2006-01-07T10:05,2006-01-07T11:45,BES,1501688522
CXREYZWE,code,L,70002658,ST,2006-01-07T12:25,2006-01-07T14:50,MRS,1501688522
LBUULZVB,code,L,70002653,ST,2006-01-07T04:25,2006-01-07T06:55,BES,1501688522
LBUULZVB,code,L,70002654,ST,2006-01-07T07:40,2006-01-07T09:15,LYS,1501688522
LBUULZVB,code,L,70002657,ST,2006-01-07T10:05,2006-01-07T11:45,BES,1501688522
LBUULZVB,code,L,70002658,ST,2006-01-07T12:25,2006-01-07T14:50,MRS,1501688522
NFGOUKWR,code,L,70002653,ST,2006-01-07T04:25,2006-01-07T06:55,BES,1501688522
NFGOUKWR,code,L,70002654,ST,2006-01-07T07:40,2006-01-07T09:15,LYS,1501688522
NFGOUKWR,code,L,70002657,ST,2006-01-07T10:05,2006-01-07T11:45,BES,1501688522
NFGOUKWR,code,L,70002658,ST,2006-01-07T12:25,2006-01-07T14:50,MRS,1501688522
IUEAUUKE,code,L,70002587,CP,2006-01-07T04:25,2006-01-07T06:35,CFR,48190158
IUEAUUKE,code,L,70002588,CP,2006-01-07T07:40,2006-01-07T09:40,LYS,48190158
MZUGHUJT,code,L,70002587,FO,2006-01-07T04:25,2006-01-07T06:35,CFR,48190158
MZUGHUJT,code,L,70002588,FO,2006-01-07T07:40,2006-01-07T09:40,LYS,48190158
AQIHVCTP,code,L,70002587,CSD,2006-01-07T04:25,2006-01-07T06:35,CFR,48190158
AQIHVCTP,code,L,70002588,CSD,2006-01-07T07:40,2006-01-07T09:40,LYS,48190158
RXGGPRGD,code,L,70002587,ST,2006-01-07T04:25,2006-01-07T06:35,CFR,48190158
RXGGPRGD,code,L,70002588,ST,2006-01-07T07:40,2006-01-07T09:40,LYS,48190158
ROXHTDIK,code,L,70002587,ST,2006-01-07T04:25,2006-01-07T06:35,CFR,48190158
ROXHTDIK,code,L,70002588,ST,2006-01-07T07:40,2006-01-07T09:40,LYS,48190158
TVUXJVPQ,code,L,70002587,ST,2006-01-07T04:25,2006-01-07T06:35,CFR,48190158
TVUXJVPQ,code,L,70002588,ST,2006-01-07T07:40,2006-01-07T09:40,LYS,48190158
HAWDBTVW,code,L,70004636,CP,2006-01-07T04:25,2006-01-07T06:55,PUF,2138614433
HAWDBTVW,code,L,70004639,CP,2006-01-07T07:30,2006-01-07T09:45,CDG,2138614433
ECAWXIKC,code,L,70004636,FO,2006-01-07T04:25,2006-01-07T06:55,PUF,2138614433
ECAWXIKC,code,L,70004639,FO,2006-01-07T07:30,2006-01-07T09:45,CDG,2138614433
NTBMOUGJ,code,L,70004636,CSD,2006-01-07T04:25,2006-01-07T06:55,PUF,2138614433
NTBMOUGJ,code,L,70004639,CSD,2006-01-07T07:30,2006-01-07T09:45,CDG,2138614433
KXZHPHMC,code,L,70004636,ST,2006-01-07T04:25,2006-01-07T06:55,PUF,2138614433
KXZHPHMC,code,L,70004639,ST,2006-01-07T07:30,2006-01-07T09:45,CDG,2138614433
GTARXYOQ,code,L,70004636,ST,2006-01-07T04:25,2006-01-07T06:55,PUF,2138614433
GTARXYOQ,code,L,70004639,ST,2006-01-07T07:30,2006-01-07T09:45,CDG,2138614433
EXUYTZKQ,code,L,70002583,CP,2006-01-07T04:25,2006-01-07T06:25,RNS,1816610767
EXUYTZKQ,code,L,70004543,CP,2006-01-07T10:25,2006-01-07T11:50,CDG,1816610767
EXUYTZKQ,code,L,70004546,CP,2006-01-07T12:40,2006-01-07T14:10,MPL,1816610767
EXUYTZKQ,code,L,70002586,CP,2006-01-07T19:00,2006-01-07T20:40,CDG,1816610767
DWJKLJPY,code,L,70002583,FO,2006-01-07T04:25,2006-01-07T06:25,RNS,1816610767
DWJKLJPY,code,L,70004543,FO,2006-01-07T10:25,2006-01-07T11:50,CDG,1816610767
DWJKLJPY,code,L,70004546,FO,2006-01-07T12:40,2006-01-07T14:10,MPL,1816610767
DWJKLJPY,code,L,70002586,FO,2006-01-07T19:00,2006-01-07T20:40,CDG,1816610767
JYIBQNAZ,code,L,70002583,CSD,2006-01-07T04:25,2006-01-07T06:25,RNS,1816610767
JYIBQNAZ,code,L,70004543,CSD,2006-01-07T10:25,2006-01-07T11:50,CDG,1816610767
JYIBQNAZ,code,L,70004546,CSD,2006-01-07T12:40,2006-01-07T14:10,MPL,1816610767
JYIBQNAZ,code,L,70002586,CSD,2006-01-07T19:00,2006-01-07T20:40,CDG,1816610767
VSPEFQDE,code,L,70002583,ST,2006-01-07T04:25,2006-01-07T06:25,RNS,1816610767
VSPEFQDE,code,L,70004543,ST,2006-01-07T10:25,2006-01-07T11:50,CDG,1816610767
VSPEFQDE,code,L,70004546,ST,2006-01-07T12:40,2006-01-07T14:10,MPL,1816610767
VSPEFQDE,code,L,70002586,ST,2006-01-07T19:00,2006-01-07T20:40,CDG,1816610767
PWDLUGSM,code,L,70002583,ST,2006-01-07T04:25,2006-01-07T06:25,RNS,1816610767
PWDLUGSM,code,L,70004543,ST,2006-01-07T10:25,2006-01-07T11:50,CDG,1816610767
PWDLUGSM,code,L,70004546,ST,2006-01-07T12:40,2006-01-07T14:10,MPL,1816610767
PWDLUGSM,code,L,70002586,ST,2006-01-07T19:00,2006-01-07T20:40,CDG,1816610767
TUEAUEJA,code,L,70004194,CP,2006-01-07T04:30,2006-01-07T06:40,MLH,1709706839
TUEAUEJA,code,L,70004195,CP,2006-01-07T08:15,2006-01-07T10:00,ORY,1709706839
CFKZGFSH,code,L,70004194,FO,2006-01-07T04:30,2006-01-07T06:40,MLH,1709706839
CFKZGFSH,code,L,70004195,FO,2006-01-07T08:15,2006-01-07T10:00,ORY,1709706839
ENMNDNCH,code,L,70004194,CSD,2006-01-07T04:30,2006-01-07T06:40,MLH,1709706839
ENMNDNCH,code,L,70004195,CSD,2006-01-07T08:15,2006-01-07T10:00,ORY,1709706839
VZRPGXSV,code,L,70004194,CSD,2006-01-07T04:30,2006-01-07T06:40,MLH,1709706839
VZRPGXSV,code,L,70004195,CSD,2006-01-07T08:15,2006-01-07T10:00,ORY,1709706839
GUXKHTUH,code,L,70004194,ST,2006-01-07T04:30,2006-01-07T06:40,MLH,1709706839
GUXKHTUH,code,L,70004195,ST,2006-01-07T08:15,2006-01-07T10:00,ORY,1709706839
JNPOSWEU,code,L,70004194,ST,2006-01-07T04:30,2006-01-07T06:40,MLH,1709706839
JNPOSWEU,code,L,70004195,ST,2006-01-07T08:15,2006-01-07T10:00,ORY,1709706839
DVLJCIZN,code,L,70004194,ST,2006-01-07T04:30,2006-01-07T06:40,MLH,1709706839
DVLJCIZN,code,L,70004195,ST,2006-01-07T08:15,2006-01-07T10:00,ORY,1709706839
UDSDMAPW,code,L,70004194,ST,2006-01-07T04:30,2006-01-07T06:40,MLH,1709706839
UDSDMAPW,code,L,70004195,ST,2006-01-07T08:15,2006-01-07T10:00,ORY,1709706839
BJOQRTTK,code,L,70004194,ST,2006-01-07T04:30,2006-01-07T06:40,MLH,1709706839
BJOQRTTK,code,L,70004195,ST,2006-01-07T08:15,2006-01-07T10:00,ORY,1709706839
CMWZMJHN,code,L,70004194,ST,2006-01-07T04:30,2006-01-07T06:40,MLH,1709706839
CMWZMJHN,code,L,70004195,ST,2006-01-07T08:15,2006-01-07T10:00,ORY,1709706839
OBFPGHHO,code,L,70002866,CP,2006-01-07T04:30,2006-01-07T06:50,MRS,830807798
OBFPGHHO,code,L,70002873,CP,2006-01-07T07:35,2006-01-07T09:35,ORY,830807798
YFVSTBVE,code,L,70002866,FO,2006-01-07T04:30,2006-01-07T06:50,MRS,830807798
YFVSTBVE,code,L,70002873,FO,2006-01-07T07:35,2006-01-07T09:35,ORY,830807798
OKUAMKHF,code,L,70002866,CSD,2006-01-07T04:30,2006-01-07T06:50,MRS,830807798
OKUAMKHF,code,L,70002873,CSD,2006-01-07T07:35,2006-01-07T09:35,ORY,830807798
CBZFWUWO,code,L,70002866,CSD,2006-01-07T04:30,2006-01-07T06:50,MRS,830807798
CBZFWUWO,code,L,70002873,CSD,2006-01-07T07:35,2006-01-07T09:35,ORY,830807798
REHRLHUD,code,L,70002866,ST,2006-01-07T04:30,2006-01-07T06:50,MRS,830807798
REHRLHUD,code,L,70002873,ST,2006-01-07T07:35,2006-01-07T09:35,ORY,830807798
CITOGLVU,code,L,70002866,ST,2006-01-07T04:30,2006-01-07T06:50,MRS,830807798
CITOGLVU,code,L,70002873,ST,2006-01-07T07:35,2006-01-07T09:35,ORY,830807798
XNTCXOJV,code,L,70002866,ST,2006-01-07T04:30,2006-01-07T06:50,MRS,830807798
XNTCXOJV,code,L,70002873,ST,2006-01-07T07:35,2006-01-07T09:35,ORY,830807798
QHXOKTOG,code,L,70002866,ST,2006-01-07T04:30,2006-01-07T06:50,MRS,830807798
QHXOKTOG,code,L,70002873,ST,2006-01-07T07:35,2006-01-07T09:35,ORY,830807798
ZLUWCUYO,code,L,70002866,ST,2006-01-07T04:30,2006-01-07T06:50,MRS,830807798
ZLUWCUYO,code,L,70002873,ST,2006-01-07T07:35,2006-01-07T09:35,ORY,830807798
IGNYBOUK,code,L,70002866,ST,2006-01-07T04:30,2006-01-07T06:50,MRS,830807798
IGNYBOUK,code,L,70002873,ST,2006-01-07T07:35,2006-01-07T09:35,ORY,830807798
TOVWXEIR,code,L,70002573,CP,2006-01-07T04:30,2006-01-07T06:35,LIG,791771284
TOVWXEIR,code,L,70002574,CP,2006-01-07T08:00,2006-01-07T09:00,ORY,791771284
TOVWXEIR,code,L,70002581,CP,2006-01-07T10:05,2006-01-07T11:20,LIG,791771284
TOVWXEIR,code,L,70002582,CP,2006-01-07T12:30,2006-01-07T14:30,CDG,791771284
DPGECONJ,code,L,70002573,FO,2006-01-07T04:30,2006-01-07T06:35,LIG,791771284
DPGECONJ,code,L,70002574,FO,2006-01-07T08:00,2006-01-07T09:00,ORY,791771284
DPGECONJ,code,L,70002581,FO,2006-01-07T10:05,2006-01-07T11:20,LIG,791771284
DPGECONJ,code,L,70002582,FO,2006-01-07T12:30,2006-01-07T14:30,CDG,791771284
NGPXLYIT,code,L,70002573,CS,2006-01-07T04:30,2006-01-07T06:35,LIG,791771284
NGPXLYIT,code,L,70002574,CS,2006-01-07T08:00,2006-01-07T09:00,ORY,791771284
NGPXLYIT,code,L,70002581,CS,2006-01-07T10:05,2006-01-07T11:20,LIG,791771284
NGPXLYIT,code,L,70002582,CS,2006-01-07T12:30,2006-01-07T14:30,CDG,791771284
YARWGSLZ,code,L,70002573,ST,2006-01-07T04:30,2006-01-07T06:35,LIG,791771284
YARWGSLZ,code,L,70002574,ST,2006-01-07T08:00,2006-01-07T09:00,ORY,791771284
YARWGSLZ,code,L,70002581,ST,2006-01-07T10:05,2006-01-07T11:20,LIG,791771284
YARWGSLZ,code,L,70002582,ST,2006-01-07T12:30,2006-01-07T14:30,CDG,791771284
UAHSUYQL,code,L,70002573,ST,2006-01-07T04:30,2006-01-07T06:35,LIG,791771284
UAHSUYQL,code,L,70002574,ST,2006-01-07T08:00,2006-01-07T09:00,ORY,791771284
UAHSUYQL,code,L,70002581,ST,2006-01-07T10:05,2006-01-07T11:20,LIG,791771284
UAHSUYQL,code,L,70002582,ST,2006-01-07T12:30,2006-01-07T14:30,CDG,791771284
CXDKISOP,code,L,70002613,CP,2006-01-07T04:30,2006-01-07T06:45,RNS,2113437503
CXDKISOP,code,L,70002614,CP,2006-01-07T07:45,2006-01-07T09:50,LYS,2113437503
INOLWANX,code,L,70002613,FO,2006-01-07T04:30,2006-01-07T06:45,RNS,2113437503
INOLWANX,code,L,70002614,FO,2006-01-07T07:45,2006-01-07T09:50,LYS,2113437503
RZFHCONF,code,L,70002613,CSD,2006-01-07T04:30,2006-01-07T06:45,RNS,2113437503
RZFHCONF,code,L,70002614,CSD,2006-01-07T07:45,2006-01-07T09:50,LYS,2113437503
HFGNATVM,code,L,70002613,ST,2006-01-07T04:30,2006-01-07T06:45,RNS,2113437503
HFGNATVM,code,L,70002614,ST,2006-01-07T07:45,2006-01-07T09:50,LYS,2113437503
DVUYHWXV,code,L,70002613,ST,2006-01-07T04:30,2006-01-07T06:45,RNS,2113437503
DVUYHWXV,code,L,70002614,ST,2006-01-07T07:45,2006-01-07T09:50,LYS,2113437503
FPIOHIFZ,code,L,70002613,ST,2006-01-07T04:30,2006-01-07T06:45,RNS,2113437503
FPIOHIFZ,code,L,70002614,ST,2006-01-07T07:45,2006-01-07T09:50,LYS,2113437503
OUTRJYOD,code,L,70004334,CP,2006-01-07T04:30,2006-01-07T06:45,AVN,1162073078
OUTRJYOD,code,L,70004333,CP,2006-01-07T08:15,2006-01-07T09:30,ORY,1162073078
OUTRJYOD,code,L,70004336,CP,2006-01-07T10:05,2006-01-07T11:20,AVN,1162073078
OUTRJYOD,code,L,70004337,CP,2006-01-07T12:20,2006-01-07T14:20,ORY,1162073078
YTCGRYOQ,code,L,70004334,FO,2006-01-07T04:30,2006-01-07T06:45,AVN,1162073078
YTCGRYOQ,code,L,70004333,FO,2006-01-07T08:15,2006-01-07T09:30,ORY,1162073078
YTCGRYOQ,code,L,70004336,FO,2006-01-07T10:05,2006-01-07T11:20,AVN,1162073078
YTCGRYOQ,code,L,70004337,FO,2006-01-07T12:20,2006-01-07T14:20,ORY,1162073078
NEPPLOIT,code,L,70004334,CSD,2006-01-07T04:30,2006-01-07T06:45,AVN,1162073078
NEPPLOIT,code,L,70004333,CSD,2006-01-07T08:15,2006-01-07T09:30,ORY,1162073078
NEPPLOIT,code,L,70004336,CSD,2006-01-07T10:05,2006-01-07T11:20,AVN,1162073078
NEPPLOIT,code,L,70004337,CSD,2006-01-07T12:20,2006-01-07T14:20,ORY,1162073078
GCVYZEWA,code,L,70004334,ST,2006-01-07T04:30,2006-01-07T06:45,AVN,1162073078
GCVYZEWA,code,L,70004333,ST,2006-01-07T08:15,2006-01-07T09:30,ORY,1162073078
GCVYZEWA,code,L,70004336,ST,2006-01-07T10:05,2006-01-07T11:20,AVN,1162073078
GCVYZEWA,code,L,70004337,ST,2006-01-07T12:20,2006-01-07T14:20,ORY,1162073078
HJHMSKYU,code,L,70004334,ST,2006-01-07T04:30,2006-01-07T06:45,AVN,1162073078
HJHMSKYU,code,L,70004333,ST,2006-01-07T08:15,2006-01-07T09:30,ORY,1162073078
HJHMSKYU,code,L,70004336,ST,2006-01-07T10:05,2006-01-07T11:20,AVN,1162073078
HJHMSKYU,code,L,70004337,ST,2006-01-07T12:20,2006-01-07T14:20,ORY,1162073078
FOBTQOFI,code,L,70004334,ST,2006-01-07T04:30,2006-01-07T06:45,AVN,1162073078
FOBTQOFI,code,L,70004333,ST,2006-01-07T08:15,2006-01-07T09:30,ORY,1162073078
FOBTQOFI,code,L,70004336,ST,2006-01-07T10:05,2006-01-07T11:20,AVN,1162073078
FOBTQOFI,code,L,70004337,ST,2006-01-07T12:20,2006-01-07T14:20,ORY,1162073078
QYREVEAB,code,L,70002593,CP,2006-01-07T04:35,2006-01-07T06:35,LIG,1379662799
QYREVEAB,code,L,70004504,CP,2006-01-07T10:00,2006-01-07T11:10,LYS,1379662799
QYREVEAB,code,L,70004507,CP,2006-01-07T12:15,2006-01-07T13:25,CDG,1379662799
QYREVEAB,code,L,70004508,CP,2006-01-07T16:00,2006-01-07T17:10,LYS,1379662799
QYREVEAB,code,L,70004511,CP,2006-01-07T17:55,2006-01-07T19:05,CDG,1379662799
QYREVEAB,code,L,70004512,CP,2006-01-07T19:55,2006-01-07T21:40,LYS,1379662799
CMIBPDGW,code,L,70002593,FO,2006-01-07T04:35,2006-01-07T06:35,LIG,1379662799
CMIBPDGW,code,L,70004504,FO,2006-01-07T10:00,2006-01-07T11:10,LYS,1379662799
CMIBPDGW,code,L,70004507,FO,2006-01-07T12:15,2006-01-07T13:25,CDG,1379662799
CMIBPDGW,code,L,70004508,FO,2006-01-07T16:00,2006-01-07T17:10,LYS,1379662799
CMIBPDGW,code,L,70004511,FO,2006-01-07T17:55,2006-01-07T19:05,CDG,1379662799
CMIBPDGW,code,L,70004512,FO,2006-01-07T19:55,2006-01-07T21:40,LYS,1379662799
OETQUATA,code,L,70002593,CSD,2006-01-07T04:35,2006-01-07T06:35,LIG,1379662799
OETQUATA,code,L,70004504,CSD,2006-01-07T10:00,2006-01-07T11:10,LYS,1379662799
OETQUATA,code,L,70004507,CSD,2006-01-07T12:15,2006-01-07T13:25,CDG,1379662799
OETQUATA,code,L,70004508,CSD,2006-01-07T16:00,2006-01-07T17:10,LYS,1379662799
OETQUATA,code,L,70004511,CSD,2006-01-07T17:55,2006-01-07T19:05,CDG,1379662799
OETQUATA,code,L,70004512,CSD,2006-01-07T19:55,2006-01-07T21:40,LYS,1379662799
CXGACPYW,code,L,70002593,CSD,2006-01-07T04:35,2006-01-07T06:35,LIG,1379662799
CXGACPYW,code,L,70004504,CSD,2006-01-07T10:00,2006-01-07T11:10,LYS,1379662799
CXGACPYW,code,L,70004507,CSD,2006-01-07T12:15,2006-01-07T13:25,CDG,1379662799
CXGACPYW,code,L,70004508,CSD,2006-01-07T16:00,2006-01-07T17:10,LYS,1379662799
CXGACPYW,code,L,70004511,CSD,2006-01-07T17:55,2006-01-07T19:05,CDG,1379662799
CXGACPYW,code,L,70004512,CSD,2006-01-07T19:55,2006-01-07T21:40,LYS,1379662799
WCDEJESN,code,L,70002593,ST,2006-01-07T04:35,2006-01-07T06:35,LIG,1379662799
WCDEJESN,code,L,70004504,ST,2006-01-07T10:00,2006-01-07T11:10,LYS,1379662799
WCDEJESN,code,L,70004507,ST,2006-01-07T12:15,2006-01-07T13:25,CDG,1379662799
WCDEJESN,code,L,70004508,ST,2006-01-07T16:00,2006-01-07T17:10,LYS,1379662799
WCDEJESN,code,L,70004511,ST,2006-01-07T17:55,2006-01-07T19:05,CDG,1379662799
WCDEJESN,code,L,70004512,ST,2006-01-07T19:55,2006-01-07T21:40,LYS,1379662799
PTCLKXLS,code,L,70002593,ST,2006-01-07T04:35,2006-01-07T06:35,LIG,1379662799
PTCLKXLS,code,L,70004504,ST,2006-01-07T10:00,2006-01-07T11:10,LYS,1379662799
PTCLKXLS,code,L,70004507,ST,2006-01-07T12:15,2006-01-07T13:25,CDG,1379662799
PTCLKXLS,code,L,70004508,ST,2006-01-07T16:00,2006-01-07T17:10,LYS,1379662799
PTCLKXLS,code,L,70004511,ST,2006-01-07T17:55,2006-01-07T19:05,CDG,1379662799
PTCLKXLS,code,L,70004512,ST,2006-01-07T19:55,2006-01-07T21:40,LYS,1379662799
QCCAGRVT,code,L,70002593,ST,2006-01-07T04:35,2006-01-07T06:35,LIG,1379662799
QCCAGRVT,code,L,70004504,ST,2006-01-07T10:00,2006-01-07T11:10,LYS,1379662799
QCCAGRVT,code,L,70004507,ST,2006-01-07T12:15,2006-01-07T13:25,CDG,1379662799
QCCAGRVT,code,L,70004508,ST,2006-01-07T16:00,2006-01-07T17:10,LYS,1379662799
QCCAGRVT,code,L,70004511,ST,2006-01-07T17:55,2006-01-07T19:05,CDG,1379662799
QCCAGRVT,code,L,70004512,ST,2006-01-07T19:55,2006-01-07T21:40,LYS,1379662799
YQFCBOVU,code,L,70002593,ST,2006-01-07T04:35,2006-01-07T06:35,LIG,1379662799
YQFCBOVU,code,L,70004504,ST,2006-01-07T10:00,2006-01-07T11:10,LYS,1379662799
YQFCBOVU,code,L,70004507,ST,2006-01-07T12:15,2006-01-07T13:25,CDG,1379662799
YQFCBOVU,code,L,70004508,ST,2006-01-07T16:00,2006-01-07T17:10,LYS,1379662799
YQFCBOVU,code,L,70004511,ST,2006-01-07T17:55,2006-01-07T19:05,CDG,1379662799
YQFCBOVU,code,L,70004512,ST,2006-01-07T19:55,2006-01-07T21:40,LYS,1379662799
HPUWUTKX,code,L,70002593,ST,2006-01-07T04:35,2006-01-07T06:35,LIG,1379662799
HPUWUTKX,code,L,70004504,ST,2006-01-07T10:00,2006-01-07T11:10,LYS,1379662799
HPUWUTKX,code,L,70004507,ST,2006-01-07T12:15,2006-01-07T13:25,CDG,1379662799
HPUWUTKX,code,L,70004508,ST,2006-01-07T16:00,2006-01-07T17:10,LYS,1379662799
HPUWUTKX,code,L,70004511,ST,2006-01-07T17:55,2006-01-07T19:05,CDG,1379662799
HPUWUTKX,code,L,70004512,ST,2006-01-07T19:55,2006-01-07T21:40,LYS,1379662799
ZGUGOUGA,code,L,70002593,ST,2006-01-07T04:35,2006-01-07T06:35,LIG,1379662799
ZGUGOUGA,code,L,70004504,ST,2006-01-07T10:00,2006-01-07T11:10,LYS,1379662799
ZGUGOUGA,code,L,70004507,ST,2006-01-07T12:15,2006-01-07T13:25,CDG,1379662799
ZGUGOUGA,code,L,70004508,ST,2006-01-07T16:00,2006-01-07T17:10,LYS,1379662799
ZGUGOUGA,code,L,70004511,ST,2006-01-07T17:55,2006-01-07T19:05,CDG,1379662799
ZGUGOUGA,code,L,70004512,ST,2006-01-07T19:55,2006-01-07T21:40,LYS,1379662799
LBSYIWCL,code,L,70004684,CP,2006-01-07T04:35,2006-01-07T06:35,MRS,1104652174
LBSYIWCL,code,L,70004685,CP,2006-01-07T07:30,2006-01-07T09:15,LYS,1104652174
YMZOTMWE,code,L,70004684,FO,2006-01-07T04:35,2006-01-07T06:35,MRS,1104652174
YMZOTMWE,code,L,70004685,FO,2006-01-07T07:30,2006-01-07T09:15,LYS,1104652174
SVXLFKZS,code,L,70004684,CSD,2006-01-07T04:35,2006-01-07T06:35,MRS,1104652174
SVXLFKZS,code,L,70004685,CSD,2006-01-07T07:30,2006-01-07T09:15,LYS,1104652174
VMVUGPFK,code,L,70004684,CSD,2006-01-07T04:35,2006-01-07T06:35,MRS,1104652174
VMVUGPFK,code,L,70004685,CSD,2006-01-07T07:30,2006-01-07T09:15,LYS,1104652174
DFVQBHDN,code,L,70004684,ST,2006-01-07T04:35,2006-01-07T06:35,MRS,1104652174
DFVQBHDN,code,L,70004685,ST,2006-01-07T07:30,2006-01-07T09:15,LYS,1104652174
ICVQQWMK,code,L,70004684,ST,2006-01-07T04:35,2006-01-07T06:35,MRS,1104652174
ICVQQWMK,code,L,70004685,ST,2006-01-07T07:30,2006-01-07T09:15,LYS,1104652174
OJYOYJJZ,code,L,70004684,ST,2006-01-07T04:35,2006-01-07T06:35,MRS,1104652174
OJYOYJJZ,code,L,70004685,ST,2006-01-07T07:30,2006-01-07T09:15,LYS,1104652174
KQVXGYNB,code,L,70004684,ST,2006-01-07T04:35,2006-01-07T06:35,MRS,1104652174
KQVXGYNB,code,L,70004685,ST,2006-01-07T07:30,2006-01-07T09:15,LYS,1104652174
LNXMSJWU,code,L,70004684,ST,2006-01-07T04:35,2006-01-07T06:35,MRS,1104652174
LNXMSJWU,code,L,70004685,ST,2006-01-07T07:30,2006-01-07T09:15,LYS,1104652174
RDEIJKKY,code,L,70004684,ST,2006-01-07T04:35,2006-01-07T06:35,MRS,1104652174
RDEIJKKY,code,L,70004685,ST,2006-01-07T07:30,2006-01-07T09:15,LYS,1104652174
VXGDOUTC,code,L,70004224,CP,2006-01-07T04:35,2006-01-07T06:50,BES,932725007
VXGDOUTC,code,L,70004225,CP,2006-01-07T08:10,2006-01-07T10:05,ORY,932725007
DLKJMIFJ,code,L,70004224,FO,2006-01-07T04:35,2006-01-07T06:50,BES,932725007
DLKJMIFJ,code,L,70004225,FO,2006-01-07T08:10,2006-01-07T10:05,ORY,932725007
EBDXICXA,code,L,70004224,CSD,2006-01-07T04:35,2006-01-07T06:50,BES,932725007
EBDXICXA,code,L,70004225,CSD,2006-01-07T08:10,2006-01-07T10:05,ORY,932725007
WXWMHTCU,code,L,70004224,CSD,2006-01-07T04:35,2006-01-07T06:50,BES,932725007
WXWMHTCU,code,L,70004225,CSD,2006-01-07T08:10,2006-01-07T10:05,ORY,932725007
RCARPEBR,code,L,70004224,ST,2006-01-07T04:35,2006-01-07T06:50,BES,932725007
RCARPEBR,code,L,70004225,ST,2006-01-07T08:10,2006-01-07T10:05,ORY,932725007
AQMOQPZT,code,L,70004224,ST,2006-01-07T04:35,2006-01-07T06:50,BES,932725007
AQMOQPZT,code,L,70004225,ST,2006-01-07T08:10,2006-01-07T10:05,ORY,932725007
ATEROGDX,code,L,70004224,ST,2006-01-07T04:35,2006-01-07T06:50,BES,932725007
ATEROGDX,code,L,70004225,ST,2006-01-07T08:10,2006-01-07T10:05,ORY,932725007
CBXHLDSK,code,L,70004224,ST,2006-01-07T04:35,2006-01-07T06:50,BES,932725007
CBXHLDSK,code,L,70004225,ST,2006-01-07T08:10,2006-01-07T10:05,ORY,932725007
CSOLYKJM,code,L,70004224,ST,2006-01-07T04:35,2006-01-07T06:50,BES,932725007
CSOLYKJM,code,L,70004225,ST,2006-01-07T08:10,2006-01-07T10:05,ORY,932725007
NLKWUFCP,code,L,70004224,ST,2006-01-07T04:35,2006-01-07T06:50,BES,932725007
NLKWUFCP,code,L,70004225,ST,2006-01-07T08:10,2006-01-07T10:05,ORY,932725007
YJDUPLMC,code,L,70004584,CP,2006-01-07T04:35,2006-01-07T06:40,NTE,1485403625
YJDUPLMC,code,L,70004583,CP,2006-01-07T08:05,2006-01-07T09:55,CDG,1485403625
AHWUZPZA,code,L,70004584,FO,2006-01-07T04:35,2006-01-07T06:40,NTE,1485403625
AHWUZPZA,code,L,70004583,FO,2006-01-07T08:05,2006-01-07T09:55,CDG,1485403625
AVPHWJOU,code,L,70004584,CSD,2006-01-07T04:35,2006-01-07T06:40,NTE,1485403625
AVPHWJOU,code,L,70004583,CSD,2006-01-07T08:05,2006-01-07T09:55,CDG,1485403625
PBEBTWRJ,code,L,70004584,CSD,2006-01-07T04:35,2006-01-07T06:40,NTE,1485403625
PBEBTWRJ,code,L,70004583,CSD,2006-01-07T08:05,2006-01-07T09:55,CDG,1485403625
DGXDCLUP,code,L,70004584,ST,2006-01-07T04:35,2006-01-07T06:40,NTE,1485403625
DGXDCLUP,code,L,70004583,ST,2006-01-07T08:05,2006-01-07T09:55,CDG,1485403625
KDVFURGU,code,L,70004584,ST,2006-01-07T04:35,2006-01-07T06:40,NTE,1485403625
KDVFURGU,code,L,70004583,ST,2006-01-07T08:05,2006-01-07T09:55,CDG,1485403625
QOTNYJSY,code,L,70004584,ST,2006-01-07T04:35,2006-01-07T06:40,NTE,1485403625
QOTNYJSY,code,L,70004583,ST,2006-01-07T08:05,2006-01-07T09:55,CDG,1485403625
LEGPRJRZ,code,L,70004584,ST,2006-01-07T04:35,2006-01-07T06:40,NTE,1485403625
LEGPRJRZ,code,L,70004583,ST,2006-01-07T08:05,2006-01-07T09:55,CDG,1485403625
AVMPEDWQ,code,L,70004584,ST,2006-01-07T04:35,2006-01-07T06:40,NTE,1485403625
AVMPEDWQ,code,L,70004583,ST,2006-01-07T08:05,2006-01-07T09:55,CDG,1485403625
LRIDICPR,code,L,70004584,ST,2006-01-07T04:35,2006-01-07T06:40,NTE,1485403625
LRIDICPR,code,L,70004583,ST,2006-01-07T08:05,2006-01-07T09:55,CDG,1485403625
BGMETTCT,code,L,70004522,CP,2006-01-07T04:35,2006-01-07T06:40,CFE,346378500
BGMETTCT,code,L,70004517,CP,2006-01-07T07:15,2006-01-07T09:00,CDG,346378500
FPIHKIAA,code,L,70004522,FO,2006-01-07T04:35,2006-01-07T06:40,CFE,346378500
FPIHKIAA,code,L,70004517,FO,2006-01-07T07:15,2006-01-07T09:00,CDG,346378500
DZFNLNNR,code,L,70004522,CSD,2006-01-07T04:35,2006-01-07T06:40,CFE,346378500
DZFNLNNR,code,L,70004517,CSD,2006-01-07T07:15,2006-01-07T09:00,CDG,346378500
BDFPGRTE,code,L,70004522,ST,2006-01-07T04:35,2006-01-07T06:40,CFE,346378500
BDFPGRTE,code,L,70004517,ST,2006-01-07T07:15,2006-01-07T09:00,CDG,346378500
JPKPFVTG,code,L,70004522,ST,2006-01-07T04:35,2006-01-07T06:40,CFE,346378500
JPKPFVTG,code,L,70004517,ST,2006-01-07T07:15,2006-01-07T09:00,CDG,346378500
YLPATCUU,code,L,70004522,ST,2006-01-07T04:35,2006-01-07T06:40,CFE,346378500
YLPATCUU,code,L,70004517,ST,2006-01-07T07:15,2006-01-07T09:00,CDG,346378500
TGCPCPMF,code,L,70004296,CP,2006-01-07T04:40,2006-01-07T06:35,CFE,534011718
TGCPCPMF,code,L,70004295,CP,2006-01-07T08:10,2006-01-07T09:50,ORY,534011718
CGRIMSUS,code,L,70004296,FO,2006-01-07T04:40,2006-01-07T06:35,CFE,534011718
CGRIMSUS,code,L,70004295,FO,2006-01-07T08:10,2006-01-07T09:50,ORY,534011718
LBGFPDOQ,code,L,70004296,CSD,2006-01-07T04:40,2006-01-07T06:35,CFE,534011718
LBGFPDOQ,code,L,70004295,CSD,2006-01-07T08:10,2006-01-07T09:50,ORY,534011718
DYCTLUAF,code,L,70004296,CSD,2006-01-07T04:40,2006-01-07T06:35,CFE,534011718
DYCTLUAF,code,L,70004295,CSD,2006-01-07T08:10,2006-01-07T09:50,ORY,534011718
SNHGCDSA,code,L,70004296,ST,2006-01-07T04:40,2006-01-07T06:35,CFE,534011718
SNHGCDSA,code,L,70004295,ST,2006-01-07T08:10,2006-01-07T09:50,ORY,534011718
LNXVJRWY,code,L,70004296,ST,2006-01-07T04:40,2006-01-07T06:35,CFE,534011718
LNXVJRWY,code,L,70004295,ST,2006-01-07T08:10,2006-01-07T09:50,ORY,534011718
ZXXLMBWL,code,L,70004296,ST,2006-01-07T04:40,2006-01-07T06:35,CFE,534011718
ZXXLMBWL,code,L,70004295,ST,2006-01-07T08:10,2006-01-07T09:50,ORY,534011718
PQEKHLOB,code,L,70004296,ST,2006-01-07T04:40,2006-01-07T06:35,CFE,534011718
PQEKHLOB,code,L,70004295,ST,2006-01-07T08:10,2006-01-07T09:50,ORY,534011718
QBHSEAXG,code,L,70004296,ST,2006-01-07T04:40,2006-01-07T06:35,CFE,534011718
QBHSEAXG,code,L,70004295,ST,2006-01-07T08:10,2006-01-07T09:50,ORY,534011718
QSRHGLBC,code,L,70004296,ST,2006-01-07T04:40,2006-01-07T06:35,CFE,534011718
QSRHGLBC,code,L,70004295,ST,2006-01-07T08:10,2006-01-07T09:50,ORY,534011718
NUDWNRJE,code,L,70004314,CP,2006-01-07T04:40,2006-01-07T07:00,PUF,1406361028
NUDWNRJE,code,L,70004315,CP,2006-01-07T08:00,2006-01-07T10:00,ORY,1406361028
MMJLLVQY,code,L,70004314,FO,2006-01-07T04:40,2006-01-07T07:00,PUF,1406361028
MMJLLVQY,code,L,70004315,FO,2006-01-07T08:00,2006-01-07T10:00,ORY,1406361028
TCJBLAPV,code,L,70004314,CSD,2006-01-07T04:40,2006-01-07T07:00,PUF,1406361028
TCJBLAPV,code,L,70004315,CSD,2006-01-07T08:00,2006-01-07T10:00,ORY,1406361028
CFEGQXPL,code,L,70004314,CSD,2006-01-07T04:40,2006-01-07T07:00,PUF,1406361028
CFEGQXPL,code,L,70004315,CSD,2006-01-07T08:00,2006-01-07T10:00,ORY,1406361028
VWBUKBBU,code,L,70004314,ST,2006-01-07T04:40,2006-01-07T07:00,PUF,1406361028
VWBUKBBU,code,L,70004315,ST,2006-01-07T08:00,2006-01-07T10:00,ORY,1406361028
QBCBAJKP,code,L,70004314,ST,2006-01-07T04:40,2006-01-07T07:00,PUF,1406361028
QBCBAJKP,code,L,70004315,ST,2006-01-07T08:00,2006-01-07T10:00,ORY,1406361028
HFRTDFZO,code,L,70004314,ST,2006-01-07T04:40,2006-01-07T07:00,PUF,1406361028
HFRTDFZO,code,L,70004315,ST,2006-01-07T08:00,2006-01-07T10:00,ORY,1406361028
BHVZQTMQ,code,L,70004314,ST,2006-01-07T04:40,2006-01-07T07:00,PUF,1406361028
BHVZQTMQ,code,L,70004315,ST,2006-01-07T08:00,2006-01-07T10:00,ORY,1406361028
YAKHPCCJ,code,L,70004314,ST,2006-01-07T04:40,2006-01-07T07:00,PUF,1406361028
YAKHPCCJ,code,L,70004315,ST,2006-01-07T08:00,2006-01-07T10:00,ORY,1406361028
FXRBIUKT,code,L,70004314,ST,2006-01-07T04:40,2006-01-07T07:00,PUF,1406361028
FXRBIUKT,code,L,70004315,ST,2006-01-07T08:00,2006-01-07T10:00,ORY,1406361028
WSALPHAU,code,L,70004404,CP,2006-01-07T04:40,2006-01-07T07:05,MPL,1321446349
WSALPHAU,code,L,70004405,CP,2006-01-07T07:45,2006-01-07T09:45,ORY,1321446349
EAZGNCWY,code,L,70004404,FO,2006-01-07T04:40,2006-01-07T07:05,MPL,1321446349
EAZGNCWY,code,L,70004405,FO,2006-01-07T07:45,2006-01-07T09:45,ORY,1321446349
QARTZLCM,code,L,70004404,CSD,2006-01-07T04:40,2006-01-07T07:05,MPL,1321446349
QARTZLCM,code,L,70004405,CSD,2006-01-07T07:45,2006-01-07T09:45,ORY,1321446349
ZSOJYTWK,code,L,70004404,CSD,2006-01-07T04:40,2006-01-07T07:05,MPL,1321446349
ZSOJYTWK,code,L,70004405,CSD,2006-01-07T07:45,2006-01-07T09:45,ORY,1321446349
QHIZDVRZ,code,L,70004404,ST,2006-01-07T04:40,2006-01-07T07:05,MPL,1321446349
QHIZDVRZ,code,L,70004405,ST,2006-01-07T07:45,2006-01-07T09:45,ORY,1321446349
BIAYVBDK,code,L,70004404,ST,2006-01-07T04:40,2006-01-07T07:05,MPL,1321446349
BIAYVBDK,code,L,70004405,ST,2006-01-07T07:45,2006-01-07T09:45,ORY,1321446349
CBHVMBQZ,code,L,70004404,ST,2006-01-07T04:40,2006-01-07T07:05,MPL,1321446349
CBHVMBQZ,code,L,70004405,ST,2006-01-07T07:45,2006-01-07T09:45,ORY,1321446349
IPAWPIIN,code,L,70004404,ST,2006-01-07T04:40,2006-01-07T07:05,MPL,1321446349
IPAWPIIN,code,L,70004405,ST,2006-01-07T07:45,2006-01-07T09:45,ORY,1321446349
BXGXCSXJ,code,L,70004404,ST,2006-01-07T04:40,2006-01-07T07:05,MPL,1321446349
BXGXCSXJ,code,L,70004405,ST,2006-01-07T07:45,2006-01-07T09:45,ORY,1321446349
ILUGNYZA,code,L,70004404,ST,2006-01-07T04:40,2006-01-07T07:05,MPL,1321446349
ILUGNYZA,code,L,70004405,ST,2006-01-07T07:45,2006-01-07T09:45,ORY,1321446349
NADBORRG,code,L,70002966,CP,2006-01-07T04:40,2006-01-07T07:00,TLS,333461483
NADBORRG,code,L,70002973,CP,2006-01-07T07:50,2006-01-07T09:45,ORY,333461483
XRDWELEG,code,L,70002966,FO,2006-01-07T04:40,2006-01-07T07:00,TLS,333461483
XRDWELEG,code,L,70002973,FO,2006-01-07T07:50,2006-01-07T09:45,ORY,333461483
AJOAJBOI,code,L,70002966,CSD,2006-01-07T04:40,2006-01-07T07:00,TLS,333461483
AJOAJBOI,code,L,70002973,CSD,2006-01-07T07:50,2006-01-07T09:45,ORY,333461483
FEQGMCUM,code,L,70002966,CSD,2006-01-07T04:40,2006-01-07T07:00,TLS,333461483
FEQGMCUM,code,L,70002973,CSD,2006-01-07T07:50,2006-01-07T09:45,ORY,333461483
BORMPNLT,code,L,70002966,ST,2006-01-07T04:40,2006-01-07T07:00,TLS,333461483
BORMPNLT,code,L,70002973,ST,2006-01-07T07:50,2006-01-07T09:45,ORY,333461483
FNVXIPQG,code,L,70002966,ST,2006-01-07T04:40,2006-01-07T07:00,TLS,333461483
FNVXIPQG,code,L,70002973,ST,2006-01-07T07:50,2006-01-07T09:45,ORY,333461483
LSCMDFFU,code,L,70002966,ST,2006-01-07T04:40,2006-01-07T07:00,TLS,333461483
LSCMDFFU,code,L,70002973,ST,2006-01-07T07:50,2006-01-07T09:45,ORY,333461483
OQGPYUBR,code,L,70002966,ST,2006-01-07T04:40,2006-01-07T07:00,TLS,333461483
OQGPYUBR,code,L,70002973,ST,2006-01-07T07:50,2006-01-07T09:45,ORY,333461483
DEGSHBJD,code,L,70002966,ST,2006-01-07T04:40,2006-01-07T07:00,TLS,333461483
DEGSHBJD,code,L,70002973,ST,2006-01-07T07:50,2006-01-07T09:45,ORY,333461483
BDWCVWVD,code,L,70002966,ST,2006-01-07T04:40,2006-01-07T07:00,TLS,333461483
BDWCVWVD,code,L,70002973,ST,2006-01-07T07:50,2006-01-07T09:45,ORY,333461483
MNWAACRE,code,L,70004576,CP,2006-01-07T04:40,2006-01-07T07:15,NCE,1008338748
MNWAACRE,code,L,70004551,CP,2006-01-07T08:10,2006-01-07T09:35,CDG,1008338748
MNWAACRE,code,L,70004552,CP,2006-01-07T10:30,2006-01-07T12:00,MPL,1008338748
MNWAACRE,code,L,70004577,CP,2006-01-07T12:50,2006-01-07T14:10,CDG,1008338748
BSLCBOLA,code,L,70004576,FO,2006-01-07T04:40,2006-01-07T07:15,NCE,1008338748
BSLCBOLA,code,L,70004551,FO,2006-01-07T08:10,2006-01-07T09:35,CDG,1008338748
BSLCBOLA,code,L,70004552,FO,2006-01-07T10:30,2006-01-07T12:00,MPL,1008338748
BSLCBOLA,code,L,70004577,FO,2006-01-07T12:50,2006-01-07T14:10,CDG,1008338748
JFOPMRAK,code,L,70004576,CSD,2006-01-07T04:40,2006-01-07T07:15,NCE,1008338748
JFOPMRAK,code,L,70004551,CSD,2006-01-07T08:10,2006-01-07T09:35,CDG,1008338748
JFOPMRAK,code,L,70004552,CSD,2006-01-07T10:30,2006-01-07T12:00,MPL,1008338748
JFOPMRAK,code,L,70004577,CSD,2006-01-07T12:50,2006-01-07T14:10,CDG,1008338748
TMFXELUN,code,L,70004576,CSD,2006-01-07T04:40,2006-01-07T07:15,NCE,1008338748
TMFXELUN,code,L,70004551,CSD,2006-01-07T08:10,2006-01-07T09:35,CDG,1008338748
TMFXELUN,code,L,70004552,CSD,2006-01-07T10:30,2006-01-07T12:00,MPL,1008338748
TMFXELUN,code,L,70004577,CSD,2006-01-07T12:50,2006-01-07T14:10,CDG,1008338748
XNXISMQB,code,L,70004576,ST,2006-01-07T04:40,2006-01-07T07:15,NCE,1008338748
XNXISMQB,code,L,70004551,ST,2006-01-07T08:10,2006-01-07T09:35,CDG,1008338748
XNXISMQB,code,L,70004552,ST,2006-01-07T10:30,2006-01-07T12:00,MPL,1008338748
XNXISMQB,code,L,70004577,ST,2006-01-07T12:50,2006-01-07T14:10,CDG,1008338748
TXFBGDHM,code,L,70004576,ST,2006-01-07T04:40,2006-01-07T07:15,NCE,1008338748
TXFBGDHM,code,L,70004551,ST,2006-01-07T08:10,2006-01-07T09:35,CDG,1008338748
TXFBGDHM,code,L,70004552,ST,2006-01-07T10:30,2006-01-07T12:00,MPL,1008338748
TXFBGDHM,code,L,70004577,ST,2006-01-07T12:50,2006-01-07T14:10,CDG,1008338748
YHXQPYHS,code,L,70004576,ST,2006-01-07T04:40,2006-01-07T07:15,NCE,1008338748
YHXQPYHS,code,L,70004551,ST,2006-01-07T08:10,2006-01-07T09:35,CDG,1008338748
YHXQPYHS,code,L,70004552,ST,2006-01-07T10:30,2006-01-07T12:00,MPL,1008338748
YHXQPYHS,code,L,70004577,ST,2006-01-07T12:50,2006-01-07T14:10,CDG,1008338748
GDXLIORH,code,L,70004576,ST,2006-01-07T04:40,2006-01-07T07:15,NCE,1008338748
GDXLIORH,code,L,70004551,ST,2006-01-07T08:10,2006-01-07T09:35,CDG,1008338748
GDXLIORH,code,L,70004552,ST,2006-01-07T10:30,2006-01-07T12:00,MPL,1008338748
GDXLIORH,code,L,70004577,ST,2006-01-07T12:50,2006-01-07T14:10,CDG,1008338748
ICKQVHNM,code,L,70004576,ST,2006-01-07T04:40,2006-01-07T07:15,NCE,1008338748
ICKQVHNM,code,L,70004551,ST,2006-01-07T08:10,2006-01-07T09:35,CDG,1008338748
ICKQVHNM,code,L,70004552,ST,2006-01-07T10:30,2006-01-07T12:00,MPL,1008338748
ICKQVHNM,code,L,70004577,ST,2006-01-07T12:50,2006-01-07T14:10,CDG,1008338748
TDXBMNMZ,code,L,70004576,ST,2006-01-07T04:40,2006-01-07T07:15,NCE,1008338748
TDXBMNMZ,code,L,70004551,ST,2006-01-07T08:10,2006-01-07T09:35,CDG,1008338748
TDXBMNMZ,code,L,70004552,ST,2006-01-07T10:30,2006-01-07T12:00,MPL,1008338748
TDXBMNMZ,code,L,70004577,ST,2006-01-07T12:50,2006-01-07T14:10,CDG,1008338748
ASZHYGRS,code,L,70002543,CP,2006-01-07T04:40,2006-01-07T06:50,RDZ,262918833
ASZHYGRS,code,L,70002544,CP,2006-01-07T07:25,2006-01-07T09:15,ORY,262918833
GJDUCPHU,code,L,70002543,FO,2006-01-07T04:40,2006-01-07T06:50,RDZ,262918833
GJDUCPHU,code,L,70002544,FO,2006-01-07T07:25,2006-01-07T09:15,ORY,262918833
TPGPEGXF,code,L,70002543,CS,2006-01-07T04:40,2006-01-07T06:50,RDZ,262918833
TPGPEGXF,code,L,70002544,CS,2006-01-07T07:25,2006-01-07T09:15,ORY,262918833
RAGAHHDN,code,L,70002543,ST,2006-01-07T04:40,2006-01-07T06:50,RDZ,262918833
RAGAHHDN,code,L,70002544,ST,2006-01-07T07:25,2006-01-07T09:15,ORY,262918833
SZMCQVYO,code,L,70002543,ST,2006-01-07T04:40,2006-01-07T06:50,RDZ,262918833
SZMCQVYO,code,L,70002544,ST,2006-01-07T07:25,2006-01-07T09:15,ORY,262918833
MVUOSTPF,code,L,70004694,CP,2006-01-07T04:40,2006-01-07T06:35,NCE,160225133
MVUOSTPF,code,L,70004693,CP,2006-01-07T07:50,2006-01-07T09:35,LYS,160225133
WZQZYNXR,code,L,70004694,FO,2006-01-07T04:40,2006-01-07T06:35,NCE,160225133
WZQZYNXR,code,L,70004693,FO,2006-01-07T07:50,2006-01-07T09:35,LYS,160225133
WLGAFSID,code,L,70004694,CSD,2006-01-07T04:40,2006-01-07T06:35,NCE,160225133
WLGAFSID,code,L,70004693,CSD,2006-01-07T07:50,2006-01-07T09:35,LYS,160225133
GOFXAZYI,code,L,70004694,ST,2006-01-07T04:40,2006-01-07T06:35,NCE,160225133
GOFXAZYI,code,L,70004693,ST,2006-01-07T07:50,2006-01-07T09:35,LYS,160225133
WAEQNMPO,code,L,70004694,ST,2006-01-07T04:40,2006-01-07T06:35,NCE,160225133
WAEQNMPO,code,L,70004693,ST,2006-01-07T07:50,2006-01-07T09:35,LYS,160225133
LEVPSSGL,code,L,70004694,ST,2006-01-07T04:40,2006-01-07T06:35,NCE,160225133
LEVPSSGL,code,L,70004693,ST,2006-01-07T07:50,2006-01-07T09:35,LYS,160225133
LJYDRBRN,code,L,70004364,CP,2006-01-07T04:45,2006-01-07T07:10,TLN,345545550
LJYDRBRN,code,L,70004363,CP,2006-01-07T07:55,2006-01-07T10:00,ORY,345545550
EMQQABQU,code,L,70004364,FO,2006-01-07T04:45,2006-01-07T07:10,TLN,345545550
EMQQABQU,code,L,70004363,FO,2006-01-07T07:55,2006-01-07T10:00,ORY,345545550
SDMFGEIT,code,L,70004364,CSD,2006-01-07T04:45,2006-01-07T07:10,TLN,345545550
SDMFGEIT,code,L,70004363,CSD,2006-01-07T07:55,2006-01-07T10:00,ORY,345545550
ENTBNKBC,code,L,70004364,CSD,2006-01-07T04:45,2006-01-07T07:10,TLN,345545550
ENTBNKBC,code,L,70004363,CSD,2006-01-07T07:55,2006-01-07T10:00,ORY,345545550
CCMHOSWC,code,L,70004364,ST,2006-01-07T04:45,2006-01-07T07:10,TLN,345545550
CCMHOSWC,code,L,70004363,ST,2006-01-07T07:55,2006-01-07T10:00,ORY,345545550
GJRHLWDB,code,L,70004364,ST,2006-01-07T04:45,2006-01-07T07:10,TLN,345545550
GJRHLWDB,code,L,70004363,ST,2006-01-07T07:55,2006-01-07T10:00,ORY,345545550
WKWHUKGJ,code,L,70004364,ST,2006-01-07T04:45,2006-01-07T07:10,TLN,345545550
WKWHUKGJ,code,L,70004363,ST,2006-01-07T07:55,2006-01-07T10:00,ORY,345545550
YMJZNZNU,code,L,70004364,ST,2006-01-07T04:45,2006-01-07T07:10,TLN,345545550
YMJZNZNU,code,L,70004363,ST,2006-01-07T07:55,2006-01-07T10:00,ORY,345545550
DABKZIES,code,L,70004364,ST,2006-01-07T04:45,2006-01-07T07:10,TLN,345545550
DABKZIES,code,L,70004363,ST,2006-01-07T07:55,2006-01-07T10:00,ORY,345545550
ELJZKFVG,code,L,70004364,ST,2006-01-07T04:45,2006-01-07T07:10,TLN,345545550
ELJZKFVG,code,L,70004363,ST,2006-01-07T07:55,2006-01-07T10:00,ORY,345545550
BWSDQOOX,code,L,70004673,CP,2006-01-07T04:45,2006-01-07T07:00,LIL,2130037697
BWSDQOOX,code,L,70004676,CP,2006-01-07T07:40,2006-01-07T09:40,LYS,2130037697
YHITBGQU,code,L,70004673,FO,2006-01-07T04:45,2006-01-07T07:00,LIL,2130037697
YHITBGQU,code,L,70004676,FO,2006-01-07T07:40,2006-01-07T09:40,LYS,2130037697
ZQCDENRA,code,L,70004673,CSD,2006-01-07T04:45,2006-01-07T07:00,LIL,2130037697
ZQCDENRA,code,L,70004676,CSD,2006-01-07T07:40,2006-01-07T09:40,LYS,2130037697
BWPYGGZE,code,L,70004673,CSD,2006-01-07T04:45,2006-01-07T07:00,LIL,2130037697
BWPYGGZE,code,L,70004676,CSD,2006-01-07T07:40,2006-01-07T09:40,LYS,2130037697
SEZFEDYA,code,L,70004673,ST,2006-01-07T04:45,2006-01-07T07:00,LIL,2130037697
SEZFEDYA,code,L,70004676,ST,2006-01-07T07:40,2006-01-07T09:40,LYS,2130037697
ATJWWAUP,code,L,70004673,ST,2006-01-07T04:45,2006-01-07T07:00,LIL,2130037697
ATJWWAUP,code,L,70004676,ST,2006-01-07T07:40,2006-01-07T09:40,LYS,2130037697
GTIXPWIU,code,L,70004673,ST,2006-01-07T04:45,2006-01-07T07:00,LIL,2130037697
GTIXPWIU,code,L,70004676,ST,2006-01-07T07:40,2006-01-07T09:40,LYS,2130037697
VBIOTCSX,code,L,70004673,ST,2006-01-07T04:45,2006-01-07T07:00,LIL,2130037697
VBIOTCSX,code,L,70004676,ST,2006-01-07T07:40,2006-01-07T09:40,LYS,2130037697
LPXFDXDF,code,L,70004673,ST,2006-01-07T04:45,2006-01-07T07:00,LIL,2130037697
LPXFDXDF,code,L,70004676,ST,2006-01-07T07:40,2006-01-07T09:40,LYS,2130037697
GVGTZNWW,code,L,70004673,ST,2006-01-07T04:45,2006-01-07T07:00,LIL,2130037697
GVGTZNWW,code,L,70004676,ST,2006-01-07T07:40,2006-01-07T09:40,LYS,2130037697
HVGELMVV,code,L,70004723,CP,2006-01-07T04:45,2006-01-07T07:00,NTE,263157300
HVGELMVV,code,L,70004726,CP,2006-01-07T07:55,2006-01-07T09:55,LYS,263157300
SOTFLHYX,code,L,70004723,FO,2006-01-07T04:45,2006-01-07T07:00,NTE,263157300
SOTFLHYX,code,L,70004726,FO,2006-01-07T07:55,2006-01-07T09:55,LYS,263157300
SYDKAKBL,code,L,70004723,CSD,2006-01-07T04:45,2006-01-07T07:00,NTE,263157300
SYDKAKBL,code,L,70004726,CSD,2006-01-07T07:55,2006-01-07T09:55,LYS,263157300
HQCNNMUG,code,L,70004723,CSD,2006-01-07T04:45,2006-01-07T07:00,NTE,263157300
HQCNNMUG,code,L,70004726,CSD,2006-01-07T07:55,2006-01-07T09:55,LYS,263157300
JXFRKNNO,code,L,70004723,ST,2006-01-07T04:45,2006-01-07T07:00,NTE,263157300
JXFRKNNO,code,L,70004726,ST,2006-01-07T07:55,2006-01-07T09:55,LYS,263157300
LLQABBXI,code,L,70004723,ST,2006-01-07T04:45,2006-01-07T07:00,NTE,263157300
LLQABBXI,code,L,70004726,ST,2006-01-07T07:55,2006-01-07T09:55,LYS,263157300
IRIEUFYA,code,L,70004723,ST,2006-01-07T04:45,2006-01-07T07:00,NTE,263157300
IRIEUFYA,code,L,70004726,ST,2006-01-07T07:55,2006-01-07T09:55,LYS,263157300
RDBYEHUO,code,L,70004723,ST,2006-01-07T04:45,2006-01-07T07:00,NTE,263157300
RDBYEHUO,code,L,70004726,ST,2006-01-07T07:55,2006-01-07T09:55,LYS,263157300
AHZLMMMC,code,L,70004723,ST,2006-01-07T04:45,2006-01-07T07:00,NTE,263157300
AHZLMMMC,code,L,70004726,ST,2006-01-07T07:55,2006-01-07T09:55,LYS,263157300
ZLQIXTGX,code,L,70004723,ST,2006-01-07T04:45,2006-01-07T07:00,NTE,263157300
ZLQIXTGX,code,L,70004726,ST,2006-01-07T07:55,2006-01-07T09:55,LYS,263157300
GMWXFBYU,code,L,70002524,CP,2006-01-07T04:45,2006-01-07T06:55,UIP,1196878155
GMWXFBYU,code,L,70002523,CP,2006-01-07T07:45,2006-01-07T08:50,ORY,1196878155
GMWXFBYU,code,L,70002526,CP,2006-01-07T09:45,2006-01-07T10:55,UIP,1196878155
GMWXFBYU,code,L,70002798,CP,2006-01-07T13:00,2006-01-07T14:45,ORY,1196878155
ICADSGOF,code,L,70002524,FO,2006-01-07T04:45,2006-01-07T06:55,UIP,1196878155
ICADSGOF,code,L,70002523,FO,2006-01-07T07:45,2006-01-07T08:50,ORY,1196878155
ICADSGOF,code,L,70002526,FO,2006-01-07T09:45,2006-01-07T10:55,UIP,1196878155
ICADSGOF,code,L,70002798,FO,2006-01-07T13:00,2006-01-07T14:45,ORY,1196878155
KFAHWWBQ,code,L,70002524,CS,2006-01-07T04:45,2006-01-07T06:55,UIP,1196878155
KFAHWWBQ,code,L,70002523,CS,2006-01-07T07:45,2006-01-07T08:50,ORY,1196878155
KFAHWWBQ,code,L,70002526,CS,2006-01-07T09:45,2006-01-07T10:55,UIP,1196878155
KFAHWWBQ,code,L,70002798,CS,2006-01-07T13:00,2006-01-07T14:45,ORY,1196878155
CEKHYIFL,code,L,70002524,ST,2006-01-07T04:45,2006-01-07T06:55,UIP,1196878155
CEKHYIFL,code,L,70002523,ST,2006-01-07T07:45,2006-01-07T08:50,ORY,1196878155
CEKHYIFL,code,L,70002526,ST,2006-01-07T09:45,2006-01-07T10:55,UIP,1196878155
CEKHYIFL,code,L,70002798,ST,2006-01-07T13:00,2006-01-07T14:45,ORY,1196878155
YUKTCNBG,code,L,70002524,ST,2006-01-07T04:45,2006-01-07T06:55,UIP,1196878155
YUKTCNBG,code,L,70002523,ST,2006-01-07T07:45,2006-01-07T08:50,ORY,1196878155
YUKTCNBG,code,L,70002526,ST,2006-01-07T09:45,2006-01-07T10:55,UIP,1196878155
YUKTCNBG,code,L,70002798,ST,2006-01-07T13:00,2006-01-07T14:45,ORY,1196878155
EVXQJYSF,code,L,70004764,CP,2006-01-07T04:45,2006-01-07T07:10,NCE,1835196615
EVXQJYSF,code,L,70004765,CP,2006-01-07T07:45,2006-01-07T09:00,BOD,1835196615
EVXQJYSF,code,L,70003076,CP,2006-01-07T11:35,2006-01-07T13:00,NCE,1835196615
EVXQJYSF,code,L,70003063,CP,2006-01-07T14:00,2006-01-07T16:10,ORY,1835196615
NYXKYQET,code,L,70004764,FO,2006-01-07T04:45,2006-01-07T07:10,NCE,1835196615
NYXKYQET,code,L,70004765,FO,2006-01-07T07:45,2006-01-07T09:00,BOD,1835196615
NYXKYQET,code,L,70003076,FO,2006-01-07T11:35,2006-01-07T13:00,NCE,1835196615
NYXKYQET,code,L,70003063,FO,2006-01-07T14:00,2006-01-07T16:10,ORY,1835196615
UZBACMLO,code,L,70004764,CSD,2006-01-07T04:45,2006-01-07T07:10,NCE,1835196615
UZBACMLO,code,L,70004765,CSD,2006-01-07T07:45,2006-01-07T09:00,BOD,1835196615
UZBACMLO,code,L,70003076,CSD,2006-01-07T11:35,2006-01-07T13:00,NCE,1835196615
UZBACMLO,code,L,70003063,CSD,2006-01-07T14:00,2006-01-07T16:10,ORY,1835196615
QEMLKHDP,code,L,70004764,ST,2006-01-07T04:45,2006-01-07T07:10,NCE,1835196615
QEMLKHDP,code,L,70004765,ST,2006-01-07T07:45,2006-01-07T09:00,BOD,1835196615
QEMLKHDP,code,L,70003076,ST,2006-01-07T11:35,2006-01-07T13:00,NCE,1835196615
QEMLKHDP,code,L,70003063,ST,2006-01-07T14:00,2006-01-07T16:10,ORY,1835196615
NUMFUVTI,code,L,70004764,ST,2006-01-07T04:45,2006-01-07T07:10,NCE,1835196615
NUMFUVTI,code,L,70004765,ST,2006-01-07T07:45,2006-01-07T09:00,BOD,1835196615
NUMFUVTI,code,L,70003076,ST,2006-01-07T11:35,2006-01-07T13:00,NCE,1835196615
NUMFUVTI,code,L,70003063,ST,2006-01-07T14:00,2006-01-07T16:10,ORY,1835196615
UTIMBMFI,code,L,70004764,ST,2006-01-07T04:45,2006-01-07T07:10,NCE,1835196615
UTIMBMFI,code,L,70004765,ST,2006-01-07T07:45,2006-01-07T09:00,BOD,1835196615
UTIMBMFI,code,L,70003076,ST,2006-01-07T11:35,2006-01-07T13:00,NCE,1835196615
UTIMBMFI,code,L,70003063,ST,2006-01-07T14:00,2006-01-07T16:10,ORY,1835196615
PXXPOAKP,code,L,70002965,CP,2006-01-07T04:50,2006-01-07T07:00,ORY,182621155
PXXPOAKP,code,L,70002974,CP,2006-01-07T07:40,2006-01-07T09:45,TLS,182621155
AYNFVTAQ,code,L,70002965,FO,2006-01-07T04:50,2006-01-07T07:00,ORY,182621155
AYNFVTAQ,code,L,70002974,FO,2006-01-07T07:40,2006-01-07T09:45,TLS,182621155
VAITMMLF,code,L,70002965,CSD,2006-01-07T04:50,2006-01-07T07:00,ORY,182621155
VAITMMLF,code,L,70002974,CSD,2006-01-07T07:40,2006-01-07T09:45,TLS,182621155
TGMXNRIR,code,L,70002965,CSD,2006-01-07T04:50,2006-01-07T07:00,ORY,182621155
TGMXNRIR,code,L,70002974,CSD,2006-01-07T07:40,2006-01-07T09:45,TLS,182621155
ZCKUIIUM,code,L,70002965,ST,2006-01-07T04:50,2006-01-07T07:00,ORY,182621155
ZCKUIIUM,code,L,70002974,ST,2006-01-07T07:40,2006-01-07T09:45,TLS,182621155
FQGKTVVB,code,L,70002965,ST,2006-01-07T04:50,2006-01-07T07:00,ORY,182621155
FQGKTVVB,code,L,70002974,ST,2006-01-07T07:40,2006-01-07T09:45,TLS,182621155
HMEWAJKN,code,L,70002965,ST,2006-01-07T04:50,2006-01-07T07:00,ORY,182621155
HMEWAJKN,code,L,70002974,ST,2006-01-07T07:40,2006-01-07T09:45,TLS,182621155
WHXBWOBP,code,L,70002965,ST,2006-01-07T04:50,2006-01-07T07:00,ORY,182621155
WHXBWOBP,code,L,70002974,ST,2006-01-07T07:40,2006-01-07T09:45,TLS,182621155
YNDXEVGS,code,L,70002965,ST,2006-01-07T04:50,2006-01-07T07:00,ORY,182621155
YNDXEVGS,code,L,70002974,ST,2006-01-07T07:40,2006-01-07T09:45,TLS,182621155
BGNKPHPX,code,L,70002965,ST,2006-01-07T04:50,2006-01-07T07:00,ORY,182621155
BGNKPHPX,code,L,70002974,ST,2006-01-07T07:40,2006-01-07T09:45,TLS,182621155
TSTBFRUY,code,L,70004704,CP,2006-01-07T04:50,2006-01-07T06:50,TLS,1796576214
TSTBFRUY,code,L,70004703,CP,2006-01-07T07:45,2006-01-07T09:35,LYS,1796576214
MEBXHURS,code,L,70004704,FO,2006-01-07T04:50,2006-01-07T06:50,TLS,1796576214
MEBXHURS,code,L,70004703,FO,2006-01-07T07:45,2006-01-07T09:35,LYS,1796576214
VRNTQNKZ,code,L,70004704,CSD,2006-01-07T04:50,2006-01-07T06:50,TLS,1796576214
VRNTQNKZ,code,L,70004703,CSD,2006-01-07T07:45,2006-01-07T09:35,LYS,1796576214
IMLNRSCX,code,L,70004704,CSD,2006-01-07T04:50,2006-01-07T06:50,TLS,1796576214
IMLNRSCX,code,L,70004703,CSD,2006-01-07T07:45,2006-01-07T09:35,LYS,1796576214
LPBDUWGH,code,L,70004704,ST,2006-01-07T04:50,2006-01-07T06:50,TLS,1796576214
LPBDUWGH,code,L,70004703,ST,2006-01-07T07:45,2006-01-07T09:35,LYS,1796576214
YWAAXWMI,code,L,70004704,ST,2006-01-07T04:50,2006-01-07T06:50,TLS,1796576214
YWAAXWMI,code,L,70004703,ST,2006-01-07T07:45,2006-01-07T09:35,LYS,1796576214
OPIJYRLQ,code,L,70004704,ST,2006-01-07T04:50,2006-01-07T06:50,TLS,1796576214
OPIJYRLQ,code,L,70004703,ST,2006-01-07T07:45,2006-01-07T09:35,LYS,1796576214
SYZCEACT,code,L,70004704,ST,2006-01-07T04:50,2006-01-07T06:50,TLS,1796576214
SYZCEACT,code,L,70004703,ST,2006-01-07T07:45,2006-01-07T09:35,LYS,1796576214
MMWNWUTR,code,L,70004704,ST,2006-01-07T04:50,2006-01-07T06:50,TLS,1796576214
MMWNWUTR,code,L,70004703,ST,2006-01-07T07:45,2006-01-07T09:35,LYS,1796576214
WAANSAFZ,code,L,70004704,ST,2006-01-07T04:50,2006-01-07T06:50,TLS,1796576214
WAANSAFZ,code,L,70004703,ST,2006-01-07T07:45,2006-01-07T09:35,LYS,1796576214
FJUDGNZE,code,L,70004264,CP,2006-01-07T04:50,2006-01-07T06:55,LYS,1661516681
FJUDGNZE,code,L,70004265,CP,2006-01-07T07:40,2006-01-07T09:30,ORY,1661516681
GRIANKIB,code,L,70004264,FO,2006-01-07T04:50,2006-01-07T06:55,LYS,1661516681
GRIANKIB,code,L,70004265,FO,2006-01-07T07:40,2006-01-07T09:30,ORY,1661516681
WAGPDIJT,code,L,70004264,CSD,2006-01-07T04:50,2006-01-07T06:55,LYS,1661516681
WAGPDIJT,code,L,70004265,CSD,2006-01-07T07:40,2006-01-07T09:30,ORY,1661516681
HBKFCZNG,code,L,70004264,CSD,2006-01-07T04:50,2006-01-07T06:55,LYS,1661516681
HBKFCZNG,code,L,70004265,CSD,2006-01-07T07:40,2006-01-07T09:30,ORY,1661516681
YWHIDBLG,code,L,70004264,ST,2006-01-07T04:50,2006-01-07T06:55,LYS,1661516681
YWHIDBLG,code,L,70004265,ST,2006-01-07T07:40,2006-01-07T09:30,ORY,1661516681
PKAHUYXC,code,L,70004264,ST,2006-01-07T04:50,2006-01-07T06:55,LYS,1661516681
PKAHUYXC,code,L,70004265,ST,2006-01-07T07:40,2006-01-07T09:30,ORY,1661516681
YAPCRADH,code,L,70004264,ST,2006-01-07T04:50,2006-01-07T06:55,LYS,1661516681
YAPCRADH,code,L,70004265,ST,2006-01-07T07:40,2006-01-07T09:30,ORY,1661516681
PZOQICME,code,L,70004264,ST,2006-01-07T04:50,2006-01-07T06:55,LYS,1661516681
PZOQICME,code,L,70004265,ST,2006-01-07T07:40,2006-01-07T09:30,ORY,1661516681
UEJEGSSF,code,L,70004264,ST,2006-01-07T04:50,2006-01-07T06:55,LYS,1661516681
UEJEGSSF,code,L,70004265,ST,2006-01-07T07:40,2006-01-07T09:30,ORY,1661516681
YWQZNEFP,code,L,70004264,ST,2006-01-07T04:50,2006-01-07T06:55,LYS,1661516681
YWQZNEFP,code,L,70004265,ST,2006-01-07T07:40,2006-01-07T09:30,ORY,1661516681
AUVCKYMR,code,L,70004344,CP,2006-01-07T04:50,2006-01-07T07:10,BIQ,359906493
AUVCKYMR,code,L,70004343,CP,2006-01-07T07:55,2006-01-07T09:55,ORY,359906493
VKNJDYFU,code,L,70004344,FO,2006-01-07T04:50,2006-01-07T07:10,BIQ,359906493
VKNJDYFU,code,L,70004343,FO,2006-01-07T07:55,2006-01-07T09:55,ORY,359906493
GHXGQSYV,code,L,70004344,CSD,2006-01-07T04:50,2006-01-07T07:10,BIQ,359906493
GHXGQSYV,code,L,70004343,CSD,2006-01-07T07:55,2006-01-07T09:55,ORY,359906493
WJURSYXE,code,L,70004344,ST,2006-01-07T04:50,2006-01-07T07:10,BIQ,359906493
WJURSYXE,code,L,70004343,ST,2006-01-07T07:55,2006-01-07T09:55,ORY,359906493
IRDRHHBQ,code,L,70004344,ST,2006-01-07T04:50,2006-01-07T07:10,BIQ,359906493
IRDRHHBQ,code,L,70004343,ST,2006-01-07T07:55,2006-01-07T09:55,ORY,359906493
DOCLCXJA,code,L,70004344,ST,2006-01-07T04:50,2006-01-07T07:10,BIQ,359906493
DOCLCXJA,code,L,70004343,ST,2006-01-07T07:55,2006-01-07T09:55,ORY,359906493
KIRRHGGO,code,L,70005163,CP,2006-01-07T04:50,2006-01-07T07:40,BOD,295069519
KIRRHGGO,code,L,70005164,CP,2006-01-07T08:55,2006-01-07T11:30,AMS,295069519
SVCELGFP,code,L,70005163,FO,2006-01-07T04:50,2006-01-07T07:40,BOD,295069519
SVCELGFP,code,L,70005164,FO,2006-01-07T08:55,2006-01-07T11:30,AMS,295069519
FJIQKMPQ,code,L,70005163,CSD,2006-01-07T04:50,2006-01-07T07:40,BOD,295069519
FJIQKMPQ,code,L,70005164,CSD,2006-01-07T08:55,2006-01-07T11:30,AMS,295069519
CLKXKHDK,code,L,70005163,ST,2006-01-07T04:50,2006-01-07T07:40,BOD,295069519
CLKXKHDK,code,L,70005164,ST,2006-01-07T08:55,2006-01-07T11:30,AMS,295069519
EMBFNLIT,code,L,70005163,ST,2006-01-07T04:50,2006-01-07T07:40,BOD,295069519
EMBFNLIT,code,L,70005164,ST,2006-01-07T08:55,2006-01-07T11:30,AMS,295069519
EQFSIPMI,code,L,70005163,ST,2006-01-07T04:50,2006-01-07T07:40,BOD,295069519
EQFSIPMI,code,L,70005164,ST,2006-01-07T08:55,2006-01-07T11:30,AMS,295069519
MZQFQFMP,code,L,70002648,CP,2006-01-07T04:50,2006-01-07T06:50,SXB,178283218
MZQFQFMP,code,L,70002647,CP,2006-01-07T07:40,2006-01-07T09:25,LYS,178283218
EQBWZBNQ,code,L,70002648,FO,2006-01-07T04:50,2006-01-07T06:50,SXB,178283218
EQBWZBNQ,code,L,70002647,FO,2006-01-07T07:40,2006-01-07T09:25,LYS,178283218
FLNUMLWB,code,L,70002648,CSD,2006-01-07T04:50,2006-01-07T06:50,SXB,178283218
FLNUMLWB,code,L,70002647,CSD,2006-01-07T07:40,2006-01-07T09:25,LYS,178283218
XNTMSKBS,code,L,70002648,ST,2006-01-07T04:50,2006-01-07T06:50,SXB,178283218
XNTMSKBS,code,L,70002647,ST,2006-01-07T07:40,2006-01-07T09:25,LYS,178283218
RJRFZUUF,code,L,70002648,ST,2006-01-07T04:50,2006-01-07T06:50,SXB,178283218
RJRFZUUF,code,L,70002647,ST,2006-01-07T07:40,2006-01-07T09:25,LYS,178283218
LKVNKQTP,code,L,70004544,CP,2006-01-07T04:55,2006-01-07T07:25,MPL,134224868
LKVNKQTP,code,L,70004547,CP,2006-01-07T19:50,2006-01-07T22:00,CDG,134224868
ICUZVFIB,code,L,70004544,FO,2006-01-07T04:55,2006-01-07T07:25,MPL,134224868
ICUZVFIB,code,L,70004547,FO,2006-01-07T19:50,2006-01-07T22:00,CDG,134224868
RGCULIEY,code,L,70004544,CSD,2006-01-07T04:55,2006-01-07T07:25,MPL,134224868
RGCULIEY,code,L,70004547,CSD,2006-01-07T19:50,2006-01-07T22:00,CDG,134224868
EGIUCGGC,code,L,70004544,CSD,2006-01-07T04:55,2006-01-07T07:25,MPL,134224868
EGIUCGGC,code,L,70004547,CSD,2006-01-07T19:50,2006-01-07T22:00,CDG,134224868
SYBEHLHU,code,L,70004544,ST,2006-01-07T04:55,2006-01-07T07:25,MPL,134224868
SYBEHLHU,code,L,70004547,ST,2006-01-07T19:50,2006-01-07T22:00,CDG,134224868
DGDZMHCX,code,L,70004544,ST,2006-01-07T04:55,2006-01-07T07:25,MPL,134224868
DGDZMHCX,code,L,70004547,ST,2006-01-07T19:50,2006-01-07T22:00,CDG,134224868
LZKZPNPJ,code,L,70004544,ST,2006-01-07T04:55,2006-01-07T07:25,MPL,134224868
LZKZPNPJ,code,L,70004547,ST,2006-01-07T19:50,2006-01-07T22:00,CDG,134224868
BVGXWJJI,code,L,70004544,ST,2006-01-07T04:55,2006-01-07T07:25,MPL,134224868
BVGXWJJI,code,L,70004547,ST,2006-01-07T19:50,2006-01-07T22:00,CDG,134224868
LIBDZENV,code,L,70004544,ST,2006-01-07T04:55,2006-01-07T07:25,MPL,134224868
LIBDZENV,code,L,70004547,ST,2006-01-07T19:50,2006-01-07T22:00,CDG,134224868
YOZDQJRT,code,L,70004544,ST,2006-01-07T04:55,2006-01-07T07:25,MPL,134224868
YOZDQJRT,code,L,70004547,ST,2006-01-07T19:50,2006-01-07T22:00,CDG,134224868
SMNGQNNB,code,L,70001364,CP,2006-01-07T04:55,2006-01-07T07:35,AJA,1454666067
SMNGQNNB,code,L,70001363,CP,2006-01-07T08:25,2006-01-07T10:50,ORY,1454666067
TQWTZXCY,code,L,70001364,FO,2006-01-07T04:55,2006-01-07T07:35,AJA,1454666067
TQWTZXCY,code,L,70001363,FO,2006-01-07T08:25,2006-01-07T10:50,ORY,1454666067
JKSVWFKV,code,L,70001364,CSD,2006-01-07T04:55,2006-01-07T07:35,AJA,1454666067
JKSVWFKV,code,L,70001363,CSD,2006-01-07T08:25,2006-01-07T10:50,ORY,1454666067
BJJBHOCN,code,L,70001364,CSD,2006-01-07T04:55,2006-01-07T07:35,AJA,1454666067
BJJBHOCN,code,L,70001363,CSD,2006-01-07T08:25,2006-01-07T10:50,ORY,1454666067
ZJBCIORZ,code,L,70001364,ST,2006-01-07T04:55,2006-01-07T07:35,AJA,1454666067
ZJBCIORZ,code,L,70001363,ST,2006-01-07T08:25,2006-01-07T10:50,ORY,1454666067
MWCLGMZL,code,L,70001364,ST,2006-01-07T04:55,2006-01-07T07:35,AJA,1454666067
MWCLGMZL,code,L,70001363,ST,2006-01-07T08:25,2006-01-07T10:50,ORY,1454666067
IIIFSMTV,code,L,70001364,ST,2006-01-07T04:55,2006-01-07T07:35,AJA,1454666067
IIIFSMTV,code,L,70001363,ST,2006-01-07T08:25,2006-01-07T10:50,ORY,1454666067
ZNJPTGNW,code,L,70001364,ST,2006-01-07T04:55,2006-01-07T07:35,AJA,1454666067
ZNJPTGNW,code,L,70001363,ST,2006-01-07T08:25,2006-01-07T10:50,ORY,1454666067
FVKCNXOX,code,L,70001364,ST,2006-01-07T04:55,2006-01-07T07:35,AJA,1454666067
FVKCNXOX,code,L,70001363,ST,2006-01-07T08:25,2006-01-07T10:50,ORY,1454666067
YPVIDIUQ,code,L,70001364,ST,2006-01-07T04:55,2006-01-07T07:35,AJA,1454666067
YPVIDIUQ,code,L,70001363,ST,2006-01-07T08:25,2006-01-07T10:50,ORY,1454666067
BLAZZPBF,code,L,70001374,CP,2006-01-07T04:55,2006-01-07T07:30,BIA,525100016
BLAZZPBF,code,L,70001379,CP,2006-01-07T08:30,2006-01-07T10:50,ORY,525100016
RFKMRNDA,code,L,70001374,FO,2006-01-07T04:55,2006-01-07T07:30,BIA,525100016
RFKMRNDA,code,L,70001379,FO,2006-01-07T08:30,2006-01-07T10:50,ORY,525100016
HZEIQBTA,code,L,70001374,CSD,2006-01-07T04:55,2006-01-07T07:30,BIA,525100016
HZEIQBTA,code,L,70001379,CSD,2006-01-07T08:30,2006-01-07T10:50,ORY,525100016
JLWKIHSY,code,L,70001374,CSD,2006-01-07T04:55,2006-01-07T07:30,BIA,525100016
JLWKIHSY,code,L,70001379,CSD,2006-01-07T08:30,2006-01-07T10:50,ORY,525100016
SZSWOOTQ,code,L,70001374,ST,2006-01-07T04:55,2006-01-07T07:30,BIA,525100016
SZSWOOTQ,code,L,70001379,ST,2006-01-07T08:30,2006-01-07T10:50,ORY,525100016
OWGQFXXY,code,L,70001374,ST,2006-01-07T04:55,2006-01-07T07:30,BIA,525100016
OWGQFXXY,code,L,70001379,ST,2006-01-07T08:30,2006-01-07T10:50,ORY,525100016
NUPVOSSH,code,L,70001374,ST,2006-01-07T04:55,2006-01-07T07:30,BIA,525100016
NUPVOSSH,code,L,70001379,ST,2006-01-07T08:30,2006-01-07T10:50,ORY,525100016
OGHUWDZL,code,L,70001374,ST,2006-01-07T04:55,2006-01-07T07:30,BIA,525100016
OGHUWDZL,code,L,70001379,ST,2006-01-07T08:30,2006-01-07T10:50,ORY,525100016
JXYQQNCK,code,L,70001374,ST,2006-01-07T04:55,2006-01-07T07:30,BIA,525100016
JXYQQNCK,code,L,70001379,ST,2006-01-07T08:30,2006-01-07T10:50,ORY,525100016
OVHCUFFC,code,L,70001374,ST,2006-01-07T04:55,2006-01-07T07:30,BIA,525100016
OVHCUFFC,code,L,70001379,ST,2006-01-07T08:30,2006-01-07T10:50,ORY,525100016
MOMUJEWB,code,L,70002673,CP,2006-01-07T04:55,2006-01-07T07:20,SXB,657187435
MOMUJEWB,code,L,70002674,CP,2006-01-07T07:55,2006-01-07T10:10,LGW,657187435
SNFRSPKT,code,L,70002673,FO,2006-01-07T04:55,2006-01-07T07:20,SXB,657187435
SNFRSPKT,code,L,70002674,FO,2006-01-07T07:55,2006-01-07T10:10,LGW,657187435
MLHCXBSU,code,L,70002673,CS,2006-01-07T04:55,2006-01-07T07:20,SXB,657187435
MLHCXBSU,code,L,70002674,CS,2006-01-07T07:55,2006-01-07T10:10,LGW,657187435
DCMXZFZD,code,L,70002673,ST,2006-01-07T04:55,2006-01-07T07:20,SXB,657187435
DCMXZFZD,code,L,70002674,ST,2006-01-07T07:55,2006-01-07T10:10,LGW,657187435
EBKTMJBR,code,L,70002673,ST,2006-01-07T04:55,2006-01-07T07:20,SXB,657187435
EBKTMJBR,code,L,70002674,ST,2006-01-07T07:55,2006-01-07T10:10,LGW,657187435
EYXPZKZA,code,L,70003103,CP,2006-01-07T05:00,2006-01-07T07:20,ORY,532638534
EYXPZKZA,code,L,70003068,CP,2006-01-07T08:05,2006-01-07T10:15,NCE,532638534
WGONYJTL,code,L,70003103,FO,2006-01-07T05:00,2006-01-07T07:20,ORY,532638534
WGONYJTL,code,L,70003068,FO,2006-01-07T08:05,2006-01-07T10:15,NCE,532638534
JOMUVSMU,code,L,70003103,CSD,2006-01-07T05:00,2006-01-07T07:20,ORY,532638534
JOMUVSMU,code,L,70003068,CSD,2006-01-07T08:05,2006-01-07T10:15,NCE,532638534
UCBTAEVP,code,L,70003103,CSD,2006-01-07T05:00,2006-01-07T07:20,ORY,532638534
UCBTAEVP,code,L,70003068,CSD,2006-01-07T08:05,2006-01-07T10:15,NCE,532638534
YURUCHJJ,code,L,70003103,ST,2006-01-07T05:00,2006-01-07T07:20,ORY,532638534
YURUCHJJ,code,L,70003068,ST,2006-01-07T08:05,2006-01-07T10:15,NCE,532638534
JZIFVBDZ,code,L,70003103,ST,2006-01-07T05:00,2006-01-07T07:20,ORY,532638534
JZIFVBDZ,code,L,70003068,ST,2006-01-07T08:05,2006-01-07T10:15,NCE,532638534
NLUMKGQH,code,L,70003103,ST,2006-01-07T05:00,2006-01-07T07:20,ORY,532638534
NLUMKGQH,code,L,70003068,ST,2006-01-07T08:05,2006-01-07T10:15,NCE,532638534
CRLJPVUE,code,L,70003103,ST,2006-01-07T05:00,2006-01-07T07:20,ORY,532638534
CRLJPVUE,code,L,70003068,ST,2006-01-07T08:05,2006-01-07T10:15,NCE,532638534
BLEXNNGI,code,L,70003103,ST,2006-01-07T05:00,2006-01-07T07:20,ORY,532638534
BLEXNNGI,code,L,70003068,ST,2006-01-07T08:05,2006-01-07T10:15,NCE,532638534
CREVJMZP,code,L,70003103,ST,2006-01-07T05:00,2006-01-07T07:20,ORY,532638534
CREVJMZP,code,L,70003068,ST,2006-01-07T08:05,2006-01-07T10:15,NCE,532638534
ELVYVNTO,code,L,70002793,CP,2006-01-07T05:00,2006-01-07T07:10,LRT,796471501
ELVYVNTO,code,L,70002794,CP,2006-01-07T07:55,2006-01-07T09:45,ORY,796471501
LSSUWUJH,code,L,70002793,FO,2006-01-07T05:00,2006-01-07T07:10,LRT,796471501
LSSUWUJH,code,L,70002794,FO,2006-01-07T07:55,2006-01-07T09:45,ORY,796471501
KYARJJLV,code,L,70002793,CS,2006-01-07T05:00,2006-01-07T07:10,LRT,796471501
KYARJJLV,code,L,70002794,CS,2006-01-07T07:55,2006-01-07T09:45,ORY,796471501
OUUVQGDL,code,L,70002793,ST,2006-01-07T05:00,2006-01-07T07:10,LRT,796471501
OUUVQGDL,code,L,70002794,ST,2006-01-07T07:55,2006-01-07T09:45,ORY,796471501
IDXOBCCO,code,L,70002793,ST,2006-01-07T05:00,2006-01-07T07:10,LRT,796471501
IDXOBCCO,code,L,70002794,ST,2006-01-07T07:55,2006-01-07T09:45,ORY,796471501
LTOACRKV,code,L,70002534,CP,2006-01-07T05:00,2006-01-07T06:45,BES,435943218
LTOACRKV,code,L,70002634,CP,2006-01-07T07:15,2006-01-07T08:35,NTE,435943218
LTOACRKV,code,L,70002633,CP,2006-01-07T09:05,2006-01-07T10:25,SXB,435943218
LTOACRKV,code,L,70002533,CP,2006-01-07T10:55,2006-01-07T11:35,NTE,435943218
LTOACRKV,code,L,70002655,CP,2006-01-07T12:20,2006-01-07T13:50,BES,435943218
LTOACRKV,code,L,70002656,CP,2006-01-07T14:30,2006-01-07T16:40,LYS,435943218
EWGVGRMB,code,L,70002534,FO,2006-01-07T05:00,2006-01-07T06:45,BES,435943218
EWGVGRMB,code,L,70002634,FO,2006-01-07T07:15,2006-01-07T08:35,NTE,435943218
EWGVGRMB,code,L,70002633,FO,2006-01-07T09:05,2006-01-07T10:25,SXB,435943218
EWGVGRMB,code,L,70002533,FO,2006-01-07T10:55,2006-01-07T11:35,NTE,435943218
EWGVGRMB,code,L,70002655,FO,2006-01-07T12:20,2006-01-07T13:50,BES,435943218
EWGVGRMB,code,L,70002656,FO,2006-01-07T14:30,2006-01-07T16:40,LYS,435943218
ONHSAJIO,code,L,70002534,CSD,2006-01-07T05:00,2006-01-07T06:45,BES,435943218
ONHSAJIO,code,L,70002634,CSD,2006-01-07T07:15,2006-01-07T08:35,NTE,435943218
ONHSAJIO,code,L,70002633,CSD,2006-01-07T09:05,2006-01-07T10:25,SXB,435943218
ONHSAJIO,code,L,70002533,CSD,2006-01-07T10:55,2006-01-07T11:35,NTE,435943218
ONHSAJIO,code,L,70002655,CSD,2006-01-07T12:20,2006-01-07T13:50,BES,435943218
ONHSAJIO,code,L,70002656,CSD,2006-01-07T14:30,2006-01-07T16:40,LYS,435943218
ZWHTHXBX,code,L,70002534,ST,2006-01-07T05:00,2006-01-07T06:45,BES,435943218
ZWHTHXBX,code,L,70002634,ST,2006-01-07T07:15,2006-01-07T08:35,NTE,435943218
ZWHTHXBX,code,L,70002633,ST,2006-01-07T09:05,2006-01-07T10:25,SXB,435943218
ZWHTHXBX,code,L,70002533,ST,2006-01-07T10:55,2006-01-07T11:35,NTE,435943218
ZWHTHXBX,code,L,70002655,ST,2006-01-07T12:20,2006-01-07T13:50,BES,435943218
ZWHTHXBX,code,L,70002656,ST,2006-01-07T14:30,2006-01-07T16:40,LYS,435943218
QJQBVITI,code,L,70002534,ST,2006-01-07T05:00,2006-01-07T06:45,BES,435943218
QJQBVITI,code,L,70002634,ST,2006-01-07T07:15,2006-01-07T08:35,NTE,435943218
QJQBVITI,code,L,70002633,ST,2006-01-07T09:05,2006-01-07T10:25,SXB,435943218
QJQBVITI,code,L,70002533,ST,2006-01-07T10:55,2006-01-07T11:35,NTE,435943218
QJQBVITI,code,L,70002655,ST,2006-01-07T12:20,2006-01-07T13:50,BES,435943218
QJQBVITI,code,L,70002656,ST,2006-01-07T14:30,2006-01-07T16:40,LYS,435943218
RGEEQVOA,code,L,70003064,CP,2006-01-07T05:05,2006-01-07T07:30,NCE,929393559
RGEEQVOA,code,L,70003069,CP,2006-01-07T08:00,2006-01-07T10:05,ORY,929393559
VEBYMPHL,code,L,70003064,FO,2006-01-07T05:05,2006-01-07T07:30,NCE,929393559
VEBYMPHL,code,L,70003069,FO,2006-01-07T08:00,2006-01-07T10:05,ORY,929393559
LXLXXQJH,code,L,70003064,CSD,2006-01-07T05:05,2006-01-07T07:30,NCE,929393559
LXLXXQJH,code,L,70003069,CSD,2006-01-07T08:00,2006-01-07T10:05,ORY,929393559
MSUXXIOG,code,L,70003064,CSD,2006-01-07T05:05,2006-01-07T07:30,NCE,929393559
MSUXXIOG,code,L,70003069,CSD,2006-01-07T08:00,2006-01-07T10:05,ORY,929393559
GRQUFGDY,code,L,70003064,ST,2006-01-07T05:05,2006-01-07T07:30,NCE,929393559
GRQUFGDY,code,L,70003069,ST,2006-01-07T08:00,2006-01-07T10:05,ORY,929393559
BISYEREO,code,L,70003064,ST,2006-01-07T05:05,2006-01-07T07:30,NCE,929393559
BISYEREO,code,L,70003069,ST,2006-01-07T08:00,2006-01-07T10:05,ORY,929393559
LHZOIAZB,code,L,70003064,ST,2006-01-07T05:05,2006-01-07T07:30,NCE,929393559
LHZOIAZB,code,L,70003069,ST,2006-01-07T08:00,2006-01-07T10:05,ORY,929393559
JEGPJVLH,code,L,70003064,ST,2006-01-07T05:05,2006-01-07T07:30,NCE,929393559
JEGPJVLH,code,L,70003069,ST,2006-01-07T08:00,2006-01-07T10:05,ORY,929393559
VBMBIVWV,code,L,70003064,ST,2006-01-07T05:05,2006-01-07T07:30,NCE,929393559
VBMBIVWV,code,L,70003069,ST,2006-01-07T08:00,2006-01-07T10:05,ORY,929393559
DSXDIVXG,code,L,70003064,ST,2006-01-07T05:05,2006-01-07T07:30,NCE,929393559
DSXDIVXG,code,L,70003069,ST,2006-01-07T08:00,2006-01-07T10:05,ORY,929393559
LDCSDECO,code,L,70004656,CP,2006-01-07T05:05,2006-01-07T07:35,TLS,1903678842
LDCSDECO,code,L,70004645,CP,2006-01-07T09:30,2006-01-07T11:40,CDG,1903678842
SQYBQXXT,code,L,70004656,FO,2006-01-07T05:05,2006-01-07T07:35,TLS,1903678842
SQYBQXXT,code,L,70004645,FO,2006-01-07T09:30,2006-01-07T11:40,CDG,1903678842
AZRQFASD,code,L,70004656,CSD,2006-01-07T05:05,2006-01-07T07:35,TLS,1903678842
AZRQFASD,code,L,70004645,CSD,2006-01-07T09:30,2006-01-07T11:40,CDG,1903678842
ZFYVDTWG,code,L,70004656,CSD,2006-01-07T05:05,2006-01-07T07:35,TLS,1903678842
ZFYVDTWG,code,L,70004645,CSD,2006-01-07T09:30,2006-01-07T11:40,CDG,1903678842
EPFKPWTG,code,L,70004656,ST,2006-01-07T05:05,2006-01-07T07:35,TLS,1903678842
EPFKPWTG,code,L,70004645,ST,2006-01-07T09:30,2006-01-07T11:40,CDG,1903678842
YULWDNTH,code,L,70004656,ST,2006-01-07T05:05,2006-01-07T07:35,TLS,1903678842
YULWDNTH,code,L,70004645,ST,2006-01-07T09:30,2006-01-07T11:40,CDG,1903678842
SSMNDRCD,code,L,70004656,ST,2006-01-07T05:05,2006-01-07T07:35,TLS,1903678842
SSMNDRCD,code,L,70004645,ST,2006-01-07T09:30,2006-01-07T11:40,CDG,1903678842
IXDMOLGJ,code,L,70004656,ST,2006-01-07T05:05,2006-01-07T07:35,TLS,1903678842
IXDMOLGJ,code,L,70004645,ST,2006-01-07T09:30,2006-01-07T11:40,CDG,1903678842
JJXVGYIY,code,L,70004656,ST,2006-01-07T05:05,2006-01-07T07:35,TLS,1903678842
JJXVGYIY,code,L,70004645,ST,2006-01-07T09:30,2006-01-07T11:40,CDG,1903678842
YHSRQMLA,code,L,70004656,ST,2006-01-07T05:05,2006-01-07T07:35,TLS,1903678842
YHSRQMLA,code,L,70004645,ST,2006-01-07T09:30,2006-01-07T11:40,CDG,1903678842
EBJIPUPP,code,L,7000152,CP,2006-01-07T05:05,2006-01-07T07:20,MLH,1130118952
EBJIPUPP,code,L,7000145,CP,2006-01-07T08:05,2006-01-07T10:00,CDG,1130118952
DYMMSZKT,code,L,7000152,FO,2006-01-07T05:05,2006-01-07T07:20,MLH,1130118952
DYMMSZKT,code,L,7000145,FO,2006-01-07T08:05,2006-01-07T10:00,CDG,1130118952
FSSOOGUE,code,L,7000152,CSD,2006-01-07T05:05,2006-01-07T07:20,MLH,1130118952
FSSOOGUE,code,L,7000145,CSD,2006-01-07T08:05,2006-01-07T10:00,CDG,1130118952
ZYSUMSWS,code,L,7000152,CSD,2006-01-07T05:05,2006-01-07T07:20,MLH,1130118952
ZYSUMSWS,code,L,7000145,CSD,2006-01-07T08:05,2006-01-07T10:00,CDG,1130118952
QZTTGMBW,code,L,7000152,ST,2006-01-07T05:05,2006-01-07T07:20,MLH,1130118952
QZTTGMBW,code,L,7000145,ST,2006-01-07T08:05,2006-01-07T10:00,CDG,1130118952
CYQESPIN,code,L,7000152,ST,2006-01-07T05:05,2006-01-07T07:20,MLH,1130118952
CYQESPIN,code,L,7000145,ST,2006-01-07T08:05,2006-01-07T10:00,CDG,1130118952
VLYTWOIQ,code,L,7000152,ST,2006-01-07T05:05,2006-01-07T07:20,MLH,1130118952
VLYTWOIQ,code,L,7000145,ST,2006-01-07T08:05,2006-01-07T10:00,CDG,1130118952
HLIGXOVX,code,L,7000152,ST,2006-01-07T05:05,2006-01-07T07:20,MLH,1130118952
HLIGXOVX,code,L,7000145,ST,2006-01-07T08:05,2006-01-07T10:00,CDG,1130118952
JLNJMJWL,code,L,7000152,ST,2006-01-07T05:05,2006-01-07T07:20,MLH,1130118952
JLNJMJWL,code,L,7000145,ST,2006-01-07T08:05,2006-01-07T10:00,CDG,1130118952
IQNGJXLO,code,L,7000152,ST,2006-01-07T05:05,2006-01-07T07:20,MLH,1130118952
IQNGJXLO,code,L,7000145,ST,2006-01-07T08:05,2006-01-07T10:00,CDG,1130118952
HHXVRDIM,code,L,70002968,CP,2006-01-07T05:10,2006-01-07T07:30,TLS,2035035283
HHXVRDIM,code,L,70004269,CP,2006-01-07T09:30,2006-01-07T10:35,ORY,2035035283
HHXVRDIM,code,L,70004270,CP,2006-01-07T11:20,2006-01-07T12:25,LYS,2035035283
HHXVRDIM,code,L,70004271,CP,2006-01-07T13:40,2006-01-07T14:45,ORY,2035035283
HHXVRDIM,code,L,70004276,CP,2006-01-07T16:10,2006-01-07T17:15,LYS,2035035283
HHXVRDIM,code,L,70002967,CP,2006-01-07T18:25,2006-01-07T20:30,ORY,2035035283
DDTJYHVT,code,L,70002968,FO,2006-01-07T05:10,2006-01-07T07:30,TLS,2035035283
DDTJYHVT,code,L,70004269,FO,2006-01-07T09:30,2006-01-07T10:35,ORY,2035035283
DDTJYHVT,code,L,70004270,FO,2006-01-07T11:20,2006-01-07T12:25,LYS,2035035283
DDTJYHVT,code,L,70004271,FO,2006-01-07T13:40,2006-01-07T14:45,ORY,2035035283
DDTJYHVT,code,L,70004276,FO,2006-01-07T16:10,2006-01-07T17:15,LYS,2035035283
DDTJYHVT,code,L,70002967,FO,2006-01-07T18:25,2006-01-07T20:30,ORY,2035035283
UEMFCIII,code,L,70002968,CSD,2006-01-07T05:10,2006-01-07T07:30,TLS,2035035283
UEMFCIII,code,L,70004269,CSD,2006-01-07T09:30,2006-01-07T10:35,ORY,2035035283
UEMFCIII,code,L,70004270,CSD,2006-01-07T11:20,2006-01-07T12:25,LYS,2035035283
UEMFCIII,code,L,70004271,CSD,2006-01-07T13:40,2006-01-07T14:45,ORY,2035035283
UEMFCIII,code,L,70004276,CSD,2006-01-07T16:10,2006-01-07T17:15,LYS,2035035283
UEMFCIII,code,L,70002967,CSD,2006-01-07T18:25,2006-01-07T20:30,ORY,2035035283
FGISFYIT,code,L,70002968,CSD,2006-01-07T05:10,2006-01-07T07:30,TLS,2035035283
FGISFYIT,code,L,70004269,CSD,2006-01-07T09:30,2006-01-07T10:35,ORY,2035035283
FGISFYIT,code,L,70004270,CSD,2006-01-07T11:20,2006-01-07T12:25,LYS,2035035283
FGISFYIT,code,L,70004271,CSD,2006-01-07T13:40,2006-01-07T14:45,ORY,2035035283
FGISFYIT,code,L,70004276,CSD,2006-01-07T16:10,2006-01-07T17:15,LYS,2035035283
FGISFYIT,code,L,70002967,CSD,2006-01-07T18:25,2006-01-07T20:30,ORY,2035035283
MEXOFDRD,code,L,70002968,ST,2006-01-07T05:10,2006-01-07T07:30,TLS,2035035283
MEXOFDRD,code,L,70004269,ST,2006-01-07T09:30,2006-01-07T10:35,ORY,2035035283
MEXOFDRD,code,L,70004270,ST,2006-01-07T11:20,2006-01-07T12:25,LYS,2035035283
MEXOFDRD,code,L,70004271,ST,2006-01-07T13:40,2006-01-07T14:45,ORY,2035035283
MEXOFDRD,code,L,70004276,ST,2006-01-07T16:10,2006-01-07T17:15,LYS,2035035283
MEXOFDRD,code,L,70002967,ST,2006-01-07T18:25,2006-01-07T20:30,ORY,2035035283
JDAHTWOH,code,L,70002968,ST,2006-01-07T05:10,2006-01-07T07:30,TLS,2035035283
JDAHTWOH,code,L,70004269,ST,2006-01-07T09:30,2006-01-07T10:35,ORY,2035035283
JDAHTWOH,code,L,70004270,ST,2006-01-07T11:20,2006-01-07T12:25,LYS,2035035283
JDAHTWOH,code,L,70004271,ST,2006-01-07T13:40,2006-01-07T14:45,ORY,2035035283
JDAHTWOH,code,L,70004276,ST,2006-01-07T16:10,2006-01-07T17:15,LYS,2035035283
JDAHTWOH,code,L,70002967,ST,2006-01-07T18:25,2006-01-07T20:30,ORY,2035035283
ENRYERKF,code,L,70002968,ST,2006-01-07T05:10,2006-01-07T07:30,TLS,2035035283
ENRYERKF,code,L,70004269,ST,2006-01-07T09:30,2006-01-07T10:35,ORY,2035035283
ENRYERKF,code,L,70004270,ST,2006-01-07T11:20,2006-01-07T12:25,LYS,2035035283
ENRYERKF,code,L,70004271,ST,2006-01-07T13:40,2006-01-07T14:45,ORY,2035035283
ENRYERKF,code,L,70004276,ST,2006-01-07T16:10,2006-01-07T17:15,LYS,2035035283
ENRYERKF,code,L,70002967,ST,2006-01-07T18:25,2006-01-07T20:30,ORY,2035035283
HDAEDMMA,code,L,70002968,ST,2006-01-07T05:10,2006-01-07T07:30,TLS,2035035283
HDAEDMMA,code,L,70004269,ST,2006-01-07T09:30,2006-01-07T10:35,ORY,2035035283
HDAEDMMA,code,L,70004270,ST,2006-01-07T11:20,2006-01-07T12:25,LYS,2035035283
HDAEDMMA,code,L,70004271,ST,2006-01-07T13:40,2006-01-07T14:45,ORY,2035035283
HDAEDMMA,code,L,70004276,ST,2006-01-07T16:10,2006-01-07T17:15,LYS,2035035283
HDAEDMMA,code,L,70002967,ST,2006-01-07T18:25,2006-01-07T20:30,ORY,2035035283
UQSBXBNE,code,L,70002968,ST,2006-01-07T05:10,2006-01-07T07:30,TLS,2035035283
UQSBXBNE,code,L,70004269,ST,2006-01-07T09:30,2006-01-07T10:35,ORY,2035035283
UQSBXBNE,code,L,70004270,ST,2006-01-07T11:20,2006-01-07T12:25,LYS,2035035283
UQSBXBNE,code,L,70004271,ST,2006-01-07T13:40,2006-01-07T14:45,ORY,2035035283
UQSBXBNE,code,L,70004276,ST,2006-01-07T16:10,2006-01-07T17:15,LYS,2035035283
UQSBXBNE,code,L,70002967,ST,2006-01-07T18:25,2006-01-07T20:30,ORY,2035035283
IVWVKRDI,code,L,70002968,ST,2006-01-07T05:10,2006-01-07T07:30,TLS,2035035283
IVWVKRDI,code,L,70004269,ST,2006-01-07T09:30,2006-01-07T10:35,ORY,2035035283
IVWVKRDI,code,L,70004270,ST,2006-01-07T11:20,2006-01-07T12:25,LYS,2035035283
IVWVKRDI,code,L,70004271,ST,2006-01-07T13:40,2006-01-07T14:45,ORY,2035035283
IVWVKRDI,code,L,70004276,ST,2006-01-07T16:10,2006-01-07T17:15,LYS,2035035283
IVWVKRDI,code,L,70002967,ST,2006-01-07T18:25,2006-01-07T20:30,ORY,2035035283
DPVJAJVR,code,L,70003118,CP,2006-01-07T05:10,2006-01-07T07:20,BOD,56569042
DPVJAJVR,code,L,70003119,CP,2006-01-07T08:10,2006-01-07T10:00,ORY,56569042
BJOZLZMV,code,L,70003118,FO,2006-01-07T05:10,2006-01-07T07:20,BOD,56569042
BJOZLZMV,code,L,70003119,FO,2006-01-07T08:10,2006-01-07T10:00,ORY,56569042
AZDEMFEH,code,L,70003118,CSD,2006-01-07T05:10,2006-01-07T07:20,BOD,56569042
AZDEMFEH,code,L,70003119,CSD,2006-01-07T08:10,2006-01-07T10:00,ORY,56569042
FWNBVZXD,code,L,70003118,CSD,2006-01-07T05:10,2006-01-07T07:20,BOD,56569042
FWNBVZXD,code,L,70003119,CSD,2006-01-07T08:10,2006-01-07T10:00,ORY,56569042
JEUTUOYL,code,L,70003118,ST,2006-01-07T05:10,2006-01-07T07:20,BOD,56569042
JEUTUOYL,code,L,70003119,ST,2006-01-07T08:10,2006-01-07T10:00,ORY,56569042
MVWUPJFH,code,L,70003118,ST,2006-01-07T05:10,2006-01-07T07:20,BOD,56569042
MVWUPJFH,code,L,70003119,ST,2006-01-07T08:10,2006-01-07T10:00,ORY,56569042
CNBJVYXU,code,L,70003118,ST,2006-01-07T05:10,2006-01-07T07:20,BOD,56569042
CNBJVYXU,code,L,70003119,ST,2006-01-07T08:10,2006-01-07T10:00,ORY,56569042
SMLFSMIE,code,L,70003118,ST,2006-01-07T05:10,2006-01-07T07:20,BOD,56569042
SMLFSMIE,code,L,70003119,ST,2006-01-07T08:10,2006-01-07T10:00,ORY,56569042
YWVERFXC,code,L,70003118,ST,2006-01-07T05:10,2006-01-07T07:20,BOD,56569042
YWVERFXC,code,L,70003119,ST,2006-01-07T08:10,2006-01-07T10:00,ORY,56569042
GVPDACQA,code,L,70003118,ST,2006-01-07T05:10,2006-01-07T07:20,BOD,56569042
GVPDACQA,code,L,70003119,ST,2006-01-07T08:10,2006-01-07T10:00,ORY,56569042
YMRNMZMM,code,L,70004498,CP,2006-01-07T05:15,2006-01-07T07:45,BIQ,61497087
YMRNMZMM,code,L,70004515,CP,2006-01-07T08:35,2006-01-07T09:45,CDG,61497087
YMRNMZMM,code,L,70004506,CP,2006-01-07T12:40,2006-01-07T13:50,LYS,61497087
YMRNMZMM,code,L,70004519,CP,2006-01-07T14:25,2006-01-07T15:25,CDG,61497087
YMRNMZMM,code,L,70004520,CP,2006-01-07T16:05,2006-01-07T17:10,CFE,61497087
YMRNMZMM,code,L,70004499,CP,2006-01-07T20:25,2006-01-07T22:35,CDG,61497087
YKZYQNMN,code,L,70004498,FO,2006-01-07T05:15,2006-01-07T07:45,BIQ,61497087
YKZYQNMN,code,L,70004515,FO,2006-01-07T08:35,2006-01-07T09:45,CDG,61497087
YKZYQNMN,code,L,70004506,FO,2006-01-07T12:40,2006-01-07T13:50,LYS,61497087
YKZYQNMN,code,L,70004519,FO,2006-01-07T14:25,2006-01-07T15:25,CDG,61497087
YKZYQNMN,code,L,70004520,FO,2006-01-07T16:05,2006-01-07T17:10,CFE,61497087
YKZYQNMN,code,L,70004499,FO,2006-01-07T20:25,2006-01-07T22:35,CDG,61497087
PIBXFXEL,code,L,70004498,CSD,2006-01-07T05:15,2006-01-07T07:45,BIQ,61497087
PIBXFXEL,code,L,70004515,CSD,2006-01-07T08:35,2006-01-07T09:45,CDG,61497087
PIBXFXEL,code,L,70004506,CSD,2006-01-07T12:40,2006-01-07T13:50,LYS,61497087
PIBXFXEL,code,L,70004519,CSD,2006-01-07T14:25,2006-01-07T15:25,CDG,61497087
PIBXFXEL,code,L,70004520,CSD,2006-01-07T16:05,2006-01-07T17:10,CFE,61497087
PIBXFXEL,code,L,70004499,CSD,2006-01-07T20:25,2006-01-07T22:35,CDG,61497087
SCNDPWQG,code,L,70004498,CSD,2006-01-07T05:15,2006-01-07T07:45,BIQ,61497087
SCNDPWQG,code,L,70004515,CSD,2006-01-07T08:35,2006-01-07T09:45,CDG,61497087
SCNDPWQG,code,L,70004506,CSD,2006-01-07T12:40,2006-01-07T13:50,LYS,61497087
SCNDPWQG,code,L,70004519,CSD,2006-01-07T14:25,2006-01-07T15:25,CDG,61497087
SCNDPWQG,code,L,70004520,CSD,2006-01-07T16:05,2006-01-07T17:10,CFE,61497087
SCNDPWQG,code,L,70004499,CSD,2006-01-07T20:25,2006-01-07T22:35,CDG,61497087
BZSKEIRE,code,L,70004498,ST,2006-01-07T05:15,2006-01-07T07:45,BIQ,61497087
BZSKEIRE,code,L,70004515,ST,2006-01-07T08:35,2006-01-07T09:45,CDG,61497087
BZSKEIRE,code,L,70004506,ST,2006-01-07T12:40,2006-01-07T13:50,LYS,61497087
BZSKEIRE,code,L,70004519,ST,2006-01-07T14:25,2006-01-07T15:25,CDG,61497087
BZSKEIRE,code,L,70004520,ST,2006-01-07T16:05,2006-01-07T17:10,CFE,61497087
BZSKEIRE,code,L,70004499,ST,2006-01-07T20:25,2006-01-07T22:35,CDG,61497087
VZWRDPIE,code,L,70004498,ST,2006-01-07T05:15,2006-01-07T07:45,BIQ,61497087
VZWRDPIE,code,L,70004515,ST,2006-01-07T08:35,2006-01-07T09:45,CDG,61497087
VZWRDPIE,code,L,70004506,ST,2006-01-07T12:40,2006-01-07T13:50,LYS,61497087
VZWRDPIE,code,L,70004519,ST,2006-01-07T14:25,2006-01-07T15:25,CDG,61497087
VZWRDPIE,code,L,70004520,ST,2006-01-07T16:05,2006-01-07T17:10,CFE,61497087
VZWRDPIE,code,L,70004499,ST,2006-01-07T20:25,2006-01-07T22:35,CDG,61497087
POMTUXFN,code,L,70004498,ST,2006-01-07T05:15,2006-01-07T07:45,BIQ,61497087
POMTUXFN,code,L,70004515,ST,2006-01-07T08:35,2006-01-07T09:45,CDG,61497087
POMTUXFN,code,L,70004506,ST,2006-01-07T12:40,2006-01-07T13:50,LYS,61497087
POMTUXFN,code,L,70004519,ST,2006-01-07T14:25,2006-01-07T15:25,CDG,61497087
POMTUXFN,code,L,70004520,ST,2006-01-07T16:05,2006-01-07T17:10,CFE,61497087
POMTUXFN,code,L,70004499,ST,2006-01-07T20:25,2006-01-07T22:35,CDG,61497087
FSTJOXBZ,code,L,70004498,ST,2006-01-07T05:15,2006-01-07T07:45,BIQ,61497087
FSTJOXBZ,code,L,70004515,ST,2006-01-07T08:35,2006-01-07T09:45,CDG,61497087
FSTJOXBZ,code,L,70004506,ST,2006-01-07T12:40,2006-01-07T13:50,LYS,61497087
FSTJOXBZ,code,L,70004519,ST,2006-01-07T14:25,2006-01-07T15:25,CDG,61497087
FSTJOXBZ,code,L,70004520,ST,2006-01-07T16:05,2006-01-07T17:10,CFE,61497087
FSTJOXBZ,code,L,70004499,ST,2006-01-07T20:25,2006-01-07T22:35,CDG,61497087
TYGQDHXQ,code,L,70004498,ST,2006-01-07T05:15,2006-01-07T07:45,BIQ,61497087
TYGQDHXQ,code,L,70004515,ST,2006-01-07T08:35,2006-01-07T09:45,CDG,61497087
TYGQDHXQ,code,L,70004506,ST,2006-01-07T12:40,2006-01-07T13:50,LYS,61497087
TYGQDHXQ,code,L,70004519,ST,2006-01-07T14:25,2006-01-07T15:25,CDG,61497087
TYGQDHXQ,code,L,70004520,ST,2006-01-07T16:05,2006-01-07T17:10,CFE,61497087
TYGQDHXQ,code,L,70004499,ST,2006-01-07T20:25,2006-01-07T22:35,CDG,61497087
QYEYHPCP,code,L,70004498,ST,2006-01-07T05:15,2006-01-07T07:45,BIQ,61497087
QYEYHPCP,code,L,70004515,ST,2006-01-07T08:35,2006-01-07T09:45,CDG,61497087
QYEYHPCP,code,L,70004506,ST,2006-01-07T12:40,2006-01-07T13:50,LYS,61497087
QYEYHPCP,code,L,70004519,ST,2006-01-07T14:25,2006-01-07T15:25,CDG,61497087
QYEYHPCP,code,L,70004520,ST,2006-01-07T16:05,2006-01-07T17:10,CFE,61497087
QYEYHPCP,code,L,70004499,ST,2006-01-07T20:25,2006-01-07T22:35,CDG,61497087
EKFXNTIO,code,L,70004643,CP,2006-01-07T05:15,2006-01-07T07:40,CDG,1507096884
EKFXNTIO,code,L,70002972,CP,2006-01-07T09:10,2006-01-07T10:30,TLS,1507096884
EKFXNTIO,code,L,70004431,CP,2006-01-07T11:40,2006-01-07T13:20,ORY,1507096884
EKFXNTIO,code,L,70004432,CP,2006-01-07T14:35,2006-01-07T16:15,AJA,1507096884
EKFXNTIO,code,L,70004437,CP,2006-01-07T17:00,2006-01-07T18:40,ORY,1507096884
EKFXNTIO,code,L,70004434,CP,2006-01-07T19:30,2006-01-07T20:45,AJA,1507096884
KUTBEAOB,code,L,70004643,FO,2006-01-07T05:15,2006-01-07T07:40,CDG,1507096884
KUTBEAOB,code,L,70002972,FO,2006-01-07T09:10,2006-01-07T10:30,TLS,1507096884
KUTBEAOB,code,L,70004431,FO,2006-01-07T11:40,2006-01-07T13:20,ORY,1507096884
KUTBEAOB,code,L,70004432,FO,2006-01-07T14:35,2006-01-07T16:15,AJA,1507096884
KUTBEAOB,code,L,70004437,FO,2006-01-07T17:00,2006-01-07T18:40,ORY,1507096884
KUTBEAOB,code,L,70004434,FO,2006-01-07T19:30,2006-01-07T20:45,AJA,1507096884
GEKVGERC,code,L,70004643,CSD,2006-01-07T05:15,2006-01-07T07:40,CDG,1507096884
GEKVGERC,code,L,70002972,CSD,2006-01-07T09:10,2006-01-07T10:30,TLS,1507096884
GEKVGERC,code,L,70004431,CSD,2006-01-07T11:40,2006-01-07T13:20,ORY,1507096884
GEKVGERC,code,L,70004432,CSD,2006-01-07T14:35,2006-01-07T16:15,AJA,1507096884
GEKVGERC,code,L,70004437,CSD,2006-01-07T17:00,2006-01-07T18:40,ORY,1507096884
GEKVGERC,code,L,70004434,CSD,2006-01-07T19:30,2006-01-07T20:45,AJA,1507096884
ZYGSUROL,code,L,70004643,CSD,2006-01-07T05:15,2006-01-07T07:40,CDG,1507096884
ZYGSUROL,code,L,70002972,CSD,2006-01-07T09:10,2006-01-07T10:30,TLS,1507096884
ZYGSUROL,code,L,70004431,CSD,2006-01-07T11:40,2006-01-07T13:20,ORY,1507096884
ZYGSUROL,code,L,70004432,CSD,2006-01-07T14:35,2006-01-07T16:15,AJA,1507096884
ZYGSUROL,code,L,70004437,CSD,2006-01-07T17:00,2006-01-07T18:40,ORY,1507096884
ZYGSUROL,code,L,70004434,CSD,2006-01-07T19:30,2006-01-07T20:45,AJA,1507096884
AOYTJYQU,code,L,70004643,ST,2006-01-07T05:15,2006-01-07T07:40,CDG,1507096884
AOYTJYQU,code,L,70002972,ST,2006-01-07T09:10,2006-01-07T10:30,TLS,1507096884
AOYTJYQU,code,L,70004431,ST,2006-01-07T11:40,2006-01-07T13:20,ORY,1507096884
AOYTJYQU,code,L,70004432,ST,2006-01-07T14:35,2006-01-07T16:15,AJA,1507096884
AOYTJYQU,code,L,70004437,ST,2006-01-07T17:00,2006-01-07T18:40,ORY,1507096884
AOYTJYQU,code,L,70004434,ST,2006-01-07T19:30,2006-01-07T20:45,AJA,1507096884
QQPUTCER,code,L,70004643,ST,2006-01-07T05:15,2006-01-07T07:40,CDG,1507096884
QQPUTCER,code,L,70002972,ST,2006-01-07T09:10,2006-01-07T10:30,TLS,1507096884
QQPUTCER,code,L,70004431,ST,2006-01-07T11:40,2006-01-07T13:20,ORY,1507096884
QQPUTCER,code,L,70004432,ST,2006-01-07T14:35,2006-01-07T16:15,AJA,1507096884
QQPUTCER,code,L,70004437,ST,2006-01-07T17:00,2006-01-07T18:40,ORY,1507096884
QQPUTCER,code,L,70004434,ST,2006-01-07T19:30,2006-01-07T20:45,AJA,1507096884
HJFVZZRE,code,L,70004643,ST,2006-01-07T05:15,2006-01-07T07:40,CDG,1507096884
HJFVZZRE,code,L,70002972,ST,2006-01-07T09:10,2006-01-07T10:30,TLS,1507096884
HJFVZZRE,code,L,70004431,ST,2006-01-07T11:40,2006-01-07T13:20,ORY,1507096884
HJFVZZRE,code,L,70004432,ST,2006-01-07T14:35,2006-01-07T16:15,AJA,1507096884
HJFVZZRE,code,L,70004437,ST,2006-01-07T17:00,2006-01-07T18:40,ORY,1507096884
HJFVZZRE,code,L,70004434,ST,2006-01-07T19:30,2006-01-07T20:45,AJA,1507096884
WHLMULPE,code,L,70004643,ST,2006-01-07T05:15,2006-01-07T07:40,CDG,1507096884
WHLMULPE,code,L,70002972,ST,2006-01-07T09:10,2006-01-07T10:30,TLS,1507096884
WHLMULPE,code,L,70004431,ST,2006-01-07T11:40,2006-01-07T13:20,ORY,1507096884
WHLMULPE,code,L,70004432,ST,2006-01-07T14:35,2006-01-07T16:15,AJA,1507096884
WHLMULPE,code,L,70004437,ST,2006-01-07T17:00,2006-01-07T18:40,ORY,1507096884
WHLMULPE,code,L,70004434,ST,2006-01-07T19:30,2006-01-07T20:45,AJA,1507096884
AQCAZHRT,code,L,70004643,ST,2006-01-07T05:15,2006-01-07T07:40,CDG,1507096884
AQCAZHRT,code,L,70002972,ST,2006-01-07T09:10,2006-01-07T10:30,TLS,1507096884
AQCAZHRT,code,L,70004431,ST,2006-01-07T11:40,2006-01-07T13:20,ORY,1507096884
AQCAZHRT,code,L,70004432,ST,2006-01-07T14:35,2006-01-07T16:15,AJA,1507096884
AQCAZHRT,code,L,70004437,ST,2006-01-07T17:00,2006-01-07T18:40,ORY,1507096884
AQCAZHRT,code,L,70004434,ST,2006-01-07T19:30,2006-01-07T20:45,AJA,1507096884
TLRGZLDH,code,L,70004643,ST,2006-01-07T05:15,2006-01-07T07:40,CDG,1507096884
TLRGZLDH,code,L,70002972,ST,2006-01-07T09:10,2006-01-07T10:30,TLS,1507096884
TLRGZLDH,code,L,70004431,ST,2006-01-07T11:40,2006-01-07T13:20,ORY,1507096884
TLRGZLDH,code,L,70004432,ST,2006-01-07T14:35,2006-01-07T16:15,AJA,1507096884
TLRGZLDH,code,L,70004437,ST,2006-01-07T17:00,2006-01-07T18:40,ORY,1507096884
TLRGZLDH,code,L,70004434,ST,2006-01-07T19:30,2006-01-07T20:45,AJA,1507096884
NUONBROD,code,L,70004523,CP,2006-01-07T05:15,2006-01-07T07:40,CDG,585887566
NUONBROD,code,L,70004524,CP,2006-01-07T09:05,2006-01-07T11:20,MRS,585887566
POGPAICH,code,L,70004523,FO,2006-01-07T05:15,2006-01-07T07:40,CDG,585887566
POGPAICH,code,L,70004524,FO,2006-01-07T09:05,2006-01-07T11:20,MRS,585887566
JYTJUHIP,code,L,70004523,CSD,2006-01-07T05:15,2006-01-07T07:40,CDG,585887566
JYTJUHIP,code,L,70004524,CSD,2006-01-07T09:05,2006-01-07T11:20,MRS,585887566
EGEENCGV,code,L,70004523,CSD,2006-01-07T05:15,2006-01-07T07:40,CDG,585887566
EGEENCGV,code,L,70004524,CSD,2006-01-07T09:05,2006-01-07T11:20,MRS,585887566
EOKLWAGR,code,L,70004523,ST,2006-01-07T05:15,2006-01-07T07:40,CDG,585887566
EOKLWAGR,code,L,70004524,ST,2006-01-07T09:05,2006-01-07T11:20,MRS,585887566
PNRFYVDO,code,L,70004523,ST,2006-01-07T05:15,2006-01-07T07:40,CDG,585887566
PNRFYVDO,code,L,70004524,ST,2006-01-07T09:05,2006-01-07T11:20,MRS,585887566
LXISUUFZ,code,L,70004523,ST,2006-01-07T05:15,2006-01-07T07:40,CDG,585887566
LXISUUFZ,code,L,70004524,ST,2006-01-07T09:05,2006-01-07T11:20,MRS,585887566
RAJPFHGJ,code,L,70004523,ST,2006-01-07T05:15,2006-01-07T07:40,CDG,585887566
RAJPFHGJ,code,L,70004524,ST,2006-01-07T09:05,2006-01-07T11:20,MRS,585887566
XXZDWTRA,code,L,70004523,ST,2006-01-07T05:15,2006-01-07T07:40,CDG,585887566
XXZDWTRA,code,L,70004524,ST,2006-01-07T09:05,2006-01-07T11:20,MRS,585887566
JKLZHOVA,code,L,70004523,ST,2006-01-07T05:15,2006-01-07T07:40,CDG,585887566
JKLZHOVA,code,L,70004524,ST,2006-01-07T09:05,2006-01-07T11:20,MRS,585887566
SCSXNMKB,code,L,70004563,CP,2006-01-07T05:20,2006-01-07T07:55,CDG,485266100
SCSXNMKB,code,L,70004564,CP,2006-01-07T09:05,2006-01-07T11:25,NCE,485266100
ETMSDZJF,code,L,70004563,FO,2006-01-07T05:20,2006-01-07T07:55,CDG,485266100
ETMSDZJF,code,L,70004564,FO,2006-01-07T09:05,2006-01-07T11:25,NCE,485266100
FKFXTVRU,code,L,70004563,CSD,2006-01-07T05:20,2006-01-07T07:55,CDG,485266100
FKFXTVRU,code,L,70004564,CSD,2006-01-07T09:05,2006-01-07T11:25,NCE,485266100
VSPIRCLH,code,L,70004563,CSD,2006-01-07T05:20,2006-01-07T07:55,CDG,485266100
VSPIRCLH,code,L,70004564,CSD,2006-01-07T09:05,2006-01-07T11:25,NCE,485266100
DQFGZPQZ,code,L,70004563,ST,2006-01-07T05:20,2006-01-07T07:55,CDG,485266100
DQFGZPQZ,code,L,70004564,ST,2006-01-07T09:05,2006-01-07T11:25,NCE,485266100
CFNUZMRP,code,L,70004563,ST,2006-01-07T05:20,2006-01-07T07:55,CDG,485266100
CFNUZMRP,code,L,70004564,ST,2006-01-07T09:05,2006-01-07T11:25,NCE,485266100
OFXTVGJK,code,L,70004563,ST,2006-01-07T05:20,2006-01-07T07:55,CDG,485266100
OFXTVGJK,code,L,70004564,ST,2006-01-07T09:05,2006-01-07T11:25,NCE,485266100
NEYJLVLY,code,L,70004563,ST,2006-01-07T05:20,2006-01-07T07:55,CDG,485266100
NEYJLVLY,code,L,70004564,ST,2006-01-07T09:05,2006-01-07T11:25,NCE,485266100
HZHDOGAM,code,L,70004563,ST,2006-01-07T05:20,2006-01-07T07:55,CDG,485266100
HZHDOGAM,code,L,70004564,ST,2006-01-07T09:05,2006-01-07T11:25,NCE,485266100
GLVWZHTJ,code,L,70004563,ST,2006-01-07T05:20,2006-01-07T07:55,CDG,485266100
GLVWZHTJ,code,L,70004564,ST,2006-01-07T09:05,2006-01-07T11:25,NCE,485266100
LENNIXPF,code,L,70004375,CP,2006-01-07T05:25,2006-01-07T07:50,ORY,2039633683
LENNIXPF,code,L,70004376,CP,2006-01-07T08:35,2006-01-07T10:50,TLN,2039633683
XZICJGLF,code,L,70004375,FO,2006-01-07T05:25,2006-01-07T07:50,ORY,2039633683
XZICJGLF,code,L,70004376,FO,2006-01-07T08:35,2006-01-07T10:50,TLN,2039633683
VAFLUKVC,code,L,70004375,CSD,2006-01-07T05:25,2006-01-07T07:50,ORY,2039633683
VAFLUKVC,code,L,70004376,CSD,2006-01-07T08:35,2006-01-07T10:50,TLN,2039633683
JPCLKGXF,code,L,70004375,CSD,2006-01-07T05:25,2006-01-07T07:50,ORY,2039633683
JPCLKGXF,code,L,70004376,CSD,2006-01-07T08:35,2006-01-07T10:50,TLN,2039633683
RGVEZGWR,code,L,70004375,ST,2006-01-07T05:25,2006-01-07T07:50,ORY,2039633683
RGVEZGWR,code,L,70004376,ST,2006-01-07T08:35,2006-01-07T10:50,TLN,2039633683
HYNDPMWU,code,L,70004375,ST,2006-01-07T05:25,2006-01-07T07:50,ORY,2039633683
HYNDPMWU,code,L,70004376,ST,2006-01-07T08:35,2006-01-07T10:50,TLN,2039633683
ZRTMBLQN,code,L,70004375,ST,2006-01-07T05:25,2006-01-07T07:50,ORY,2039633683
ZRTMBLQN,code,L,70004376,ST,2006-01-07T08:35,2006-01-07T10:50,TLN,2039633683
HGLFHFYJ,code,L,70004375,ST,2006-01-07T05:25,2006-01-07T07:50,ORY,2039633683
HGLFHFYJ,code,L,70004376,ST,2006-01-07T08:35,2006-01-07T10:50,TLN,2039633683
RFXLNHDK,code,L,70004375,ST,2006-01-07T05:25,2006-01-07T07:50,ORY,2039633683
RFXLNHDK,code,L,70004376,ST,2006-01-07T08:35,2006-01-07T10:50,TLN,2039633683
DYSHBYYL,code,L,70004375,ST,2006-01-07T05:25,2006-01-07T07:50,ORY,2039633683
DYSHBYYL,code,L,70004376,ST,2006-01-07T08:35,2006-01-07T10:50,TLN,2039633683
XCCASUMR,code,L,70004514,CP,2006-01-07T05:25,2006-01-07T07:35,LYS,1484135457
XCCASUMR,code,L,70004503,CP,2006-01-07T08:30,2006-01-07T10:25,CDG,1484135457
CPQOACVH,code,L,70004514,FO,2006-01-07T05:25,2006-01-07T07:35,LYS,1484135457
CPQOACVH,code,L,70004503,FO,2006-01-07T08:30,2006-01-07T10:25,CDG,1484135457
OTBJUJQO,code,L,70004514,CSD,2006-01-07T05:25,2006-01-07T07:35,LYS,1484135457
OTBJUJQO,code,L,70004503,CSD,2006-01-07T08:30,2006-01-07T10:25,CDG,1484135457
ZAYYSVQK,code,L,70004514,CSD,2006-01-07T05:25,2006-01-07T07:35,LYS,1484135457
ZAYYSVQK,code,L,70004503,CSD,2006-01-07T08:30,2006-01-07T10:25,CDG,1484135457
BQHVAOXH,code,L,70004514,ST,2006-01-07T05:25,2006-01-07T07:35,LYS,1484135457
BQHVAOXH,code,L,70004503,ST,2006-01-07T08:30,2006-01-07T10:25,CDG,1484135457
VLIBOWWH,code,L,70004514,ST,2006-01-07T05:25,2006-01-07T07:35,LYS,1484135457
VLIBOWWH,code,L,70004503,ST,2006-01-07T08:30,2006-01-07T10:25,CDG,1484135457
WLOJGNPW,code,L,70004514,ST,2006-01-07T05:25,2006-01-07T07:35,LYS,1484135457
WLOJGNPW,code,L,70004503,ST,2006-01-07T08:30,2006-01-07T10:25,CDG,1484135457
NFNWNXBR,code,L,70004514,ST,2006-01-07T05:25,2006-01-07T07:35,LYS,1484135457
NFNWNXBR,code,L,70004503,ST,2006-01-07T08:30,2006-01-07T10:25,CDG,1484135457
IFBPDWEX,code,L,70004514,ST,2006-01-07T05:25,2006-01-07T07:35,LYS,1484135457
IFBPDWEX,code,L,70004503,ST,2006-01-07T08:30,2006-01-07T10:25,CDG,1484135457
SRPYYSHR,code,L,70004514,ST,2006-01-07T05:25,2006-01-07T07:35,LYS,1484135457
SRPYYSHR,code,L,70004503,ST,2006-01-07T08:30,2006-01-07T10:25,CDG,1484135457
ZHKBNAPN,code,L,70004574,CP,2006-01-07T05:25,2006-01-07T08:00,NCE,16322739
ZHKBNAPN,code,L,70004565,CP,2006-01-07T09:35,2006-01-07T11:55,CDG,16322739
GRKZSJJQ,code,L,70004574,FO,2006-01-07T05:25,2006-01-07T08:00,NCE,16322739
GRKZSJJQ,code,L,70004565,FO,2006-01-07T09:35,2006-01-07T11:55,CDG,16322739
JIZAOEJG,code,L,70004574,CSD,2006-01-07T05:25,2006-01-07T08:00,NCE,16322739
JIZAOEJG,code,L,70004565,CSD,2006-01-07T09:35,2006-01-07T11:55,CDG,16322739
NWZBSFVY,code,L,70004574,CSD,2006-01-07T05:25,2006-01-07T08:00,NCE,16322739
NWZBSFVY,code,L,70004565,CSD,2006-01-07T09:35,2006-01-07T11:55,CDG,16322739
LZBLYDPA,code,L,70004574,ST,2006-01-07T05:25,2006-01-07T08:00,NCE,16322739
LZBLYDPA,code,L,70004565,ST,2006-01-07T09:35,2006-01-07T11:55,CDG,16322739
DXYMCZBK,code,L,70004574,ST,2006-01-07T05:25,2006-01-07T08:00,NCE,16322739
DXYMCZBK,code,L,70004565,ST,2006-01-07T09:35,2006-01-07T11:55,CDG,16322739
DZMRADJS,code,L,70004574,ST,2006-01-07T05:25,2006-01-07T08:00,NCE,16322739
DZMRADJS,code,L,70004565,ST,2006-01-07T09:35,2006-01-07T11:55,CDG,16322739
ISBRZMGH,code,L,70004574,ST,2006-01-07T05:25,2006-01-07T08:00,NCE,16322739
ISBRZMGH,code,L,70004565,ST,2006-01-07T09:35,2006-01-07T11:55,CDG,16322739
GGHMCDWL,code,L,70004574,ST,2006-01-07T05:25,2006-01-07T08:00,NCE,16322739
GGHMCDWL,code,L,70004565,ST,2006-01-07T09:35,2006-01-07T11:55,CDG,16322739
GGTABYGG,code,L,70004574,ST,2006-01-07T05:25,2006-01-07T08:00,NCE,16322739
GGTABYGG,code,L,70004565,ST,2006-01-07T09:35,2006-01-07T11:55,CDG,16322739
KZRMWNIQ,code,L,70004483,CP,2006-01-07T05:30,2006-01-07T07:50,CDG,659767626
KZRMWNIQ,code,L,70004488,CP,2006-01-07T09:20,2006-01-07T11:30,BOD,659767626
GIIGRYWH,code,L,70004483,FO,2006-01-07T05:30,2006-01-07T07:50,CDG,659767626
GIIGRYWH,code,L,70004488,FO,2006-01-07T09:20,2006-01-07T11:30,BOD,659767626
XYORFAPD,code,L,70004483,CSD,2006-01-07T05:30,2006-01-07T07:50,CDG,659767626
XYORFAPD,code,L,70004488,CSD,2006-01-07T09:20,2006-01-07T11:30,BOD,659767626
KSHQWKIL,code,L,70004483,CSD,2006-01-07T05:30,2006-01-07T07:50,CDG,659767626
KSHQWKIL,code,L,70004488,CSD,2006-01-07T09:20,2006-01-07T11:30,BOD,659767626
LSLBEDUW,code,L,70004483,ST,2006-01-07T05:30,2006-01-07T07:50,CDG,659767626
LSLBEDUW,code,L,70004488,ST,2006-01-07T09:20,2006-01-07T11:30,BOD,659767626
CBKPMNIJ,code,L,70004483,ST,2006-01-07T05:30,2006-01-07T07:50,CDG,659767626
CBKPMNIJ,code,L,70004488,ST,2006-01-07T09:20,2006-01-07T11:30,BOD,659767626
GZRYGLWN,code,L,70004483,ST,2006-01-07T05:30,2006-01-07T07:50,CDG,659767626
GZRYGLWN,code,L,70004488,ST,2006-01-07T09:20,2006-01-07T11:30,BOD,659767626
OXEDRJJJ,code,L,70004483,ST,2006-01-07T05:30,2006-01-07T07:50,CDG,659767626
OXEDRJJJ,code,L,70004488,ST,2006-01-07T09:20,2006-01-07T11:30,BOD,659767626
AEJIKJRZ,code,L,70004483,ST,2006-01-07T05:30,2006-01-07T07:50,CDG,659767626
AEJIKJRZ,code,L,70004488,ST,2006-01-07T09:20,2006-01-07T11:30,BOD,659767626
CPPQOZIY,code,L,70004483,ST,2006-01-07T05:30,2006-01-07T07:50,CDG,659767626
CPPQOZIY,code,L,70004488,ST,2006-01-07T09:20,2006-01-07T11:30,BOD,659767626
RZBEKRCX,code,L,70003107,CP,2006-01-07T05:30,2006-01-07T07:50,ORY,1539174560
RZBEKRCX,code,L,70003108,CP,2006-01-07T08:35,2006-01-07T10:45,NCE,1539174560
RTYJATGM,code,L,70003107,FO,2006-01-07T05:30,2006-01-07T07:50,ORY,1539174560
RTYJATGM,code,L,70003108,FO,2006-01-07T08:35,2006-01-07T10:45,NCE,1539174560
RGGNSDAZ,code,L,70003107,CSD,2006-01-07T05:30,2006-01-07T07:50,ORY,1539174560
RGGNSDAZ,code,L,70003108,CSD,2006-01-07T08:35,2006-01-07T10:45,NCE,1539174560
HALBUTDJ,code,L,70003107,CSD,2006-01-07T05:30,2006-01-07T07:50,ORY,1539174560
HALBUTDJ,code,L,70003108,CSD,2006-01-07T08:35,2006-01-07T10:45,NCE,1539174560
BHEOTDGH,code,L,70003107,ST,2006-01-07T05:30,2006-01-07T07:50,ORY,1539174560
BHEOTDGH,code,L,70003108,ST,2006-01-07T08:35,2006-01-07T10:45,NCE,1539174560
IXINXSGD,code,L,70003107,ST,2006-01-07T05:30,2006-01-07T07:50,ORY,1539174560
IXINXSGD,code,L,70003108,ST,2006-01-07T08:35,2006-01-07T10:45,NCE,1539174560
HZQJDUUL,code,L,70003107,ST,2006-01-07T05:30,2006-01-07T07:50,ORY,1539174560
HZQJDUUL,code,L,70003108,ST,2006-01-07T08:35,2006-01-07T10:45,NCE,1539174560
PQESCSHK,code,L,70003107,ST,2006-01-07T05:30,2006-01-07T07:50,ORY,1539174560
PQESCSHK,code,L,70003108,ST,2006-01-07T08:35,2006-01-07T10:45,NCE,1539174560
NSDQRUBB,code,L,70003107,ST,2006-01-07T05:30,2006-01-07T07:50,ORY,1539174560
NSDQRUBB,code,L,70003108,ST,2006-01-07T08:35,2006-01-07T10:45,NCE,1539174560
XKLISNEW,code,L,70003107,ST,2006-01-07T05:30,2006-01-07T07:50,ORY,1539174560
XKLISNEW,code,L,70003108,ST,2006-01-07T08:35,2006-01-07T10:45,NCE,1539174560
GZDACACW,code,L,70002872,CP,2006-01-07T05:30,2006-01-07T07:50,MRS,185012673
GZDACACW,code,L,70002879,CP,2006-01-07T08:35,2006-01-07T10:35,ORY,185012673
HSDJTBZS,code,L,70002872,FO,2006-01-07T05:30,2006-01-07T07:50,MRS,185012673
HSDJTBZS,code,L,70002879,FO,2006-01-07T08:35,2006-01-07T10:35,ORY,185012673
EPUAWVOS,code,L,70002872,CSD,2006-01-07T05:30,2006-01-07T07:50,MRS,185012673
EPUAWVOS,code,L,70002879,CSD,2006-01-07T08:35,2006-01-07T10:35,ORY,185012673
FNLYVCAU,code,L,70002872,CSD,2006-01-07T05:30,2006-01-07T07:50,MRS,185012673
FNLYVCAU,code,L,70002879,CSD,2006-01-07T08:35,2006-01-07T10:35,ORY,185012673
JQDVBAPC,code,L,70002872,ST,2006-01-07T05:30,2006-01-07T07:50,MRS,185012673
JQDVBAPC,code,L,70002879,ST,2006-01-07T08:35,2006-01-07T10:35,ORY,185012673
XMUQKCCU,code,L,70002872,ST,2006-01-07T05:30,2006-01-07T07:50,MRS,185012673
XMUQKCCU,code,L,70002879,ST,2006-01-07T08:35,2006-01-07T10:35,ORY,185012673
RBKNEHQS,code,L,70002872,ST,2006-01-07T05:30,2006-01-07T07:50,MRS,185012673
RBKNEHQS,code,L,70002879,ST,2006-01-07T08:35,2006-01-07T10:35,ORY,185012673
KXKXVPZV,code,L,70002872,ST,2006-01-07T05:30,2006-01-07T07:50,MRS,185012673
KXKXVPZV,code,L,70002879,ST,2006-01-07T08:35,2006-01-07T10:35,ORY,185012673
WJDINMRU,code,L,70002872,ST,2006-01-07T05:30,2006-01-07T07:50,MRS,185012673
WJDINMRU,code,L,70002879,ST,2006-01-07T08:35,2006-01-07T10:35,ORY,185012673
CLRZUYTV,code,L,70002872,ST,2006-01-07T05:30,2006-01-07T07:50,MRS,185012673
CLRZUYTV,code,L,70002879,ST,2006-01-07T08:35,2006-01-07T10:35,ORY,185012673
LZBESEEK,code,L,70004360,CP,2006-01-07T05:30,2006-01-07T07:55,LDE,1477521204
LZBESEEK,code,L,70004359,CP,2006-01-07T08:45,2006-01-07T10:05,ORY,1477521204
LZBESEEK,code,L,70004350,CP,2006-01-07T10:45,2006-01-07T12:10,LDE,1477521204
LZBESEEK,code,L,70004349,CP,2006-01-07T12:55,2006-01-07T15:00,ORY,1477521204
SQZHXCBT,code,L,70004360,FO,2006-01-07T05:30,2006-01-07T07:55,LDE,1477521204
SQZHXCBT,code,L,70004359,FO,2006-01-07T08:45,2006-01-07T10:05,ORY,1477521204
SQZHXCBT,code,L,70004350,FO,2006-01-07T10:45,2006-01-07T12:10,LDE,1477521204
SQZHXCBT,code,L,70004349,FO,2006-01-07T12:55,2006-01-07T15:00,ORY,1477521204
PAJDGQLQ,code,L,70004360,CSD,2006-01-07T05:30,2006-01-07T07:55,LDE,1477521204
PAJDGQLQ,code,L,70004359,CSD,2006-01-07T08:45,2006-01-07T10:05,ORY,1477521204
PAJDGQLQ,code,L,70004350,CSD,2006-01-07T10:45,2006-01-07T12:10,LDE,1477521204
PAJDGQLQ,code,L,70004349,CSD,2006-01-07T12:55,2006-01-07T15:00,ORY,1477521204
TAWCAQBG,code,L,70004360,ST,2006-01-07T05:30,2006-01-07T07:55,LDE,1477521204
TAWCAQBG,code,L,70004359,ST,2006-01-07T08:45,2006-01-07T10:05,ORY,1477521204
TAWCAQBG,code,L,70004350,ST,2006-01-07T10:45,2006-01-07T12:10,LDE,1477521204
TAWCAQBG,code,L,70004349,ST,2006-01-07T12:55,2006-01-07T15:00,ORY,1477521204
ZAHIIGJJ,code,L,70004360,ST,2006-01-07T05:30,2006-01-07T07:55,LDE,1477521204
ZAHIIGJJ,code,L,70004359,ST,2006-01-07T08:45,2006-01-07T10:05,ORY,1477521204
ZAHIIGJJ,code,L,70004350,ST,2006-01-07T10:45,2006-01-07T12:10,LDE,1477521204
ZAHIIGJJ,code,L,70004349,ST,2006-01-07T12:55,2006-01-07T15:00,ORY,1477521204
LKKJIEKB,code,L,70004360,ST,2006-01-07T05:30,2006-01-07T07:55,LDE,1477521204
LKKJIEKB,code,L,70004359,ST,2006-01-07T08:45,2006-01-07T10:05,ORY,1477521204
LKKJIEKB,code,L,70004350,ST,2006-01-07T10:45,2006-01-07T12:10,LDE,1477521204
LKKJIEKB,code,L,70004349,ST,2006-01-07T12:55,2006-01-07T15:00,ORY,1477521204
XEJYOKTD,code,L,70004623,CP,2006-01-07T05:35,2006-01-07T07:35,ORY,744291659
XEJYOKTD,code,L,70004626,CP,2006-01-07T09:35,2006-01-07T10:45,SXB,744291659
XEJYOKTD,code,L,70004625,CP,2006-01-07T11:40,2006-01-07T12:50,CDG,744291659
XEJYOKTD,code,L,70004634,CP,2006-01-07T14:10,2006-01-07T15:20,SXB,744291659
XEJYOKTD,code,L,70004629,CP,2006-01-07T16:30,2006-01-07T17:40,CDG,744291659
XEJYOKTD,code,L,70004630,CP,2006-01-07T18:25,2006-01-07T19:35,SXB,744291659
XEJYOKTD,code,L,70004647,CP,2006-01-07T20:30,2006-01-07T22:25,CDG,744291659
YRHWBSUG,code,L,70004623,FO,2006-01-07T05:35,2006-01-07T07:35,ORY,744291659
YRHWBSUG,code,L,70004626,FO,2006-01-07T09:35,2006-01-07T10:45,SXB,744291659
YRHWBSUG,code,L,70004625,FO,2006-01-07T11:40,2006-01-07T12:50,CDG,744291659
YRHWBSUG,code,L,70004634,FO,2006-01-07T14:10,2006-01-07T15:20,SXB,744291659
YRHWBSUG,code,L,70004629,FO,2006-01-07T16:30,2006-01-07T17:40,CDG,744291659
YRHWBSUG,code,L,70004630,FO,2006-01-07T18:25,2006-01-07T19:35,SXB,744291659
YRHWBSUG,code,L,70004647,FO,2006-01-07T20:30,2006-01-07T22:25,CDG,744291659
HGPWAZHM,code,L,70004623,CSD,2006-01-07T05:35,2006-01-07T07:35,ORY,744291659
HGPWAZHM,code,L,70004626,CSD,2006-01-07T09:35,2006-01-07T10:45,SXB,744291659
HGPWAZHM,code,L,70004625,CSD,2006-01-07T11:40,2006-01-07T12:50,CDG,744291659
HGPWAZHM,code,L,70004634,CSD,2006-01-07T14:10,2006-01-07T15:20,SXB,744291659
HGPWAZHM,code,L,70004629,CSD,2006-01-07T16:30,2006-01-07T17:40,CDG,744291659
HGPWAZHM,code,L,70004630,CSD,2006-01-07T18:25,2006-01-07T19:35,SXB,744291659
HGPWAZHM,code,L,70004647,CSD,2006-01-07T20:30,2006-01-07T22:25,CDG,744291659
LOHMAOHA,code,L,70004623,CSD,2006-01-07T05:35,2006-01-07T07:35,ORY,744291659
LOHMAOHA,code,L,70004626,CSD,2006-01-07T09:35,2006-01-07T10:45,SXB,744291659
LOHMAOHA,code,L,70004625,CSD,2006-01-07T11:40,2006-01-07T12:50,CDG,744291659
LOHMAOHA,code,L,70004634,CSD,2006-01-07T14:10,2006-01-07T15:20,SXB,744291659
LOHMAOHA,code,L,70004629,CSD,2006-01-07T16:30,2006-01-07T17:40,CDG,744291659
LOHMAOHA,code,L,70004630,CSD,2006-01-07T18:25,2006-01-07T19:35,SXB,744291659
LOHMAOHA,code,L,70004647,CSD,2006-01-07T20:30,2006-01-07T22:25,CDG,744291659
RGEWUYDC,code,L,70004623,ST,2006-01-07T05:35,2006-01-07T07:35,ORY,744291659
RGEWUYDC,code,L,70004626,ST,2006-01-07T09:35,2006-01-07T10:45,SXB,744291659
RGEWUYDC,code,L,70004625,ST,2006-01-07T11:40,2006-01-07T12:50,CDG,744291659
RGEWUYDC,code,L,70004634,ST,2006-01-07T14:10,2006-01-07T15:20,SXB,744291659
RGEWUYDC,code,L,70004629,ST,2006-01-07T16:30,2006-01-07T17:40,CDG,744291659
RGEWUYDC,code,L,70004630,ST,2006-01-07T18:25,2006-01-07T19:35,SXB,744291659
RGEWUYDC,code,L,70004647,ST,2006-01-07T20:30,2006-01-07T22:25,CDG,744291659
YISVEYKY,code,L,70004623,ST,2006-01-07T05:35,2006-01-07T07:35,ORY,744291659
YISVEYKY,code,L,70004626,ST,2006-01-07T09:35,2006-01-07T10:45,SXB,744291659
YISVEYKY,code,L,70004625,ST,2006-01-07T11:40,2006-01-07T12:50,CDG,744291659
YISVEYKY,code,L,70004634,ST,2006-01-07T14:10,2006-01-07T15:20,SXB,744291659
YISVEYKY,code,L,70004629,ST,2006-01-07T16:30,2006-01-07T17:40,CDG,744291659
YISVEYKY,code,L,70004630,ST,2006-01-07T18:25,2006-01-07T19:35,SXB,744291659
YISVEYKY,code,L,70004647,ST,2006-01-07T20:30,2006-01-07T22:25,CDG,744291659
PIKNWJHI,code,L,70004623,ST,2006-01-07T05:35,2006-01-07T07:35,ORY,744291659
PIKNWJHI,code,L,70004626,ST,2006-01-07T09:35,2006-01-07T10:45,SXB,744291659
PIKNWJHI,code,L,70004625,ST,2006-01-07T11:40,2006-01-07T12:50,CDG,744291659
PIKNWJHI,code,L,70004634,ST,2006-01-07T14:10,2006-01-07T15:20,SXB,744291659
PIKNWJHI,code,L,70004629,ST,2006-01-07T16:30,2006-01-07T17:40,CDG,744291659
PIKNWJHI,code,L,70004630,ST,2006-01-07T18:25,2006-01-07T19:35,SXB,744291659
PIKNWJHI,code,L,70004647,ST,2006-01-07T20:30,2006-01-07T22:25,CDG,744291659
GKNDYUZX,code,L,70004623,ST,2006-01-07T05:35,2006-01-07T07:35,ORY,744291659
GKNDYUZX,code,L,70004626,ST,2006-01-07T09:35,2006-01-07T10:45,SXB,744291659
GKNDYUZX,code,L,70004625,ST,2006-01-07T11:40,2006-01-07T12:50,CDG,744291659
GKNDYUZX,code,L,70004634,ST,2006-01-07T14:10,2006-01-07T15:20,SXB,744291659
GKNDYUZX,code,L,70004629,ST,2006-01-07T16:30,2006-01-07T17:40,CDG,744291659
GKNDYUZX,code,L,70004630,ST,2006-01-07T18:25,2006-01-07T19:35,SXB,744291659
GKNDYUZX,code,L,70004647,ST,2006-01-07T20:30,2006-01-07T22:25,CDG,744291659
TCIJTFVC,code,L,70004623,ST,2006-01-07T05:35,2006-01-07T07:35,ORY,744291659
TCIJTFVC,code,L,70004626,ST,2006-01-07T09:35,2006-01-07T10:45,SXB,744291659
TCIJTFVC,code,L,70004625,ST,2006-01-07T11:40,2006-01-07T12:50,CDG,744291659
TCIJTFVC,code,L,70004634,ST,2006-01-07T14:10,2006-01-07T15:20,SXB,744291659
TCIJTFVC,code,L,70004629,ST,2006-01-07T16:30,2006-01-07T17:40,CDG,744291659
TCIJTFVC,code,L,70004630,ST,2006-01-07T18:25,2006-01-07T19:35,SXB,744291659
TCIJTFVC,code,L,70004647,ST,2006-01-07T20:30,2006-01-07T22:25,CDG,744291659
LUJALVFF,code,L,70004623,ST,2006-01-07T05:35,2006-01-07T07:35,ORY,744291659
LUJALVFF,code,L,70004626,ST,2006-01-07T09:35,2006-01-07T10:45,SXB,744291659
LUJALVFF,code,L,70004625,ST,2006-01-07T11:40,2006-01-07T12:50,CDG,744291659
LUJALVFF,code,L,70004634,ST,2006-01-07T14:10,2006-01-07T15:20,SXB,744291659
LUJALVFF,code,L,70004629,ST,2006-01-07T16:30,2006-01-07T17:40,CDG,744291659
LUJALVFF,code,L,70004630,ST,2006-01-07T18:25,2006-01-07T19:35,SXB,744291659
LUJALVFF,code,L,70004647,ST,2006-01-07T20:30,2006-01-07T22:25,CDG,744291659
ANTPKQDV,code,L,70004536,CP,2006-01-07T05:35,2006-01-07T08:05,MRS,689146701
ANTPKQDV,code,L,70004525,CP,2006-01-07T09:30,2006-01-07T11:40,CDG,689146701
WJXVHTWJ,code,L,70004536,FO,2006-01-07T05:35,2006-01-07T08:05,MRS,689146701
WJXVHTWJ,code,L,70004525,FO,2006-01-07T09:30,2006-01-07T11:40,CDG,689146701
JCDPTSKJ,code,L,70004536,CSD,2006-01-07T05:35,2006-01-07T08:05,MRS,689146701
JCDPTSKJ,code,L,70004525,CSD,2006-01-07T09:30,2006-01-07T11:40,CDG,689146701
VRUHZZVC,code,L,70004536,CSD,2006-01-07T05:35,2006-01-07T08:05,MRS,689146701
VRUHZZVC,code,L,70004525,CSD,2006-01-07T09:30,2006-01-07T11:40,CDG,689146701
VNYMTYJU,code,L,70004536,ST,2006-01-07T05:35,2006-01-07T08:05,MRS,689146701
VNYMTYJU,code,L,70004525,ST,2006-01-07T09:30,2006-01-07T11:40,CDG,689146701
UBWIRFMT,code,L,70004536,ST,2006-01-07T05:35,2006-01-07T08:05,MRS,689146701
UBWIRFMT,code,L,70004525,ST,2006-01-07T09:30,2006-01-07T11:40,CDG,689146701
QYYXLKHS,code,L,70004536,ST,2006-01-07T05:35,2006-01-07T08:05,MRS,689146701
QYYXLKHS,code,L,70004525,ST,2006-01-07T09:30,2006-01-07T11:40,CDG,689146701
BYJWNYXW,code,L,70004536,ST,2006-01-07T05:35,2006-01-07T08:05,MRS,689146701
BYJWNYXW,code,L,70004525,ST,2006-01-07T09:30,2006-01-07T11:40,CDG,689146701
BKNGLJNW,code,L,70004536,ST,2006-01-07T05:35,2006-01-07T08:05,MRS,689146701
BKNGLJNW,code,L,70004525,ST,2006-01-07T09:30,2006-01-07T11:40,CDG,689146701
IJSGQCFY,code,L,70004536,ST,2006-01-07T05:35,2006-01-07T08:05,MRS,689146701
IJSGQCFY,code,L,70004525,ST,2006-01-07T09:30,2006-01-07T11:40,CDG,689146701
JMGWXVBR,code,L,70002970,CP,2006-01-07T05:40,2006-01-07T08:00,TLS,100621466
JMGWXVBR,code,L,70002975,CP,2006-01-07T08:50,2006-01-07T10:45,ORY,100621466
YXFLLWEB,code,L,70002970,FO,2006-01-07T05:40,2006-01-07T08:00,TLS,100621466
YXFLLWEB,code,L,70002975,FO,2006-01-07T08:50,2006-01-07T10:45,ORY,100621466
FOCFQTIL,code,L,70002970,CSD,2006-01-07T05:40,2006-01-07T08:00,TLS,100621466
FOCFQTIL,code,L,70002975,CSD,2006-01-07T08:50,2006-01-07T10:45,ORY,100621466
IFUXYJIH,code,L,70002970,CSD,2006-01-07T05:40,2006-01-07T08:00,TLS,100621466
IFUXYJIH,code,L,70002975,CSD,2006-01-07T08:50,2006-01-07T10:45,ORY,100621466
XVNFGGLY,code,L,70002970,ST,2006-01-07T05:40,2006-01-07T08:00,TLS,100621466
XVNFGGLY,code,L,70002975,ST,2006-01-07T08:50,2006-01-07T10:45,ORY,100621466
BZCXCJXC,code,L,70002970,ST,2006-01-07T05:40,2006-01-07T08:00,TLS,100621466
BZCXCJXC,code,L,70002975,ST,2006-01-07T08:50,2006-01-07T10:45,ORY,100621466
PLMCAOVD,code,L,70002970,ST,2006-01-07T05:40,2006-01-07T08:00,TLS,100621466
PLMCAOVD,code,L,70002975,ST,2006-01-07T08:50,2006-01-07T10:45,ORY,100621466
KKVCZNXT,code,L,70002970,ST,2006-01-07T05:40,2006-01-07T08:00,TLS,100621466
KKVCZNXT,code,L,70002975,ST,2006-01-07T08:50,2006-01-07T10:45,ORY,100621466
MFLDDLLD,code,L,70002970,ST,2006-01-07T05:40,2006-01-07T08:00,TLS,100621466
MFLDDLLD,code,L,70002975,ST,2006-01-07T08:50,2006-01-07T10:45,ORY,100621466
OUUWOMYM,code,L,70002970,ST,2006-01-07T05:40,2006-01-07T08:00,TLS,100621466
OUUWOMYM,code,L,70002975,ST,2006-01-07T08:50,2006-01-07T10:45,ORY,100621466
NUKKMBVF,code,L,70002605,CP,2006-01-07T05:40,2006-01-07T07:45,RNS,1617046705
NUKKMBVF,code,L,70002606,CP,2006-01-07T08:10,2006-01-07T10:05,TLS,1617046705
CWJCYVZQ,code,L,70002605,FO,2006-01-07T05:40,2006-01-07T07:45,RNS,1617046705
CWJCYVZQ,code,L,70002606,FO,2006-01-07T08:10,2006-01-07T10:05,TLS,1617046705
FRXPUVJM,code,L,70002605,CSD,2006-01-07T05:40,2006-01-07T07:45,RNS,1617046705
FRXPUVJM,code,L,70002606,CSD,2006-01-07T08:10,2006-01-07T10:05,TLS,1617046705
GRUVRYDP,code,L,70002605,ST,2006-01-07T05:40,2006-01-07T07:45,RNS,1617046705
GRUVRYDP,code,L,70002606,ST,2006-01-07T08:10,2006-01-07T10:05,TLS,1617046705
CTRTMQXO,code,L,70002605,ST,2006-01-07T05:40,2006-01-07T07:45,RNS,1617046705
CTRTMQXO,code,L,70002606,ST,2006-01-07T08:10,2006-01-07T10:05,TLS,1617046705
IANHPATG,code,L,70002605,ST,2006-01-07T05:40,2006-01-07T07:45,RNS,1617046705
IANHPATG,code,L,70002606,ST,2006-01-07T08:10,2006-01-07T10:05,TLS,1617046705
KXLCQOFC,code,L,70002969,CP,2006-01-07T05:50,2006-01-07T08:00,ORY,1048083132
KXLCQOFC,code,L,70002976,CP,2006-01-07T08:40,2006-01-07T10:45,TLS,1048083132
QSASHZCB,code,L,70002969,FO,2006-01-07T05:50,2006-01-07T08:00,ORY,1048083132
QSASHZCB,code,L,70002976,FO,2006-01-07T08:40,2006-01-07T10:45,TLS,1048083132
QPRAVAIN,code,L,70002969,CSD,2006-01-07T05:50,2006-01-07T08:00,ORY,1048083132
QPRAVAIN,code,L,70002976,CSD,2006-01-07T08:40,2006-01-07T10:45,TLS,1048083132
YSKMIBWK,code,L,70002969,CSD,2006-01-07T05:50,2006-01-07T08:00,ORY,1048083132
YSKMIBWK,code,L,70002976,CSD,2006-01-07T08:40,2006-01-07T10:45,TLS,1048083132
WQYYMBBG,code,L,70002969,ST,2006-01-07T05:50,2006-01-07T08:00,ORY,1048083132
WQYYMBBG,code,L,70002976,ST,2006-01-07T08:40,2006-01-07T10:45,TLS,1048083132
ZGBYPEAZ,code,L,70002969,ST,2006-01-07T05:50,2006-01-07T08:00,ORY,1048083132
ZGBYPEAZ,code,L,70002976,ST,2006-01-07T08:40,2006-01-07T10:45,TLS,1048083132
AWGNUSHO,code,L,70002969,ST,2006-01-07T05:50,2006-01-07T08:00,ORY,1048083132
AWGNUSHO,code,L,70002976,ST,2006-01-07T08:40,2006-01-07T10:45,TLS,1048083132
QVGUIPLW,code,L,70002969,ST,2006-01-07T05:50,2006-01-07T08:00,ORY,1048083132
QVGUIPLW,code,L,70002976,ST,2006-01-07T08:40,2006-01-07T10:45,TLS,1048083132
GEDTDGSL,code,L,70002969,ST,2006-01-07T05:50,2006-01-07T08:00,ORY,1048083132
GEDTDGSL,code,L,70002976,ST,2006-01-07T08:40,2006-01-07T10:45,TLS,1048083132
XWIBDYNL,code,L,70002969,ST,2006-01-07T05:50,2006-01-07T08:00,ORY,1048083132
XWIBDYNL,code,L,70002976,ST,2006-01-07T08:40,2006-01-07T10:45,TLS,1048083132
KKJSVYCX,code,L,70004618,CP,2006-01-07T06:00,2006-01-07T08:10,ETZ,1002897798
KKJSVYCX,code,L,70004617,CP,2006-01-07T08:40,2006-01-07T10:25,ORY,1002897798
LYFSGWHP,code,L,70004618,FO,2006-01-07T06:00,2006-01-07T08:10,ETZ,1002897798
LYFSGWHP,code,L,70004617,FO,2006-01-07T08:40,2006-01-07T10:25,ORY,1002897798
UUHKYOKD,code,L,70004618,CSD,2006-01-07T06:00,2006-01-07T08:10,ETZ,1002897798
UUHKYOKD,code,L,70004617,CSD,2006-01-07T08:40,2006-01-07T10:25,ORY,1002897798
FNBEOLTP,code,L,70004618,CSD,2006-01-07T06:00,2006-01-07T08:10,ETZ,1002897798
FNBEOLTP,code,L,70004617,CSD,2006-01-07T08:40,2006-01-07T10:25,ORY,1002897798
QTVWKAFX,code,L,70004618,ST,2006-01-07T06:00,2006-01-07T08:10,ETZ,1002897798
QTVWKAFX,code,L,70004617,ST,2006-01-07T08:40,2006-01-07T10:25,ORY,1002897798
POHEOBDN,code,L,70004618,ST,2006-01-07T06:00,2006-01-07T08:10,ETZ,1002897798
POHEOBDN,code,L,70004617,ST,2006-01-07T08:40,2006-01-07T10:25,ORY,1002897798
GAFHVTIB,code,L,70004618,ST,2006-01-07T06:00,2006-01-07T08:10,ETZ,1002897798
GAFHVTIB,code,L,70004617,ST,2006-01-07T08:40,2006-01-07T10:25,ORY,1002897798
BOVPGVWE,code,L,70004618,ST,2006-01-07T06:00,2006-01-07T08:10,ETZ,1002897798
BOVPGVWE,code,L,70004617,ST,2006-01-07T08:40,2006-01-07T10:25,ORY,1002897798
FRJNECCJ,code,L,70004618,ST,2006-01-07T06:00,2006-01-07T08:10,ETZ,1002897798
FRJNECCJ,code,L,70004617,ST,2006-01-07T08:40,2006-01-07T10:25,ORY,1002897798
GUVPECXK,code,L,70004618,ST,2006-01-07T06:00,2006-01-07T08:10,ETZ,1002897798
GUVPECXK,code,L,70004617,ST,2006-01-07T08:40,2006-01-07T10:25,ORY,1002897798
CMDXNLQF,code,L,70003065,CP,2006-01-07T06:00,2006-01-07T08:20,ORY,2026928803
CMDXNLQF,code,L,70003070,CP,2006-01-07T09:05,2006-01-07T11:15,NCE,2026928803
BFLREIWE,code,L,70003065,FO,2006-01-07T06:00,2006-01-07T08:20,ORY,2026928803
BFLREIWE,code,L,70003070,FO,2006-01-07T09:05,2006-01-07T11:15,NCE,2026928803
AFLOGINT,code,L,70003065,CSD,2006-01-07T06:00,2006-01-07T08:20,ORY,2026928803
AFLOGINT,code,L,70003070,CSD,2006-01-07T09:05,2006-01-07T11:15,NCE,2026928803
SNHVAYUE,code,L,70003065,CSD,2006-01-07T06:00,2006-01-07T08:20,ORY,2026928803
SNHVAYUE,code,L,70003070,CSD,2006-01-07T09:05,2006-01-07T11:15,NCE,2026928803
ZUBCCGPC,code,L,70003065,ST,2006-01-07T06:00,2006-01-07T08:20,ORY,2026928803
ZUBCCGPC,code,L,70003070,ST,2006-01-07T09:05,2006-01-07T11:15,NCE,2026928803
RYDQEUHV,code,L,70003065,ST,2006-01-07T06:00,2006-01-07T08:20,ORY,2026928803
RYDQEUHV,code,L,70003070,ST,2006-01-07T09:05,2006-01-07T11:15,NCE,2026928803
CMCCRAHY,code,L,70003065,ST,2006-01-07T06:00,2006-01-07T08:20,ORY,2026928803
CMCCRAHY,code,L,70003070,ST,2006-01-07T09:05,2006-01-07T11:15,NCE,2026928803
XJXYCVEY,code,L,70003065,ST,2006-01-07T06:00,2006-01-07T08:20,ORY,2026928803
XJXYCVEY,code,L,70003070,ST,2006-01-07T09:05,2006-01-07T11:15,NCE,2026928803
ZAQTNLXX,code,L,70003065,ST,2006-01-07T06:00,2006-01-07T08:20,ORY,2026928803
ZAQTNLXX,code,L,70003070,ST,2006-01-07T09:05,2006-01-07T11:15,NCE,2026928803
RLGSFRWN,code,L,70003065,ST,2006-01-07T06:00,2006-01-07T08:20,ORY,2026928803
RLGSFRWN,code,L,70003070,ST,2006-01-07T09:05,2006-01-07T11:15,NCE,2026928803
WCZZIYQH,code,L,70004164,CP,2006-01-07T06:00,2006-01-07T08:00,SXB,1704637349
WCZZIYQH,code,L,70002883,CP,2006-01-07T11:35,2006-01-07T12:50,ORY,1704637349
WCZZIYQH,code,L,70002892,CP,2006-01-07T13:30,2006-01-07T14:50,MRS,1704637349
WCZZIYQH,code,L,70002895,CP,2006-01-07T15:35,2006-01-07T16:50,ORY,1704637349
WCZZIYQH,code,L,70002908,CP,2006-01-07T17:30,2006-01-07T18:50,MRS,1704637349
WCZZIYQH,code,L,70004189,CP,2006-01-07T19:25,2006-01-07T21:10,ORY,1704637349
TOBPRGBY,code,L,70004164,FO,2006-01-07T06:00,2006-01-07T08:00,SXB,1704637349
TOBPRGBY,code,L,70002883,FO,2006-01-07T11:35,2006-01-07T12:50,ORY,1704637349
TOBPRGBY,code,L,70002892,FO,2006-01-07T13:30,2006-01-07T14:50,MRS,1704637349
TOBPRGBY,code,L,70002895,FO,2006-01-07T15:35,2006-01-07T16:50,ORY,1704637349
TOBPRGBY,code,L,70002908,FO,2006-01-07T17:30,2006-01-07T18:50,MRS,1704637349
TOBPRGBY,code,L,70004189,FO,2006-01-07T19:25,2006-01-07T21:10,ORY,1704637349
ZCECRLDK,code,L,70004164,CSD,2006-01-07T06:00,2006-01-07T08:00,SXB,1704637349
ZCECRLDK,code,L,70002883,CSD,2006-01-07T11:35,2006-01-07T12:50,ORY,1704637349
ZCECRLDK,code,L,70002892,CSD,2006-01-07T13:30,2006-01-07T14:50,MRS,1704637349
ZCECRLDK,code,L,70002895,CSD,2006-01-07T15:35,2006-01-07T16:50,ORY,1704637349
ZCECRLDK,code,L,70002908,CSD,2006-01-07T17:30,2006-01-07T18:50,MRS,1704637349
ZCECRLDK,code,L,70004189,CSD,2006-01-07T19:25,2006-01-07T21:10,ORY,1704637349
VWOJQXPK,code,L,70004164,CSD,2006-01-07T06:00,2006-01-07T08:00,SXB,1704637349
VWOJQXPK,code,L,70002883,CSD,2006-01-07T11:35,2006-01-07T12:50,ORY,1704637349
VWOJQXPK,code,L,70002892,CSD,2006-01-07T13:30,2006-01-07T14:50,MRS,1704637349
VWOJQXPK,code,L,70002895,CSD,2006-01-07T15:35,2006-01-07T16:50,ORY,1704637349
VWOJQXPK,code,L,70002908,CSD,2006-01-07T17:30,2006-01-07T18:50,MRS,1704637349
VWOJQXPK,code,L,70004189,CSD,2006-01-07T19:25,2006-01-07T21:10,ORY,1704637349
LRZMKHNX,code,L,70004164,ST,2006-01-07T06:00,2006-01-07T08:00,SXB,1704637349
LRZMKHNX,code,L,70002883,ST,2006-01-07T11:35,2006-01-07T12:50,ORY,1704637349
LRZMKHNX,code,L,70002892,ST,2006-01-07T13:30,2006-01-07T14:50,MRS,1704637349
LRZMKHNX,code,L,70002895,ST,2006-01-07T15:35,2006-01-07T16:50,ORY,1704637349
LRZMKHNX,code,L,70002908,ST,2006-01-07T17:30,2006-01-07T18:50,MRS,1704637349
LRZMKHNX,code,L,70004189,ST,2006-01-07T19:25,2006-01-07T21:10,ORY,1704637349
ENZPTNYF,code,L,70004164,ST,2006-01-07T06:00,2006-01-07T08:00,SXB,1704637349
ENZPTNYF,code,L,70002883,ST,2006-01-07T11:35,2006-01-07T12:50,ORY,1704637349
ENZPTNYF,code,L,70002892,ST,2006-01-07T13:30,2006-01-07T14:50,MRS,1704637349
ENZPTNYF,code,L,70002895,ST,2006-01-07T15:35,2006-01-07T16:50,ORY,1704637349
ENZPTNYF,code,L,70002908,ST,2006-01-07T17:30,2006-01-07T18:50,MRS,1704637349
ENZPTNYF,code,L,70004189,ST,2006-01-07T19:25,2006-01-07T21:10,ORY,1704637349
MIXBHGJD,code,L,70004164,ST,2006-01-07T06:00,2006-01-07T08:00,SXB,1704637349
MIXBHGJD,code,L,70002883,ST,2006-01-07T11:35,2006-01-07T12:50,ORY,1704637349
MIXBHGJD,code,L,70002892,ST,2006-01-07T13:30,2006-01-07T14:50,MRS,1704637349
MIXBHGJD,code,L,70002895,ST,2006-01-07T15:35,2006-01-07T16:50,ORY,1704637349
MIXBHGJD,code,L,70002908,ST,2006-01-07T17:30,2006-01-07T18:50,MRS,1704637349
MIXBHGJD,code,L,70004189,ST,2006-01-07T19:25,2006-01-07T21:10,ORY,1704637349
AYBOZXZU,code,L,70004164,ST,2006-01-07T06:00,2006-01-07T08:00,SXB,1704637349
AYBOZXZU,code,L,70002883,ST,2006-01-07T11:35,2006-01-07T12:50,ORY,1704637349
AYBOZXZU,code,L,70002892,ST,2006-01-07T13:30,2006-01-07T14:50,MRS,1704637349
AYBOZXZU,code,L,70002895,ST,2006-01-07T15:35,2006-01-07T16:50,ORY,1704637349
AYBOZXZU,code,L,70002908,ST,2006-01-07T17:30,2006-01-07T18:50,MRS,1704637349
AYBOZXZU,code,L,70004189,ST,2006-01-07T19:25,2006-01-07T21:10,ORY,1704637349
GZCKJMSF,code,L,70004164,ST,2006-01-07T06:00,2006-01-07T08:00,SXB,1704637349
GZCKJMSF,code,L,70002883,ST,2006-01-07T11:35,2006-01-07T12:50,ORY,1704637349
GZCKJMSF,code,L,70002892,ST,2006-01-07T13:30,2006-01-07T14:50,MRS,1704637349
GZCKJMSF,code,L,70002895,ST,2006-01-07T15:35,2006-01-07T16:50,ORY,1704637349
GZCKJMSF,code,L,70002908,ST,2006-01-07T17:30,2006-01-07T18:50,MRS,1704637349
GZCKJMSF,code,L,70004189,ST,2006-01-07T19:25,2006-01-07T21:10,ORY,1704637349
KGCQVKPX,code,L,70004164,ST,2006-01-07T06:00,2006-01-07T08:00,SXB,1704637349
KGCQVKPX,code,L,70002883,ST,2006-01-07T11:35,2006-01-07T12:50,ORY,1704637349
KGCQVKPX,code,L,70002892,ST,2006-01-07T13:30,2006-01-07T14:50,MRS,1704637349
KGCQVKPX,code,L,70002895,ST,2006-01-07T15:35,2006-01-07T16:50,ORY,1704637349
KGCQVKPX,code,L,70002908,ST,2006-01-07T17:30,2006-01-07T18:50,MRS,1704637349
KGCQVKPX,code,L,70004189,ST,2006-01-07T19:25,2006-01-07T21:10,ORY,1704637349
ZHWEHYND,code,L,70002610,CP,2006-01-07T06:00,2006-01-07T08:35,RNS,272026514
ZHWEHYND,code,L,70002661,CP,2006-01-07T09:10,2006-01-07T11:05,NCE,272026514
ZHWEHYND,code,L,70002662,CP,2006-01-07T11:45,2006-01-07T13:35,BES,272026514
ZHWEHYND,code,L,70002609,CP,2006-01-07T14:05,2006-01-07T16:30,NCE,272026514
WWNBNJFD,code,L,70002610,FO,2006-01-07T06:00,2006-01-07T08:35,RNS,272026514
WWNBNJFD,code,L,70002661,FO,2006-01-07T09:10,2006-01-07T11:05,NCE,272026514
WWNBNJFD,code,L,70002662,FO,2006-01-07T11:45,2006-01-07T13:35,BES,272026514
WWNBNJFD,code,L,70002609,FO,2006-01-07T14:05,2006-01-07T16:30,NCE,272026514
PBUPSUZI,code,L,70002610,CS,2006-01-07T06:00,2006-01-07T08:35,RNS,272026514
PBUPSUZI,code,L,70002661,CS,2006-01-07T09:10,2006-01-07T11:05,NCE,272026514
PBUPSUZI,code,L,70002662,CS,2006-01-07T11:45,2006-01-07T13:35,BES,272026514
PBUPSUZI,code,L,70002609,CS,2006-01-07T14:05,2006-01-07T16:30,NCE,272026514
RDLTAMMT,code,L,70002610,ST,2006-01-07T06:00,2006-01-07T08:35,RNS,272026514
RDLTAMMT,code,L,70002661,ST,2006-01-07T09:10,2006-01-07T11:05,NCE,272026514
RDLTAMMT,code,L,70002662,ST,2006-01-07T11:45,2006-01-07T13:35,BES,272026514
RDLTAMMT,code,L,70002609,ST,2006-01-07T14:05,2006-01-07T16:30,NCE,272026514
JBOBTIGE,code,L,70002610,ST,2006-01-07T06:00,2006-01-07T08:35,RNS,272026514
JBOBTIGE,code,L,70002661,ST,2006-01-07T09:10,2006-01-07T11:05,NCE,272026514
JBOBTIGE,code,L,70002662,ST,2006-01-07T11:45,2006-01-07T13:35,BES,272026514
JBOBTIGE,code,L,70002609,ST,2006-01-07T14:05,2006-01-07T16:30,NCE,272026514
XHTLWZID,code,L,70002624,CP,2006-01-07T06:05,2006-01-07T08:25,NTE,1412011072
XHTLWZID,code,L,70002623,CP,2006-01-07T09:00,2006-01-07T10:25,MRS,1412011072
XHTLWZID,code,L,70002630,CP,2006-01-07T11:00,2006-01-07T12:20,NTE,1412011072
XHTLWZID,code,L,70002629,CP,2006-01-07T12:55,2006-01-07T15:05,MRS,1412011072
JPDUKJLI,code,L,70002624,FO,2006-01-07T06:05,2006-01-07T08:25,NTE,1412011072
JPDUKJLI,code,L,70002623,FO,2006-01-07T09:00,2006-01-07T10:25,MRS,1412011072
JPDUKJLI,code,L,70002630,FO,2006-01-07T11:00,2006-01-07T12:20,NTE,1412011072
JPDUKJLI,code,L,70002629,FO,2006-01-07T12:55,2006-01-07T15:05,MRS,1412011072
QNZPFEWU,code,L,70002624,CSD,2006-01-07T06:05,2006-01-07T08:25,NTE,1412011072
QNZPFEWU,code,L,70002623,CSD,2006-01-07T09:00,2006-01-07T10:25,MRS,1412011072
QNZPFEWU,code,L,70002630,CSD,2006-01-07T11:00,2006-01-07T12:20,NTE,1412011072
QNZPFEWU,code,L,70002629,CSD,2006-01-07T12:55,2006-01-07T15:05,MRS,1412011072
BGIRTTCQ,code,L,70002624,CSD,2006-01-07T06:05,2006-01-07T08:25,NTE,1412011072
BGIRTTCQ,code,L,70002623,CSD,2006-01-07T09:00,2006-01-07T10:25,MRS,1412011072
BGIRTTCQ,code,L,70002630,CSD,2006-01-07T11:00,2006-01-07T12:20,NTE,1412011072
BGIRTTCQ,code,L,70002629,CSD,2006-01-07T12:55,2006-01-07T15:05,MRS,1412011072
HWSICRAN,code,L,70002624,ST,2006-01-07T06:05,2006-01-07T08:25,NTE,1412011072
HWSICRAN,code,L,70002623,ST,2006-01-07T09:00,2006-01-07T10:25,MRS,1412011072
HWSICRAN,code,L,70002630,ST,2006-01-07T11:00,2006-01-07T12:20,NTE,1412011072
HWSICRAN,code,L,70002629,ST,2006-01-07T12:55,2006-01-07T15:05,MRS,1412011072
USITUNQA,code,L,70002624,ST,2006-01-07T06:05,2006-01-07T08:25,NTE,1412011072
USITUNQA,code,L,70002623,ST,2006-01-07T09:00,2006-01-07T10:25,MRS,1412011072
USITUNQA,code,L,70002630,ST,2006-01-07T11:00,2006-01-07T12:20,NTE,1412011072
USITUNQA,code,L,70002629,ST,2006-01-07T12:55,2006-01-07T15:05,MRS,1412011072
JEXESFWR,code,L,70002624,ST,2006-01-07T06:05,2006-01-07T08:25,NTE,1412011072
JEXESFWR,code,L,70002623,ST,2006-01-07T09:00,2006-01-07T10:25,MRS,1412011072
JEXESFWR,code,L,70002630,ST,2006-01-07T11:00,2006-01-07T12:20,NTE,1412011072
JEXESFWR,code,L,70002629,ST,2006-01-07T12:55,2006-01-07T15:05,MRS,1412011072
NPOMWUOB,code,L,70002624,ST,2006-01-07T06:05,2006-01-07T08:25,NTE,1412011072
NPOMWUOB,code,L,70002623,ST,2006-01-07T09:00,2006-01-07T10:25,MRS,1412011072
NPOMWUOB,code,L,70002630,ST,2006-01-07T11:00,2006-01-07T12:20,NTE,1412011072
NPOMWUOB,code,L,70002629,ST,2006-01-07T12:55,2006-01-07T15:05,MRS,1412011072
ULBZFUSS,code,L,70002624,ST,2006-01-07T06:05,2006-01-07T08:25,NTE,1412011072
ULBZFUSS,code,L,70002623,ST,2006-01-07T09:00,2006-01-07T10:25,MRS,1412011072
ULBZFUSS,code,L,70002630,ST,2006-01-07T11:00,2006-01-07T12:20,NTE,1412011072
ULBZFUSS,code,L,70002629,ST,2006-01-07T12:55,2006-01-07T15:05,MRS,1412011072
JUKQXRQV,code,L,70002624,ST,2006-01-07T06:05,2006-01-07T08:25,NTE,1412011072
JUKQXRQV,code,L,70002623,ST,2006-01-07T09:00,2006-01-07T10:25,MRS,1412011072
JUKQXRQV,code,L,70002630,ST,2006-01-07T11:00,2006-01-07T12:20,NTE,1412011072
JUKQXRQV,code,L,70002629,ST,2006-01-07T12:55,2006-01-07T15:05,MRS,1412011072
MNYNMQFW,code,L,70003117,CP,2006-01-07T06:15,2006-01-07T08:20,ORY,1844137836
MNYNMQFW,code,L,70003144,CP,2006-01-07T09:10,2006-01-07T10:20,BOD,1844137836
MNYNMQFW,code,L,70002869,CP,2006-01-07T12:10,2006-01-07T13:25,ORY,1844137836
MNYNMQFW,code,L,70002878,CP,2006-01-07T14:55,2006-01-07T16:50,MRS,1844137836
DPCLANNA,code,L,70003117,FO,2006-01-07T06:15,2006-01-07T08:20,ORY,1844137836
DPCLANNA,code,L,70003144,FO,2006-01-07T09:10,2006-01-07T10:20,BOD,1844137836
DPCLANNA,code,L,70002869,FO,2006-01-07T12:10,2006-01-07T13:25,ORY,1844137836
DPCLANNA,code,L,70002878,FO,2006-01-07T14:55,2006-01-07T16:50,MRS,1844137836
VFPFCEEQ,code,L,70003117,CSD,2006-01-07T06:15,2006-01-07T08:20,ORY,1844137836
VFPFCEEQ,code,L,70003144,CSD,2006-01-07T09:10,2006-01-07T10:20,BOD,1844137836
VFPFCEEQ,code,L,70002869,CSD,2006-01-07T12:10,2006-01-07T13:25,ORY,1844137836
VFPFCEEQ,code,L,70002878,CSD,2006-01-07T14:55,2006-01-07T16:50,MRS,1844137836
MGYYCQIV,code,L,70003117,CSD,2006-01-07T06:15,2006-01-07T08:20,ORY,1844137836
MGYYCQIV,code,L,70003144,CSD,2006-01-07T09:10,2006-01-07T10:20,BOD,1844137836
MGYYCQIV,code,L,70002869,CSD,2006-01-07T12:10,2006-01-07T13:25,ORY,1844137836
MGYYCQIV,code,L,70002878,CSD,2006-01-07T14:55,2006-01-07T16:50,MRS,1844137836
OOAHBJFT,code,L,70003117,ST,2006-01-07T06:15,2006-01-07T08:20,ORY,1844137836
OOAHBJFT,code,L,70003144,ST,2006-01-07T09:10,2006-01-07T10:20,BOD,1844137836
OOAHBJFT,code,L,70002869,ST,2006-01-07T12:10,2006-01-07T13:25,ORY,1844137836
OOAHBJFT,code,L,70002878,ST,2006-01-07T14:55,2006-01-07T16:50,MRS,1844137836
LCCMAWBM,code,L,70003117,ST,2006-01-07T06:15,2006-01-07T08:20,ORY,1844137836
LCCMAWBM,code,L,70003144,ST,2006-01-07T09:10,2006-01-07T10:20,BOD,1844137836
LCCMAWBM,code,L,70002869,ST,2006-01-07T12:10,2006-01-07T13:25,ORY,1844137836
LCCMAWBM,code,L,70002878,ST,2006-01-07T14:55,2006-01-07T16:50,MRS,1844137836
ZVXGTGOZ,code,L,70003117,ST,2006-01-07T06:15,2006-01-07T08:20,ORY,1844137836
ZVXGTGOZ,code,L,70003144,ST,2006-01-07T09:10,2006-01-07T10:20,BOD,1844137836
ZVXGTGOZ,code,L,70002869,ST,2006-01-07T12:10,2006-01-07T13:25,ORY,1844137836
ZVXGTGOZ,code,L,70002878,ST,2006-01-07T14:55,2006-01-07T16:50,MRS,1844137836
TQSPHIKS,code,L,70003117,ST,2006-01-07T06:15,2006-01-07T08:20,ORY,1844137836
TQSPHIKS,code,L,70003144,ST,2006-01-07T09:10,2006-01-07T10:20,BOD,1844137836
TQSPHIKS,code,L,70002869,ST,2006-01-07T12:10,2006-01-07T13:25,ORY,1844137836
TQSPHIKS,code,L,70002878,ST,2006-01-07T14:55,2006-01-07T16:50,MRS,1844137836
XJHXOCTH,code,L,70003117,ST,2006-01-07T06:15,2006-01-07T08:20,ORY,1844137836
XJHXOCTH,code,L,70003144,ST,2006-01-07T09:10,2006-01-07T10:20,BOD,1844137836
XJHXOCTH,code,L,70002869,ST,2006-01-07T12:10,2006-01-07T13:25,ORY,1844137836
XJHXOCTH,code,L,70002878,ST,2006-01-07T14:55,2006-01-07T16:50,MRS,1844137836
VSGWSULJ,code,L,70003117,ST,2006-01-07T06:15,2006-01-07T08:20,ORY,1844137836
VSGWSULJ,code,L,70003144,ST,2006-01-07T09:10,2006-01-07T10:20,BOD,1844137836
VSGWSULJ,code,L,70002869,ST,2006-01-07T12:10,2006-01-07T13:25,ORY,1844137836
VSGWSULJ,code,L,70002878,ST,2006-01-07T14:55,2006-01-07T16:50,MRS,1844137836
OWCEACJH,code,L,70004385,CP,2006-01-07T06:25,2006-01-07T08:45,ORY,1713579631
OWCEACJH,code,L,70004386,CP,2006-01-07T09:35,2006-01-07T11:45,PGF,1713579631
RQPVRASN,code,L,70004385,FO,2006-01-07T06:25,2006-01-07T08:45,ORY,1713579631
RQPVRASN,code,L,70004386,FO,2006-01-07T09:35,2006-01-07T11:45,PGF,1713579631
OAWDPQFL,code,L,70004385,CSD,2006-01-07T06:25,2006-01-07T08:45,ORY,1713579631
OAWDPQFL,code,L,70004386,CSD,2006-01-07T09:35,2006-01-07T11:45,PGF,1713579631
HJJLGIKS,code,L,70004385,CSD,2006-01-07T06:25,2006-01-07T08:45,ORY,1713579631
HJJLGIKS,code,L,70004386,CSD,2006-01-07T09:35,2006-01-07T11:45,PGF,1713579631
JTFUVASC,code,L,70004385,ST,2006-01-07T06:25,2006-01-07T08:45,ORY,1713579631
JTFUVASC,code,L,70004386,ST,2006-01-07T09:35,2006-01-07T11:45,PGF,1713579631
RFKULNCQ,code,L,70004385,ST,2006-01-07T06:25,2006-01-07T08:45,ORY,1713579631
RFKULNCQ,code,L,70004386,ST,2006-01-07T09:35,2006-01-07T11:45,PGF,1713579631
VXYCLEQU,code,L,70004385,ST,2006-01-07T06:25,2006-01-07T08:45,ORY,1713579631
VXYCLEQU,code,L,70004386,ST,2006-01-07T09:35,2006-01-07T11:45,PGF,1713579631
PPONCFTM,code,L,70004385,ST,2006-01-07T06:25,2006-01-07T08:45,ORY,1713579631
PPONCFTM,code,L,70004386,ST,2006-01-07T09:35,2006-01-07T11:45,PGF,1713579631
AAAXMXVD,code,L,70004385,ST,2006-01-07T06:25,2006-01-07T08:45,ORY,1713579631
AAAXMXVD,code,L,70004386,ST,2006-01-07T09:35,2006-01-07T11:45,PGF,1713579631
NWRMHZZI,code,L,70004385,ST,2006-01-07T06:25,2006-01-07T08:45,ORY,1713579631
NWRMHZZI,code,L,70004386,ST,2006-01-07T09:35,2006-01-07T11:45,PGF,1713579631
BBZKGTBQ,code,L,70004486,CP,2006-01-07T06:25,2006-01-07T08:50,BOD,216794175
BBZKGTBQ,code,L,70004485,CP,2006-01-07T09:55,2006-01-07T12:00,CDG,216794175
AVATLHGK,code,L,70004486,FO,2006-01-07T06:25,2006-01-07T08:50,BOD,216794175
AVATLHGK,code,L,70004485,FO,2006-01-07T09:55,2006-01-07T12:00,CDG,216794175
EVHJCHKJ,code,L,70004486,CSD,2006-01-07T06:25,2006-01-07T08:50,BOD,216794175
EVHJCHKJ,code,L,70004485,CSD,2006-01-07T09:55,2006-01-07T12:00,CDG,216794175
XGMCOYAJ,code,L,70004486,CSD,2006-01-07T06:25,2006-01-07T08:50,BOD,216794175
XGMCOYAJ,code,L,70004485,CSD,2006-01-07T09:55,2006-01-07T12:00,CDG,216794175
YQWHNVRK,code,L,70004486,ST,2006-01-07T06:25,2006-01-07T08:50,BOD,216794175
YQWHNVRK,code,L,70004485,ST,2006-01-07T09:55,2006-01-07T12:00,CDG,216794175
OHIZXHVU,code,L,70004486,ST,2006-01-07T06:25,2006-01-07T08:50,BOD,216794175
OHIZXHVU,code,L,70004485,ST,2006-01-07T09:55,2006-01-07T12:00,CDG,216794175
VYUFGMWN,code,L,70004486,ST,2006-01-07T06:25,2006-01-07T08:50,BOD,216794175
VYUFGMWN,code,L,70004485,ST,2006-01-07T09:55,2006-01-07T12:00,CDG,216794175
ODOSHKMU,code,L,70004486,ST,2006-01-07T06:25,2006-01-07T08:50,BOD,216794175
ODOSHKMU,code,L,70004485,ST,2006-01-07T09:55,2006-01-07T12:00,CDG,216794175
MGIEQGUE,code,L,70004486,ST,2006-01-07T06:25,2006-01-07T08:50,BOD,216794175
MGIEQGUE,code,L,70004485,ST,2006-01-07T09:55,2006-01-07T12:00,CDG,216794175
NZYTNQZP,code,L,70004486,ST,2006-01-07T06:25,2006-01-07T08:50,BOD,216794175
NZYTNQZP,code,L,70004485,ST,2006-01-07T09:55,2006-01-07T12:00,CDG,216794175
BMYRHHVX,code,L,70002520,CP,2006-01-07T06:25,2006-01-07T08:25,NTE,1017541010
BMYRHHVX,code,L,70002519,CP,2006-01-07T08:55,2006-01-07T09:55,TLS,1017541010
BMYRHHVX,code,L,70002518,CP,2006-01-07T10:45,2006-01-07T11:45,NTE,1017541010
BMYRHHVX,code,L,70002517,CP,2006-01-07T12:15,2006-01-07T13:15,TLS,1017541010
BMYRHHVX,code,L,70002626,CP,2006-01-07T13:50,2006-01-07T15:10,NTE,1017541010
BMYRHHVX,code,L,70002625,CP,2006-01-07T15:45,2006-01-07T17:55,MRS,1017541010
GTATLRGO,code,L,70002520,FO,2006-01-07T06:25,2006-01-07T08:25,NTE,1017541010
GTATLRGO,code,L,70002519,FO,2006-01-07T08:55,2006-01-07T09:55,TLS,1017541010
GTATLRGO,code,L,70002518,FO,2006-01-07T10:45,2006-01-07T11:45,NTE,1017541010
GTATLRGO,code,L,70002517,FO,2006-01-07T12:15,2006-01-07T13:15,TLS,1017541010
GTATLRGO,code,L,70002626,FO,2006-01-07T13:50,2006-01-07T15:10,NTE,1017541010
GTATLRGO,code,L,70002625,FO,2006-01-07T15:45,2006-01-07T17:55,MRS,1017541010
EZHDYVJZ,code,L,70002520,CSD,2006-01-07T06:25,2006-01-07T08:25,NTE,1017541010
EZHDYVJZ,code,L,70002519,CSD,2006-01-07T08:55,2006-01-07T09:55,TLS,1017541010
EZHDYVJZ,code,L,70002518,CSD,2006-01-07T10:45,2006-01-07T11:45,NTE,1017541010
EZHDYVJZ,code,L,70002517,CSD,2006-01-07T12:15,2006-01-07T13:15,TLS,1017541010
EZHDYVJZ,code,L,70002626,CSD,2006-01-07T13:50,2006-01-07T15:10,NTE,1017541010
EZHDYVJZ,code,L,70002625,CSD,2006-01-07T15:45,2006-01-07T17:55,MRS,1017541010
BDKQTVXI,code,L,70002520,ST,2006-01-07T06:25,2006-01-07T08:25,NTE,1017541010
BDKQTVXI,code,L,70002519,ST,2006-01-07T08:55,2006-01-07T09:55,TLS,1017541010
BDKQTVXI,code,L,70002518,ST,2006-01-07T10:45,2006-01-07T11:45,NTE,1017541010
BDKQTVXI,code,L,70002517,ST,2006-01-07T12:15,2006-01-07T13:15,TLS,1017541010
BDKQTVXI,code,L,70002626,ST,2006-01-07T13:50,2006-01-07T15:10,NTE,1017541010
BDKQTVXI,code,L,70002625,ST,2006-01-07T15:45,2006-01-07T17:55,MRS,1017541010
CQJOZSJC,code,L,70002520,ST,2006-01-07T06:25,2006-01-07T08:25,NTE,1017541010
CQJOZSJC,code,L,70002519,ST,2006-01-07T08:55,2006-01-07T09:55,TLS,1017541010
CQJOZSJC,code,L,70002518,ST,2006-01-07T10:45,2006-01-07T11:45,NTE,1017541010
CQJOZSJC,code,L,70002517,ST,2006-01-07T12:15,2006-01-07T13:15,TLS,1017541010
CQJOZSJC,code,L,70002626,ST,2006-01-07T13:50,2006-01-07T15:10,NTE,1017541010
CQJOZSJC,code,L,70002625,ST,2006-01-07T15:45,2006-01-07T17:55,MRS,1017541010
XXRVPOTM,code,L,70002868,CP,2006-01-07T06:30,2006-01-07T08:50,MRS,921209318
XXRVPOTM,code,L,70002877,CP,2006-01-07T09:35,2006-01-07T11:35,ORY,921209318
TXPPHMTA,code,L,70002868,FO,2006-01-07T06:30,2006-01-07T08:50,MRS,921209318
TXPPHMTA,code,L,70002877,FO,2006-01-07T09:35,2006-01-07T11:35,ORY,921209318
HVQVSLKS,code,L,70002868,CSD,2006-01-07T06:30,2006-01-07T08:50,MRS,921209318
HVQVSLKS,code,L,70002877,CSD,2006-01-07T09:35,2006-01-07T11:35,ORY,921209318
JCLHAZNL,code,L,70002868,CSD,2006-01-07T06:30,2006-01-07T08:50,MRS,921209318
JCLHAZNL,code,L,70002877,CSD,2006-01-07T09:35,2006-01-07T11:35,ORY,921209318
NMCAGVHU,code,L,70002868,ST,2006-01-07T06:30,2006-01-07T08:50,MRS,921209318
NMCAGVHU,code,L,70002877,ST,2006-01-07T09:35,2006-01-07T11:35,ORY,921209318
CHQQZLPQ,code,L,70002868,ST,2006-01-07T06:30,2006-01-07T08:50,MRS,921209318
CHQQZLPQ,code,L,70002877,ST,2006-01-07T09:35,2006-01-07T11:35,ORY,921209318
NEHTTPSU,code,L,70002868,ST,2006-01-07T06:30,2006-01-07T08:50,MRS,921209318
NEHTTPSU,code,L,70002877,ST,2006-01-07T09:35,2006-01-07T11:35,ORY,921209318
MNAGZTGF,code,L,70002868,ST,2006-01-07T06:30,2006-01-07T08:50,MRS,921209318
MNAGZTGF,code,L,70002877,ST,2006-01-07T09:35,2006-01-07T11:35,ORY,921209318
UIAHIFLT,code,L,70002868,ST,2006-01-07T06:30,2006-01-07T08:50,MRS,921209318
UIAHIFLT,code,L,70002877,ST,2006-01-07T09:35,2006-01-07T11:35,ORY,921209318
CWZZGFIY,code,L,70002868,ST,2006-01-07T06:30,2006-01-07T08:50,MRS,921209318
CWZZGFIY,code,L,70002877,ST,2006-01-07T09:35,2006-01-07T11:35,ORY,921209318
CNASNBIB,code,L,70004400,CP,2006-01-07T06:30,2006-01-07T09:15,FSC,943091072
CNASNBIB,code,L,70004393,CP,2006-01-07T09:40,2006-01-07T12:10,ORY,943091072
PFKOHNWT,code,L,70004400,FO,2006-01-07T06:30,2006-01-07T09:15,FSC,943091072
PFKOHNWT,code,L,70004393,FO,2006-01-07T09:40,2006-01-07T12:10,ORY,943091072
FQVHXCUE,code,L,70004400,CSD,2006-01-07T06:30,2006-01-07T09:15,FSC,943091072
FQVHXCUE,code,L,70004393,CSD,2006-01-07T09:40,2006-01-07T12:10,ORY,943091072
AETTIWMM,code,L,70004400,ST,2006-01-07T06:30,2006-01-07T09:15,FSC,943091072
AETTIWMM,code,L,70004393,ST,2006-01-07T09:40,2006-01-07T12:10,ORY,943091072
RWHUJIHL,code,L,70004400,ST,2006-01-07T06:30,2006-01-07T09:15,FSC,943091072
RWHUJIHL,code,L,70004393,ST,2006-01-07T09:40,2006-01-07T12:10,ORY,943091072
OQAIIBVM,code,L,70004400,ST,2006-01-07T06:30,2006-01-07T09:15,FSC,943091072
OQAIIBVM,code,L,70004393,ST,2006-01-07T09:40,2006-01-07T12:10,ORY,943091072
IYGIAPVK,code,L,70003067,CP,2006-01-07T06:30,2006-01-07T08:50,ORY,1772116450
IYGIAPVK,code,L,70004784,CP,2006-01-07T10:00,2006-01-07T11:40,NCE,1772116450
IYGIAPVK,code,L,70004679,CP,2006-01-07T12:35,2006-01-07T13:50,LIL,1772116450
IYGIAPVK,code,L,70004678,CP,2006-01-07T14:45,2006-01-07T16:30,LYS,1772116450
YDXOEBLT,code,L,70003067,FO,2006-01-07T06:30,2006-01-07T08:50,ORY,1772116450
YDXOEBLT,code,L,70004784,FO,2006-01-07T10:00,2006-01-07T11:40,NCE,1772116450
YDXOEBLT,code,L,70004679,FO,2006-01-07T12:35,2006-01-07T13:50,LIL,1772116450
YDXOEBLT,code,L,70004678,FO,2006-01-07T14:45,2006-01-07T16:30,LYS,1772116450
DIQRRXQC,code,L,70003067,CSD,2006-01-07T06:30,2006-01-07T08:50,ORY,1772116450
DIQRRXQC,code,L,70004784,CSD,2006-01-07T10:00,2006-01-07T11:40,NCE,1772116450
DIQRRXQC,code,L,70004679,CSD,2006-01-07T12:35,2006-01-07T13:50,LIL,1772116450
DIQRRXQC,code,L,70004678,CSD,2006-01-07T14:45,2006-01-07T16:30,LYS,1772116450
BXYLEOEG,code,L,70003067,ST,2006-01-07T06:30,2006-01-07T08:50,ORY,1772116450
BXYLEOEG,code,L,70004784,ST,2006-01-07T10:00,2006-01-07T11:40,NCE,1772116450
BXYLEOEG,code,L,70004679,ST,2006-01-07T12:35,2006-01-07T13:50,LIL,1772116450
BXYLEOEG,code,L,70004678,ST,2006-01-07T14:45,2006-01-07T16:30,LYS,1772116450
BIBPXZHA,code,L,70003067,ST,2006-01-07T06:30,2006-01-07T08:50,ORY,1772116450
BIBPXZHA,code,L,70004784,ST,2006-01-07T10:00,2006-01-07T11:40,NCE,1772116450
BIBPXZHA,code,L,70004679,ST,2006-01-07T12:35,2006-01-07T13:50,LIL,1772116450
BIBPXZHA,code,L,70004678,ST,2006-01-07T14:45,2006-01-07T16:30,LYS,1772116450
EPFTZPXM,code,L,70004165,CP,2006-01-07T07:00,2006-01-07T09:00,ORY,29236707
EPFTZPXM,code,L,70004170,CP,2006-01-07T10:10,2006-01-07T11:10,SXB,29236707
EPFTZPXM,code,L,70004171,CP,2006-01-07T14:25,2006-01-07T15:25,ORY,29236707
EPFTZPXM,code,L,70004180,CP,2006-01-07T17:00,2006-01-07T18:45,SXB,29236707
HJGKQIOJ,code,L,70004165,FO,2006-01-07T07:00,2006-01-07T09:00,ORY,29236707
HJGKQIOJ,code,L,70004170,FO,2006-01-07T10:10,2006-01-07T11:10,SXB,29236707
HJGKQIOJ,code,L,70004171,FO,2006-01-07T14:25,2006-01-07T15:25,ORY,29236707
HJGKQIOJ,code,L,70004180,FO,2006-01-07T17:00,2006-01-07T18:45,SXB,29236707
GOPKIMJL,code,L,70004165,CSD,2006-01-07T07:00,2006-01-07T09:00,ORY,29236707
GOPKIMJL,code,L,70004170,CSD,2006-01-07T10:10,2006-01-07T11:10,SXB,29236707
GOPKIMJL,code,L,70004171,CSD,2006-01-07T14:25,2006-01-07T15:25,ORY,29236707
GOPKIMJL,code,L,70004180,CSD,2006-01-07T17:00,2006-01-07T18:45,SXB,29236707
GRAGAFUK,code,L,70004165,CSD,2006-01-07T07:00,2006-01-07T09:00,ORY,29236707
GRAGAFUK,code,L,70004170,CSD,2006-01-07T10:10,2006-01-07T11:10,SXB,29236707
GRAGAFUK,code,L,70004171,CSD,2006-01-07T14:25,2006-01-07T15:25,ORY,29236707
GRAGAFUK,code,L,70004180,CSD,2006-01-07T17:00,2006-01-07T18:45,SXB,29236707
YXIJONXF,code,L,70004165,ST,2006-01-07T07:00,2006-01-07T09:00,ORY,29236707
YXIJONXF,code,L,70004170,ST,2006-01-07T10:10,2006-01-07T11:10,SXB,29236707
YXIJONXF,code,L,70004171,ST,2006-01-07T14:25,2006-01-07T15:25,ORY,29236707
YXIJONXF,code,L,70004180,ST,2006-01-07T17:00,2006-01-07T18:45,SXB,29236707
DIMCABRQ,code,L,70004165,ST,2006-01-07T07:00,2006-01-07T09:00,ORY,29236707
DIMCABRQ,code,L,70004170,ST,2006-01-07T10:10,2006-01-07T11:10,SXB,29236707
DIMCABRQ,code,L,70004171,ST,2006-01-07T14:25,2006-01-07T15:25,ORY,29236707
DIMCABRQ,code,L,70004180,ST,2006-01-07T17:00,2006-01-07T18:45,SXB,29236707
FORPXDJC,code,L,70004165,ST,2006-01-07T07:00,2006-01-07T09:00,ORY,29236707
FORPXDJC,code,L,70004170,ST,2006-01-07T10:10,2006-01-07T11:10,SXB,29236707
FORPXDJC,code,L,70004171,ST,2006-01-07T14:25,2006-01-07T15:25,ORY,29236707
FORPXDJC,code,L,70004180,ST,2006-01-07T17:00,2006-01-07T18:45,SXB,29236707
EQDIMERJ,code,L,70004165,ST,2006-01-07T07:00,2006-01-07T09:00,ORY,29236707
EQDIMERJ,code,L,70004170,ST,2006-01-07T10:10,2006-01-07T11:10,SXB,29236707
EQDIMERJ,code,L,70004171,ST,2006-01-07T14:25,2006-01-07T15:25,ORY,29236707
EQDIMERJ,code,L,70004180,ST,2006-01-07T17:00,2006-01-07T18:45,SXB,29236707
IVXGSLPO,code,L,70004165,ST,2006-01-07T07:00,2006-01-07T09:00,ORY,29236707
IVXGSLPO,code,L,70004170,ST,2006-01-07T10:10,2006-01-07T11:10,SXB,29236707
IVXGSLPO,code,L,70004171,ST,2006-01-07T14:25,2006-01-07T15:25,ORY,29236707
IVXGSLPO,code,L,70004180,ST,2006-01-07T17:00,2006-01-07T18:45,SXB,29236707
HJXRVHSW,code,L,70004165,ST,2006-01-07T07:00,2006-01-07T09:00,ORY,29236707
HJXRVHSW,code,L,70004170,ST,2006-01-07T10:10,2006-01-07T11:10,SXB,29236707
HJXRVHSW,code,L,70004171,ST,2006-01-07T14:25,2006-01-07T15:25,ORY,29236707
HJXRVHSW,code,L,70004180,ST,2006-01-07T17:00,2006-01-07T18:45,SXB,29236707
JDWTRURL,code,L,70003122,CP,2006-01-07T07:00,2006-01-07T09:10,BOD,863898425
JDWTRURL,code,L,70003121,CP,2006-01-07T10:10,2006-01-07T12:00,ORY,863898425
ZSVWSKTG,code,L,70003122,FO,2006-01-07T07:00,2006-01-07T09:10,BOD,863898425
ZSVWSKTG,code,L,70003121,FO,2006-01-07T10:10,2006-01-07T12:00,ORY,863898425
QJJIMMJU,code,L,70003122,CSD,2006-01-07T07:00,2006-01-07T09:10,BOD,863898425
QJJIMMJU,code,L,70003121,CSD,2006-01-07T10:10,2006-01-07T12:00,ORY,863898425
ALKCQNAT,code,L,70003122,CSD,2006-01-07T07:00,2006-01-07T09:10,BOD,863898425
ALKCQNAT,code,L,70003121,CSD,2006-01-07T10:10,2006-01-07T12:00,ORY,863898425
IWFHYTZG,code,L,70003122,ST,2006-01-07T07:00,2006-01-07T09:10,BOD,863898425
IWFHYTZG,code,L,70003121,ST,2006-01-07T10:10,2006-01-07T12:00,ORY,863898425
CIZUXKQO,code,L,70003122,ST,2006-01-07T07:00,2006-01-07T09:10,BOD,863898425
CIZUXKQO,code,L,70003121,ST,2006-01-07T10:10,2006-01-07T12:00,ORY,863898425
HWMNWHHC,code,L,70003122,ST,2006-01-07T07:00,2006-01-07T09:10,BOD,863898425
HWMNWHHC,code,L,70003121,ST,2006-01-07T10:10,2006-01-07T12:00,ORY,863898425
MFBJOXWC,code,L,70003122,ST,2006-01-07T07:00,2006-01-07T09:10,BOD,863898425
MFBJOXWC,code,L,70003121,ST,2006-01-07T10:10,2006-01-07T12:00,ORY,863898425
DSAMDGRE,code,L,70003122,ST,2006-01-07T07:00,2006-01-07T09:10,BOD,863898425
DSAMDGRE,code,L,70003121,ST,2006-01-07T10:10,2006-01-07T12:00,ORY,863898425
RCRUBHEY,code,L,70003122,ST,2006-01-07T07:00,2006-01-07T09:10,BOD,863898425
RCRUBHEY,code,L,70003121,ST,2006-01-07T10:10,2006-01-07T12:00,ORY,863898425
XNQWJSQE,code,L,70004406,CP,2006-01-07T07:05,2006-01-07T09:25,MPL,1022862599
XNQWJSQE,code,L,70004409,CP,2006-01-07T10:15,2006-01-07T12:15,ORY,1022862599
ZJBOXBDD,code,L,70004406,FO,2006-01-07T07:05,2006-01-07T09:25,MPL,1022862599
ZJBOXBDD,code,L,70004409,FO,2006-01-07T10:15,2006-01-07T12:15,ORY,1022862599
QDQGWRAB,code,L,70004406,CSD,2006-01-07T07:05,2006-01-07T09:25,MPL,1022862599
QDQGWRAB,code,L,70004409,CSD,2006-01-07T10:15,2006-01-07T12:15,ORY,1022862599
RCJZCVRN,code,L,70004406,CSD,2006-01-07T07:05,2006-01-07T09:25,MPL,1022862599
RCJZCVRN,code,L,70004409,CSD,2006-01-07T10:15,2006-01-07T12:15,ORY,1022862599
NDGGKVTS,code,L,70004406,ST,2006-01-07T07:05,2006-01-07T09:25,MPL,1022862599
NDGGKVTS,code,L,70004409,ST,2006-01-07T10:15,2006-01-07T12:15,ORY,1022862599
LCTDQHSQ,code,L,70004406,ST,2006-01-07T07:05,2006-01-07T09:25,MPL,1022862599
LCTDQHSQ,code,L,70004409,ST,2006-01-07T10:15,2006-01-07T12:15,ORY,1022862599
HSNVGWPP,code,L,70004406,ST,2006-01-07T07:05,2006-01-07T09:25,MPL,1022862599
HSNVGWPP,code,L,70004409,ST,2006-01-07T10:15,2006-01-07T12:15,ORY,1022862599
SFGTGUGM,code,L,70004406,ST,2006-01-07T07:05,2006-01-07T09:25,MPL,1022862599
SFGTGUGM,code,L,70004409,ST,2006-01-07T10:15,2006-01-07T12:15,ORY,1022862599
KXHBVYQR,code,L,70004406,ST,2006-01-07T07:05,2006-01-07T09:25,MPL,1022862599
KXHBVYQR,code,L,70004409,ST,2006-01-07T10:15,2006-01-07T12:15,ORY,1022862599
FBLCMBUX,code,L,70004406,ST,2006-01-07T07:05,2006-01-07T09:25,MPL,1022862599
FBLCMBUX,code,L,70004409,ST,2006-01-07T10:15,2006-01-07T12:15,ORY,1022862599
ZRJXQMBC,code,L,70002978,CP,2006-01-07T07:10,2006-01-07T09:30,TLS,461272858
ZRJXQMBC,code,L,70004345,CP,2006-01-07T10:45,2006-01-07T12:00,ORY,461272858
ZRJXQMBC,code,L,70004348,CP,2006-01-07T12:50,2006-01-07T14:10,BIQ,461272858
ZRJXQMBC,code,L,70004351,CP,2006-01-07T15:55,2006-01-07T17:10,ORY,461272858
ZRJXQMBC,code,L,70004354,CP,2006-01-07T18:00,2006-01-07T19:20,BIQ,461272858
ZRJXQMBC,code,L,70004342,CP,2006-01-07T20:05,2006-01-07T21:50,ORY,461272858
UJNORBWF,code,L,70002978,FO,2006-01-07T07:10,2006-01-07T09:30,TLS,461272858
UJNORBWF,code,L,70004345,FO,2006-01-07T10:45,2006-01-07T12:00,ORY,461272858
UJNORBWF,code,L,70004348,FO,2006-01-07T12:50,2006-01-07T14:10,BIQ,461272858
UJNORBWF,code,L,70004351,FO,2006-01-07T15:55,2006-01-07T17:10,ORY,461272858
UJNORBWF,code,L,70004354,FO,2006-01-07T18:00,2006-01-07T19:20,BIQ,461272858
UJNORBWF,code,L,70004342,FO,2006-01-07T20:05,2006-01-07T21:50,ORY,461272858
NTIWMUSN,code,L,70002978,CSD,2006-01-07T07:10,2006-01-07T09:30,TLS,461272858
NTIWMUSN,code,L,70004345,CSD,2006-01-07T10:45,2006-01-07T12:00,ORY,461272858
NTIWMUSN,code,L,70004348,CSD,2006-01-07T12:50,2006-01-07T14:10,BIQ,461272858
NTIWMUSN,code,L,70004351,CSD,2006-01-07T15:55,2006-01-07T17:10,ORY,461272858
NTIWMUSN,code,L,70004354,CSD,2006-01-07T18:00,2006-01-07T19:20,BIQ,461272858
NTIWMUSN,code,L,70004342,CSD,2006-01-07T20:05,2006-01-07T21:50,ORY,461272858
MPOFCHBP,code,L,70002978,CSD,2006-01-07T07:10,2006-01-07T09:30,TLS,461272858
MPOFCHBP,code,L,70004345,CSD,2006-01-07T10:45,2006-01-07T12:00,ORY,461272858
MPOFCHBP,code,L,70004348,CSD,2006-01-07T12:50,2006-01-07T14:10,BIQ,461272858
MPOFCHBP,code,L,70004351,CSD,2006-01-07T15:55,2006-01-07T17:10,ORY,461272858
MPOFCHBP,code,L,70004354,CSD,2006-01-07T18:00,2006-01-07T19:20,BIQ,461272858
MPOFCHBP,code,L,70004342,CSD,2006-01-07T20:05,2006-01-07T21:50,ORY,461272858
AVITLXMP,code,L,70002978,ST,2006-01-07T07:10,2006-01-07T09:30,TLS,461272858
AVITLXMP,code,L,70004345,ST,2006-01-07T10:45,2006-01-07T12:00,ORY,461272858
AVITLXMP,code,L,70004348,ST,2006-01-07T12:50,2006-01-07T14:10,BIQ,461272858
AVITLXMP,code,L,70004351,ST,2006-01-07T15:55,2006-01-07T17:10,ORY,461272858
AVITLXMP,code,L,70004354,ST,2006-01-07T18:00,2006-01-07T19:20,BIQ,461272858
AVITLXMP,code,L,70004342,ST,2006-01-07T20:05,2006-01-07T21:50,ORY,461272858
HVFUEFTS,code,L,70002978,ST,2006-01-07T07:10,2006-01-07T09:30,TLS,461272858
HVFUEFTS,code,L,70004345,ST,2006-01-07T10:45,2006-01-07T12:00,ORY,461272858
HVFUEFTS,code,L,70004348,ST,2006-01-07T12:50,2006-01-07T14:10,BIQ,461272858
HVFUEFTS,code,L,70004351,ST,2006-01-07T15:55,2006-01-07T17:10,ORY,461272858
HVFUEFTS,code,L,70004354,ST,2006-01-07T18:00,2006-01-07T19:20,BIQ,461272858
HVFUEFTS,code,L,70004342,ST,2006-01-07T20:05,2006-01-07T21:50,ORY,461272858
IRMGTTBV,code,L,70002978,ST,2006-01-07T07:10,2006-01-07T09:30,TLS,461272858
IRMGTTBV,code,L,70004345,ST,2006-01-07T10:45,2006-01-07T12:00,ORY,461272858
IRMGTTBV,code,L,70004348,ST,2006-01-07T12:50,2006-01-07T14:10,BIQ,461272858
IRMGTTBV,code,L,70004351,ST,2006-01-07T15:55,2006-01-07T17:10,ORY,461272858
IRMGTTBV,code,L,70004354,ST,2006-01-07T18:00,2006-01-07T19:20,BIQ,461272858
IRMGTTBV,code,L,70004342,ST,2006-01-07T20:05,2006-01-07T21:50,ORY,461272858
ZWDJYGVP,code,L,70002978,ST,2006-01-07T07:10,2006-01-07T09:30,TLS,461272858
ZWDJYGVP,code,L,70004345,ST,2006-01-07T10:45,2006-01-07T12:00,ORY,461272858
ZWDJYGVP,code,L,70004348,ST,2006-01-07T12:50,2006-01-07T14:10,BIQ,461272858
ZWDJYGVP,code,L,70004351,ST,2006-01-07T15:55,2006-01-07T17:10,ORY,461272858
ZWDJYGVP,code,L,70004354,ST,2006-01-07T18:00,2006-01-07T19:20,BIQ,461272858
ZWDJYGVP,code,L,70004342,ST,2006-01-07T20:05,2006-01-07T21:50,ORY,461272858
IZBRKBCK,code,L,70002978,ST,2006-01-07T07:10,2006-01-07T09:30,TLS,461272858
IZBRKBCK,code,L,70004345,ST,2006-01-07T10:45,2006-01-07T12:00,ORY,461272858
IZBRKBCK,code,L,70004348,ST,2006-01-07T12:50,2006-01-07T14:10,BIQ,461272858
IZBRKBCK,code,L,70004351,ST,2006-01-07T15:55,2006-01-07T17:10,ORY,461272858
IZBRKBCK,code,L,70004354,ST,2006-01-07T18:00,2006-01-07T19:20,BIQ,461272858
IZBRKBCK,code,L,70004342,ST,2006-01-07T20:05,2006-01-07T21:50,ORY,461272858
FOBMEKPV,code,L,70002978,ST,2006-01-07T07:10,2006-01-07T09:30,TLS,461272858
FOBMEKPV,code,L,70004345,ST,2006-01-07T10:45,2006-01-07T12:00,ORY,461272858
FOBMEKPV,code,L,70004348,ST,2006-01-07T12:50,2006-01-07T14:10,BIQ,461272858
FOBMEKPV,code,L,70004351,ST,2006-01-07T15:55,2006-01-07T17:10,ORY,461272858
FOBMEKPV,code,L,70004354,ST,2006-01-07T18:00,2006-01-07T19:20,BIQ,461272858
FOBMEKPV,code,L,70004342,ST,2006-01-07T20:05,2006-01-07T21:50,ORY,461272858
ETAUKVUB,code,L,70004168,CP,2006-01-07T07:10,2006-01-07T09:10,SXB,1178395817
ETAUKVUB,code,L,70004167,CP,2006-01-07T10:25,2006-01-07T12:10,ORY,1178395817
SROXXGWC,code,L,70004168,FO,2006-01-07T07:10,2006-01-07T09:10,SXB,1178395817
SROXXGWC,code,L,70004167,FO,2006-01-07T10:25,2006-01-07T12:10,ORY,1178395817
USUQXGXX,code,L,70004168,CSD,2006-01-07T07:10,2006-01-07T09:10,SXB,1178395817
USUQXGXX,code,L,70004167,CSD,2006-01-07T10:25,2006-01-07T12:10,ORY,1178395817
ZDDAAGVK,code,L,70004168,CSD,2006-01-07T07:10,2006-01-07T09:10,SXB,1178395817
ZDDAAGVK,code,L,70004167,CSD,2006-01-07T10:25,2006-01-07T12:10,ORY,1178395817
EMJNJBOL,code,L,70004168,ST,2006-01-07T07:10,2006-01-07T09:10,SXB,1178395817
EMJNJBOL,code,L,70004167,ST,2006-01-07T10:25,2006-01-07T12:10,ORY,1178395817
PFFMAZOX,code,L,70004168,ST,2006-01-07T07:10,2006-01-07T09:10,SXB,1178395817
PFFMAZOX,code,L,70004167,ST,2006-01-07T10:25,2006-01-07T12:10,ORY,1178395817
JWQEBMTM,code,L,70004168,ST,2006-01-07T07:10,2006-01-07T09:10,SXB,1178395817
JWQEBMTM,code,L,70004167,ST,2006-01-07T10:25,2006-01-07T12:10,ORY,1178395817
IHGCNZDW,code,L,70004168,ST,2006-01-07T07:10,2006-01-07T09:10,SXB,1178395817
IHGCNZDW,code,L,70004167,ST,2006-01-07T10:25,2006-01-07T12:10,ORY,1178395817
FGHRJKRH,code,L,70004168,ST,2006-01-07T07:10,2006-01-07T09:10,SXB,1178395817
FGHRJKRH,code,L,70004167,ST,2006-01-07T10:25,2006-01-07T12:10,ORY,1178395817
SRQXAJIM,code,L,70004168,ST,2006-01-07T07:10,2006-01-07T09:10,SXB,1178395817
SRQXAJIM,code,L,70004167,ST,2006-01-07T10:25,2006-01-07T12:10,ORY,1178395817
KBTKACIE,code,L,70004475,CP,2006-01-07T07:10,2006-01-07T09:45,ORY,2142954714
KBTKACIE,code,L,70004476,CP,2006-01-07T10:45,2006-01-07T13:00,CLY,2142954714
MEDZEYEP,code,L,70004475,FO,2006-01-07T07:10,2006-01-07T09:45,ORY,2142954714
MEDZEYEP,code,L,70004476,FO,2006-01-07T10:45,2006-01-07T13:00,CLY,2142954714
MSVDRHIM,code,L,70004475,CSD,2006-01-07T07:10,2006-01-07T09:45,ORY,2142954714
MSVDRHIM,code,L,70004476,CSD,2006-01-07T10:45,2006-01-07T13:00,CLY,2142954714
EYTOPDET,code,L,70004475,CSD,2006-01-07T07:10,2006-01-07T09:45,ORY,2142954714
EYTOPDET,code,L,70004476,CSD,2006-01-07T10:45,2006-01-07T13:00,CLY,2142954714
CJMMAENT,code,L,70004475,ST,2006-01-07T07:10,2006-01-07T09:45,ORY,2142954714
CJMMAENT,code,L,70004476,ST,2006-01-07T10:45,2006-01-07T13:00,CLY,2142954714
GGXSNQXG,code,L,70004475,ST,2006-01-07T07:10,2006-01-07T09:45,ORY,2142954714
GGXSNQXG,code,L,70004476,ST,2006-01-07T10:45,2006-01-07T13:00,CLY,2142954714
AUNTAKLX,code,L,70004475,ST,2006-01-07T07:10,2006-01-07T09:45,ORY,2142954714
AUNTAKLX,code,L,70004476,ST,2006-01-07T10:45,2006-01-07T13:00,CLY,2142954714
JALUNAME,code,L,70004475,ST,2006-01-07T07:10,2006-01-07T09:45,ORY,2142954714
JALUNAME,code,L,70004476,ST,2006-01-07T10:45,2006-01-07T13:00,CLY,2142954714
MPDGTOVH,code,L,70004475,ST,2006-01-07T07:10,2006-01-07T09:45,ORY,2142954714
MPDGTOVH,code,L,70004476,ST,2006-01-07T10:45,2006-01-07T13:00,CLY,2142954714
KGWUONKT,code,L,70004475,ST,2006-01-07T07:10,2006-01-07T09:45,ORY,2142954714
KGWUONKT,code,L,70004476,ST,2006-01-07T10:45,2006-01-07T13:00,CLY,2142954714
UBFRLCMI,code,L,70004518,CP,2006-01-07T07:55,2006-01-07T10:00,CFE,41568198
UBFRLCMI,code,L,70002584,CP,2006-01-07T12:30,2006-01-07T13:35,CDG,41568198
UBFRLCMI,code,L,70002585,CP,2006-01-07T14:55,2006-01-07T15:55,RNS,41568198
UBFRLCMI,code,L,70004641,CP,2006-01-07T17:20,2006-01-07T18:50,CDG,41568198
UBFRLCMI,code,L,70004642,CP,2006-01-07T19:30,2006-01-07T21:15,PUF,41568198
GJTGDRBS,code,L,70004518,FO,2006-01-07T07:55,2006-01-07T10:00,CFE,41568198
GJTGDRBS,code,L,70002584,FO,2006-01-07T12:30,2006-01-07T13:35,CDG,41568198
GJTGDRBS,code,L,70002585,FO,2006-01-07T14:55,2006-01-07T15:55,RNS,41568198
GJTGDRBS,code,L,70004641,FO,2006-01-07T17:20,2006-01-07T18:50,CDG,41568198
GJTGDRBS,code,L,70004642,FO,2006-01-07T19:30,2006-01-07T21:15,PUF,41568198
NQTAWRSA,code,L,70004518,CSD,2006-01-07T07:55,2006-01-07T10:00,CFE,41568198
NQTAWRSA,code,L,70002584,CSD,2006-01-07T12:30,2006-01-07T13:35,CDG,41568198
NQTAWRSA,code,L,70002585,CSD,2006-01-07T14:55,2006-01-07T15:55,RNS,41568198
NQTAWRSA,code,L,70004641,CSD,2006-01-07T17:20,2006-01-07T18:50,CDG,41568198
NQTAWRSA,code,L,70004642,CSD,2006-01-07T19:30,2006-01-07T21:15,PUF,41568198
UOZQZHBY,code,L,70004518,ST,2006-01-07T07:55,2006-01-07T10:00,CFE,41568198
UOZQZHBY,code,L,70002584,ST,2006-01-07T12:30,2006-01-07T13:35,CDG,41568198
UOZQZHBY,code,L,70002585,ST,2006-01-07T14:55,2006-01-07T15:55,RNS,41568198
UOZQZHBY,code,L,70004641,ST,2006-01-07T17:20,2006-01-07T18:50,CDG,41568198
UOZQZHBY,code,L,70004642,ST,2006-01-07T19:30,2006-01-07T21:15,PUF,41568198
QFTVKEEO,code,L,70004518,ST,2006-01-07T07:55,2006-01-07T10:00,CFE,41568198
QFTVKEEO,code,L,70002584,ST,2006-01-07T12:30,2006-01-07T13:35,CDG,41568198
QFTVKEEO,code,L,70002585,ST,2006-01-07T14:55,2006-01-07T15:55,RNS,41568198
QFTVKEEO,code,L,70004641,ST,2006-01-07T17:20,2006-01-07T18:50,CDG,41568198
QFTVKEEO,code,L,70004642,ST,2006-01-07T19:30,2006-01-07T21:15,PUF,41568198
RQZJXFZE,code,L,70004518,ST,2006-01-07T07:55,2006-01-07T10:00,CFE,41568198
RQZJXFZE,code,L,70002584,ST,2006-01-07T12:30,2006-01-07T13:35,CDG,41568198
RQZJXFZE,code,L,70002585,ST,2006-01-07T14:55,2006-01-07T15:55,RNS,41568198
RQZJXFZE,code,L,70004641,ST,2006-01-07T17:20,2006-01-07T18:50,CDG,41568198
RQZJXFZE,code,L,70004642,ST,2006-01-07T19:30,2006-01-07T21:15,PUF,41568198
NOCYGSIQ,code,L,70004837,CP,2006-01-07T08:15,2006-01-07T10:35,SXB,1988519473
NOCYGSIQ,code,L,70004838,CP,2006-01-07T11:15,2006-01-07T12:35,NCE,1988519473
NOCYGSIQ,code,L,70002644,CP,2006-01-07T13:10,2006-01-07T14:10,SXB,1988519473
NOCYGSIQ,code,L,70002643,CP,2006-01-07T15:00,2006-01-07T16:45,LYS,1988519473
VMDEZXDY,code,L,70004837,FO,2006-01-07T08:15,2006-01-07T10:35,SXB,1988519473
VMDEZXDY,code,L,70004838,FO,2006-01-07T11:15,2006-01-07T12:35,NCE,1988519473
VMDEZXDY,code,L,70002644,FO,2006-01-07T13:10,2006-01-07T14:10,SXB,1988519473
VMDEZXDY,code,L,70002643,FO,2006-01-07T15:00,2006-01-07T16:45,LYS,1988519473
PMVRJSKB,code,L,70004837,CSD,2006-01-07T08:15,2006-01-07T10:35,SXB,1988519473
PMVRJSKB,code,L,70004838,CSD,2006-01-07T11:15,2006-01-07T12:35,NCE,1988519473
PMVRJSKB,code,L,70002644,CSD,2006-01-07T13:10,2006-01-07T14:10,SXB,1988519473
PMVRJSKB,code,L,70002643,CSD,2006-01-07T15:00,2006-01-07T16:45,LYS,1988519473
JAQXJVCK,code,L,70004837,ST,2006-01-07T08:15,2006-01-07T10:35,SXB,1988519473
JAQXJVCK,code,L,70004838,ST,2006-01-07T11:15,2006-01-07T12:35,NCE,1988519473
JAQXJVCK,code,L,70002644,ST,2006-01-07T13:10,2006-01-07T14:10,SXB,1988519473
JAQXJVCK,code,L,70002643,ST,2006-01-07T15:00,2006-01-07T16:45,LYS,1988519473
OXMVVLIP,code,L,70004837,ST,2006-01-07T08:15,2006-01-07T10:35,SXB,1988519473
OXMVVLIP,code,L,70004838,ST,2006-01-07T11:15,2006-01-07T12:35,NCE,1988519473
OXMVVLIP,code,L,70002644,ST,2006-01-07T13:10,2006-01-07T14:10,SXB,1988519473
OXMVVLIP,code,L,70002643,ST,2006-01-07T15:00,2006-01-07T16:45,LYS,1988519473
AMHTDUZU,code,L,70004268,CP,2006-01-07T08:30,2006-01-07T10:35,LYS,190797265
AMHTDUZU,code,L,70004273,CP,2006-01-07T11:20,2006-01-07T12:25,ORY,190797265
AMHTDUZU,code,L,70004272,CP,2006-01-07T13:10,2006-01-07T14:15,LYS,190797265
AMHTDUZU,code,L,70004279,CP,2006-01-07T15:00,2006-01-07T16:05,ORY,190797265
AMHTDUZU,code,L,70004274,CP,2006-01-07T16:50,2006-01-07T17:55,LYS,190797265
AMHTDUZU,code,L,70004275,CP,2006-01-07T18:40,2006-01-07T20:30,ORY,190797265
BNISRWWJ,code,L,70004268,FO,2006-01-07T08:30,2006-01-07T10:35,LYS,190797265
BNISRWWJ,code,L,70004273,FO,2006-01-07T11:20,2006-01-07T12:25,ORY,190797265
BNISRWWJ,code,L,70004272,FO,2006-01-07T13:10,2006-01-07T14:15,LYS,190797265
BNISRWWJ,code,L,70004279,FO,2006-01-07T15:00,2006-01-07T16:05,ORY,190797265
BNISRWWJ,code,L,70004274,FO,2006-01-07T16:50,2006-01-07T17:55,LYS,190797265
BNISRWWJ,code,L,70004275,FO,2006-01-07T18:40,2006-01-07T20:30,ORY,190797265
LPVUWRMS,code,L,70004268,CSD,2006-01-07T08:30,2006-01-07T10:35,LYS,190797265
LPVUWRMS,code,L,70004273,CSD,2006-01-07T11:20,2006-01-07T12:25,ORY,190797265
LPVUWRMS,code,L,70004272,CSD,2006-01-07T13:10,2006-01-07T14:15,LYS,190797265
LPVUWRMS,code,L,70004279,CSD,2006-01-07T15:00,2006-01-07T16:05,ORY,190797265
LPVUWRMS,code,L,70004274,CSD,2006-01-07T16:50,2006-01-07T17:55,LYS,190797265
LPVUWRMS,code,L,70004275,CSD,2006-01-07T18:40,2006-01-07T20:30,ORY,190797265
NDOYYXCY,code,L,70004268,CSD,2006-01-07T08:30,2006-01-07T10:35,LYS,190797265
NDOYYXCY,code,L,70004273,CSD,2006-01-07T11:20,2006-01-07T12:25,ORY,190797265
NDOYYXCY,code,L,70004272,CSD,2006-01-07T13:10,2006-01-07T14:15,LYS,190797265
NDOYYXCY,code,L,70004279,CSD,2006-01-07T15:00,2006-01-07T16:05,ORY,190797265
NDOYYXCY,code,L,70004274,CSD,2006-01-07T16:50,2006-01-07T17:55,LYS,190797265
NDOYYXCY,code,L,70004275,CSD,2006-01-07T18:40,2006-01-07T20:30,ORY,190797265
WZXHJSNX,code,L,70004268,ST,2006-01-07T08:30,2006-01-07T10:35,LYS,190797265
WZXHJSNX,code,L,70004273,ST,2006-01-07T11:20,2006-01-07T12:25,ORY,190797265
WZXHJSNX,code,L,70004272,ST,2006-01-07T13:10,2006-01-07T14:15,LYS,190797265
WZXHJSNX,code,L,70004279,ST,2006-01-07T15:00,2006-01-07T16:05,ORY,190797265
WZXHJSNX,code,L,70004274,ST,2006-01-07T16:50,2006-01-07T17:55,LYS,190797265
WZXHJSNX,code,L,70004275,ST,2006-01-07T18:40,2006-01-07T20:30,ORY,190797265
FPAGBVOF,code,L,70004268,ST,2006-01-07T08:30,2006-01-07T10:35,LYS,190797265
FPAGBVOF,code,L,70004273,ST,2006-01-07T11:20,2006-01-07T12:25,ORY,190797265
FPAGBVOF,code,L,70004272,ST,2006-01-07T13:10,2006-01-07T14:15,LYS,190797265
FPAGBVOF,code,L,70004279,ST,2006-01-07T15:00,2006-01-07T16:05,ORY,190797265
FPAGBVOF,code,L,70004274,ST,2006-01-07T16:50,2006-01-07T17:55,LYS,190797265
FPAGBVOF,code,L,70004275,ST,2006-01-07T18:40,2006-01-07T20:30,ORY,190797265
IWZWABMC,code,L,70004268,ST,2006-01-07T08:30,2006-01-07T10:35,LYS,190797265
IWZWABMC,code,L,70004273,ST,2006-01-07T11:20,2006-01-07T12:25,ORY,190797265
IWZWABMC,code,L,70004272,ST,2006-01-07T13:10,2006-01-07T14:15,LYS,190797265
IWZWABMC,code,L,70004279,ST,2006-01-07T15:00,2006-01-07T16:05,ORY,190797265
IWZWABMC,code,L,70004274,ST,2006-01-07T16:50,2006-01-07T17:55,LYS,190797265
IWZWABMC,code,L,70004275,ST,2006-01-07T18:40,2006-01-07T20:30,ORY,190797265
DDIBPOEF,code,L,70004268,ST,2006-01-07T08:30,2006-01-07T10:35,LYS,190797265
DDIBPOEF,code,L,70004273,ST,2006-01-07T11:20,2006-01-07T12:25,ORY,190797265
DDIBPOEF,code,L,70004272,ST,2006-01-07T13:10,2006-01-07T14:15,LYS,190797265
DDIBPOEF,code,L,70004279,ST,2006-01-07T15:00,2006-01-07T16:05,ORY,190797265
DDIBPOEF,code,L,70004274,ST,2006-01-07T16:50,2006-01-07T17:55,LYS,190797265
DDIBPOEF,code,L,70004275,ST,2006-01-07T18:40,2006-01-07T20:30,ORY,190797265
GJMHIOAL,code,L,70004268,ST,2006-01-07T08:30,2006-01-07T10:35,LYS,190797265
GJMHIOAL,code,L,70004273,ST,2006-01-07T11:20,2006-01-07T12:25,ORY,190797265
GJMHIOAL,code,L,70004272,ST,2006-01-07T13:10,2006-01-07T14:15,LYS,190797265
GJMHIOAL,code,L,70004279,ST,2006-01-07T15:00,2006-01-07T16:05,ORY,190797265
GJMHIOAL,code,L,70004274,ST,2006-01-07T16:50,2006-01-07T17:55,LYS,190797265
GJMHIOAL,code,L,70004275,ST,2006-01-07T18:40,2006-01-07T20:30,ORY,190797265
ZSWIFKTF,code,L,70004268,ST,2006-01-07T08:30,2006-01-07T10:35,LYS,190797265
ZSWIFKTF,code,L,70004273,ST,2006-01-07T11:20,2006-01-07T12:25,ORY,190797265
ZSWIFKTF,code,L,70004272,ST,2006-01-07T13:10,2006-01-07T14:15,LYS,190797265
ZSWIFKTF,code,L,70004279,ST,2006-01-07T15:00,2006-01-07T16:05,ORY,190797265
ZSWIFKTF,code,L,70004274,ST,2006-01-07T16:50,2006-01-07T17:55,LYS,190797265
ZSWIFKTF,code,L,70004275,ST,2006-01-07T18:40,2006-01-07T20:30,ORY,190797265
KHFNKJIE,code,L,70004658,CP,2006-01-07T08:35,2006-01-07T11:05,TLS,1839244181
KHFNKJIE,code,L,70004657,CP,2006-01-07T11:55,2006-01-07T13:20,CDG,1839244181
KHFNKJIE,code,L,70004650,CP,2006-01-07T15:00,2006-01-07T16:30,TLS,1839244181
KHFNKJIE,code,L,70004651,CP,2006-01-07T17:25,2006-01-07T19:35,CDG,1839244181
SAYZQSMU,code,L,70004658,FO,2006-01-07T08:35,2006-01-07T11:05,TLS,1839244181
SAYZQSMU,code,L,70004657,FO,2006-01-07T11:55,2006-01-07T13:20,CDG,1839244181
SAYZQSMU,code,L,70004650,FO,2006-01-07T15:00,2006-01-07T16:30,TLS,1839244181
SAYZQSMU,code,L,70004651,FO,2006-01-07T17:25,2006-01-07T19:35,CDG,1839244181
HUUOTPUV,code,L,70004658,CSD,2006-01-07T08:35,2006-01-07T11:05,TLS,1839244181
HUUOTPUV,code,L,70004657,CSD,2006-01-07T11:55,2006-01-07T13:20,CDG,1839244181
HUUOTPUV,code,L,70004650,CSD,2006-01-07T15:00,2006-01-07T16:30,TLS,1839244181
HUUOTPUV,code,L,70004651,CSD,2006-01-07T17:25,2006-01-07T19:35,CDG,1839244181
MYCTYQJF,code,L,70004658,CSD,2006-01-07T08:35,2006-01-07T11:05,TLS,1839244181
MYCTYQJF,code,L,70004657,CSD,2006-01-07T11:55,2006-01-07T13:20,CDG,1839244181
MYCTYQJF,code,L,70004650,CSD,2006-01-07T15:00,2006-01-07T16:30,TLS,1839244181
MYCTYQJF,code,L,70004651,CSD,2006-01-07T17:25,2006-01-07T19:35,CDG,1839244181
BBLLJOST,code,L,70004658,ST,2006-01-07T08:35,2006-01-07T11:05,TLS,1839244181
BBLLJOST,code,L,70004657,ST,2006-01-07T11:55,2006-01-07T13:20,CDG,1839244181
BBLLJOST,code,L,70004650,ST,2006-01-07T15:00,2006-01-07T16:30,TLS,1839244181
BBLLJOST,code,L,70004651,ST,2006-01-07T17:25,2006-01-07T19:35,CDG,1839244181
FNGFFXBE,code,L,70004658,ST,2006-01-07T08:35,2006-01-07T11:05,TLS,1839244181
FNGFFXBE,code,L,70004657,ST,2006-01-07T11:55,2006-01-07T13:20,CDG,1839244181
FNGFFXBE,code,L,70004650,ST,2006-01-07T15:00,2006-01-07T16:30,TLS,1839244181
FNGFFXBE,code,L,70004651,ST,2006-01-07T17:25,2006-01-07T19:35,CDG,1839244181
YIAXSZNB,code,L,70004658,ST,2006-01-07T08:35,2006-01-07T11:05,TLS,1839244181
YIAXSZNB,code,L,70004657,ST,2006-01-07T11:55,2006-01-07T13:20,CDG,1839244181
YIAXSZNB,code,L,70004650,ST,2006-01-07T15:00,2006-01-07T16:30,TLS,1839244181
YIAXSZNB,code,L,70004651,ST,2006-01-07T17:25,2006-01-07T19:35,CDG,1839244181
ASXBAJSQ,code,L,70004658,ST,2006-01-07T08:35,2006-01-07T11:05,TLS,1839244181
ASXBAJSQ,code,L,70004657,ST,2006-01-07T11:55,2006-01-07T13:20,CDG,1839244181
ASXBAJSQ,code,L,70004650,ST,2006-01-07T15:00,2006-01-07T16:30,TLS,1839244181
ASXBAJSQ,code,L,70004651,ST,2006-01-07T17:25,2006-01-07T19:35,CDG,1839244181
MIHKCYAD,code,L,70004658,ST,2006-01-07T08:35,2006-01-07T11:05,TLS,1839244181
MIHKCYAD,code,L,70004657,ST,2006-01-07T11:55,2006-01-07T13:20,CDG,1839244181
MIHKCYAD,code,L,70004650,ST,2006-01-07T15:00,2006-01-07T16:30,TLS,1839244181
MIHKCYAD,code,L,70004651,ST,2006-01-07T17:25,2006-01-07T19:35,CDG,1839244181
YTCVWXTR,code,L,70004658,ST,2006-01-07T08:35,2006-01-07T11:05,TLS,1839244181
YTCVWXTR,code,L,70004657,ST,2006-01-07T11:55,2006-01-07T13:20,CDG,1839244181
YTCVWXTR,code,L,70004650,ST,2006-01-07T15:00,2006-01-07T16:30,TLS,1839244181
YTCVWXTR,code,L,70004651,ST,2006-01-07T17:25,2006-01-07T19:35,CDG,1839244181
NRUSRYIC,code,L,70002980,CP,2006-01-07T08:40,2006-01-07T11:00,TLS,2039758977
NRUSRYIC,code,L,70002983,CP,2006-01-07T11:50,2006-01-07T13:00,ORY,2039758977
NRUSRYIC,code,L,70002988,CP,2006-01-07T13:40,2006-01-07T15:00,TLS,2039758977
NRUSRYIC,code,L,70002995,CP,2006-01-07T15:50,2006-01-07T17:00,ORY,2039758977
NRUSRYIC,code,L,70003004,CP,2006-01-07T17:40,2006-01-07T19:00,TLS,2039758977
NRUSRYIC,code,L,70003011,CP,2006-01-07T19:50,2006-01-07T21:45,ORY,2039758977
BEXGWNCK,code,L,70002980,FO,2006-01-07T08:40,2006-01-07T11:00,TLS,2039758977
BEXGWNCK,code,L,70002983,FO,2006-01-07T11:50,2006-01-07T13:00,ORY,2039758977
BEXGWNCK,code,L,70002988,FO,2006-01-07T13:40,2006-01-07T15:00,TLS,2039758977
BEXGWNCK,code,L,70002995,FO,2006-01-07T15:50,2006-01-07T17:00,ORY,2039758977
BEXGWNCK,code,L,70003004,FO,2006-01-07T17:40,2006-01-07T19:00,TLS,2039758977
BEXGWNCK,code,L,70003011,FO,2006-01-07T19:50,2006-01-07T21:45,ORY,2039758977
DHRCXCQO,code,L,70002980,CSD,2006-01-07T08:40,2006-01-07T11:00,TLS,2039758977
DHRCXCQO,code,L,70002983,CSD,2006-01-07T11:50,2006-01-07T13:00,ORY,2039758977
DHRCXCQO,code,L,70002988,CSD,2006-01-07T13:40,2006-01-07T15:00,TLS,2039758977
DHRCXCQO,code,L,70002995,CSD,2006-01-07T15:50,2006-01-07T17:00,ORY,2039758977
DHRCXCQO,code,L,70003004,CSD,2006-01-07T17:40,2006-01-07T19:00,TLS,2039758977
DHRCXCQO,code,L,70003011,CSD,2006-01-07T19:50,2006-01-07T21:45,ORY,2039758977
JRZFGHSV,code,L,70002980,CSD,2006-01-07T08:40,2006-01-07T11:00,TLS,2039758977
JRZFGHSV,code,L,70002983,CSD,2006-01-07T11:50,2006-01-07T13:00,ORY,2039758977
JRZFGHSV,code,L,70002988,CSD,2006-01-07T13:40,2006-01-07T15:00,TLS,2039758977
JRZFGHSV,code,L,70002995,CSD,2006-01-07T15:50,2006-01-07T17:00,ORY,2039758977
JRZFGHSV,code,L,70003004,CSD,2006-01-07T17:40,2006-01-07T19:00,TLS,2039758977
JRZFGHSV,code,L,70003011,CSD,2006-01-07T19:50,2006-01-07T21:45,ORY,2039758977
DJKRPOTR,code,L,70002980,ST,2006-01-07T08:40,2006-01-07T11:00,TLS,2039758977
DJKRPOTR,code,L,70002983,ST,2006-01-07T11:50,2006-01-07T13:00,ORY,2039758977
DJKRPOTR,code,L,70002988,ST,2006-01-07T13:40,2006-01-07T15:00,TLS,2039758977
DJKRPOTR,code,L,70002995,ST,2006-01-07T15:50,2006-01-07T17:00,ORY,2039758977
DJKRPOTR,code,L,70003004,ST,2006-01-07T17:40,2006-01-07T19:00,TLS,2039758977
DJKRPOTR,code,L,70003011,ST,2006-01-07T19:50,2006-01-07T21:45,ORY,2039758977
OYZWWNCN,code,L,70002980,ST,2006-01-07T08:40,2006-01-07T11:00,TLS,2039758977
OYZWWNCN,code,L,70002983,ST,2006-01-07T11:50,2006-01-07T13:00,ORY,2039758977
OYZWWNCN,code,L,70002988,ST,2006-01-07T13:40,2006-01-07T15:00,TLS,2039758977
OYZWWNCN,code,L,70002995,ST,2006-01-07T15:50,2006-01-07T17:00,ORY,2039758977
OYZWWNCN,code,L,70003004,ST,2006-01-07T17:40,2006-01-07T19:00,TLS,2039758977
OYZWWNCN,code,L,70003011,ST,2006-01-07T19:50,2006-01-07T21:45,ORY,2039758977
ZFJUJFIE,code,L,70002980,ST,2006-01-07T08:40,2006-01-07T11:00,TLS,2039758977
ZFJUJFIE,code,L,70002983,ST,2006-01-07T11:50,2006-01-07T13:00,ORY,2039758977
ZFJUJFIE,code,L,70002988,ST,2006-01-07T13:40,2006-01-07T15:00,TLS,2039758977
ZFJUJFIE,code,L,70002995,ST,2006-01-07T15:50,2006-01-07T17:00,ORY,2039758977
ZFJUJFIE,code,L,70003004,ST,2006-01-07T17:40,2006-01-07T19:00,TLS,2039758977
ZFJUJFIE,code,L,70003011,ST,2006-01-07T19:50,2006-01-07T21:45,ORY,2039758977
DJOSOGSK,code,L,70002980,ST,2006-01-07T08:40,2006-01-07T11:00,TLS,2039758977
DJOSOGSK,code,L,70002983,ST,2006-01-07T11:50,2006-01-07T13:00,ORY,2039758977
DJOSOGSK,code,L,70002988,ST,2006-01-07T13:40,2006-01-07T15:00,TLS,2039758977
DJOSOGSK,code,L,70002995,ST,2006-01-07T15:50,2006-01-07T17:00,ORY,2039758977
DJOSOGSK,code,L,70003004,ST,2006-01-07T17:40,2006-01-07T19:00,TLS,2039758977
DJOSOGSK,code,L,70003011,ST,2006-01-07T19:50,2006-01-07T21:45,ORY,2039758977
KZBLNJBF,code,L,70002980,ST,2006-01-07T08:40,2006-01-07T11:00,TLS,2039758977
KZBLNJBF,code,L,70002983,ST,2006-01-07T11:50,2006-01-07T13:00,ORY,2039758977
KZBLNJBF,code,L,70002988,ST,2006-01-07T13:40,2006-01-07T15:00,TLS,2039758977
KZBLNJBF,code,L,70002995,ST,2006-01-07T15:50,2006-01-07T17:00,ORY,2039758977
KZBLNJBF,code,L,70003004,ST,2006-01-07T17:40,2006-01-07T19:00,TLS,2039758977
KZBLNJBF,code,L,70003011,ST,2006-01-07T19:50,2006-01-07T21:45,ORY,2039758977
ONUCGTOF,code,L,70002980,ST,2006-01-07T08:40,2006-01-07T11:00,TLS,2039758977
ONUCGTOF,code,L,70002983,ST,2006-01-07T11:50,2006-01-07T13:00,ORY,2039758977
ONUCGTOF,code,L,70002988,ST,2006-01-07T13:40,2006-01-07T15:00,TLS,2039758977
ONUCGTOF,code,L,70002995,ST,2006-01-07T15:50,2006-01-07T17:00,ORY,2039758977
ONUCGTOF,code,L,70003004,ST,2006-01-07T17:40,2006-01-07T19:00,TLS,2039758977
ONUCGTOF,code,L,70003011,ST,2006-01-07T19:50,2006-01-07T21:45,ORY,2039758977
UZBHYETE,code,L,70002795,CP,2006-01-07T08:45,2006-01-07T10:50,LRT,1020019581
UZBHYETE,code,L,70002796,CP,2006-01-07T12:10,2006-01-07T13:15,ORY,1020019581
UZBHYETE,code,L,70002797,CP,2006-01-07T14:00,2006-01-07T15:05,LRT,1020019581
UZBHYETE,code,L,70002525,CP,2006-01-07T16:35,2006-01-07T18:20,ORY,1020019581
ZGLYUOTM,code,L,70002795,FO,2006-01-07T08:45,2006-01-07T10:50,LRT,1020019581
ZGLYUOTM,code,L,70002796,FO,2006-01-07T12:10,2006-01-07T13:15,ORY,1020019581
ZGLYUOTM,code,L,70002797,FO,2006-01-07T14:00,2006-01-07T15:05,LRT,1020019581
ZGLYUOTM,code,L,70002525,FO,2006-01-07T16:35,2006-01-07T18:20,ORY,1020019581
IKLVIFJL,code,L,70002795,CS,2006-01-07T08:45,2006-01-07T10:50,LRT,1020019581
IKLVIFJL,code,L,70002796,CS,2006-01-07T12:10,2006-01-07T13:15,ORY,1020019581
IKLVIFJL,code,L,70002797,CS,2006-01-07T14:00,2006-01-07T15:05,LRT,1020019581
IKLVIFJL,code,L,70002525,CS,2006-01-07T16:35,2006-01-07T18:20,ORY,1020019581
BXAHZJWD,code,L,70002795,ST,2006-01-07T08:45,2006-01-07T10:50,LRT,1020019581
BXAHZJWD,code,L,70002796,ST,2006-01-07T12:10,2006-01-07T13:15,ORY,1020019581
BXAHZJWD,code,L,70002797,ST,2006-01-07T14:00,2006-01-07T15:05,LRT,1020019581
BXAHZJWD,code,L,70002525,ST,2006-01-07T16:35,2006-01-07T18:20,ORY,1020019581
FKVHDVNQ,code,L,70002795,ST,2006-01-07T08:45,2006-01-07T10:50,LRT,1020019581
FKVHDVNQ,code,L,70002796,ST,2006-01-07T12:10,2006-01-07T13:15,ORY,1020019581
FKVHDVNQ,code,L,70002797,ST,2006-01-07T14:00,2006-01-07T15:05,LRT,1020019581
FKVHDVNQ,code,L,70002525,ST,2006-01-07T16:35,2006-01-07T18:20,ORY,1020019581
XKQNDMQH,code,L,70004638,CP,2006-01-07T08:45,2006-01-07T11:15,PUF,260274019
XKQNDMQH,code,L,70004585,CP,2006-01-07T13:00,2006-01-07T14:05,CDG,260274019
XKQNDMQH,code,L,70004586,CP,2006-01-07T15:15,2006-01-07T16:20,NTE,260274019
XKQNDMQH,code,L,70004637,CP,2006-01-07T20:10,2006-01-07T22:20,CDG,260274019
QNBMZXDX,code,L,70004638,FO,2006-01-07T08:45,2006-01-07T11:15,PUF,260274019
QNBMZXDX,code,L,70004585,FO,2006-01-07T13:00,2006-01-07T14:05,CDG,260274019
QNBMZXDX,code,L,70004586,FO,2006-01-07T15:15,2006-01-07T16:20,NTE,260274019
QNBMZXDX,code,L,70004637,FO,2006-01-07T20:10,2006-01-07T22:20,CDG,260274019
EDQMNDJZ,code,L,70004638,CSD,2006-01-07T08:45,2006-01-07T11:15,PUF,260274019
EDQMNDJZ,code,L,70004585,CSD,2006-01-07T13:00,2006-01-07T14:05,CDG,260274019
EDQMNDJZ,code,L,70004586,CSD,2006-01-07T15:15,2006-01-07T16:20,NTE,260274019
EDQMNDJZ,code,L,70004637,CSD,2006-01-07T20:10,2006-01-07T22:20,CDG,260274019
IPFUIEYV,code,L,70004638,ST,2006-01-07T08:45,2006-01-07T11:15,PUF,260274019
IPFUIEYV,code,L,70004585,ST,2006-01-07T13:00,2006-01-07T14:05,CDG,260274019
IPFUIEYV,code,L,70004586,ST,2006-01-07T15:15,2006-01-07T16:20,NTE,260274019
IPFUIEYV,code,L,70004637,ST,2006-01-07T20:10,2006-01-07T22:20,CDG,260274019
YZKOMSQC,code,L,70004638,ST,2006-01-07T08:45,2006-01-07T11:15,PUF,260274019
YZKOMSQC,code,L,70004585,ST,2006-01-07T13:00,2006-01-07T14:05,CDG,260274019
YZKOMSQC,code,L,70004586,ST,2006-01-07T15:15,2006-01-07T16:20,NTE,260274019
YZKOMSQC,code,L,70004637,ST,2006-01-07T20:10,2006-01-07T22:20,CDG,260274019
HNLJVBPQ,code,L,70004298,CP,2006-01-07T08:50,2006-01-07T10:45,CFE,237820880
HNLJVBPQ,code,L,70004229,CP,2006-01-07T11:15,2006-01-07T12:25,ORY,237820880
HNLJVBPQ,code,L,70004232,CP,2006-01-07T13:05,2006-01-07T14:20,BES,237820880
HNLJVBPQ,code,L,70004301,CP,2006-01-07T16:55,2006-01-07T18:35,ORY,237820880
OCNKVGNE,code,L,70004298,FO,2006-01-07T08:50,2006-01-07T10:45,CFE,237820880
OCNKVGNE,code,L,70004229,FO,2006-01-07T11:15,2006-01-07T12:25,ORY,237820880
OCNKVGNE,code,L,70004232,FO,2006-01-07T13:05,2006-01-07T14:20,BES,237820880
OCNKVGNE,code,L,70004301,FO,2006-01-07T16:55,2006-01-07T18:35,ORY,237820880
TDINFLDQ,code,L,70004298,CSD,2006-01-07T08:50,2006-01-07T10:45,CFE,237820880
TDINFLDQ,code,L,70004229,CSD,2006-01-07T11:15,2006-01-07T12:25,ORY,237820880
TDINFLDQ,code,L,70004232,CSD,2006-01-07T13:05,2006-01-07T14:20,BES,237820880
TDINFLDQ,code,L,70004301,CSD,2006-01-07T16:55,2006-01-07T18:35,ORY,237820880
CWMQIXOP,code,L,70004298,CSD,2006-01-07T08:50,2006-01-07T10:45,CFE,237820880
CWMQIXOP,code,L,70004229,CSD,2006-01-07T11:15,2006-01-07T12:25,ORY,237820880
CWMQIXOP,code,L,70004232,CSD,2006-01-07T13:05,2006-01-07T14:20,BES,237820880
CWMQIXOP,code,L,70004301,CSD,2006-01-07T16:55,2006-01-07T18:35,ORY,237820880
JQNYWUZH,code,L,70004298,ST,2006-01-07T08:50,2006-01-07T10:45,CFE,237820880
JQNYWUZH,code,L,70004229,ST,2006-01-07T11:15,2006-01-07T12:25,ORY,237820880
JQNYWUZH,code,L,70004232,ST,2006-01-07T13:05,2006-01-07T14:20,BES,237820880
JQNYWUZH,code,L,70004301,ST,2006-01-07T16:55,2006-01-07T18:35,ORY,237820880
QJYUDCMP,code,L,70004298,ST,2006-01-07T08:50,2006-01-07T10:45,CFE,237820880
QJYUDCMP,code,L,70004229,ST,2006-01-07T11:15,2006-01-07T12:25,ORY,237820880
QJYUDCMP,code,L,70004232,ST,2006-01-07T13:05,2006-01-07T14:20,BES,237820880
QJYUDCMP,code,L,70004301,ST,2006-01-07T16:55,2006-01-07T18:35,ORY,237820880
PRAKPKGS,code,L,70004298,ST,2006-01-07T08:50,2006-01-07T10:45,CFE,237820880
PRAKPKGS,code,L,70004229,ST,2006-01-07T11:15,2006-01-07T12:25,ORY,237820880
PRAKPKGS,code,L,70004232,ST,2006-01-07T13:05,2006-01-07T14:20,BES,237820880
PRAKPKGS,code,L,70004301,ST,2006-01-07T16:55,2006-01-07T18:35,ORY,237820880
AASQSOYS,code,L,70004298,ST,2006-01-07T08:50,2006-01-07T10:45,CFE,237820880
AASQSOYS,code,L,70004229,ST,2006-01-07T11:15,2006-01-07T12:25,ORY,237820880
AASQSOYS,code,L,70004232,ST,2006-01-07T13:05,2006-01-07T14:20,BES,237820880
AASQSOYS,code,L,70004301,ST,2006-01-07T16:55,2006-01-07T18:35,ORY,237820880
WBDRTIQY,code,L,70004298,ST,2006-01-07T08:50,2006-01-07T10:45,CFE,237820880
WBDRTIQY,code,L,70004229,ST,2006-01-07T11:15,2006-01-07T12:25,ORY,237820880
WBDRTIQY,code,L,70004232,ST,2006-01-07T13:05,2006-01-07T14:20,BES,237820880
WBDRTIQY,code,L,70004301,ST,2006-01-07T16:55,2006-01-07T18:35,ORY,237820880
EVUTLZIG,code,L,70004298,ST,2006-01-07T08:50,2006-01-07T10:45,CFE,237820880
EVUTLZIG,code,L,70004229,ST,2006-01-07T11:15,2006-01-07T12:25,ORY,237820880
EVUTLZIG,code,L,70004232,ST,2006-01-07T13:05,2006-01-07T14:20,BES,237820880
EVUTLZIG,code,L,70004301,ST,2006-01-07T16:55,2006-01-07T18:35,ORY,237820880
UHXKBQHS,code,L,70004408,CP,2006-01-07T08:50,2006-01-07T11:10,MPL,1512368656
UHXKBQHS,code,L,70004411,CP,2006-01-07T12:15,2006-01-07T13:30,ORY,1512368656
UHXKBQHS,code,L,70004412,CP,2006-01-07T14:20,2006-01-07T15:40,MPL,1512368656
UHXKBQHS,code,L,70004415,CP,2006-01-07T16:15,2006-01-07T17:30,ORY,1512368656
UHXKBQHS,code,L,70004416,CP,2006-01-07T18:20,2006-01-07T19:40,MPL,1512368656
UHXKBQHS,code,L,70004421,CP,2006-01-07T20:15,2006-01-07T22:15,ORY,1512368656
TBFPVZYD,code,L,70004408,FO,2006-01-07T08:50,2006-01-07T11:10,MPL,1512368656
TBFPVZYD,code,L,70004411,FO,2006-01-07T12:15,2006-01-07T13:30,ORY,1512368656
TBFPVZYD,code,L,70004412,FO,2006-01-07T14:20,2006-01-07T15:40,MPL,1512368656
TBFPVZYD,code,L,70004415,FO,2006-01-07T16:15,2006-01-07T17:30,ORY,1512368656
TBFPVZYD,code,L,70004416,FO,2006-01-07T18:20,2006-01-07T19:40,MPL,1512368656
TBFPVZYD,code,L,70004421,FO,2006-01-07T20:15,2006-01-07T22:15,ORY,1512368656
ECFYBVIF,code,L,70004408,CSD,2006-01-07T08:50,2006-01-07T11:10,MPL,1512368656
ECFYBVIF,code,L,70004411,CSD,2006-01-07T12:15,2006-01-07T13:30,ORY,1512368656
ECFYBVIF,code,L,70004412,CSD,2006-01-07T14:20,2006-01-07T15:40,MPL,1512368656
ECFYBVIF,code,L,70004415,CSD,2006-01-07T16:15,2006-01-07T17:30,ORY,1512368656
ECFYBVIF,code,L,70004416,CSD,2006-01-07T18:20,2006-01-07T19:40,MPL,1512368656
ECFYBVIF,code,L,70004421,CSD,2006-01-07T20:15,2006-01-07T22:15,ORY,1512368656
SBWTASOJ,code,L,70004408,CSD,2006-01-07T08:50,2006-01-07T11:10,MPL,1512368656
SBWTASOJ,code,L,70004411,CSD,2006-01-07T12:15,2006-01-07T13:30,ORY,1512368656
SBWTASOJ,code,L,70004412,CSD,2006-01-07T14:20,2006-01-07T15:40,MPL,1512368656
SBWTASOJ,code,L,70004415,CSD,2006-01-07T16:15,2006-01-07T17:30,ORY,1512368656
SBWTASOJ,code,L,70004416,CSD,2006-01-07T18:20,2006-01-07T19:40,MPL,1512368656
SBWTASOJ,code,L,70004421,CSD,2006-01-07T20:15,2006-01-07T22:15,ORY,1512368656
CSYMQWLG,code,L,70004408,ST,2006-01-07T08:50,2006-01-07T11:10,MPL,1512368656
CSYMQWLG,code,L,70004411,ST,2006-01-07T12:15,2006-01-07T13:30,ORY,1512368656
CSYMQWLG,code,L,70004412,ST,2006-01-07T14:20,2006-01-07T15:40,MPL,1512368656
CSYMQWLG,code,L,70004415,ST,2006-01-07T16:15,2006-01-07T17:30,ORY,1512368656
CSYMQWLG,code,L,70004416,ST,2006-01-07T18:20,2006-01-07T19:40,MPL,1512368656
CSYMQWLG,code,L,70004421,ST,2006-01-07T20:15,2006-01-07T22:15,ORY,1512368656
CUSEMDFH,code,L,70004408,ST,2006-01-07T08:50,2006-01-07T11:10,MPL,1512368656
CUSEMDFH,code,L,70004411,ST,2006-01-07T12:15,2006-01-07T13:30,ORY,1512368656
CUSEMDFH,code,L,70004412,ST,2006-01-07T14:20,2006-01-07T15:40,MPL,1512368656
CUSEMDFH,code,L,70004415,ST,2006-01-07T16:15,2006-01-07T17:30,ORY,1512368656
CUSEMDFH,code,L,70004416,ST,2006-01-07T18:20,2006-01-07T19:40,MPL,1512368656
CUSEMDFH,code,L,70004421,ST,2006-01-07T20:15,2006-01-07T22:15,ORY,1512368656
HZFXRJXP,code,L,70004408,ST,2006-01-07T08:50,2006-01-07T11:10,MPL,1512368656
HZFXRJXP,code,L,70004411,ST,2006-01-07T12:15,2006-01-07T13:30,ORY,1512368656
HZFXRJXP,code,L,70004412,ST,2006-01-07T14:20,2006-01-07T15:40,MPL,1512368656
HZFXRJXP,code,L,70004415,ST,2006-01-07T16:15,2006-01-07T17:30,ORY,1512368656
HZFXRJXP,code,L,70004416,ST,2006-01-07T18:20,2006-01-07T19:40,MPL,1512368656
HZFXRJXP,code,L,70004421,ST,2006-01-07T20:15,2006-01-07T22:15,ORY,1512368656
IKFHGMVX,code,L,70004408,ST,2006-01-07T08:50,2006-01-07T11:10,MPL,1512368656
IKFHGMVX,code,L,70004411,ST,2006-01-07T12:15,2006-01-07T13:30,ORY,1512368656
IKFHGMVX,code,L,70004412,ST,2006-01-07T14:20,2006-01-07T15:40,MPL,1512368656
IKFHGMVX,code,L,70004415,ST,2006-01-07T16:15,2006-01-07T17:30,ORY,1512368656
IKFHGMVX,code,L,70004416,ST,2006-01-07T18:20,2006-01-07T19:40,MPL,1512368656
IKFHGMVX,code,L,70004421,ST,2006-01-07T20:15,2006-01-07T22:15,ORY,1512368656
HDHSCBJP,code,L,70004408,ST,2006-01-07T08:50,2006-01-07T11:10,MPL,1512368656
HDHSCBJP,code,L,70004411,ST,2006-01-07T12:15,2006-01-07T13:30,ORY,1512368656
HDHSCBJP,code,L,70004412,ST,2006-01-07T14:20,2006-01-07T15:40,MPL,1512368656
HDHSCBJP,code,L,70004415,ST,2006-01-07T16:15,2006-01-07T17:30,ORY,1512368656
HDHSCBJP,code,L,70004416,ST,2006-01-07T18:20,2006-01-07T19:40,MPL,1512368656
HDHSCBJP,code,L,70004421,ST,2006-01-07T20:15,2006-01-07T22:15,ORY,1512368656
VEHTOQKZ,code,L,70004408,ST,2006-01-07T08:50,2006-01-07T11:10,MPL,1512368656
VEHTOQKZ,code,L,70004411,ST,2006-01-07T12:15,2006-01-07T13:30,ORY,1512368656
VEHTOQKZ,code,L,70004412,ST,2006-01-07T14:20,2006-01-07T15:40,MPL,1512368656
VEHTOQKZ,code,L,70004415,ST,2006-01-07T16:15,2006-01-07T17:30,ORY,1512368656
VEHTOQKZ,code,L,70004416,ST,2006-01-07T18:20,2006-01-07T19:40,MPL,1512368656
VEHTOQKZ,code,L,70004421,ST,2006-01-07T20:15,2006-01-07T22:15,ORY,1512368656
BJLZQJUA,code,L,70004791,CP,2006-01-07T08:50,2006-01-07T11:35,LIL,1731519511
BJLZQJUA,code,L,70004768,CP,2006-01-07T13:05,2006-01-07T14:30,NCE,1731519511
BJLZQJUA,code,L,70004763,CP,2006-01-07T15:05,2006-01-07T16:20,BOD,1731519511
BJLZQJUA,code,L,70002663,CP,2006-01-07T17:30,2006-01-07T19:15,NCE,1731519511
GOTXWCQZ,code,L,70004791,FO,2006-01-07T08:50,2006-01-07T11:35,LIL,1731519511
GOTXWCQZ,code,L,70004768,FO,2006-01-07T13:05,2006-01-07T14:30,NCE,1731519511
GOTXWCQZ,code,L,70004763,FO,2006-01-07T15:05,2006-01-07T16:20,BOD,1731519511
GOTXWCQZ,code,L,70002663,FO,2006-01-07T17:30,2006-01-07T19:15,NCE,1731519511
GJCDDNFQ,code,L,70004791,CSD,2006-01-07T08:50,2006-01-07T11:35,LIL,1731519511
GJCDDNFQ,code,L,70004768,CSD,2006-01-07T13:05,2006-01-07T14:30,NCE,1731519511
GJCDDNFQ,code,L,70004763,CSD,2006-01-07T15:05,2006-01-07T16:20,BOD,1731519511
GJCDDNFQ,code,L,70002663,CSD,2006-01-07T17:30,2006-01-07T19:15,NCE,1731519511
CSANNMZJ,code,L,70004791,CSD,2006-01-07T08:50,2006-01-07T11:35,LIL,1731519511
CSANNMZJ,code,L,70004768,CSD,2006-01-07T13:05,2006-01-07T14:30,NCE,1731519511
CSANNMZJ,code,L,70004763,CSD,2006-01-07T15:05,2006-01-07T16:20,BOD,1731519511
CSANNMZJ,code,L,70002663,CSD,2006-01-07T17:30,2006-01-07T19:15,NCE,1731519511
ZBJERWTI,code,L,70004791,ST,2006-01-07T08:50,2006-01-07T11:35,LIL,1731519511
ZBJERWTI,code,L,70004768,ST,2006-01-07T13:05,2006-01-07T14:30,NCE,1731519511
ZBJERWTI,code,L,70004763,ST,2006-01-07T15:05,2006-01-07T16:20,BOD,1731519511
ZBJERWTI,code,L,70002663,ST,2006-01-07T17:30,2006-01-07T19:15,NCE,1731519511
KBBUDCII,code,L,70004791,ST,2006-01-07T08:50,2006-01-07T11:35,LIL,1731519511
KBBUDCII,code,L,70004768,ST,2006-01-07T13:05,2006-01-07T14:30,NCE,1731519511
KBBUDCII,code,L,70004763,ST,2006-01-07T15:05,2006-01-07T16:20,BOD,1731519511
KBBUDCII,code,L,70002663,ST,2006-01-07T17:30,2006-01-07T19:15,NCE,1731519511
CCYHWNAS,code,L,70004791,ST,2006-01-07T08:50,2006-01-07T11:35,LIL,1731519511
CCYHWNAS,code,L,70004768,ST,2006-01-07T13:05,2006-01-07T14:30,NCE,1731519511
CCYHWNAS,code,L,70004763,ST,2006-01-07T15:05,2006-01-07T16:20,BOD,1731519511
CCYHWNAS,code,L,70002663,ST,2006-01-07T17:30,2006-01-07T19:15,NCE,1731519511
KHMDUITK,code,L,70004791,ST,2006-01-07T08:50,2006-01-07T11:35,LIL,1731519511
KHMDUITK,code,L,70004768,ST,2006-01-07T13:05,2006-01-07T14:30,NCE,1731519511
KHMDUITK,code,L,70004763,ST,2006-01-07T15:05,2006-01-07T16:20,BOD,1731519511
KHMDUITK,code,L,70002663,ST,2006-01-07T17:30,2006-01-07T19:15,NCE,1731519511
FHMMOARL,code,L,70004791,ST,2006-01-07T08:50,2006-01-07T11:35,LIL,1731519511
FHMMOARL,code,L,70004768,ST,2006-01-07T13:05,2006-01-07T14:30,NCE,1731519511
FHMMOARL,code,L,70004763,ST,2006-01-07T15:05,2006-01-07T16:20,BOD,1731519511
FHMMOARL,code,L,70002663,ST,2006-01-07T17:30,2006-01-07T19:15,NCE,1731519511
QDZVXSLK,code,L,70004791,ST,2006-01-07T08:50,2006-01-07T11:35,LIL,1731519511
QDZVXSLK,code,L,70004768,ST,2006-01-07T13:05,2006-01-07T14:30,NCE,1731519511
QDZVXSLK,code,L,70004763,ST,2006-01-07T15:05,2006-01-07T16:20,BOD,1731519511
QDZVXSLK,code,L,70002663,ST,2006-01-07T17:30,2006-01-07T19:15,NCE,1731519511
WNLWJXNP,code,L,70004526,CP,2006-01-07T08:50,2006-01-07T11:20,MRS,1127983490
WNLWJXNP,code,L,70004533,CP,2006-01-07T20:20,2006-01-07T22:30,CDG,1127983490
OMRPMDCE,code,L,70004526,FO,2006-01-07T08:50,2006-01-07T11:20,MRS,1127983490
OMRPMDCE,code,L,70004533,FO,2006-01-07T20:20,2006-01-07T22:30,CDG,1127983490
NEKWLLRN,code,L,70004526,CSD,2006-01-07T08:50,2006-01-07T11:20,MRS,1127983490
NEKWLLRN,code,L,70004533,CSD,2006-01-07T20:20,2006-01-07T22:30,CDG,1127983490
UTAVMPET,code,L,70004526,CSD,2006-01-07T08:50,2006-01-07T11:20,MRS,1127983490
UTAVMPET,code,L,70004533,CSD,2006-01-07T20:20,2006-01-07T22:30,CDG,1127983490
XJBCQEEI,code,L,70004526,ST,2006-01-07T08:50,2006-01-07T11:20,MRS,1127983490
XJBCQEEI,code,L,70004533,ST,2006-01-07T20:20,2006-01-07T22:30,CDG,1127983490
IJDNUWNF,code,L,70004526,ST,2006-01-07T08:50,2006-01-07T11:20,MRS,1127983490
IJDNUWNF,code,L,70004533,ST,2006-01-07T20:20,2006-01-07T22:30,CDG,1127983490
WXCYUASP,code,L,70004526,ST,2006-01-07T08:50,2006-01-07T11:20,MRS,1127983490
WXCYUASP,code,L,70004533,ST,2006-01-07T20:20,2006-01-07T22:30,CDG,1127983490
JJIKGFFU,code,L,70004526,ST,2006-01-07T08:50,2006-01-07T11:20,MRS,1127983490
JJIKGFFU,code,L,70004533,ST,2006-01-07T20:20,2006-01-07T22:30,CDG,1127983490
EJUUKUVF,code,L,70004526,ST,2006-01-07T08:50,2006-01-07T11:20,MRS,1127983490
EJUUKUVF,code,L,70004533,ST,2006-01-07T20:20,2006-01-07T22:30,CDG,1127983490
ONRTRFHS,code,L,70004526,ST,2006-01-07T08:50,2006-01-07T11:20,MRS,1127983490
ONRTRFHS,code,L,70004533,ST,2006-01-07T20:20,2006-01-07T22:30,CDG,1127983490
FHZSQNHT,code,L,70002977,CP,2006-01-07T08:50,2006-01-07T11:00,ORY,2090911250
FHZSQNHT,code,L,70002984,CP,2006-01-07T11:40,2006-01-07T13:00,TLS,2090911250
FHZSQNHT,code,L,70002989,CP,2006-01-07T13:50,2006-01-07T15:00,ORY,2090911250
FHZSQNHT,code,L,70002996,CP,2006-01-07T15:40,2006-01-07T17:45,TLS,2090911250
GPJHDIEL,code,L,70002977,FO,2006-01-07T08:50,2006-01-07T11:00,ORY,2090911250
GPJHDIEL,code,L,70002984,FO,2006-01-07T11:40,2006-01-07T13:00,TLS,2090911250
GPJHDIEL,code,L,70002989,FO,2006-01-07T13:50,2006-01-07T15:00,ORY,2090911250
GPJHDIEL,code,L,70002996,FO,2006-01-07T15:40,2006-01-07T17:45,TLS,2090911250
QOZTOQOQ,code,L,70002977,CSD,2006-01-07T08:50,2006-01-07T11:00,ORY,2090911250
QOZTOQOQ,code,L,70002984,CSD,2006-01-07T11:40,2006-01-07T13:00,TLS,2090911250
QOZTOQOQ,code,L,70002989,CSD,2006-01-07T13:50,2006-01-07T15:00,ORY,2090911250
QOZTOQOQ,code,L,70002996,CSD,2006-01-07T15:40,2006-01-07T17:45,TLS,2090911250
IQIJSYHD,code,L,70002977,CSD,2006-01-07T08:50,2006-01-07T11:00,ORY,2090911250
IQIJSYHD,code,L,70002984,CSD,2006-01-07T11:40,2006-01-07T13:00,TLS,2090911250
IQIJSYHD,code,L,70002989,CSD,2006-01-07T13:50,2006-01-07T15:00,ORY,2090911250
IQIJSYHD,code,L,70002996,CSD,2006-01-07T15:40,2006-01-07T17:45,TLS,2090911250
PRRFJUDQ,code,L,70002977,ST,2006-01-07T08:50,2006-01-07T11:00,ORY,2090911250
PRRFJUDQ,code,L,70002984,ST,2006-01-07T11:40,2006-01-07T13:00,TLS,2090911250
PRRFJUDQ,code,L,70002989,ST,2006-01-07T13:50,2006-01-07T15:00,ORY,2090911250
PRRFJUDQ,code,L,70002996,ST,2006-01-07T15:40,2006-01-07T17:45,TLS,2090911250
ZYGJMZQM,code,L,70002977,ST,2006-01-07T08:50,2006-01-07T11:00,ORY,2090911250
ZYGJMZQM,code,L,70002984,ST,2006-01-07T11:40,2006-01-07T13:00,TLS,2090911250
ZYGJMZQM,code,L,70002989,ST,2006-01-07T13:50,2006-01-07T15:00,ORY,2090911250
ZYGJMZQM,code,L,70002996,ST,2006-01-07T15:40,2006-01-07T17:45,TLS,2090911250
ETNNSAFG,code,L,70002977,ST,2006-01-07T08:50,2006-01-07T11:00,ORY,2090911250
ETNNSAFG,code,L,70002984,ST,2006-01-07T11:40,2006-01-07T13:00,TLS,2090911250
ETNNSAFG,code,L,70002989,ST,2006-01-07T13:50,2006-01-07T15:00,ORY,2090911250
ETNNSAFG,code,L,70002996,ST,2006-01-07T15:40,2006-01-07T17:45,TLS,2090911250
KGXVRIXX,code,L,70002977,ST,2006-01-07T08:50,2006-01-07T11:00,ORY,2090911250
KGXVRIXX,code,L,70002984,ST,2006-01-07T11:40,2006-01-07T13:00,TLS,2090911250
KGXVRIXX,code,L,70002989,ST,2006-01-07T13:50,2006-01-07T15:00,ORY,2090911250
KGXVRIXX,code,L,70002996,ST,2006-01-07T15:40,2006-01-07T17:45,TLS,2090911250
LXDXLIIN,code,L,70002977,ST,2006-01-07T08:50,2006-01-07T11:00,ORY,2090911250
LXDXLIIN,code,L,70002984,ST,2006-01-07T11:40,2006-01-07T13:00,TLS,2090911250
LXDXLIIN,code,L,70002989,ST,2006-01-07T13:50,2006-01-07T15:00,ORY,2090911250
LXDXLIIN,code,L,70002996,ST,2006-01-07T15:40,2006-01-07T17:45,TLS,2090911250
NGQIHCWX,code,L,70002977,ST,2006-01-07T08:50,2006-01-07T11:00,ORY,2090911250
NGQIHCWX,code,L,70002984,ST,2006-01-07T11:40,2006-01-07T13:00,TLS,2090911250
NGQIHCWX,code,L,70002989,ST,2006-01-07T13:50,2006-01-07T15:00,ORY,2090911250
NGQIHCWX,code,L,70002996,ST,2006-01-07T15:40,2006-01-07T17:45,TLS,2090911250
SEREQYRT,code,L,70004502,CP,2006-01-07T08:50,2006-01-07T11:20,BIQ,564194307
SEREQYRT,code,L,70004501,CP,2006-01-07T12:35,2006-01-07T14:00,CDG,564194307
SEREQYRT,code,L,70004352,CP,2006-01-07T16:20,2006-01-07T17:40,BIQ,564194307
SEREQYRT,code,L,70004347,CP,2006-01-07T18:20,2006-01-07T20:20,ORY,564194307
WEFMRXRW,code,L,70004502,FO,2006-01-07T08:50,2006-01-07T11:20,BIQ,564194307
WEFMRXRW,code,L,70004501,FO,2006-01-07T12:35,2006-01-07T14:00,CDG,564194307
WEFMRXRW,code,L,70004352,FO,2006-01-07T16:20,2006-01-07T17:40,BIQ,564194307
WEFMRXRW,code,L,70004347,FO,2006-01-07T18:20,2006-01-07T20:20,ORY,564194307
EFFRVEFQ,code,L,70004502,CSD,2006-01-07T08:50,2006-01-07T11:20,BIQ,564194307
EFFRVEFQ,code,L,70004501,CSD,2006-01-07T12:35,2006-01-07T14:00,CDG,564194307
EFFRVEFQ,code,L,70004352,CSD,2006-01-07T16:20,2006-01-07T17:40,BIQ,564194307
EFFRVEFQ,code,L,70004347,CSD,2006-01-07T18:20,2006-01-07T20:20,ORY,564194307
WGZSBZBF,code,L,70004502,ST,2006-01-07T08:50,2006-01-07T11:20,BIQ,564194307
WGZSBZBF,code,L,70004501,ST,2006-01-07T12:35,2006-01-07T14:00,CDG,564194307
WGZSBZBF,code,L,70004352,ST,2006-01-07T16:20,2006-01-07T17:40,BIQ,564194307
WGZSBZBF,code,L,70004347,ST,2006-01-07T18:20,2006-01-07T20:20,ORY,564194307
QQOWRHPO,code,L,70004502,ST,2006-01-07T08:50,2006-01-07T11:20,BIQ,564194307
QQOWRHPO,code,L,70004501,ST,2006-01-07T12:35,2006-01-07T14:00,CDG,564194307
QQOWRHPO,code,L,70004352,ST,2006-01-07T16:20,2006-01-07T17:40,BIQ,564194307
QQOWRHPO,code,L,70004347,ST,2006-01-07T18:20,2006-01-07T20:20,ORY,564194307
UAEYNPQU,code,L,70004502,ST,2006-01-07T08:50,2006-01-07T11:20,BIQ,564194307
UAEYNPQU,code,L,70004501,ST,2006-01-07T12:35,2006-01-07T14:00,CDG,564194307
UAEYNPQU,code,L,70004352,ST,2006-01-07T16:20,2006-01-07T17:40,BIQ,564194307
UAEYNPQU,code,L,70004347,ST,2006-01-07T18:20,2006-01-07T20:20,ORY,564194307
TTNQSYYQ,code,L,70002521,CP,2006-01-07T08:50,2006-01-07T11:05,RNS,376980210
TTNQSYYQ,code,L,70002522,CP,2006-01-07T11:35,2006-01-07T12:55,MPL,376980210
TTNQSYYQ,code,L,70004213,CP,2006-01-07T14:00,2006-01-07T15:05,RNS,376980210
TTNQSYYQ,code,L,70004214,CP,2006-01-07T16:15,2006-01-07T18:00,ORY,376980210
UVKRWCOY,code,L,70002521,FO,2006-01-07T08:50,2006-01-07T11:05,RNS,376980210
UVKRWCOY,code,L,70002522,FO,2006-01-07T11:35,2006-01-07T12:55,MPL,376980210
UVKRWCOY,code,L,70004213,FO,2006-01-07T14:00,2006-01-07T15:05,RNS,376980210
UVKRWCOY,code,L,70004214,FO,2006-01-07T16:15,2006-01-07T18:00,ORY,376980210
HZCVIFZP,code,L,70002521,CSD,2006-01-07T08:50,2006-01-07T11:05,RNS,376980210
HZCVIFZP,code,L,70002522,CSD,2006-01-07T11:35,2006-01-07T12:55,MPL,376980210
HZCVIFZP,code,L,70004213,CSD,2006-01-07T14:00,2006-01-07T15:05,RNS,376980210
HZCVIFZP,code,L,70004214,CSD,2006-01-07T16:15,2006-01-07T18:00,ORY,376980210
BBAYDZZS,code,L,70002521,ST,2006-01-07T08:50,2006-01-07T11:05,RNS,376980210
BBAYDZZS,code,L,70002522,ST,2006-01-07T11:35,2006-01-07T12:55,MPL,376980210
BBAYDZZS,code,L,70004213,ST,2006-01-07T14:00,2006-01-07T15:05,RNS,376980210
BBAYDZZS,code,L,70004214,ST,2006-01-07T16:15,2006-01-07T18:00,ORY,376980210
ORQRSLOD,code,L,70002521,ST,2006-01-07T08:50,2006-01-07T11:05,RNS,376980210
ORQRSLOD,code,L,70002522,ST,2006-01-07T11:35,2006-01-07T12:55,MPL,376980210
ORQRSLOD,code,L,70004213,ST,2006-01-07T14:00,2006-01-07T15:05,RNS,376980210
ORQRSLOD,code,L,70004214,ST,2006-01-07T16:15,2006-01-07T18:00,ORY,376980210
KOKMNITW,code,L,70002521,ST,2006-01-07T08:50,2006-01-07T11:05,RNS,376980210
KOKMNITW,code,L,70002522,ST,2006-01-07T11:35,2006-01-07T12:55,MPL,376980210
KOKMNITW,code,L,70004213,ST,2006-01-07T14:00,2006-01-07T15:05,RNS,376980210
KOKMNITW,code,L,70004214,ST,2006-01-07T16:15,2006-01-07T18:00,ORY,376980210
HAFFMABF,code,L,70004696,CP,2006-01-07T08:50,2006-01-07T10:45,NCE,628641533
HAFFMABF,code,L,70004699,CP,2006-01-07T11:25,2006-01-07T12:25,LYS,628641533
HAFFMABF,code,L,70004700,CP,2006-01-07T13:05,2006-01-07T14:00,NCE,628641533
HAFFMABF,code,L,70004695,CP,2006-01-07T15:00,2006-01-07T16:45,LYS,628641533
WXMXCFHL,code,L,70004696,FO,2006-01-07T08:50,2006-01-07T10:45,NCE,628641533
WXMXCFHL,code,L,70004699,FO,2006-01-07T11:25,2006-01-07T12:25,LYS,628641533
WXMXCFHL,code,L,70004700,FO,2006-01-07T13:05,2006-01-07T14:00,NCE,628641533
WXMXCFHL,code,L,70004695,FO,2006-01-07T15:00,2006-01-07T16:45,LYS,628641533
ABPIHDCX,code,L,70004696,CSD,2006-01-07T08:50,2006-01-07T10:45,NCE,628641533
ABPIHDCX,code,L,70004699,CSD,2006-01-07T11:25,2006-01-07T12:25,LYS,628641533
ABPIHDCX,code,L,70004700,CSD,2006-01-07T13:05,2006-01-07T14:00,NCE,628641533
ABPIHDCX,code,L,70004695,CSD,2006-01-07T15:00,2006-01-07T16:45,LYS,628641533
TTSIYVDD,code,L,70004696,ST,2006-01-07T08:50,2006-01-07T10:45,NCE,628641533
TTSIYVDD,code,L,70004699,ST,2006-01-07T11:25,2006-01-07T12:25,LYS,628641533
TTSIYVDD,code,L,70004700,ST,2006-01-07T13:05,2006-01-07T14:00,NCE,628641533
TTSIYVDD,code,L,70004695,ST,2006-01-07T15:00,2006-01-07T16:45,LYS,628641533
AZMLWXGM,code,L,70004696,ST,2006-01-07T08:50,2006-01-07T10:45,NCE,628641533
AZMLWXGM,code,L,70004699,ST,2006-01-07T11:25,2006-01-07T12:25,LYS,628641533
AZMLWXGM,code,L,70004700,ST,2006-01-07T13:05,2006-01-07T14:00,NCE,628641533
AZMLWXGM,code,L,70004695,ST,2006-01-07T15:00,2006-01-07T16:45,LYS,628641533
HWUGMVPQ,code,L,70004696,ST,2006-01-07T08:50,2006-01-07T10:45,NCE,628641533
HWUGMVPQ,code,L,70004699,ST,2006-01-07T11:25,2006-01-07T12:25,LYS,628641533
HWUGMVPQ,code,L,70004700,ST,2006-01-07T13:05,2006-01-07T14:00,NCE,628641533
HWUGMVPQ,code,L,70004695,ST,2006-01-07T15:00,2006-01-07T16:45,LYS,628641533
YXYNFAXD,code,L,7000146,CP,2006-01-07T08:55,2006-01-07T11:10,MLH,363842328
YXYNFAXD,code,L,7000147,CP,2006-01-07T12:00,2006-01-07T13:10,CDG,363842328
YXYNFAXD,code,L,7000148,CP,2006-01-07T13:50,2006-01-07T15:05,MLH,363842328
YXYNFAXD,code,L,7000149,CP,2006-01-07T15:45,2006-01-07T16:55,CDG,363842328
YXYNFAXD,code,L,7000150,CP,2006-01-07T17:35,2006-01-07T18:50,MLH,363842328
YXYNFAXD,code,L,7000151,CP,2006-01-07T19:55,2006-01-07T21:50,CDG,363842328
OFSLCDMZ,code,L,7000146,FO,2006-01-07T08:55,2006-01-07T11:10,MLH,363842328
OFSLCDMZ,code,L,7000147,FO,2006-01-07T12:00,2006-01-07T13:10,CDG,363842328
OFSLCDMZ,code,L,7000148,FO,2006-01-07T13:50,2006-01-07T15:05,MLH,363842328
OFSLCDMZ,code,L,7000149,FO,2006-01-07T15:45,2006-01-07T16:55,CDG,363842328
OFSLCDMZ,code,L,7000150,FO,2006-01-07T17:35,2006-01-07T18:50,MLH,363842328
OFSLCDMZ,code,L,7000151,FO,2006-01-07T19:55,2006-01-07T21:50,CDG,363842328
VQSZXDTG,code,L,7000146,CSD,2006-01-07T08:55,2006-01-07T11:10,MLH,363842328
VQSZXDTG,code,L,7000147,CSD,2006-01-07T12:00,2006-01-07T13:10,CDG,363842328
VQSZXDTG,code,L,7000148,CSD,2006-01-07T13:50,2006-01-07T15:05,MLH,363842328
VQSZXDTG,code,L,7000149,CSD,2006-01-07T15:45,2006-01-07T16:55,CDG,363842328
VQSZXDTG,code,L,7000150,CSD,2006-01-07T17:35,2006-01-07T18:50,MLH,363842328
VQSZXDTG,code,L,7000151,CSD,2006-01-07T19:55,2006-01-07T21:50,CDG,363842328
HBCFQWBW,code,L,7000146,CSD,2006-01-07T08:55,2006-01-07T11:10,MLH,363842328
HBCFQWBW,code,L,7000147,CSD,2006-01-07T12:00,2006-01-07T13:10,CDG,363842328
HBCFQWBW,code,L,7000148,CSD,2006-01-07T13:50,2006-01-07T15:05,MLH,363842328
HBCFQWBW,code,L,7000149,CSD,2006-01-07T15:45,2006-01-07T16:55,CDG,363842328
HBCFQWBW,code,L,7000150,CSD,2006-01-07T17:35,2006-01-07T18:50,MLH,363842328
HBCFQWBW,code,L,7000151,CSD,2006-01-07T19:55,2006-01-07T21:50,CDG,363842328
URCTCINR,code,L,7000146,ST,2006-01-07T08:55,2006-01-07T11:10,MLH,363842328
URCTCINR,code,L,7000147,ST,2006-01-07T12:00,2006-01-07T13:10,CDG,363842328
URCTCINR,code,L,7000148,ST,2006-01-07T13:50,2006-01-07T15:05,MLH,363842328
URCTCINR,code,L,7000149,ST,2006-01-07T15:45,2006-01-07T16:55,CDG,363842328
URCTCINR,code,L,7000150,ST,2006-01-07T17:35,2006-01-07T18:50,MLH,363842328
URCTCINR,code,L,7000151,ST,2006-01-07T19:55,2006-01-07T21:50,CDG,363842328
EHJXUCMG,code,L,7000146,ST,2006-01-07T08:55,2006-01-07T11:10,MLH,363842328
EHJXUCMG,code,L,7000147,ST,2006-01-07T12:00,2006-01-07T13:10,CDG,363842328
EHJXUCMG,code,L,7000148,ST,2006-01-07T13:50,2006-01-07T15:05,MLH,363842328
EHJXUCMG,code,L,7000149,ST,2006-01-07T15:45,2006-01-07T16:55,CDG,363842328
EHJXUCMG,code,L,7000150,ST,2006-01-07T17:35,2006-01-07T18:50,MLH,363842328
EHJXUCMG,code,L,7000151,ST,2006-01-07T19:55,2006-01-07T21:50,CDG,363842328
KUZPFTOP,code,L,7000146,ST,2006-01-07T08:55,2006-01-07T11:10,MLH,363842328
KUZPFTOP,code,L,7000147,ST,2006-01-07T12:00,2006-01-07T13:10,CDG,363842328
KUZPFTOP,code,L,7000148,ST,2006-01-07T13:50,2006-01-07T15:05,MLH,363842328
KUZPFTOP,code,L,7000149,ST,2006-01-07T15:45,2006-01-07T16:55,CDG,363842328
KUZPFTOP,code,L,7000150,ST,2006-01-07T17:35,2006-01-07T18:50,MLH,363842328
KUZPFTOP,code,L,7000151,ST,2006-01-07T19:55,2006-01-07T21:50,CDG,363842328
FKSIMYLC,code,L,7000146,ST,2006-01-07T08:55,2006-01-07T11:10,MLH,363842328
FKSIMYLC,code,L,7000147,ST,2006-01-07T12:00,2006-01-07T13:10,CDG,363842328
FKSIMYLC,code,L,7000148,ST,2006-01-07T13:50,2006-01-07T15:05,MLH,363842328
FKSIMYLC,code,L,7000149,ST,2006-01-07T15:45,2006-01-07T16:55,CDG,363842328
FKSIMYLC,code,L,7000150,ST,2006-01-07T17:35,2006-01-07T18:50,MLH,363842328
FKSIMYLC,code,L,7000151,ST,2006-01-07T19:55,2006-01-07T21:50,CDG,363842328
JEHZPOHC,code,L,7000146,ST,2006-01-07T08:55,2006-01-07T11:10,MLH,363842328
JEHZPOHC,code,L,7000147,ST,2006-01-07T12:00,2006-01-07T13:10,CDG,363842328
JEHZPOHC,code,L,7000148,ST,2006-01-07T13:50,2006-01-07T15:05,MLH,363842328
JEHZPOHC,code,L,7000149,ST,2006-01-07T15:45,2006-01-07T16:55,CDG,363842328
JEHZPOHC,code,L,7000150,ST,2006-01-07T17:35,2006-01-07T18:50,MLH,363842328
JEHZPOHC,code,L,7000151,ST,2006-01-07T19:55,2006-01-07T21:50,CDG,363842328
YLZMMSSN,code,L,7000146,ST,2006-01-07T08:55,2006-01-07T11:10,MLH,363842328
YLZMMSSN,code,L,7000147,ST,2006-01-07T12:00,2006-01-07T13:10,CDG,363842328
YLZMMSSN,code,L,7000148,ST,2006-01-07T13:50,2006-01-07T15:05,MLH,363842328
YLZMMSSN,code,L,7000149,ST,2006-01-07T15:45,2006-01-07T16:55,CDG,363842328
YLZMMSSN,code,L,7000150,ST,2006-01-07T17:35,2006-01-07T18:50,MLH,363842328
YLZMMSSN,code,L,7000151,ST,2006-01-07T19:55,2006-01-07T21:50,CDG,363842328
QMUGPPVF,code,L,70003073,CP,2006-01-07T09:00,2006-01-07T11:20,ORY,687431273
QMUGPPVF,code,L,70003088,CP,2006-01-07T12:05,2006-01-07T13:30,NCE,687431273
QMUGPPVF,code,L,70003081,CP,2006-01-07T14:00,2006-01-07T15:20,ORY,687431273
QMUGPPVF,code,L,70003102,CP,2006-01-07T16:05,2006-01-07T18:15,NCE,687431273
XQMPQJAC,code,L,70003073,FO,2006-01-07T09:00,2006-01-07T11:20,ORY,687431273
XQMPQJAC,code,L,70003088,FO,2006-01-07T12:05,2006-01-07T13:30,NCE,687431273
XQMPQJAC,code,L,70003081,FO,2006-01-07T14:00,2006-01-07T15:20,ORY,687431273
XQMPQJAC,code,L,70003102,FO,2006-01-07T16:05,2006-01-07T18:15,NCE,687431273
OJRLTLUJ,code,L,70003073,CSD,2006-01-07T09:00,2006-01-07T11:20,ORY,687431273
OJRLTLUJ,code,L,70003088,CSD,2006-01-07T12:05,2006-01-07T13:30,NCE,687431273
OJRLTLUJ,code,L,70003081,CSD,2006-01-07T14:00,2006-01-07T15:20,ORY,687431273
OJRLTLUJ,code,L,70003102,CSD,2006-01-07T16:05,2006-01-07T18:15,NCE,687431273
KMKCDSCC,code,L,70003073,CSD,2006-01-07T09:00,2006-01-07T11:20,ORY,687431273
KMKCDSCC,code,L,70003088,CSD,2006-01-07T12:05,2006-01-07T13:30,NCE,687431273
KMKCDSCC,code,L,70003081,CSD,2006-01-07T14:00,2006-01-07T15:20,ORY,687431273
KMKCDSCC,code,L,70003102,CSD,2006-01-07T16:05,2006-01-07T18:15,NCE,687431273
MGXAFQIT,code,L,70003073,ST,2006-01-07T09:00,2006-01-07T11:20,ORY,687431273
MGXAFQIT,code,L,70003088,ST,2006-01-07T12:05,2006-01-07T13:30,NCE,687431273
MGXAFQIT,code,L,70003081,ST,2006-01-07T14:00,2006-01-07T15:20,ORY,687431273
MGXAFQIT,code,L,70003102,ST,2006-01-07T16:05,2006-01-07T18:15,NCE,687431273
ZJPTSSUS,code,L,70003073,ST,2006-01-07T09:00,2006-01-07T11:20,ORY,687431273
ZJPTSSUS,code,L,70003088,ST,2006-01-07T12:05,2006-01-07T13:30,NCE,687431273
ZJPTSSUS,code,L,70003081,ST,2006-01-07T14:00,2006-01-07T15:20,ORY,687431273
ZJPTSSUS,code,L,70003102,ST,2006-01-07T16:05,2006-01-07T18:15,NCE,687431273
OBDVXUFP,code,L,70003073,ST,2006-01-07T09:00,2006-01-07T11:20,ORY,687431273
OBDVXUFP,code,L,70003088,ST,2006-01-07T12:05,2006-01-07T13:30,NCE,687431273
OBDVXUFP,code,L,70003081,ST,2006-01-07T14:00,2006-01-07T15:20,ORY,687431273
OBDVXUFP,code,L,70003102,ST,2006-01-07T16:05,2006-01-07T18:15,NCE,687431273
CFRKZOYO,code,L,70003073,ST,2006-01-07T09:00,2006-01-07T11:20,ORY,687431273
CFRKZOYO,code,L,70003088,ST,2006-01-07T12:05,2006-01-07T13:30,NCE,687431273
CFRKZOYO,code,L,70003081,ST,2006-01-07T14:00,2006-01-07T15:20,ORY,687431273
CFRKZOYO,code,L,70003102,ST,2006-01-07T16:05,2006-01-07T18:15,NCE,687431273
NLXTBXKD,code,L,70003073,ST,2006-01-07T09:00,2006-01-07T11:20,ORY,687431273
NLXTBXKD,code,L,70003088,ST,2006-01-07T12:05,2006-01-07T13:30,NCE,687431273
NLXTBXKD,code,L,70003081,ST,2006-01-07T14:00,2006-01-07T15:20,ORY,687431273
NLXTBXKD,code,L,70003102,ST,2006-01-07T16:05,2006-01-07T18:15,NCE,687431273
PDDGYOWT,code,L,70003073,ST,2006-01-07T09:00,2006-01-07T11:20,ORY,687431273
PDDGYOWT,code,L,70003088,ST,2006-01-07T12:05,2006-01-07T13:30,NCE,687431273
PDDGYOWT,code,L,70003081,ST,2006-01-07T14:00,2006-01-07T15:20,ORY,687431273
PDDGYOWT,code,L,70003102,ST,2006-01-07T16:05,2006-01-07T18:15,NCE,687431273
RCVJGUWH,code,L,70004588,CP,2006-01-07T09:00,2006-01-07T11:05,NTE,848563345
RCVJGUWH,code,L,70004587,CP,2006-01-07T11:45,2006-01-07T12:50,CDG,848563345
RCVJGUWH,code,L,70004590,CP,2006-01-07T13:35,2006-01-07T14:40,NTE,848563345
RCVJGUWH,code,L,70004593,CP,2006-01-07T16:15,2006-01-07T17:20,CDG,848563345
RCVJGUWH,code,L,70004594,CP,2006-01-07T18:05,2006-01-07T19:10,NTE,848563345
RCVJGUWH,code,L,70004591,CP,2006-01-07T20:00,2006-01-07T21:50,CDG,848563345
QCWIBFMT,code,L,70004588,FO,2006-01-07T09:00,2006-01-07T11:05,NTE,848563345
QCWIBFMT,code,L,70004587,FO,2006-01-07T11:45,2006-01-07T12:50,CDG,848563345
QCWIBFMT,code,L,70004590,FO,2006-01-07T13:35,2006-01-07T14:40,NTE,848563345
QCWIBFMT,code,L,70004593,FO,2006-01-07T16:15,2006-01-07T17:20,CDG,848563345
QCWIBFMT,code,L,70004594,FO,2006-01-07T18:05,2006-01-07T19:10,NTE,848563345
QCWIBFMT,code,L,70004591,FO,2006-01-07T20:00,2006-01-07T21:50,CDG,848563345
PAKMZUTG,code,L,70004588,CSD,2006-01-07T09:00,2006-01-07T11:05,NTE,848563345
PAKMZUTG,code,L,70004587,CSD,2006-01-07T11:45,2006-01-07T12:50,CDG,848563345
PAKMZUTG,code,L,70004590,CSD,2006-01-07T13:35,2006-01-07T14:40,NTE,848563345
PAKMZUTG,code,L,70004593,CSD,2006-01-07T16:15,2006-01-07T17:20,CDG,848563345
PAKMZUTG,code,L,70004594,CSD,2006-01-07T18:05,2006-01-07T19:10,NTE,848563345
PAKMZUTG,code,L,70004591,CSD,2006-01-07T20:00,2006-01-07T21:50,CDG,848563345
HSKRNYNB,code,L,70004588,CSD,2006-01-07T09:00,2006-01-07T11:05,NTE,848563345
HSKRNYNB,code,L,70004587,CSD,2006-01-07T11:45,2006-01-07T12:50,CDG,848563345
HSKRNYNB,code,L,70004590,CSD,2006-01-07T13:35,2006-01-07T14:40,NTE,848563345
HSKRNYNB,code,L,70004593,CSD,2006-01-07T16:15,2006-01-07T17:20,CDG,848563345
HSKRNYNB,code,L,70004594,CSD,2006-01-07T18:05,2006-01-07T19:10,NTE,848563345
HSKRNYNB,code,L,70004591,CSD,2006-01-07T20:00,2006-01-07T21:50,CDG,848563345
NYAJEBZN,code,L,70004588,ST,2006-01-07T09:00,2006-01-07T11:05,NTE,848563345
NYAJEBZN,code,L,70004587,ST,2006-01-07T11:45,2006-01-07T12:50,CDG,848563345
NYAJEBZN,code,L,70004590,ST,2006-01-07T13:35,2006-01-07T14:40,NTE,848563345
NYAJEBZN,code,L,70004593,ST,2006-01-07T16:15,2006-01-07T17:20,CDG,848563345
NYAJEBZN,code,L,70004594,ST,2006-01-07T18:05,2006-01-07T19:10,NTE,848563345
NYAJEBZN,code,L,70004591,ST,2006-01-07T20:00,2006-01-07T21:50,CDG,848563345
YPAXYFCC,code,L,70004588,ST,2006-01-07T09:00,2006-01-07T11:05,NTE,848563345
YPAXYFCC,code,L,70004587,ST,2006-01-07T11:45,2006-01-07T12:50,CDG,848563345
YPAXYFCC,code,L,70004590,ST,2006-01-07T13:35,2006-01-07T14:40,NTE,848563345
YPAXYFCC,code,L,70004593,ST,2006-01-07T16:15,2006-01-07T17:20,CDG,848563345
YPAXYFCC,code,L,70004594,ST,2006-01-07T18:05,2006-01-07T19:10,NTE,848563345
YPAXYFCC,code,L,70004591,ST,2006-01-07T20:00,2006-01-07T21:50,CDG,848563345
UQHXLSVQ,code,L,70004588,ST,2006-01-07T09:00,2006-01-07T11:05,NTE,848563345
UQHXLSVQ,code,L,70004587,ST,2006-01-07T11:45,2006-01-07T12:50,CDG,848563345
UQHXLSVQ,code,L,70004590,ST,2006-01-07T13:35,2006-01-07T14:40,NTE,848563345
UQHXLSVQ,code,L,70004593,ST,2006-01-07T16:15,2006-01-07T17:20,CDG,848563345
UQHXLSVQ,code,L,70004594,ST,2006-01-07T18:05,2006-01-07T19:10,NTE,848563345
UQHXLSVQ,code,L,70004591,ST,2006-01-07T20:00,2006-01-07T21:50,CDG,848563345
CMAZNXHT,code,L,70004588,ST,2006-01-07T09:00,2006-01-07T11:05,NTE,848563345
CMAZNXHT,code,L,70004587,ST,2006-01-07T11:45,2006-01-07T12:50,CDG,848563345
CMAZNXHT,code,L,70004590,ST,2006-01-07T13:35,2006-01-07T14:40,NTE,848563345
CMAZNXHT,code,L,70004593,ST,2006-01-07T16:15,2006-01-07T17:20,CDG,848563345
CMAZNXHT,code,L,70004594,ST,2006-01-07T18:05,2006-01-07T19:10,NTE,848563345
CMAZNXHT,code,L,70004591,ST,2006-01-07T20:00,2006-01-07T21:50,CDG,848563345
LUTEJXAM,code,L,70004588,ST,2006-01-07T09:00,2006-01-07T11:05,NTE,848563345
LUTEJXAM,code,L,70004587,ST,2006-01-07T11:45,2006-01-07T12:50,CDG,848563345
LUTEJXAM,code,L,70004590,ST,2006-01-07T13:35,2006-01-07T14:40,NTE,848563345
LUTEJXAM,code,L,70004593,ST,2006-01-07T16:15,2006-01-07T17:20,CDG,848563345
LUTEJXAM,code,L,70004594,ST,2006-01-07T18:05,2006-01-07T19:10,NTE,848563345
LUTEJXAM,code,L,70004591,ST,2006-01-07T20:00,2006-01-07T21:50,CDG,848563345
YRAJCUKM,code,L,70004588,ST,2006-01-07T09:00,2006-01-07T11:05,NTE,848563345
YRAJCUKM,code,L,70004587,ST,2006-01-07T11:45,2006-01-07T12:50,CDG,848563345
YRAJCUKM,code,L,70004590,ST,2006-01-07T13:35,2006-01-07T14:40,NTE,848563345
YRAJCUKM,code,L,70004593,ST,2006-01-07T16:15,2006-01-07T17:20,CDG,848563345
YRAJCUKM,code,L,70004594,ST,2006-01-07T18:05,2006-01-07T19:10,NTE,848563345
YRAJCUKM,code,L,70004591,ST,2006-01-07T20:00,2006-01-07T21:50,CDG,848563345
OHIJTRUV,code,L,70003074,CP,2006-01-07T09:05,2006-01-07T11:30,NCE,760389092
OHIJTRUV,code,L,70003077,CP,2006-01-07T12:00,2006-01-07T13:20,ORY,760389092
OHIJTRUV,code,L,70003082,CP,2006-01-07T14:05,2006-01-07T15:30,NCE,760389092
OHIJTRUV,code,L,70003085,CP,2006-01-07T16:00,2006-01-07T17:20,ORY,760389092
OHIJTRUV,code,L,70003092,CP,2006-01-07T18:05,2006-01-07T19:30,NCE,760389092
OHIJTRUV,code,L,70003095,CP,2006-01-07T20:00,2006-01-07T22:05,ORY,760389092
LTUCYWOD,code,L,70003074,FO,2006-01-07T09:05,2006-01-07T11:30,NCE,760389092
LTUCYWOD,code,L,70003077,FO,2006-01-07T12:00,2006-01-07T13:20,ORY,760389092
LTUCYWOD,code,L,70003082,FO,2006-01-07T14:05,2006-01-07T15:30,NCE,760389092
LTUCYWOD,code,L,70003085,FO,2006-01-07T16:00,2006-01-07T17:20,ORY,760389092
LTUCYWOD,code,L,70003092,FO,2006-01-07T18:05,2006-01-07T19:30,NCE,760389092
LTUCYWOD,code,L,70003095,FO,2006-01-07T20:00,2006-01-07T22:05,ORY,760389092
AZXWUHAY,code,L,70003074,CSD,2006-01-07T09:05,2006-01-07T11:30,NCE,760389092
AZXWUHAY,code,L,70003077,CSD,2006-01-07T12:00,2006-01-07T13:20,ORY,760389092
AZXWUHAY,code,L,70003082,CSD,2006-01-07T14:05,2006-01-07T15:30,NCE,760389092
AZXWUHAY,code,L,70003085,CSD,2006-01-07T16:00,2006-01-07T17:20,ORY,760389092
AZXWUHAY,code,L,70003092,CSD,2006-01-07T18:05,2006-01-07T19:30,NCE,760389092
AZXWUHAY,code,L,70003095,CSD,2006-01-07T20:00,2006-01-07T22:05,ORY,760389092
PJSEVAVJ,code,L,70003074,CSD,2006-01-07T09:05,2006-01-07T11:30,NCE,760389092
PJSEVAVJ,code,L,70003077,CSD,2006-01-07T12:00,2006-01-07T13:20,ORY,760389092
PJSEVAVJ,code,L,70003082,CSD,2006-01-07T14:05,2006-01-07T15:30,NCE,760389092
PJSEVAVJ,code,L,70003085,CSD,2006-01-07T16:00,2006-01-07T17:20,ORY,760389092
PJSEVAVJ,code,L,70003092,CSD,2006-01-07T18:05,2006-01-07T19:30,NCE,760389092
PJSEVAVJ,code,L,70003095,CSD,2006-01-07T20:00,2006-01-07T22:05,ORY,760389092
EFVLFPTH,code,L,70003074,ST,2006-01-07T09:05,2006-01-07T11:30,NCE,760389092
EFVLFPTH,code,L,70003077,ST,2006-01-07T12:00,2006-01-07T13:20,ORY,760389092
EFVLFPTH,code,L,70003082,ST,2006-01-07T14:05,2006-01-07T15:30,NCE,760389092
EFVLFPTH,code,L,70003085,ST,2006-01-07T16:00,2006-01-07T17:20,ORY,760389092
EFVLFPTH,code,L,70003092,ST,2006-01-07T18:05,2006-01-07T19:30,NCE,760389092
EFVLFPTH,code,L,70003095,ST,2006-01-07T20:00,2006-01-07T22:05,ORY,760389092
NJARFPML,code,L,70003074,ST,2006-01-07T09:05,2006-01-07T11:30,NCE,760389092
NJARFPML,code,L,70003077,ST,2006-01-07T12:00,2006-01-07T13:20,ORY,760389092
NJARFPML,code,L,70003082,ST,2006-01-07T14:05,2006-01-07T15:30,NCE,760389092
NJARFPML,code,L,70003085,ST,2006-01-07T16:00,2006-01-07T17:20,ORY,760389092
NJARFPML,code,L,70003092,ST,2006-01-07T18:05,2006-01-07T19:30,NCE,760389092
NJARFPML,code,L,70003095,ST,2006-01-07T20:00,2006-01-07T22:05,ORY,760389092
LCLQOJIK,code,L,70003074,ST,2006-01-07T09:05,2006-01-07T11:30,NCE,760389092
LCLQOJIK,code,L,70003077,ST,2006-01-07T12:00,2006-01-07T13:20,ORY,760389092
LCLQOJIK,code,L,70003082,ST,2006-01-07T14:05,2006-01-07T15:30,NCE,760389092
LCLQOJIK,code,L,70003085,ST,2006-01-07T16:00,2006-01-07T17:20,ORY,760389092
LCLQOJIK,code,L,70003092,ST,2006-01-07T18:05,2006-01-07T19:30,NCE,760389092
LCLQOJIK,code,L,70003095,ST,2006-01-07T20:00,2006-01-07T22:05,ORY,760389092
WQQKXRFZ,code,L,70003074,ST,2006-01-07T09:05,2006-01-07T11:30,NCE,760389092
WQQKXRFZ,code,L,70003077,ST,2006-01-07T12:00,2006-01-07T13:20,ORY,760389092
WQQKXRFZ,code,L,70003082,ST,2006-01-07T14:05,2006-01-07T15:30,NCE,760389092
WQQKXRFZ,code,L,70003085,ST,2006-01-07T16:00,2006-01-07T17:20,ORY,760389092
WQQKXRFZ,code,L,70003092,ST,2006-01-07T18:05,2006-01-07T19:30,NCE,760389092
WQQKXRFZ,code,L,70003095,ST,2006-01-07T20:00,2006-01-07T22:05,ORY,760389092
FCXXMBYZ,code,L,70003074,ST,2006-01-07T09:05,2006-01-07T11:30,NCE,760389092
FCXXMBYZ,code,L,70003077,ST,2006-01-07T12:00,2006-01-07T13:20,ORY,760389092
FCXXMBYZ,code,L,70003082,ST,2006-01-07T14:05,2006-01-07T15:30,NCE,760389092
FCXXMBYZ,code,L,70003085,ST,2006-01-07T16:00,2006-01-07T17:20,ORY,760389092
FCXXMBYZ,code,L,70003092,ST,2006-01-07T18:05,2006-01-07T19:30,NCE,760389092
FCXXMBYZ,code,L,70003095,ST,2006-01-07T20:00,2006-01-07T22:05,ORY,760389092
GBTAAGRZ,code,L,70003074,ST,2006-01-07T09:05,2006-01-07T11:30,NCE,760389092
GBTAAGRZ,code,L,70003077,ST,2006-01-07T12:00,2006-01-07T13:20,ORY,760389092
GBTAAGRZ,code,L,70003082,ST,2006-01-07T14:05,2006-01-07T15:30,NCE,760389092
GBTAAGRZ,code,L,70003085,ST,2006-01-07T16:00,2006-01-07T17:20,ORY,760389092
GBTAAGRZ,code,L,70003092,ST,2006-01-07T18:05,2006-01-07T19:30,NCE,760389092
GBTAAGRZ,code,L,70003095,ST,2006-01-07T20:00,2006-01-07T22:05,ORY,760389092
COYEGPTN,code,L,70004366,CP,2006-01-07T09:05,2006-01-07T11:30,TLN,820276643
COYEGPTN,code,L,70004369,CP,2006-01-07T12:30,2006-01-07T13:50,ORY,820276643
COYEGPTN,code,L,70004370,CP,2006-01-07T14:40,2006-01-07T16:05,TLN,820276643
COYEGPTN,code,L,70004371,CP,2006-01-07T17:55,2006-01-07T20:00,ORY,820276643
ZOIGYQZU,code,L,70004366,FO,2006-01-07T09:05,2006-01-07T11:30,TLN,820276643
ZOIGYQZU,code,L,70004369,FO,2006-01-07T12:30,2006-01-07T13:50,ORY,820276643
ZOIGYQZU,code,L,70004370,FO,2006-01-07T14:40,2006-01-07T16:05,TLN,820276643
ZOIGYQZU,code,L,70004371,FO,2006-01-07T17:55,2006-01-07T20:00,ORY,820276643
IXPRUSBV,code,L,70004366,CSD,2006-01-07T09:05,2006-01-07T11:30,TLN,820276643
IXPRUSBV,code,L,70004369,CSD,2006-01-07T12:30,2006-01-07T13:50,ORY,820276643
IXPRUSBV,code,L,70004370,CSD,2006-01-07T14:40,2006-01-07T16:05,TLN,820276643
IXPRUSBV,code,L,70004371,CSD,2006-01-07T17:55,2006-01-07T20:00,ORY,820276643
PCIYBKOZ,code,L,70004366,CSD,2006-01-07T09:05,2006-01-07T11:30,TLN,820276643
PCIYBKOZ,code,L,70004369,CSD,2006-01-07T12:30,2006-01-07T13:50,ORY,820276643
PCIYBKOZ,code,L,70004370,CSD,2006-01-07T14:40,2006-01-07T16:05,TLN,820276643
PCIYBKOZ,code,L,70004371,CSD,2006-01-07T17:55,2006-01-07T20:00,ORY,820276643
DZUNVINO,code,L,70004366,ST,2006-01-07T09:05,2006-01-07T11:30,TLN,820276643
DZUNVINO,code,L,70004369,ST,2006-01-07T12:30,2006-01-07T13:50,ORY,820276643
DZUNVINO,code,L,70004370,ST,2006-01-07T14:40,2006-01-07T16:05,TLN,820276643
DZUNVINO,code,L,70004371,ST,2006-01-07T17:55,2006-01-07T20:00,ORY,820276643
IJEHRUSG,code,L,70004366,ST,2006-01-07T09:05,2006-01-07T11:30,TLN,820276643
IJEHRUSG,code,L,70004369,ST,2006-01-07T12:30,2006-01-07T13:50,ORY,820276643
IJEHRUSG,code,L,70004370,ST,2006-01-07T14:40,2006-01-07T16:05,TLN,820276643
IJEHRUSG,code,L,70004371,ST,2006-01-07T17:55,2006-01-07T20:00,ORY,820276643
SHCRNPMZ,code,L,70004366,ST,2006-01-07T09:05,2006-01-07T11:30,TLN,820276643
SHCRNPMZ,code,L,70004369,ST,2006-01-07T12:30,2006-01-07T13:50,ORY,820276643
SHCRNPMZ,code,L,70004370,ST,2006-01-07T14:40,2006-01-07T16:05,TLN,820276643
SHCRNPMZ,code,L,70004371,ST,2006-01-07T17:55,2006-01-07T20:00,ORY,820276643
HOJFPKOJ,code,L,70004366,ST,2006-01-07T09:05,2006-01-07T11:30,TLN,820276643
HOJFPKOJ,code,L,70004369,ST,2006-01-07T12:30,2006-01-07T13:50,ORY,820276643
HOJFPKOJ,code,L,70004370,ST,2006-01-07T14:40,2006-01-07T16:05,TLN,820276643
HOJFPKOJ,code,L,70004371,ST,2006-01-07T17:55,2006-01-07T20:00,ORY,820276643
DGTWTLGN,code,L,70004366,ST,2006-01-07T09:05,2006-01-07T11:30,TLN,820276643
DGTWTLGN,code,L,70004369,ST,2006-01-07T12:30,2006-01-07T13:50,ORY,820276643
DGTWTLGN,code,L,70004370,ST,2006-01-07T14:40,2006-01-07T16:05,TLN,820276643
DGTWTLGN,code,L,70004371,ST,2006-01-07T17:55,2006-01-07T20:00,ORY,820276643
YLKNOTCB,code,L,70004366,ST,2006-01-07T09:05,2006-01-07T11:30,TLN,820276643
YLKNOTCB,code,L,70004369,ST,2006-01-07T12:30,2006-01-07T13:50,ORY,820276643
YLKNOTCB,code,L,70004370,ST,2006-01-07T14:40,2006-01-07T16:05,TLN,820276643
YLKNOTCB,code,L,70004371,ST,2006-01-07T17:55,2006-01-07T20:00,ORY,820276643
FZRVIWYL,code,L,70004228,CP,2006-01-07T09:05,2006-01-07T11:20,BES,1450422331
FZRVIWYL,code,L,70004239,CP,2006-01-07T14:40,2006-01-07T15:50,ORY,1450422331
FZRVIWYL,code,L,70004238,CP,2006-01-07T16:35,2006-01-07T17:50,BES,1450422331
FZRVIWYL,code,L,70004237,CP,2006-01-07T20:20,2006-01-07T22:15,ORY,1450422331
CAOQPRTV,code,L,70004228,FO,2006-01-07T09:05,2006-01-07T11:20,BES,1450422331
CAOQPRTV,code,L,70004239,FO,2006-01-07T14:40,2006-01-07T15:50,ORY,1450422331
CAOQPRTV,code,L,70004238,FO,2006-01-07T16:35,2006-01-07T17:50,BES,1450422331
CAOQPRTV,code,L,70004237,FO,2006-01-07T20:20,2006-01-07T22:15,ORY,1450422331
YUPMKKPJ,code,L,70004228,CSD,2006-01-07T09:05,2006-01-07T11:20,BES,1450422331
YUPMKKPJ,code,L,70004239,CSD,2006-01-07T14:40,2006-01-07T15:50,ORY,1450422331
YUPMKKPJ,code,L,70004238,CSD,2006-01-07T16:35,2006-01-07T17:50,BES,1450422331
YUPMKKPJ,code,L,70004237,CSD,2006-01-07T20:20,2006-01-07T22:15,ORY,1450422331
FEJLKMWB,code,L,70004228,CSD,2006-01-07T09:05,2006-01-07T11:20,BES,1450422331
FEJLKMWB,code,L,70004239,CSD,2006-01-07T14:40,2006-01-07T15:50,ORY,1450422331
FEJLKMWB,code,L,70004238,CSD,2006-01-07T16:35,2006-01-07T17:50,BES,1450422331
FEJLKMWB,code,L,70004237,CSD,2006-01-07T20:20,2006-01-07T22:15,ORY,1450422331
AOPVOOIH,code,L,70004228,ST,2006-01-07T09:05,2006-01-07T11:20,BES,1450422331
AOPVOOIH,code,L,70004239,ST,2006-01-07T14:40,2006-01-07T15:50,ORY,1450422331
AOPVOOIH,code,L,70004238,ST,2006-01-07T16:35,2006-01-07T17:50,BES,1450422331
AOPVOOIH,code,L,70004237,ST,2006-01-07T20:20,2006-01-07T22:15,ORY,1450422331
TJCHDVOM,code,L,70004228,ST,2006-01-07T09:05,2006-01-07T11:20,BES,1450422331
TJCHDVOM,code,L,70004239,ST,2006-01-07T14:40,2006-01-07T15:50,ORY,1450422331
TJCHDVOM,code,L,70004238,ST,2006-01-07T16:35,2006-01-07T17:50,BES,1450422331
TJCHDVOM,code,L,70004237,ST,2006-01-07T20:20,2006-01-07T22:15,ORY,1450422331
CCBCMYWE,code,L,70004228,ST,2006-01-07T09:05,2006-01-07T11:20,BES,1450422331
CCBCMYWE,code,L,70004239,ST,2006-01-07T14:40,2006-01-07T15:50,ORY,1450422331
CCBCMYWE,code,L,70004238,ST,2006-01-07T16:35,2006-01-07T17:50,BES,1450422331
CCBCMYWE,code,L,70004237,ST,2006-01-07T20:20,2006-01-07T22:15,ORY,1450422331
TTIQIGLG,code,L,70004228,ST,2006-01-07T09:05,2006-01-07T11:20,BES,1450422331
TTIQIGLG,code,L,70004239,ST,2006-01-07T14:40,2006-01-07T15:50,ORY,1450422331
TTIQIGLG,code,L,70004238,ST,2006-01-07T16:35,2006-01-07T17:50,BES,1450422331
TTIQIGLG,code,L,70004237,ST,2006-01-07T20:20,2006-01-07T22:15,ORY,1450422331
IIQVCTEU,code,L,70004228,ST,2006-01-07T09:05,2006-01-07T11:20,BES,1450422331
IIQVCTEU,code,L,70004239,ST,2006-01-07T14:40,2006-01-07T15:50,ORY,1450422331
IIQVCTEU,code,L,70004238,ST,2006-01-07T16:35,2006-01-07T17:50,BES,1450422331
IIQVCTEU,code,L,70004237,ST,2006-01-07T20:20,2006-01-07T22:15,ORY,1450422331
ZYDUHPSI,code,L,70004228,ST,2006-01-07T09:05,2006-01-07T11:20,BES,1450422331
ZYDUHPSI,code,L,70004239,ST,2006-01-07T14:40,2006-01-07T15:50,ORY,1450422331
ZYDUHPSI,code,L,70004238,ST,2006-01-07T16:35,2006-01-07T17:50,BES,1450422331
ZYDUHPSI,code,L,70004237,ST,2006-01-07T20:20,2006-01-07T22:15,ORY,1450422331
SFSCQTFM,code,L,70004200,CP,2006-01-07T09:05,2006-01-07T11:15,MLH,472931517
SFSCQTFM,code,L,70004197,CP,2006-01-07T12:10,2006-01-07T13:10,ORY,472931517
SFSCQTFM,code,L,70004202,CP,2006-01-07T13:55,2006-01-07T15:05,MLH,472931517
SFSCQTFM,code,L,70004203,CP,2006-01-07T18:45,2006-01-07T20:30,ORY,472931517
MQMWKTBE,code,L,70004200,FO,2006-01-07T09:05,2006-01-07T11:15,MLH,472931517
MQMWKTBE,code,L,70004197,FO,2006-01-07T12:10,2006-01-07T13:10,ORY,472931517
MQMWKTBE,code,L,70004202,FO,2006-01-07T13:55,2006-01-07T15:05,MLH,472931517
MQMWKTBE,code,L,70004203,FO,2006-01-07T18:45,2006-01-07T20:30,ORY,472931517
JTRFFIVE,code,L,70004200,CSD,2006-01-07T09:05,2006-01-07T11:15,MLH,472931517
JTRFFIVE,code,L,70004197,CSD,2006-01-07T12:10,2006-01-07T13:10,ORY,472931517
JTRFFIVE,code,L,70004202,CSD,2006-01-07T13:55,2006-01-07T15:05,MLH,472931517
JTRFFIVE,code,L,70004203,CSD,2006-01-07T18:45,2006-01-07T20:30,ORY,472931517
GNZXOZLI,code,L,70004200,CSD,2006-01-07T09:05,2006-01-07T11:15,MLH,472931517
GNZXOZLI,code,L,70004197,CSD,2006-01-07T12:10,2006-01-07T13:10,ORY,472931517
GNZXOZLI,code,L,70004202,CSD,2006-01-07T13:55,2006-01-07T15:05,MLH,472931517
GNZXOZLI,code,L,70004203,CSD,2006-01-07T18:45,2006-01-07T20:30,ORY,472931517
DWMEYDYY,code,L,70004200,ST,2006-01-07T09:05,2006-01-07T11:15,MLH,472931517
DWMEYDYY,code,L,70004197,ST,2006-01-07T12:10,2006-01-07T13:10,ORY,472931517
DWMEYDYY,code,L,70004202,ST,2006-01-07T13:55,2006-01-07T15:05,MLH,472931517
DWMEYDYY,code,L,70004203,ST,2006-01-07T18:45,2006-01-07T20:30,ORY,472931517
HDKUMDCO,code,L,70004200,ST,2006-01-07T09:05,2006-01-07T11:15,MLH,472931517
HDKUMDCO,code,L,70004197,ST,2006-01-07T12:10,2006-01-07T13:10,ORY,472931517
HDKUMDCO,code,L,70004202,ST,2006-01-07T13:55,2006-01-07T15:05,MLH,472931517
HDKUMDCO,code,L,70004203,ST,2006-01-07T18:45,2006-01-07T20:30,ORY,472931517
OCGUQCCX,code,L,70004200,ST,2006-01-07T09:05,2006-01-07T11:15,MLH,472931517
OCGUQCCX,code,L,70004197,ST,2006-01-07T12:10,2006-01-07T13:10,ORY,472931517
OCGUQCCX,code,L,70004202,ST,2006-01-07T13:55,2006-01-07T15:05,MLH,472931517
OCGUQCCX,code,L,70004203,ST,2006-01-07T18:45,2006-01-07T20:30,ORY,472931517
IEWIRSIR,code,L,70004200,ST,2006-01-07T09:05,2006-01-07T11:15,MLH,472931517
IEWIRSIR,code,L,70004197,ST,2006-01-07T12:10,2006-01-07T13:10,ORY,472931517
IEWIRSIR,code,L,70004202,ST,2006-01-07T13:55,2006-01-07T15:05,MLH,472931517
IEWIRSIR,code,L,70004203,ST,2006-01-07T18:45,2006-01-07T20:30,ORY,472931517
QFVTZZMN,code,L,70004200,ST,2006-01-07T09:05,2006-01-07T11:15,MLH,472931517
QFVTZZMN,code,L,70004197,ST,2006-01-07T12:10,2006-01-07T13:10,ORY,472931517
QFVTZZMN,code,L,70004202,ST,2006-01-07T13:55,2006-01-07T15:05,MLH,472931517
QFVTZZMN,code,L,70004203,ST,2006-01-07T18:45,2006-01-07T20:30,ORY,472931517
JYPMABDK,code,L,70004200,ST,2006-01-07T09:05,2006-01-07T11:15,MLH,472931517
JYPMABDK,code,L,70004197,ST,2006-01-07T12:10,2006-01-07T13:10,ORY,472931517
JYPMABDK,code,L,70004202,ST,2006-01-07T13:55,2006-01-07T15:05,MLH,472931517
JYPMABDK,code,L,70004203,ST,2006-01-07T18:45,2006-01-07T20:30,ORY,472931517
VIROBIPV,code,L,70003124,CP,2006-01-07T09:05,2006-01-07T11:15,BOD,1903227280
VIROBIPV,code,L,70003123,CP,2006-01-07T12:10,2006-01-07T13:15,ORY,1903227280
VIROBIPV,code,L,70003128,CP,2006-01-07T14:05,2006-01-07T15:15,BOD,1903227280
VIROBIPV,code,L,70003131,CP,2006-01-07T17:25,2006-01-07T19:15,ORY,1903227280
FGOLRUVU,code,L,70003124,FO,2006-01-07T09:05,2006-01-07T11:15,BOD,1903227280
FGOLRUVU,code,L,70003123,FO,2006-01-07T12:10,2006-01-07T13:15,ORY,1903227280
FGOLRUVU,code,L,70003128,FO,2006-01-07T14:05,2006-01-07T15:15,BOD,1903227280
FGOLRUVU,code,L,70003131,FO,2006-01-07T17:25,2006-01-07T19:15,ORY,1903227280
TKMLVPRE,code,L,70003124,CSD,2006-01-07T09:05,2006-01-07T11:15,BOD,1903227280
TKMLVPRE,code,L,70003123,CSD,2006-01-07T12:10,2006-01-07T13:15,ORY,1903227280
TKMLVPRE,code,L,70003128,CSD,2006-01-07T14:05,2006-01-07T15:15,BOD,1903227280
TKMLVPRE,code,L,70003131,CSD,2006-01-07T17:25,2006-01-07T19:15,ORY,1903227280
QXFIWCAO,code,L,70003124,CSD,2006-01-07T09:05,2006-01-07T11:15,BOD,1903227280
QXFIWCAO,code,L,70003123,CSD,2006-01-07T12:10,2006-01-07T13:15,ORY,1903227280
QXFIWCAO,code,L,70003128,CSD,2006-01-07T14:05,2006-01-07T15:15,BOD,1903227280
QXFIWCAO,code,L,70003131,CSD,2006-01-07T17:25,2006-01-07T19:15,ORY,1903227280
AVZXBJSQ,code,L,70003124,ST,2006-01-07T09:05,2006-01-07T11:15,BOD,1903227280
AVZXBJSQ,code,L,70003123,ST,2006-01-07T12:10,2006-01-07T13:15,ORY,1903227280
AVZXBJSQ,code,L,70003128,ST,2006-01-07T14:05,2006-01-07T15:15,BOD,1903227280
AVZXBJSQ,code,L,70003131,ST,2006-01-07T17:25,2006-01-07T19:15,ORY,1903227280
VNLIRTMQ,code,L,70003124,ST,2006-01-07T09:05,2006-01-07T11:15,BOD,1903227280
VNLIRTMQ,code,L,70003123,ST,2006-01-07T12:10,2006-01-07T13:15,ORY,1903227280
VNLIRTMQ,code,L,70003128,ST,2006-01-07T14:05,2006-01-07T15:15,BOD,1903227280
VNLIRTMQ,code,L,70003131,ST,2006-01-07T17:25,2006-01-07T19:15,ORY,1903227280
YSMXNHNJ,code,L,70003124,ST,2006-01-07T09:05,2006-01-07T11:15,BOD,1903227280
YSMXNHNJ,code,L,70003123,ST,2006-01-07T12:10,2006-01-07T13:15,ORY,1903227280
YSMXNHNJ,code,L,70003128,ST,2006-01-07T14:05,2006-01-07T15:15,BOD,1903227280
YSMXNHNJ,code,L,70003131,ST,2006-01-07T17:25,2006-01-07T19:15,ORY,1903227280
QVRZUIKF,code,L,70003124,ST,2006-01-07T09:05,2006-01-07T11:15,BOD,1903227280
QVRZUIKF,code,L,70003123,ST,2006-01-07T12:10,2006-01-07T13:15,ORY,1903227280
QVRZUIKF,code,L,70003128,ST,2006-01-07T14:05,2006-01-07T15:15,BOD,1903227280
QVRZUIKF,code,L,70003131,ST,2006-01-07T17:25,2006-01-07T19:15,ORY,1903227280
PRRYWXVZ,code,L,70003124,ST,2006-01-07T09:05,2006-01-07T11:15,BOD,1903227280
PRRYWXVZ,code,L,70003123,ST,2006-01-07T12:10,2006-01-07T13:15,ORY,1903227280
PRRYWXVZ,code,L,70003128,ST,2006-01-07T14:05,2006-01-07T15:15,BOD,1903227280
PRRYWXVZ,code,L,70003131,ST,2006-01-07T17:25,2006-01-07T19:15,ORY,1903227280
JOEQGVSL,code,L,70003124,ST,2006-01-07T09:05,2006-01-07T11:15,BOD,1903227280
JOEQGVSL,code,L,70003123,ST,2006-01-07T12:10,2006-01-07T13:15,ORY,1903227280
JOEQGVSL,code,L,70003128,ST,2006-01-07T14:05,2006-01-07T15:15,BOD,1903227280
JOEQGVSL,code,L,70003131,ST,2006-01-07T17:25,2006-01-07T19:15,ORY,1903227280
MVDKTVXV,code,L,70004320,CP,2006-01-07T09:10,2006-01-07T11:30,PUF,607156385
MVDKTVXV,code,L,70004317,CP,2006-01-07T12:05,2006-01-07T13:20,ORY,607156385
MVDKTVXV,code,L,70004322,CP,2006-01-07T14:10,2006-01-07T15:30,PUF,607156385
MVDKTVXV,code,L,70004319,CP,2006-01-07T16:20,2006-01-07T17:35,ORY,607156385
MVDKTVXV,code,L,70004324,CP,2006-01-07T18:30,2006-01-07T19:50,PUF,607156385
MVDKTVXV,code,L,70004321,CP,2006-01-07T20:25,2006-01-07T22:25,ORY,607156385
YFYYKVDG,code,L,70004320,FO,2006-01-07T09:10,2006-01-07T11:30,PUF,607156385
YFYYKVDG,code,L,70004317,FO,2006-01-07T12:05,2006-01-07T13:20,ORY,607156385
YFYYKVDG,code,L,70004322,FO,2006-01-07T14:10,2006-01-07T15:30,PUF,607156385
YFYYKVDG,code,L,70004319,FO,2006-01-07T16:20,2006-01-07T17:35,ORY,607156385
YFYYKVDG,code,L,70004324,FO,2006-01-07T18:30,2006-01-07T19:50,PUF,607156385
YFYYKVDG,code,L,70004321,FO,2006-01-07T20:25,2006-01-07T22:25,ORY,607156385
UJIJJPSJ,code,L,70004320,CSD,2006-01-07T09:10,2006-01-07T11:30,PUF,607156385
UJIJJPSJ,code,L,70004317,CSD,2006-01-07T12:05,2006-01-07T13:20,ORY,607156385
UJIJJPSJ,code,L,70004322,CSD,2006-01-07T14:10,2006-01-07T15:30,PUF,607156385
UJIJJPSJ,code,L,70004319,CSD,2006-01-07T16:20,2006-01-07T17:35,ORY,607156385
UJIJJPSJ,code,L,70004324,CSD,2006-01-07T18:30,2006-01-07T19:50,PUF,607156385
UJIJJPSJ,code,L,70004321,CSD,2006-01-07T20:25,2006-01-07T22:25,ORY,607156385
OPGYOALL,code,L,70004320,CSD,2006-01-07T09:10,2006-01-07T11:30,PUF,607156385
OPGYOALL,code,L,70004317,CSD,2006-01-07T12:05,2006-01-07T13:20,ORY,607156385
OPGYOALL,code,L,70004322,CSD,2006-01-07T14:10,2006-01-07T15:30,PUF,607156385
OPGYOALL,code,L,70004319,CSD,2006-01-07T16:20,2006-01-07T17:35,ORY,607156385
OPGYOALL,code,L,70004324,CSD,2006-01-07T18:30,2006-01-07T19:50,PUF,607156385
OPGYOALL,code,L,70004321,CSD,2006-01-07T20:25,2006-01-07T22:25,ORY,607156385
JHJXIYRY,code,L,70004320,ST,2006-01-07T09:10,2006-01-07T11:30,PUF,607156385
JHJXIYRY,code,L,70004317,ST,2006-01-07T12:05,2006-01-07T13:20,ORY,607156385
JHJXIYRY,code,L,70004322,ST,2006-01-07T14:10,2006-01-07T15:30,PUF,607156385
JHJXIYRY,code,L,70004319,ST,2006-01-07T16:20,2006-01-07T17:35,ORY,607156385
JHJXIYRY,code,L,70004324,ST,2006-01-07T18:30,2006-01-07T19:50,PUF,607156385
JHJXIYRY,code,L,70004321,ST,2006-01-07T20:25,2006-01-07T22:25,ORY,607156385
GVAFFVXC,code,L,70004320,ST,2006-01-07T09:10,2006-01-07T11:30,PUF,607156385
GVAFFVXC,code,L,70004317,ST,2006-01-07T12:05,2006-01-07T13:20,ORY,607156385
GVAFFVXC,code,L,70004322,ST,2006-01-07T14:10,2006-01-07T15:30,PUF,607156385
GVAFFVXC,code,L,70004319,ST,2006-01-07T16:20,2006-01-07T17:35,ORY,607156385
GVAFFVXC,code,L,70004324,ST,2006-01-07T18:30,2006-01-07T19:50,PUF,607156385
GVAFFVXC,code,L,70004321,ST,2006-01-07T20:25,2006-01-07T22:25,ORY,607156385
NMRVFCZZ,code,L,70004320,ST,2006-01-07T09:10,2006-01-07T11:30,PUF,607156385
NMRVFCZZ,code,L,70004317,ST,2006-01-07T12:05,2006-01-07T13:20,ORY,607156385
NMRVFCZZ,code,L,70004322,ST,2006-01-07T14:10,2006-01-07T15:30,PUF,607156385
NMRVFCZZ,code,L,70004319,ST,2006-01-07T16:20,2006-01-07T17:35,ORY,607156385
NMRVFCZZ,code,L,70004324,ST,2006-01-07T18:30,2006-01-07T19:50,PUF,607156385
NMRVFCZZ,code,L,70004321,ST,2006-01-07T20:25,2006-01-07T22:25,ORY,607156385
XXGCXNRY,code,L,70004320,ST,2006-01-07T09:10,2006-01-07T11:30,PUF,607156385
XXGCXNRY,code,L,70004317,ST,2006-01-07T12:05,2006-01-07T13:20,ORY,607156385
XXGCXNRY,code,L,70004322,ST,2006-01-07T14:10,2006-01-07T15:30,PUF,607156385
XXGCXNRY,code,L,70004319,ST,2006-01-07T16:20,2006-01-07T17:35,ORY,607156385
XXGCXNRY,code,L,70004324,ST,2006-01-07T18:30,2006-01-07T19:50,PUF,607156385
XXGCXNRY,code,L,70004321,ST,2006-01-07T20:25,2006-01-07T22:25,ORY,607156385
QHXGLPMQ,code,L,70004320,ST,2006-01-07T09:10,2006-01-07T11:30,PUF,607156385
QHXGLPMQ,code,L,70004317,ST,2006-01-07T12:05,2006-01-07T13:20,ORY,607156385
QHXGLPMQ,code,L,70004322,ST,2006-01-07T14:10,2006-01-07T15:30,PUF,607156385
QHXGLPMQ,code,L,70004319,ST,2006-01-07T16:20,2006-01-07T17:35,ORY,607156385
QHXGLPMQ,code,L,70004324,ST,2006-01-07T18:30,2006-01-07T19:50,PUF,607156385
QHXGLPMQ,code,L,70004321,ST,2006-01-07T20:25,2006-01-07T22:25,ORY,607156385
HXBNCWLY,code,L,70004320,ST,2006-01-07T09:10,2006-01-07T11:30,PUF,607156385
HXBNCWLY,code,L,70004317,ST,2006-01-07T12:05,2006-01-07T13:20,ORY,607156385
HXBNCWLY,code,L,70004322,ST,2006-01-07T14:10,2006-01-07T15:30,PUF,607156385
HXBNCWLY,code,L,70004319,ST,2006-01-07T16:20,2006-01-07T17:35,ORY,607156385
HXBNCWLY,code,L,70004324,ST,2006-01-07T18:30,2006-01-07T19:50,PUF,607156385
HXBNCWLY,code,L,70004321,ST,2006-01-07T20:25,2006-01-07T22:25,ORY,607156385
FPOOTQBE,code,L,70004725,CP,2006-01-07T09:10,2006-01-07T11:25,NTE,1056745520
FPOOTQBE,code,L,70004705,CP,2006-01-07T15:00,2006-01-07T16:05,LYS,1056745520
FPOOTQBE,code,L,70004706,CP,2006-01-07T16:55,2006-01-07T17:55,TLS,1056745520
FPOOTQBE,code,L,70004730,CP,2006-01-07T18:45,2006-01-07T20:45,LYS,1056745520
UIFGPUPP,code,L,70004725,FO,2006-01-07T09:10,2006-01-07T11:25,NTE,1056745520
UIFGPUPP,code,L,70004705,FO,2006-01-07T15:00,2006-01-07T16:05,LYS,1056745520
UIFGPUPP,code,L,70004706,FO,2006-01-07T16:55,2006-01-07T17:55,TLS,1056745520
UIFGPUPP,code,L,70004730,FO,2006-01-07T18:45,2006-01-07T20:45,LYS,1056745520
NQPDIMJA,code,L,70004725,CSD,2006-01-07T09:10,2006-01-07T11:25,NTE,1056745520
NQPDIMJA,code,L,70004705,CSD,2006-01-07T15:00,2006-01-07T16:05,LYS,1056745520
NQPDIMJA,code,L,70004706,CSD,2006-01-07T16:55,2006-01-07T17:55,TLS,1056745520
NQPDIMJA,code,L,70004730,CSD,2006-01-07T18:45,2006-01-07T20:45,LYS,1056745520
GQXFBSMI,code,L,70004725,CSD,2006-01-07T09:10,2006-01-07T11:25,NTE,1056745520
GQXFBSMI,code,L,70004705,CSD,2006-01-07T15:00,2006-01-07T16:05,LYS,1056745520
GQXFBSMI,code,L,70004706,CSD,2006-01-07T16:55,2006-01-07T17:55,TLS,1056745520
GQXFBSMI,code,L,70004730,CSD,2006-01-07T18:45,2006-01-07T20:45,LYS,1056745520
YULCZXDC,code,L,70004725,ST,2006-01-07T09:10,2006-01-07T11:25,NTE,1056745520
YULCZXDC,code,L,70004705,ST,2006-01-07T15:00,2006-01-07T16:05,LYS,1056745520
YULCZXDC,code,L,70004706,ST,2006-01-07T16:55,2006-01-07T17:55,TLS,1056745520
YULCZXDC,code,L,70004730,ST,2006-01-07T18:45,2006-01-07T20:45,LYS,1056745520
MTCBXBZE,code,L,70004725,ST,2006-01-07T09:10,2006-01-07T11:25,NTE,1056745520
MTCBXBZE,code,L,70004705,ST,2006-01-07T15:00,2006-01-07T16:05,LYS,1056745520
MTCBXBZE,code,L,70004706,ST,2006-01-07T16:55,2006-01-07T17:55,TLS,1056745520
MTCBXBZE,code,L,70004730,ST,2006-01-07T18:45,2006-01-07T20:45,LYS,1056745520
XDNWEDMC,code,L,70004725,ST,2006-01-07T09:10,2006-01-07T11:25,NTE,1056745520
XDNWEDMC,code,L,70004705,ST,2006-01-07T15:00,2006-01-07T16:05,LYS,1056745520
XDNWEDMC,code,L,70004706,ST,2006-01-07T16:55,2006-01-07T17:55,TLS,1056745520
XDNWEDMC,code,L,70004730,ST,2006-01-07T18:45,2006-01-07T20:45,LYS,1056745520
BUFTXENN,code,L,70004725,ST,2006-01-07T09:10,2006-01-07T11:25,NTE,1056745520
BUFTXENN,code,L,70004705,ST,2006-01-07T15:00,2006-01-07T16:05,LYS,1056745520
BUFTXENN,code,L,70004706,ST,2006-01-07T16:55,2006-01-07T17:55,TLS,1056745520
BUFTXENN,code,L,70004730,ST,2006-01-07T18:45,2006-01-07T20:45,LYS,1056745520
ELUTTJQU,code,L,70004725,ST,2006-01-07T09:10,2006-01-07T11:25,NTE,1056745520
ELUTTJQU,code,L,70004705,ST,2006-01-07T15:00,2006-01-07T16:05,LYS,1056745520
ELUTTJQU,code,L,70004706,ST,2006-01-07T16:55,2006-01-07T17:55,TLS,1056745520
ELUTTJQU,code,L,70004730,ST,2006-01-07T18:45,2006-01-07T20:45,LYS,1056745520
KQJDKHOW,code,L,70004725,ST,2006-01-07T09:10,2006-01-07T11:25,NTE,1056745520
KQJDKHOW,code,L,70004705,ST,2006-01-07T15:00,2006-01-07T16:05,LYS,1056745520
KQJDKHOW,code,L,70004706,ST,2006-01-07T16:55,2006-01-07T17:55,TLS,1056745520
KQJDKHOW,code,L,70004730,ST,2006-01-07T18:45,2006-01-07T20:45,LYS,1056745520
HKJTUPMC,code,L,70002886,CP,2006-01-07T09:30,2006-01-07T11:50,MRS,669806174
HKJTUPMC,code,L,70002919,CP,2006-01-07T12:35,2006-01-07T13:50,ORY,669806174
HKJTUPMC,code,L,70002896,CP,2006-01-07T14:30,2006-01-07T15:50,MRS,669806174
HKJTUPMC,code,L,70002899,CP,2006-01-07T16:35,2006-01-07T18:35,ORY,669806174
EMFEEBPV,code,L,70002886,FO,2006-01-07T09:30,2006-01-07T11:50,MRS,669806174
EMFEEBPV,code,L,70002919,FO,2006-01-07T12:35,2006-01-07T13:50,ORY,669806174
EMFEEBPV,code,L,70002896,FO,2006-01-07T14:30,2006-01-07T15:50,MRS,669806174
EMFEEBPV,code,L,70002899,FO,2006-01-07T16:35,2006-01-07T18:35,ORY,669806174
NQMQMWHQ,code,L,70002886,CSD,2006-01-07T09:30,2006-01-07T11:50,MRS,669806174
NQMQMWHQ,code,L,70002919,CSD,2006-01-07T12:35,2006-01-07T13:50,ORY,669806174
NQMQMWHQ,code,L,70002896,CSD,2006-01-07T14:30,2006-01-07T15:50,MRS,669806174
NQMQMWHQ,code,L,70002899,CSD,2006-01-07T16:35,2006-01-07T18:35,ORY,669806174
EDNTYMPI,code,L,70002886,CSD,2006-01-07T09:30,2006-01-07T11:50,MRS,669806174
EDNTYMPI,code,L,70002919,CSD,2006-01-07T12:35,2006-01-07T13:50,ORY,669806174
EDNTYMPI,code,L,70002896,CSD,2006-01-07T14:30,2006-01-07T15:50,MRS,669806174
EDNTYMPI,code,L,70002899,CSD,2006-01-07T16:35,2006-01-07T18:35,ORY,669806174
GOJCGXJE,code,L,70002886,ST,2006-01-07T09:30,2006-01-07T11:50,MRS,669806174
GOJCGXJE,code,L,70002919,ST,2006-01-07T12:35,2006-01-07T13:50,ORY,669806174
GOJCGXJE,code,L,70002896,ST,2006-01-07T14:30,2006-01-07T15:50,MRS,669806174
GOJCGXJE,code,L,70002899,ST,2006-01-07T16:35,2006-01-07T18:35,ORY,669806174
RTLVIJWA,code,L,70002886,ST,2006-01-07T09:30,2006-01-07T11:50,MRS,669806174
RTLVIJWA,code,L,70002919,ST,2006-01-07T12:35,2006-01-07T13:50,ORY,669806174
RTLVIJWA,code,L,70002896,ST,2006-01-07T14:30,2006-01-07T15:50,MRS,669806174
RTLVIJWA,code,L,70002899,ST,2006-01-07T16:35,2006-01-07T18:35,ORY,669806174
QWFLCYYX,code,L,70002886,ST,2006-01-07T09:30,2006-01-07T11:50,MRS,669806174
QWFLCYYX,code,L,70002919,ST,2006-01-07T12:35,2006-01-07T13:50,ORY,669806174
QWFLCYYX,code,L,70002896,ST,2006-01-07T14:30,2006-01-07T15:50,MRS,669806174
QWFLCYYX,code,L,70002899,ST,2006-01-07T16:35,2006-01-07T18:35,ORY,669806174
XUVRPEJO,code,L,70002886,ST,2006-01-07T09:30,2006-01-07T11:50,MRS,669806174
XUVRPEJO,code,L,70002919,ST,2006-01-07T12:35,2006-01-07T13:50,ORY,669806174
XUVRPEJO,code,L,70002896,ST,2006-01-07T14:30,2006-01-07T15:50,MRS,669806174
XUVRPEJO,code,L,70002899,ST,2006-01-07T16:35,2006-01-07T18:35,ORY,669806174
TBQTBYKX,code,L,70002886,ST,2006-01-07T09:30,2006-01-07T11:50,MRS,669806174
TBQTBYKX,code,L,70002919,ST,2006-01-07T12:35,2006-01-07T13:50,ORY,669806174
TBQTBYKX,code,L,70002896,ST,2006-01-07T14:30,2006-01-07T15:50,MRS,669806174
TBQTBYKX,code,L,70002899,ST,2006-01-07T16:35,2006-01-07T18:35,ORY,669806174
PHSDEVJI,code,L,70002886,ST,2006-01-07T09:30,2006-01-07T11:50,MRS,669806174
PHSDEVJI,code,L,70002919,ST,2006-01-07T12:35,2006-01-07T13:50,ORY,669806174
PHSDEVJI,code,L,70002896,ST,2006-01-07T14:30,2006-01-07T15:50,MRS,669806174
PHSDEVJI,code,L,70002899,ST,2006-01-07T16:35,2006-01-07T18:35,ORY,669806174
TJVCDPXQ,code,L,70004624,CP,2006-01-07T09:30,2006-01-07T11:40,SXB,147048153
TJVCDPXQ,code,L,70004627,CP,2006-01-07T13:10,2006-01-07T14:20,CDG,147048153
TJVCDPXQ,code,L,70004628,CP,2006-01-07T15:15,2006-01-07T16:25,SXB,147048153
TJVCDPXQ,code,L,70004631,CP,2006-01-07T17:45,2006-01-07T19:35,CDG,147048153
GZXWDFRF,code,L,70004624,FO,2006-01-07T09:30,2006-01-07T11:40,SXB,147048153
GZXWDFRF,code,L,70004627,FO,2006-01-07T13:10,2006-01-07T14:20,CDG,147048153
GZXWDFRF,code,L,70004628,FO,2006-01-07T15:15,2006-01-07T16:25,SXB,147048153
GZXWDFRF,code,L,70004631,FO,2006-01-07T17:45,2006-01-07T19:35,CDG,147048153
AJMRENWF,code,L,70004624,CS,2006-01-07T09:30,2006-01-07T11:40,SXB,147048153
AJMRENWF,code,L,70004627,CS,2006-01-07T13:10,2006-01-07T14:20,CDG,147048153
AJMRENWF,code,L,70004628,CS,2006-01-07T15:15,2006-01-07T16:25,SXB,147048153
AJMRENWF,code,L,70004631,CS,2006-01-07T17:45,2006-01-07T19:35,CDG,147048153
TRUUBPQA,code,L,70004624,ST,2006-01-07T09:30,2006-01-07T11:40,SXB,147048153
TRUUBPQA,code,L,70004627,ST,2006-01-07T13:10,2006-01-07T14:20,CDG,147048153
TRUUBPQA,code,L,70004628,ST,2006-01-07T15:15,2006-01-07T16:25,SXB,147048153
TRUUBPQA,code,L,70004631,ST,2006-01-07T17:45,2006-01-07T19:35,CDG,147048153
PGHQHTWI,code,L,70004624,ST,2006-01-07T09:30,2006-01-07T11:40,SXB,147048153
PGHQHTWI,code,L,70004627,ST,2006-01-07T13:10,2006-01-07T14:20,CDG,147048153
PGHQHTWI,code,L,70004628,ST,2006-01-07T15:15,2006-01-07T16:25,SXB,147048153
PGHQHTWI,code,L,70004631,ST,2006-01-07T17:45,2006-01-07T19:35,CDG,147048153
VIFQTSSJ,code,L,70003097,CP,2006-01-07T09:35,2006-01-07T11:55,ORY,1501726364
VIFQTSSJ,code,L,70003086,CP,2006-01-07T12:35,2006-01-07T14:00,NCE,1501726364
VIFQTSSJ,code,L,70003127,CP,2006-01-07T15:10,2006-01-07T16:15,ORY,1501726364
VIFQTSSJ,code,L,70003134,CP,2006-01-07T17:05,2006-01-07T19:00,BOD,1501726364
CAEKDTIN,code,L,70003097,FO,2006-01-07T09:35,2006-01-07T11:55,ORY,1501726364
CAEKDTIN,code,L,70003086,FO,2006-01-07T12:35,2006-01-07T14:00,NCE,1501726364
CAEKDTIN,code,L,70003127,FO,2006-01-07T15:10,2006-01-07T16:15,ORY,1501726364
CAEKDTIN,code,L,70003134,FO,2006-01-07T17:05,2006-01-07T19:00,BOD,1501726364
GRIGFXJK,code,L,70003097,CSD,2006-01-07T09:35,2006-01-07T11:55,ORY,1501726364
GRIGFXJK,code,L,70003086,CSD,2006-01-07T12:35,2006-01-07T14:00,NCE,1501726364
GRIGFXJK,code,L,70003127,CSD,2006-01-07T15:10,2006-01-07T16:15,ORY,1501726364
GRIGFXJK,code,L,70003134,CSD,2006-01-07T17:05,2006-01-07T19:00,BOD,1501726364
HBOAPSWG,code,L,70003097,CSD,2006-01-07T09:35,2006-01-07T11:55,ORY,1501726364
HBOAPSWG,code,L,70003086,CSD,2006-01-07T12:35,2006-01-07T14:00,NCE,1501726364
HBOAPSWG,code,L,70003127,CSD,2006-01-07T15:10,2006-01-07T16:15,ORY,1501726364
HBOAPSWG,code,L,70003134,CSD,2006-01-07T17:05,2006-01-07T19:00,BOD,1501726364
LZVJDCPU,code,L,70003097,ST,2006-01-07T09:35,2006-01-07T11:55,ORY,1501726364
LZVJDCPU,code,L,70003086,ST,2006-01-07T12:35,2006-01-07T14:00,NCE,1501726364
LZVJDCPU,code,L,70003127,ST,2006-01-07T15:10,2006-01-07T16:15,ORY,1501726364
LZVJDCPU,code,L,70003134,ST,2006-01-07T17:05,2006-01-07T19:00,BOD,1501726364
KBGEHLMD,code,L,70003097,ST,2006-01-07T09:35,2006-01-07T11:55,ORY,1501726364
KBGEHLMD,code,L,70003086,ST,2006-01-07T12:35,2006-01-07T14:00,NCE,1501726364
KBGEHLMD,code,L,70003127,ST,2006-01-07T15:10,2006-01-07T16:15,ORY,1501726364
KBGEHLMD,code,L,70003134,ST,2006-01-07T17:05,2006-01-07T19:00,BOD,1501726364
HVLXFVPC,code,L,70003097,ST,2006-01-07T09:35,2006-01-07T11:55,ORY,1501726364
HVLXFVPC,code,L,70003086,ST,2006-01-07T12:35,2006-01-07T14:00,NCE,1501726364
HVLXFVPC,code,L,70003127,ST,2006-01-07T15:10,2006-01-07T16:15,ORY,1501726364
HVLXFVPC,code,L,70003134,ST,2006-01-07T17:05,2006-01-07T19:00,BOD,1501726364
WUDASQHK,code,L,70003097,ST,2006-01-07T09:35,2006-01-07T11:55,ORY,1501726364
WUDASQHK,code,L,70003086,ST,2006-01-07T12:35,2006-01-07T14:00,NCE,1501726364
WUDASQHK,code,L,70003127,ST,2006-01-07T15:10,2006-01-07T16:15,ORY,1501726364
WUDASQHK,code,L,70003134,ST,2006-01-07T17:05,2006-01-07T19:00,BOD,1501726364
IOVSZPEO,code,L,70003097,ST,2006-01-07T09:35,2006-01-07T11:55,ORY,1501726364
IOVSZPEO,code,L,70003086,ST,2006-01-07T12:35,2006-01-07T14:00,NCE,1501726364
IOVSZPEO,code,L,70003127,ST,2006-01-07T15:10,2006-01-07T16:15,ORY,1501726364
IOVSZPEO,code,L,70003134,ST,2006-01-07T17:05,2006-01-07T19:00,BOD,1501726364
WMFSMHMC,code,L,70003097,ST,2006-01-07T09:35,2006-01-07T11:55,ORY,1501726364
WMFSMHMC,code,L,70003086,ST,2006-01-07T12:35,2006-01-07T14:00,NCE,1501726364
WMFSMHMC,code,L,70003127,ST,2006-01-07T15:10,2006-01-07T16:15,ORY,1501726364
WMFSMHMC,code,L,70003134,ST,2006-01-07T17:05,2006-01-07T19:00,BOD,1501726364
BUZLKTDG,code,L,70002982,CP,2006-01-07T09:40,2006-01-07T12:00,TLS,259488708
BUZLKTDG,code,L,70002985,CP,2006-01-07T12:50,2006-01-07T14:00,ORY,259488708
BUZLKTDG,code,L,70002992,CP,2006-01-07T14:40,2006-01-07T16:00,TLS,259488708
BUZLKTDG,code,L,70002999,CP,2006-01-07T16:50,2006-01-07T18:45,ORY,259488708
AFUGBCRN,code,L,70002982,FO,2006-01-07T09:40,2006-01-07T12:00,TLS,259488708
AFUGBCRN,code,L,70002985,FO,2006-01-07T12:50,2006-01-07T14:00,ORY,259488708
AFUGBCRN,code,L,70002992,FO,2006-01-07T14:40,2006-01-07T16:00,TLS,259488708
AFUGBCRN,code,L,70002999,FO,2006-01-07T16:50,2006-01-07T18:45,ORY,259488708
PNTGFDFV,code,L,70002982,CSD,2006-01-07T09:40,2006-01-07T12:00,TLS,259488708
PNTGFDFV,code,L,70002985,CSD,2006-01-07T12:50,2006-01-07T14:00,ORY,259488708
PNTGFDFV,code,L,70002992,CSD,2006-01-07T14:40,2006-01-07T16:00,TLS,259488708
PNTGFDFV,code,L,70002999,CSD,2006-01-07T16:50,2006-01-07T18:45,ORY,259488708
FTUCSAJC,code,L,70002982,CSD,2006-01-07T09:40,2006-01-07T12:00,TLS,259488708
FTUCSAJC,code,L,70002985,CSD,2006-01-07T12:50,2006-01-07T14:00,ORY,259488708
FTUCSAJC,code,L,70002992,CSD,2006-01-07T14:40,2006-01-07T16:00,TLS,259488708
FTUCSAJC,code,L,70002999,CSD,2006-01-07T16:50,2006-01-07T18:45,ORY,259488708
PVBEWWGO,code,L,70002982,ST,2006-01-07T09:40,2006-01-07T12:00,TLS,259488708
PVBEWWGO,code,L,70002985,ST,2006-01-07T12:50,2006-01-07T14:00,ORY,259488708
PVBEWWGO,code,L,70002992,ST,2006-01-07T14:40,2006-01-07T16:00,TLS,259488708
PVBEWWGO,code,L,70002999,ST,2006-01-07T16:50,2006-01-07T18:45,ORY,259488708
EDYZQUVZ,code,L,70002982,ST,2006-01-07T09:40,2006-01-07T12:00,TLS,259488708
EDYZQUVZ,code,L,70002985,ST,2006-01-07T12:50,2006-01-07T14:00,ORY,259488708
EDYZQUVZ,code,L,70002992,ST,2006-01-07T14:40,2006-01-07T16:00,TLS,259488708
EDYZQUVZ,code,L,70002999,ST,2006-01-07T16:50,2006-01-07T18:45,ORY,259488708
LWBOISAQ,code,L,70002982,ST,2006-01-07T09:40,2006-01-07T12:00,TLS,259488708
LWBOISAQ,code,L,70002985,ST,2006-01-07T12:50,2006-01-07T14:00,ORY,259488708
LWBOISAQ,code,L,70002992,ST,2006-01-07T14:40,2006-01-07T16:00,TLS,259488708
LWBOISAQ,code,L,70002999,ST,2006-01-07T16:50,2006-01-07T18:45,ORY,259488708
WQARZJGL,code,L,70002982,ST,2006-01-07T09:40,2006-01-07T12:00,TLS,259488708
WQARZJGL,code,L,70002985,ST,2006-01-07T12:50,2006-01-07T14:00,ORY,259488708
WQARZJGL,code,L,70002992,ST,2006-01-07T14:40,2006-01-07T16:00,TLS,259488708
WQARZJGL,code,L,70002999,ST,2006-01-07T16:50,2006-01-07T18:45,ORY,259488708
VAAGWUOQ,code,L,70002982,ST,2006-01-07T09:40,2006-01-07T12:00,TLS,259488708
VAAGWUOQ,code,L,70002985,ST,2006-01-07T12:50,2006-01-07T14:00,ORY,259488708
VAAGWUOQ,code,L,70002992,ST,2006-01-07T14:40,2006-01-07T16:00,TLS,259488708
VAAGWUOQ,code,L,70002999,ST,2006-01-07T16:50,2006-01-07T18:45,ORY,259488708
FZEYTQHA,code,L,70002982,ST,2006-01-07T09:40,2006-01-07T12:00,TLS,259488708
FZEYTQHA,code,L,70002985,ST,2006-01-07T12:50,2006-01-07T14:00,ORY,259488708
FZEYTQHA,code,L,70002992,ST,2006-01-07T14:40,2006-01-07T16:00,TLS,259488708
FZEYTQHA,code,L,70002999,ST,2006-01-07T16:50,2006-01-07T18:45,ORY,259488708
ZQFQFICZ,code,L,70002981,CP,2006-01-07T09:50,2006-01-07T12:00,ORY,1372239857
ZQFQFICZ,code,L,70002986,CP,2006-01-07T12:40,2006-01-07T14:00,TLS,1372239857
ZQFQFICZ,code,L,70002991,CP,2006-01-07T14:50,2006-01-07T16:00,ORY,1372239857
ZQFQFICZ,code,L,70003000,CP,2006-01-07T16:40,2006-01-07T18:45,TLS,1372239857
FRIWXXUI,code,L,70002981,FO,2006-01-07T09:50,2006-01-07T12:00,ORY,1372239857
FRIWXXUI,code,L,70002986,FO,2006-01-07T12:40,2006-01-07T14:00,TLS,1372239857
FRIWXXUI,code,L,70002991,FO,2006-01-07T14:50,2006-01-07T16:00,ORY,1372239857
FRIWXXUI,code,L,70003000,FO,2006-01-07T16:40,2006-01-07T18:45,TLS,1372239857
LKNSIBRR,code,L,70002981,CSD,2006-01-07T09:50,2006-01-07T12:00,ORY,1372239857
LKNSIBRR,code,L,70002986,CSD,2006-01-07T12:40,2006-01-07T14:00,TLS,1372239857
LKNSIBRR,code,L,70002991,CSD,2006-01-07T14:50,2006-01-07T16:00,ORY,1372239857
LKNSIBRR,code,L,70003000,CSD,2006-01-07T16:40,2006-01-07T18:45,TLS,1372239857
VQOUENDO,code,L,70002981,CSD,2006-01-07T09:50,2006-01-07T12:00,ORY,1372239857
VQOUENDO,code,L,70002986,CSD,2006-01-07T12:40,2006-01-07T14:00,TLS,1372239857
VQOUENDO,code,L,70002991,CSD,2006-01-07T14:50,2006-01-07T16:00,ORY,1372239857
VQOUENDO,code,L,70003000,CSD,2006-01-07T16:40,2006-01-07T18:45,TLS,1372239857
YFTQRJQZ,code,L,70002981,ST,2006-01-07T09:50,2006-01-07T12:00,ORY,1372239857
YFTQRJQZ,code,L,70002986,ST,2006-01-07T12:40,2006-01-07T14:00,TLS,1372239857
YFTQRJQZ,code,L,70002991,ST,2006-01-07T14:50,2006-01-07T16:00,ORY,1372239857
YFTQRJQZ,code,L,70003000,ST,2006-01-07T16:40,2006-01-07T18:45,TLS,1372239857
PSPCPNSP,code,L,70002981,ST,2006-01-07T09:50,2006-01-07T12:00,ORY,1372239857
PSPCPNSP,code,L,70002986,ST,2006-01-07T12:40,2006-01-07T14:00,TLS,1372239857
PSPCPNSP,code,L,70002991,ST,2006-01-07T14:50,2006-01-07T16:00,ORY,1372239857
PSPCPNSP,code,L,70003000,ST,2006-01-07T16:40,2006-01-07T18:45,TLS,1372239857
SOHFTWKW,code,L,70002981,ST,2006-01-07T09:50,2006-01-07T12:00,ORY,1372239857
SOHFTWKW,code,L,70002986,ST,2006-01-07T12:40,2006-01-07T14:00,TLS,1372239857
SOHFTWKW,code,L,70002991,ST,2006-01-07T14:50,2006-01-07T16:00,ORY,1372239857
SOHFTWKW,code,L,70003000,ST,2006-01-07T16:40,2006-01-07T18:45,TLS,1372239857
OBQBBVCK,code,L,70002981,ST,2006-01-07T09:50,2006-01-07T12:00,ORY,1372239857
OBQBBVCK,code,L,70002986,ST,2006-01-07T12:40,2006-01-07T14:00,TLS,1372239857
OBQBBVCK,code,L,70002991,ST,2006-01-07T14:50,2006-01-07T16:00,ORY,1372239857
OBQBBVCK,code,L,70003000,ST,2006-01-07T16:40,2006-01-07T18:45,TLS,1372239857
BZOUKBTE,code,L,70002981,ST,2006-01-07T09:50,2006-01-07T12:00,ORY,1372239857
BZOUKBTE,code,L,70002986,ST,2006-01-07T12:40,2006-01-07T14:00,TLS,1372239857
BZOUKBTE,code,L,70002991,ST,2006-01-07T14:50,2006-01-07T16:00,ORY,1372239857
BZOUKBTE,code,L,70003000,ST,2006-01-07T16:40,2006-01-07T18:45,TLS,1372239857
NMNHVNNV,code,L,70002981,ST,2006-01-07T09:50,2006-01-07T12:00,ORY,1372239857
NMNHVNNV,code,L,70002986,ST,2006-01-07T12:40,2006-01-07T14:00,TLS,1372239857
NMNHVNNV,code,L,70002991,ST,2006-01-07T14:50,2006-01-07T16:00,ORY,1372239857
NMNHVNNV,code,L,70003000,ST,2006-01-07T16:40,2006-01-07T18:45,TLS,1372239857
VMQEZOIL,code,L,70004516,CP,2006-01-07T09:55,2006-01-07T12:05,LYS,830250430
VMQEZOIL,code,L,70004509,CP,2006-01-07T13:10,2006-01-07T14:20,CDG,830250430
VMQEZOIL,code,L,70004510,CP,2006-01-07T16:15,2006-01-07T17:25,LYS,830250430
VMQEZOIL,code,L,70004513,CP,2006-01-07T20:30,2006-01-07T22:25,CDG,830250430
TGRKQVWS,code,L,70004516,FO,2006-01-07T09:55,2006-01-07T12:05,LYS,830250430
TGRKQVWS,code,L,70004509,FO,2006-01-07T13:10,2006-01-07T14:20,CDG,830250430
TGRKQVWS,code,L,70004510,FO,2006-01-07T16:15,2006-01-07T17:25,LYS,830250430
TGRKQVWS,code,L,70004513,FO,2006-01-07T20:30,2006-01-07T22:25,CDG,830250430
MEWWNGLX,code,L,70004516,CSD,2006-01-07T09:55,2006-01-07T12:05,LYS,830250430
MEWWNGLX,code,L,70004509,CSD,2006-01-07T13:10,2006-01-07T14:20,CDG,830250430
MEWWNGLX,code,L,70004510,CSD,2006-01-07T16:15,2006-01-07T17:25,LYS,830250430
MEWWNGLX,code,L,70004513,CSD,2006-01-07T20:30,2006-01-07T22:25,CDG,830250430
IXSCUEME,code,L,70004516,CSD,2006-01-07T09:55,2006-01-07T12:05,LYS,830250430
IXSCUEME,code,L,70004509,CSD,2006-01-07T13:10,2006-01-07T14:20,CDG,830250430
IXSCUEME,code,L,70004510,CSD,2006-01-07T16:15,2006-01-07T17:25,LYS,830250430
IXSCUEME,code,L,70004513,CSD,2006-01-07T20:30,2006-01-07T22:25,CDG,830250430
XILNITSM,code,L,70004516,ST,2006-01-07T09:55,2006-01-07T12:05,LYS,830250430
XILNITSM,code,L,70004509,ST,2006-01-07T13:10,2006-01-07T14:20,CDG,830250430
XILNITSM,code,L,70004510,ST,2006-01-07T16:15,2006-01-07T17:25,LYS,830250430
XILNITSM,code,L,70004513,ST,2006-01-07T20:30,2006-01-07T22:25,CDG,830250430
KJAYUOGX,code,L,70004516,ST,2006-01-07T09:55,2006-01-07T12:05,LYS,830250430
KJAYUOGX,code,L,70004509,ST,2006-01-07T13:10,2006-01-07T14:20,CDG,830250430
KJAYUOGX,code,L,70004510,ST,2006-01-07T16:15,2006-01-07T17:25,LYS,830250430
KJAYUOGX,code,L,70004513,ST,2006-01-07T20:30,2006-01-07T22:25,CDG,830250430
CUPHTSQW,code,L,70004516,ST,2006-01-07T09:55,2006-01-07T12:05,LYS,830250430
CUPHTSQW,code,L,70004509,ST,2006-01-07T13:10,2006-01-07T14:20,CDG,830250430
CUPHTSQW,code,L,70004510,ST,2006-01-07T16:15,2006-01-07T17:25,LYS,830250430
CUPHTSQW,code,L,70004513,ST,2006-01-07T20:30,2006-01-07T22:25,CDG,830250430
DSPHBTYH,code,L,70004516,ST,2006-01-07T09:55,2006-01-07T12:05,LYS,830250430
DSPHBTYH,code,L,70004509,ST,2006-01-07T13:10,2006-01-07T14:20,CDG,830250430
DSPHBTYH,code,L,70004510,ST,2006-01-07T16:15,2006-01-07T17:25,LYS,830250430
DSPHBTYH,code,L,70004513,ST,2006-01-07T20:30,2006-01-07T22:25,CDG,830250430
YMGBGLUR,code,L,70004516,ST,2006-01-07T09:55,2006-01-07T12:05,LYS,830250430
YMGBGLUR,code,L,70004509,ST,2006-01-07T13:10,2006-01-07T14:20,CDG,830250430
YMGBGLUR,code,L,70004510,ST,2006-01-07T16:15,2006-01-07T17:25,LYS,830250430
YMGBGLUR,code,L,70004513,ST,2006-01-07T20:30,2006-01-07T22:25,CDG,830250430
BEAWWWSJ,code,L,70004516,ST,2006-01-07T09:55,2006-01-07T12:05,LYS,830250430
BEAWWWSJ,code,L,70004509,ST,2006-01-07T13:10,2006-01-07T14:20,CDG,830250430
BEAWWWSJ,code,L,70004510,ST,2006-01-07T16:15,2006-01-07T17:25,LYS,830250430
BEAWWWSJ,code,L,70004513,ST,2006-01-07T20:30,2006-01-07T22:25,CDG,830250430
JHTGJTLO,code,L,70003075,CP,2006-01-07T10:00,2006-01-07T12:20,ORY,217468053
JHTGJTLO,code,L,70003080,CP,2006-01-07T13:05,2006-01-07T14:30,NCE,217468053
JHTGJTLO,code,L,70003083,CP,2006-01-07T15:00,2006-01-07T16:20,ORY,217468053
JHTGJTLO,code,L,70003090,CP,2006-01-07T17:05,2006-01-07T19:15,NCE,217468053
WPVMLMCX,code,L,70003075,FO,2006-01-07T10:00,2006-01-07T12:20,ORY,217468053
WPVMLMCX,code,L,70003080,FO,2006-01-07T13:05,2006-01-07T14:30,NCE,217468053
WPVMLMCX,code,L,70003083,FO,2006-01-07T15:00,2006-01-07T16:20,ORY,217468053
WPVMLMCX,code,L,70003090,FO,2006-01-07T17:05,2006-01-07T19:15,NCE,217468053
NFMFCTJS,code,L,70003075,CSD,2006-01-07T10:00,2006-01-07T12:20,ORY,217468053
NFMFCTJS,code,L,70003080,CSD,2006-01-07T13:05,2006-01-07T14:30,NCE,217468053
NFMFCTJS,code,L,70003083,CSD,2006-01-07T15:00,2006-01-07T16:20,ORY,217468053
NFMFCTJS,code,L,70003090,CSD,2006-01-07T17:05,2006-01-07T19:15,NCE,217468053
PVANITZQ,code,L,70003075,CSD,2006-01-07T10:00,2006-01-07T12:20,ORY,217468053
PVANITZQ,code,L,70003080,CSD,2006-01-07T13:05,2006-01-07T14:30,NCE,217468053
PVANITZQ,code,L,70003083,CSD,2006-01-07T15:00,2006-01-07T16:20,ORY,217468053
PVANITZQ,code,L,70003090,CSD,2006-01-07T17:05,2006-01-07T19:15,NCE,217468053
ZSBIVOCM,code,L,70003075,ST,2006-01-07T10:00,2006-01-07T12:20,ORY,217468053
ZSBIVOCM,code,L,70003080,ST,2006-01-07T13:05,2006-01-07T14:30,NCE,217468053
ZSBIVOCM,code,L,70003083,ST,2006-01-07T15:00,2006-01-07T16:20,ORY,217468053
ZSBIVOCM,code,L,70003090,ST,2006-01-07T17:05,2006-01-07T19:15,NCE,217468053
CZWIYYWG,code,L,70003075,ST,2006-01-07T10:00,2006-01-07T12:20,ORY,217468053
CZWIYYWG,code,L,70003080,ST,2006-01-07T13:05,2006-01-07T14:30,NCE,217468053
CZWIYYWG,code,L,70003083,ST,2006-01-07T15:00,2006-01-07T16:20,ORY,217468053
CZWIYYWG,code,L,70003090,ST,2006-01-07T17:05,2006-01-07T19:15,NCE,217468053
IIYPRXFA,code,L,70003075,ST,2006-01-07T10:00,2006-01-07T12:20,ORY,217468053
IIYPRXFA,code,L,70003080,ST,2006-01-07T13:05,2006-01-07T14:30,NCE,217468053
IIYPRXFA,code,L,70003083,ST,2006-01-07T15:00,2006-01-07T16:20,ORY,217468053
IIYPRXFA,code,L,70003090,ST,2006-01-07T17:05,2006-01-07T19:15,NCE,217468053
IEZUOQDS,code,L,70003075,ST,2006-01-07T10:00,2006-01-07T12:20,ORY,217468053
IEZUOQDS,code,L,70003080,ST,2006-01-07T13:05,2006-01-07T14:30,NCE,217468053
IEZUOQDS,code,L,70003083,ST,2006-01-07T15:00,2006-01-07T16:20,ORY,217468053
IEZUOQDS,code,L,70003090,ST,2006-01-07T17:05,2006-01-07T19:15,NCE,217468053
VWXDHIWC,code,L,70003075,ST,2006-01-07T10:00,2006-01-07T12:20,ORY,217468053
VWXDHIWC,code,L,70003080,ST,2006-01-07T13:05,2006-01-07T14:30,NCE,217468053
VWXDHIWC,code,L,70003083,ST,2006-01-07T15:00,2006-01-07T16:20,ORY,217468053
VWXDHIWC,code,L,70003090,ST,2006-01-07T17:05,2006-01-07T19:15,NCE,217468053
HHHIKYQE,code,L,70003075,ST,2006-01-07T10:00,2006-01-07T12:20,ORY,217468053
HHHIKYQE,code,L,70003080,ST,2006-01-07T13:05,2006-01-07T14:30,NCE,217468053
HHHIKYQE,code,L,70003083,ST,2006-01-07T15:00,2006-01-07T16:20,ORY,217468053
HHHIKYQE,code,L,70003090,ST,2006-01-07T17:05,2006-01-07T19:15,NCE,217468053
WZYCQBOL,code,L,70001378,CP,2006-01-07T10:00,2006-01-07T12:35,BIA,759101347
WZYCQBOL,code,L,70001375,CP,2006-01-07T13:25,2006-01-07T15:00,ORY,759101347
WZYCQBOL,code,L,70001380,CP,2006-01-07T15:50,2006-01-07T17:25,BIA,759101347
WZYCQBOL,code,L,70001377,CP,2006-01-07T19:00,2006-01-07T21:20,ORY,759101347
ILDRJJTC,code,L,70001378,FO,2006-01-07T10:00,2006-01-07T12:35,BIA,759101347
ILDRJJTC,code,L,70001375,FO,2006-01-07T13:25,2006-01-07T15:00,ORY,759101347
ILDRJJTC,code,L,70001380,FO,2006-01-07T15:50,2006-01-07T17:25,BIA,759101347
ILDRJJTC,code,L,70001377,FO,2006-01-07T19:00,2006-01-07T21:20,ORY,759101347
EGDUYYFR,code,L,70001378,CSD,2006-01-07T10:00,2006-01-07T12:35,BIA,759101347
EGDUYYFR,code,L,70001375,CSD,2006-01-07T13:25,2006-01-07T15:00,ORY,759101347
EGDUYYFR,code,L,70001380,CSD,2006-01-07T15:50,2006-01-07T17:25,BIA,759101347
EGDUYYFR,code,L,70001377,CSD,2006-01-07T19:00,2006-01-07T21:20,ORY,759101347
CVYVSUTD,code,L,70001378,CSD,2006-01-07T10:00,2006-01-07T12:35,BIA,759101347
CVYVSUTD,code,L,70001375,CSD,2006-01-07T13:25,2006-01-07T15:00,ORY,759101347
CVYVSUTD,code,L,70001380,CSD,2006-01-07T15:50,2006-01-07T17:25,BIA,759101347
CVYVSUTD,code,L,70001377,CSD,2006-01-07T19:00,2006-01-07T21:20,ORY,759101347
HGQHICKQ,code,L,70001378,ST,2006-01-07T10:00,2006-01-07T12:35,BIA,759101347
HGQHICKQ,code,L,70001375,ST,2006-01-07T13:25,2006-01-07T15:00,ORY,759101347
HGQHICKQ,code,L,70001380,ST,2006-01-07T15:50,2006-01-07T17:25,BIA,759101347
HGQHICKQ,code,L,70001377,ST,2006-01-07T19:00,2006-01-07T21:20,ORY,759101347
IAMVNOYU,code,L,70001378,ST,2006-01-07T10:00,2006-01-07T12:35,BIA,759101347
IAMVNOYU,code,L,70001375,ST,2006-01-07T13:25,2006-01-07T15:00,ORY,759101347
IAMVNOYU,code,L,70001380,ST,2006-01-07T15:50,2006-01-07T17:25,BIA,759101347
IAMVNOYU,code,L,70001377,ST,2006-01-07T19:00,2006-01-07T21:20,ORY,759101347
RENTQJEK,code,L,70001378,ST,2006-01-07T10:00,2006-01-07T12:35,BIA,759101347
RENTQJEK,code,L,70001375,ST,2006-01-07T13:25,2006-01-07T15:00,ORY,759101347
RENTQJEK,code,L,70001380,ST,2006-01-07T15:50,2006-01-07T17:25,BIA,759101347
RENTQJEK,code,L,70001377,ST,2006-01-07T19:00,2006-01-07T21:20,ORY,759101347
MNSGRVDM,code,L,70001378,ST,2006-01-07T10:00,2006-01-07T12:35,BIA,759101347
MNSGRVDM,code,L,70001375,ST,2006-01-07T13:25,2006-01-07T15:00,ORY,759101347
MNSGRVDM,code,L,70001380,ST,2006-01-07T15:50,2006-01-07T17:25,BIA,759101347
MNSGRVDM,code,L,70001377,ST,2006-01-07T19:00,2006-01-07T21:20,ORY,759101347
ABTPXJJN,code,L,70001378,ST,2006-01-07T10:00,2006-01-07T12:35,BIA,759101347
ABTPXJJN,code,L,70001375,ST,2006-01-07T13:25,2006-01-07T15:00,ORY,759101347
ABTPXJJN,code,L,70001380,ST,2006-01-07T15:50,2006-01-07T17:25,BIA,759101347
ABTPXJJN,code,L,70001377,ST,2006-01-07T19:00,2006-01-07T21:20,ORY,759101347
HDKAPEUZ,code,L,70001378,ST,2006-01-07T10:00,2006-01-07T12:35,BIA,759101347
HDKAPEUZ,code,L,70001375,ST,2006-01-07T13:25,2006-01-07T15:00,ORY,759101347
HDKAPEUZ,code,L,70001380,ST,2006-01-07T15:50,2006-01-07T17:25,BIA,759101347
HDKAPEUZ,code,L,70001377,ST,2006-01-07T19:00,2006-01-07T21:20,ORY,759101347
DTMCLEVA,code,L,70005125,CP,2006-01-07T10:00,2006-01-07T13:10,TLS,683093156
DTMCLEVA,code,L,70005126,CP,2006-01-07T14:30,2006-01-07T16:25,AMS,683093156
DTMCLEVA,code,L,70005127,CP,2006-01-07T17:05,2006-01-07T19:15,TLS,683093156
DTMCLEVA,code,L,70005128,CP,2006-01-07T20:05,2006-01-07T22:45,AMS,683093156
BPDOYAVN,code,L,70005125,FO,2006-01-07T10:00,2006-01-07T13:10,TLS,683093156
BPDOYAVN,code,L,70005126,FO,2006-01-07T14:30,2006-01-07T16:25,AMS,683093156
BPDOYAVN,code,L,70005127,FO,2006-01-07T17:05,2006-01-07T19:15,TLS,683093156
BPDOYAVN,code,L,70005128,FO,2006-01-07T20:05,2006-01-07T22:45,AMS,683093156
NHHNSAXJ,code,L,70005125,CSD,2006-01-07T10:00,2006-01-07T13:10,TLS,683093156
NHHNSAXJ,code,L,70005126,CSD,2006-01-07T14:30,2006-01-07T16:25,AMS,683093156
NHHNSAXJ,code,L,70005127,CSD,2006-01-07T17:05,2006-01-07T19:15,TLS,683093156
NHHNSAXJ,code,L,70005128,CSD,2006-01-07T20:05,2006-01-07T22:45,AMS,683093156
CQMXNRZX,code,L,70005125,ST,2006-01-07T10:00,2006-01-07T13:10,TLS,683093156
CQMXNRZX,code,L,70005126,ST,2006-01-07T14:30,2006-01-07T16:25,AMS,683093156
CQMXNRZX,code,L,70005127,ST,2006-01-07T17:05,2006-01-07T19:15,TLS,683093156
CQMXNRZX,code,L,70005128,ST,2006-01-07T20:05,2006-01-07T22:45,AMS,683093156
NIEAKBNR,code,L,70005125,ST,2006-01-07T10:00,2006-01-07T13:10,TLS,683093156
NIEAKBNR,code,L,70005126,ST,2006-01-07T14:30,2006-01-07T16:25,AMS,683093156
NIEAKBNR,code,L,70005127,ST,2006-01-07T17:05,2006-01-07T19:15,TLS,683093156
NIEAKBNR,code,L,70005128,ST,2006-01-07T20:05,2006-01-07T22:45,AMS,683093156
CEPJYLCU,code,L,70005125,ST,2006-01-07T10:00,2006-01-07T13:10,TLS,683093156
CEPJYLCU,code,L,70005126,ST,2006-01-07T14:30,2006-01-07T16:25,AMS,683093156
CEPJYLCU,code,L,70005127,ST,2006-01-07T17:05,2006-01-07T19:15,TLS,683093156
CEPJYLCU,code,L,70005128,ST,2006-01-07T20:05,2006-01-07T22:45,AMS,683093156
AURXTGJV,code,L,70005165,CP,2006-01-07T10:25,2006-01-07T13:15,BOD,1827753950
AURXTGJV,code,L,70005093,CP,2006-01-07T14:00,2006-01-07T15:30,AMS,1827753950
AURXTGJV,code,L,70005094,CP,2006-01-07T16:40,2006-01-07T18:15,CFE,1827753950
AURXTGJV,code,L,70005166,CP,2006-01-07T19:00,2006-01-07T21:35,AMS,1827753950
QIHDZRNE,code,L,70005165,FO,2006-01-07T10:25,2006-01-07T13:15,BOD,1827753950
QIHDZRNE,code,L,70005093,FO,2006-01-07T14:00,2006-01-07T15:30,AMS,1827753950
QIHDZRNE,code,L,70005094,FO,2006-01-07T16:40,2006-01-07T18:15,CFE,1827753950
QIHDZRNE,code,L,70005166,FO,2006-01-07T19:00,2006-01-07T21:35,AMS,1827753950
UFBNCEMD,code,L,70005165,CSD,2006-01-07T10:25,2006-01-07T13:15,BOD,1827753950
UFBNCEMD,code,L,70005093,CSD,2006-01-07T14:00,2006-01-07T15:30,AMS,1827753950
UFBNCEMD,code,L,70005094,CSD,2006-01-07T16:40,2006-01-07T18:15,CFE,1827753950
UFBNCEMD,code,L,70005166,CSD,2006-01-07T19:00,2006-01-07T21:35,AMS,1827753950
OXSLAXCL,code,L,70005165,ST,2006-01-07T10:25,2006-01-07T13:15,BOD,1827753950
OXSLAXCL,code,L,70005093,ST,2006-01-07T14:00,2006-01-07T15:30,AMS,1827753950
OXSLAXCL,code,L,70005094,ST,2006-01-07T16:40,2006-01-07T18:15,CFE,1827753950
OXSLAXCL,code,L,70005166,ST,2006-01-07T19:00,2006-01-07T21:35,AMS,1827753950
FYWRMOYC,code,L,70005165,ST,2006-01-07T10:25,2006-01-07T13:15,BOD,1827753950
FYWRMOYC,code,L,70005093,ST,2006-01-07T14:00,2006-01-07T15:30,AMS,1827753950
FYWRMOYC,code,L,70005094,ST,2006-01-07T16:40,2006-01-07T18:15,CFE,1827753950
FYWRMOYC,code,L,70005166,ST,2006-01-07T19:00,2006-01-07T21:35,AMS,1827753950
KNYSHISU,code,L,70005165,ST,2006-01-07T10:25,2006-01-07T13:15,BOD,1827753950
KNYSHISU,code,L,70005093,ST,2006-01-07T14:00,2006-01-07T15:30,AMS,1827753950
KNYSHISU,code,L,70005094,ST,2006-01-07T16:40,2006-01-07T18:15,CFE,1827753950
KNYSHISU,code,L,70005166,ST,2006-01-07T19:00,2006-01-07T21:35,AMS,1827753950
HEWMVNQR,code,L,70003111,CP,2006-01-07T10:30,2006-01-07T12:50,ORY,200550235
HEWMVNQR,code,L,70003112,CP,2006-01-07T13:35,2006-01-07T15:00,NCE,200550235
HEWMVNQR,code,L,70004365,CP,2006-01-07T15:35,2006-01-07T16:55,ORY,200550235
HEWMVNQR,code,L,70004368,CP,2006-01-07T17:35,2006-01-07T19:45,TLN,200550235
RJLMSDAM,code,L,70003111,FO,2006-01-07T10:30,2006-01-07T12:50,ORY,200550235
RJLMSDAM,code,L,70003112,FO,2006-01-07T13:35,2006-01-07T15:00,NCE,200550235
RJLMSDAM,code,L,70004365,FO,2006-01-07T15:35,2006-01-07T16:55,ORY,200550235
RJLMSDAM,code,L,70004368,FO,2006-01-07T17:35,2006-01-07T19:45,TLN,200550235
GBTLUEJU,code,L,70003111,CSD,2006-01-07T10:30,2006-01-07T12:50,ORY,200550235
GBTLUEJU,code,L,70003112,CSD,2006-01-07T13:35,2006-01-07T15:00,NCE,200550235
GBTLUEJU,code,L,70004365,CSD,2006-01-07T15:35,2006-01-07T16:55,ORY,200550235
GBTLUEJU,code,L,70004368,CSD,2006-01-07T17:35,2006-01-07T19:45,TLN,200550235
OWDVYULO,code,L,70003111,CSD,2006-01-07T10:30,2006-01-07T12:50,ORY,200550235
OWDVYULO,code,L,70003112,CSD,2006-01-07T13:35,2006-01-07T15:00,NCE,200550235
OWDVYULO,code,L,70004365,CSD,2006-01-07T15:35,2006-01-07T16:55,ORY,200550235
OWDVYULO,code,L,70004368,CSD,2006-01-07T17:35,2006-01-07T19:45,TLN,200550235
KFHUNTED,code,L,70003111,ST,2006-01-07T10:30,2006-01-07T12:50,ORY,200550235
KFHUNTED,code,L,70003112,ST,2006-01-07T13:35,2006-01-07T15:00,NCE,200550235
KFHUNTED,code,L,70004365,ST,2006-01-07T15:35,2006-01-07T16:55,ORY,200550235
KFHUNTED,code,L,70004368,ST,2006-01-07T17:35,2006-01-07T19:45,TLN,200550235
LFQWIYHA,code,L,70003111,ST,2006-01-07T10:30,2006-01-07T12:50,ORY,200550235
LFQWIYHA,code,L,70003112,ST,2006-01-07T13:35,2006-01-07T15:00,NCE,200550235
LFQWIYHA,code,L,70004365,ST,2006-01-07T15:35,2006-01-07T16:55,ORY,200550235
LFQWIYHA,code,L,70004368,ST,2006-01-07T17:35,2006-01-07T19:45,TLN,200550235
VOWEHLIT,code,L,70003111,ST,2006-01-07T10:30,2006-01-07T12:50,ORY,200550235
VOWEHLIT,code,L,70003112,ST,2006-01-07T13:35,2006-01-07T15:00,NCE,200550235
VOWEHLIT,code,L,70004365,ST,2006-01-07T15:35,2006-01-07T16:55,ORY,200550235
VOWEHLIT,code,L,70004368,ST,2006-01-07T17:35,2006-01-07T19:45,TLN,200550235
LZBMCMQK,code,L,70003111,ST,2006-01-07T10:30,2006-01-07T12:50,ORY,200550235
LZBMCMQK,code,L,70003112,ST,2006-01-07T13:35,2006-01-07T15:00,NCE,200550235
LZBMCMQK,code,L,70004365,ST,2006-01-07T15:35,2006-01-07T16:55,ORY,200550235
LZBMCMQK,code,L,70004368,ST,2006-01-07T17:35,2006-01-07T19:45,TLN,200550235
SXAUDVJG,code,L,70003111,ST,2006-01-07T10:30,2006-01-07T12:50,ORY,200550235
SXAUDVJG,code,L,70003112,ST,2006-01-07T13:35,2006-01-07T15:00,NCE,200550235
SXAUDVJG,code,L,70004365,ST,2006-01-07T15:35,2006-01-07T16:55,ORY,200550235
SXAUDVJG,code,L,70004368,ST,2006-01-07T17:35,2006-01-07T19:45,TLN,200550235
IHCFTPEQ,code,L,70003111,ST,2006-01-07T10:30,2006-01-07T12:50,ORY,200550235
IHCFTPEQ,code,L,70003112,ST,2006-01-07T13:35,2006-01-07T15:00,NCE,200550235
IHCFTPEQ,code,L,70004365,ST,2006-01-07T15:35,2006-01-07T16:55,ORY,200550235
IHCFTPEQ,code,L,70004368,ST,2006-01-07T17:35,2006-01-07T19:45,TLN,200550235
NLJEKDIX,code,L,70002888,CP,2006-01-07T10:30,2006-01-07T12:50,MRS,2052955920
NLJEKDIX,code,L,70002889,CP,2006-01-07T13:35,2006-01-07T14:50,ORY,2052955920
NLJEKDIX,code,L,70002900,CP,2006-01-07T15:30,2006-01-07T16:50,MRS,2052955920
NLJEKDIX,code,L,70002903,CP,2006-01-07T17:35,2006-01-07T19:35,ORY,2052955920
RATIATOV,code,L,70002888,FO,2006-01-07T10:30,2006-01-07T12:50,MRS,2052955920
RATIATOV,code,L,70002889,FO,2006-01-07T13:35,2006-01-07T14:50,ORY,2052955920
RATIATOV,code,L,70002900,FO,2006-01-07T15:30,2006-01-07T16:50,MRS,2052955920
RATIATOV,code,L,70002903,FO,2006-01-07T17:35,2006-01-07T19:35,ORY,2052955920
FCIORBCX,code,L,70002888,CSD,2006-01-07T10:30,2006-01-07T12:50,MRS,2052955920
FCIORBCX,code,L,70002889,CSD,2006-01-07T13:35,2006-01-07T14:50,ORY,2052955920
FCIORBCX,code,L,70002900,CSD,2006-01-07T15:30,2006-01-07T16:50,MRS,2052955920
FCIORBCX,code,L,70002903,CSD,2006-01-07T17:35,2006-01-07T19:35,ORY,2052955920
XJERKTEU,code,L,70002888,CSD,2006-01-07T10:30,2006-01-07T12:50,MRS,2052955920
XJERKTEU,code,L,70002889,CSD,2006-01-07T13:35,2006-01-07T14:50,ORY,2052955920
XJERKTEU,code,L,70002900,CSD,2006-01-07T15:30,2006-01-07T16:50,MRS,2052955920
XJERKTEU,code,L,70002903,CSD,2006-01-07T17:35,2006-01-07T19:35,ORY,2052955920
EVHZPCNK,code,L,70002888,ST,2006-01-07T10:30,2006-01-07T12:50,MRS,2052955920
EVHZPCNK,code,L,70002889,ST,2006-01-07T13:35,2006-01-07T14:50,ORY,2052955920
EVHZPCNK,code,L,70002900,ST,2006-01-07T15:30,2006-01-07T16:50,MRS,2052955920
EVHZPCNK,code,L,70002903,ST,2006-01-07T17:35,2006-01-07T19:35,ORY,2052955920
RFPQTDJK,code,L,70002888,ST,2006-01-07T10:30,2006-01-07T12:50,MRS,2052955920
RFPQTDJK,code,L,70002889,ST,2006-01-07T13:35,2006-01-07T14:50,ORY,2052955920
RFPQTDJK,code,L,70002900,ST,2006-01-07T15:30,2006-01-07T16:50,MRS,2052955920
RFPQTDJK,code,L,70002903,ST,2006-01-07T17:35,2006-01-07T19:35,ORY,2052955920
SJKUDWRS,code,L,70002888,ST,2006-01-07T10:30,2006-01-07T12:50,MRS,2052955920
SJKUDWRS,code,L,70002889,ST,2006-01-07T13:35,2006-01-07T14:50,ORY,2052955920
SJKUDWRS,code,L,70002900,ST,2006-01-07T15:30,2006-01-07T16:50,MRS,2052955920
SJKUDWRS,code,L,70002903,ST,2006-01-07T17:35,2006-01-07T19:35,ORY,2052955920
BFICMYMX,code,L,70002888,ST,2006-01-07T10:30,2006-01-07T12:50,MRS,2052955920
BFICMYMX,code,L,70002889,ST,2006-01-07T13:35,2006-01-07T14:50,ORY,2052955920
BFICMYMX,code,L,70002900,ST,2006-01-07T15:30,2006-01-07T16:50,MRS,2052955920
BFICMYMX,code,L,70002903,ST,2006-01-07T17:35,2006-01-07T19:35,ORY,2052955920
HBLPJCAO,code,L,70002888,ST,2006-01-07T10:30,2006-01-07T12:50,MRS,2052955920
HBLPJCAO,code,L,70002889,ST,2006-01-07T13:35,2006-01-07T14:50,ORY,2052955920
HBLPJCAO,code,L,70002900,ST,2006-01-07T15:30,2006-01-07T16:50,MRS,2052955920
HBLPJCAO,code,L,70002903,ST,2006-01-07T17:35,2006-01-07T19:35,ORY,2052955920
IPMTIVZN,code,L,70002888,ST,2006-01-07T10:30,2006-01-07T12:50,MRS,2052955920
IPMTIVZN,code,L,70002889,ST,2006-01-07T13:35,2006-01-07T14:50,ORY,2052955920
IPMTIVZN,code,L,70002900,ST,2006-01-07T15:30,2006-01-07T16:50,MRS,2052955920
IPMTIVZN,code,L,70002903,ST,2006-01-07T17:35,2006-01-07T19:35,ORY,2052955920
WHSMYQLG,code,L,70004527,CP,2006-01-07T10:35,2006-01-07T13:00,CDG,2134161410
WHSMYQLG,code,L,70004530,CP,2006-01-07T15:20,2006-01-07T16:50,MRS,2134161410
WHSMYQLG,code,L,70004531,CP,2006-01-07T17:35,2006-01-07T19:00,CDG,2134161410
WHSMYQLG,code,L,70004534,CP,2006-01-07T19:45,2006-01-07T22:00,MRS,2134161410
YPIXZDRY,code,L,70004527,FO,2006-01-07T10:35,2006-01-07T13:00,CDG,2134161410
YPIXZDRY,code,L,70004530,FO,2006-01-07T15:20,2006-01-07T16:50,MRS,2134161410
YPIXZDRY,code,L,70004531,FO,2006-01-07T17:35,2006-01-07T19:00,CDG,2134161410
YPIXZDRY,code,L,70004534,FO,2006-01-07T19:45,2006-01-07T22:00,MRS,2134161410
XIIMURJW,code,L,70004527,CSD,2006-01-07T10:35,2006-01-07T13:00,CDG,2134161410
XIIMURJW,code,L,70004530,CSD,2006-01-07T15:20,2006-01-07T16:50,MRS,2134161410
XIIMURJW,code,L,70004531,CSD,2006-01-07T17:35,2006-01-07T19:00,CDG,2134161410
XIIMURJW,code,L,70004534,CSD,2006-01-07T19:45,2006-01-07T22:00,MRS,2134161410
QFDMEUDX,code,L,70004527,CSD,2006-01-07T10:35,2006-01-07T13:00,CDG,2134161410
QFDMEUDX,code,L,70004530,CSD,2006-01-07T15:20,2006-01-07T16:50,MRS,2134161410
QFDMEUDX,code,L,70004531,CSD,2006-01-07T17:35,2006-01-07T19:00,CDG,2134161410
QFDMEUDX,code,L,70004534,CSD,2006-01-07T19:45,2006-01-07T22:00,MRS,2134161410
PEQNQQYB,code,L,70004527,ST,2006-01-07T10:35,2006-01-07T13:00,CDG,2134161410
PEQNQQYB,code,L,70004530,ST,2006-01-07T15:20,2006-01-07T16:50,MRS,2134161410
PEQNQQYB,code,L,70004531,ST,2006-01-07T17:35,2006-01-07T19:00,CDG,2134161410
PEQNQQYB,code,L,70004534,ST,2006-01-07T19:45,2006-01-07T22:00,MRS,2134161410
NHRBGYZA,code,L,70004527,ST,2006-01-07T10:35,2006-01-07T13:00,CDG,2134161410
NHRBGYZA,code,L,70004530,ST,2006-01-07T15:20,2006-01-07T16:50,MRS,2134161410
NHRBGYZA,code,L,70004531,ST,2006-01-07T17:35,2006-01-07T19:00,CDG,2134161410
NHRBGYZA,code,L,70004534,ST,2006-01-07T19:45,2006-01-07T22:00,MRS,2134161410
CHIFWDDK,code,L,70004527,ST,2006-01-07T10:35,2006-01-07T13:00,CDG,2134161410
CHIFWDDK,code,L,70004530,ST,2006-01-07T15:20,2006-01-07T16:50,MRS,2134161410
CHIFWDDK,code,L,70004531,ST,2006-01-07T17:35,2006-01-07T19:00,CDG,2134161410
CHIFWDDK,code,L,70004534,ST,2006-01-07T19:45,2006-01-07T22:00,MRS,2134161410
UDBWSJCA,code,L,70004527,ST,2006-01-07T10:35,2006-01-07T13:00,CDG,2134161410
UDBWSJCA,code,L,70004530,ST,2006-01-07T15:20,2006-01-07T16:50,MRS,2134161410
UDBWSJCA,code,L,70004531,ST,2006-01-07T17:35,2006-01-07T19:00,CDG,2134161410
UDBWSJCA,code,L,70004534,ST,2006-01-07T19:45,2006-01-07T22:00,MRS,2134161410
YMBGHNWD,code,L,70004527,ST,2006-01-07T10:35,2006-01-07T13:00,CDG,2134161410
YMBGHNWD,code,L,70004530,ST,2006-01-07T15:20,2006-01-07T16:50,MRS,2134161410
YMBGHNWD,code,L,70004531,ST,2006-01-07T17:35,2006-01-07T19:00,CDG,2134161410
YMBGHNWD,code,L,70004534,ST,2006-01-07T19:45,2006-01-07T22:00,MRS,2134161410
AZNLGAPX,code,L,70004527,ST,2006-01-07T10:35,2006-01-07T13:00,CDG,2134161410
AZNLGAPX,code,L,70004530,ST,2006-01-07T15:20,2006-01-07T16:50,MRS,2134161410
AZNLGAPX,code,L,70004531,ST,2006-01-07T17:35,2006-01-07T19:00,CDG,2134161410
AZNLGAPX,code,L,70004534,ST,2006-01-07T19:45,2006-01-07T22:00,MRS,2134161410
LRYEKBWE,code,L,70004567,CP,2006-01-07T10:35,2006-01-07T13:10,CDG,1874672702
LRYEKBWE,code,L,70004568,CP,2006-01-07T13:55,2006-01-07T15:30,NCE,1874672702
LRYEKBWE,code,L,70004571,CP,2006-01-07T17:25,2006-01-07T19:00,CDG,1874672702
LRYEKBWE,code,L,70004572,CP,2006-01-07T19:50,2006-01-07T21:05,NCE,1874672702
KQIFKMGC,code,L,70004567,FO,2006-01-07T10:35,2006-01-07T13:10,CDG,1874672702
KQIFKMGC,code,L,70004568,FO,2006-01-07T13:55,2006-01-07T15:30,NCE,1874672702
KQIFKMGC,code,L,70004571,FO,2006-01-07T17:25,2006-01-07T19:00,CDG,1874672702
KQIFKMGC,code,L,70004572,FO,2006-01-07T19:50,2006-01-07T21:05,NCE,1874672702
VHGNFJQU,code,L,70004567,CSD,2006-01-07T10:35,2006-01-07T13:10,CDG,1874672702
VHGNFJQU,code,L,70004568,CSD,2006-01-07T13:55,2006-01-07T15:30,NCE,1874672702
VHGNFJQU,code,L,70004571,CSD,2006-01-07T17:25,2006-01-07T19:00,CDG,1874672702
VHGNFJQU,code,L,70004572,CSD,2006-01-07T19:50,2006-01-07T21:05,NCE,1874672702
RUQQVPOO,code,L,70004567,CSD,2006-01-07T10:35,2006-01-07T13:10,CDG,1874672702
RUQQVPOO,code,L,70004568,CSD,2006-01-07T13:55,2006-01-07T15:30,NCE,1874672702
RUQQVPOO,code,L,70004571,CSD,2006-01-07T17:25,2006-01-07T19:00,CDG,1874672702
RUQQVPOO,code,L,70004572,CSD,2006-01-07T19:50,2006-01-07T21:05,NCE,1874672702
YFXMPVJA,code,L,70004567,ST,2006-01-07T10:35,2006-01-07T13:10,CDG,1874672702
YFXMPVJA,code,L,70004568,ST,2006-01-07T13:55,2006-01-07T15:30,NCE,1874672702
YFXMPVJA,code,L,70004571,ST,2006-01-07T17:25,2006-01-07T19:00,CDG,1874672702
YFXMPVJA,code,L,70004572,ST,2006-01-07T19:50,2006-01-07T21:05,NCE,1874672702
FJSGTUPY,code,L,70004567,ST,2006-01-07T10:35,2006-01-07T13:10,CDG,1874672702
FJSGTUPY,code,L,70004568,ST,2006-01-07T13:55,2006-01-07T15:30,NCE,1874672702
FJSGTUPY,code,L,70004571,ST,2006-01-07T17:25,2006-01-07T19:00,CDG,1874672702
FJSGTUPY,code,L,70004572,ST,2006-01-07T19:50,2006-01-07T21:05,NCE,1874672702
UURPKIQN,code,L,70004567,ST,2006-01-07T10:35,2006-01-07T13:10,CDG,1874672702
UURPKIQN,code,L,70004568,ST,2006-01-07T13:55,2006-01-07T15:30,NCE,1874672702
UURPKIQN,code,L,70004571,ST,2006-01-07T17:25,2006-01-07T19:00,CDG,1874672702
UURPKIQN,code,L,70004572,ST,2006-01-07T19:50,2006-01-07T21:05,NCE,1874672702
QFLKTGGH,code,L,70004567,ST,2006-01-07T10:35,2006-01-07T13:10,CDG,1874672702
QFLKTGGH,code,L,70004568,ST,2006-01-07T13:55,2006-01-07T15:30,NCE,1874672702
QFLKTGGH,code,L,70004571,ST,2006-01-07T17:25,2006-01-07T19:00,CDG,1874672702
QFLKTGGH,code,L,70004572,ST,2006-01-07T19:50,2006-01-07T21:05,NCE,1874672702
LEHLTVAU,code,L,70004567,ST,2006-01-07T10:35,2006-01-07T13:10,CDG,1874672702
LEHLTVAU,code,L,70004568,ST,2006-01-07T13:55,2006-01-07T15:30,NCE,1874672702
LEHLTVAU,code,L,70004571,ST,2006-01-07T17:25,2006-01-07T19:00,CDG,1874672702
LEHLTVAU,code,L,70004572,ST,2006-01-07T19:50,2006-01-07T21:05,NCE,1874672702
IYDRSJOV,code,L,70004567,ST,2006-01-07T10:35,2006-01-07T13:10,CDG,1874672702
IYDRSJOV,code,L,70004568,ST,2006-01-07T13:55,2006-01-07T15:30,NCE,1874672702
IYDRSJOV,code,L,70004571,ST,2006-01-07T17:25,2006-01-07T19:00,CDG,1874672702
IYDRSJOV,code,L,70004572,ST,2006-01-07T19:50,2006-01-07T21:05,NCE,1874672702
JLKNFTKE,code,L,70004648,CP,2006-01-07T10:55,2006-01-07T13:25,TLS,1194650126
JLKNFTKE,code,L,70004649,CP,2006-01-07T15:00,2006-01-07T16:25,CDG,1194650126
JLKNFTKE,code,L,70004652,CP,2006-01-07T17:15,2006-01-07T18:45,TLS,1194650126
JLKNFTKE,code,L,70004655,CP,2006-01-07T19:25,2006-01-07T21:35,CDG,1194650126
EUKHIQJH,code,L,70004648,FO,2006-01-07T10:55,2006-01-07T13:25,TLS,1194650126
EUKHIQJH,code,L,70004649,FO,2006-01-07T15:00,2006-01-07T16:25,CDG,1194650126
EUKHIQJH,code,L,70004652,FO,2006-01-07T17:15,2006-01-07T18:45,TLS,1194650126
EUKHIQJH,code,L,70004655,FO,2006-01-07T19:25,2006-01-07T21:35,CDG,1194650126
WCCYYCOP,code,L,70004648,CSD,2006-01-07T10:55,2006-01-07T13:25,TLS,1194650126
WCCYYCOP,code,L,70004649,CSD,2006-01-07T15:00,2006-01-07T16:25,CDG,1194650126
WCCYYCOP,code,L,70004652,CSD,2006-01-07T17:15,2006-01-07T18:45,TLS,1194650126
WCCYYCOP,code,L,70004655,CSD,2006-01-07T19:25,2006-01-07T21:35,CDG,1194650126
IRYQUMUM,code,L,70004648,CSD,2006-01-07T10:55,2006-01-07T13:25,TLS,1194650126
IRYQUMUM,code,L,70004649,CSD,2006-01-07T15:00,2006-01-07T16:25,CDG,1194650126
IRYQUMUM,code,L,70004652,CSD,2006-01-07T17:15,2006-01-07T18:45,TLS,1194650126
IRYQUMUM,code,L,70004655,CSD,2006-01-07T19:25,2006-01-07T21:35,CDG,1194650126
SOBGGNAP,code,L,70004648,ST,2006-01-07T10:55,2006-01-07T13:25,TLS,1194650126
SOBGGNAP,code,L,70004649,ST,2006-01-07T15:00,2006-01-07T16:25,CDG,1194650126
SOBGGNAP,code,L,70004652,ST,2006-01-07T17:15,2006-01-07T18:45,TLS,1194650126
SOBGGNAP,code,L,70004655,ST,2006-01-07T19:25,2006-01-07T21:35,CDG,1194650126
NETMGEXD,code,L,70004648,ST,2006-01-07T10:55,2006-01-07T13:25,TLS,1194650126
NETMGEXD,code,L,70004649,ST,2006-01-07T15:00,2006-01-07T16:25,CDG,1194650126
NETMGEXD,code,L,70004652,ST,2006-01-07T17:15,2006-01-07T18:45,TLS,1194650126
NETMGEXD,code,L,70004655,ST,2006-01-07T19:25,2006-01-07T21:35,CDG,1194650126
QWEGFMKW,code,L,70004648,ST,2006-01-07T10:55,2006-01-07T13:25,TLS,1194650126
QWEGFMKW,code,L,70004649,ST,2006-01-07T15:00,2006-01-07T16:25,CDG,1194650126
QWEGFMKW,code,L,70004652,ST,2006-01-07T17:15,2006-01-07T18:45,TLS,1194650126
QWEGFMKW,code,L,70004655,ST,2006-01-07T19:25,2006-01-07T21:35,CDG,1194650126
UUURVCXY,code,L,70004648,ST,2006-01-07T10:55,2006-01-07T13:25,TLS,1194650126
UUURVCXY,code,L,70004649,ST,2006-01-07T15:00,2006-01-07T16:25,CDG,1194650126
UUURVCXY,code,L,70004652,ST,2006-01-07T17:15,2006-01-07T18:45,TLS,1194650126
UUURVCXY,code,L,70004655,ST,2006-01-07T19:25,2006-01-07T21:35,CDG,1194650126
GZXYRDVM,code,L,70004648,ST,2006-01-07T10:55,2006-01-07T13:25,TLS,1194650126
GZXYRDVM,code,L,70004649,ST,2006-01-07T15:00,2006-01-07T16:25,CDG,1194650126
GZXYRDVM,code,L,70004652,ST,2006-01-07T17:15,2006-01-07T18:45,TLS,1194650126
GZXYRDVM,code,L,70004655,ST,2006-01-07T19:25,2006-01-07T21:35,CDG,1194650126
IRXCJZFL,code,L,70004648,ST,2006-01-07T10:55,2006-01-07T13:25,TLS,1194650126
IRXCJZFL,code,L,70004649,ST,2006-01-07T15:00,2006-01-07T16:25,CDG,1194650126
IRXCJZFL,code,L,70004652,ST,2006-01-07T17:15,2006-01-07T18:45,TLS,1194650126
IRXCJZFL,code,L,70004655,ST,2006-01-07T19:25,2006-01-07T21:35,CDG,1194650126
RWSFGOUU,code,L,70004387,CP,2006-01-07T11:00,2006-01-07T13:20,ORY,363927940
RWSFGOUU,code,L,70004388,CP,2006-01-07T14:05,2006-01-07T15:30,PGF,363927940
RWSFGOUU,code,L,70004459,CP,2006-01-07T17:10,2006-01-07T18:45,ORY,363927940
RWSFGOUU,code,L,70004454,CP,2006-01-07T19:35,2006-01-07T21:55,BIA,363927940
MRNBGLBR,code,L,70004387,FO,2006-01-07T11:00,2006-01-07T13:20,ORY,363927940
MRNBGLBR,code,L,70004388,FO,2006-01-07T14:05,2006-01-07T15:30,PGF,363927940
MRNBGLBR,code,L,70004459,FO,2006-01-07T17:10,2006-01-07T18:45,ORY,363927940
MRNBGLBR,code,L,70004454,FO,2006-01-07T19:35,2006-01-07T21:55,BIA,363927940
OTZNOPAN,code,L,70004387,CSD,2006-01-07T11:00,2006-01-07T13:20,ORY,363927940
OTZNOPAN,code,L,70004388,CSD,2006-01-07T14:05,2006-01-07T15:30,PGF,363927940
OTZNOPAN,code,L,70004459,CSD,2006-01-07T17:10,2006-01-07T18:45,ORY,363927940
OTZNOPAN,code,L,70004454,CSD,2006-01-07T19:35,2006-01-07T21:55,BIA,363927940
WNLTIALZ,code,L,70004387,CSD,2006-01-07T11:00,2006-01-07T13:20,ORY,363927940
WNLTIALZ,code,L,70004388,CSD,2006-01-07T14:05,2006-01-07T15:30,PGF,363927940
WNLTIALZ,code,L,70004459,CSD,2006-01-07T17:10,2006-01-07T18:45,ORY,363927940
WNLTIALZ,code,L,70004454,CSD,2006-01-07T19:35,2006-01-07T21:55,BIA,363927940
NMYPZVPB,code,L,70004387,ST,2006-01-07T11:00,2006-01-07T13:20,ORY,363927940
NMYPZVPB,code,L,70004388,ST,2006-01-07T14:05,2006-01-07T15:30,PGF,363927940
NMYPZVPB,code,L,70004459,ST,2006-01-07T17:10,2006-01-07T18:45,ORY,363927940
NMYPZVPB,code,L,70004454,ST,2006-01-07T19:35,2006-01-07T21:55,BIA,363927940
HHSKDTKX,code,L,70004387,ST,2006-01-07T11:00,2006-01-07T13:20,ORY,363927940
HHSKDTKX,code,L,70004388,ST,2006-01-07T14:05,2006-01-07T15:30,PGF,363927940
HHSKDTKX,code,L,70004459,ST,2006-01-07T17:10,2006-01-07T18:45,ORY,363927940
HHSKDTKX,code,L,70004454,ST,2006-01-07T19:35,2006-01-07T21:55,BIA,363927940
TQYLCEHY,code,L,70004387,ST,2006-01-07T11:00,2006-01-07T13:20,ORY,363927940
TQYLCEHY,code,L,70004388,ST,2006-01-07T14:05,2006-01-07T15:30,PGF,363927940
TQYLCEHY,code,L,70004459,ST,2006-01-07T17:10,2006-01-07T18:45,ORY,363927940
TQYLCEHY,code,L,70004454,ST,2006-01-07T19:35,2006-01-07T21:55,BIA,363927940
SCEJCULE,code,L,70004387,ST,2006-01-07T11:00,2006-01-07T13:20,ORY,363927940
SCEJCULE,code,L,70004388,ST,2006-01-07T14:05,2006-01-07T15:30,PGF,363927940
SCEJCULE,code,L,70004459,ST,2006-01-07T17:10,2006-01-07T18:45,ORY,363927940
SCEJCULE,code,L,70004454,ST,2006-01-07T19:35,2006-01-07T21:55,BIA,363927940
CVNTPPXR,code,L,70004387,ST,2006-01-07T11:00,2006-01-07T13:20,ORY,363927940
CVNTPPXR,code,L,70004388,ST,2006-01-07T14:05,2006-01-07T15:30,PGF,363927940
CVNTPPXR,code,L,70004459,ST,2006-01-07T17:10,2006-01-07T18:45,ORY,363927940
CVNTPPXR,code,L,70004454,ST,2006-01-07T19:35,2006-01-07T21:55,BIA,363927940
IWQVMZEF,code,L,70004387,ST,2006-01-07T11:00,2006-01-07T13:20,ORY,363927940
IWQVMZEF,code,L,70004388,ST,2006-01-07T14:05,2006-01-07T15:30,PGF,363927940
IWQVMZEF,code,L,70004459,ST,2006-01-07T17:10,2006-01-07T18:45,ORY,363927940
IWQVMZEF,code,L,70004454,ST,2006-01-07T19:35,2006-01-07T21:55,BIA,363927940
QKNZHSIZ,code,L,70004566,CP,2006-01-07T11:00,2006-01-07T13:35,NCE,1328157009
QKNZHSIZ,code,L,70004569,CP,2006-01-07T14:40,2006-01-07T16:15,CDG,1328157009
QKNZHSIZ,code,L,70003106,CP,2006-01-07T17:05,2006-01-07T18:30,NCE,1328157009
QKNZHSIZ,code,L,70003071,CP,2006-01-07T19:20,2006-01-07T21:05,ORY,1328157009
BFGOLBUN,code,L,70004566,FO,2006-01-07T11:00,2006-01-07T13:35,NCE,1328157009
BFGOLBUN,code,L,70004569,FO,2006-01-07T14:40,2006-01-07T16:15,CDG,1328157009
BFGOLBUN,code,L,70003106,FO,2006-01-07T17:05,2006-01-07T18:30,NCE,1328157009
BFGOLBUN,code,L,70003071,FO,2006-01-07T19:20,2006-01-07T21:05,ORY,1328157009
EYGBVXZW,code,L,70004566,CSD,2006-01-07T11:00,2006-01-07T13:35,NCE,1328157009
EYGBVXZW,code,L,70004569,CSD,2006-01-07T14:40,2006-01-07T16:15,CDG,1328157009
EYGBVXZW,code,L,70003106,CSD,2006-01-07T17:05,2006-01-07T18:30,NCE,1328157009
EYGBVXZW,code,L,70003071,CSD,2006-01-07T19:20,2006-01-07T21:05,ORY,1328157009
QTLVFYRT,code,L,70004566,CSD,2006-01-07T11:00,2006-01-07T13:35,NCE,1328157009
QTLVFYRT,code,L,70004569,CSD,2006-01-07T14:40,2006-01-07T16:15,CDG,1328157009
QTLVFYRT,code,L,70003106,CSD,2006-01-07T17:05,2006-01-07T18:30,NCE,1328157009
QTLVFYRT,code,L,70003071,CSD,2006-01-07T19:20,2006-01-07T21:05,ORY,1328157009
CBRSJERD,code,L,70004566,ST,2006-01-07T11:00,2006-01-07T13:35,NCE,1328157009
CBRSJERD,code,L,70004569,ST,2006-01-07T14:40,2006-01-07T16:15,CDG,1328157009
CBRSJERD,code,L,70003106,ST,2006-01-07T17:05,2006-01-07T18:30,NCE,1328157009
CBRSJERD,code,L,70003071,ST,2006-01-07T19:20,2006-01-07T21:05,ORY,1328157009
GTIZYSKC,code,L,70004566,ST,2006-01-07T11:00,2006-01-07T13:35,NCE,1328157009
GTIZYSKC,code,L,70004569,ST,2006-01-07T14:40,2006-01-07T16:15,CDG,1328157009
GTIZYSKC,code,L,70003106,ST,2006-01-07T17:05,2006-01-07T18:30,NCE,1328157009
GTIZYSKC,code,L,70003071,ST,2006-01-07T19:20,2006-01-07T21:05,ORY,1328157009
OJKEGVRB,code,L,70004566,ST,2006-01-07T11:00,2006-01-07T13:35,NCE,1328157009
OJKEGVRB,code,L,70004569,ST,2006-01-07T14:40,2006-01-07T16:15,CDG,1328157009
OJKEGVRB,code,L,70003106,ST,2006-01-07T17:05,2006-01-07T18:30,NCE,1328157009
OJKEGVRB,code,L,70003071,ST,2006-01-07T19:20,2006-01-07T21:05,ORY,1328157009
SIGXRGJK,code,L,70004566,ST,2006-01-07T11:00,2006-01-07T13:35,NCE,1328157009
SIGXRGJK,code,L,70004569,ST,2006-01-07T14:40,2006-01-07T16:15,CDG,1328157009
SIGXRGJK,code,L,70003106,ST,2006-01-07T17:05,2006-01-07T18:30,NCE,1328157009
SIGXRGJK,code,L,70003071,ST,2006-01-07T19:20,2006-01-07T21:05,ORY,1328157009
YYCDFAAX,code,L,70004566,ST,2006-01-07T11:00,2006-01-07T13:35,NCE,1328157009
YYCDFAAX,code,L,70004569,ST,2006-01-07T14:40,2006-01-07T16:15,CDG,1328157009
YYCDFAAX,code,L,70003106,ST,2006-01-07T17:05,2006-01-07T18:30,NCE,1328157009
YYCDFAAX,code,L,70003071,ST,2006-01-07T19:20,2006-01-07T21:05,ORY,1328157009
JQVBTBJF,code,L,70004566,ST,2006-01-07T11:00,2006-01-07T13:35,NCE,1328157009
JQVBTBJF,code,L,70004569,ST,2006-01-07T14:40,2006-01-07T16:15,CDG,1328157009
JQVBTBJF,code,L,70003106,ST,2006-01-07T17:05,2006-01-07T18:30,NCE,1328157009
JQVBTBJF,code,L,70003071,ST,2006-01-07T19:20,2006-01-07T21:05,ORY,1328157009
YEFJGTET,code,L,70004528,CP,2006-01-07T11:05,2006-01-07T13:35,MRS,134667610
YEFJGTET,code,L,70004529,CP,2006-01-07T14:35,2006-01-07T16:00,CDG,134667610
YEFJGTET,code,L,70002870,CP,2006-01-07T17:00,2006-01-07T18:20,MRS,134667610
YEFJGTET,code,L,70002867,CP,2006-01-07T19:10,2006-01-07T21:10,ORY,134667610
SFDVNHCU,code,L,70004528,FO,2006-01-07T11:05,2006-01-07T13:35,MRS,134667610
SFDVNHCU,code,L,70004529,FO,2006-01-07T14:35,2006-01-07T16:00,CDG,134667610
SFDVNHCU,code,L,70002870,FO,2006-01-07T17:00,2006-01-07T18:20,MRS,134667610
SFDVNHCU,code,L,70002867,FO,2006-01-07T19:10,2006-01-07T21:10,ORY,134667610
UKLQOFTR,code,L,70004528,CSD,2006-01-07T11:05,2006-01-07T13:35,MRS,134667610
UKLQOFTR,code,L,70004529,CSD,2006-01-07T14:35,2006-01-07T16:00,CDG,134667610
UKLQOFTR,code,L,70002870,CSD,2006-01-07T17:00,2006-01-07T18:20,MRS,134667610
UKLQOFTR,code,L,70002867,CSD,2006-01-07T19:10,2006-01-07T21:10,ORY,134667610
PYMYWSRR,code,L,70004528,CSD,2006-01-07T11:05,2006-01-07T13:35,MRS,134667610
PYMYWSRR,code,L,70004529,CSD,2006-01-07T14:35,2006-01-07T16:00,CDG,134667610
PYMYWSRR,code,L,70002870,CSD,2006-01-07T17:00,2006-01-07T18:20,MRS,134667610
PYMYWSRR,code,L,70002867,CSD,2006-01-07T19:10,2006-01-07T21:10,ORY,134667610
TUSNFZVV,code,L,70004528,ST,2006-01-07T11:05,2006-01-07T13:35,MRS,134667610
TUSNFZVV,code,L,70004529,ST,2006-01-07T14:35,2006-01-07T16:00,CDG,134667610
TUSNFZVV,code,L,70002870,ST,2006-01-07T17:00,2006-01-07T18:20,MRS,134667610
TUSNFZVV,code,L,70002867,ST,2006-01-07T19:10,2006-01-07T21:10,ORY,134667610
ODLWCPAE,code,L,70004528,ST,2006-01-07T11:05,2006-01-07T13:35,MRS,134667610
ODLWCPAE,code,L,70004529,ST,2006-01-07T14:35,2006-01-07T16:00,CDG,134667610
ODLWCPAE,code,L,70002870,ST,2006-01-07T17:00,2006-01-07T18:20,MRS,134667610
ODLWCPAE,code,L,70002867,ST,2006-01-07T19:10,2006-01-07T21:10,ORY,134667610
VPTMOSTT,code,L,70004528,ST,2006-01-07T11:05,2006-01-07T13:35,MRS,134667610
VPTMOSTT,code,L,70004529,ST,2006-01-07T14:35,2006-01-07T16:00,CDG,134667610
VPTMOSTT,code,L,70002870,ST,2006-01-07T17:00,2006-01-07T18:20,MRS,134667610
VPTMOSTT,code,L,70002867,ST,2006-01-07T19:10,2006-01-07T21:10,ORY,134667610
DBWVPHSK,code,L,70004528,ST,2006-01-07T11:05,2006-01-07T13:35,MRS,134667610
DBWVPHSK,code,L,70004529,ST,2006-01-07T14:35,2006-01-07T16:00,CDG,134667610
DBWVPHSK,code,L,70002870,ST,2006-01-07T17:00,2006-01-07T18:20,MRS,134667610
DBWVPHSK,code,L,70002867,ST,2006-01-07T19:10,2006-01-07T21:10,ORY,134667610
BRFBLARM,code,L,70004528,ST,2006-01-07T11:05,2006-01-07T13:35,MRS,134667610
BRFBLARM,code,L,70004529,ST,2006-01-07T14:35,2006-01-07T16:00,CDG,134667610
BRFBLARM,code,L,70002870,ST,2006-01-07T17:00,2006-01-07T18:20,MRS,134667610
BRFBLARM,code,L,70002867,ST,2006-01-07T19:10,2006-01-07T21:10,ORY,134667610
RUQHOIHP,code,L,70004528,ST,2006-01-07T11:05,2006-01-07T13:35,MRS,134667610
RUQHOIHP,code,L,70004529,ST,2006-01-07T14:35,2006-01-07T16:00,CDG,134667610
RUQHOIHP,code,L,70002870,ST,2006-01-07T17:00,2006-01-07T18:20,MRS,134667610
RUQHOIHP,code,L,70002867,ST,2006-01-07T19:10,2006-01-07T21:10,ORY,134667610
IDUCWQUA,code,L,70004602,CP,2006-01-07T11:15,2006-01-07T13:35,BES,1464848243
IDUCWQUA,code,L,70004601,CP,2006-01-07T14:45,2006-01-07T16:00,CDG,1464848243
IDUCWQUA,code,L,70004596,CP,2006-01-07T17:00,2006-01-07T18:20,BES,1464848243
IDUCWQUA,code,L,70004595,CP,2006-01-07T20:00,2006-01-07T22:00,CDG,1464848243
GARHXDYM,code,L,70004602,FO,2006-01-07T11:15,2006-01-07T13:35,BES,1464848243
GARHXDYM,code,L,70004601,FO,2006-01-07T14:45,2006-01-07T16:00,CDG,1464848243
GARHXDYM,code,L,70004596,FO,2006-01-07T17:00,2006-01-07T18:20,BES,1464848243
GARHXDYM,code,L,70004595,FO,2006-01-07T20:00,2006-01-07T22:00,CDG,1464848243
AEANSXNJ,code,L,70004602,CSD,2006-01-07T11:15,2006-01-07T13:35,BES,1464848243
AEANSXNJ,code,L,70004601,CSD,2006-01-07T14:45,2006-01-07T16:00,CDG,1464848243
AEANSXNJ,code,L,70004596,CSD,2006-01-07T17:00,2006-01-07T18:20,BES,1464848243
AEANSXNJ,code,L,70004595,CSD,2006-01-07T20:00,2006-01-07T22:00,CDG,1464848243
ISIXRYPO,code,L,70004602,CSD,2006-01-07T11:15,2006-01-07T13:35,BES,1464848243
ISIXRYPO,code,L,70004601,CSD,2006-01-07T14:45,2006-01-07T16:00,CDG,1464848243
ISIXRYPO,code,L,70004596,CSD,2006-01-07T17:00,2006-01-07T18:20,BES,1464848243
ISIXRYPO,code,L,70004595,CSD,2006-01-07T20:00,2006-01-07T22:00,CDG,1464848243
NBRDRMTV,code,L,70004602,ST,2006-01-07T11:15,2006-01-07T13:35,BES,1464848243
NBRDRMTV,code,L,70004601,ST,2006-01-07T14:45,2006-01-07T16:00,CDG,1464848243
NBRDRMTV,code,L,70004596,ST,2006-01-07T17:00,2006-01-07T18:20,BES,1464848243
NBRDRMTV,code,L,70004595,ST,2006-01-07T20:00,2006-01-07T22:00,CDG,1464848243
GCGUOMQK,code,L,70004602,ST,2006-01-07T11:15,2006-01-07T13:35,BES,1464848243
GCGUOMQK,code,L,70004601,ST,2006-01-07T14:45,2006-01-07T16:00,CDG,1464848243
GCGUOMQK,code,L,70004596,ST,2006-01-07T17:00,2006-01-07T18:20,BES,1464848243
GCGUOMQK,code,L,70004595,ST,2006-01-07T20:00,2006-01-07T22:00,CDG,1464848243
IJYILNBZ,code,L,70004602,ST,2006-01-07T11:15,2006-01-07T13:35,BES,1464848243
IJYILNBZ,code,L,70004601,ST,2006-01-07T14:45,2006-01-07T16:00,CDG,1464848243
IJYILNBZ,code,L,70004596,ST,2006-01-07T17:00,2006-01-07T18:20,BES,1464848243
IJYILNBZ,code,L,70004595,ST,2006-01-07T20:00,2006-01-07T22:00,CDG,1464848243
CVZJMBOC,code,L,70004602,ST,2006-01-07T11:15,2006-01-07T13:35,BES,1464848243
CVZJMBOC,code,L,70004601,ST,2006-01-07T14:45,2006-01-07T16:00,CDG,1464848243
CVZJMBOC,code,L,70004596,ST,2006-01-07T17:00,2006-01-07T18:20,BES,1464848243
CVZJMBOC,code,L,70004595,ST,2006-01-07T20:00,2006-01-07T22:00,CDG,1464848243
VIAYVOYV,code,L,70004602,ST,2006-01-07T11:15,2006-01-07T13:35,BES,1464848243
VIAYVOYV,code,L,70004601,ST,2006-01-07T14:45,2006-01-07T16:00,CDG,1464848243
VIAYVOYV,code,L,70004596,ST,2006-01-07T17:00,2006-01-07T18:20,BES,1464848243
VIAYVOYV,code,L,70004595,ST,2006-01-07T20:00,2006-01-07T22:00,CDG,1464848243
KNLNXBSI,code,L,70004602,ST,2006-01-07T11:15,2006-01-07T13:35,BES,1464848243
KNLNXBSI,code,L,70004601,ST,2006-01-07T14:45,2006-01-07T16:00,CDG,1464848243
KNLNXBSI,code,L,70004596,ST,2006-01-07T17:00,2006-01-07T18:20,BES,1464848243
KNLNXBSI,code,L,70004595,ST,2006-01-07T20:00,2006-01-07T22:00,CDG,1464848243
IXKZIQWK,code,L,70004410,CP,2006-01-07T11:20,2006-01-07T13:40,MPL,645237757
IXKZIQWK,code,L,70004413,CP,2006-01-07T14:25,2006-01-07T15:40,ORY,645237757
IXKZIQWK,code,L,70004414,CP,2006-01-07T16:25,2006-01-07T17:45,MPL,645237757
IXKZIQWK,code,L,70004407,CP,2006-01-07T18:30,2006-01-07T20:20,ORY,645237757
YURQHVPV,code,L,70004410,FO,2006-01-07T11:20,2006-01-07T13:40,MPL,645237757
YURQHVPV,code,L,70004413,FO,2006-01-07T14:25,2006-01-07T15:40,ORY,645237757
YURQHVPV,code,L,70004414,FO,2006-01-07T16:25,2006-01-07T17:45,MPL,645237757
YURQHVPV,code,L,70004407,FO,2006-01-07T18:30,2006-01-07T20:20,ORY,645237757
FQACCUYG,code,L,70004410,CSD,2006-01-07T11:20,2006-01-07T13:40,MPL,645237757
FQACCUYG,code,L,70004413,CSD,2006-01-07T14:25,2006-01-07T15:40,ORY,645237757
FQACCUYG,code,L,70004414,CSD,2006-01-07T16:25,2006-01-07T17:45,MPL,645237757
FQACCUYG,code,L,70004407,CSD,2006-01-07T18:30,2006-01-07T20:20,ORY,645237757
ZSCOUCAG,code,L,70004410,CSD,2006-01-07T11:20,2006-01-07T13:40,MPL,645237757
ZSCOUCAG,code,L,70004413,CSD,2006-01-07T14:25,2006-01-07T15:40,ORY,645237757
ZSCOUCAG,code,L,70004414,CSD,2006-01-07T16:25,2006-01-07T17:45,MPL,645237757
ZSCOUCAG,code,L,70004407,CSD,2006-01-07T18:30,2006-01-07T20:20,ORY,645237757
PHCNZELF,code,L,70004410,ST,2006-01-07T11:20,2006-01-07T13:40,MPL,645237757
PHCNZELF,code,L,70004413,ST,2006-01-07T14:25,2006-01-07T15:40,ORY,645237757
PHCNZELF,code,L,70004414,ST,2006-01-07T16:25,2006-01-07T17:45,MPL,645237757
PHCNZELF,code,L,70004407,ST,2006-01-07T18:30,2006-01-07T20:20,ORY,645237757
LVQSXTIO,code,L,70004410,ST,2006-01-07T11:20,2006-01-07T13:40,MPL,645237757
LVQSXTIO,code,L,70004413,ST,2006-01-07T14:25,2006-01-07T15:40,ORY,645237757
LVQSXTIO,code,L,70004414,ST,2006-01-07T16:25,2006-01-07T17:45,MPL,645237757
LVQSXTIO,code,L,70004407,ST,2006-01-07T18:30,2006-01-07T20:20,ORY,645237757
XDUXUCZH,code,L,70004410,ST,2006-01-07T11:20,2006-01-07T13:40,MPL,645237757
XDUXUCZH,code,L,70004413,ST,2006-01-07T14:25,2006-01-07T15:40,ORY,645237757
XDUXUCZH,code,L,70004414,ST,2006-01-07T16:25,2006-01-07T17:45,MPL,645237757
XDUXUCZH,code,L,70004407,ST,2006-01-07T18:30,2006-01-07T20:20,ORY,645237757
BQCHQRZK,code,L,70004410,ST,2006-01-07T11:20,2006-01-07T13:40,MPL,645237757
BQCHQRZK,code,L,70004413,ST,2006-01-07T14:25,2006-01-07T15:40,ORY,645237757
BQCHQRZK,code,L,70004414,ST,2006-01-07T16:25,2006-01-07T17:45,MPL,645237757
BQCHQRZK,code,L,70004407,ST,2006-01-07T18:30,2006-01-07T20:20,ORY,645237757
VRAWQTTI,code,L,70004410,ST,2006-01-07T11:20,2006-01-07T13:40,MPL,645237757
VRAWQTTI,code,L,70004413,ST,2006-01-07T14:25,2006-01-07T15:40,ORY,645237757
VRAWQTTI,code,L,70004414,ST,2006-01-07T16:25,2006-01-07T17:45,MPL,645237757
VRAWQTTI,code,L,70004407,ST,2006-01-07T18:30,2006-01-07T20:20,ORY,645237757
RRPFMVAE,code,L,70004410,ST,2006-01-07T11:20,2006-01-07T13:40,MPL,645237757
RRPFMVAE,code,L,70004413,ST,2006-01-07T14:25,2006-01-07T15:40,ORY,645237757
RRPFMVAE,code,L,70004414,ST,2006-01-07T16:25,2006-01-07T17:45,MPL,645237757
RRPFMVAE,code,L,70004407,ST,2006-01-07T18:30,2006-01-07T20:20,ORY,645237757
NNKQGMQD,code,L,70004487,CP,2006-01-07T11:25,2006-01-07T13:45,CDG,1767440095
NNKQGMQD,code,L,70004492,CP,2006-01-07T15:30,2006-01-07T17:40,BOD,1767440095
FABVDRRH,code,L,70004487,FO,2006-01-07T11:25,2006-01-07T13:45,CDG,1767440095
FABVDRRH,code,L,70004492,FO,2006-01-07T15:30,2006-01-07T17:40,BOD,1767440095
LYAFWRCU,code,L,70004487,CSD,2006-01-07T11:25,2006-01-07T13:45,CDG,1767440095
LYAFWRCU,code,L,70004492,CSD,2006-01-07T15:30,2006-01-07T17:40,BOD,1767440095
CGCTLJZW,code,L,70004487,CSD,2006-01-07T11:25,2006-01-07T13:45,CDG,1767440095
CGCTLJZW,code,L,70004492,CSD,2006-01-07T15:30,2006-01-07T17:40,BOD,1767440095
XJHGLHDT,code,L,70004487,ST,2006-01-07T11:25,2006-01-07T13:45,CDG,1767440095
XJHGLHDT,code,L,70004492,ST,2006-01-07T15:30,2006-01-07T17:40,BOD,1767440095
NOILJFEC,code,L,70004487,ST,2006-01-07T11:25,2006-01-07T13:45,CDG,1767440095
NOILJFEC,code,L,70004492,ST,2006-01-07T15:30,2006-01-07T17:40,BOD,1767440095
KWWMUYWE,code,L,70004487,ST,2006-01-07T11:25,2006-01-07T13:45,CDG,1767440095
KWWMUYWE,code,L,70004492,ST,2006-01-07T15:30,2006-01-07T17:40,BOD,1767440095
IAJMVZXU,code,L,70004487,ST,2006-01-07T11:25,2006-01-07T13:45,CDG,1767440095
IAJMVZXU,code,L,70004492,ST,2006-01-07T15:30,2006-01-07T17:40,BOD,1767440095
HXUOPVTN,code,L,70004487,ST,2006-01-07T11:25,2006-01-07T13:45,CDG,1767440095
HXUOPVTN,code,L,70004492,ST,2006-01-07T15:30,2006-01-07T17:40,BOD,1767440095
YCPBWFVF,code,L,70004487,ST,2006-01-07T11:25,2006-01-07T13:45,CDG,1767440095
YCPBWFVF,code,L,70004492,ST,2006-01-07T15:30,2006-01-07T17:40,BOD,1767440095
GAPWYUMS,code,L,70002595,CP,2006-01-07T11:30,2006-01-07T13:40,CFR,282134252
GAPWYUMS,code,L,70002596,CP,2006-01-07T15:00,2006-01-07T17:00,LYS,282134252
TOHJXRYV,code,L,70002595,FO,2006-01-07T11:30,2006-01-07T13:40,CFR,282134252
TOHJXRYV,code,L,70002596,FO,2006-01-07T15:00,2006-01-07T17:00,LYS,282134252
HMUUGGLO,code,L,70002595,CSD,2006-01-07T11:30,2006-01-07T13:40,CFR,282134252
HMUUGGLO,code,L,70002596,CSD,2006-01-07T15:00,2006-01-07T17:00,LYS,282134252
VQXHGJDI,code,L,70002595,ST,2006-01-07T11:30,2006-01-07T13:40,CFR,282134252
VQXHGJDI,code,L,70002596,ST,2006-01-07T15:00,2006-01-07T17:00,LYS,282134252
POOCIVYC,code,L,70002595,ST,2006-01-07T11:30,2006-01-07T13:40,CFR,282134252
POOCIVYC,code,L,70002596,ST,2006-01-07T15:00,2006-01-07T17:00,LYS,282134252
ZNLLFKCW,code,L,70002595,ST,2006-01-07T11:30,2006-01-07T13:40,CFR,282134252
ZNLLFKCW,code,L,70002596,ST,2006-01-07T15:00,2006-01-07T17:00,LYS,282134252
MTYGRDXT,code,L,70004490,CP,2006-01-07T11:35,2006-01-07T14:00,BOD,384385166
MTYGRDXT,code,L,70004549,CP,2006-01-07T17:45,2006-01-07T19:10,CDG,384385166
MTYGRDXT,code,L,70004548,CP,2006-01-07T20:00,2006-01-07T22:05,MPL,384385166
BHOUKUHN,code,L,70004490,FO,2006-01-07T11:35,2006-01-07T14:00,BOD,384385166
BHOUKUHN,code,L,70004549,FO,2006-01-07T17:45,2006-01-07T19:10,CDG,384385166
BHOUKUHN,code,L,70004548,FO,2006-01-07T20:00,2006-01-07T22:05,MPL,384385166
KOJVTEFK,code,L,70004490,CSD,2006-01-07T11:35,2006-01-07T14:00,BOD,384385166
KOJVTEFK,code,L,70004549,CSD,2006-01-07T17:45,2006-01-07T19:10,CDG,384385166
KOJVTEFK,code,L,70004548,CSD,2006-01-07T20:00,2006-01-07T22:05,MPL,384385166
OFEJNTNP,code,L,70004490,CSD,2006-01-07T11:35,2006-01-07T14:00,BOD,384385166
OFEJNTNP,code,L,70004549,CSD,2006-01-07T17:45,2006-01-07T19:10,CDG,384385166
OFEJNTNP,code,L,70004548,CSD,2006-01-07T20:00,2006-01-07T22:05,MPL,384385166
NZKYWOIT,code,L,70004490,ST,2006-01-07T11:35,2006-01-07T14:00,BOD,384385166
NZKYWOIT,code,L,70004549,ST,2006-01-07T17:45,2006-01-07T19:10,CDG,384385166
NZKYWOIT,code,L,70004548,ST,2006-01-07T20:00,2006-01-07T22:05,MPL,384385166
CVQKLDTX,code,L,70004490,ST,2006-01-07T11:35,2006-01-07T14:00,BOD,384385166
CVQKLDTX,code,L,70004549,ST,2006-01-07T17:45,2006-01-07T19:10,CDG,384385166
CVQKLDTX,code,L,70004548,ST,2006-01-07T20:00,2006-01-07T22:05,MPL,384385166
DZKWOAHX,code,L,70004490,ST,2006-01-07T11:35,2006-01-07T14:00,BOD,384385166
DZKWOAHX,code,L,70004549,ST,2006-01-07T17:45,2006-01-07T19:10,CDG,384385166
DZKWOAHX,code,L,70004548,ST,2006-01-07T20:00,2006-01-07T22:05,MPL,384385166
WJYHZJAF,code,L,70004490,ST,2006-01-07T11:35,2006-01-07T14:00,BOD,384385166
WJYHZJAF,code,L,70004549,ST,2006-01-07T17:45,2006-01-07T19:10,CDG,384385166
WJYHZJAF,code,L,70004548,ST,2006-01-07T20:00,2006-01-07T22:05,MPL,384385166
VNPIIEXX,code,L,70004490,ST,2006-01-07T11:35,2006-01-07T14:00,BOD,384385166
VNPIIEXX,code,L,70004549,ST,2006-01-07T17:45,2006-01-07T19:10,CDG,384385166
VNPIIEXX,code,L,70004548,ST,2006-01-07T20:00,2006-01-07T22:05,MPL,384385166
DLAWUHPN,code,L,70004490,ST,2006-01-07T11:35,2006-01-07T14:00,BOD,384385166
DLAWUHPN,code,L,70004549,ST,2006-01-07T17:45,2006-01-07T19:10,CDG,384385166
DLAWUHPN,code,L,70004548,ST,2006-01-07T20:00,2006-01-07T22:05,MPL,384385166
WTTCZHDP,code,L,70002619,CP,2006-01-07T11:35,2006-01-07T13:50,RNS,1398633607
WTTCZHDP,code,L,70002620,CP,2006-01-07T14:45,2006-01-07T16:50,LYS,1398633607
QPEVNSZL,code,L,70002619,FO,2006-01-07T11:35,2006-01-07T13:50,RNS,1398633607
QPEVNSZL,code,L,70002620,FO,2006-01-07T14:45,2006-01-07T16:50,LYS,1398633607
KASDBJOR,code,L,70002619,CSD,2006-01-07T11:35,2006-01-07T13:50,RNS,1398633607
KASDBJOR,code,L,70002620,CSD,2006-01-07T14:45,2006-01-07T16:50,LYS,1398633607
DWCGSNMV,code,L,70002619,ST,2006-01-07T11:35,2006-01-07T13:50,RNS,1398633607
DWCGSNMV,code,L,70002620,ST,2006-01-07T14:45,2006-01-07T16:50,LYS,1398633607
WPDRZFHH,code,L,70002619,ST,2006-01-07T11:35,2006-01-07T13:50,RNS,1398633607
WPDRZFHH,code,L,70002620,ST,2006-01-07T14:45,2006-01-07T16:50,LYS,1398633607
BXSXZMGG,code,L,70002619,ST,2006-01-07T11:35,2006-01-07T13:50,RNS,1398633607
BXSXZMGG,code,L,70002620,ST,2006-01-07T14:45,2006-01-07T16:50,LYS,1398633607
ZNEBSHFZ,code,L,70004668,CP,2006-01-07T11:45,2006-01-07T13:55,BOD,1662778767
ZNEBSHFZ,code,L,70004669,CP,2006-01-07T14:55,2006-01-07T16:00,LYS,1662778767
ZNEBSHFZ,code,L,70004664,CP,2006-01-07T16:55,2006-01-07T18:05,BOD,1662778767
ZNEBSHFZ,code,L,70004665,CP,2006-01-07T19:00,2006-01-07T20:50,LYS,1662778767
MAASQHZH,code,L,70004668,FO,2006-01-07T11:45,2006-01-07T13:55,BOD,1662778767
MAASQHZH,code,L,70004669,FO,2006-01-07T14:55,2006-01-07T16:00,LYS,1662778767
MAASQHZH,code,L,70004664,FO,2006-01-07T16:55,2006-01-07T18:05,BOD,1662778767
MAASQHZH,code,L,70004665,FO,2006-01-07T19:00,2006-01-07T20:50,LYS,1662778767
IRAJZGRX,code,L,70004668,CSD,2006-01-07T11:45,2006-01-07T13:55,BOD,1662778767
IRAJZGRX,code,L,70004669,CSD,2006-01-07T14:55,2006-01-07T16:00,LYS,1662778767
IRAJZGRX,code,L,70004664,CSD,2006-01-07T16:55,2006-01-07T18:05,BOD,1662778767
IRAJZGRX,code,L,70004665,CSD,2006-01-07T19:00,2006-01-07T20:50,LYS,1662778767
VCJYIYQN,code,L,70004668,CSD,2006-01-07T11:45,2006-01-07T13:55,BOD,1662778767
VCJYIYQN,code,L,70004669,CSD,2006-01-07T14:55,2006-01-07T16:00,LYS,1662778767
VCJYIYQN,code,L,70004664,CSD,2006-01-07T16:55,2006-01-07T18:05,BOD,1662778767
VCJYIYQN,code,L,70004665,CSD,2006-01-07T19:00,2006-01-07T20:50,LYS,1662778767
XQUTXXBN,code,L,70004668,ST,2006-01-07T11:45,2006-01-07T13:55,BOD,1662778767
XQUTXXBN,code,L,70004669,ST,2006-01-07T14:55,2006-01-07T16:00,LYS,1662778767
XQUTXXBN,code,L,70004664,ST,2006-01-07T16:55,2006-01-07T18:05,BOD,1662778767
XQUTXXBN,code,L,70004665,ST,2006-01-07T19:00,2006-01-07T20:50,LYS,1662778767
JHMAFYEU,code,L,70004668,ST,2006-01-07T11:45,2006-01-07T13:55,BOD,1662778767
JHMAFYEU,code,L,70004669,ST,2006-01-07T14:55,2006-01-07T16:00,LYS,1662778767
JHMAFYEU,code,L,70004664,ST,2006-01-07T16:55,2006-01-07T18:05,BOD,1662778767
JHMAFYEU,code,L,70004665,ST,2006-01-07T19:00,2006-01-07T20:50,LYS,1662778767
CFXJUFPU,code,L,70004668,ST,2006-01-07T11:45,2006-01-07T13:55,BOD,1662778767
CFXJUFPU,code,L,70004669,ST,2006-01-07T14:55,2006-01-07T16:00,LYS,1662778767
CFXJUFPU,code,L,70004664,ST,2006-01-07T16:55,2006-01-07T18:05,BOD,1662778767
CFXJUFPU,code,L,70004665,ST,2006-01-07T19:00,2006-01-07T20:50,LYS,1662778767
RLPPTSON,code,L,70004668,ST,2006-01-07T11:45,2006-01-07T13:55,BOD,1662778767
RLPPTSON,code,L,70004669,ST,2006-01-07T14:55,2006-01-07T16:00,LYS,1662778767
RLPPTSON,code,L,70004664,ST,2006-01-07T16:55,2006-01-07T18:05,BOD,1662778767
RLPPTSON,code,L,70004665,ST,2006-01-07T19:00,2006-01-07T20:50,LYS,1662778767
TGBDOCYR,code,L,70004668,ST,2006-01-07T11:45,2006-01-07T13:55,BOD,1662778767
TGBDOCYR,code,L,70004669,ST,2006-01-07T14:55,2006-01-07T16:00,LYS,1662778767
TGBDOCYR,code,L,70004664,ST,2006-01-07T16:55,2006-01-07T18:05,BOD,1662778767
TGBDOCYR,code,L,70004665,ST,2006-01-07T19:00,2006-01-07T20:50,LYS,1662778767
OULGZDUR,code,L,70004668,ST,2006-01-07T11:45,2006-01-07T13:55,BOD,1662778767
OULGZDUR,code,L,70004669,ST,2006-01-07T14:55,2006-01-07T16:00,LYS,1662778767
OULGZDUR,code,L,70004664,ST,2006-01-07T16:55,2006-01-07T18:05,BOD,1662778767
OULGZDUR,code,L,70004665,ST,2006-01-07T19:00,2006-01-07T20:50,LYS,1662778767
FUXXSQWN,code,L,70003091,CP,2006-01-07T12:00,2006-01-07T14:20,ORY,1880812379
FUXXSQWN,code,L,70003084,CP,2006-01-07T15:05,2006-01-07T16:30,NCE,1880812379
FUXXSQWN,code,L,70003099,CP,2006-01-07T17:10,2006-01-07T18:30,ORY,1880812379
FUXXSQWN,code,L,70003094,CP,2006-01-07T19:25,2006-01-07T21:05,NCE,1880812379
RWKPBLUO,code,L,70003091,FO,2006-01-07T12:00,2006-01-07T14:20,ORY,1880812379
RWKPBLUO,code,L,70003084,FO,2006-01-07T15:05,2006-01-07T16:30,NCE,1880812379
RWKPBLUO,code,L,70003099,FO,2006-01-07T17:10,2006-01-07T18:30,ORY,1880812379
RWKPBLUO,code,L,70003094,FO,2006-01-07T19:25,2006-01-07T21:05,NCE,1880812379
TDSFAFOL,code,L,70003091,CSD,2006-01-07T12:00,2006-01-07T14:20,ORY,1880812379
TDSFAFOL,code,L,70003084,CSD,2006-01-07T15:05,2006-01-07T16:30,NCE,1880812379
TDSFAFOL,code,L,70003099,CSD,2006-01-07T17:10,2006-01-07T18:30,ORY,1880812379
TDSFAFOL,code,L,70003094,CSD,2006-01-07T19:25,2006-01-07T21:05,NCE,1880812379
SXSDTTSZ,code,L,70003091,CSD,2006-01-07T12:00,2006-01-07T14:20,ORY,1880812379
SXSDTTSZ,code,L,70003084,CSD,2006-01-07T15:05,2006-01-07T16:30,NCE,1880812379
SXSDTTSZ,code,L,70003099,CSD,2006-01-07T17:10,2006-01-07T18:30,ORY,1880812379
SXSDTTSZ,code,L,70003094,CSD,2006-01-07T19:25,2006-01-07T21:05,NCE,1880812379
NCWFFMPP,code,L,70003091,ST,2006-01-07T12:00,2006-01-07T14:20,ORY,1880812379
NCWFFMPP,code,L,70003084,ST,2006-01-07T15:05,2006-01-07T16:30,NCE,1880812379
NCWFFMPP,code,L,70003099,ST,2006-01-07T17:10,2006-01-07T18:30,ORY,1880812379
NCWFFMPP,code,L,70003094,ST,2006-01-07T19:25,2006-01-07T21:05,NCE,1880812379
DKLGISBZ,code,L,70003091,ST,2006-01-07T12:00,2006-01-07T14:20,ORY,1880812379
DKLGISBZ,code,L,70003084,ST,2006-01-07T15:05,2006-01-07T16:30,NCE,1880812379
DKLGISBZ,code,L,70003099,ST,2006-01-07T17:10,2006-01-07T18:30,ORY,1880812379
DKLGISBZ,code,L,70003094,ST,2006-01-07T19:25,2006-01-07T21:05,NCE,1880812379
DBUROXZQ,code,L,70003091,ST,2006-01-07T12:00,2006-01-07T14:20,ORY,1880812379
DBUROXZQ,code,L,70003084,ST,2006-01-07T15:05,2006-01-07T16:30,NCE,1880812379
DBUROXZQ,code,L,70003099,ST,2006-01-07T17:10,2006-01-07T18:30,ORY,1880812379
DBUROXZQ,code,L,70003094,ST,2006-01-07T19:25,2006-01-07T21:05,NCE,1880812379
CDSCCGRM,code,L,70003091,ST,2006-01-07T12:00,2006-01-07T14:20,ORY,1880812379
CDSCCGRM,code,L,70003084,ST,2006-01-07T15:05,2006-01-07T16:30,NCE,1880812379
CDSCCGRM,code,L,70003099,ST,2006-01-07T17:10,2006-01-07T18:30,ORY,1880812379
CDSCCGRM,code,L,70003094,ST,2006-01-07T19:25,2006-01-07T21:05,NCE,1880812379
IPBBYNPY,code,L,70003091,ST,2006-01-07T12:00,2006-01-07T14:20,ORY,1880812379
IPBBYNPY,code,L,70003084,ST,2006-01-07T15:05,2006-01-07T16:30,NCE,1880812379
IPBBYNPY,code,L,70003099,ST,2006-01-07T17:10,2006-01-07T18:30,ORY,1880812379
IPBBYNPY,code,L,70003094,ST,2006-01-07T19:25,2006-01-07T21:05,NCE,1880812379
QUMVNZEN,code,L,70003091,ST,2006-01-07T12:00,2006-01-07T14:20,ORY,1880812379
QUMVNZEN,code,L,70003084,ST,2006-01-07T15:05,2006-01-07T16:30,NCE,1880812379
QUMVNZEN,code,L,70003099,ST,2006-01-07T17:10,2006-01-07T18:30,ORY,1880812379
QUMVNZEN,code,L,70003094,ST,2006-01-07T19:25,2006-01-07T21:05,NCE,1880812379
ZZVYJTOW,code,L,70004174,CP,2006-01-07T12:35,2006-01-07T14:35,SXB,658194566
ZZVYJTOW,code,L,70004389,CP,2006-01-07T15:35,2006-01-07T17:00,ORY,658194566
ZZVYJTOW,code,L,70004390,CP,2006-01-07T17:50,2006-01-07T19:15,PGF,658194566
ZZVYJTOW,code,L,70004169,CP,2006-01-07T20:00,2006-01-07T21:45,ORY,658194566
JEGRCCFO,code,L,70004174,FO,2006-01-07T12:35,2006-01-07T14:35,SXB,658194566
JEGRCCFO,code,L,70004389,FO,2006-01-07T15:35,2006-01-07T17:00,ORY,658194566
JEGRCCFO,code,L,70004390,FO,2006-01-07T17:50,2006-01-07T19:15,PGF,658194566
JEGRCCFO,code,L,70004169,FO,2006-01-07T20:00,2006-01-07T21:45,ORY,658194566
XZXBYZWI,code,L,70004174,CSD,2006-01-07T12:35,2006-01-07T14:35,SXB,658194566
XZXBYZWI,code,L,70004389,CSD,2006-01-07T15:35,2006-01-07T17:00,ORY,658194566
XZXBYZWI,code,L,70004390,CSD,2006-01-07T17:50,2006-01-07T19:15,PGF,658194566
XZXBYZWI,code,L,70004169,CSD,2006-01-07T20:00,2006-01-07T21:45,ORY,658194566
MKNIURYC,code,L,70004174,CSD,2006-01-07T12:35,2006-01-07T14:35,SXB,658194566
MKNIURYC,code,L,70004389,CSD,2006-01-07T15:35,2006-01-07T17:00,ORY,658194566
MKNIURYC,code,L,70004390,CSD,2006-01-07T17:50,2006-01-07T19:15,PGF,658194566
MKNIURYC,code,L,70004169,CSD,2006-01-07T20:00,2006-01-07T21:45,ORY,658194566
VKOGODHB,code,L,70004174,ST,2006-01-07T12:35,2006-01-07T14:35,SXB,658194566
VKOGODHB,code,L,70004389,ST,2006-01-07T15:35,2006-01-07T17:00,ORY,658194566
VKOGODHB,code,L,70004390,ST,2006-01-07T17:50,2006-01-07T19:15,PGF,658194566
VKOGODHB,code,L,70004169,ST,2006-01-07T20:00,2006-01-07T21:45,ORY,658194566
IKBYFFUB,code,L,70004174,ST,2006-01-07T12:35,2006-01-07T14:35,SXB,658194566
IKBYFFUB,code,L,70004389,ST,2006-01-07T15:35,2006-01-07T17:00,ORY,658194566
IKBYFFUB,code,L,70004390,ST,2006-01-07T17:50,2006-01-07T19:15,PGF,658194566
IKBYFFUB,code,L,70004169,ST,2006-01-07T20:00,2006-01-07T21:45,ORY,658194566
GMGFUXAE,code,L,70004174,ST,2006-01-07T12:35,2006-01-07T14:35,SXB,658194566
GMGFUXAE,code,L,70004389,ST,2006-01-07T15:35,2006-01-07T17:00,ORY,658194566
GMGFUXAE,code,L,70004390,ST,2006-01-07T17:50,2006-01-07T19:15,PGF,658194566
GMGFUXAE,code,L,70004169,ST,2006-01-07T20:00,2006-01-07T21:45,ORY,658194566
NEJBXLMN,code,L,70004174,ST,2006-01-07T12:35,2006-01-07T14:35,SXB,658194566
NEJBXLMN,code,L,70004389,ST,2006-01-07T15:35,2006-01-07T17:00,ORY,658194566
NEJBXLMN,code,L,70004390,ST,2006-01-07T17:50,2006-01-07T19:15,PGF,658194566
NEJBXLMN,code,L,70004169,ST,2006-01-07T20:00,2006-01-07T21:45,ORY,658194566
VXUVBGYC,code,L,70004174,ST,2006-01-07T12:35,2006-01-07T14:35,SXB,658194566
VXUVBGYC,code,L,70004389,ST,2006-01-07T15:35,2006-01-07T17:00,ORY,658194566
VXUVBGYC,code,L,70004390,ST,2006-01-07T17:50,2006-01-07T19:15,PGF,658194566
VXUVBGYC,code,L,70004169,ST,2006-01-07T20:00,2006-01-07T21:45,ORY,658194566
IGGZZWGH,code,L,70004174,ST,2006-01-07T12:35,2006-01-07T14:35,SXB,658194566
IGGZZWGH,code,L,70004389,ST,2006-01-07T15:35,2006-01-07T17:00,ORY,658194566
IGGZZWGH,code,L,70004390,ST,2006-01-07T17:50,2006-01-07T19:15,PGF,658194566
IGGZZWGH,code,L,70004169,ST,2006-01-07T20:00,2006-01-07T21:45,ORY,658194566
WUUKFRUZ,code,L,70002874,CP,2006-01-07T13:00,2006-01-07T15:20,MRS,794882901
WUUKFRUZ,code,L,70002907,CP,2006-01-07T18:35,2006-01-07T20:35,ORY,794882901
QAOUQIAR,code,L,70002874,FO,2006-01-07T13:00,2006-01-07T15:20,MRS,794882901
QAOUQIAR,code,L,70002907,FO,2006-01-07T18:35,2006-01-07T20:35,ORY,794882901
KYOAFPXR,code,L,70002874,CSD,2006-01-07T13:00,2006-01-07T15:20,MRS,794882901
KYOAFPXR,code,L,70002907,CSD,2006-01-07T18:35,2006-01-07T20:35,ORY,794882901
XXGVUPNL,code,L,70002874,CSD,2006-01-07T13:00,2006-01-07T15:20,MRS,794882901
XXGVUPNL,code,L,70002907,CSD,2006-01-07T18:35,2006-01-07T20:35,ORY,794882901
WOGXQMWM,code,L,70002874,ST,2006-01-07T13:00,2006-01-07T15:20,MRS,794882901
WOGXQMWM,code,L,70002907,ST,2006-01-07T18:35,2006-01-07T20:35,ORY,794882901
ZDDWUNIY,code,L,70002874,ST,2006-01-07T13:00,2006-01-07T15:20,MRS,794882901
ZDDWUNIY,code,L,70002907,ST,2006-01-07T18:35,2006-01-07T20:35,ORY,794882901
OMOPEPCZ,code,L,70002874,ST,2006-01-07T13:00,2006-01-07T15:20,MRS,794882901
OMOPEPCZ,code,L,70002907,ST,2006-01-07T18:35,2006-01-07T20:35,ORY,794882901
KNEIUCGV,code,L,70002874,ST,2006-01-07T13:00,2006-01-07T15:20,MRS,794882901
KNEIUCGV,code,L,70002907,ST,2006-01-07T18:35,2006-01-07T20:35,ORY,794882901
VMDAPNSY,code,L,70002874,ST,2006-01-07T13:00,2006-01-07T15:20,MRS,794882901
VMDAPNSY,code,L,70002907,ST,2006-01-07T18:35,2006-01-07T20:35,ORY,794882901
HSZRWEXX,code,L,70002874,ST,2006-01-07T13:00,2006-01-07T15:20,MRS,794882901
HSZRWEXX,code,L,70002907,ST,2006-01-07T18:35,2006-01-07T20:35,ORY,794882901
FPOLTYBN,code,L,70004619,CP,2006-01-07T13:30,2006-01-07T16:10,ETZ,1657007234
FPOLTYBN,code,L,70004620,CP,2006-01-07T18:50,2006-01-07T21:15,MRS,1657007234
MAHNMOVB,code,L,70004619,FO,2006-01-07T13:30,2006-01-07T16:10,ETZ,1657007234
MAHNMOVB,code,L,70004620,FO,2006-01-07T18:50,2006-01-07T21:15,MRS,1657007234
LDYEWYAY,code,L,70004619,CSD,2006-01-07T13:30,2006-01-07T16:10,ETZ,1657007234
LDYEWYAY,code,L,70004620,CSD,2006-01-07T18:50,2006-01-07T21:15,MRS,1657007234
KNKTVLTU,code,L,70004619,CSD,2006-01-07T13:30,2006-01-07T16:10,ETZ,1657007234
KNKTVLTU,code,L,70004620,CSD,2006-01-07T18:50,2006-01-07T21:15,MRS,1657007234
AHJFJSWA,code,L,70004619,ST,2006-01-07T13:30,2006-01-07T16:10,ETZ,1657007234
AHJFJSWA,code,L,70004620,ST,2006-01-07T18:50,2006-01-07T21:15,MRS,1657007234
QFZKBPBM,code,L,70004619,ST,2006-01-07T13:30,2006-01-07T16:10,ETZ,1657007234
QFZKBPBM,code,L,70004620,ST,2006-01-07T18:50,2006-01-07T21:15,MRS,1657007234
OIJTORXH,code,L,70004619,ST,2006-01-07T13:30,2006-01-07T16:10,ETZ,1657007234
OIJTORXH,code,L,70004620,ST,2006-01-07T18:50,2006-01-07T21:15,MRS,1657007234
GRYFXNUP,code,L,70004619,ST,2006-01-07T13:30,2006-01-07T16:10,ETZ,1657007234
GRYFXNUP,code,L,70004620,ST,2006-01-07T18:50,2006-01-07T21:15,MRS,1657007234
NROONWZJ,code,L,70004619,ST,2006-01-07T13:30,2006-01-07T16:10,ETZ,1657007234
NROONWZJ,code,L,70004620,ST,2006-01-07T18:50,2006-01-07T21:15,MRS,1657007234
ZGEZMKOX,code,L,70004619,ST,2006-01-07T13:30,2006-01-07T16:10,ETZ,1657007234
ZGEZMKOX,code,L,70004620,ST,2006-01-07T18:50,2006-01-07T21:15,MRS,1657007234
QOQZQFJW,code,L,70004435,CP,2006-01-07T13:40,2006-01-07T16:20,AJA,1015490648
QOQZQFJW,code,L,70004436,CP,2006-01-07T17:10,2006-01-07T19:35,ORY,1015490648
STFSCVKP,code,L,70004435,FO,2006-01-07T13:40,2006-01-07T16:20,AJA,1015490648
STFSCVKP,code,L,70004436,FO,2006-01-07T17:10,2006-01-07T19:35,ORY,1015490648
BWHBGARK,code,L,70004435,CSD,2006-01-07T13:40,2006-01-07T16:20,AJA,1015490648
BWHBGARK,code,L,70004436,CSD,2006-01-07T17:10,2006-01-07T19:35,ORY,1015490648
RCELOHWY,code,L,70004435,CSD,2006-01-07T13:40,2006-01-07T16:20,AJA,1015490648
RCELOHWY,code,L,70004436,CSD,2006-01-07T17:10,2006-01-07T19:35,ORY,1015490648
BALJECSJ,code,L,70004435,ST,2006-01-07T13:40,2006-01-07T16:20,AJA,1015490648
BALJECSJ,code,L,70004436,ST,2006-01-07T17:10,2006-01-07T19:35,ORY,1015490648
IWWLJTRL,code,L,70004435,ST,2006-01-07T13:40,2006-01-07T16:20,AJA,1015490648
IWWLJTRL,code,L,70004436,ST,2006-01-07T17:10,2006-01-07T19:35,ORY,1015490648
WNSOWIBC,code,L,70004435,ST,2006-01-07T13:40,2006-01-07T16:20,AJA,1015490648
WNSOWIBC,code,L,70004436,ST,2006-01-07T17:10,2006-01-07T19:35,ORY,1015490648
GIEMAILZ,code,L,70004435,ST,2006-01-07T13:40,2006-01-07T16:20,AJA,1015490648
GIEMAILZ,code,L,70004436,ST,2006-01-07T17:10,2006-01-07T19:35,ORY,1015490648
JPYMZYBA,code,L,70004435,ST,2006-01-07T13:40,2006-01-07T16:20,AJA,1015490648
JPYMZYBA,code,L,70004436,ST,2006-01-07T17:10,2006-01-07T19:35,ORY,1015490648
VDHBNDIG,code,L,70004435,ST,2006-01-07T13:40,2006-01-07T16:20,AJA,1015490648
VDHBNDIG,code,L,70004436,ST,2006-01-07T17:10,2006-01-07T19:35,ORY,1015490648
OMNRGKWI,code,L,70004578,CP,2006-01-07T14:35,2006-01-07T17:10,NCE,773559890
OMNRGKWI,code,L,70004575,CP,2006-01-07T18:30,2006-01-07T20:50,CDG,773559890
UQHQUZUH,code,L,70004578,FO,2006-01-07T14:35,2006-01-07T17:10,NCE,773559890
UQHQUZUH,code,L,70004575,FO,2006-01-07T18:30,2006-01-07T20:50,CDG,773559890
FXWANCTV,code,L,70004578,CSD,2006-01-07T14:35,2006-01-07T17:10,NCE,773559890
FXWANCTV,code,L,70004575,CSD,2006-01-07T18:30,2006-01-07T20:50,CDG,773559890
UDGNPQMP,code,L,70004578,CSD,2006-01-07T14:35,2006-01-07T17:10,NCE,773559890
UDGNPQMP,code,L,70004575,CSD,2006-01-07T18:30,2006-01-07T20:50,CDG,773559890
OQTMTWFL,code,L,70004578,ST,2006-01-07T14:35,2006-01-07T17:10,NCE,773559890
OQTMTWFL,code,L,70004575,ST,2006-01-07T18:30,2006-01-07T20:50,CDG,773559890
VTHHHDBO,code,L,70004578,ST,2006-01-07T14:35,2006-01-07T17:10,NCE,773559890
VTHHHDBO,code,L,70004575,ST,2006-01-07T18:30,2006-01-07T20:50,CDG,773559890
SNUNDJGA,code,L,70004578,ST,2006-01-07T14:35,2006-01-07T17:10,NCE,773559890
SNUNDJGA,code,L,70004575,ST,2006-01-07T18:30,2006-01-07T20:50,CDG,773559890
CMNPJJSP,code,L,70004578,ST,2006-01-07T14:35,2006-01-07T17:10,NCE,773559890
CMNPJJSP,code,L,70004575,ST,2006-01-07T18:30,2006-01-07T20:50,CDG,773559890
DQXBPWSN,code,L,70004578,ST,2006-01-07T14:35,2006-01-07T17:10,NCE,773559890
DQXBPWSN,code,L,70004575,ST,2006-01-07T18:30,2006-01-07T20:50,CDG,773559890
EVFDFEGL,code,L,70004578,ST,2006-01-07T14:35,2006-01-07T17:10,NCE,773559890
EVFDFEGL,code,L,70004575,ST,2006-01-07T18:30,2006-01-07T20:50,CDG,773559890
