crew_id,code,type,leg_id,rank,start,finish,airport,pairing
VNFFDJJQ,code,L,70002597,CP,2006-01-07T04:00,2006-01-07T05:20,LEH,2022406920
VNFFDJJQ,code,L,70002598,CP,2006-01-07T05:40,2006-01-07T07:00,URO,2022406920
VNFFDJJQ,code,L,70002599,CP,2006-01-07T07:40,2006-01-07T09:10,LYS,2022406920
VNFFDJJQ,code,L,70002600,CP,2006-01-07T09:30,2006-01-07T09:50,LEH,2022406920
VNFFDJJQ,code,L,70002601,CP,2006-01-07T15:00,2006-01-07T15:20,URO,2022406920
VNFFDJJQ,code,L,70002602,CP,2006-01-07T15:40,2006-01-07T17:10,LEH,2022406920
VNFFDJJQ,code,L,70002603,CP,2006-01-07T17:50,2006-01-07T19:10,LYS,2022406920
VNFFDJJQ,code,L,70002604,CP,2006-01-07T19:30,2006-01-07T20:35,URO,2022406920
IAJXBGLU,code,L,70002597,FO,2006-01-07T04:00,2006-01-07T05:20,LEH,2022406920
IAJXBGLU,code,L,70002598,FO,2006-01-07T05:40,2006-01-07T07:00,URO,2022406920
IAJXBGLU,code,L,70002599,FO,2006-01-07T07:40,2006-01-07T09:10,LYS,2022406920
IAJXBGLU,code,L,70002600,FO,2006-01-07T09:30,2006-01-07T09:50,LEH,2022406920
IAJXBGLU,code,L,70002601,FO,2006-01-07T15:00,2006-01-07T15:20,URO,2022406920
IAJXBGLU,code,L,70002602,FO,2006-01-07T15:40,2006-01-07T17:10,LEH,2022406920
IAJXBGLU,code,L,70002603,FO,2006-01-07T17:50,2006-01-07T19:10,LYS,2022406920
IAJXBGLU,code,L,70002604,FO,2006-01-07T19:30,2006-01-07T20:35,URO,2022406920
CGQTCOKN,code,L,70002597,CS,2006-01-07T04:00,2006-01-07T05:20,LEH,2022406920
CGQTCOKN,code,L,70002598,CS,2006-01-07T05:40,2006-01-07T07:00,URO,2022406920
CGQTCOKN,code,L,70002599,CS,2006-01-07T07:40,2006-01-07T09:10,LYS,2022406920
CGQTCOKN,code,L,70002600,CS,2006-01-07T09:30,2006-01-07T09:50,LEH,2022406920
CGQTCOKN,code,L,70002601,CS,2006-01-07T15:00,2006-01-07T15:20,URO,2022406920
CGQTCOKN,code,L,70002602,CS,2006-01-07T15:40,2006-01-07T17:10,LEH,2022406920
CGQTCOKN,code,L,70002603,CS,2006-01-07T17:50,2006-01-07T19:10,LYS,2022406920
CGQTCOKN,code,L,70002604,CS,2006-01-07T19:30,2006-01-07T20:35,URO,2022406920
MDIFLLXJ,code,L,70002597,ST,2006-01-07T04:00,2006-01-07T05:20,LEH,2022406920
MDIFLLXJ,code,L,70002598,ST,2006-01-07T05:40,2006-01-07T07:00,URO,2022406920
MDIFLLXJ,code,L,70002599,ST,2006-01-07T07:40,2006-01-07T09:10,LYS,2022406920
MDIFLLXJ,code,L,70002600,ST,2006-01-07T09:30,2006-01-07T09:50,LEH,2022406920
MDIFLLXJ,code,L,70002601,ST,2006-01-07T15:00,2006-01-07T15:20,URO,2022406920
MDIFLLXJ,code,L,70002602,ST,2006-01-07T15:40,2006-01-07T17:10,LEH,2022406920
MDIFLLXJ,code,L,70002603,ST,2006-01-07T17:50,2006-01-07T19:10,LYS,2022406920
MDIFLLXJ,code,L,70002604,ST,2006-01-07T19:30,2006-01-07T20:35,URO,2022406920
TLQTZCXS,code,L,70002597,ST,2006-01-07T04:00,2006-01-07T05:20,LEH,2022406920
TLQTZCXS,code,L,70002598,ST,2006-01-07T05:40,2006-01-07T07:00,URO,2022406920
TLQTZCXS,code,L,70002599,ST,2006-01-07T07:40,2006-01-07T09:10,LYS,2022406920
TLQTZCXS,code,L,70002600,ST,2006-01-07T09:30,2006-01-07T09:50,LEH,2022406920
TLQTZCXS,code,L,70002601,ST,2006-01-07T15:00,2006-01-07T15:20,URO,2022406920
TLQTZCXS,code,L,70002602,ST,2006-01-07T15:40,2006-01-07T17:10,LEH,2022406920
TLQTZCXS,code,L,70002603,ST,2006-01-07T17:50,2006-01-07T19:10,LYS,2022406920
TLQTZCXS,code,L,70002604,ST,2006-01-07T19:30,2006-01-07T20:35,URO,2022406920
RNXBZZAY,code,L,70005123,CP,2006-01-07T04:05,2006-01-07T07:20,TLS,2138821259
RNXBZZAY,code,L,70005124,CP,2006-01-07T08:25,2006-01-07T11:05,AMS,2138821259
KGZAJWUQ,code,L,70005123,FO,2006-01-07T04:05,2006-01-07T07:20,TLS,2138821259
KGZAJWUQ,code,L,70005124,FO,2006-01-07T08:25,2006-01-07T11:05,AMS,2138821259
UUZHPWTF,code,L,70005123,CS,2006-01-07T04:05,2006-01-07T07:20,TLS,2138821259
UUZHPWTF,code,L,70005124,CS,2006-01-07T08:25,2006-01-07T11:05,AMS,2138821259
KDWGUBMV,code,L,70005123,ST,2006-01-07T04:05,2006-01-07T07:20,TLS,2138821259
KDWGUBMV,code,L,70005124,ST,2006-01-07T08:25,2006-01-07T11:05,AMS,2138821259
UMSSLQIQ,code,L,70005123,ST,2006-01-07T04:05,2006-01-07T07:20,TLS,2138821259
UMSSLQIQ,code,L,70005124,ST,2006-01-07T08:25,2006-01-07T11:05,AMS,2138821259
VQMXSLUE,code,L,70005123,ST,2006-01-07T04:05,2006-01-07T07:20,TLS,2138821259
VQMXSLUE,code,L,70005124,ST,2006-01-07T08:25,2006-01-07T11:05,AMS,2138821259
LRLZAMKH,code,L,70004600,CP,2006-01-07T04:25,2006-01-07T06:45,BES,2125508764
LRLZAMKH,code,L,70004599,CP,2006-01-07T09:30,2006-01-07T11:30,CDG,2125508764
IVCPLWEG,code,L,70004600,FO,2006-01-07T04:25,2006-01-07T06:45,BES,2125508764
IVCPLWEG,code,L,70004599,FO,2006-01-07T09:30,2006-01-07T11:30,CDG,2125508764
FJSQORXP,code,L,70004600,CS,2006-01-07T04:25,2006-01-07T06:45,BES,2125508764
FJSQORXP,code,L,70004599,CS,2006-01-07T09:30,2006-01-07T11:30,CDG,2125508764
WCSVZAZH,code,L,70004600,CS,2006-01-07T04:25,2006-01-07T06:45,BES,2125508764
WCSVZAZH,code,L,70004599,CS,2006-01-07T09:30,2006-01-07T11:30,CDG,2125508764
EONUWGEV,code,L,70004600,ST,2006-01-07T04:25,2006-01-07T06:45,BES,2125508764
EONUWGEV,code,L,70004599,ST,2006-01-07T09:30,2006-01-07T11:30,CDG,2125508764
JLQGCGLL,code,L,70004600,ST,2006-01-07T04:25,2006-01-07T06:45,BES,2125508764
JLQGCGLL,code,L,70004599,ST,2006-01-07T09:30,2006-01-07T11:30,CDG,2125508764
NMGQUKVC,code,L,70004600,ST,2006-01-07T04:25,2006-01-07T06:45,BES,2125508764
NMGQUKVC,code,L,70004599,ST,2006-01-07T09:30,2006-01-07T11:30,CDG,2125508764
PNVGEINY,code,L,70004600,ST,2006-01-07T04:25,2006-01-07T06:45,BES,2125508764
PNVGEINY,code,L,70004599,ST,2006-01-07T09:30,2006-01-07T11:30,CDG,2125508764
DJTHAUYU,code,L,70002653,CP,2006-01-07T04:25,2006-01-07T06:55,BES,1501688522
DJTHAUYU,code,L,70002654,CP,2006-01-07T07:40,2006-01-07T09:15,LYS,1501688522
DJTHAUYU,code,L,70002657,CP,2006-01-07T10:05,2006-01-07T11:45,BES,1501688522
DJTHAUYU,code,L,70002658,CP,2006-01-07T12:25,2006-01-07T14:50,MRS,1501688522
ZFDKSOMW,code,L,70002653,FO,2006-01-07T04:25,2006-01-07T06:55,BES,1501688522
ZFDKSOMW,code,L,70002654,FO,2006-01-07T07:40,2006-01-07T09:15,LYS,1501688522
ZFDKSOMW,code,L,70002657,FO,2006-01-07T10:05,2006-01-07T11:45,BES,1501688522
ZFDKSOMW,code,L,70002658,FO,2006-01-07T12:25,2006-01-07T14:50,MRS,1501688522
QXZXOWXH,code,L,70002653,CS,2006-01-07T04:25,2006-01-07T06:55,BES,1501688522
QXZXOWXH,code,L,70002654,CS,2006-01-07T07:40,2006-01-07T09:15,LYS,1501688522
QXZXOWXH,code,L,70002657,CS,2006-01-07T10:05,2006-01-07T11:45,BES,1501688522
QXZXOWXH,code,L,70002658,CS,2006-01-07T12:25,2006-01-07T14:50,MRS,1501688522
ZRUXPFUL,code,L,70002653,ST,2006-01-07T04:25,2006-01-07T06:55,BES,1501688522
ZRUXPFUL,code,L,70002654,ST,2006-01-07T07:40,2006-01-07T09:15,LYS,1501688522
ZRUXPFUL,code,L,70002657,ST,2006-01-07T10:05,2006-01-07T11:45,BES,1501688522
ZRUXPFUL,code,L,70002658,ST,2006-01-07T12:25,2006-01-07T14:50,MRS,1501688522
SLPZVKIK,code,L,70002653,ST,2006-01-07T04:25,2006-01-07T06:55,BES,1501688522
SLPZVKIK,code,L,70002654,ST,2006-01-07T07:40,2006-01-07T09:15,LYS,1501688522
SLPZVKIK,code,L,70002657,ST,2006-01-07T10:05,2006-01-07T11:45,BES,1501688522
SLPZVKIK,code,L,70002658,ST,2006-01-07T12:25,2006-01-07T14:50,MRS,1501688522
VEINJTBG,code,L,70002587,CP,2006-01-07T04:25,2006-01-07T06:35,CFR,48190158
VEINJTBG,code,L,70002588,CP,2006-01-07T07:40,2006-01-07T09:40,LYS,48190158
WQUJIWIH,code,L,70002587,FO,2006-01-07T04:25,2006-01-07T06:35,CFR,48190158
WQUJIWIH,code,L,70002588,FO,2006-01-07T07:40,2006-01-07T09:40,LYS,48190158
UKVYLUJF,code,L,70002587,CS,2006-01-07T04:25,2006-01-07T06:35,CFR,48190158
UKVYLUJF,code,L,70002588,CS,2006-01-07T07:40,2006-01-07T09:40,LYS,48190158
CRXTSYBI,code,L,70002587,ST,2006-01-07T04:25,2006-01-07T06:35,CFR,48190158
CRXTSYBI,code,L,70002588,ST,2006-01-07T07:40,2006-01-07T09:40,LYS,48190158
WTRJNHMH,code,L,70002587,ST,2006-01-07T04:25,2006-01-07T06:35,CFR,48190158
WTRJNHMH,code,L,70002588,ST,2006-01-07T07:40,2006-01-07T09:40,LYS,48190158
MHDONEFQ,code,L,70004636,CP,2006-01-07T04:25,2006-01-07T06:55,PUF,2138614433
MHDONEFQ,code,L,70004639,CP,2006-01-07T07:30,2006-01-07T09:45,CDG,2138614433
XEXGBSUZ,code,L,70004636,FO,2006-01-07T04:25,2006-01-07T06:55,PUF,2138614433
XEXGBSUZ,code,L,70004639,FO,2006-01-07T07:30,2006-01-07T09:45,CDG,2138614433
NPAOWWTW,code,L,70004636,CSD,2006-01-07T04:25,2006-01-07T06:55,PUF,2138614433
NPAOWWTW,code,L,70004639,CSD,2006-01-07T07:30,2006-01-07T09:45,CDG,2138614433
UUARONHB,code,L,70004636,ST,2006-01-07T04:25,2006-01-07T06:55,PUF,2138614433
UUARONHB,code,L,70004639,ST,2006-01-07T07:30,2006-01-07T09:45,CDG,2138614433
PNZOKHUG,code,L,70004636,ST,2006-01-07T04:25,2006-01-07T06:55,PUF,2138614433
PNZOKHUG,code,L,70004639,ST,2006-01-07T07:30,2006-01-07T09:45,CDG,2138614433
QZRUMGHI,code,L,70004636,ST,2006-01-07T04:25,2006-01-07T06:55,PUF,2138614433
QZRUMGHI,code,L,70004639,ST,2006-01-07T07:30,2006-01-07T09:45,CDG,2138614433
CEKSJBNV,code,L,70002583,CP,2006-01-07T04:25,2006-01-07T06:25,RNS,1816610767
CEKSJBNV,code,L,70004543,CP,2006-01-07T10:25,2006-01-07T11:50,CDG,1816610767
CEKSJBNV,code,L,70004546,CP,2006-01-07T12:40,2006-01-07T14:10,MPL,1816610767
CEKSJBNV,code,L,70002586,CP,2006-01-07T19:00,2006-01-07T20:40,CDG,1816610767
FXEMZKJI,code,L,70002583,FO,2006-01-07T04:25,2006-01-07T06:25,RNS,1816610767
FXEMZKJI,code,L,70004543,FO,2006-01-07T10:25,2006-01-07T11:50,CDG,1816610767
FXEMZKJI,code,L,70004546,FO,2006-01-07T12:40,2006-01-07T14:10,MPL,1816610767
FXEMZKJI,code,L,70002586,FO,2006-01-07T19:00,2006-01-07T20:40,CDG,1816610767
BTJRLJPK,code,L,70002583,CSD,2006-01-07T04:25,2006-01-07T06:25,RNS,1816610767
BTJRLJPK,code,L,70004543,CSD,2006-01-07T10:25,2006-01-07T11:50,CDG,1816610767
BTJRLJPK,code,L,70004546,CSD,2006-01-07T12:40,2006-01-07T14:10,MPL,1816610767
BTJRLJPK,code,L,70002586,CSD,2006-01-07T19:00,2006-01-07T20:40,CDG,1816610767
GQXPQPRL,code,L,70002583,ST,2006-01-07T04:25,2006-01-07T06:25,RNS,1816610767
GQXPQPRL,code,L,70004543,ST,2006-01-07T10:25,2006-01-07T11:50,CDG,1816610767
GQXPQPRL,code,L,70004546,ST,2006-01-07T12:40,2006-01-07T14:10,MPL,1816610767
GQXPQPRL,code,L,70002586,ST,2006-01-07T19:00,2006-01-07T20:40,CDG,1816610767
SOEEXFPX,code,L,70002583,ST,2006-01-07T04:25,2006-01-07T06:25,RNS,1816610767
SOEEXFPX,code,L,70004543,ST,2006-01-07T10:25,2006-01-07T11:50,CDG,1816610767
SOEEXFPX,code,L,70004546,ST,2006-01-07T12:40,2006-01-07T14:10,MPL,1816610767
SOEEXFPX,code,L,70002586,ST,2006-01-07T19:00,2006-01-07T20:40,CDG,1816610767
UFNMPMJW,code,L,70002583,ST,2006-01-07T04:25,2006-01-07T06:25,RNS,1816610767
UFNMPMJW,code,L,70004543,ST,2006-01-07T10:25,2006-01-07T11:50,CDG,1816610767
UFNMPMJW,code,L,70004546,ST,2006-01-07T12:40,2006-01-07T14:10,MPL,1816610767
UFNMPMJW,code,L,70002586,ST,2006-01-07T19:00,2006-01-07T20:40,CDG,1816610767
ACTALOJS,code,L,70004194,CP,2006-01-07T04:30,2006-01-07T06:40,MLH,1709706839
ACTALOJS,code,L,70004195,CP,2006-01-07T08:15,2006-01-07T10:00,ORY,1709706839
MTMIHYPB,code,L,70004194,FO,2006-01-07T04:30,2006-01-07T06:40,MLH,1709706839
MTMIHYPB,code,L,70004195,FO,2006-01-07T08:15,2006-01-07T10:00,ORY,1709706839
RDMHFCHX,code,L,70004194,CS,2006-01-07T04:30,2006-01-07T06:40,MLH,1709706839
RDMHFCHX,code,L,70004195,CS,2006-01-07T08:15,2006-01-07T10:00,ORY,1709706839
IUKOCANG,code,L,70004194,CS,2006-01-07T04:30,2006-01-07T06:40,MLH,1709706839
IUKOCANG,code,L,70004195,CS,2006-01-07T08:15,2006-01-07T10:00,ORY,1709706839
XTQCRGPK,code,L,70004194,ST,2006-01-07T04:30,2006-01-07T06:40,MLH,1709706839
XTQCRGPK,code,L,70004195,ST,2006-01-07T08:15,2006-01-07T10:00,ORY,1709706839
XONXGLUY,code,L,70004194,ST,2006-01-07T04:30,2006-01-07T06:40,MLH,1709706839
XONXGLUY,code,L,70004195,ST,2006-01-07T08:15,2006-01-07T10:00,ORY,1709706839
GKMXMIUO,code,L,70004194,ST,2006-01-07T04:30,2006-01-07T06:40,MLH,1709706839
GKMXMIUO,code,L,70004195,ST,2006-01-07T08:15,2006-01-07T10:00,ORY,1709706839
DGJVSFVX,code,L,70004194,ST,2006-01-07T04:30,2006-01-07T06:40,MLH,1709706839
DGJVSFVX,code,L,70004195,ST,2006-01-07T08:15,2006-01-07T10:00,ORY,1709706839
XEHMTHJC,code,L,70002866,CP,2006-01-07T04:30,2006-01-07T06:50,MRS,830807798
XEHMTHJC,code,L,70002873,CP,2006-01-07T07:35,2006-01-07T09:35,ORY,830807798
WPBCUZTK,code,L,70002866,FO,2006-01-07T04:30,2006-01-07T06:50,MRS,830807798
WPBCUZTK,code,L,70002873,FO,2006-01-07T07:35,2006-01-07T09:35,ORY,830807798
DORSABNT,code,L,70002866,CS,2006-01-07T04:30,2006-01-07T06:50,MRS,830807798
DORSABNT,code,L,70002873,CS,2006-01-07T07:35,2006-01-07T09:35,ORY,830807798
IUGDFWKZ,code,L,70002866,CS,2006-01-07T04:30,2006-01-07T06:50,MRS,830807798
IUGDFWKZ,code,L,70002873,CS,2006-01-07T07:35,2006-01-07T09:35,ORY,830807798
MORZADZP,code,L,70002866,ST,2006-01-07T04:30,2006-01-07T06:50,MRS,830807798
MORZADZP,code,L,70002873,ST,2006-01-07T07:35,2006-01-07T09:35,ORY,830807798
MGYOLFRZ,code,L,70002866,ST,2006-01-07T04:30,2006-01-07T06:50,MRS,830807798
MGYOLFRZ,code,L,70002873,ST,2006-01-07T07:35,2006-01-07T09:35,ORY,830807798
KENGCOIE,code,L,70002866,ST,2006-01-07T04:30,2006-01-07T06:50,MRS,830807798
KENGCOIE,code,L,70002873,ST,2006-01-07T07:35,2006-01-07T09:35,ORY,830807798
EFCVAPVN,code,L,70002866,ST,2006-01-07T04:30,2006-01-07T06:50,MRS,830807798
EFCVAPVN,code,L,70002873,ST,2006-01-07T07:35,2006-01-07T09:35,ORY,830807798
PSCXZOUW,code,L,70002573,CP,2006-01-07T04:30,2006-01-07T06:35,LIG,791771284
PSCXZOUW,code,L,70002574,CP,2006-01-07T08:00,2006-01-07T09:00,ORY,791771284
PSCXZOUW,code,L,70002581,CP,2006-01-07T10:05,2006-01-07T11:20,LIG,791771284
PSCXZOUW,code,L,70002582,CP,2006-01-07T12:30,2006-01-07T14:30,CDG,791771284
SBGNOERF,code,L,70002573,FO,2006-01-07T04:30,2006-01-07T06:35,LIG,791771284
SBGNOERF,code,L,70002574,FO,2006-01-07T08:00,2006-01-07T09:00,ORY,791771284
SBGNOERF,code,L,70002581,FO,2006-01-07T10:05,2006-01-07T11:20,LIG,791771284
SBGNOERF,code,L,70002582,FO,2006-01-07T12:30,2006-01-07T14:30,CDG,791771284
OBCXYKYH,code,L,70002573,CSD,2006-01-07T04:30,2006-01-07T06:35,LIG,791771284
OBCXYKYH,code,L,70002574,CSD,2006-01-07T08:00,2006-01-07T09:00,ORY,791771284
OBCXYKYH,code,L,70002581,CSD,2006-01-07T10:05,2006-01-07T11:20,LIG,791771284
OBCXYKYH,code,L,70002582,CSD,2006-01-07T12:30,2006-01-07T14:30,CDG,791771284
NKOSWJPO,code,L,70002573,ST,2006-01-07T04:30,2006-01-07T06:35,LIG,791771284
NKOSWJPO,code,L,70002574,ST,2006-01-07T08:00,2006-01-07T09:00,ORY,791771284
NKOSWJPO,code,L,70002581,ST,2006-01-07T10:05,2006-01-07T11:20,LIG,791771284
NKOSWJPO,code,L,70002582,ST,2006-01-07T12:30,2006-01-07T14:30,CDG,791771284
FKELGWMT,code,L,70002573,ST,2006-01-07T04:30,2006-01-07T06:35,LIG,791771284
FKELGWMT,code,L,70002574,ST,2006-01-07T08:00,2006-01-07T09:00,ORY,791771284
FKELGWMT,code,L,70002581,ST,2006-01-07T10:05,2006-01-07T11:20,LIG,791771284
FKELGWMT,code,L,70002582,ST,2006-01-07T12:30,2006-01-07T14:30,CDG,791771284
WLUYTEWG,code,L,70002573,ST,2006-01-07T04:30,2006-01-07T06:35,LIG,791771284
WLUYTEWG,code,L,70002574,ST,2006-01-07T08:00,2006-01-07T09:00,ORY,791771284
WLUYTEWG,code,L,70002581,ST,2006-01-07T10:05,2006-01-07T11:20,LIG,791771284
WLUYTEWG,code,L,70002582,ST,2006-01-07T12:30,2006-01-07T14:30,CDG,791771284
VWHXSQHQ,code,L,70002613,CP,2006-01-07T04:30,2006-01-07T06:45,RNS,2113437503
VWHXSQHQ,code,L,70002614,CP,2006-01-07T07:45,2006-01-07T09:50,LYS,2113437503
ERPTLFPO,code,L,70002613,FO,2006-01-07T04:30,2006-01-07T06:45,RNS,2113437503
ERPTLFPO,code,L,70002614,FO,2006-01-07T07:45,2006-01-07T09:50,LYS,2113437503
BLLRJPOG,code,L,70002613,CS,2006-01-07T04:30,2006-01-07T06:45,RNS,2113437503
BLLRJPOG,code,L,70002614,CS,2006-01-07T07:45,2006-01-07T09:50,LYS,2113437503
HGAONJRI,code,L,70002613,ST,2006-01-07T04:30,2006-01-07T06:45,RNS,2113437503
HGAONJRI,code,L,70002614,ST,2006-01-07T07:45,2006-01-07T09:50,LYS,2113437503
HONYKDEB,code,L,70002613,ST,2006-01-07T04:30,2006-01-07T06:45,RNS,2113437503
HONYKDEB,code,L,70002614,ST,2006-01-07T07:45,2006-01-07T09:50,LYS,2113437503
YTDSEIXS,code,L,70002613,ST,2006-01-07T04:30,2006-01-07T06:45,RNS,2113437503
YTDSEIXS,code,L,70002614,ST,2006-01-07T07:45,2006-01-07T09:50,LYS,2113437503
MNKQTPYU,code,L,70004334,CP,2006-01-07T04:30,2006-01-07T06:45,AVN,1162073078
MNKQTPYU,code,L,70004333,CP,2006-01-07T08:15,2006-01-07T09:30,ORY,1162073078
MNKQTPYU,code,L,70004336,CP,2006-01-07T10:05,2006-01-07T11:20,AVN,1162073078
MNKQTPYU,code,L,70004337,CP,2006-01-07T12:20,2006-01-07T14:20,ORY,1162073078
YUPZQHTN,code,L,70004334,FO,2006-01-07T04:30,2006-01-07T06:45,AVN,1162073078
YUPZQHTN,code,L,70004333,FO,2006-01-07T08:15,2006-01-07T09:30,ORY,1162073078
YUPZQHTN,code,L,70004336,FO,2006-01-07T10:05,2006-01-07T11:20,AVN,1162073078
YUPZQHTN,code,L,70004337,FO,2006-01-07T12:20,2006-01-07T14:20,ORY,1162073078
DRWJNMBI,code,L,70004334,CS,2006-01-07T04:30,2006-01-07T06:45,AVN,1162073078
DRWJNMBI,code,L,70004333,CS,2006-01-07T08:15,2006-01-07T09:30,ORY,1162073078
DRWJNMBI,code,L,70004336,CS,2006-01-07T10:05,2006-01-07T11:20,AVN,1162073078
DRWJNMBI,code,L,70004337,CS,2006-01-07T12:20,2006-01-07T14:20,ORY,1162073078
VGPSFYFB,code,L,70004334,ST,2006-01-07T04:30,2006-01-07T06:45,AVN,1162073078
VGPSFYFB,code,L,70004333,ST,2006-01-07T08:15,2006-01-07T09:30,ORY,1162073078
VGPSFYFB,code,L,70004336,ST,2006-01-07T10:05,2006-01-07T11:20,AVN,1162073078
VGPSFYFB,code,L,70004337,ST,2006-01-07T12:20,2006-01-07T14:20,ORY,1162073078
MOXJSVML,code,L,70004334,ST,2006-01-07T04:30,2006-01-07T06:45,AVN,1162073078
MOXJSVML,code,L,70004333,ST,2006-01-07T08:15,2006-01-07T09:30,ORY,1162073078
MOXJSVML,code,L,70004336,ST,2006-01-07T10:05,2006-01-07T11:20,AVN,1162073078
MOXJSVML,code,L,70004337,ST,2006-01-07T12:20,2006-01-07T14:20,ORY,1162073078
YQEWZFGU,code,L,70002593,CP,2006-01-07T04:35,2006-01-07T06:35,LIG,1379662799
YQEWZFGU,code,L,70004504,CP,2006-01-07T10:00,2006-01-07T11:10,LYS,1379662799
YQEWZFGU,code,L,70004507,CP,2006-01-07T12:15,2006-01-07T13:25,CDG,1379662799
YQEWZFGU,code,L,70004508,CP,2006-01-07T16:00,2006-01-07T17:10,LYS,1379662799
YQEWZFGU,code,L,70004511,CP,2006-01-07T17:55,2006-01-07T19:05,CDG,1379662799
YQEWZFGU,code,L,70004512,CP,2006-01-07T19:55,2006-01-07T21:40,LYS,1379662799
VSTJENNA,code,L,70002593,FO,2006-01-07T04:35,2006-01-07T06:35,LIG,1379662799
VSTJENNA,code,L,70004504,FO,2006-01-07T10:00,2006-01-07T11:10,LYS,1379662799
VSTJENNA,code,L,70004507,FO,2006-01-07T12:15,2006-01-07T13:25,CDG,1379662799
VSTJENNA,code,L,70004508,FO,2006-01-07T16:00,2006-01-07T17:10,LYS,1379662799
VSTJENNA,code,L,70004511,FO,2006-01-07T17:55,2006-01-07T19:05,CDG,1379662799
VSTJENNA,code,L,70004512,FO,2006-01-07T19:55,2006-01-07T21:40,LYS,1379662799
YEXMAXHM,code,L,70002593,CS,2006-01-07T04:35,2006-01-07T06:35,LIG,1379662799
YEXMAXHM,code,L,70004504,CS,2006-01-07T10:00,2006-01-07T11:10,LYS,1379662799
YEXMAXHM,code,L,70004507,CS,2006-01-07T12:15,2006-01-07T13:25,CDG,1379662799
YEXMAXHM,code,L,70004508,CS,2006-01-07T16:00,2006-01-07T17:10,LYS,1379662799
YEXMAXHM,code,L,70004511,CS,2006-01-07T17:55,2006-01-07T19:05,CDG,1379662799
YEXMAXHM,code,L,70004512,CS,2006-01-07T19:55,2006-01-07T21:40,LYS,1379662799
LHWOOITN,code,L,70002593,CS,2006-01-07T04:35,2006-01-07T06:35,LIG,1379662799
LHWOOITN,code,L,70004504,CS,2006-01-07T10:00,2006-01-07T11:10,LYS,1379662799
LHWOOITN,code,L,70004507,CS,2006-01-07T12:15,2006-01-07T13:25,CDG,1379662799
LHWOOITN,code,L,70004508,CS,2006-01-07T16:00,2006-01-07T17:10,LYS,1379662799
LHWOOITN,code,L,70004511,CS,2006-01-07T17:55,2006-01-07T19:05,CDG,1379662799
LHWOOITN,code,L,70004512,CS,2006-01-07T19:55,2006-01-07T21:40,LYS,1379662799
LGHZRKEP,code,L,70002593,ST,2006-01-07T04:35,2006-01-07T06:35,LIG,1379662799
LGHZRKEP,code,L,70004504,ST,2006-01-07T10:00,2006-01-07T11:10,LYS,1379662799
LGHZRKEP,code,L,70004507,ST,2006-01-07T12:15,2006-01-07T13:25,CDG,1379662799
LGHZRKEP,code,L,70004508,ST,2006-01-07T16:00,2006-01-07T17:10,LYS,1379662799
LGHZRKEP,code,L,70004511,ST,2006-01-07T17:55,2006-01-07T19:05,CDG,1379662799
LGHZRKEP,code,L,70004512,ST,2006-01-07T19:55,2006-01-07T21:40,LYS,1379662799
BCFBALVE,code,L,70002593,ST,2006-01-07T04:35,2006-01-07T06:35,LIG,1379662799
BCFBALVE,code,L,70004504,ST,2006-01-07T10:00,2006-01-07T11:10,LYS,1379662799
BCFBALVE,code,L,70004507,ST,2006-01-07T12:15,2006-01-07T13:25,CDG,1379662799
BCFBALVE,code,L,70004508,ST,2006-01-07T16:00,2006-01-07T17:10,LYS,1379662799
BCFBALVE,code,L,70004511,ST,2006-01-07T17:55,2006-01-07T19:05,CDG,1379662799
BCFBALVE,code,L,70004512,ST,2006-01-07T19:55,2006-01-07T21:40,LYS,1379662799
NSZQWLXY,code,L,70002593,ST,2006-01-07T04:35,2006-01-07T06:35,LIG,1379662799
NSZQWLXY,code,L,70004504,ST,2006-01-07T10:00,2006-01-07T11:10,LYS,1379662799
NSZQWLXY,code,L,70004507,ST,2006-01-07T12:15,2006-01-07T13:25,CDG,1379662799
NSZQWLXY,code,L,70004508,ST,2006-01-07T16:00,2006-01-07T17:10,LYS,1379662799
NSZQWLXY,code,L,70004511,ST,2006-01-07T17:55,2006-01-07T19:05,CDG,1379662799
NSZQWLXY,code,L,70004512,ST,2006-01-07T19:55,2006-01-07T21:40,LYS,1379662799
YBXCXJHH,code,L,70002593,ST,2006-01-07T04:35,2006-01-07T06:35,LIG,1379662799
YBXCXJHH,code,L,70004504,ST,2006-01-07T10:00,2006-01-07T11:10,LYS,1379662799
YBXCXJHH,code,L,70004507,ST,2006-01-07T12:15,2006-01-07T13:25,CDG,1379662799
YBXCXJHH,code,L,70004508,ST,2006-01-07T16:00,2006-01-07T17:10,LYS,1379662799
YBXCXJHH,code,L,70004511,ST,2006-01-07T17:55,2006-01-07T19:05,CDG,1379662799
YBXCXJHH,code,L,70004512,ST,2006-01-07T19:55,2006-01-07T21:40,LYS,1379662799
JLVAAEMG,code,L,70004684,CP,2006-01-07T04:35,2006-01-07T06:35,MRS,1104652174
JLVAAEMG,code,L,70004685,CP,2006-01-07T07:30,2006-01-07T09:15,LYS,1104652174
KCRXYWHU,code,L,70004684,FO,2006-01-07T04:35,2006-01-07T06:35,MRS,1104652174
KCRXYWHU,code,L,70004685,FO,2006-01-07T07:30,2006-01-07T09:15,LYS,1104652174
WQTAUALO,code,L,70004684,CS,2006-01-07T04:35,2006-01-07T06:35,MRS,1104652174
WQTAUALO,code,L,70004685,CS,2006-01-07T07:30,2006-01-07T09:15,LYS,1104652174
CUBBJIDD,code,L,70004684,CS,2006-01-07T04:35,2006-01-07T06:35,MRS,1104652174
CUBBJIDD,code,L,70004685,CS,2006-01-07T07:30,2006-01-07T09:15,LYS,1104652174
VNTNHMIC,code,L,70004684,ST,2006-01-07T04:35,2006-01-07T06:35,MRS,1104652174
VNTNHMIC,code,L,70004685,ST,2006-01-07T07:30,2006-01-07T09:15,LYS,1104652174
BGLPVLDE,code,L,70004684,ST,2006-01-07T04:35,2006-01-07T06:35,MRS,1104652174
BGLPVLDE,code,L,70004685,ST,2006-01-07T07:30,2006-01-07T09:15,LYS,1104652174
KUUNKCGM,code,L,70004684,ST,2006-01-07T04:35,2006-01-07T06:35,MRS,1104652174
KUUNKCGM,code,L,70004685,ST,2006-01-07T07:30,2006-01-07T09:15,LYS,1104652174
NNIHLJSS,code,L,70004684,ST,2006-01-07T04:35,2006-01-07T06:35,MRS,1104652174
NNIHLJSS,code,L,70004685,ST,2006-01-07T07:30,2006-01-07T09:15,LYS,1104652174
WTSKLKOS,code,L,70004224,CP,2006-01-07T04:35,2006-01-07T06:50,BES,932725007
WTSKLKOS,code,L,70004225,CP,2006-01-07T08:10,2006-01-07T10:05,ORY,932725007
EUYCNECL,code,L,70004224,FO,2006-01-07T04:35,2006-01-07T06:50,BES,932725007
EUYCNECL,code,L,70004225,FO,2006-01-07T08:10,2006-01-07T10:05,ORY,932725007
QORZERBZ,code,L,70004224,CS,2006-01-07T04:35,2006-01-07T06:50,BES,932725007
QORZERBZ,code,L,70004225,CS,2006-01-07T08:10,2006-01-07T10:05,ORY,932725007
LUDYFQJH,code,L,70004224,CS,2006-01-07T04:35,2006-01-07T06:50,BES,932725007
LUDYFQJH,code,L,70004225,CS,2006-01-07T08:10,2006-01-07T10:05,ORY,932725007
IBJSCLQQ,code,L,70004224,ST,2006-01-07T04:35,2006-01-07T06:50,BES,932725007
IBJSCLQQ,code,L,70004225,ST,2006-01-07T08:10,2006-01-07T10:05,ORY,932725007
QAKCOOWX,code,L,70004224,ST,2006-01-07T04:35,2006-01-07T06:50,BES,932725007
QAKCOOWX,code,L,70004225,ST,2006-01-07T08:10,2006-01-07T10:05,ORY,932725007
ZJPDZCFH,code,L,70004224,ST,2006-01-07T04:35,2006-01-07T06:50,BES,932725007
ZJPDZCFH,code,L,70004225,ST,2006-01-07T08:10,2006-01-07T10:05,ORY,932725007
LVTAYFGU,code,L,70004224,ST,2006-01-07T04:35,2006-01-07T06:50,BES,932725007
LVTAYFGU,code,L,70004225,ST,2006-01-07T08:10,2006-01-07T10:05,ORY,932725007
TFLINWNW,code,L,70004584,CP,2006-01-07T04:35,2006-01-07T06:40,NTE,1485403625
TFLINWNW,code,L,70004583,CP,2006-01-07T08:05,2006-01-07T09:55,CDG,1485403625
EINHITGZ,code,L,70004584,FO,2006-01-07T04:35,2006-01-07T06:40,NTE,1485403625
EINHITGZ,code,L,70004583,FO,2006-01-07T08:05,2006-01-07T09:55,CDG,1485403625
FETJLKEP,code,L,70004584,CS,2006-01-07T04:35,2006-01-07T06:40,NTE,1485403625
FETJLKEP,code,L,70004583,CS,2006-01-07T08:05,2006-01-07T09:55,CDG,1485403625
WMNRZPBQ,code,L,70004584,CS,2006-01-07T04:35,2006-01-07T06:40,NTE,1485403625
WMNRZPBQ,code,L,70004583,CS,2006-01-07T08:05,2006-01-07T09:55,CDG,1485403625
DWZLUKWQ,code,L,70004584,ST,2006-01-07T04:35,2006-01-07T06:40,NTE,1485403625
DWZLUKWQ,code,L,70004583,ST,2006-01-07T08:05,2006-01-07T09:55,CDG,1485403625
QQCOSIQS,code,L,70004584,ST,2006-01-07T04:35,2006-01-07T06:40,NTE,1485403625
QQCOSIQS,code,L,70004583,ST,2006-01-07T08:05,2006-01-07T09:55,CDG,1485403625
NSSBZYTP,code,L,70004584,ST,2006-01-07T04:35,2006-01-07T06:40,NTE,1485403625
NSSBZYTP,code,L,70004583,ST,2006-01-07T08:05,2006-01-07T09:55,CDG,1485403625
CGXGUOWC,code,L,70004584,ST,2006-01-07T04:35,2006-01-07T06:40,NTE,1485403625
CGXGUOWC,code,L,70004583,ST,2006-01-07T08:05,2006-01-07T09:55,CDG,1485403625
WWIUUOOR,code,L,70004522,CP,2006-01-07T04:35,2006-01-07T06:40,CFE,346378500
WWIUUOOR,code,L,70004517,CP,2006-01-07T07:15,2006-01-07T09:00,CDG,346378500
TPGEVNBH,code,L,70004522,FO,2006-01-07T04:35,2006-01-07T06:40,CFE,346378500
TPGEVNBH,code,L,70004517,FO,2006-01-07T07:15,2006-01-07T09:00,CDG,346378500
TODTFUMB,code,L,70004522,CS,2006-01-07T04:35,2006-01-07T06:40,CFE,346378500
TODTFUMB,code,L,70004517,CS,2006-01-07T07:15,2006-01-07T09:00,CDG,346378500
EJZPFCMI,code,L,70004522,ST,2006-01-07T04:35,2006-01-07T06:40,CFE,346378500
EJZPFCMI,code,L,70004517,ST,2006-01-07T07:15,2006-01-07T09:00,CDG,346378500
WOFAJFAP,code,L,70004522,ST,2006-01-07T04:35,2006-01-07T06:40,CFE,346378500
WOFAJFAP,code,L,70004517,ST,2006-01-07T07:15,2006-01-07T09:00,CDG,346378500
ZILAFHHY,code,L,70004296,CP,2006-01-07T04:40,2006-01-07T06:35,CFE,534011718
ZILAFHHY,code,L,70004295,CP,2006-01-07T08:10,2006-01-07T09:50,ORY,534011718
OMWJMJAA,code,L,70004296,FO,2006-01-07T04:40,2006-01-07T06:35,CFE,534011718
OMWJMJAA,code,L,70004295,FO,2006-01-07T08:10,2006-01-07T09:50,ORY,534011718
HHZOKVWY,code,L,70004296,CS,2006-01-07T04:40,2006-01-07T06:35,CFE,534011718
HHZOKVWY,code,L,70004295,CS,2006-01-07T08:10,2006-01-07T09:50,ORY,534011718
TUZDUSHE,code,L,70004296,CS,2006-01-07T04:40,2006-01-07T06:35,CFE,534011718
TUZDUSHE,code,L,70004295,CS,2006-01-07T08:10,2006-01-07T09:50,ORY,534011718
RTKEDNJL,code,L,70004296,ST,2006-01-07T04:40,2006-01-07T06:35,CFE,534011718
RTKEDNJL,code,L,70004295,ST,2006-01-07T08:10,2006-01-07T09:50,ORY,534011718
QRKHOSYF,code,L,70004296,ST,2006-01-07T04:40,2006-01-07T06:35,CFE,534011718
QRKHOSYF,code,L,70004295,ST,2006-01-07T08:10,2006-01-07T09:50,ORY,534011718
XHHAITGR,code,L,70004296,ST,2006-01-07T04:40,2006-01-07T06:35,CFE,534011718
XHHAITGR,code,L,70004295,ST,2006-01-07T08:10,2006-01-07T09:50,ORY,534011718
LQXUURFX,code,L,70004296,ST,2006-01-07T04:40,2006-01-07T06:35,CFE,534011718
LQXUURFX,code,L,70004295,ST,2006-01-07T08:10,2006-01-07T09:50,ORY,534011718
ZMALDYEQ,code,L,70004314,CP,2006-01-07T04:40,2006-01-07T07:00,PUF,1406361028
ZMALDYEQ,code,L,70004315,CP,2006-01-07T08:00,2006-01-07T10:00,ORY,1406361028
NWYFVGTM,code,L,70004314,FO,2006-01-07T04:40,2006-01-07T07:00,PUF,1406361028
NWYFVGTM,code,L,70004315,FO,2006-01-07T08:00,2006-01-07T10:00,ORY,1406361028
NRLIHHOR,code,L,70004314,CS,2006-01-07T04:40,2006-01-07T07:00,PUF,1406361028
NRLIHHOR,code,L,70004315,CS,2006-01-07T08:00,2006-01-07T10:00,ORY,1406361028
BOWZKJPY,code,L,70004314,CS,2006-01-07T04:40,2006-01-07T07:00,PUF,1406361028
BOWZKJPY,code,L,70004315,CS,2006-01-07T08:00,2006-01-07T10:00,ORY,1406361028
XDVAYTYE,code,L,70004314,ST,2006-01-07T04:40,2006-01-07T07:00,PUF,1406361028
XDVAYTYE,code,L,70004315,ST,2006-01-07T08:00,2006-01-07T10:00,ORY,1406361028
LUZKMQMJ,code,L,70004314,ST,2006-01-07T04:40,2006-01-07T07:00,PUF,1406361028
LUZKMQMJ,code,L,70004315,ST,2006-01-07T08:00,2006-01-07T10:00,ORY,1406361028
ZXLZTNMQ,code,L,70004314,ST,2006-01-07T04:40,2006-01-07T07:00,PUF,1406361028
ZXLZTNMQ,code,L,70004315,ST,2006-01-07T08:00,2006-01-07T10:00,ORY,1406361028
UCRWFHQR,code,L,70004314,ST,2006-01-07T04:40,2006-01-07T07:00,PUF,1406361028
UCRWFHQR,code,L,70004315,ST,2006-01-07T08:00,2006-01-07T10:00,ORY,1406361028
IHZGFXZH,code,L,70004404,CP,2006-01-07T04:40,2006-01-07T07:05,MPL,1321446349
IHZGFXZH,code,L,70004405,CP,2006-01-07T07:45,2006-01-07T09:45,ORY,1321446349
JZTOFCKE,code,L,70004404,FO,2006-01-07T04:40,2006-01-07T07:05,MPL,1321446349
JZTOFCKE,code,L,70004405,FO,2006-01-07T07:45,2006-01-07T09:45,ORY,1321446349
PMTUITOR,code,L,70004404,CS,2006-01-07T04:40,2006-01-07T07:05,MPL,1321446349
PMTUITOR,code,L,70004405,CS,2006-01-07T07:45,2006-01-07T09:45,ORY,1321446349
DRKKNMKO,code,L,70004404,CS,2006-01-07T04:40,2006-01-07T07:05,MPL,1321446349
DRKKNMKO,code,L,70004405,CS,2006-01-07T07:45,2006-01-07T09:45,ORY,1321446349
XEDMZUNH,code,L,70004404,ST,2006-01-07T04:40,2006-01-07T07:05,MPL,1321446349
XEDMZUNH,code,L,70004405,ST,2006-01-07T07:45,2006-01-07T09:45,ORY,1321446349
PXIFBJRE,code,L,70004404,ST,2006-01-07T04:40,2006-01-07T07:05,MPL,1321446349
PXIFBJRE,code,L,70004405,ST,2006-01-07T07:45,2006-01-07T09:45,ORY,1321446349
AVNJBUKQ,code,L,70004404,ST,2006-01-07T04:40,2006-01-07T07:05,MPL,1321446349
AVNJBUKQ,code,L,70004405,ST,2006-01-07T07:45,2006-01-07T09:45,ORY,1321446349
VNOQHSZH,code,L,70004404,ST,2006-01-07T04:40,2006-01-07T07:05,MPL,1321446349
VNOQHSZH,code,L,70004405,ST,2006-01-07T07:45,2006-01-07T09:45,ORY,1321446349
DMLGIRJT,code,L,70002966,CP,2006-01-07T04:40,2006-01-07T07:00,TLS,333461483
DMLGIRJT,code,L,70002973,CP,2006-01-07T07:50,2006-01-07T09:45,ORY,333461483
PDCAGYRH,code,L,70002966,FO,2006-01-07T04:40,2006-01-07T07:00,TLS,333461483
PDCAGYRH,code,L,70002973,FO,2006-01-07T07:50,2006-01-07T09:45,ORY,333461483
CABZFZGR,code,L,70002966,CS,2006-01-07T04:40,2006-01-07T07:00,TLS,333461483
CABZFZGR,code,L,70002973,CS,2006-01-07T07:50,2006-01-07T09:45,ORY,333461483
NOFBZCJJ,code,L,70002966,CS,2006-01-07T04:40,2006-01-07T07:00,TLS,333461483
NOFBZCJJ,code,L,70002973,CS,2006-01-07T07:50,2006-01-07T09:45,ORY,333461483
KYLWLWUU,code,L,70002966,ST,2006-01-07T04:40,2006-01-07T07:00,TLS,333461483
KYLWLWUU,code,L,70002973,ST,2006-01-07T07:50,2006-01-07T09:45,ORY,333461483
PFZGOSHZ,code,L,70002966,ST,2006-01-07T04:40,2006-01-07T07:00,TLS,333461483
PFZGOSHZ,code,L,70002973,ST,2006-01-07T07:50,2006-01-07T09:45,ORY,333461483
XCJLUCDZ,code,L,70002966,ST,2006-01-07T04:40,2006-01-07T07:00,TLS,333461483
XCJLUCDZ,code,L,70002973,ST,2006-01-07T07:50,2006-01-07T09:45,ORY,333461483
DPZLCPOY,code,L,70002966,ST,2006-01-07T04:40,2006-01-07T07:00,TLS,333461483
DPZLCPOY,code,L,70002973,ST,2006-01-07T07:50,2006-01-07T09:45,ORY,333461483
YCUUZJLU,code,L,70004576,CP,2006-01-07T04:40,2006-01-07T07:15,NCE,1008338748
YCUUZJLU,code,L,70004551,CP,2006-01-07T08:10,2006-01-07T09:35,CDG,1008338748
YCUUZJLU,code,L,70004552,CP,2006-01-07T10:30,2006-01-07T12:00,MPL,1008338748
YCUUZJLU,code,L,70004577,CP,2006-01-07T12:50,2006-01-07T14:10,CDG,1008338748
GQCBXJBS,code,L,70004576,FO,2006-01-07T04:40,2006-01-07T07:15,NCE,1008338748
GQCBXJBS,code,L,70004551,FO,2006-01-07T08:10,2006-01-07T09:35,CDG,1008338748
GQCBXJBS,code,L,70004552,FO,2006-01-07T10:30,2006-01-07T12:00,MPL,1008338748
GQCBXJBS,code,L,70004577,FO,2006-01-07T12:50,2006-01-07T14:10,CDG,1008338748
AEWHLXDC,code,L,70004576,CS,2006-01-07T04:40,2006-01-07T07:15,NCE,1008338748
AEWHLXDC,code,L,70004551,CS,2006-01-07T08:10,2006-01-07T09:35,CDG,1008338748
AEWHLXDC,code,L,70004552,CS,2006-01-07T10:30,2006-01-07T12:00,MPL,1008338748
AEWHLXDC,code,L,70004577,CS,2006-01-07T12:50,2006-01-07T14:10,CDG,1008338748
PCRIYYEX,code,L,70004576,CS,2006-01-07T04:40,2006-01-07T07:15,NCE,1008338748
PCRIYYEX,code,L,70004551,CS,2006-01-07T08:10,2006-01-07T09:35,CDG,1008338748
PCRIYYEX,code,L,70004552,CS,2006-01-07T10:30,2006-01-07T12:00,MPL,1008338748
PCRIYYEX,code,L,70004577,CS,2006-01-07T12:50,2006-01-07T14:10,CDG,1008338748
TBVXERCS,code,L,70004576,ST,2006-01-07T04:40,2006-01-07T07:15,NCE,1008338748
TBVXERCS,code,L,70004551,ST,2006-01-07T08:10,2006-01-07T09:35,CDG,1008338748
TBVXERCS,code,L,70004552,ST,2006-01-07T10:30,2006-01-07T12:00,MPL,1008338748
TBVXERCS,code,L,70004577,ST,2006-01-07T12:50,2006-01-07T14:10,CDG,1008338748
FHUBTKHG,code,L,70004576,ST,2006-01-07T04:40,2006-01-07T07:15,NCE,1008338748
FHUBTKHG,code,L,70004551,ST,2006-01-07T08:10,2006-01-07T09:35,CDG,1008338748
FHUBTKHG,code,L,70004552,ST,2006-01-07T10:30,2006-01-07T12:00,MPL,1008338748
FHUBTKHG,code,L,70004577,ST,2006-01-07T12:50,2006-01-07T14:10,CDG,1008338748
RXQPTHDZ,code,L,70004576,ST,2006-01-07T04:40,2006-01-07T07:15,NCE,1008338748
RXQPTHDZ,code,L,70004551,ST,2006-01-07T08:10,2006-01-07T09:35,CDG,1008338748
RXQPTHDZ,code,L,70004552,ST,2006-01-07T10:30,2006-01-07T12:00,MPL,1008338748
RXQPTHDZ,code,L,70004577,ST,2006-01-07T12:50,2006-01-07T14:10,CDG,1008338748
EORSEHOO,code,L,70004576,ST,2006-01-07T04:40,2006-01-07T07:15,NCE,1008338748
EORSEHOO,code,L,70004551,ST,2006-01-07T08:10,2006-01-07T09:35,CDG,1008338748
EORSEHOO,code,L,70004552,ST,2006-01-07T10:30,2006-01-07T12:00,MPL,1008338748
EORSEHOO,code,L,70004577,ST,2006-01-07T12:50,2006-01-07T14:10,CDG,1008338748
VEUUJZHA,code,L,70002543,CP,2006-01-07T04:40,2006-01-07T06:50,RDZ,262918833
VEUUJZHA,code,L,70002544,CP,2006-01-07T07:25,2006-01-07T09:15,ORY,262918833
PXUUXFBZ,code,L,70002543,FO,2006-01-07T04:40,2006-01-07T06:50,RDZ,262918833
PXUUXFBZ,code,L,70002544,FO,2006-01-07T07:25,2006-01-07T09:15,ORY,262918833
XUIJOLMO,code,L,70002543,CSD,2006-01-07T04:40,2006-01-07T06:50,RDZ,262918833
XUIJOLMO,code,L,70002544,CSD,2006-01-07T07:25,2006-01-07T09:15,ORY,262918833
CULFPQUF,code,L,70002543,ST,2006-01-07T04:40,2006-01-07T06:50,RDZ,262918833
CULFPQUF,code,L,70002544,ST,2006-01-07T07:25,2006-01-07T09:15,ORY,262918833
KAKQUMXX,code,L,70002543,ST,2006-01-07T04:40,2006-01-07T06:50,RDZ,262918833
KAKQUMXX,code,L,70002544,ST,2006-01-07T07:25,2006-01-07T09:15,ORY,262918833
BLNRVVRW,code,L,70002543,ST,2006-01-07T04:40,2006-01-07T06:50,RDZ,262918833
BLNRVVRW,code,L,70002544,ST,2006-01-07T07:25,2006-01-07T09:15,ORY,262918833
WTKLNQQR,code,L,70004694,CP,2006-01-07T04:40,2006-01-07T06:35,NCE,160225133
WTKLNQQR,code,L,70004693,CP,2006-01-07T07:50,2006-01-07T09:35,LYS,160225133
MCNGEDUV,code,L,70004694,FO,2006-01-07T04:40,2006-01-07T06:35,NCE,160225133
MCNGEDUV,code,L,70004693,FO,2006-01-07T07:50,2006-01-07T09:35,LYS,160225133
LEBYBBKM,code,L,70004694,CS,2006-01-07T04:40,2006-01-07T06:35,NCE,160225133
LEBYBBKM,code,L,70004693,CS,2006-01-07T07:50,2006-01-07T09:35,LYS,160225133
WVHYRQXV,code,L,70004694,ST,2006-01-07T04:40,2006-01-07T06:35,NCE,160225133
WVHYRQXV,code,L,70004693,ST,2006-01-07T07:50,2006-01-07T09:35,LYS,160225133
FFDIZDOO,code,L,70004694,ST,2006-01-07T04:40,2006-01-07T06:35,NCE,160225133
FFDIZDOO,code,L,70004693,ST,2006-01-07T07:50,2006-01-07T09:35,LYS,160225133
PZYJCBWP,code,L,70004364,CP,2006-01-07T04:45,2006-01-07T07:10,TLN,345545550
PZYJCBWP,code,L,70004363,CP,2006-01-07T07:55,2006-01-07T10:00,ORY,345545550
ETPAXMEX,code,L,70004364,FO,2006-01-07T04:45,2006-01-07T07:10,TLN,345545550
ETPAXMEX,code,L,70004363,FO,2006-01-07T07:55,2006-01-07T10:00,ORY,345545550
LGOFWHGP,code,L,70004364,CS,2006-01-07T04:45,2006-01-07T07:10,TLN,345545550
LGOFWHGP,code,L,70004363,CS,2006-01-07T07:55,2006-01-07T10:00,ORY,345545550
WOATUXOA,code,L,70004364,CS,2006-01-07T04:45,2006-01-07T07:10,TLN,345545550
WOATUXOA,code,L,70004363,CS,2006-01-07T07:55,2006-01-07T10:00,ORY,345545550
EJKRWHGR,code,L,70004364,ST,2006-01-07T04:45,2006-01-07T07:10,TLN,345545550
EJKRWHGR,code,L,70004363,ST,2006-01-07T07:55,2006-01-07T10:00,ORY,345545550
WYNPVRUV,code,L,70004364,ST,2006-01-07T04:45,2006-01-07T07:10,TLN,345545550
WYNPVRUV,code,L,70004363,ST,2006-01-07T07:55,2006-01-07T10:00,ORY,345545550
VGZUOSZG,code,L,70004364,ST,2006-01-07T04:45,2006-01-07T07:10,TLN,345545550
VGZUOSZG,code,L,70004363,ST,2006-01-07T07:55,2006-01-07T10:00,ORY,345545550
CAYSVEPQ,code,L,70004364,ST,2006-01-07T04:45,2006-01-07T07:10,TLN,345545550
CAYSVEPQ,code,L,70004363,ST,2006-01-07T07:55,2006-01-07T10:00,ORY,345545550
GFVYBKMV,code,L,70004673,CP,2006-01-07T04:45,2006-01-07T07:00,LIL,2130037697
GFVYBKMV,code,L,70004676,CP,2006-01-07T07:40,2006-01-07T09:40,LYS,2130037697
STKDPYHB,code,L,70004673,FO,2006-01-07T04:45,2006-01-07T07:00,LIL,2130037697
STKDPYHB,code,L,70004676,FO,2006-01-07T07:40,2006-01-07T09:40,LYS,2130037697
CWYZJSFY,code,L,70004673,CS,2006-01-07T04:45,2006-01-07T07:00,LIL,2130037697
CWYZJSFY,code,L,70004676,CS,2006-01-07T07:40,2006-01-07T09:40,LYS,2130037697
LJNFJYTQ,code,L,70004673,CS,2006-01-07T04:45,2006-01-07T07:00,LIL,2130037697
LJNFJYTQ,code,L,70004676,CS,2006-01-07T07:40,2006-01-07T09:40,LYS,2130037697
PGSDJNHR,code,L,70004673,ST,2006-01-07T04:45,2006-01-07T07:00,LIL,2130037697
PGSDJNHR,code,L,70004676,ST,2006-01-07T07:40,2006-01-07T09:40,LYS,2130037697
MFDHAQOJ,code,L,70004673,ST,2006-01-07T04:45,2006-01-07T07:00,LIL,2130037697
MFDHAQOJ,code,L,70004676,ST,2006-01-07T07:40,2006-01-07T09:40,LYS,2130037697
TMMNHKGA,code,L,70004673,ST,2006-01-07T04:45,2006-01-07T07:00,LIL,2130037697
TMMNHKGA,code,L,70004676,ST,2006-01-07T07:40,2006-01-07T09:40,LYS,2130037697
CIHQQPNF,code,L,70004673,ST,2006-01-07T04:45,2006-01-07T07:00,LIL,2130037697
CIHQQPNF,code,L,70004676,ST,2006-01-07T07:40,2006-01-07T09:40,LYS,2130037697
WTMSTWAX,code,L,70004723,CP,2006-01-07T04:45,2006-01-07T07:00,NTE,263157300
WTMSTWAX,code,L,70004726,CP,2006-01-07T07:55,2006-01-07T09:55,LYS,263157300
HZEUYPNB,code,L,70004723,FO,2006-01-07T04:45,2006-01-07T07:00,NTE,263157300
HZEUYPNB,code,L,70004726,FO,2006-01-07T07:55,2006-01-07T09:55,LYS,263157300
UKWWYHCE,code,L,70004723,CS,2006-01-07T04:45,2006-01-07T07:00,NTE,263157300
UKWWYHCE,code,L,70004726,CS,2006-01-07T07:55,2006-01-07T09:55,LYS,263157300
HPHNFDLJ,code,L,70004723,CS,2006-01-07T04:45,2006-01-07T07:00,NTE,263157300
HPHNFDLJ,code,L,70004726,CS,2006-01-07T07:55,2006-01-07T09:55,LYS,263157300
STSQTUAY,code,L,70004723,ST,2006-01-07T04:45,2006-01-07T07:00,NTE,263157300
STSQTUAY,code,L,70004726,ST,2006-01-07T07:55,2006-01-07T09:55,LYS,263157300
HQQGMKPM,code,L,70004723,ST,2006-01-07T04:45,2006-01-07T07:00,NTE,263157300
HQQGMKPM,code,L,70004726,ST,2006-01-07T07:55,2006-01-07T09:55,LYS,263157300
ZGBGQBES,code,L,70004723,ST,2006-01-07T04:45,2006-01-07T07:00,NTE,263157300
ZGBGQBES,code,L,70004726,ST,2006-01-07T07:55,2006-01-07T09:55,LYS,263157300
XVYBOXQK,code,L,70004723,ST,2006-01-07T04:45,2006-01-07T07:00,NTE,263157300
XVYBOXQK,code,L,70004726,ST,2006-01-07T07:55,2006-01-07T09:55,LYS,263157300
NAXNRZKJ,code,L,70002524,CP,2006-01-07T04:45,2006-01-07T06:55,UIP,1196878155
NAXNRZKJ,code,L,70002523,CP,2006-01-07T07:45,2006-01-07T08:50,ORY,1196878155
NAXNRZKJ,code,L,70002526,CP,2006-01-07T09:45,2006-01-07T10:55,UIP,1196878155
NAXNRZKJ,code,L,70002798,CP,2006-01-07T13:00,2006-01-07T14:45,ORY,1196878155
LZYGAAGA,code,L,70002524,FO,2006-01-07T04:45,2006-01-07T06:55,UIP,1196878155
LZYGAAGA,code,L,70002523,FO,2006-01-07T07:45,2006-01-07T08:50,ORY,1196878155
LZYGAAGA,code,L,70002526,FO,2006-01-07T09:45,2006-01-07T10:55,UIP,1196878155
LZYGAAGA,code,L,70002798,FO,2006-01-07T13:00,2006-01-07T14:45,ORY,1196878155
ILEGXKOG,code,L,70002524,CSD,2006-01-07T04:45,2006-01-07T06:55,UIP,1196878155
ILEGXKOG,code,L,70002523,CSD,2006-01-07T07:45,2006-01-07T08:50,ORY,1196878155
ILEGXKOG,code,L,70002526,CSD,2006-01-07T09:45,2006-01-07T10:55,UIP,1196878155
ILEGXKOG,code,L,70002798,CSD,2006-01-07T13:00,2006-01-07T14:45,ORY,1196878155
QRCDBUPH,code,L,70002524,ST,2006-01-07T04:45,2006-01-07T06:55,UIP,1196878155
QRCDBUPH,code,L,70002523,ST,2006-01-07T07:45,2006-01-07T08:50,ORY,1196878155
QRCDBUPH,code,L,70002526,ST,2006-01-07T09:45,2006-01-07T10:55,UIP,1196878155
QRCDBUPH,code,L,70002798,ST,2006-01-07T13:00,2006-01-07T14:45,ORY,1196878155
UUMEWRGH,code,L,70002524,ST,2006-01-07T04:45,2006-01-07T06:55,UIP,1196878155
UUMEWRGH,code,L,70002523,ST,2006-01-07T07:45,2006-01-07T08:50,ORY,1196878155
UUMEWRGH,code,L,70002526,ST,2006-01-07T09:45,2006-01-07T10:55,UIP,1196878155
UUMEWRGH,code,L,70002798,ST,2006-01-07T13:00,2006-01-07T14:45,ORY,1196878155
YPEFCIRI,code,L,70002524,ST,2006-01-07T04:45,2006-01-07T06:55,UIP,1196878155
YPEFCIRI,code,L,70002523,ST,2006-01-07T07:45,2006-01-07T08:50,ORY,1196878155
YPEFCIRI,code,L,70002526,ST,2006-01-07T09:45,2006-01-07T10:55,UIP,1196878155
YPEFCIRI,code,L,70002798,ST,2006-01-07T13:00,2006-01-07T14:45,ORY,1196878155
YCYBKBIG,code,L,70004764,CP,2006-01-07T04:45,2006-01-07T07:10,NCE,1835196615
YCYBKBIG,code,L,70004765,CP,2006-01-07T07:45,2006-01-07T09:00,BOD,1835196615
YCYBKBIG,code,L,70003076,CP,2006-01-07T11:35,2006-01-07T13:00,NCE,1835196615
YCYBKBIG,code,L,70003063,CP,2006-01-07T14:00,2006-01-07T16:10,ORY,1835196615
ZRFMQMSM,code,L,70004764,FO,2006-01-07T04:45,2006-01-07T07:10,NCE,1835196615
ZRFMQMSM,code,L,70004765,FO,2006-01-07T07:45,2006-01-07T09:00,BOD,1835196615
ZRFMQMSM,code,L,70003076,FO,2006-01-07T11:35,2006-01-07T13:00,NCE,1835196615
ZRFMQMSM,code,L,70003063,FO,2006-01-07T14:00,2006-01-07T16:10,ORY,1835196615
NJAWLXAH,code,L,70004764,CS,2006-01-07T04:45,2006-01-07T07:10,NCE,1835196615
NJAWLXAH,code,L,70004765,CS,2006-01-07T07:45,2006-01-07T09:00,BOD,1835196615
NJAWLXAH,code,L,70003076,CS,2006-01-07T11:35,2006-01-07T13:00,NCE,1835196615
NJAWLXAH,code,L,70003063,CS,2006-01-07T14:00,2006-01-07T16:10,ORY,1835196615
SWJKDQLL,code,L,70004764,ST,2006-01-07T04:45,2006-01-07T07:10,NCE,1835196615
SWJKDQLL,code,L,70004765,ST,2006-01-07T07:45,2006-01-07T09:00,BOD,1835196615
SWJKDQLL,code,L,70003076,ST,2006-01-07T11:35,2006-01-07T13:00,NCE,1835196615
SWJKDQLL,code,L,70003063,ST,2006-01-07T14:00,2006-01-07T16:10,ORY,1835196615
KQZHBGBD,code,L,70004764,ST,2006-01-07T04:45,2006-01-07T07:10,NCE,1835196615
KQZHBGBD,code,L,70004765,ST,2006-01-07T07:45,2006-01-07T09:00,BOD,1835196615
KQZHBGBD,code,L,70003076,ST,2006-01-07T11:35,2006-01-07T13:00,NCE,1835196615
KQZHBGBD,code,L,70003063,ST,2006-01-07T14:00,2006-01-07T16:10,ORY,1835196615
KHWIZXST,code,L,70004764,ST,2006-01-07T04:45,2006-01-07T07:10,NCE,1835196615
KHWIZXST,code,L,70004765,ST,2006-01-07T07:45,2006-01-07T09:00,BOD,1835196615
KHWIZXST,code,L,70003076,ST,2006-01-07T11:35,2006-01-07T13:00,NCE,1835196615
KHWIZXST,code,L,70003063,ST,2006-01-07T14:00,2006-01-07T16:10,ORY,1835196615
ZHAOAROV,code,L,70002965,CP,2006-01-07T04:50,2006-01-07T07:00,ORY,182621155
ZHAOAROV,code,L,70002974,CP,2006-01-07T07:40,2006-01-07T09:45,TLS,182621155
FOLCYAOO,code,L,70002965,FO,2006-01-07T04:50,2006-01-07T07:00,ORY,182621155
FOLCYAOO,code,L,70002974,FO,2006-01-07T07:40,2006-01-07T09:45,TLS,182621155
QTQIBIQJ,code,L,70002965,CS,2006-01-07T04:50,2006-01-07T07:00,ORY,182621155
QTQIBIQJ,code,L,70002974,CS,2006-01-07T07:40,2006-01-07T09:45,TLS,182621155
PVRLYROL,code,L,70002965,CS,2006-01-07T04:50,2006-01-07T07:00,ORY,182621155
PVRLYROL,code,L,70002974,CS,2006-01-07T07:40,2006-01-07T09:45,TLS,182621155
JSTUKYSF,code,L,70002965,ST,2006-01-07T04:50,2006-01-07T07:00,ORY,182621155
JSTUKYSF,code,L,70002974,ST,2006-01-07T07:40,2006-01-07T09:45,TLS,182621155
KVJVJOYX,code,L,70002965,ST,2006-01-07T04:50,2006-01-07T07:00,ORY,182621155
KVJVJOYX,code,L,70002974,ST,2006-01-07T07:40,2006-01-07T09:45,TLS,182621155
HLQLVMZG,code,L,70002965,ST,2006-01-07T04:50,2006-01-07T07:00,ORY,182621155
HLQLVMZG,code,L,70002974,ST,2006-01-07T07:40,2006-01-07T09:45,TLS,182621155
LKKBEKZV,code,L,70002965,ST,2006-01-07T04:50,2006-01-07T07:00,ORY,182621155
LKKBEKZV,code,L,70002974,ST,2006-01-07T07:40,2006-01-07T09:45,TLS,182621155
CDSUAJKS,code,L,70004704,CP,2006-01-07T04:50,2006-01-07T06:50,TLS,1796576214
CDSUAJKS,code,L,70004703,CP,2006-01-07T07:45,2006-01-07T09:35,LYS,1796576214
CCIWOYRT,code,L,70004704,FO,2006-01-07T04:50,2006-01-07T06:50,TLS,1796576214
CCIWOYRT,code,L,70004703,FO,2006-01-07T07:45,2006-01-07T09:35,LYS,1796576214
XCKJHZIU,code,L,70004704,CS,2006-01-07T04:50,2006-01-07T06:50,TLS,1796576214
XCKJHZIU,code,L,70004703,CS,2006-01-07T07:45,2006-01-07T09:35,LYS,1796576214
HBMGHELE,code,L,70004704,CS,2006-01-07T04:50,2006-01-07T06:50,TLS,1796576214
HBMGHELE,code,L,70004703,CS,2006-01-07T07:45,2006-01-07T09:35,LYS,1796576214
ZZTSYVKE,code,L,70004704,ST,2006-01-07T04:50,2006-01-07T06:50,TLS,1796576214
ZZTSYVKE,code,L,70004703,ST,2006-01-07T07:45,2006-01-07T09:35,LYS,1796576214
JHCYCEDN,code,L,70004704,ST,2006-01-07T04:50,2006-01-07T06:50,TLS,1796576214
JHCYCEDN,code,L,70004703,ST,2006-01-07T07:45,2006-01-07T09:35,LYS,1796576214
QKRMQIWR,code,L,70004704,ST,2006-01-07T04:50,2006-01-07T06:50,TLS,1796576214
QKRMQIWR,code,L,70004703,ST,2006-01-07T07:45,2006-01-07T09:35,LYS,1796576214
KAVCTXYF,code,L,70004704,ST,2006-01-07T04:50,2006-01-07T06:50,TLS,1796576214
KAVCTXYF,code,L,70004703,ST,2006-01-07T07:45,2006-01-07T09:35,LYS,1796576214
EPRTTKAV,code,L,70004264,CP,2006-01-07T04:50,2006-01-07T06:55,LYS,1661516681
EPRTTKAV,code,L,70004265,CP,2006-01-07T07:40,2006-01-07T09:30,ORY,1661516681
KBXUJTJM,code,L,70004264,FO,2006-01-07T04:50,2006-01-07T06:55,LYS,1661516681
KBXUJTJM,code,L,70004265,FO,2006-01-07T07:40,2006-01-07T09:30,ORY,1661516681
YFWBJHHT,code,L,70004264,CS,2006-01-07T04:50,2006-01-07T06:55,LYS,1661516681
YFWBJHHT,code,L,70004265,CS,2006-01-07T07:40,2006-01-07T09:30,ORY,1661516681
JGKUTWBX,code,L,70004264,CS,2006-01-07T04:50,2006-01-07T06:55,LYS,1661516681
JGKUTWBX,code,L,70004265,CS,2006-01-07T07:40,2006-01-07T09:30,ORY,1661516681
BYIGYCPY,code,L,70004264,ST,2006-01-07T04:50,2006-01-07T06:55,LYS,1661516681
BYIGYCPY,code,L,70004265,ST,2006-01-07T07:40,2006-01-07T09:30,ORY,1661516681
UBRIEXAC,code,L,70004264,ST,2006-01-07T04:50,2006-01-07T06:55,LYS,1661516681
UBRIEXAC,code,L,70004265,ST,2006-01-07T07:40,2006-01-07T09:30,ORY,1661516681
TVHDCAOF,code,L,70004264,ST,2006-01-07T04:50,2006-01-07T06:55,LYS,1661516681
TVHDCAOF,code,L,70004265,ST,2006-01-07T07:40,2006-01-07T09:30,ORY,1661516681
LWPVUCNW,code,L,70004264,ST,2006-01-07T04:50,2006-01-07T06:55,LYS,1661516681
LWPVUCNW,code,L,70004265,ST,2006-01-07T07:40,2006-01-07T09:30,ORY,1661516681
RZQWHHPA,code,L,70004344,CP,2006-01-07T04:50,2006-01-07T07:10,BIQ,359906493
RZQWHHPA,code,L,70004343,CP,2006-01-07T07:55,2006-01-07T09:55,ORY,359906493
LTBVFLGL,code,L,70004344,FO,2006-01-07T04:50,2006-01-07T07:10,BIQ,359906493
LTBVFLGL,code,L,70004343,FO,2006-01-07T07:55,2006-01-07T09:55,ORY,359906493
KKWZYQEF,code,L,70004344,CS,2006-01-07T04:50,2006-01-07T07:10,BIQ,359906493
KKWZYQEF,code,L,70004343,CS,2006-01-07T07:55,2006-01-07T09:55,ORY,359906493
KTSXQNXO,code,L,70004344,ST,2006-01-07T04:50,2006-01-07T07:10,BIQ,359906493
KTSXQNXO,code,L,70004343,ST,2006-01-07T07:55,2006-01-07T09:55,ORY,359906493
AXSATLPL,code,L,70004344,ST,2006-01-07T04:50,2006-01-07T07:10,BIQ,359906493
AXSATLPL,code,L,70004343,ST,2006-01-07T07:55,2006-01-07T09:55,ORY,359906493
ZRFHSYYD,code,L,70004344,ST,2006-01-07T04:50,2006-01-07T07:10,BIQ,359906493
ZRFHSYYD,code,L,70004343,ST,2006-01-07T07:55,2006-01-07T09:55,ORY,359906493
WJMCAIZL,code,L,70005163,CP,2006-01-07T04:50,2006-01-07T07:40,BOD,295069519
WJMCAIZL,code,L,70005164,CP,2006-01-07T08:55,2006-01-07T11:30,AMS,295069519
GXFCURDZ,code,L,70005163,FO,2006-01-07T04:50,2006-01-07T07:40,BOD,295069519
GXFCURDZ,code,L,70005164,FO,2006-01-07T08:55,2006-01-07T11:30,AMS,295069519
CSMIJSPX,code,L,70005163,CS,2006-01-07T04:50,2006-01-07T07:40,BOD,295069519
CSMIJSPX,code,L,70005164,CS,2006-01-07T08:55,2006-01-07T11:30,AMS,295069519
SLJWVYIT,code,L,70005163,ST,2006-01-07T04:50,2006-01-07T07:40,BOD,295069519
SLJWVYIT,code,L,70005164,ST,2006-01-07T08:55,2006-01-07T11:30,AMS,295069519
BCTNOVOR,code,L,70005163,ST,2006-01-07T04:50,2006-01-07T07:40,BOD,295069519
BCTNOVOR,code,L,70005164,ST,2006-01-07T08:55,2006-01-07T11:30,AMS,295069519
VRQYOOGC,code,L,70005163,ST,2006-01-07T04:50,2006-01-07T07:40,BOD,295069519
VRQYOOGC,code,L,70005164,ST,2006-01-07T08:55,2006-01-07T11:30,AMS,295069519
UNNNCANK,code,L,70002648,CP,2006-01-07T04:50,2006-01-07T06:50,SXB,178283218
UNNNCANK,code,L,70002647,CP,2006-01-07T07:40,2006-01-07T09:25,LYS,178283218
DKGTSAZN,code,L,70002648,FO,2006-01-07T04:50,2006-01-07T06:50,SXB,178283218
DKGTSAZN,code,L,70002647,FO,2006-01-07T07:40,2006-01-07T09:25,LYS,178283218
TUEWWVFQ,code,L,70002648,CSD,2006-01-07T04:50,2006-01-07T06:50,SXB,178283218
TUEWWVFQ,code,L,70002647,CSD,2006-01-07T07:40,2006-01-07T09:25,LYS,178283218
CFCYPVEP,code,L,70002648,ST,2006-01-07T04:50,2006-01-07T06:50,SXB,178283218
CFCYPVEP,code,L,70002647,ST,2006-01-07T07:40,2006-01-07T09:25,LYS,178283218
YWFOSZII,code,L,70002648,ST,2006-01-07T04:50,2006-01-07T06:50,SXB,178283218
YWFOSZII,code,L,70002647,ST,2006-01-07T07:40,2006-01-07T09:25,LYS,178283218
SZSUDWCT,code,L,70002648,ST,2006-01-07T04:50,2006-01-07T06:50,SXB,178283218
SZSUDWCT,code,L,70002647,ST,2006-01-07T07:40,2006-01-07T09:25,LYS,178283218
VXJHCUKV,code,L,70004544,CP,2006-01-07T04:55,2006-01-07T07:25,MPL,134224868
VXJHCUKV,code,L,70004547,CP,2006-01-07T19:50,2006-01-07T22:00,CDG,134224868
CUOUIYZH,code,L,70004544,FO,2006-01-07T04:55,2006-01-07T07:25,MPL,134224868
CUOUIYZH,code,L,70004547,FO,2006-01-07T19:50,2006-01-07T22:00,CDG,134224868
KSKKJZVQ,code,L,70004544,CS,2006-01-07T04:55,2006-01-07T07:25,MPL,134224868
KSKKJZVQ,code,L,70004547,CS,2006-01-07T19:50,2006-01-07T22:00,CDG,134224868
ADHFVXQX,code,L,70004544,CS,2006-01-07T04:55,2006-01-07T07:25,MPL,134224868
ADHFVXQX,code,L,70004547,CS,2006-01-07T19:50,2006-01-07T22:00,CDG,134224868
OJQDCCJN,code,L,70004544,ST,2006-01-07T04:55,2006-01-07T07:25,MPL,134224868
OJQDCCJN,code,L,70004547,ST,2006-01-07T19:50,2006-01-07T22:00,CDG,134224868
TMFUHKZW,code,L,70004544,ST,2006-01-07T04:55,2006-01-07T07:25,MPL,134224868
TMFUHKZW,code,L,70004547,ST,2006-01-07T19:50,2006-01-07T22:00,CDG,134224868
KMDPLNSP,code,L,70004544,ST,2006-01-07T04:55,2006-01-07T07:25,MPL,134224868
KMDPLNSP,code,L,70004547,ST,2006-01-07T19:50,2006-01-07T22:00,CDG,134224868
LTLJABIH,code,L,70004544,ST,2006-01-07T04:55,2006-01-07T07:25,MPL,134224868
LTLJABIH,code,L,70004547,ST,2006-01-07T19:50,2006-01-07T22:00,CDG,134224868
EFDBYQZB,code,L,70001364,CP,2006-01-07T04:55,2006-01-07T07:35,AJA,1454666067
EFDBYQZB,code,L,70001363,CP,2006-01-07T08:25,2006-01-07T10:50,ORY,1454666067
LJHPKVSH,code,L,70001364,FO,2006-01-07T04:55,2006-01-07T07:35,AJA,1454666067
LJHPKVSH,code,L,70001363,FO,2006-01-07T08:25,2006-01-07T10:50,ORY,1454666067
AZIJEAFN,code,L,70001364,CS,2006-01-07T04:55,2006-01-07T07:35,AJA,1454666067
AZIJEAFN,code,L,70001363,CS,2006-01-07T08:25,2006-01-07T10:50,ORY,1454666067
TKEBPTOU,code,L,70001364,CS,2006-01-07T04:55,2006-01-07T07:35,AJA,1454666067
TKEBPTOU,code,L,70001363,CS,2006-01-07T08:25,2006-01-07T10:50,ORY,1454666067
OMOVDPYI,code,L,70001364,ST,2006-01-07T04:55,2006-01-07T07:35,AJA,1454666067
OMOVDPYI,code,L,70001363,ST,2006-01-07T08:25,2006-01-07T10:50,ORY,1454666067
VODQGAKY,code,L,70001364,ST,2006-01-07T04:55,2006-01-07T07:35,AJA,1454666067
VODQGAKY,code,L,70001363,ST,2006-01-07T08:25,2006-01-07T10:50,ORY,1454666067
BVHYCJPV,code,L,70001364,ST,2006-01-07T04:55,2006-01-07T07:35,AJA,1454666067
BVHYCJPV,code,L,70001363,ST,2006-01-07T08:25,2006-01-07T10:50,ORY,1454666067
JJJDXDVI,code,L,70001364,ST,2006-01-07T04:55,2006-01-07T07:35,AJA,1454666067
JJJDXDVI,code,L,70001363,ST,2006-01-07T08:25,2006-01-07T10:50,ORY,1454666067
FVLNUCYD,code,L,70001374,CP,2006-01-07T04:55,2006-01-07T07:30,BIA,525100016
FVLNUCYD,code,L,70001379,CP,2006-01-07T08:30,2006-01-07T10:50,ORY,525100016
CVYJDCFY,code,L,70001374,FO,2006-01-07T04:55,2006-01-07T07:30,BIA,525100016
CVYJDCFY,code,L,70001379,FO,2006-01-07T08:30,2006-01-07T10:50,ORY,525100016
BZHUDLPW,code,L,70001374,CS,2006-01-07T04:55,2006-01-07T07:30,BIA,525100016
BZHUDLPW,code,L,70001379,CS,2006-01-07T08:30,2006-01-07T10:50,ORY,525100016
UTGKAYRF,code,L,70001374,CS,2006-01-07T04:55,2006-01-07T07:30,BIA,525100016
UTGKAYRF,code,L,70001379,CS,2006-01-07T08:30,2006-01-07T10:50,ORY,525100016
XFFNIHQB,code,L,70001374,ST,2006-01-07T04:55,2006-01-07T07:30,BIA,525100016
XFFNIHQB,code,L,70001379,ST,2006-01-07T08:30,2006-01-07T10:50,ORY,525100016
RONEZEUU,code,L,70001374,ST,2006-01-07T04:55,2006-01-07T07:30,BIA,525100016
RONEZEUU,code,L,70001379,ST,2006-01-07T08:30,2006-01-07T10:50,ORY,525100016
RIQLNVNP,code,L,70001374,ST,2006-01-07T04:55,2006-01-07T07:30,BIA,525100016
RIQLNVNP,code,L,70001379,ST,2006-01-07T08:30,2006-01-07T10:50,ORY,525100016
HRTUFPBQ,code,L,70001374,ST,2006-01-07T04:55,2006-01-07T07:30,BIA,525100016
HRTUFPBQ,code,L,70001379,ST,2006-01-07T08:30,2006-01-07T10:50,ORY,525100016
DUTCBWSF,code,L,70002673,CP,2006-01-07T04:55,2006-01-07T07:20,SXB,657187435
DUTCBWSF,code,L,70002674,CP,2006-01-07T07:55,2006-01-07T10:10,LGW,657187435
MDFMFXSI,code,L,70002673,FO,2006-01-07T04:55,2006-01-07T07:20,SXB,657187435
MDFMFXSI,code,L,70002674,FO,2006-01-07T07:55,2006-01-07T10:10,LGW,657187435
OAIRHHMH,code,L,70002673,CSD,2006-01-07T04:55,2006-01-07T07:20,SXB,657187435
OAIRHHMH,code,L,70002674,CSD,2006-01-07T07:55,2006-01-07T10:10,LGW,657187435
YHTRFHFB,code,L,70002673,ST,2006-01-07T04:55,2006-01-07T07:20,SXB,657187435
YHTRFHFB,code,L,70002674,ST,2006-01-07T07:55,2006-01-07T10:10,LGW,657187435
BKXUHZJZ,code,L,70002673,ST,2006-01-07T04:55,2006-01-07T07:20,SXB,657187435
BKXUHZJZ,code,L,70002674,ST,2006-01-07T07:55,2006-01-07T10:10,LGW,657187435
LASSTMEJ,code,L,70002673,ST,2006-01-07T04:55,2006-01-07T07:20,SXB,657187435
LASSTMEJ,code,L,70002674,ST,2006-01-07T07:55,2006-01-07T10:10,LGW,657187435
OIEQBQIW,code,L,70003103,CP,2006-01-07T05:00,2006-01-07T07:20,ORY,532638534
OIEQBQIW,code,L,70003068,CP,2006-01-07T08:05,2006-01-07T10:15,NCE,532638534
DBDNWOWA,code,L,70003103,FO,2006-01-07T05:00,2006-01-07T07:20,ORY,532638534
DBDNWOWA,code,L,70003068,FO,2006-01-07T08:05,2006-01-07T10:15,NCE,532638534
KTRLOVME,code,L,70003103,CS,2006-01-07T05:00,2006-01-07T07:20,ORY,532638534
KTRLOVME,code,L,70003068,CS,2006-01-07T08:05,2006-01-07T10:15,NCE,532638534
EJIKHCCW,code,L,70003103,CS,2006-01-07T05:00,2006-01-07T07:20,ORY,532638534
EJIKHCCW,code,L,70003068,CS,2006-01-07T08:05,2006-01-07T10:15,NCE,532638534
KQDAQATT,code,L,70003103,ST,2006-01-07T05:00,2006-01-07T07:20,ORY,532638534
KQDAQATT,code,L,70003068,ST,2006-01-07T08:05,2006-01-07T10:15,NCE,532638534
FGZPGJQR,code,L,70003103,ST,2006-01-07T05:00,2006-01-07T07:20,ORY,532638534
FGZPGJQR,code,L,70003068,ST,2006-01-07T08:05,2006-01-07T10:15,NCE,532638534
TBFYKMCY,code,L,70003103,ST,2006-01-07T05:00,2006-01-07T07:20,ORY,532638534
TBFYKMCY,code,L,70003068,ST,2006-01-07T08:05,2006-01-07T10:15,NCE,532638534
KSVJPAOU,code,L,70003103,ST,2006-01-07T05:00,2006-01-07T07:20,ORY,532638534
KSVJPAOU,code,L,70003068,ST,2006-01-07T08:05,2006-01-07T10:15,NCE,532638534
GRAFYYYC,code,L,70002793,CP,2006-01-07T05:00,2006-01-07T07:10,LRT,796471501
GRAFYYYC,code,L,70002794,CP,2006-01-07T07:55,2006-01-07T09:45,ORY,796471501
PXJWOQEV,code,L,70002793,FO,2006-01-07T05:00,2006-01-07T07:10,LRT,796471501
PXJWOQEV,code,L,70002794,FO,2006-01-07T07:55,2006-01-07T09:45,ORY,796471501
EOGAOJFF,code,L,70002793,CSD,2006-01-07T05:00,2006-01-07T07:10,LRT,796471501
EOGAOJFF,code,L,70002794,CSD,2006-01-07T07:55,2006-01-07T09:45,ORY,796471501
FYEBBUWX,code,L,70002793,ST,2006-01-07T05:00,2006-01-07T07:10,LRT,796471501
FYEBBUWX,code,L,70002794,ST,2006-01-07T07:55,2006-01-07T09:45,ORY,796471501
QWXFTWZX,code,L,70002793,ST,2006-01-07T05:00,2006-01-07T07:10,LRT,796471501
QWXFTWZX,code,L,70002794,ST,2006-01-07T07:55,2006-01-07T09:45,ORY,796471501
SXGVRQOV,code,L,70002793,ST,2006-01-07T05:00,2006-01-07T07:10,LRT,796471501
SXGVRQOV,code,L,70002794,ST,2006-01-07T07:55,2006-01-07T09:45,ORY,796471501
NFMYZZBL,code,L,70002534,CP,2006-01-07T05:00,2006-01-07T06:45,BES,435943218
NFMYZZBL,code,L,70002634,CP,2006-01-07T07:15,2006-01-07T08:35,NTE,435943218
NFMYZZBL,code,L,70002633,CP,2006-01-07T09:05,2006-01-07T10:25,SXB,435943218
NFMYZZBL,code,L,70002533,CP,2006-01-07T10:55,2006-01-07T11:35,NTE,435943218
NFMYZZBL,code,L,70002655,CP,2006-01-07T12:20,2006-01-07T13:50,BES,435943218
NFMYZZBL,code,L,70002656,CP,2006-01-07T14:30,2006-01-07T16:40,LYS,435943218
ECICEBJE,code,L,70002534,FO,2006-01-07T05:00,2006-01-07T06:45,BES,435943218
ECICEBJE,code,L,70002634,FO,2006-01-07T07:15,2006-01-07T08:35,NTE,435943218
ECICEBJE,code,L,70002633,FO,2006-01-07T09:05,2006-01-07T10:25,SXB,435943218
ECICEBJE,code,L,70002533,FO,2006-01-07T10:55,2006-01-07T11:35,NTE,435943218
ECICEBJE,code,L,70002655,FO,2006-01-07T12:20,2006-01-07T13:50,BES,435943218
ECICEBJE,code,L,70002656,FO,2006-01-07T14:30,2006-01-07T16:40,LYS,435943218
LGGDLYET,code,L,70002534,CSD,2006-01-07T05:00,2006-01-07T06:45,BES,435943218
LGGDLYET,code,L,70002634,CSD,2006-01-07T07:15,2006-01-07T08:35,NTE,435943218
LGGDLYET,code,L,70002633,CSD,2006-01-07T09:05,2006-01-07T10:25,SXB,435943218
LGGDLYET,code,L,70002533,CSD,2006-01-07T10:55,2006-01-07T11:35,NTE,435943218
LGGDLYET,code,L,70002655,CSD,2006-01-07T12:20,2006-01-07T13:50,BES,435943218
LGGDLYET,code,L,70002656,CSD,2006-01-07T14:30,2006-01-07T16:40,LYS,435943218
ALBWESFL,code,L,70002534,ST,2006-01-07T05:00,2006-01-07T06:45,BES,435943218
ALBWESFL,code,L,70002634,ST,2006-01-07T07:15,2006-01-07T08:35,NTE,435943218
ALBWESFL,code,L,70002633,ST,2006-01-07T09:05,2006-01-07T10:25,SXB,435943218
ALBWESFL,code,L,70002533,ST,2006-01-07T10:55,2006-01-07T11:35,NTE,435943218
ALBWESFL,code,L,70002655,ST,2006-01-07T12:20,2006-01-07T13:50,BES,435943218
ALBWESFL,code,L,70002656,ST,2006-01-07T14:30,2006-01-07T16:40,LYS,435943218
BNZUDBLQ,code,L,70002534,ST,2006-01-07T05:00,2006-01-07T06:45,BES,435943218
BNZUDBLQ,code,L,70002634,ST,2006-01-07T07:15,2006-01-07T08:35,NTE,435943218
BNZUDBLQ,code,L,70002633,ST,2006-01-07T09:05,2006-01-07T10:25,SXB,435943218
BNZUDBLQ,code,L,70002533,ST,2006-01-07T10:55,2006-01-07T11:35,NTE,435943218
BNZUDBLQ,code,L,70002655,ST,2006-01-07T12:20,2006-01-07T13:50,BES,435943218
BNZUDBLQ,code,L,70002656,ST,2006-01-07T14:30,2006-01-07T16:40,LYS,435943218
WBJSBNLO,code,L,70002534,ST,2006-01-07T05:00,2006-01-07T06:45,BES,435943218
WBJSBNLO,code,L,70002634,ST,2006-01-07T07:15,2006-01-07T08:35,NTE,435943218
WBJSBNLO,code,L,70002633,ST,2006-01-07T09:05,2006-01-07T10:25,SXB,435943218
WBJSBNLO,code,L,70002533,ST,2006-01-07T10:55,2006-01-07T11:35,NTE,435943218
WBJSBNLO,code,L,70002655,ST,2006-01-07T12:20,2006-01-07T13:50,BES,435943218
WBJSBNLO,code,L,70002656,ST,2006-01-07T14:30,2006-01-07T16:40,LYS,435943218
SCYOSOMA,code,L,70003064,CP,2006-01-07T05:05,2006-01-07T07:30,NCE,929393559
SCYOSOMA,code,L,70003069,CP,2006-01-07T08:00,2006-01-07T10:05,ORY,929393559
ICRRCJPJ,code,L,70003064,FO,2006-01-07T05:05,2006-01-07T07:30,NCE,929393559
ICRRCJPJ,code,L,70003069,FO,2006-01-07T08:00,2006-01-07T10:05,ORY,929393559
RJGVOWWY,code,L,70003064,CS,2006-01-07T05:05,2006-01-07T07:30,NCE,929393559
RJGVOWWY,code,L,70003069,CS,2006-01-07T08:00,2006-01-07T10:05,ORY,929393559
KVBGHSGO,code,L,70003064,CS,2006-01-07T05:05,2006-01-07T07:30,NCE,929393559
KVBGHSGO,code,L,70003069,CS,2006-01-07T08:00,2006-01-07T10:05,ORY,929393559
GHLUVGRV,code,L,70003064,ST,2006-01-07T05:05,2006-01-07T07:30,NCE,929393559
GHLUVGRV,code,L,70003069,ST,2006-01-07T08:00,2006-01-07T10:05,ORY,929393559
CNOXXRMY,code,L,70003064,ST,2006-01-07T05:05,2006-01-07T07:30,NCE,929393559
CNOXXRMY,code,L,70003069,ST,2006-01-07T08:00,2006-01-07T10:05,ORY,929393559
KMRMWGWQ,code,L,70003064,ST,2006-01-07T05:05,2006-01-07T07:30,NCE,929393559
KMRMWGWQ,code,L,70003069,ST,2006-01-07T08:00,2006-01-07T10:05,ORY,929393559
MXZXSKGG,code,L,70003064,ST,2006-01-07T05:05,2006-01-07T07:30,NCE,929393559
MXZXSKGG,code,L,70003069,ST,2006-01-07T08:00,2006-01-07T10:05,ORY,929393559
HKCXYJPQ,code,L,70004656,CP,2006-01-07T05:05,2006-01-07T07:35,TLS,1903678842
HKCXYJPQ,code,L,70004645,CP,2006-01-07T09:30,2006-01-07T11:40,CDG,1903678842
TQBREKGN,code,L,70004656,FO,2006-01-07T05:05,2006-01-07T07:35,TLS,1903678842
TQBREKGN,code,L,70004645,FO,2006-01-07T09:30,2006-01-07T11:40,CDG,1903678842
PQAVASRK,code,L,70004656,CS,2006-01-07T05:05,2006-01-07T07:35,TLS,1903678842
PQAVASRK,code,L,70004645,CS,2006-01-07T09:30,2006-01-07T11:40,CDG,1903678842
KLTOUGDS,code,L,70004656,CS,2006-01-07T05:05,2006-01-07T07:35,TLS,1903678842
KLTOUGDS,code,L,70004645,CS,2006-01-07T09:30,2006-01-07T11:40,CDG,1903678842
YORWSOKC,code,L,70004656,ST,2006-01-07T05:05,2006-01-07T07:35,TLS,1903678842
YORWSOKC,code,L,70004645,ST,2006-01-07T09:30,2006-01-07T11:40,CDG,1903678842
ZLXNWGHI,code,L,70004656,ST,2006-01-07T05:05,2006-01-07T07:35,TLS,1903678842
ZLXNWGHI,code,L,70004645,ST,2006-01-07T09:30,2006-01-07T11:40,CDG,1903678842
OKJXYKWE,code,L,70004656,ST,2006-01-07T05:05,2006-01-07T07:35,TLS,1903678842
OKJXYKWE,code,L,70004645,ST,2006-01-07T09:30,2006-01-07T11:40,CDG,1903678842
PBINYGTI,code,L,70004656,ST,2006-01-07T05:05,2006-01-07T07:35,TLS,1903678842
PBINYGTI,code,L,70004645,ST,2006-01-07T09:30,2006-01-07T11:40,CDG,1903678842
YMQCHKOJ,code,L,7000152,CP,2006-01-07T05:05,2006-01-07T07:20,MLH,1130118952
YMQCHKOJ,code,L,7000145,CP,2006-01-07T08:05,2006-01-07T10:00,CDG,1130118952
GPMRMLSW,code,L,7000152,FO,2006-01-07T05:05,2006-01-07T07:20,MLH,1130118952
GPMRMLSW,code,L,7000145,FO,2006-01-07T08:05,2006-01-07T10:00,CDG,1130118952
BYQVOKQZ,code,L,7000152,CS,2006-01-07T05:05,2006-01-07T07:20,MLH,1130118952
BYQVOKQZ,code,L,7000145,CS,2006-01-07T08:05,2006-01-07T10:00,CDG,1130118952
BZQEUOGW,code,L,7000152,CS,2006-01-07T05:05,2006-01-07T07:20,MLH,1130118952
BZQEUOGW,code,L,7000145,CS,2006-01-07T08:05,2006-01-07T10:00,CDG,1130118952
AXSWVVEK,code,L,7000152,ST,2006-01-07T05:05,2006-01-07T07:20,MLH,1130118952
AXSWVVEK,code,L,7000145,ST,2006-01-07T08:05,2006-01-07T10:00,CDG,1130118952
UQNZQYYW,code,L,7000152,ST,2006-01-07T05:05,2006-01-07T07:20,MLH,1130118952
UQNZQYYW,code,L,7000145,ST,2006-01-07T08:05,2006-01-07T10:00,CDG,1130118952
XXTBGQHW,code,L,7000152,ST,2006-01-07T05:05,2006-01-07T07:20,MLH,1130118952
XXTBGQHW,code,L,7000145,ST,2006-01-07T08:05,2006-01-07T10:00,CDG,1130118952
ZJVWZMPV,code,L,7000152,ST,2006-01-07T05:05,2006-01-07T07:20,MLH,1130118952
ZJVWZMPV,code,L,7000145,ST,2006-01-07T08:05,2006-01-07T10:00,CDG,1130118952
KALTPFOC,code,L,70002968,CP,2006-01-07T05:10,2006-01-07T07:30,TLS,2035035283
KALTPFOC,code,L,70004269,CP,2006-01-07T09:30,2006-01-07T10:35,ORY,2035035283
KALTPFOC,code,L,70004270,CP,2006-01-07T11:20,2006-01-07T12:25,LYS,2035035283
KALTPFOC,code,L,70004271,CP,2006-01-07T13:40,2006-01-07T14:45,ORY,2035035283
KALTPFOC,code,L,70004276,CP,2006-01-07T16:10,2006-01-07T17:15,LYS,2035035283
KALTPFOC,code,L,70002967,CP,2006-01-07T18:25,2006-01-07T20:30,ORY,2035035283
CBJEPWTG,code,L,70002968,FO,2006-01-07T05:10,2006-01-07T07:30,TLS,2035035283
CBJEPWTG,code,L,70004269,FO,2006-01-07T09:30,2006-01-07T10:35,ORY,2035035283
CBJEPWTG,code,L,70004270,FO,2006-01-07T11:20,2006-01-07T12:25,LYS,2035035283
CBJEPWTG,code,L,70004271,FO,2006-01-07T13:40,2006-01-07T14:45,ORY,2035035283
CBJEPWTG,code,L,70004276,FO,2006-01-07T16:10,2006-01-07T17:15,LYS,2035035283
CBJEPWTG,code,L,70002967,FO,2006-01-07T18:25,2006-01-07T20:30,ORY,2035035283
TAYBJMFN,code,L,70002968,CS,2006-01-07T05:10,2006-01-07T07:30,TLS,2035035283
TAYBJMFN,code,L,70004269,CS,2006-01-07T09:30,2006-01-07T10:35,ORY,2035035283
TAYBJMFN,code,L,70004270,CS,2006-01-07T11:20,2006-01-07T12:25,LYS,2035035283
TAYBJMFN,code,L,70004271,CS,2006-01-07T13:40,2006-01-07T14:45,ORY,2035035283
TAYBJMFN,code,L,70004276,CS,2006-01-07T16:10,2006-01-07T17:15,LYS,2035035283
TAYBJMFN,code,L,70002967,CS,2006-01-07T18:25,2006-01-07T20:30,ORY,2035035283
WVYRKRUY,code,L,70002968,CS,2006-01-07T05:10,2006-01-07T07:30,TLS,2035035283
WVYRKRUY,code,L,70004269,CS,2006-01-07T09:30,2006-01-07T10:35,ORY,2035035283
WVYRKRUY,code,L,70004270,CS,2006-01-07T11:20,2006-01-07T12:25,LYS,2035035283
WVYRKRUY,code,L,70004271,CS,2006-01-07T13:40,2006-01-07T14:45,ORY,2035035283
WVYRKRUY,code,L,70004276,CS,2006-01-07T16:10,2006-01-07T17:15,LYS,2035035283
WVYRKRUY,code,L,70002967,CS,2006-01-07T18:25,2006-01-07T20:30,ORY,2035035283
KWGOMFDP,code,L,70002968,ST,2006-01-07T05:10,2006-01-07T07:30,TLS,2035035283
KWGOMFDP,code,L,70004269,ST,2006-01-07T09:30,2006-01-07T10:35,ORY,2035035283
KWGOMFDP,code,L,70004270,ST,2006-01-07T11:20,2006-01-07T12:25,LYS,2035035283
KWGOMFDP,code,L,70004271,ST,2006-01-07T13:40,2006-01-07T14:45,ORY,2035035283
KWGOMFDP,code,L,70004276,ST,2006-01-07T16:10,2006-01-07T17:15,LYS,2035035283
KWGOMFDP,code,L,70002967,ST,2006-01-07T18:25,2006-01-07T20:30,ORY,2035035283
HHGDZUKR,code,L,70002968,ST,2006-01-07T05:10,2006-01-07T07:30,TLS,2035035283
HHGDZUKR,code,L,70004269,ST,2006-01-07T09:30,2006-01-07T10:35,ORY,2035035283
HHGDZUKR,code,L,70004270,ST,2006-01-07T11:20,2006-01-07T12:25,LYS,2035035283
HHGDZUKR,code,L,70004271,ST,2006-01-07T13:40,2006-01-07T14:45,ORY,2035035283
HHGDZUKR,code,L,70004276,ST,2006-01-07T16:10,2006-01-07T17:15,LYS,2035035283
HHGDZUKR,code,L,70002967,ST,2006-01-07T18:25,2006-01-07T20:30,ORY,2035035283
PNSSBKEH,code,L,70002968,ST,2006-01-07T05:10,2006-01-07T07:30,TLS,2035035283
PNSSBKEH,code,L,70004269,ST,2006-01-07T09:30,2006-01-07T10:35,ORY,2035035283
PNSSBKEH,code,L,70004270,ST,2006-01-07T11:20,2006-01-07T12:25,LYS,2035035283
PNSSBKEH,code,L,70004271,ST,2006-01-07T13:40,2006-01-07T14:45,ORY,2035035283
PNSSBKEH,code,L,70004276,ST,2006-01-07T16:10,2006-01-07T17:15,LYS,2035035283
PNSSBKEH,code,L,70002967,ST,2006-01-07T18:25,2006-01-07T20:30,ORY,2035035283
WLYWPVOK,code,L,70002968,ST,2006-01-07T05:10,2006-01-07T07:30,TLS,2035035283
WLYWPVOK,code,L,70004269,ST,2006-01-07T09:30,2006-01-07T10:35,ORY,2035035283
WLYWPVOK,code,L,70004270,ST,2006-01-07T11:20,2006-01-07T12:25,LYS,2035035283
WLYWPVOK,code,L,70004271,ST,2006-01-07T13:40,2006-01-07T14:45,ORY,2035035283
WLYWPVOK,code,L,70004276,ST,2006-01-07T16:10,2006-01-07T17:15,LYS,2035035283
WLYWPVOK,code,L,70002967,ST,2006-01-07T18:25,2006-01-07T20:30,ORY,2035035283
ONLAJCKH,code,L,70003118,CP,2006-01-07T05:10,2006-01-07T07:20,BOD,56569042
ONLAJCKH,code,L,70003119,CP,2006-01-07T08:10,2006-01-07T10:00,ORY,56569042
SIKXYSCF,code,L,70003118,FO,2006-01-07T05:10,2006-01-07T07:20,BOD,56569042
SIKXYSCF,code,L,70003119,FO,2006-01-07T08:10,2006-01-07T10:00,ORY,56569042
KHBOPJFU,code,L,70003118,CS,2006-01-07T05:10,2006-01-07T07:20,BOD,56569042
KHBOPJFU,code,L,70003119,CS,2006-01-07T08:10,2006-01-07T10:00,ORY,56569042
YZHNYAQK,code,L,70003118,CS,2006-01-07T05:10,2006-01-07T07:20,BOD,56569042
YZHNYAQK,code,L,70003119,CS,2006-01-07T08:10,2006-01-07T10:00,ORY,56569042
FCBZUPYB,code,L,70003118,ST,2006-01-07T05:10,2006-01-07T07:20,BOD,56569042
FCBZUPYB,code,L,70003119,ST,2006-01-07T08:10,2006-01-07T10:00,ORY,56569042
TFWTXPJI,code,L,70003118,ST,2006-01-07T05:10,2006-01-07T07:20,BOD,56569042
TFWTXPJI,code,L,70003119,ST,2006-01-07T08:10,2006-01-07T10:00,ORY,56569042
QUJOYEGD,code,L,70003118,ST,2006-01-07T05:10,2006-01-07T07:20,BOD,56569042
QUJOYEGD,code,L,70003119,ST,2006-01-07T08:10,2006-01-07T10:00,ORY,56569042
JVQZCDTB,code,L,70003118,ST,2006-01-07T05:10,2006-01-07T07:20,BOD,56569042
JVQZCDTB,code,L,70003119,ST,2006-01-07T08:10,2006-01-07T10:00,ORY,56569042
KDYCDKEW,code,L,70004498,CP,2006-01-07T05:15,2006-01-07T07:45,BIQ,61497087
KDYCDKEW,code,L,70004515,CP,2006-01-07T08:35,2006-01-07T09:45,CDG,61497087
KDYCDKEW,code,L,70004506,CP,2006-01-07T12:40,2006-01-07T13:50,LYS,61497087
KDYCDKEW,code,L,70004519,CP,2006-01-07T14:25,2006-01-07T15:25,CDG,61497087
KDYCDKEW,code,L,70004520,CP,2006-01-07T16:05,2006-01-07T17:10,CFE,61497087
KDYCDKEW,code,L,70004499,CP,2006-01-07T20:25,2006-01-07T22:35,CDG,61497087
AXXZZBIH,code,L,70004498,FO,2006-01-07T05:15,2006-01-07T07:45,BIQ,61497087
AXXZZBIH,code,L,70004515,FO,2006-01-07T08:35,2006-01-07T09:45,CDG,61497087
AXXZZBIH,code,L,70004506,FO,2006-01-07T12:40,2006-01-07T13:50,LYS,61497087
AXXZZBIH,code,L,70004519,FO,2006-01-07T14:25,2006-01-07T15:25,CDG,61497087
AXXZZBIH,code,L,70004520,FO,2006-01-07T16:05,2006-01-07T17:10,CFE,61497087
AXXZZBIH,code,L,70004499,FO,2006-01-07T20:25,2006-01-07T22:35,CDG,61497087
HHMZSBRW,code,L,70004498,CS,2006-01-07T05:15,2006-01-07T07:45,BIQ,61497087
HHMZSBRW,code,L,70004515,CS,2006-01-07T08:35,2006-01-07T09:45,CDG,61497087
HHMZSBRW,code,L,70004506,CS,2006-01-07T12:40,2006-01-07T13:50,LYS,61497087
HHMZSBRW,code,L,70004519,CS,2006-01-07T14:25,2006-01-07T15:25,CDG,61497087
HHMZSBRW,code,L,70004520,CS,2006-01-07T16:05,2006-01-07T17:10,CFE,61497087
HHMZSBRW,code,L,70004499,CS,2006-01-07T20:25,2006-01-07T22:35,CDG,61497087
DMZPWXRX,code,L,70004498,CS,2006-01-07T05:15,2006-01-07T07:45,BIQ,61497087
DMZPWXRX,code,L,70004515,CS,2006-01-07T08:35,2006-01-07T09:45,CDG,61497087
DMZPWXRX,code,L,70004506,CS,2006-01-07T12:40,2006-01-07T13:50,LYS,61497087
DMZPWXRX,code,L,70004519,CS,2006-01-07T14:25,2006-01-07T15:25,CDG,61497087
DMZPWXRX,code,L,70004520,CS,2006-01-07T16:05,2006-01-07T17:10,CFE,61497087
DMZPWXRX,code,L,70004499,CS,2006-01-07T20:25,2006-01-07T22:35,CDG,61497087
AJZVLFAW,code,L,70004498,ST,2006-01-07T05:15,2006-01-07T07:45,BIQ,61497087
AJZVLFAW,code,L,70004515,ST,2006-01-07T08:35,2006-01-07T09:45,CDG,61497087
AJZVLFAW,code,L,70004506,ST,2006-01-07T12:40,2006-01-07T13:50,LYS,61497087
AJZVLFAW,code,L,70004519,ST,2006-01-07T14:25,2006-01-07T15:25,CDG,61497087
AJZVLFAW,code,L,70004520,ST,2006-01-07T16:05,2006-01-07T17:10,CFE,61497087
AJZVLFAW,code,L,70004499,ST,2006-01-07T20:25,2006-01-07T22:35,CDG,61497087
MUVGRZZU,code,L,70004498,ST,2006-01-07T05:15,2006-01-07T07:45,BIQ,61497087
MUVGRZZU,code,L,70004515,ST,2006-01-07T08:35,2006-01-07T09:45,CDG,61497087
MUVGRZZU,code,L,70004506,ST,2006-01-07T12:40,2006-01-07T13:50,LYS,61497087
MUVGRZZU,code,L,70004519,ST,2006-01-07T14:25,2006-01-07T15:25,CDG,61497087
MUVGRZZU,code,L,70004520,ST,2006-01-07T16:05,2006-01-07T17:10,CFE,61497087
MUVGRZZU,code,L,70004499,ST,2006-01-07T20:25,2006-01-07T22:35,CDG,61497087
YWHPMGGT,code,L,70004498,ST,2006-01-07T05:15,2006-01-07T07:45,BIQ,61497087
YWHPMGGT,code,L,70004515,ST,2006-01-07T08:35,2006-01-07T09:45,CDG,61497087
YWHPMGGT,code,L,70004506,ST,2006-01-07T12:40,2006-01-07T13:50,LYS,61497087
YWHPMGGT,code,L,70004519,ST,2006-01-07T14:25,2006-01-07T15:25,CDG,61497087
YWHPMGGT,code,L,70004520,ST,2006-01-07T16:05,2006-01-07T17:10,CFE,61497087
YWHPMGGT,code,L,70004499,ST,2006-01-07T20:25,2006-01-07T22:35,CDG,61497087
CAQXYGDW,code,L,70004498,ST,2006-01-07T05:15,2006-01-07T07:45,BIQ,61497087
CAQXYGDW,code,L,70004515,ST,2006-01-07T08:35,2006-01-07T09:45,CDG,61497087
CAQXYGDW,code,L,70004506,ST,2006-01-07T12:40,2006-01-07T13:50,LYS,61497087
CAQXYGDW,code,L,70004519,ST,2006-01-07T14:25,2006-01-07T15:25,CDG,61497087
CAQXYGDW,code,L,70004520,ST,2006-01-07T16:05,2006-01-07T17:10,CFE,61497087
CAQXYGDW,code,L,70004499,ST,2006-01-07T20:25,2006-01-07T22:35,CDG,61497087
PQCOLIYX,code,L,70004643,CP,2006-01-07T05:15,2006-01-07T07:40,CDG,1507096884
PQCOLIYX,code,L,70002972,CP,2006-01-07T09:10,2006-01-07T10:30,TLS,1507096884
PQCOLIYX,code,L,70004431,CP,2006-01-07T11:40,2006-01-07T13:20,ORY,1507096884
PQCOLIYX,code,L,70004432,CP,2006-01-07T14:35,2006-01-07T16:15,AJA,1507096884
PQCOLIYX,code,L,70004437,CP,2006-01-07T17:00,2006-01-07T18:40,ORY,1507096884
PQCOLIYX,code,L,70004434,CP,2006-01-07T19:30,2006-01-07T20:45,AJA,1507096884
WCHFJPOV,code,L,70004643,FO,2006-01-07T05:15,2006-01-07T07:40,CDG,1507096884
WCHFJPOV,code,L,70002972,FO,2006-01-07T09:10,2006-01-07T10:30,TLS,1507096884
WCHFJPOV,code,L,70004431,FO,2006-01-07T11:40,2006-01-07T13:20,ORY,1507096884
WCHFJPOV,code,L,70004432,FO,2006-01-07T14:35,2006-01-07T16:15,AJA,1507096884
WCHFJPOV,code,L,70004437,FO,2006-01-07T17:00,2006-01-07T18:40,ORY,1507096884
WCHFJPOV,code,L,70004434,FO,2006-01-07T19:30,2006-01-07T20:45,AJA,1507096884
NGTMZKTR,code,L,70004643,CS,2006-01-07T05:15,2006-01-07T07:40,CDG,1507096884
NGTMZKTR,code,L,70002972,CS,2006-01-07T09:10,2006-01-07T10:30,TLS,1507096884
NGTMZKTR,code,L,70004431,CS,2006-01-07T11:40,2006-01-07T13:20,ORY,1507096884
NGTMZKTR,code,L,70004432,CS,2006-01-07T14:35,2006-01-07T16:15,AJA,1507096884
NGTMZKTR,code,L,70004437,CS,2006-01-07T17:00,2006-01-07T18:40,ORY,1507096884
NGTMZKTR,code,L,70004434,CS,2006-01-07T19:30,2006-01-07T20:45,AJA,1507096884
OGQCHNHS,code,L,70004643,CS,2006-01-07T05:15,2006-01-07T07:40,CDG,1507096884
OGQCHNHS,code,L,70002972,CS,2006-01-07T09:10,2006-01-07T10:30,TLS,1507096884
OGQCHNHS,code,L,70004431,CS,2006-01-07T11:40,2006-01-07T13:20,ORY,1507096884
OGQCHNHS,code,L,70004432,CS,2006-01-07T14:35,2006-01-07T16:15,AJA,1507096884
OGQCHNHS,code,L,70004437,CS,2006-01-07T17:00,2006-01-07T18:40,ORY,1507096884
OGQCHNHS,code,L,70004434,CS,2006-01-07T19:30,2006-01-07T20:45,AJA,1507096884
CGSGELSY,code,L,70004643,ST,2006-01-07T05:15,2006-01-07T07:40,CDG,1507096884
CGSGELSY,code,L,70002972,ST,2006-01-07T09:10,2006-01-07T10:30,TLS,1507096884
CGSGELSY,code,L,70004431,ST,2006-01-07T11:40,2006-01-07T13:20,ORY,1507096884
CGSGELSY,code,L,70004432,ST,2006-01-07T14:35,2006-01-07T16:15,AJA,1507096884
CGSGELSY,code,L,70004437,ST,2006-01-07T17:00,2006-01-07T18:40,ORY,1507096884
CGSGELSY,code,L,70004434,ST,2006-01-07T19:30,2006-01-07T20:45,AJA,1507096884
REEMUIRG,code,L,70004643,ST,2006-01-07T05:15,2006-01-07T07:40,CDG,1507096884
REEMUIRG,code,L,70002972,ST,2006-01-07T09:10,2006-01-07T10:30,TLS,1507096884
REEMUIRG,code,L,70004431,ST,2006-01-07T11:40,2006-01-07T13:20,ORY,1507096884
REEMUIRG,code,L,70004432,ST,2006-01-07T14:35,2006-01-07T16:15,AJA,1507096884
REEMUIRG,code,L,70004437,ST,2006-01-07T17:00,2006-01-07T18:40,ORY,1507096884
REEMUIRG,code,L,70004434,ST,2006-01-07T19:30,2006-01-07T20:45,AJA,1507096884
KXSAUFSQ,code,L,70004643,ST,2006-01-07T05:15,2006-01-07T07:40,CDG,1507096884
KXSAUFSQ,code,L,70002972,ST,2006-01-07T09:10,2006-01-07T10:30,TLS,1507096884
KXSAUFSQ,code,L,70004431,ST,2006-01-07T11:40,2006-01-07T13:20,ORY,1507096884
KXSAUFSQ,code,L,70004432,ST,2006-01-07T14:35,2006-01-07T16:15,AJA,1507096884
KXSAUFSQ,code,L,70004437,ST,2006-01-07T17:00,2006-01-07T18:40,ORY,1507096884
KXSAUFSQ,code,L,70004434,ST,2006-01-07T19:30,2006-01-07T20:45,AJA,1507096884
UCEOTHAX,code,L,70004643,ST,2006-01-07T05:15,2006-01-07T07:40,CDG,1507096884
UCEOTHAX,code,L,70002972,ST,2006-01-07T09:10,2006-01-07T10:30,TLS,1507096884
UCEOTHAX,code,L,70004431,ST,2006-01-07T11:40,2006-01-07T13:20,ORY,1507096884
UCEOTHAX,code,L,70004432,ST,2006-01-07T14:35,2006-01-07T16:15,AJA,1507096884
UCEOTHAX,code,L,70004437,ST,2006-01-07T17:00,2006-01-07T18:40,ORY,1507096884
UCEOTHAX,code,L,70004434,ST,2006-01-07T19:30,2006-01-07T20:45,AJA,1507096884
VYMPQPED,code,L,70004523,CP,2006-01-07T05:15,2006-01-07T07:40,CDG,585887566
VYMPQPED,code,L,70004524,CP,2006-01-07T09:05,2006-01-07T11:20,MRS,585887566
YQVOXHGT,code,L,70004523,FO,2006-01-07T05:15,2006-01-07T07:40,CDG,585887566
YQVOXHGT,code,L,70004524,FO,2006-01-07T09:05,2006-01-07T11:20,MRS,585887566
NYXQJCTE,code,L,70004523,CS,2006-01-07T05:15,2006-01-07T07:40,CDG,585887566
NYXQJCTE,code,L,70004524,CS,2006-01-07T09:05,2006-01-07T11:20,MRS,585887566
GPNEIBRE,code,L,70004523,CS,2006-01-07T05:15,2006-01-07T07:40,CDG,585887566
GPNEIBRE,code,L,70004524,CS,2006-01-07T09:05,2006-01-07T11:20,MRS,585887566
HJAUXNUF,code,L,70004523,ST,2006-01-07T05:15,2006-01-07T07:40,CDG,585887566
HJAUXNUF,code,L,70004524,ST,2006-01-07T09:05,2006-01-07T11:20,MRS,585887566
NFQDDNQU,code,L,70004523,ST,2006-01-07T05:15,2006-01-07T07:40,CDG,585887566
NFQDDNQU,code,L,70004524,ST,2006-01-07T09:05,2006-01-07T11:20,MRS,585887566
RGTKTAPJ,code,L,70004523,ST,2006-01-07T05:15,2006-01-07T07:40,CDG,585887566
RGTKTAPJ,code,L,70004524,ST,2006-01-07T09:05,2006-01-07T11:20,MRS,585887566
ROSGVAMA,code,L,70004523,ST,2006-01-07T05:15,2006-01-07T07:40,CDG,585887566
ROSGVAMA,code,L,70004524,ST,2006-01-07T09:05,2006-01-07T11:20,MRS,585887566
ITRRQWMP,code,L,70004563,CP,2006-01-07T05:20,2006-01-07T07:55,CDG,485266100
ITRRQWMP,code,L,70004564,CP,2006-01-07T09:05,2006-01-07T11:25,NCE,485266100
RCWMTEWA,code,L,70004563,FO,2006-01-07T05:20,2006-01-07T07:55,CDG,485266100
RCWMTEWA,code,L,70004564,FO,2006-01-07T09:05,2006-01-07T11:25,NCE,485266100
OVKZAVGR,code,L,70004563,CS,2006-01-07T05:20,2006-01-07T07:55,CDG,485266100
OVKZAVGR,code,L,70004564,CS,2006-01-07T09:05,2006-01-07T11:25,NCE,485266100
CSPFKLCQ,code,L,70004563,CS,2006-01-07T05:20,2006-01-07T07:55,CDG,485266100
CSPFKLCQ,code,L,70004564,CS,2006-01-07T09:05,2006-01-07T11:25,NCE,485266100
EQINMKIP,code,L,70004563,ST,2006-01-07T05:20,2006-01-07T07:55,CDG,485266100
EQINMKIP,code,L,70004564,ST,2006-01-07T09:05,2006-01-07T11:25,NCE,485266100
CYFYNKEQ,code,L,70004563,ST,2006-01-07T05:20,2006-01-07T07:55,CDG,485266100
CYFYNKEQ,code,L,70004564,ST,2006-01-07T09:05,2006-01-07T11:25,NCE,485266100
ATXUTLWO,code,L,70004563,ST,2006-01-07T05:20,2006-01-07T07:55,CDG,485266100
ATXUTLWO,code,L,70004564,ST,2006-01-07T09:05,2006-01-07T11:25,NCE,485266100
TMENVETZ,code,L,70004563,ST,2006-01-07T05:20,2006-01-07T07:55,CDG,485266100
TMENVETZ,code,L,70004564,ST,2006-01-07T09:05,2006-01-07T11:25,NCE,485266100
LPXLWVVK,code,L,70004375,CP,2006-01-07T05:25,2006-01-07T07:50,ORY,2039633683
LPXLWVVK,code,L,70004376,CP,2006-01-07T08:35,2006-01-07T10:50,TLN,2039633683
DHWCWUDW,code,L,70004375,FO,2006-01-07T05:25,2006-01-07T07:50,ORY,2039633683
DHWCWUDW,code,L,70004376,FO,2006-01-07T08:35,2006-01-07T10:50,TLN,2039633683
YHFRTVDF,code,L,70004375,CS,2006-01-07T05:25,2006-01-07T07:50,ORY,2039633683
YHFRTVDF,code,L,70004376,CS,2006-01-07T08:35,2006-01-07T10:50,TLN,2039633683
ILKFSKYX,code,L,70004375,CS,2006-01-07T05:25,2006-01-07T07:50,ORY,2039633683
ILKFSKYX,code,L,70004376,CS,2006-01-07T08:35,2006-01-07T10:50,TLN,2039633683
HDJKMBMF,code,L,70004375,ST,2006-01-07T05:25,2006-01-07T07:50,ORY,2039633683
HDJKMBMF,code,L,70004376,ST,2006-01-07T08:35,2006-01-07T10:50,TLN,2039633683
LACPXZHC,code,L,70004375,ST,2006-01-07T05:25,2006-01-07T07:50,ORY,2039633683
LACPXZHC,code,L,70004376,ST,2006-01-07T08:35,2006-01-07T10:50,TLN,2039633683
VWUXJWKE,code,L,70004375,ST,2006-01-07T05:25,2006-01-07T07:50,ORY,2039633683
VWUXJWKE,code,L,70004376,ST,2006-01-07T08:35,2006-01-07T10:50,TLN,2039633683
BAKBKQDG,code,L,70004375,ST,2006-01-07T05:25,2006-01-07T07:50,ORY,2039633683
BAKBKQDG,code,L,70004376,ST,2006-01-07T08:35,2006-01-07T10:50,TLN,2039633683
YIYKJCFU,code,L,70004514,CP,2006-01-07T05:25,2006-01-07T07:35,LYS,1484135457
YIYKJCFU,code,L,70004503,CP,2006-01-07T08:30,2006-01-07T10:25,CDG,1484135457
PSZQXXVU,code,L,70004514,FO,2006-01-07T05:25,2006-01-07T07:35,LYS,1484135457
PSZQXXVU,code,L,70004503,FO,2006-01-07T08:30,2006-01-07T10:25,CDG,1484135457
SGQUMXPO,code,L,70004514,CS,2006-01-07T05:25,2006-01-07T07:35,LYS,1484135457
SGQUMXPO,code,L,70004503,CS,2006-01-07T08:30,2006-01-07T10:25,CDG,1484135457
KFNHXHPK,code,L,70004514,CS,2006-01-07T05:25,2006-01-07T07:35,LYS,1484135457
KFNHXHPK,code,L,70004503,CS,2006-01-07T08:30,2006-01-07T10:25,CDG,1484135457
XTBBIVXR,code,L,70004514,ST,2006-01-07T05:25,2006-01-07T07:35,LYS,1484135457
XTBBIVXR,code,L,70004503,ST,2006-01-07T08:30,2006-01-07T10:25,CDG,1484135457
RHCRQZTK,code,L,70004514,ST,2006-01-07T05:25,2006-01-07T07:35,LYS,1484135457
RHCRQZTK,code,L,70004503,ST,2006-01-07T08:30,2006-01-07T10:25,CDG,1484135457
HJTJHKMF,code,L,70004514,ST,2006-01-07T05:25,2006-01-07T07:35,LYS,1484135457
HJTJHKMF,code,L,70004503,ST,2006-01-07T08:30,2006-01-07T10:25,CDG,1484135457
NNBSGZUK,code,L,70004514,ST,2006-01-07T05:25,2006-01-07T07:35,LYS,1484135457
NNBSGZUK,code,L,70004503,ST,2006-01-07T08:30,2006-01-07T10:25,CDG,1484135457
EKACWTWT,code,L,70004574,CP,2006-01-07T05:25,2006-01-07T08:00,NCE,16322739
EKACWTWT,code,L,70004565,CP,2006-01-07T09:35,2006-01-07T11:55,CDG,16322739
EDJXCTCS,code,L,70004574,FO,2006-01-07T05:25,2006-01-07T08:00,NCE,16322739
EDJXCTCS,code,L,70004565,FO,2006-01-07T09:35,2006-01-07T11:55,CDG,16322739
EYKZLUKS,code,L,70004574,CS,2006-01-07T05:25,2006-01-07T08:00,NCE,16322739
EYKZLUKS,code,L,70004565,CS,2006-01-07T09:35,2006-01-07T11:55,CDG,16322739
PFSKPIPQ,code,L,70004574,CS,2006-01-07T05:25,2006-01-07T08:00,NCE,16322739
PFSKPIPQ,code,L,70004565,CS,2006-01-07T09:35,2006-01-07T11:55,CDG,16322739
VIUHAYFX,code,L,70004574,ST,2006-01-07T05:25,2006-01-07T08:00,NCE,16322739
VIUHAYFX,code,L,70004565,ST,2006-01-07T09:35,2006-01-07T11:55,CDG,16322739
TXFVSSNF,code,L,70004574,ST,2006-01-07T05:25,2006-01-07T08:00,NCE,16322739
TXFVSSNF,code,L,70004565,ST,2006-01-07T09:35,2006-01-07T11:55,CDG,16322739
ORNEWAVZ,code,L,70004574,ST,2006-01-07T05:25,2006-01-07T08:00,NCE,16322739
ORNEWAVZ,code,L,70004565,ST,2006-01-07T09:35,2006-01-07T11:55,CDG,16322739
YEAGFNCI,code,L,70004574,ST,2006-01-07T05:25,2006-01-07T08:00,NCE,16322739
YEAGFNCI,code,L,70004565,ST,2006-01-07T09:35,2006-01-07T11:55,CDG,16322739
HIQKSUEH,code,L,70004483,CP,2006-01-07T05:30,2006-01-07T07:50,CDG,659767626
HIQKSUEH,code,L,70004488,CP,2006-01-07T09:20,2006-01-07T11:30,BOD,659767626
ZRGIPDGV,code,L,70004483,FO,2006-01-07T05:30,2006-01-07T07:50,CDG,659767626
ZRGIPDGV,code,L,70004488,FO,2006-01-07T09:20,2006-01-07T11:30,BOD,659767626
GZJGUJMQ,code,L,70004483,CS,2006-01-07T05:30,2006-01-07T07:50,CDG,659767626
GZJGUJMQ,code,L,70004488,CS,2006-01-07T09:20,2006-01-07T11:30,BOD,659767626
KWQLLFED,code,L,70004483,CS,2006-01-07T05:30,2006-01-07T07:50,CDG,659767626
KWQLLFED,code,L,70004488,CS,2006-01-07T09:20,2006-01-07T11:30,BOD,659767626
QIVNVOES,code,L,70004483,ST,2006-01-07T05:30,2006-01-07T07:50,CDG,659767626
QIVNVOES,code,L,70004488,ST,2006-01-07T09:20,2006-01-07T11:30,BOD,659767626
TMZPOKXG,code,L,70004483,ST,2006-01-07T05:30,2006-01-07T07:50,CDG,659767626
TMZPOKXG,code,L,70004488,ST,2006-01-07T09:20,2006-01-07T11:30,BOD,659767626
ESAKRZKB,code,L,70004483,ST,2006-01-07T05:30,2006-01-07T07:50,CDG,659767626
ESAKRZKB,code,L,70004488,ST,2006-01-07T09:20,2006-01-07T11:30,BOD,659767626
RYELFCND,code,L,70004483,ST,2006-01-07T05:30,2006-01-07T07:50,CDG,659767626
RYELFCND,code,L,70004488,ST,2006-01-07T09:20,2006-01-07T11:30,BOD,659767626
HHTMFGJA,code,L,70003107,CP,2006-01-07T05:30,2006-01-07T07:50,ORY,1539174560
HHTMFGJA,code,L,70003108,CP,2006-01-07T08:35,2006-01-07T10:45,NCE,1539174560
VBUMCEES,code,L,70003107,FO,2006-01-07T05:30,2006-01-07T07:50,ORY,1539174560
VBUMCEES,code,L,70003108,FO,2006-01-07T08:35,2006-01-07T10:45,NCE,1539174560
AHGRNGGM,code,L,70003107,CS,2006-01-07T05:30,2006-01-07T07:50,ORY,1539174560
AHGRNGGM,code,L,70003108,CS,2006-01-07T08:35,2006-01-07T10:45,NCE,1539174560
CRAQQKYD,code,L,70003107,CS,2006-01-07T05:30,2006-01-07T07:50,ORY,1539174560
CRAQQKYD,code,L,70003108,CS,2006-01-07T08:35,2006-01-07T10:45,NCE,1539174560
NLQKHRGR,code,L,70003107,ST,2006-01-07T05:30,2006-01-07T07:50,ORY,1539174560
NLQKHRGR,code,L,70003108,ST,2006-01-07T08:35,2006-01-07T10:45,NCE,1539174560
SQAFFMKZ,code,L,70003107,ST,2006-01-07T05:30,2006-01-07T07:50,ORY,1539174560
SQAFFMKZ,code,L,70003108,ST,2006-01-07T08:35,2006-01-07T10:45,NCE,1539174560
ZYSWUPFI,code,L,70003107,ST,2006-01-07T05:30,2006-01-07T07:50,ORY,1539174560
ZYSWUPFI,code,L,70003108,ST,2006-01-07T08:35,2006-01-07T10:45,NCE,1539174560
QVZAONFV,code,L,70003107,ST,2006-01-07T05:30,2006-01-07T07:50,ORY,1539174560
QVZAONFV,code,L,70003108,ST,2006-01-07T08:35,2006-01-07T10:45,NCE,1539174560
YEXFIJWX,code,L,70002872,CP,2006-01-07T05:30,2006-01-07T07:50,MRS,185012673
YEXFIJWX,code,L,70002879,CP,2006-01-07T08:35,2006-01-07T10:35,ORY,185012673
VVBCDWNE,code,L,70002872,FO,2006-01-07T05:30,2006-01-07T07:50,MRS,185012673
VVBCDWNE,code,L,70002879,FO,2006-01-07T08:35,2006-01-07T10:35,ORY,185012673
TAUBLEEA,code,L,70002872,CS,2006-01-07T05:30,2006-01-07T07:50,MRS,185012673
TAUBLEEA,code,L,70002879,CS,2006-01-07T08:35,2006-01-07T10:35,ORY,185012673
DJSUDTUN,code,L,70002872,CS,2006-01-07T05:30,2006-01-07T07:50,MRS,185012673
DJSUDTUN,code,L,70002879,CS,2006-01-07T08:35,2006-01-07T10:35,ORY,185012673
FHJWZCAF,code,L,70002872,ST,2006-01-07T05:30,2006-01-07T07:50,MRS,185012673
FHJWZCAF,code,L,70002879,ST,2006-01-07T08:35,2006-01-07T10:35,ORY,185012673
OBUZRLTL,code,L,70002872,ST,2006-01-07T05:30,2006-01-07T07:50,MRS,185012673
OBUZRLTL,code,L,70002879,ST,2006-01-07T08:35,2006-01-07T10:35,ORY,185012673
MGLAPZGP,code,L,70002872,ST,2006-01-07T05:30,2006-01-07T07:50,MRS,185012673
MGLAPZGP,code,L,70002879,ST,2006-01-07T08:35,2006-01-07T10:35,ORY,185012673
CYSRLLPB,code,L,70002872,ST,2006-01-07T05:30,2006-01-07T07:50,MRS,185012673
CYSRLLPB,code,L,70002879,ST,2006-01-07T08:35,2006-01-07T10:35,ORY,185012673
VXNKROWD,code,L,70004360,CP,2006-01-07T05:30,2006-01-07T07:55,LDE,1477521204
VXNKROWD,code,L,70004359,CP,2006-01-07T08:45,2006-01-07T10:05,ORY,1477521204
VXNKROWD,code,L,70004350,CP,2006-01-07T10:45,2006-01-07T12:10,LDE,1477521204
VXNKROWD,code,L,70004349,CP,2006-01-07T12:55,2006-01-07T15:00,ORY,1477521204
VCXEYFIH,code,L,70004360,FO,2006-01-07T05:30,2006-01-07T07:55,LDE,1477521204
VCXEYFIH,code,L,70004359,FO,2006-01-07T08:45,2006-01-07T10:05,ORY,1477521204
VCXEYFIH,code,L,70004350,FO,2006-01-07T10:45,2006-01-07T12:10,LDE,1477521204
VCXEYFIH,code,L,70004349,FO,2006-01-07T12:55,2006-01-07T15:00,ORY,1477521204
YYKKBYYN,code,L,70004360,CS,2006-01-07T05:30,2006-01-07T07:55,LDE,1477521204
YYKKBYYN,code,L,70004359,CS,2006-01-07T08:45,2006-01-07T10:05,ORY,1477521204
YYKKBYYN,code,L,70004350,CS,2006-01-07T10:45,2006-01-07T12:10,LDE,1477521204
YYKKBYYN,code,L,70004349,CS,2006-01-07T12:55,2006-01-07T15:00,ORY,1477521204
TVPPYUWG,code,L,70004360,ST,2006-01-07T05:30,2006-01-07T07:55,LDE,1477521204
TVPPYUWG,code,L,70004359,ST,2006-01-07T08:45,2006-01-07T10:05,ORY,1477521204
TVPPYUWG,code,L,70004350,ST,2006-01-07T10:45,2006-01-07T12:10,LDE,1477521204
TVPPYUWG,code,L,70004349,ST,2006-01-07T12:55,2006-01-07T15:00,ORY,1477521204
CWQYGBCW,code,L,70004360,ST,2006-01-07T05:30,2006-01-07T07:55,LDE,1477521204
CWQYGBCW,code,L,70004359,ST,2006-01-07T08:45,2006-01-07T10:05,ORY,1477521204
CWQYGBCW,code,L,70004350,ST,2006-01-07T10:45,2006-01-07T12:10,LDE,1477521204
CWQYGBCW,code,L,70004349,ST,2006-01-07T12:55,2006-01-07T15:00,ORY,1477521204
FDYKAUNY,code,L,70004623,CP,2006-01-07T05:35,2006-01-07T07:35,ORY,744291659
FDYKAUNY,code,L,70004626,CP,2006-01-07T09:35,2006-01-07T10:45,SXB,744291659
FDYKAUNY,code,L,70004625,CP,2006-01-07T11:40,2006-01-07T12:50,CDG,744291659
FDYKAUNY,code,L,70004634,CP,2006-01-07T14:10,2006-01-07T15:20,SXB,744291659
FDYKAUNY,code,L,70004629,CP,2006-01-07T16:30,2006-01-07T17:40,CDG,744291659
FDYKAUNY,code,L,70004630,CP,2006-01-07T18:25,2006-01-07T19:35,SXB,744291659
FDYKAUNY,code,L,70004647,CP,2006-01-07T20:30,2006-01-07T22:25,CDG,744291659
CCYVDDUO,code,L,70004623,FO,2006-01-07T05:35,2006-01-07T07:35,ORY,744291659
CCYVDDUO,code,L,70004626,FO,2006-01-07T09:35,2006-01-07T10:45,SXB,744291659
CCYVDDUO,code,L,70004625,FO,2006-01-07T11:40,2006-01-07T12:50,CDG,744291659
CCYVDDUO,code,L,70004634,FO,2006-01-07T14:10,2006-01-07T15:20,SXB,744291659
CCYVDDUO,code,L,70004629,FO,2006-01-07T16:30,2006-01-07T17:40,CDG,744291659
CCYVDDUO,code,L,70004630,FO,2006-01-07T18:25,2006-01-07T19:35,SXB,744291659
CCYVDDUO,code,L,70004647,FO,2006-01-07T20:30,2006-01-07T22:25,CDG,744291659
DSOJBXFA,code,L,70004623,CS,2006-01-07T05:35,2006-01-07T07:35,ORY,744291659
DSOJBXFA,code,L,70004626,CS,2006-01-07T09:35,2006-01-07T10:45,SXB,744291659
DSOJBXFA,code,L,70004625,CS,2006-01-07T11:40,2006-01-07T12:50,CDG,744291659
DSOJBXFA,code,L,70004634,CS,2006-01-07T14:10,2006-01-07T15:20,SXB,744291659
DSOJBXFA,code,L,70004629,CS,2006-01-07T16:30,2006-01-07T17:40,CDG,744291659
DSOJBXFA,code,L,70004630,CS,2006-01-07T18:25,2006-01-07T19:35,SXB,744291659
DSOJBXFA,code,L,70004647,CS,2006-01-07T20:30,2006-01-07T22:25,CDG,744291659
ZWCPFSLB,code,L,70004623,CS,2006-01-07T05:35,2006-01-07T07:35,ORY,744291659
ZWCPFSLB,code,L,70004626,CS,2006-01-07T09:35,2006-01-07T10:45,SXB,744291659
ZWCPFSLB,code,L,70004625,CS,2006-01-07T11:40,2006-01-07T12:50,CDG,744291659
ZWCPFSLB,code,L,70004634,CS,2006-01-07T14:10,2006-01-07T15:20,SXB,744291659
ZWCPFSLB,code,L,70004629,CS,2006-01-07T16:30,2006-01-07T17:40,CDG,744291659
ZWCPFSLB,code,L,70004630,CS,2006-01-07T18:25,2006-01-07T19:35,SXB,744291659
ZWCPFSLB,code,L,70004647,CS,2006-01-07T20:30,2006-01-07T22:25,CDG,744291659
FLNUOSCY,code,L,70004623,ST,2006-01-07T05:35,2006-01-07T07:35,ORY,744291659
FLNUOSCY,code,L,70004626,ST,2006-01-07T09:35,2006-01-07T10:45,SXB,744291659
FLNUOSCY,code,L,70004625,ST,2006-01-07T11:40,2006-01-07T12:50,CDG,744291659
FLNUOSCY,code,L,70004634,ST,2006-01-07T14:10,2006-01-07T15:20,SXB,744291659
FLNUOSCY,code,L,70004629,ST,2006-01-07T16:30,2006-01-07T17:40,CDG,744291659
FLNUOSCY,code,L,70004630,ST,2006-01-07T18:25,2006-01-07T19:35,SXB,744291659
FLNUOSCY,code,L,70004647,ST,2006-01-07T20:30,2006-01-07T22:25,CDG,744291659
BRGAZMGM,code,L,70004623,ST,2006-01-07T05:35,2006-01-07T07:35,ORY,744291659
BRGAZMGM,code,L,70004626,ST,2006-01-07T09:35,2006-01-07T10:45,SXB,744291659
BRGAZMGM,code,L,70004625,ST,2006-01-07T11:40,2006-01-07T12:50,CDG,744291659
BRGAZMGM,code,L,70004634,ST,2006-01-07T14:10,2006-01-07T15:20,SXB,744291659
BRGAZMGM,code,L,70004629,ST,2006-01-07T16:30,2006-01-07T17:40,CDG,744291659
BRGAZMGM,code,L,70004630,ST,2006-01-07T18:25,2006-01-07T19:35,SXB,744291659
BRGAZMGM,code,L,70004647,ST,2006-01-07T20:30,2006-01-07T22:25,CDG,744291659
SCLBGQOO,code,L,70004623,ST,2006-01-07T05:35,2006-01-07T07:35,ORY,744291659
SCLBGQOO,code,L,70004626,ST,2006-01-07T09:35,2006-01-07T10:45,SXB,744291659
SCLBGQOO,code,L,70004625,ST,2006-01-07T11:40,2006-01-07T12:50,CDG,744291659
SCLBGQOO,code,L,70004634,ST,2006-01-07T14:10,2006-01-07T15:20,SXB,744291659
SCLBGQOO,code,L,70004629,ST,2006-01-07T16:30,2006-01-07T17:40,CDG,744291659
SCLBGQOO,code,L,70004630,ST,2006-01-07T18:25,2006-01-07T19:35,SXB,744291659
SCLBGQOO,code,L,70004647,ST,2006-01-07T20:30,2006-01-07T22:25,CDG,744291659
FAYTHNKY,code,L,70004623,ST,2006-01-07T05:35,2006-01-07T07:35,ORY,744291659
FAYTHNKY,code,L,70004626,ST,2006-01-07T09:35,2006-01-07T10:45,SXB,744291659
FAYTHNKY,code,L,70004625,ST,2006-01-07T11:40,2006-01-07T12:50,CDG,744291659
FAYTHNKY,code,L,70004634,ST,2006-01-07T14:10,2006-01-07T15:20,SXB,744291659
FAYTHNKY,code,L,70004629,ST,2006-01-07T16:30,2006-01-07T17:40,CDG,744291659
FAYTHNKY,code,L,70004630,ST,2006-01-07T18:25,2006-01-07T19:35,SXB,744291659
FAYTHNKY,code,L,70004647,ST,2006-01-07T20:30,2006-01-07T22:25,CDG,744291659
MNKBFWPS,code,L,70004536,CP,2006-01-07T05:35,2006-01-07T08:05,MRS,689146701
MNKBFWPS,code,L,70004525,CP,2006-01-07T09:30,2006-01-07T11:40,CDG,689146701
ZAGCXLKE,code,L,70004536,FO,2006-01-07T05:35,2006-01-07T08:05,MRS,689146701
ZAGCXLKE,code,L,70004525,FO,2006-01-07T09:30,2006-01-07T11:40,CDG,689146701
VNKFLVJO,code,L,70004536,CS,2006-01-07T05:35,2006-01-07T08:05,MRS,689146701
VNKFLVJO,code,L,70004525,CS,2006-01-07T09:30,2006-01-07T11:40,CDG,689146701
LWITJERH,code,L,70004536,CS,2006-01-07T05:35,2006-01-07T08:05,MRS,689146701
LWITJERH,code,L,70004525,CS,2006-01-07T09:30,2006-01-07T11:40,CDG,689146701
VKDGONQK,code,L,70004536,ST,2006-01-07T05:35,2006-01-07T08:05,MRS,689146701
VKDGONQK,code,L,70004525,ST,2006-01-07T09:30,2006-01-07T11:40,CDG,689146701
URMKJZNZ,code,L,70004536,ST,2006-01-07T05:35,2006-01-07T08:05,MRS,689146701
URMKJZNZ,code,L,70004525,ST,2006-01-07T09:30,2006-01-07T11:40,CDG,689146701
CZAWYKUQ,code,L,70004536,ST,2006-01-07T05:35,2006-01-07T08:05,MRS,689146701
CZAWYKUQ,code,L,70004525,ST,2006-01-07T09:30,2006-01-07T11:40,CDG,689146701
TKKATGVJ,code,L,70004536,ST,2006-01-07T05:35,2006-01-07T08:05,MRS,689146701
TKKATGVJ,code,L,70004525,ST,2006-01-07T09:30,2006-01-07T11:40,CDG,689146701
TYMUPMSM,code,L,70002970,CP,2006-01-07T05:40,2006-01-07T08:00,TLS,100621466
TYMUPMSM,code,L,70002975,CP,2006-01-07T08:50,2006-01-07T10:45,ORY,100621466
SZELONSE,code,L,70002970,FO,2006-01-07T05:40,2006-01-07T08:00,TLS,100621466
SZELONSE,code,L,70002975,FO,2006-01-07T08:50,2006-01-07T10:45,ORY,100621466
NEUEVHPY,code,L,70002970,CS,2006-01-07T05:40,2006-01-07T08:00,TLS,100621466
NEUEVHPY,code,L,70002975,CS,2006-01-07T08:50,2006-01-07T10:45,ORY,100621466
KLVOKPQM,code,L,70002970,CS,2006-01-07T05:40,2006-01-07T08:00,TLS,100621466
KLVOKPQM,code,L,70002975,CS,2006-01-07T08:50,2006-01-07T10:45,ORY,100621466
FPBXWUYD,code,L,70002970,ST,2006-01-07T05:40,2006-01-07T08:00,TLS,100621466
FPBXWUYD,code,L,70002975,ST,2006-01-07T08:50,2006-01-07T10:45,ORY,100621466
SZRUUDVH,code,L,70002970,ST,2006-01-07T05:40,2006-01-07T08:00,TLS,100621466
SZRUUDVH,code,L,70002975,ST,2006-01-07T08:50,2006-01-07T10:45,ORY,100621466
TVVYGNLY,code,L,70002970,ST,2006-01-07T05:40,2006-01-07T08:00,TLS,100621466
TVVYGNLY,code,L,70002975,ST,2006-01-07T08:50,2006-01-07T10:45,ORY,100621466
JWMYPCLI,code,L,70002970,ST,2006-01-07T05:40,2006-01-07T08:00,TLS,100621466
JWMYPCLI,code,L,70002975,ST,2006-01-07T08:50,2006-01-07T10:45,ORY,100621466
ENSNLHNL,code,L,70002605,CP,2006-01-07T05:40,2006-01-07T07:45,RNS,1617046705
ENSNLHNL,code,L,70002606,CP,2006-01-07T08:10,2006-01-07T10:05,TLS,1617046705
FCRCRHVB,code,L,70002605,FO,2006-01-07T05:40,2006-01-07T07:45,RNS,1617046705
FCRCRHVB,code,L,70002606,FO,2006-01-07T08:10,2006-01-07T10:05,TLS,1617046705
KLXZSQDZ,code,L,70002605,CS,2006-01-07T05:40,2006-01-07T07:45,RNS,1617046705
KLXZSQDZ,code,L,70002606,CS,2006-01-07T08:10,2006-01-07T10:05,TLS,1617046705
DYYEWHBI,code,L,70002605,ST,2006-01-07T05:40,2006-01-07T07:45,RNS,1617046705
DYYEWHBI,code,L,70002606,ST,2006-01-07T08:10,2006-01-07T10:05,TLS,1617046705
RDTUTYZT,code,L,70002605,ST,2006-01-07T05:40,2006-01-07T07:45,RNS,1617046705
RDTUTYZT,code,L,70002606,ST,2006-01-07T08:10,2006-01-07T10:05,TLS,1617046705
CMDMRXDJ,code,L,70002605,ST,2006-01-07T05:40,2006-01-07T07:45,RNS,1617046705
CMDMRXDJ,code,L,70002606,ST,2006-01-07T08:10,2006-01-07T10:05,TLS,1617046705
CRALAHOI,code,L,70002969,CP,2006-01-07T05:50,2006-01-07T08:00,ORY,1048083132
CRALAHOI,code,L,70002976,CP,2006-01-07T08:40,2006-01-07T10:45,TLS,1048083132
MSGXJWTW,code,L,70002969,FO,2006-01-07T05:50,2006-01-07T08:00,ORY,1048083132
MSGXJWTW,code,L,70002976,FO,2006-01-07T08:40,2006-01-07T10:45,TLS,1048083132
SNYJYRIJ,code,L,70002969,CS,2006-01-07T05:50,2006-01-07T08:00,ORY,1048083132
SNYJYRIJ,code,L,70002976,CS,2006-01-07T08:40,2006-01-07T10:45,TLS,1048083132
HADQPMGR,code,L,70002969,CS,2006-01-07T05:50,2006-01-07T08:00,ORY,1048083132
HADQPMGR,code,L,70002976,CS,2006-01-07T08:40,2006-01-07T10:45,TLS,1048083132
MLFDFSDK,code,L,70002969,ST,2006-01-07T05:50,2006-01-07T08:00,ORY,1048083132
MLFDFSDK,code,L,70002976,ST,2006-01-07T08:40,2006-01-07T10:45,TLS,1048083132
FGHZJSOQ,code,L,70002969,ST,2006-01-07T05:50,2006-01-07T08:00,ORY,1048083132
FGHZJSOQ,code,L,70002976,ST,2006-01-07T08:40,2006-01-07T10:45,TLS,1048083132
ZCZQBSPC,code,L,70002969,ST,2006-01-07T05:50,2006-01-07T08:00,ORY,1048083132
ZCZQBSPC,code,L,70002976,ST,2006-01-07T08:40,2006-01-07T10:45,TLS,1048083132
LUQVTRLV,code,L,70002969,ST,2006-01-07T05:50,2006-01-07T08:00,ORY,1048083132
LUQVTRLV,code,L,70002976,ST,2006-01-07T08:40,2006-01-07T10:45,TLS,1048083132
IMNQGHMN,code,L,70004618,CP,2006-01-07T06:00,2006-01-07T08:10,ETZ,1002897798
IMNQGHMN,code,L,70004617,CP,2006-01-07T08:40,2006-01-07T10:25,ORY,1002897798
OTAVGLRC,code,L,70004618,FO,2006-01-07T06:00,2006-01-07T08:10,ETZ,1002897798
OTAVGLRC,code,L,70004617,FO,2006-01-07T08:40,2006-01-07T10:25,ORY,1002897798
PVYBXLQE,code,L,70004618,CS,2006-01-07T06:00,2006-01-07T08:10,ETZ,1002897798
PVYBXLQE,code,L,70004617,CS,2006-01-07T08:40,2006-01-07T10:25,ORY,1002897798
YLKWAQGO,code,L,70004618,CS,2006-01-07T06:00,2006-01-07T08:10,ETZ,1002897798
YLKWAQGO,code,L,70004617,CS,2006-01-07T08:40,2006-01-07T10:25,ORY,1002897798
EDHCUBWM,code,L,70004618,ST,2006-01-07T06:00,2006-01-07T08:10,ETZ,1002897798
EDHCUBWM,code,L,70004617,ST,2006-01-07T08:40,2006-01-07T10:25,ORY,1002897798
XCPKMIGW,code,L,70004618,ST,2006-01-07T06:00,2006-01-07T08:10,ETZ,1002897798
XCPKMIGW,code,L,70004617,ST,2006-01-07T08:40,2006-01-07T10:25,ORY,1002897798
GQEYMHDF,code,L,70004618,ST,2006-01-07T06:00,2006-01-07T08:10,ETZ,1002897798
GQEYMHDF,code,L,70004617,ST,2006-01-07T08:40,2006-01-07T10:25,ORY,1002897798
IWAULLUD,code,L,70004618,ST,2006-01-07T06:00,2006-01-07T08:10,ETZ,1002897798
IWAULLUD,code,L,70004617,ST,2006-01-07T08:40,2006-01-07T10:25,ORY,1002897798
FOVLLMKK,code,L,70003065,CP,2006-01-07T06:00,2006-01-07T08:20,ORY,2026928803
FOVLLMKK,code,L,70003070,CP,2006-01-07T09:05,2006-01-07T11:15,NCE,2026928803
MVUKBRLT,code,L,70003065,FO,2006-01-07T06:00,2006-01-07T08:20,ORY,2026928803
MVUKBRLT,code,L,70003070,FO,2006-01-07T09:05,2006-01-07T11:15,NCE,2026928803
GVQKFDGK,code,L,70003065,CS,2006-01-07T06:00,2006-01-07T08:20,ORY,2026928803
GVQKFDGK,code,L,70003070,CS,2006-01-07T09:05,2006-01-07T11:15,NCE,2026928803
CJSVGXTV,code,L,70003065,CS,2006-01-07T06:00,2006-01-07T08:20,ORY,2026928803
CJSVGXTV,code,L,70003070,CS,2006-01-07T09:05,2006-01-07T11:15,NCE,2026928803
HYCSRHCA,code,L,70003065,ST,2006-01-07T06:00,2006-01-07T08:20,ORY,2026928803
HYCSRHCA,code,L,70003070,ST,2006-01-07T09:05,2006-01-07T11:15,NCE,2026928803
WTXHVYGL,code,L,70003065,ST,2006-01-07T06:00,2006-01-07T08:20,ORY,2026928803
WTXHVYGL,code,L,70003070,ST,2006-01-07T09:05,2006-01-07T11:15,NCE,2026928803
GMXBLLTJ,code,L,70003065,ST,2006-01-07T06:00,2006-01-07T08:20,ORY,2026928803
GMXBLLTJ,code,L,70003070,ST,2006-01-07T09:05,2006-01-07T11:15,NCE,2026928803
EUPVJZZQ,code,L,70003065,ST,2006-01-07T06:00,2006-01-07T08:20,ORY,2026928803
EUPVJZZQ,code,L,70003070,ST,2006-01-07T09:05,2006-01-07T11:15,NCE,2026928803
HDVCMGBI,code,L,70004164,CP,2006-01-07T06:00,2006-01-07T08:00,SXB,1704637349
HDVCMGBI,code,L,70002883,CP,2006-01-07T11:35,2006-01-07T12:50,ORY,1704637349
HDVCMGBI,code,L,70002892,CP,2006-01-07T13:30,2006-01-07T14:50,MRS,1704637349
HDVCMGBI,code,L,70002895,CP,2006-01-07T15:35,2006-01-07T16:50,ORY,1704637349
HDVCMGBI,code,L,70002908,CP,2006-01-07T17:30,2006-01-07T18:50,MRS,1704637349
HDVCMGBI,code,L,70004189,CP,2006-01-07T19:25,2006-01-07T21:10,ORY,1704637349
PVEGTCLH,code,L,70004164,FO,2006-01-07T06:00,2006-01-07T08:00,SXB,1704637349
PVEGTCLH,code,L,70002883,FO,2006-01-07T11:35,2006-01-07T12:50,ORY,1704637349
PVEGTCLH,code,L,70002892,FO,2006-01-07T13:30,2006-01-07T14:50,MRS,1704637349
PVEGTCLH,code,L,70002895,FO,2006-01-07T15:35,2006-01-07T16:50,ORY,1704637349
PVEGTCLH,code,L,70002908,FO,2006-01-07T17:30,2006-01-07T18:50,MRS,1704637349
PVEGTCLH,code,L,70004189,FO,2006-01-07T19:25,2006-01-07T21:10,ORY,1704637349
TFIMCSJV,code,L,70004164,CS,2006-01-07T06:00,2006-01-07T08:00,SXB,1704637349
TFIMCSJV,code,L,70002883,CS,2006-01-07T11:35,2006-01-07T12:50,ORY,1704637349
TFIMCSJV,code,L,70002892,CS,2006-01-07T13:30,2006-01-07T14:50,MRS,1704637349
TFIMCSJV,code,L,70002895,CS,2006-01-07T15:35,2006-01-07T16:50,ORY,1704637349
TFIMCSJV,code,L,70002908,CS,2006-01-07T17:30,2006-01-07T18:50,MRS,1704637349
TFIMCSJV,code,L,70004189,CS,2006-01-07T19:25,2006-01-07T21:10,ORY,1704637349
VKATIHNT,code,L,70004164,CS,2006-01-07T06:00,2006-01-07T08:00,SXB,1704637349
VKATIHNT,code,L,70002883,CS,2006-01-07T11:35,2006-01-07T12:50,ORY,1704637349
VKATIHNT,code,L,70002892,CS,2006-01-07T13:30,2006-01-07T14:50,MRS,1704637349
VKATIHNT,code,L,70002895,CS,2006-01-07T15:35,2006-01-07T16:50,ORY,1704637349
VKATIHNT,code,L,70002908,CS,2006-01-07T17:30,2006-01-07T18:50,MRS,1704637349
VKATIHNT,code,L,70004189,CS,2006-01-07T19:25,2006-01-07T21:10,ORY,1704637349
LVTDWDAK,code,L,70004164,ST,2006-01-07T06:00,2006-01-07T08:00,SXB,1704637349
LVTDWDAK,code,L,70002883,ST,2006-01-07T11:35,2006-01-07T12:50,ORY,1704637349
LVTDWDAK,code,L,70002892,ST,2006-01-07T13:30,2006-01-07T14:50,MRS,1704637349
LVTDWDAK,code,L,70002895,ST,2006-01-07T15:35,2006-01-07T16:50,ORY,1704637349
LVTDWDAK,code,L,70002908,ST,2006-01-07T17:30,2006-01-07T18:50,MRS,1704637349
LVTDWDAK,code,L,70004189,ST,2006-01-07T19:25,2006-01-07T21:10,ORY,1704637349
VQOQBCJI,code,L,70004164,ST,2006-01-07T06:00,2006-01-07T08:00,SXB,1704637349
VQOQBCJI,code,L,70002883,ST,2006-01-07T11:35,2006-01-07T12:50,ORY,1704637349
VQOQBCJI,code,L,70002892,ST,2006-01-07T13:30,2006-01-07T14:50,MRS,1704637349
VQOQBCJI,code,L,70002895,ST,2006-01-07T15:35,2006-01-07T16:50,ORY,1704637349
VQOQBCJI,code,L,70002908,ST,2006-01-07T17:30,2006-01-07T18:50,MRS,1704637349
VQOQBCJI,code,L,70004189,ST,2006-01-07T19:25,2006-01-07T21:10,ORY,1704637349
XEROBLPV,code,L,70004164,ST,2006-01-07T06:00,2006-01-07T08:00,SXB,1704637349
XEROBLPV,code,L,70002883,ST,2006-01-07T11:35,2006-01-07T12:50,ORY,1704637349
XEROBLPV,code,L,70002892,ST,2006-01-07T13:30,2006-01-07T14:50,MRS,1704637349
XEROBLPV,code,L,70002895,ST,2006-01-07T15:35,2006-01-07T16:50,ORY,1704637349
XEROBLPV,code,L,70002908,ST,2006-01-07T17:30,2006-01-07T18:50,MRS,1704637349
XEROBLPV,code,L,70004189,ST,2006-01-07T19:25,2006-01-07T21:10,ORY,1704637349
RAZMYXXP,code,L,70004164,ST,2006-01-07T06:00,2006-01-07T08:00,SXB,1704637349
RAZMYXXP,code,L,70002883,ST,2006-01-07T11:35,2006-01-07T12:50,ORY,1704637349
RAZMYXXP,code,L,70002892,ST,2006-01-07T13:30,2006-01-07T14:50,MRS,1704637349
RAZMYXXP,code,L,70002895,ST,2006-01-07T15:35,2006-01-07T16:50,ORY,1704637349
RAZMYXXP,code,L,70002908,ST,2006-01-07T17:30,2006-01-07T18:50,MRS,1704637349
RAZMYXXP,code,L,70004189,ST,2006-01-07T19:25,2006-01-07T21:10,ORY,1704637349
GFMZHAOY,code,L,70002610,CP,2006-01-07T06:00,2006-01-07T08:35,RNS,272026514
GFMZHAOY,code,L,70002661,CP,2006-01-07T09:10,2006-01-07T11:05,NCE,272026514
GFMZHAOY,code,L,70002662,CP,2006-01-07T11:45,2006-01-07T13:35,BES,272026514
GFMZHAOY,code,L,70002609,CP,2006-01-07T14:05,2006-01-07T16:30,NCE,272026514
MNTSTPOC,code,L,70002610,FO,2006-01-07T06:00,2006-01-07T08:35,RNS,272026514
MNTSTPOC,code,L,70002661,FO,2006-01-07T09:10,2006-01-07T11:05,NCE,272026514
MNTSTPOC,code,L,70002662,FO,2006-01-07T11:45,2006-01-07T13:35,BES,272026514
MNTSTPOC,code,L,70002609,FO,2006-01-07T14:05,2006-01-07T16:30,NCE,272026514
KCUGIQCW,code,L,70002610,CSD,2006-01-07T06:00,2006-01-07T08:35,RNS,272026514
KCUGIQCW,code,L,70002661,CSD,2006-01-07T09:10,2006-01-07T11:05,NCE,272026514
KCUGIQCW,code,L,70002662,CSD,2006-01-07T11:45,2006-01-07T13:35,BES,272026514
KCUGIQCW,code,L,70002609,CSD,2006-01-07T14:05,2006-01-07T16:30,NCE,272026514
GLUCFGAM,code,L,70002610,ST,2006-01-07T06:00,2006-01-07T08:35,RNS,272026514
GLUCFGAM,code,L,70002661,ST,2006-01-07T09:10,2006-01-07T11:05,NCE,272026514
GLUCFGAM,code,L,70002662,ST,2006-01-07T11:45,2006-01-07T13:35,BES,272026514
GLUCFGAM,code,L,70002609,ST,2006-01-07T14:05,2006-01-07T16:30,NCE,272026514
CQXEWAGT,code,L,70002610,ST,2006-01-07T06:00,2006-01-07T08:35,RNS,272026514
CQXEWAGT,code,L,70002661,ST,2006-01-07T09:10,2006-01-07T11:05,NCE,272026514
CQXEWAGT,code,L,70002662,ST,2006-01-07T11:45,2006-01-07T13:35,BES,272026514
CQXEWAGT,code,L,70002609,ST,2006-01-07T14:05,2006-01-07T16:30,NCE,272026514
BWETBRIV,code,L,70002610,ST,2006-01-07T06:00,2006-01-07T08:35,RNS,272026514
BWETBRIV,code,L,70002661,ST,2006-01-07T09:10,2006-01-07T11:05,NCE,272026514
BWETBRIV,code,L,70002662,ST,2006-01-07T11:45,2006-01-07T13:35,BES,272026514
BWETBRIV,code,L,70002609,ST,2006-01-07T14:05,2006-01-07T16:30,NCE,272026514
TNBTQVDA,code,L,70002624,CP,2006-01-07T06:05,2006-01-07T08:25,NTE,1412011072
TNBTQVDA,code,L,70002623,CP,2006-01-07T09:00,2006-01-07T10:25,MRS,1412011072
TNBTQVDA,code,L,70002630,CP,2006-01-07T11:00,2006-01-07T12:20,NTE,1412011072
TNBTQVDA,code,L,70002629,CP,2006-01-07T12:55,2006-01-07T15:05,MRS,1412011072
BDLYDTDQ,code,L,70002624,FO,2006-01-07T06:05,2006-01-07T08:25,NTE,1412011072
BDLYDTDQ,code,L,70002623,FO,2006-01-07T09:00,2006-01-07T10:25,MRS,1412011072
BDLYDTDQ,code,L,70002630,FO,2006-01-07T11:00,2006-01-07T12:20,NTE,1412011072
BDLYDTDQ,code,L,70002629,FO,2006-01-07T12:55,2006-01-07T15:05,MRS,1412011072
VTQOCHLH,code,L,70002624,CS,2006-01-07T06:05,2006-01-07T08:25,NTE,1412011072
VTQOCHLH,code,L,70002623,CS,2006-01-07T09:00,2006-01-07T10:25,MRS,1412011072
VTQOCHLH,code,L,70002630,CS,2006-01-07T11:00,2006-01-07T12:20,NTE,1412011072
VTQOCHLH,code,L,70002629,CS,2006-01-07T12:55,2006-01-07T15:05,MRS,1412011072
PRMTAGXZ,code,L,70002624,CS,2006-01-07T06:05,2006-01-07T08:25,NTE,1412011072
PRMTAGXZ,code,L,70002623,CS,2006-01-07T09:00,2006-01-07T10:25,MRS,1412011072
PRMTAGXZ,code,L,70002630,CS,2006-01-07T11:00,2006-01-07T12:20,NTE,1412011072
PRMTAGXZ,code,L,70002629,CS,2006-01-07T12:55,2006-01-07T15:05,MRS,1412011072
RZBUDZPX,code,L,70002624,ST,2006-01-07T06:05,2006-01-07T08:25,NTE,1412011072
RZBUDZPX,code,L,70002623,ST,2006-01-07T09:00,2006-01-07T10:25,MRS,1412011072
RZBUDZPX,code,L,70002630,ST,2006-01-07T11:00,2006-01-07T12:20,NTE,1412011072
RZBUDZPX,code,L,70002629,ST,2006-01-07T12:55,2006-01-07T15:05,MRS,1412011072
SYODJHKR,code,L,70002624,ST,2006-01-07T06:05,2006-01-07T08:25,NTE,1412011072
SYODJHKR,code,L,70002623,ST,2006-01-07T09:00,2006-01-07T10:25,MRS,1412011072
SYODJHKR,code,L,70002630,ST,2006-01-07T11:00,2006-01-07T12:20,NTE,1412011072
SYODJHKR,code,L,70002629,ST,2006-01-07T12:55,2006-01-07T15:05,MRS,1412011072
HOPQDOOV,code,L,70002624,ST,2006-01-07T06:05,2006-01-07T08:25,NTE,1412011072
HOPQDOOV,code,L,70002623,ST,2006-01-07T09:00,2006-01-07T10:25,MRS,1412011072
HOPQDOOV,code,L,70002630,ST,2006-01-07T11:00,2006-01-07T12:20,NTE,1412011072
HOPQDOOV,code,L,70002629,ST,2006-01-07T12:55,2006-01-07T15:05,MRS,1412011072
WWTPCRUN,code,L,70002624,ST,2006-01-07T06:05,2006-01-07T08:25,NTE,1412011072
WWTPCRUN,code,L,70002623,ST,2006-01-07T09:00,2006-01-07T10:25,MRS,1412011072
WWTPCRUN,code,L,70002630,ST,2006-01-07T11:00,2006-01-07T12:20,NTE,1412011072
WWTPCRUN,code,L,70002629,ST,2006-01-07T12:55,2006-01-07T15:05,MRS,1412011072
SPLVUBXG,code,L,70003117,CP,2006-01-07T06:15,2006-01-07T08:20,ORY,1844137836
SPLVUBXG,code,L,70003144,CP,2006-01-07T09:10,2006-01-07T10:20,BOD,1844137836
SPLVUBXG,code,L,70002869,CP,2006-01-07T12:10,2006-01-07T13:25,ORY,1844137836
SPLVUBXG,code,L,70002878,CP,2006-01-07T14:55,2006-01-07T16:50,MRS,1844137836
AVBHGSOZ,code,L,70003117,FO,2006-01-07T06:15,2006-01-07T08:20,ORY,1844137836
AVBHGSOZ,code,L,70003144,FO,2006-01-07T09:10,2006-01-07T10:20,BOD,1844137836
AVBHGSOZ,code,L,70002869,FO,2006-01-07T12:10,2006-01-07T13:25,ORY,1844137836
AVBHGSOZ,code,L,70002878,FO,2006-01-07T14:55,2006-01-07T16:50,MRS,1844137836
IAMJDSLH,code,L,70003117,CS,2006-01-07T06:15,2006-01-07T08:20,ORY,1844137836
IAMJDSLH,code,L,70003144,CS,2006-01-07T09:10,2006-01-07T10:20,BOD,1844137836
IAMJDSLH,code,L,70002869,CS,2006-01-07T12:10,2006-01-07T13:25,ORY,1844137836
IAMJDSLH,code,L,70002878,CS,2006-01-07T14:55,2006-01-07T16:50,MRS,1844137836
UMTGOIJD,code,L,70003117,CS,2006-01-07T06:15,2006-01-07T08:20,ORY,1844137836
UMTGOIJD,code,L,70003144,CS,2006-01-07T09:10,2006-01-07T10:20,BOD,1844137836
UMTGOIJD,code,L,70002869,CS,2006-01-07T12:10,2006-01-07T13:25,ORY,1844137836
UMTGOIJD,code,L,70002878,CS,2006-01-07T14:55,2006-01-07T16:50,MRS,1844137836
PQFMMXUQ,code,L,70003117,ST,2006-01-07T06:15,2006-01-07T08:20,ORY,1844137836
PQFMMXUQ,code,L,70003144,ST,2006-01-07T09:10,2006-01-07T10:20,BOD,1844137836
PQFMMXUQ,code,L,70002869,ST,2006-01-07T12:10,2006-01-07T13:25,ORY,1844137836
PQFMMXUQ,code,L,70002878,ST,2006-01-07T14:55,2006-01-07T16:50,MRS,1844137836
LPGPDUJQ,code,L,70003117,ST,2006-01-07T06:15,2006-01-07T08:20,ORY,1844137836
LPGPDUJQ,code,L,70003144,ST,2006-01-07T09:10,2006-01-07T10:20,BOD,1844137836
LPGPDUJQ,code,L,70002869,ST,2006-01-07T12:10,2006-01-07T13:25,ORY,1844137836
LPGPDUJQ,code,L,70002878,ST,2006-01-07T14:55,2006-01-07T16:50,MRS,1844137836
DAZQADRS,code,L,70003117,ST,2006-01-07T06:15,2006-01-07T08:20,ORY,1844137836
DAZQADRS,code,L,70003144,ST,2006-01-07T09:10,2006-01-07T10:20,BOD,1844137836
DAZQADRS,code,L,70002869,ST,2006-01-07T12:10,2006-01-07T13:25,ORY,1844137836
DAZQADRS,code,L,70002878,ST,2006-01-07T14:55,2006-01-07T16:50,MRS,1844137836
FEOLZVRP,code,L,70003117,ST,2006-01-07T06:15,2006-01-07T08:20,ORY,1844137836
FEOLZVRP,code,L,70003144,ST,2006-01-07T09:10,2006-01-07T10:20,BOD,1844137836
FEOLZVRP,code,L,70002869,ST,2006-01-07T12:10,2006-01-07T13:25,ORY,1844137836
FEOLZVRP,code,L,70002878,ST,2006-01-07T14:55,2006-01-07T16:50,MRS,1844137836
QANPKTRE,code,L,70004385,CP,2006-01-07T06:25,2006-01-07T08:45,ORY,1713579631
QANPKTRE,code,L,70004386,CP,2006-01-07T09:35,2006-01-07T11:45,PGF,1713579631
GHCCIOCB,code,L,70004385,FO,2006-01-07T06:25,2006-01-07T08:45,ORY,1713579631
GHCCIOCB,code,L,70004386,FO,2006-01-07T09:35,2006-01-07T11:45,PGF,1713579631
KXDEQXNJ,code,L,70004385,CS,2006-01-07T06:25,2006-01-07T08:45,ORY,1713579631
KXDEQXNJ,code,L,70004386,CS,2006-01-07T09:35,2006-01-07T11:45,PGF,1713579631
RZUZRVLK,code,L,70004385,CS,2006-01-07T06:25,2006-01-07T08:45,ORY,1713579631
RZUZRVLK,code,L,70004386,CS,2006-01-07T09:35,2006-01-07T11:45,PGF,1713579631
JTYPKEPO,code,L,70004385,ST,2006-01-07T06:25,2006-01-07T08:45,ORY,1713579631
JTYPKEPO,code,L,70004386,ST,2006-01-07T09:35,2006-01-07T11:45,PGF,1713579631
SGNJUVPC,code,L,70004385,ST,2006-01-07T06:25,2006-01-07T08:45,ORY,1713579631
SGNJUVPC,code,L,70004386,ST,2006-01-07T09:35,2006-01-07T11:45,PGF,1713579631
FPQEKSRQ,code,L,70004385,ST,2006-01-07T06:25,2006-01-07T08:45,ORY,1713579631
FPQEKSRQ,code,L,70004386,ST,2006-01-07T09:35,2006-01-07T11:45,PGF,1713579631
KUBRFEEZ,code,L,70004385,ST,2006-01-07T06:25,2006-01-07T08:45,ORY,1713579631
KUBRFEEZ,code,L,70004386,ST,2006-01-07T09:35,2006-01-07T11:45,PGF,1713579631
UXVVXUUG,code,L,70004486,CP,2006-01-07T06:25,2006-01-07T08:50,BOD,216794175
UXVVXUUG,code,L,70004485,CP,2006-01-07T09:55,2006-01-07T12:00,CDG,216794175
SZGZVFTN,code,L,70004486,FO,2006-01-07T06:25,2006-01-07T08:50,BOD,216794175
SZGZVFTN,code,L,70004485,FO,2006-01-07T09:55,2006-01-07T12:00,CDG,216794175
HJZRSMOA,code,L,70004486,CS,2006-01-07T06:25,2006-01-07T08:50,BOD,216794175
HJZRSMOA,code,L,70004485,CS,2006-01-07T09:55,2006-01-07T12:00,CDG,216794175
PXMONYQW,code,L,70004486,CS,2006-01-07T06:25,2006-01-07T08:50,BOD,216794175
PXMONYQW,code,L,70004485,CS,2006-01-07T09:55,2006-01-07T12:00,CDG,216794175
SHNLXJIP,code,L,70004486,ST,2006-01-07T06:25,2006-01-07T08:50,BOD,216794175
SHNLXJIP,code,L,70004485,ST,2006-01-07T09:55,2006-01-07T12:00,CDG,216794175
UDZRRJWK,code,L,70004486,ST,2006-01-07T06:25,2006-01-07T08:50,BOD,216794175
UDZRRJWK,code,L,70004485,ST,2006-01-07T09:55,2006-01-07T12:00,CDG,216794175
DNYUGMQZ,code,L,70004486,ST,2006-01-07T06:25,2006-01-07T08:50,BOD,216794175
DNYUGMQZ,code,L,70004485,ST,2006-01-07T09:55,2006-01-07T12:00,CDG,216794175
JNUWIAPC,code,L,70004486,ST,2006-01-07T06:25,2006-01-07T08:50,BOD,216794175
JNUWIAPC,code,L,70004485,ST,2006-01-07T09:55,2006-01-07T12:00,CDG,216794175
VGSGKQMD,code,L,70002520,CP,2006-01-07T06:25,2006-01-07T08:25,NTE,1017541010
VGSGKQMD,code,L,70002519,CP,2006-01-07T08:55,2006-01-07T09:55,TLS,1017541010
VGSGKQMD,code,L,70002518,CP,2006-01-07T10:45,2006-01-07T11:45,NTE,1017541010
VGSGKQMD,code,L,70002517,CP,2006-01-07T12:15,2006-01-07T13:15,TLS,1017541010
VGSGKQMD,code,L,70002626,CP,2006-01-07T13:50,2006-01-07T15:10,NTE,1017541010
VGSGKQMD,code,L,70002625,CP,2006-01-07T15:45,2006-01-07T17:55,MRS,1017541010
QGERSTWN,code,L,70002520,FO,2006-01-07T06:25,2006-01-07T08:25,NTE,1017541010
QGERSTWN,code,L,70002519,FO,2006-01-07T08:55,2006-01-07T09:55,TLS,1017541010
QGERSTWN,code,L,70002518,FO,2006-01-07T10:45,2006-01-07T11:45,NTE,1017541010
QGERSTWN,code,L,70002517,FO,2006-01-07T12:15,2006-01-07T13:15,TLS,1017541010
QGERSTWN,code,L,70002626,FO,2006-01-07T13:50,2006-01-07T15:10,NTE,1017541010
QGERSTWN,code,L,70002625,FO,2006-01-07T15:45,2006-01-07T17:55,MRS,1017541010
EHQESEUD,code,L,70002520,CSD,2006-01-07T06:25,2006-01-07T08:25,NTE,1017541010
EHQESEUD,code,L,70002519,CSD,2006-01-07T08:55,2006-01-07T09:55,TLS,1017541010
EHQESEUD,code,L,70002518,CSD,2006-01-07T10:45,2006-01-07T11:45,NTE,1017541010
EHQESEUD,code,L,70002517,CSD,2006-01-07T12:15,2006-01-07T13:15,TLS,1017541010
EHQESEUD,code,L,70002626,CSD,2006-01-07T13:50,2006-01-07T15:10,NTE,1017541010
EHQESEUD,code,L,70002625,CSD,2006-01-07T15:45,2006-01-07T17:55,MRS,1017541010
HADWHDOM,code,L,70002520,ST,2006-01-07T06:25,2006-01-07T08:25,NTE,1017541010
HADWHDOM,code,L,70002519,ST,2006-01-07T08:55,2006-01-07T09:55,TLS,1017541010
HADWHDOM,code,L,70002518,ST,2006-01-07T10:45,2006-01-07T11:45,NTE,1017541010
HADWHDOM,code,L,70002517,ST,2006-01-07T12:15,2006-01-07T13:15,TLS,1017541010
HADWHDOM,code,L,70002626,ST,2006-01-07T13:50,2006-01-07T15:10,NTE,1017541010
HADWHDOM,code,L,70002625,ST,2006-01-07T15:45,2006-01-07T17:55,MRS,1017541010
YLQCGTWQ,code,L,70002520,ST,2006-01-07T06:25,2006-01-07T08:25,NTE,1017541010
YLQCGTWQ,code,L,70002519,ST,2006-01-07T08:55,2006-01-07T09:55,TLS,1017541010
YLQCGTWQ,code,L,70002518,ST,2006-01-07T10:45,2006-01-07T11:45,NTE,1017541010
YLQCGTWQ,code,L,70002517,ST,2006-01-07T12:15,2006-01-07T13:15,TLS,1017541010
YLQCGTWQ,code,L,70002626,ST,2006-01-07T13:50,2006-01-07T15:10,NTE,1017541010
YLQCGTWQ,code,L,70002625,ST,2006-01-07T15:45,2006-01-07T17:55,MRS,1017541010
XAZFIJBY,code,L,70002520,ST,2006-01-07T06:25,2006-01-07T08:25,NTE,1017541010
XAZFIJBY,code,L,70002519,ST,2006-01-07T08:55,2006-01-07T09:55,TLS,1017541010
XAZFIJBY,code,L,70002518,ST,2006-01-07T10:45,2006-01-07T11:45,NTE,1017541010
XAZFIJBY,code,L,70002517,ST,2006-01-07T12:15,2006-01-07T13:15,TLS,1017541010
XAZFIJBY,code,L,70002626,ST,2006-01-07T13:50,2006-01-07T15:10,NTE,1017541010
XAZFIJBY,code,L,70002625,ST,2006-01-07T15:45,2006-01-07T17:55,MRS,1017541010
BXWLPAGW,code,L,70002868,CP,2006-01-07T06:30,2006-01-07T08:50,MRS,921209318
BXWLPAGW,code,L,70002877,CP,2006-01-07T09:35,2006-01-07T11:35,ORY,921209318
IUXGLVEX,code,L,70002868,FO,2006-01-07T06:30,2006-01-07T08:50,MRS,921209318
IUXGLVEX,code,L,70002877,FO,2006-01-07T09:35,2006-01-07T11:35,ORY,921209318
FXEVBAMP,code,L,70002868,CS,2006-01-07T06:30,2006-01-07T08:50,MRS,921209318
FXEVBAMP,code,L,70002877,CS,2006-01-07T09:35,2006-01-07T11:35,ORY,921209318
SBIFVFYB,code,L,70002868,CS,2006-01-07T06:30,2006-01-07T08:50,MRS,921209318
SBIFVFYB,code,L,70002877,CS,2006-01-07T09:35,2006-01-07T11:35,ORY,921209318
WAIFIKLW,code,L,70002868,ST,2006-01-07T06:30,2006-01-07T08:50,MRS,921209318
WAIFIKLW,code,L,70002877,ST,2006-01-07T09:35,2006-01-07T11:35,ORY,921209318
VHFSJWVS,code,L,70002868,ST,2006-01-07T06:30,2006-01-07T08:50,MRS,921209318
VHFSJWVS,code,L,70002877,ST,2006-01-07T09:35,2006-01-07T11:35,ORY,921209318
ASIYSGFG,code,L,70002868,ST,2006-01-07T06:30,2006-01-07T08:50,MRS,921209318
ASIYSGFG,code,L,70002877,ST,2006-01-07T09:35,2006-01-07T11:35,ORY,921209318
EXYCPHWB,code,L,70002868,ST,2006-01-07T06:30,2006-01-07T08:50,MRS,921209318
EXYCPHWB,code,L,70002877,ST,2006-01-07T09:35,2006-01-07T11:35,ORY,921209318
NDYPFRCG,code,L,70004400,CP,2006-01-07T06:30,2006-01-07T09:15,FSC,943091072
NDYPFRCG,code,L,70004393,CP,2006-01-07T09:40,2006-01-07T12:10,ORY,943091072
RXCYBMJG,code,L,70004400,FO,2006-01-07T06:30,2006-01-07T09:15,FSC,943091072
RXCYBMJG,code,L,70004393,FO,2006-01-07T09:40,2006-01-07T12:10,ORY,943091072
CLYHVRLG,code,L,70004400,CS,2006-01-07T06:30,2006-01-07T09:15,FSC,943091072
CLYHVRLG,code,L,70004393,CS,2006-01-07T09:40,2006-01-07T12:10,ORY,943091072
CLEABQWR,code,L,70004400,ST,2006-01-07T06:30,2006-01-07T09:15,FSC,943091072
CLEABQWR,code,L,70004393,ST,2006-01-07T09:40,2006-01-07T12:10,ORY,943091072
SJMPDWNF,code,L,70004400,ST,2006-01-07T06:30,2006-01-07T09:15,FSC,943091072
SJMPDWNF,code,L,70004393,ST,2006-01-07T09:40,2006-01-07T12:10,ORY,943091072
OKAWCMXB,code,L,70004400,ST,2006-01-07T06:30,2006-01-07T09:15,FSC,943091072
OKAWCMXB,code,L,70004393,ST,2006-01-07T09:40,2006-01-07T12:10,ORY,943091072
TDXUQMME,code,L,70003067,CP,2006-01-07T06:30,2006-01-07T08:50,ORY,1772116450
TDXUQMME,code,L,70004784,CP,2006-01-07T10:00,2006-01-07T11:40,NCE,1772116450
TDXUQMME,code,L,70004679,CP,2006-01-07T12:35,2006-01-07T13:50,LIL,1772116450
TDXUQMME,code,L,70004678,CP,2006-01-07T14:45,2006-01-07T16:30,LYS,1772116450
VVZPGVEZ,code,L,70003067,FO,2006-01-07T06:30,2006-01-07T08:50,ORY,1772116450
VVZPGVEZ,code,L,70004784,FO,2006-01-07T10:00,2006-01-07T11:40,NCE,1772116450
VVZPGVEZ,code,L,70004679,FO,2006-01-07T12:35,2006-01-07T13:50,LIL,1772116450
VVZPGVEZ,code,L,70004678,FO,2006-01-07T14:45,2006-01-07T16:30,LYS,1772116450
RKOYCATY,code,L,70003067,CSD,2006-01-07T06:30,2006-01-07T08:50,ORY,1772116450
RKOYCATY,code,L,70004784,CSD,2006-01-07T10:00,2006-01-07T11:40,NCE,1772116450
RKOYCATY,code,L,70004679,CSD,2006-01-07T12:35,2006-01-07T13:50,LIL,1772116450
RKOYCATY,code,L,70004678,CSD,2006-01-07T14:45,2006-01-07T16:30,LYS,1772116450
TVGSQWFF,code,L,70003067,ST,2006-01-07T06:30,2006-01-07T08:50,ORY,1772116450
TVGSQWFF,code,L,70004784,ST,2006-01-07T10:00,2006-01-07T11:40,NCE,1772116450
TVGSQWFF,code,L,70004679,ST,2006-01-07T12:35,2006-01-07T13:50,LIL,1772116450
TVGSQWFF,code,L,70004678,ST,2006-01-07T14:45,2006-01-07T16:30,LYS,1772116450
FGKVHQOM,code,L,70003067,ST,2006-01-07T06:30,2006-01-07T08:50,ORY,1772116450
FGKVHQOM,code,L,70004784,ST,2006-01-07T10:00,2006-01-07T11:40,NCE,1772116450
FGKVHQOM,code,L,70004679,ST,2006-01-07T12:35,2006-01-07T13:50,LIL,1772116450
FGKVHQOM,code,L,70004678,ST,2006-01-07T14:45,2006-01-07T16:30,LYS,1772116450
UEZRNVGL,code,L,70003067,ST,2006-01-07T06:30,2006-01-07T08:50,ORY,1772116450
UEZRNVGL,code,L,70004784,ST,2006-01-07T10:00,2006-01-07T11:40,NCE,1772116450
UEZRNVGL,code,L,70004679,ST,2006-01-07T12:35,2006-01-07T13:50,LIL,1772116450
UEZRNVGL,code,L,70004678,ST,2006-01-07T14:45,2006-01-07T16:30,LYS,1772116450
RZFFXLXD,code,L,70004165,CP,2006-01-07T07:00,2006-01-07T09:00,ORY,29236707
RZFFXLXD,code,L,70004170,CP,2006-01-07T10:10,2006-01-07T11:10,SXB,29236707
RZFFXLXD,code,L,70004171,CP,2006-01-07T14:25,2006-01-07T15:25,ORY,29236707
RZFFXLXD,code,L,70004180,CP,2006-01-07T17:00,2006-01-07T18:45,SXB,29236707
CAUWZNGL,code,L,70004165,FO,2006-01-07T07:00,2006-01-07T09:00,ORY,29236707
CAUWZNGL,code,L,70004170,FO,2006-01-07T10:10,2006-01-07T11:10,SXB,29236707
CAUWZNGL,code,L,70004171,FO,2006-01-07T14:25,2006-01-07T15:25,ORY,29236707
CAUWZNGL,code,L,70004180,FO,2006-01-07T17:00,2006-01-07T18:45,SXB,29236707
CBMJEDKM,code,L,70004165,CS,2006-01-07T07:00,2006-01-07T09:00,ORY,29236707
CBMJEDKM,code,L,70004170,CS,2006-01-07T10:10,2006-01-07T11:10,SXB,29236707
CBMJEDKM,code,L,70004171,CS,2006-01-07T14:25,2006-01-07T15:25,ORY,29236707
CBMJEDKM,code,L,70004180,CS,2006-01-07T17:00,2006-01-07T18:45,SXB,29236707
FUGQSKYN,code,L,70004165,CS,2006-01-07T07:00,2006-01-07T09:00,ORY,29236707
FUGQSKYN,code,L,70004170,CS,2006-01-07T10:10,2006-01-07T11:10,SXB,29236707
FUGQSKYN,code,L,70004171,CS,2006-01-07T14:25,2006-01-07T15:25,ORY,29236707
FUGQSKYN,code,L,70004180,CS,2006-01-07T17:00,2006-01-07T18:45,SXB,29236707
UGVGICFL,code,L,70004165,ST,2006-01-07T07:00,2006-01-07T09:00,ORY,29236707
UGVGICFL,code,L,70004170,ST,2006-01-07T10:10,2006-01-07T11:10,SXB,29236707
UGVGICFL,code,L,70004171,ST,2006-01-07T14:25,2006-01-07T15:25,ORY,29236707
UGVGICFL,code,L,70004180,ST,2006-01-07T17:00,2006-01-07T18:45,SXB,29236707
ZSBFREJE,code,L,70004165,ST,2006-01-07T07:00,2006-01-07T09:00,ORY,29236707
ZSBFREJE,code,L,70004170,ST,2006-01-07T10:10,2006-01-07T11:10,SXB,29236707
ZSBFREJE,code,L,70004171,ST,2006-01-07T14:25,2006-01-07T15:25,ORY,29236707
ZSBFREJE,code,L,70004180,ST,2006-01-07T17:00,2006-01-07T18:45,SXB,29236707
NRDNNIRE,code,L,70004165,ST,2006-01-07T07:00,2006-01-07T09:00,ORY,29236707
NRDNNIRE,code,L,70004170,ST,2006-01-07T10:10,2006-01-07T11:10,SXB,29236707
NRDNNIRE,code,L,70004171,ST,2006-01-07T14:25,2006-01-07T15:25,ORY,29236707
NRDNNIRE,code,L,70004180,ST,2006-01-07T17:00,2006-01-07T18:45,SXB,29236707
TMGGMOIO,code,L,70004165,ST,2006-01-07T07:00,2006-01-07T09:00,ORY,29236707
TMGGMOIO,code,L,70004170,ST,2006-01-07T10:10,2006-01-07T11:10,SXB,29236707
TMGGMOIO,code,L,70004171,ST,2006-01-07T14:25,2006-01-07T15:25,ORY,29236707
TMGGMOIO,code,L,70004180,ST,2006-01-07T17:00,2006-01-07T18:45,SXB,29236707
FZAQOBGW,code,L,70003122,CP,2006-01-07T07:00,2006-01-07T09:10,BOD,863898425
FZAQOBGW,code,L,70003121,CP,2006-01-07T10:10,2006-01-07T12:00,ORY,863898425
GHMIGJHA,code,L,70003122,FO,2006-01-07T07:00,2006-01-07T09:10,BOD,863898425
GHMIGJHA,code,L,70003121,FO,2006-01-07T10:10,2006-01-07T12:00,ORY,863898425
FNCKEBGI,code,L,70003122,CS,2006-01-07T07:00,2006-01-07T09:10,BOD,863898425
FNCKEBGI,code,L,70003121,CS,2006-01-07T10:10,2006-01-07T12:00,ORY,863898425
ZOYPTFUC,code,L,70003122,CS,2006-01-07T07:00,2006-01-07T09:10,BOD,863898425
ZOYPTFUC,code,L,70003121,CS,2006-01-07T10:10,2006-01-07T12:00,ORY,863898425
AEDXPHOG,code,L,70003122,ST,2006-01-07T07:00,2006-01-07T09:10,BOD,863898425
AEDXPHOG,code,L,70003121,ST,2006-01-07T10:10,2006-01-07T12:00,ORY,863898425
ZJZSGNNC,code,L,70003122,ST,2006-01-07T07:00,2006-01-07T09:10,BOD,863898425
ZJZSGNNC,code,L,70003121,ST,2006-01-07T10:10,2006-01-07T12:00,ORY,863898425
DTBCFEPC,code,L,70003122,ST,2006-01-07T07:00,2006-01-07T09:10,BOD,863898425
DTBCFEPC,code,L,70003121,ST,2006-01-07T10:10,2006-01-07T12:00,ORY,863898425
ONGVIKIQ,code,L,70003122,ST,2006-01-07T07:00,2006-01-07T09:10,BOD,863898425
ONGVIKIQ,code,L,70003121,ST,2006-01-07T10:10,2006-01-07T12:00,ORY,863898425
MBYPVEWH,code,L,70004406,CP,2006-01-07T07:05,2006-01-07T09:25,MPL,1022862599
MBYPVEWH,code,L,70004409,CP,2006-01-07T10:15,2006-01-07T12:15,ORY,1022862599
GJHIXDPE,code,L,70004406,FO,2006-01-07T07:05,2006-01-07T09:25,MPL,1022862599
GJHIXDPE,code,L,70004409,FO,2006-01-07T10:15,2006-01-07T12:15,ORY,1022862599
ZYLFQUPF,code,L,70004406,CS,2006-01-07T07:05,2006-01-07T09:25,MPL,1022862599
ZYLFQUPF,code,L,70004409,CS,2006-01-07T10:15,2006-01-07T12:15,ORY,1022862599
LVCGKZYU,code,L,70004406,CS,2006-01-07T07:05,2006-01-07T09:25,MPL,1022862599
LVCGKZYU,code,L,70004409,CS,2006-01-07T10:15,2006-01-07T12:15,ORY,1022862599
HUPBIEVU,code,L,70004406,ST,2006-01-07T07:05,2006-01-07T09:25,MPL,1022862599
HUPBIEVU,code,L,70004409,ST,2006-01-07T10:15,2006-01-07T12:15,ORY,1022862599
XAKWMYRG,code,L,70004406,ST,2006-01-07T07:05,2006-01-07T09:25,MPL,1022862599
XAKWMYRG,code,L,70004409,ST,2006-01-07T10:15,2006-01-07T12:15,ORY,1022862599
TXTRZTRO,code,L,70004406,ST,2006-01-07T07:05,2006-01-07T09:25,MPL,1022862599
TXTRZTRO,code,L,70004409,ST,2006-01-07T10:15,2006-01-07T12:15,ORY,1022862599
YDIUDWBB,code,L,70004406,ST,2006-01-07T07:05,2006-01-07T09:25,MPL,1022862599
YDIUDWBB,code,L,70004409,ST,2006-01-07T10:15,2006-01-07T12:15,ORY,1022862599
WKQCUJXJ,code,L,70002978,CP,2006-01-07T07:10,2006-01-07T09:30,TLS,461272858
WKQCUJXJ,code,L,70004345,CP,2006-01-07T10:45,2006-01-07T12:00,ORY,461272858
WKQCUJXJ,code,L,70004348,CP,2006-01-07T12:50,2006-01-07T14:10,BIQ,461272858
WKQCUJXJ,code,L,70004351,CP,2006-01-07T15:55,2006-01-07T17:10,ORY,461272858
WKQCUJXJ,code,L,70004354,CP,2006-01-07T18:00,2006-01-07T19:20,BIQ,461272858
WKQCUJXJ,code,L,70004342,CP,2006-01-07T20:05,2006-01-07T21:50,ORY,461272858
UWGSMUSY,code,L,70002978,FO,2006-01-07T07:10,2006-01-07T09:30,TLS,461272858
UWGSMUSY,code,L,70004345,FO,2006-01-07T10:45,2006-01-07T12:00,ORY,461272858
UWGSMUSY,code,L,70004348,FO,2006-01-07T12:50,2006-01-07T14:10,BIQ,461272858
UWGSMUSY,code,L,70004351,FO,2006-01-07T15:55,2006-01-07T17:10,ORY,461272858
UWGSMUSY,code,L,70004354,FO,2006-01-07T18:00,2006-01-07T19:20,BIQ,461272858
UWGSMUSY,code,L,70004342,FO,2006-01-07T20:05,2006-01-07T21:50,ORY,461272858
UAYXFQJQ,code,L,70002978,CS,2006-01-07T07:10,2006-01-07T09:30,TLS,461272858
UAYXFQJQ,code,L,70004345,CS,2006-01-07T10:45,2006-01-07T12:00,ORY,461272858
UAYXFQJQ,code,L,70004348,CS,2006-01-07T12:50,2006-01-07T14:10,BIQ,461272858
UAYXFQJQ,code,L,70004351,CS,2006-01-07T15:55,2006-01-07T17:10,ORY,461272858
UAYXFQJQ,code,L,70004354,CS,2006-01-07T18:00,2006-01-07T19:20,BIQ,461272858
UAYXFQJQ,code,L,70004342,CS,2006-01-07T20:05,2006-01-07T21:50,ORY,461272858
ZXTDZQQE,code,L,70002978,CS,2006-01-07T07:10,2006-01-07T09:30,TLS,461272858
ZXTDZQQE,code,L,70004345,CS,2006-01-07T10:45,2006-01-07T12:00,ORY,461272858
ZXTDZQQE,code,L,70004348,CS,2006-01-07T12:50,2006-01-07T14:10,BIQ,461272858
ZXTDZQQE,code,L,70004351,CS,2006-01-07T15:55,2006-01-07T17:10,ORY,461272858
ZXTDZQQE,code,L,70004354,CS,2006-01-07T18:00,2006-01-07T19:20,BIQ,461272858
ZXTDZQQE,code,L,70004342,CS,2006-01-07T20:05,2006-01-07T21:50,ORY,461272858
APEQSHEM,code,L,70002978,ST,2006-01-07T07:10,2006-01-07T09:30,TLS,461272858
APEQSHEM,code,L,70004345,ST,2006-01-07T10:45,2006-01-07T12:00,ORY,461272858
APEQSHEM,code,L,70004348,ST,2006-01-07T12:50,2006-01-07T14:10,BIQ,461272858
APEQSHEM,code,L,70004351,ST,2006-01-07T15:55,2006-01-07T17:10,ORY,461272858
APEQSHEM,code,L,70004354,ST,2006-01-07T18:00,2006-01-07T19:20,BIQ,461272858
APEQSHEM,code,L,70004342,ST,2006-01-07T20:05,2006-01-07T21:50,ORY,461272858
NUPZJQKV,code,L,70002978,ST,2006-01-07T07:10,2006-01-07T09:30,TLS,461272858
NUPZJQKV,code,L,70004345,ST,2006-01-07T10:45,2006-01-07T12:00,ORY,461272858
NUPZJQKV,code,L,70004348,ST,2006-01-07T12:50,2006-01-07T14:10,BIQ,461272858
NUPZJQKV,code,L,70004351,ST,2006-01-07T15:55,2006-01-07T17:10,ORY,461272858
NUPZJQKV,code,L,70004354,ST,2006-01-07T18:00,2006-01-07T19:20,BIQ,461272858
NUPZJQKV,code,L,70004342,ST,2006-01-07T20:05,2006-01-07T21:50,ORY,461272858
WBFPZKJU,code,L,70002978,ST,2006-01-07T07:10,2006-01-07T09:30,TLS,461272858
WBFPZKJU,code,L,70004345,ST,2006-01-07T10:45,2006-01-07T12:00,ORY,461272858
WBFPZKJU,code,L,70004348,ST,2006-01-07T12:50,2006-01-07T14:10,BIQ,461272858
WBFPZKJU,code,L,70004351,ST,2006-01-07T15:55,2006-01-07T17:10,ORY,461272858
WBFPZKJU,code,L,70004354,ST,2006-01-07T18:00,2006-01-07T19:20,BIQ,461272858
WBFPZKJU,code,L,70004342,ST,2006-01-07T20:05,2006-01-07T21:50,ORY,461272858
TSZNKMYI,code,L,70002978,ST,2006-01-07T07:10,2006-01-07T09:30,TLS,461272858
TSZNKMYI,code,L,70004345,ST,2006-01-07T10:45,2006-01-07T12:00,ORY,461272858
TSZNKMYI,code,L,70004348,ST,2006-01-07T12:50,2006-01-07T14:10,BIQ,461272858
TSZNKMYI,code,L,70004351,ST,2006-01-07T15:55,2006-01-07T17:10,ORY,461272858
TSZNKMYI,code,L,70004354,ST,2006-01-07T18:00,2006-01-07T19:20,BIQ,461272858
TSZNKMYI,code,L,70004342,ST,2006-01-07T20:05,2006-01-07T21:50,ORY,461272858
MTIAWNHC,code,L,70004168,CP,2006-01-07T07:10,2006-01-07T09:10,SXB,1178395817
MTIAWNHC,code,L,70004167,CP,2006-01-07T10:25,2006-01-07T12:10,ORY,1178395817
ALGFOQLU,code,L,70004168,FO,2006-01-07T07:10,2006-01-07T09:10,SXB,1178395817
ALGFOQLU,code,L,70004167,FO,2006-01-07T10:25,2006-01-07T12:10,ORY,1178395817
ALKRTNJT,code,L,70004168,CS,2006-01-07T07:10,2006-01-07T09:10,SXB,1178395817
ALKRTNJT,code,L,70004167,CS,2006-01-07T10:25,2006-01-07T12:10,ORY,1178395817
ASSHVUXJ,code,L,70004168,CS,2006-01-07T07:10,2006-01-07T09:10,SXB,1178395817
ASSHVUXJ,code,L,70004167,CS,2006-01-07T10:25,2006-01-07T12:10,ORY,1178395817
UKCHMNJO,code,L,70004168,ST,2006-01-07T07:10,2006-01-07T09:10,SXB,1178395817
UKCHMNJO,code,L,70004167,ST,2006-01-07T10:25,2006-01-07T12:10,ORY,1178395817
POKIWNNV,code,L,70004168,ST,2006-01-07T07:10,2006-01-07T09:10,SXB,1178395817
POKIWNNV,code,L,70004167,ST,2006-01-07T10:25,2006-01-07T12:10,ORY,1178395817
BNRMTFWB,code,L,70004168,ST,2006-01-07T07:10,2006-01-07T09:10,SXB,1178395817
BNRMTFWB,code,L,70004167,ST,2006-01-07T10:25,2006-01-07T12:10,ORY,1178395817
JIQJDUSC,code,L,70004168,ST,2006-01-07T07:10,2006-01-07T09:10,SXB,1178395817
JIQJDUSC,code,L,70004167,ST,2006-01-07T10:25,2006-01-07T12:10,ORY,1178395817
WPIAESNJ,code,L,70004475,CP,2006-01-07T07:10,2006-01-07T09:45,ORY,2142954714
WPIAESNJ,code,L,70004476,CP,2006-01-07T10:45,2006-01-07T13:00,CLY,2142954714
MUTQJTZU,code,L,70004475,FO,2006-01-07T07:10,2006-01-07T09:45,ORY,2142954714
MUTQJTZU,code,L,70004476,FO,2006-01-07T10:45,2006-01-07T13:00,CLY,2142954714
GLINYFIW,code,L,70004475,CS,2006-01-07T07:10,2006-01-07T09:45,ORY,2142954714
GLINYFIW,code,L,70004476,CS,2006-01-07T10:45,2006-01-07T13:00,CLY,2142954714
ZFIFEOCV,code,L,70004475,CS,2006-01-07T07:10,2006-01-07T09:45,ORY,2142954714
ZFIFEOCV,code,L,70004476,CS,2006-01-07T10:45,2006-01-07T13:00,CLY,2142954714
WRZOAEFK,code,L,70004475,ST,2006-01-07T07:10,2006-01-07T09:45,ORY,2142954714
WRZOAEFK,code,L,70004476,ST,2006-01-07T10:45,2006-01-07T13:00,CLY,2142954714
VIGFRNBX,code,L,70004475,ST,2006-01-07T07:10,2006-01-07T09:45,ORY,2142954714
VIGFRNBX,code,L,70004476,ST,2006-01-07T10:45,2006-01-07T13:00,CLY,2142954714
ZILFVKUH,code,L,70004475,ST,2006-01-07T07:10,2006-01-07T09:45,ORY,2142954714
ZILFVKUH,code,L,70004476,ST,2006-01-07T10:45,2006-01-07T13:00,CLY,2142954714
WLSRUHFS,code,L,70004475,ST,2006-01-07T07:10,2006-01-07T09:45,ORY,2142954714
WLSRUHFS,code,L,70004476,ST,2006-01-07T10:45,2006-01-07T13:00,CLY,2142954714
PQZBABOC,code,L,70004518,CP,2006-01-07T07:55,2006-01-07T10:00,CFE,41568198
PQZBABOC,code,L,70002584,CP,2006-01-07T12:30,2006-01-07T13:35,CDG,41568198
PQZBABOC,code,L,70002585,CP,2006-01-07T14:55,2006-01-07T15:55,RNS,41568198
PQZBABOC,code,L,70004641,CP,2006-01-07T17:20,2006-01-07T18:50,CDG,41568198
PQZBABOC,code,L,70004642,CP,2006-01-07T19:30,2006-01-07T21:15,PUF,41568198
IYQCPRAU,code,L,70004518,FO,2006-01-07T07:55,2006-01-07T10:00,CFE,41568198
IYQCPRAU,code,L,70002584,FO,2006-01-07T12:30,2006-01-07T13:35,CDG,41568198
IYQCPRAU,code,L,70002585,FO,2006-01-07T14:55,2006-01-07T15:55,RNS,41568198
IYQCPRAU,code,L,70004641,FO,2006-01-07T17:20,2006-01-07T18:50,CDG,41568198
IYQCPRAU,code,L,70004642,FO,2006-01-07T19:30,2006-01-07T21:15,PUF,41568198
PYNGPRKF,code,L,70004518,CS,2006-01-07T07:55,2006-01-07T10:00,CFE,41568198
PYNGPRKF,code,L,70002584,CS,2006-01-07T12:30,2006-01-07T13:35,CDG,41568198
PYNGPRKF,code,L,70002585,CS,2006-01-07T14:55,2006-01-07T15:55,RNS,41568198
PYNGPRKF,code,L,70004641,CS,2006-01-07T17:20,2006-01-07T18:50,CDG,41568198
PYNGPRKF,code,L,70004642,CS,2006-01-07T19:30,2006-01-07T21:15,PUF,41568198
HTNKDBPJ,code,L,70004518,ST,2006-01-07T07:55,2006-01-07T10:00,CFE,41568198
HTNKDBPJ,code,L,70002584,ST,2006-01-07T12:30,2006-01-07T13:35,CDG,41568198
HTNKDBPJ,code,L,70002585,ST,2006-01-07T14:55,2006-01-07T15:55,RNS,41568198
HTNKDBPJ,code,L,70004641,ST,2006-01-07T17:20,2006-01-07T18:50,CDG,41568198
HTNKDBPJ,code,L,70004642,ST,2006-01-07T19:30,2006-01-07T21:15,PUF,41568198
MZVXELEO,code,L,70004518,ST,2006-01-07T07:55,2006-01-07T10:00,CFE,41568198
MZVXELEO,code,L,70002584,ST,2006-01-07T12:30,2006-01-07T13:35,CDG,41568198
MZVXELEO,code,L,70002585,ST,2006-01-07T14:55,2006-01-07T15:55,RNS,41568198
MZVXELEO,code,L,70004641,ST,2006-01-07T17:20,2006-01-07T18:50,CDG,41568198
MZVXELEO,code,L,70004642,ST,2006-01-07T19:30,2006-01-07T21:15,PUF,41568198
PUXPRPPN,code,L,70004837,CP,2006-01-07T08:15,2006-01-07T10:35,SXB,1988519473
PUXPRPPN,code,L,70004838,CP,2006-01-07T11:15,2006-01-07T12:35,NCE,1988519473
PUXPRPPN,code,L,70002644,CP,2006-01-07T13:10,2006-01-07T14:10,SXB,1988519473
PUXPRPPN,code,L,70002643,CP,2006-01-07T15:00,2006-01-07T16:45,LYS,1988519473
MTACHPAS,code,L,70004837,FO,2006-01-07T08:15,2006-01-07T10:35,SXB,1988519473
MTACHPAS,code,L,70004838,FO,2006-01-07T11:15,2006-01-07T12:35,NCE,1988519473
MTACHPAS,code,L,70002644,FO,2006-01-07T13:10,2006-01-07T14:10,SXB,1988519473
MTACHPAS,code,L,70002643,FO,2006-01-07T15:00,2006-01-07T16:45,LYS,1988519473
JUIOZGVG,code,L,70004837,CSD,2006-01-07T08:15,2006-01-07T10:35,SXB,1988519473
JUIOZGVG,code,L,70004838,CSD,2006-01-07T11:15,2006-01-07T12:35,NCE,1988519473
JUIOZGVG,code,L,70002644,CSD,2006-01-07T13:10,2006-01-07T14:10,SXB,1988519473
JUIOZGVG,code,L,70002643,CSD,2006-01-07T15:00,2006-01-07T16:45,LYS,1988519473
XCTAZYIA,code,L,70004837,ST,2006-01-07T08:15,2006-01-07T10:35,SXB,1988519473
XCTAZYIA,code,L,70004838,ST,2006-01-07T11:15,2006-01-07T12:35,NCE,1988519473
XCTAZYIA,code,L,70002644,ST,2006-01-07T13:10,2006-01-07T14:10,SXB,1988519473
XCTAZYIA,code,L,70002643,ST,2006-01-07T15:00,2006-01-07T16:45,LYS,1988519473
BHAKGVOP,code,L,70004837,ST,2006-01-07T08:15,2006-01-07T10:35,SXB,1988519473
BHAKGVOP,code,L,70004838,ST,2006-01-07T11:15,2006-01-07T12:35,NCE,1988519473
BHAKGVOP,code,L,70002644,ST,2006-01-07T13:10,2006-01-07T14:10,SXB,1988519473
BHAKGVOP,code,L,70002643,ST,2006-01-07T15:00,2006-01-07T16:45,LYS,1988519473
LPWOBXDG,code,L,70004837,ST,2006-01-07T08:15,2006-01-07T10:35,SXB,1988519473
LPWOBXDG,code,L,70004838,ST,2006-01-07T11:15,2006-01-07T12:35,NCE,1988519473
LPWOBXDG,code,L,70002644,ST,2006-01-07T13:10,2006-01-07T14:10,SXB,1988519473
LPWOBXDG,code,L,70002643,ST,2006-01-07T15:00,2006-01-07T16:45,LYS,1988519473
DIUXCFIK,code,L,70004268,CP,2006-01-07T08:30,2006-01-07T10:35,LYS,190797265
DIUXCFIK,code,L,70004273,CP,2006-01-07T11:20,2006-01-07T12:25,ORY,190797265
DIUXCFIK,code,L,70004272,CP,2006-01-07T13:10,2006-01-07T14:15,LYS,190797265
DIUXCFIK,code,L,70004279,CP,2006-01-07T15:00,2006-01-07T16:05,ORY,190797265
DIUXCFIK,code,L,70004274,CP,2006-01-07T16:50,2006-01-07T17:55,LYS,190797265
DIUXCFIK,code,L,70004275,CP,2006-01-07T18:40,2006-01-07T20:30,ORY,190797265
TAKCXEMY,code,L,70004268,FO,2006-01-07T08:30,2006-01-07T10:35,LYS,190797265
TAKCXEMY,code,L,70004273,FO,2006-01-07T11:20,2006-01-07T12:25,ORY,190797265
TAKCXEMY,code,L,70004272,FO,2006-01-07T13:10,2006-01-07T14:15,LYS,190797265
TAKCXEMY,code,L,70004279,FO,2006-01-07T15:00,2006-01-07T16:05,ORY,190797265
TAKCXEMY,code,L,70004274,FO,2006-01-07T16:50,2006-01-07T17:55,LYS,190797265
TAKCXEMY,code,L,70004275,FO,2006-01-07T18:40,2006-01-07T20:30,ORY,190797265
VIFFOFAL,code,L,70004268,CS,2006-01-07T08:30,2006-01-07T10:35,LYS,190797265
VIFFOFAL,code,L,70004273,CS,2006-01-07T11:20,2006-01-07T12:25,ORY,190797265
VIFFOFAL,code,L,70004272,CS,2006-01-07T13:10,2006-01-07T14:15,LYS,190797265
VIFFOFAL,code,L,70004279,CS,2006-01-07T15:00,2006-01-07T16:05,ORY,190797265
VIFFOFAL,code,L,70004274,CS,2006-01-07T16:50,2006-01-07T17:55,LYS,190797265
VIFFOFAL,code,L,70004275,CS,2006-01-07T18:40,2006-01-07T20:30,ORY,190797265
ULVDKURY,code,L,70004268,CS,2006-01-07T08:30,2006-01-07T10:35,LYS,190797265
ULVDKURY,code,L,70004273,CS,2006-01-07T11:20,2006-01-07T12:25,ORY,190797265
ULVDKURY,code,L,70004272,CS,2006-01-07T13:10,2006-01-07T14:15,LYS,190797265
ULVDKURY,code,L,70004279,CS,2006-01-07T15:00,2006-01-07T16:05,ORY,190797265
ULVDKURY,code,L,70004274,CS,2006-01-07T16:50,2006-01-07T17:55,LYS,190797265
ULVDKURY,code,L,70004275,CS,2006-01-07T18:40,2006-01-07T20:30,ORY,190797265
AXAACWUH,code,L,70004268,ST,2006-01-07T08:30,2006-01-07T10:35,LYS,190797265
AXAACWUH,code,L,70004273,ST,2006-01-07T11:20,2006-01-07T12:25,ORY,190797265
AXAACWUH,code,L,70004272,ST,2006-01-07T13:10,2006-01-07T14:15,LYS,190797265
AXAACWUH,code,L,70004279,ST,2006-01-07T15:00,2006-01-07T16:05,ORY,190797265
AXAACWUH,code,L,70004274,ST,2006-01-07T16:50,2006-01-07T17:55,LYS,190797265
AXAACWUH,code,L,70004275,ST,2006-01-07T18:40,2006-01-07T20:30,ORY,190797265
PHAWVQAF,code,L,70004268,ST,2006-01-07T08:30,2006-01-07T10:35,LYS,190797265
PHAWVQAF,code,L,70004273,ST,2006-01-07T11:20,2006-01-07T12:25,ORY,190797265
PHAWVQAF,code,L,70004272,ST,2006-01-07T13:10,2006-01-07T14:15,LYS,190797265
PHAWVQAF,code,L,70004279,ST,2006-01-07T15:00,2006-01-07T16:05,ORY,190797265
PHAWVQAF,code,L,70004274,ST,2006-01-07T16:50,2006-01-07T17:55,LYS,190797265
PHAWVQAF,code,L,70004275,ST,2006-01-07T18:40,2006-01-07T20:30,ORY,190797265
YBKFCQFC,code,L,70004268,ST,2006-01-07T08:30,2006-01-07T10:35,LYS,190797265
YBKFCQFC,code,L,70004273,ST,2006-01-07T11:20,2006-01-07T12:25,ORY,190797265
YBKFCQFC,code,L,70004272,ST,2006-01-07T13:10,2006-01-07T14:15,LYS,190797265
YBKFCQFC,code,L,70004279,ST,2006-01-07T15:00,2006-01-07T16:05,ORY,190797265
YBKFCQFC,code,L,70004274,ST,2006-01-07T16:50,2006-01-07T17:55,LYS,190797265
YBKFCQFC,code,L,70004275,ST,2006-01-07T18:40,2006-01-07T20:30,ORY,190797265
GWSKMSOT,code,L,70004268,ST,2006-01-07T08:30,2006-01-07T10:35,LYS,190797265
GWSKMSOT,code,L,70004273,ST,2006-01-07T11:20,2006-01-07T12:25,ORY,190797265
GWSKMSOT,code,L,70004272,ST,2006-01-07T13:10,2006-01-07T14:15,LYS,190797265
GWSKMSOT,code,L,70004279,ST,2006-01-07T15:00,2006-01-07T16:05,ORY,190797265
GWSKMSOT,code,L,70004274,ST,2006-01-07T16:50,2006-01-07T17:55,LYS,190797265
GWSKMSOT,code,L,70004275,ST,2006-01-07T18:40,2006-01-07T20:30,ORY,190797265
BJOQJUCT,code,L,70004658,CP,2006-01-07T08:35,2006-01-07T11:05,TLS,1839244181
BJOQJUCT,code,L,70004657,CP,2006-01-07T11:55,2006-01-07T13:20,CDG,1839244181
BJOQJUCT,code,L,70004650,CP,2006-01-07T15:00,2006-01-07T16:30,TLS,1839244181
BJOQJUCT,code,L,70004651,CP,2006-01-07T17:25,2006-01-07T19:35,CDG,1839244181
IYQAUJHN,code,L,70004658,FO,2006-01-07T08:35,2006-01-07T11:05,TLS,1839244181
IYQAUJHN,code,L,70004657,FO,2006-01-07T11:55,2006-01-07T13:20,CDG,1839244181
IYQAUJHN,code,L,70004650,FO,2006-01-07T15:00,2006-01-07T16:30,TLS,1839244181
IYQAUJHN,code,L,70004651,FO,2006-01-07T17:25,2006-01-07T19:35,CDG,1839244181
KBFAGEEI,code,L,70004658,CS,2006-01-07T08:35,2006-01-07T11:05,TLS,1839244181
KBFAGEEI,code,L,70004657,CS,2006-01-07T11:55,2006-01-07T13:20,CDG,1839244181
KBFAGEEI,code,L,70004650,CS,2006-01-07T15:00,2006-01-07T16:30,TLS,1839244181
KBFAGEEI,code,L,70004651,CS,2006-01-07T17:25,2006-01-07T19:35,CDG,1839244181
IRBRLUBK,code,L,70004658,CS,2006-01-07T08:35,2006-01-07T11:05,TLS,1839244181
IRBRLUBK,code,L,70004657,CS,2006-01-07T11:55,2006-01-07T13:20,CDG,1839244181
IRBRLUBK,code,L,70004650,CS,2006-01-07T15:00,2006-01-07T16:30,TLS,1839244181
IRBRLUBK,code,L,70004651,CS,2006-01-07T17:25,2006-01-07T19:35,CDG,1839244181
OJHYWZUB,code,L,70004658,ST,2006-01-07T08:35,2006-01-07T11:05,TLS,1839244181
OJHYWZUB,code,L,70004657,ST,2006-01-07T11:55,2006-01-07T13:20,CDG,1839244181
OJHYWZUB,code,L,70004650,ST,2006-01-07T15:00,2006-01-07T16:30,TLS,1839244181
OJHYWZUB,code,L,70004651,ST,2006-01-07T17:25,2006-01-07T19:35,CDG,1839244181
JPTJBWZM,code,L,70004658,ST,2006-01-07T08:35,2006-01-07T11:05,TLS,1839244181
JPTJBWZM,code,L,70004657,ST,2006-01-07T11:55,2006-01-07T13:20,CDG,1839244181
JPTJBWZM,code,L,70004650,ST,2006-01-07T15:00,2006-01-07T16:30,TLS,1839244181
JPTJBWZM,code,L,70004651,ST,2006-01-07T17:25,2006-01-07T19:35,CDG,1839244181
OANIKKXX,code,L,70004658,ST,2006-01-07T08:35,2006-01-07T11:05,TLS,1839244181
OANIKKXX,code,L,70004657,ST,2006-01-07T11:55,2006-01-07T13:20,CDG,1839244181
OANIKKXX,code,L,70004650,ST,2006-01-07T15:00,2006-01-07T16:30,TLS,1839244181
OANIKKXX,code,L,70004651,ST,2006-01-07T17:25,2006-01-07T19:35,CDG,1839244181
SQEXHUFO,code,L,70004658,ST,2006-01-07T08:35,2006-01-07T11:05,TLS,1839244181
SQEXHUFO,code,L,70004657,ST,2006-01-07T11:55,2006-01-07T13:20,CDG,1839244181
SQEXHUFO,code,L,70004650,ST,2006-01-07T15:00,2006-01-07T16:30,TLS,1839244181
SQEXHUFO,code,L,70004651,ST,2006-01-07T17:25,2006-01-07T19:35,CDG,1839244181
LKDBXFTI,code,L,70002980,CP,2006-01-07T08:40,2006-01-07T11:00,TLS,2039758977
LKDBXFTI,code,L,70002983,CP,2006-01-07T11:50,2006-01-07T13:00,ORY,2039758977
LKDBXFTI,code,L,70002988,CP,2006-01-07T13:40,2006-01-07T15:00,TLS,2039758977
LKDBXFTI,code,L,70002995,CP,2006-01-07T15:50,2006-01-07T17:00,ORY,2039758977
LKDBXFTI,code,L,70003004,CP,2006-01-07T17:40,2006-01-07T19:00,TLS,2039758977
LKDBXFTI,code,L,70003011,CP,2006-01-07T19:50,2006-01-07T21:45,ORY,2039758977
LEKETQVJ,code,L,70002980,FO,2006-01-07T08:40,2006-01-07T11:00,TLS,2039758977
LEKETQVJ,code,L,70002983,FO,2006-01-07T11:50,2006-01-07T13:00,ORY,2039758977
LEKETQVJ,code,L,70002988,FO,2006-01-07T13:40,2006-01-07T15:00,TLS,2039758977
LEKETQVJ,code,L,70002995,FO,2006-01-07T15:50,2006-01-07T17:00,ORY,2039758977
LEKETQVJ,code,L,70003004,FO,2006-01-07T17:40,2006-01-07T19:00,TLS,2039758977
LEKETQVJ,code,L,70003011,FO,2006-01-07T19:50,2006-01-07T21:45,ORY,2039758977
FOVMWOWI,code,L,70002980,CS,2006-01-07T08:40,2006-01-07T11:00,TLS,2039758977
FOVMWOWI,code,L,70002983,CS,2006-01-07T11:50,2006-01-07T13:00,ORY,2039758977
FOVMWOWI,code,L,70002988,CS,2006-01-07T13:40,2006-01-07T15:00,TLS,2039758977
FOVMWOWI,code,L,70002995,CS,2006-01-07T15:50,2006-01-07T17:00,ORY,2039758977
FOVMWOWI,code,L,70003004,CS,2006-01-07T17:40,2006-01-07T19:00,TLS,2039758977
FOVMWOWI,code,L,70003011,CS,2006-01-07T19:50,2006-01-07T21:45,ORY,2039758977
WCPMHMMJ,code,L,70002980,CS,2006-01-07T08:40,2006-01-07T11:00,TLS,2039758977
WCPMHMMJ,code,L,70002983,CS,2006-01-07T11:50,2006-01-07T13:00,ORY,2039758977
WCPMHMMJ,code,L,70002988,CS,2006-01-07T13:40,2006-01-07T15:00,TLS,2039758977
WCPMHMMJ,code,L,70002995,CS,2006-01-07T15:50,2006-01-07T17:00,ORY,2039758977
WCPMHMMJ,code,L,70003004,CS,2006-01-07T17:40,2006-01-07T19:00,TLS,2039758977
WCPMHMMJ,code,L,70003011,CS,2006-01-07T19:50,2006-01-07T21:45,ORY,2039758977
UNVNLTWK,code,L,70002980,ST,2006-01-07T08:40,2006-01-07T11:00,TLS,2039758977
UNVNLTWK,code,L,70002983,ST,2006-01-07T11:50,2006-01-07T13:00,ORY,2039758977
UNVNLTWK,code,L,70002988,ST,2006-01-07T13:40,2006-01-07T15:00,TLS,2039758977
UNVNLTWK,code,L,70002995,ST,2006-01-07T15:50,2006-01-07T17:00,ORY,2039758977
UNVNLTWK,code,L,70003004,ST,2006-01-07T17:40,2006-01-07T19:00,TLS,2039758977
UNVNLTWK,code,L,70003011,ST,2006-01-07T19:50,2006-01-07T21:45,ORY,2039758977
EADKTHOR,code,L,70002980,ST,2006-01-07T08:40,2006-01-07T11:00,TLS,2039758977
EADKTHOR,code,L,70002983,ST,2006-01-07T11:50,2006-01-07T13:00,ORY,2039758977
EADKTHOR,code,L,70002988,ST,2006-01-07T13:40,2006-01-07T15:00,TLS,2039758977
EADKTHOR,code,L,70002995,ST,2006-01-07T15:50,2006-01-07T17:00,ORY,2039758977
EADKTHOR,code,L,70003004,ST,2006-01-07T17:40,2006-01-07T19:00,TLS,2039758977
EADKTHOR,code,L,70003011,ST,2006-01-07T19:50,2006-01-07T21:45,ORY,2039758977
JFDSOYMQ,code,L,70002980,ST,2006-01-07T08:40,2006-01-07T11:00,TLS,2039758977
JFDSOYMQ,code,L,70002983,ST,2006-01-07T11:50,2006-01-07T13:00,ORY,2039758977
JFDSOYMQ,code,L,70002988,ST,2006-01-07T13:40,2006-01-07T15:00,TLS,2039758977
JFDSOYMQ,code,L,70002995,ST,2006-01-07T15:50,2006-01-07T17:00,ORY,2039758977
JFDSOYMQ,code,L,70003004,ST,2006-01-07T17:40,2006-01-07T19:00,TLS,2039758977
JFDSOYMQ,code,L,70003011,ST,2006-01-07T19:50,2006-01-07T21:45,ORY,2039758977
NZIXJRCX,code,L,70002980,ST,2006-01-07T08:40,2006-01-07T11:00,TLS,2039758977
NZIXJRCX,code,L,70002983,ST,2006-01-07T11:50,2006-01-07T13:00,ORY,2039758977
NZIXJRCX,code,L,70002988,ST,2006-01-07T13:40,2006-01-07T15:00,TLS,2039758977
NZIXJRCX,code,L,70002995,ST,2006-01-07T15:50,2006-01-07T17:00,ORY,2039758977
NZIXJRCX,code,L,70003004,ST,2006-01-07T17:40,2006-01-07T19:00,TLS,2039758977
NZIXJRCX,code,L,70003011,ST,2006-01-07T19:50,2006-01-07T21:45,ORY,2039758977
RXRSWRNG,code,L,70002795,CP,2006-01-07T08:45,2006-01-07T10:50,LRT,1020019581
RXRSWRNG,code,L,70002796,CP,2006-01-07T12:10,2006-01-07T13:15,ORY,1020019581
RXRSWRNG,code,L,70002797,CP,2006-01-07T14:00,2006-01-07T15:05,LRT,1020019581
RXRSWRNG,code,L,70002525,CP,2006-01-07T16:35,2006-01-07T18:20,ORY,1020019581
SLWZZTGX,code,L,70002795,FO,2006-01-07T08:45,2006-01-07T10:50,LRT,1020019581
SLWZZTGX,code,L,70002796,FO,2006-01-07T12:10,2006-01-07T13:15,ORY,1020019581
SLWZZTGX,code,L,70002797,FO,2006-01-07T14:00,2006-01-07T15:05,LRT,1020019581
SLWZZTGX,code,L,70002525,FO,2006-01-07T16:35,2006-01-07T18:20,ORY,1020019581
QEDGTVHG,code,L,70002795,CSD,2006-01-07T08:45,2006-01-07T10:50,LRT,1020019581
QEDGTVHG,code,L,70002796,CSD,2006-01-07T12:10,2006-01-07T13:15,ORY,1020019581
QEDGTVHG,code,L,70002797,CSD,2006-01-07T14:00,2006-01-07T15:05,LRT,1020019581
QEDGTVHG,code,L,70002525,CSD,2006-01-07T16:35,2006-01-07T18:20,ORY,1020019581
IZUHXGNW,code,L,70002795,ST,2006-01-07T08:45,2006-01-07T10:50,LRT,1020019581
IZUHXGNW,code,L,70002796,ST,2006-01-07T12:10,2006-01-07T13:15,ORY,1020019581
IZUHXGNW,code,L,70002797,ST,2006-01-07T14:00,2006-01-07T15:05,LRT,1020019581
IZUHXGNW,code,L,70002525,ST,2006-01-07T16:35,2006-01-07T18:20,ORY,1020019581
HZJXEGBF,code,L,70002795,ST,2006-01-07T08:45,2006-01-07T10:50,LRT,1020019581
HZJXEGBF,code,L,70002796,ST,2006-01-07T12:10,2006-01-07T13:15,ORY,1020019581
HZJXEGBF,code,L,70002797,ST,2006-01-07T14:00,2006-01-07T15:05,LRT,1020019581
HZJXEGBF,code,L,70002525,ST,2006-01-07T16:35,2006-01-07T18:20,ORY,1020019581
GSQOGBVW,code,L,70002795,ST,2006-01-07T08:45,2006-01-07T10:50,LRT,1020019581
GSQOGBVW,code,L,70002796,ST,2006-01-07T12:10,2006-01-07T13:15,ORY,1020019581
GSQOGBVW,code,L,70002797,ST,2006-01-07T14:00,2006-01-07T15:05,LRT,1020019581
GSQOGBVW,code,L,70002525,ST,2006-01-07T16:35,2006-01-07T18:20,ORY,1020019581
WMGXYAKB,code,L,70004638,CP,2006-01-07T08:45,2006-01-07T11:15,PUF,260274019
WMGXYAKB,code,L,70004585,CP,2006-01-07T13:00,2006-01-07T14:05,CDG,260274019
WMGXYAKB,code,L,70004586,CP,2006-01-07T15:15,2006-01-07T16:20,NTE,260274019
WMGXYAKB,code,L,70004637,CP,2006-01-07T20:10,2006-01-07T22:20,CDG,260274019
NDYFHUTY,code,L,70004638,FO,2006-01-07T08:45,2006-01-07T11:15,PUF,260274019
NDYFHUTY,code,L,70004585,FO,2006-01-07T13:00,2006-01-07T14:05,CDG,260274019
NDYFHUTY,code,L,70004586,FO,2006-01-07T15:15,2006-01-07T16:20,NTE,260274019
NDYFHUTY,code,L,70004637,FO,2006-01-07T20:10,2006-01-07T22:20,CDG,260274019
RGULMBUI,code,L,70004638,CSD,2006-01-07T08:45,2006-01-07T11:15,PUF,260274019
RGULMBUI,code,L,70004585,CSD,2006-01-07T13:00,2006-01-07T14:05,CDG,260274019
RGULMBUI,code,L,70004586,CSD,2006-01-07T15:15,2006-01-07T16:20,NTE,260274019
RGULMBUI,code,L,70004637,CSD,2006-01-07T20:10,2006-01-07T22:20,CDG,260274019
JNDUZBXR,code,L,70004638,ST,2006-01-07T08:45,2006-01-07T11:15,PUF,260274019
JNDUZBXR,code,L,70004585,ST,2006-01-07T13:00,2006-01-07T14:05,CDG,260274019
JNDUZBXR,code,L,70004586,ST,2006-01-07T15:15,2006-01-07T16:20,NTE,260274019
JNDUZBXR,code,L,70004637,ST,2006-01-07T20:10,2006-01-07T22:20,CDG,260274019
IJWTJWBG,code,L,70004638,ST,2006-01-07T08:45,2006-01-07T11:15,PUF,260274019
IJWTJWBG,code,L,70004585,ST,2006-01-07T13:00,2006-01-07T14:05,CDG,260274019
IJWTJWBG,code,L,70004586,ST,2006-01-07T15:15,2006-01-07T16:20,NTE,260274019
IJWTJWBG,code,L,70004637,ST,2006-01-07T20:10,2006-01-07T22:20,CDG,260274019
RQWPIMBN,code,L,70004638,ST,2006-01-07T08:45,2006-01-07T11:15,PUF,260274019
RQWPIMBN,code,L,70004585,ST,2006-01-07T13:00,2006-01-07T14:05,CDG,260274019
RQWPIMBN,code,L,70004586,ST,2006-01-07T15:15,2006-01-07T16:20,NTE,260274019
RQWPIMBN,code,L,70004637,ST,2006-01-07T20:10,2006-01-07T22:20,CDG,260274019
JKELWNQA,code,L,70004298,CP,2006-01-07T08:50,2006-01-07T10:45,CFE,237820880
JKELWNQA,code,L,70004229,CP,2006-01-07T11:15,2006-01-07T12:25,ORY,237820880
JKELWNQA,code,L,70004232,CP,2006-01-07T13:05,2006-01-07T14:20,BES,237820880
JKELWNQA,code,L,70004301,CP,2006-01-07T16:55,2006-01-07T18:35,ORY,237820880
NGNJBPXO,code,L,70004298,FO,2006-01-07T08:50,2006-01-07T10:45,CFE,237820880
NGNJBPXO,code,L,70004229,FO,2006-01-07T11:15,2006-01-07T12:25,ORY,237820880
NGNJBPXO,code,L,70004232,FO,2006-01-07T13:05,2006-01-07T14:20,BES,237820880
NGNJBPXO,code,L,70004301,FO,2006-01-07T16:55,2006-01-07T18:35,ORY,237820880
WODIDQMK,code,L,70004298,CS,2006-01-07T08:50,2006-01-07T10:45,CFE,237820880
WODIDQMK,code,L,70004229,CS,2006-01-07T11:15,2006-01-07T12:25,ORY,237820880
WODIDQMK,code,L,70004232,CS,2006-01-07T13:05,2006-01-07T14:20,BES,237820880
WODIDQMK,code,L,70004301,CS,2006-01-07T16:55,2006-01-07T18:35,ORY,237820880
SNCLDBMV,code,L,70004298,CS,2006-01-07T08:50,2006-01-07T10:45,CFE,237820880
SNCLDBMV,code,L,70004229,CS,2006-01-07T11:15,2006-01-07T12:25,ORY,237820880
SNCLDBMV,code,L,70004232,CS,2006-01-07T13:05,2006-01-07T14:20,BES,237820880
SNCLDBMV,code,L,70004301,CS,2006-01-07T16:55,2006-01-07T18:35,ORY,237820880
VMVUPWFH,code,L,70004298,ST,2006-01-07T08:50,2006-01-07T10:45,CFE,237820880
VMVUPWFH,code,L,70004229,ST,2006-01-07T11:15,2006-01-07T12:25,ORY,237820880
VMVUPWFH,code,L,70004232,ST,2006-01-07T13:05,2006-01-07T14:20,BES,237820880
VMVUPWFH,code,L,70004301,ST,2006-01-07T16:55,2006-01-07T18:35,ORY,237820880
AJGQQXAP,code,L,70004298,ST,2006-01-07T08:50,2006-01-07T10:45,CFE,237820880
AJGQQXAP,code,L,70004229,ST,2006-01-07T11:15,2006-01-07T12:25,ORY,237820880
AJGQQXAP,code,L,70004232,ST,2006-01-07T13:05,2006-01-07T14:20,BES,237820880
AJGQQXAP,code,L,70004301,ST,2006-01-07T16:55,2006-01-07T18:35,ORY,237820880
FCXGIDYU,code,L,70004298,ST,2006-01-07T08:50,2006-01-07T10:45,CFE,237820880
FCXGIDYU,code,L,70004229,ST,2006-01-07T11:15,2006-01-07T12:25,ORY,237820880
FCXGIDYU,code,L,70004232,ST,2006-01-07T13:05,2006-01-07T14:20,BES,237820880
FCXGIDYU,code,L,70004301,ST,2006-01-07T16:55,2006-01-07T18:35,ORY,237820880
RTSTMVYE,code,L,70004298,ST,2006-01-07T08:50,2006-01-07T10:45,CFE,237820880
RTSTMVYE,code,L,70004229,ST,2006-01-07T11:15,2006-01-07T12:25,ORY,237820880
RTSTMVYE,code,L,70004232,ST,2006-01-07T13:05,2006-01-07T14:20,BES,237820880
RTSTMVYE,code,L,70004301,ST,2006-01-07T16:55,2006-01-07T18:35,ORY,237820880
JWPAZVCB,code,L,70004408,CP,2006-01-07T08:50,2006-01-07T11:10,MPL,1512368656
JWPAZVCB,code,L,70004411,CP,2006-01-07T12:15,2006-01-07T13:30,ORY,1512368656
JWPAZVCB,code,L,70004412,CP,2006-01-07T14:20,2006-01-07T15:40,MPL,1512368656
JWPAZVCB,code,L,70004415,CP,2006-01-07T16:15,2006-01-07T17:30,ORY,1512368656
JWPAZVCB,code,L,70004416,CP,2006-01-07T18:20,2006-01-07T19:40,MPL,1512368656
JWPAZVCB,code,L,70004421,CP,2006-01-07T20:15,2006-01-07T22:15,ORY,1512368656
KMJENCID,code,L,70004408,FO,2006-01-07T08:50,2006-01-07T11:10,MPL,1512368656
KMJENCID,code,L,70004411,FO,2006-01-07T12:15,2006-01-07T13:30,ORY,1512368656
KMJENCID,code,L,70004412,FO,2006-01-07T14:20,2006-01-07T15:40,MPL,1512368656
KMJENCID,code,L,70004415,FO,2006-01-07T16:15,2006-01-07T17:30,ORY,1512368656
KMJENCID,code,L,70004416,FO,2006-01-07T18:20,2006-01-07T19:40,MPL,1512368656
KMJENCID,code,L,70004421,FO,2006-01-07T20:15,2006-01-07T22:15,ORY,1512368656
YWTOCGPA,code,L,70004408,CS,2006-01-07T08:50,2006-01-07T11:10,MPL,1512368656
YWTOCGPA,code,L,70004411,CS,2006-01-07T12:15,2006-01-07T13:30,ORY,1512368656
YWTOCGPA,code,L,70004412,CS,2006-01-07T14:20,2006-01-07T15:40,MPL,1512368656
YWTOCGPA,code,L,70004415,CS,2006-01-07T16:15,2006-01-07T17:30,ORY,1512368656
YWTOCGPA,code,L,70004416,CS,2006-01-07T18:20,2006-01-07T19:40,MPL,1512368656
YWTOCGPA,code,L,70004421,CS,2006-01-07T20:15,2006-01-07T22:15,ORY,1512368656
QLKEXZSL,code,L,70004408,CS,2006-01-07T08:50,2006-01-07T11:10,MPL,1512368656
QLKEXZSL,code,L,70004411,CS,2006-01-07T12:15,2006-01-07T13:30,ORY,1512368656
QLKEXZSL,code,L,70004412,CS,2006-01-07T14:20,2006-01-07T15:40,MPL,1512368656
QLKEXZSL,code,L,70004415,CS,2006-01-07T16:15,2006-01-07T17:30,ORY,1512368656
QLKEXZSL,code,L,70004416,CS,2006-01-07T18:20,2006-01-07T19:40,MPL,1512368656
QLKEXZSL,code,L,70004421,CS,2006-01-07T20:15,2006-01-07T22:15,ORY,1512368656
BONAIEZN,code,L,70004408,ST,2006-01-07T08:50,2006-01-07T11:10,MPL,1512368656
BONAIEZN,code,L,70004411,ST,2006-01-07T12:15,2006-01-07T13:30,ORY,1512368656
BONAIEZN,code,L,70004412,ST,2006-01-07T14:20,2006-01-07T15:40,MPL,1512368656
BONAIEZN,code,L,70004415,ST,2006-01-07T16:15,2006-01-07T17:30,ORY,1512368656
BONAIEZN,code,L,70004416,ST,2006-01-07T18:20,2006-01-07T19:40,MPL,1512368656
BONAIEZN,code,L,70004421,ST,2006-01-07T20:15,2006-01-07T22:15,ORY,1512368656
PGLMMRQU,code,L,70004408,ST,2006-01-07T08:50,2006-01-07T11:10,MPL,1512368656
PGLMMRQU,code,L,70004411,ST,2006-01-07T12:15,2006-01-07T13:30,ORY,1512368656
PGLMMRQU,code,L,70004412,ST,2006-01-07T14:20,2006-01-07T15:40,MPL,1512368656
PGLMMRQU,code,L,70004415,ST,2006-01-07T16:15,2006-01-07T17:30,ORY,1512368656
PGLMMRQU,code,L,70004416,ST,2006-01-07T18:20,2006-01-07T19:40,MPL,1512368656
PGLMMRQU,code,L,70004421,ST,2006-01-07T20:15,2006-01-07T22:15,ORY,1512368656
QLCDNMIF,code,L,70004408,ST,2006-01-07T08:50,2006-01-07T11:10,MPL,1512368656
QLCDNMIF,code,L,70004411,ST,2006-01-07T12:15,2006-01-07T13:30,ORY,1512368656
QLCDNMIF,code,L,70004412,ST,2006-01-07T14:20,2006-01-07T15:40,MPL,1512368656
QLCDNMIF,code,L,70004415,ST,2006-01-07T16:15,2006-01-07T17:30,ORY,1512368656
QLCDNMIF,code,L,70004416,ST,2006-01-07T18:20,2006-01-07T19:40,MPL,1512368656
QLCDNMIF,code,L,70004421,ST,2006-01-07T20:15,2006-01-07T22:15,ORY,1512368656
AXAZNJZI,code,L,70004408,ST,2006-01-07T08:50,2006-01-07T11:10,MPL,1512368656
AXAZNJZI,code,L,70004411,ST,2006-01-07T12:15,2006-01-07T13:30,ORY,1512368656
AXAZNJZI,code,L,70004412,ST,2006-01-07T14:20,2006-01-07T15:40,MPL,1512368656
AXAZNJZI,code,L,70004415,ST,2006-01-07T16:15,2006-01-07T17:30,ORY,1512368656
AXAZNJZI,code,L,70004416,ST,2006-01-07T18:20,2006-01-07T19:40,MPL,1512368656
AXAZNJZI,code,L,70004421,ST,2006-01-07T20:15,2006-01-07T22:15,ORY,1512368656
DVTKNQKO,code,L,70004791,CP,2006-01-07T08:50,2006-01-07T11:35,LIL,1731519511
DVTKNQKO,code,L,70004768,CP,2006-01-07T13:05,2006-01-07T14:30,NCE,1731519511
DVTKNQKO,code,L,70004763,CP,2006-01-07T15:05,2006-01-07T16:20,BOD,1731519511
DVTKNQKO,code,L,70002663,CP,2006-01-07T17:30,2006-01-07T19:15,NCE,1731519511
WVIPBENE,code,L,70004791,FO,2006-01-07T08:50,2006-01-07T11:35,LIL,1731519511
WVIPBENE,code,L,70004768,FO,2006-01-07T13:05,2006-01-07T14:30,NCE,1731519511
WVIPBENE,code,L,70004763,FO,2006-01-07T15:05,2006-01-07T16:20,BOD,1731519511
WVIPBENE,code,L,70002663,FO,2006-01-07T17:30,2006-01-07T19:15,NCE,1731519511
NKLVSDTC,code,L,70004791,CS,2006-01-07T08:50,2006-01-07T11:35,LIL,1731519511
NKLVSDTC,code,L,70004768,CS,2006-01-07T13:05,2006-01-07T14:30,NCE,1731519511
NKLVSDTC,code,L,70004763,CS,2006-01-07T15:05,2006-01-07T16:20,BOD,1731519511
NKLVSDTC,code,L,70002663,CS,2006-01-07T17:30,2006-01-07T19:15,NCE,1731519511
PCTRWDUV,code,L,70004791,CS,2006-01-07T08:50,2006-01-07T11:35,LIL,1731519511
PCTRWDUV,code,L,70004768,CS,2006-01-07T13:05,2006-01-07T14:30,NCE,1731519511
PCTRWDUV,code,L,70004763,CS,2006-01-07T15:05,2006-01-07T16:20,BOD,1731519511
PCTRWDUV,code,L,70002663,CS,2006-01-07T17:30,2006-01-07T19:15,NCE,1731519511
WJYEEEYD,code,L,70004791,ST,2006-01-07T08:50,2006-01-07T11:35,LIL,1731519511
WJYEEEYD,code,L,70004768,ST,2006-01-07T13:05,2006-01-07T14:30,NCE,1731519511
WJYEEEYD,code,L,70004763,ST,2006-01-07T15:05,2006-01-07T16:20,BOD,1731519511
WJYEEEYD,code,L,70002663,ST,2006-01-07T17:30,2006-01-07T19:15,NCE,1731519511
VPNDNUNC,code,L,70004791,ST,2006-01-07T08:50,2006-01-07T11:35,LIL,1731519511
VPNDNUNC,code,L,70004768,ST,2006-01-07T13:05,2006-01-07T14:30,NCE,1731519511
VPNDNUNC,code,L,70004763,ST,2006-01-07T15:05,2006-01-07T16:20,BOD,1731519511
VPNDNUNC,code,L,70002663,ST,2006-01-07T17:30,2006-01-07T19:15,NCE,1731519511
PLKKPYBM,code,L,70004791,ST,2006-01-07T08:50,2006-01-07T11:35,LIL,1731519511
PLKKPYBM,code,L,70004768,ST,2006-01-07T13:05,2006-01-07T14:30,NCE,1731519511
PLKKPYBM,code,L,70004763,ST,2006-01-07T15:05,2006-01-07T16:20,BOD,1731519511
PLKKPYBM,code,L,70002663,ST,2006-01-07T17:30,2006-01-07T19:15,NCE,1731519511
RDOQWLMZ,code,L,70004791,ST,2006-01-07T08:50,2006-01-07T11:35,LIL,1731519511
RDOQWLMZ,code,L,70004768,ST,2006-01-07T13:05,2006-01-07T14:30,NCE,1731519511
RDOQWLMZ,code,L,70004763,ST,2006-01-07T15:05,2006-01-07T16:20,BOD,1731519511
RDOQWLMZ,code,L,70002663,ST,2006-01-07T17:30,2006-01-07T19:15,NCE,1731519511
TMQXEIPJ,code,L,70004526,CP,2006-01-07T08:50,2006-01-07T11:20,MRS,1127983490
TMQXEIPJ,code,L,70004533,CP,2006-01-07T20:20,2006-01-07T22:30,CDG,1127983490
NSDWZPOE,code,L,70004526,FO,2006-01-07T08:50,2006-01-07T11:20,MRS,1127983490
NSDWZPOE,code,L,70004533,FO,2006-01-07T20:20,2006-01-07T22:30,CDG,1127983490
HRWKUDSA,code,L,70004526,CS,2006-01-07T08:50,2006-01-07T11:20,MRS,1127983490
HRWKUDSA,code,L,70004533,CS,2006-01-07T20:20,2006-01-07T22:30,CDG,1127983490
SPYMTTFC,code,L,70004526,CS,2006-01-07T08:50,2006-01-07T11:20,MRS,1127983490
SPYMTTFC,code,L,70004533,CS,2006-01-07T20:20,2006-01-07T22:30,CDG,1127983490
KZVUGQXY,code,L,70004526,ST,2006-01-07T08:50,2006-01-07T11:20,MRS,1127983490
KZVUGQXY,code,L,70004533,ST,2006-01-07T20:20,2006-01-07T22:30,CDG,1127983490
KJOAWOQG,code,L,70004526,ST,2006-01-07T08:50,2006-01-07T11:20,MRS,1127983490
KJOAWOQG,code,L,70004533,ST,2006-01-07T20:20,2006-01-07T22:30,CDG,1127983490
WMNICADZ,code,L,70004526,ST,2006-01-07T08:50,2006-01-07T11:20,MRS,1127983490
WMNICADZ,code,L,70004533,ST,2006-01-07T20:20,2006-01-07T22:30,CDG,1127983490
BDXRQVBL,code,L,70004526,ST,2006-01-07T08:50,2006-01-07T11:20,MRS,1127983490
BDXRQVBL,code,L,70004533,ST,2006-01-07T20:20,2006-01-07T22:30,CDG,1127983490
OXFTEHGY,code,L,70002977,CP,2006-01-07T08:50,2006-01-07T11:00,ORY,2090911250
OXFTEHGY,code,L,70002984,CP,2006-01-07T11:40,2006-01-07T13:00,TLS,2090911250
OXFTEHGY,code,L,70002989,CP,2006-01-07T13:50,2006-01-07T15:00,ORY,2090911250
OXFTEHGY,code,L,70002996,CP,2006-01-07T15:40,2006-01-07T17:45,TLS,2090911250
MGVWOWSO,code,L,70002977,FO,2006-01-07T08:50,2006-01-07T11:00,ORY,2090911250
MGVWOWSO,code,L,70002984,FO,2006-01-07T11:40,2006-01-07T13:00,TLS,2090911250
MGVWOWSO,code,L,70002989,FO,2006-01-07T13:50,2006-01-07T15:00,ORY,2090911250
MGVWOWSO,code,L,70002996,FO,2006-01-07T15:40,2006-01-07T17:45,TLS,2090911250
QTNFVCRR,code,L,70002977,CS,2006-01-07T08:50,2006-01-07T11:00,ORY,2090911250
QTNFVCRR,code,L,70002984,CS,2006-01-07T11:40,2006-01-07T13:00,TLS,2090911250
QTNFVCRR,code,L,70002989,CS,2006-01-07T13:50,2006-01-07T15:00,ORY,2090911250
QTNFVCRR,code,L,70002996,CS,2006-01-07T15:40,2006-01-07T17:45,TLS,2090911250
QLFRQAZQ,code,L,70002977,CS,2006-01-07T08:50,2006-01-07T11:00,ORY,2090911250
QLFRQAZQ,code,L,70002984,CS,2006-01-07T11:40,2006-01-07T13:00,TLS,2090911250
QLFRQAZQ,code,L,70002989,CS,2006-01-07T13:50,2006-01-07T15:00,ORY,2090911250
QLFRQAZQ,code,L,70002996,CS,2006-01-07T15:40,2006-01-07T17:45,TLS,2090911250
WKLIGYEZ,code,L,70002977,ST,2006-01-07T08:50,2006-01-07T11:00,ORY,2090911250
WKLIGYEZ,code,L,70002984,ST,2006-01-07T11:40,2006-01-07T13:00,TLS,2090911250
WKLIGYEZ,code,L,70002989,ST,2006-01-07T13:50,2006-01-07T15:00,ORY,2090911250
WKLIGYEZ,code,L,70002996,ST,2006-01-07T15:40,2006-01-07T17:45,TLS,2090911250
HTWIZOOJ,code,L,70002977,ST,2006-01-07T08:50,2006-01-07T11:00,ORY,2090911250
HTWIZOOJ,code,L,70002984,ST,2006-01-07T11:40,2006-01-07T13:00,TLS,2090911250
HTWIZOOJ,code,L,70002989,ST,2006-01-07T13:50,2006-01-07T15:00,ORY,2090911250
HTWIZOOJ,code,L,70002996,ST,2006-01-07T15:40,2006-01-07T17:45,TLS,2090911250
PLHUEILA,code,L,70002977,ST,2006-01-07T08:50,2006-01-07T11:00,ORY,2090911250
PLHUEILA,code,L,70002984,ST,2006-01-07T11:40,2006-01-07T13:00,TLS,2090911250
PLHUEILA,code,L,70002989,ST,2006-01-07T13:50,2006-01-07T15:00,ORY,2090911250
PLHUEILA,code,L,70002996,ST,2006-01-07T15:40,2006-01-07T17:45,TLS,2090911250
YXRQBMNU,code,L,70002977,ST,2006-01-07T08:50,2006-01-07T11:00,ORY,2090911250
YXRQBMNU,code,L,70002984,ST,2006-01-07T11:40,2006-01-07T13:00,TLS,2090911250
YXRQBMNU,code,L,70002989,ST,2006-01-07T13:50,2006-01-07T15:00,ORY,2090911250
YXRQBMNU,code,L,70002996,ST,2006-01-07T15:40,2006-01-07T17:45,TLS,2090911250
GFOZRGVC,code,L,70004502,CP,2006-01-07T08:50,2006-01-07T11:20,BIQ,564194307
GFOZRGVC,code,L,70004501,CP,2006-01-07T12:35,2006-01-07T14:00,CDG,564194307
GFOZRGVC,code,L,70004352,CP,2006-01-07T16:20,2006-01-07T17:40,BIQ,564194307
GFOZRGVC,code,L,70004347,CP,2006-01-07T18:20,2006-01-07T20:20,ORY,564194307
IUEYTBMU,code,L,70004502,FO,2006-01-07T08:50,2006-01-07T11:20,BIQ,564194307
IUEYTBMU,code,L,70004501,FO,2006-01-07T12:35,2006-01-07T14:00,CDG,564194307
IUEYTBMU,code,L,70004352,FO,2006-01-07T16:20,2006-01-07T17:40,BIQ,564194307
IUEYTBMU,code,L,70004347,FO,2006-01-07T18:20,2006-01-07T20:20,ORY,564194307
PFJADVKX,code,L,70004502,CS,2006-01-07T08:50,2006-01-07T11:20,BIQ,564194307
PFJADVKX,code,L,70004501,CS,2006-01-07T12:35,2006-01-07T14:00,CDG,564194307
PFJADVKX,code,L,70004352,CS,2006-01-07T16:20,2006-01-07T17:40,BIQ,564194307
PFJADVKX,code,L,70004347,CS,2006-01-07T18:20,2006-01-07T20:20,ORY,564194307
LOMWIXMJ,code,L,70004502,ST,2006-01-07T08:50,2006-01-07T11:20,BIQ,564194307
LOMWIXMJ,code,L,70004501,ST,2006-01-07T12:35,2006-01-07T14:00,CDG,564194307
LOMWIXMJ,code,L,70004352,ST,2006-01-07T16:20,2006-01-07T17:40,BIQ,564194307
LOMWIXMJ,code,L,70004347,ST,2006-01-07T18:20,2006-01-07T20:20,ORY,564194307
YFPJMZZU,code,L,70004502,ST,2006-01-07T08:50,2006-01-07T11:20,BIQ,564194307
YFPJMZZU,code,L,70004501,ST,2006-01-07T12:35,2006-01-07T14:00,CDG,564194307
YFPJMZZU,code,L,70004352,ST,2006-01-07T16:20,2006-01-07T17:40,BIQ,564194307
YFPJMZZU,code,L,70004347,ST,2006-01-07T18:20,2006-01-07T20:20,ORY,564194307
TSVMHTGE,code,L,70004502,ST,2006-01-07T08:50,2006-01-07T11:20,BIQ,564194307
TSVMHTGE,code,L,70004501,ST,2006-01-07T12:35,2006-01-07T14:00,CDG,564194307
TSVMHTGE,code,L,70004352,ST,2006-01-07T16:20,2006-01-07T17:40,BIQ,564194307
TSVMHTGE,code,L,70004347,ST,2006-01-07T18:20,2006-01-07T20:20,ORY,564194307
RSPAHZPO,code,L,70002521,CP,2006-01-07T08:50,2006-01-07T11:05,RNS,376980210
RSPAHZPO,code,L,70002522,CP,2006-01-07T11:35,2006-01-07T12:55,MPL,376980210
RSPAHZPO,code,L,70004213,CP,2006-01-07T14:00,2006-01-07T15:05,RNS,376980210
RSPAHZPO,code,L,70004214,CP,2006-01-07T16:15,2006-01-07T18:00,ORY,376980210
WJACBRYE,code,L,70002521,FO,2006-01-07T08:50,2006-01-07T11:05,RNS,376980210
WJACBRYE,code,L,70002522,FO,2006-01-07T11:35,2006-01-07T12:55,MPL,376980210
WJACBRYE,code,L,70004213,FO,2006-01-07T14:00,2006-01-07T15:05,RNS,376980210
WJACBRYE,code,L,70004214,FO,2006-01-07T16:15,2006-01-07T18:00,ORY,376980210
CNWPUJMA,code,L,70002521,CS,2006-01-07T08:50,2006-01-07T11:05,RNS,376980210
CNWPUJMA,code,L,70002522,CS,2006-01-07T11:35,2006-01-07T12:55,MPL,376980210
CNWPUJMA,code,L,70004213,CS,2006-01-07T14:00,2006-01-07T15:05,RNS,376980210
CNWPUJMA,code,L,70004214,CS,2006-01-07T16:15,2006-01-07T18:00,ORY,376980210
YCBKKSDE,code,L,70002521,ST,2006-01-07T08:50,2006-01-07T11:05,RNS,376980210
YCBKKSDE,code,L,70002522,ST,2006-01-07T11:35,2006-01-07T12:55,MPL,376980210
YCBKKSDE,code,L,70004213,ST,2006-01-07T14:00,2006-01-07T15:05,RNS,376980210
YCBKKSDE,code,L,70004214,ST,2006-01-07T16:15,2006-01-07T18:00,ORY,376980210
XAKNCUDK,code,L,70002521,ST,2006-01-07T08:50,2006-01-07T11:05,RNS,376980210
XAKNCUDK,code,L,70002522,ST,2006-01-07T11:35,2006-01-07T12:55,MPL,376980210
XAKNCUDK,code,L,70004213,ST,2006-01-07T14:00,2006-01-07T15:05,RNS,376980210
XAKNCUDK,code,L,70004214,ST,2006-01-07T16:15,2006-01-07T18:00,ORY,376980210
AIKSNOHQ,code,L,70002521,ST,2006-01-07T08:50,2006-01-07T11:05,RNS,376980210
AIKSNOHQ,code,L,70002522,ST,2006-01-07T11:35,2006-01-07T12:55,MPL,376980210
AIKSNOHQ,code,L,70004213,ST,2006-01-07T14:00,2006-01-07T15:05,RNS,376980210
AIKSNOHQ,code,L,70004214,ST,2006-01-07T16:15,2006-01-07T18:00,ORY,376980210
EOMQREKL,code,L,70004696,CP,2006-01-07T08:50,2006-01-07T10:45,NCE,628641533
EOMQREKL,code,L,70004699,CP,2006-01-07T11:25,2006-01-07T12:25,LYS,628641533
EOMQREKL,code,L,70004700,CP,2006-01-07T13:05,2006-01-07T14:00,NCE,628641533
EOMQREKL,code,L,70004695,CP,2006-01-07T15:00,2006-01-07T16:45,LYS,628641533
CWUARXMH,code,L,70004696,FO,2006-01-07T08:50,2006-01-07T10:45,NCE,628641533
CWUARXMH,code,L,70004699,FO,2006-01-07T11:25,2006-01-07T12:25,LYS,628641533
CWUARXMH,code,L,70004700,FO,2006-01-07T13:05,2006-01-07T14:00,NCE,628641533
CWUARXMH,code,L,70004695,FO,2006-01-07T15:00,2006-01-07T16:45,LYS,628641533
GKDQGMMG,code,L,70004696,CS,2006-01-07T08:50,2006-01-07T10:45,NCE,628641533
GKDQGMMG,code,L,70004699,CS,2006-01-07T11:25,2006-01-07T12:25,LYS,628641533
GKDQGMMG,code,L,70004700,CS,2006-01-07T13:05,2006-01-07T14:00,NCE,628641533
GKDQGMMG,code,L,70004695,CS,2006-01-07T15:00,2006-01-07T16:45,LYS,628641533
QGGSBLNA,code,L,70004696,ST,2006-01-07T08:50,2006-01-07T10:45,NCE,628641533
QGGSBLNA,code,L,70004699,ST,2006-01-07T11:25,2006-01-07T12:25,LYS,628641533
QGGSBLNA,code,L,70004700,ST,2006-01-07T13:05,2006-01-07T14:00,NCE,628641533
QGGSBLNA,code,L,70004695,ST,2006-01-07T15:00,2006-01-07T16:45,LYS,628641533
KOBCJEMG,code,L,70004696,ST,2006-01-07T08:50,2006-01-07T10:45,NCE,628641533
KOBCJEMG,code,L,70004699,ST,2006-01-07T11:25,2006-01-07T12:25,LYS,628641533
KOBCJEMG,code,L,70004700,ST,2006-01-07T13:05,2006-01-07T14:00,NCE,628641533
KOBCJEMG,code,L,70004695,ST,2006-01-07T15:00,2006-01-07T16:45,LYS,628641533
LAIFKVPM,code,L,7000146,CP,2006-01-07T08:55,2006-01-07T11:10,MLH,363842328
LAIFKVPM,code,L,7000147,CP,2006-01-07T12:00,2006-01-07T13:10,CDG,363842328
LAIFKVPM,code,L,7000148,CP,2006-01-07T13:50,2006-01-07T15:05,MLH,363842328
LAIFKVPM,code,L,7000149,CP,2006-01-07T15:45,2006-01-07T16:55,CDG,363842328
LAIFKVPM,code,L,7000150,CP,2006-01-07T17:35,2006-01-07T18:50,MLH,363842328
LAIFKVPM,code,L,7000151,CP,2006-01-07T19:55,2006-01-07T21:50,CDG,363842328
PCLBJXTG,code,L,7000146,FO,2006-01-07T08:55,2006-01-07T11:10,MLH,363842328
PCLBJXTG,code,L,7000147,FO,2006-01-07T12:00,2006-01-07T13:10,CDG,363842328
PCLBJXTG,code,L,7000148,FO,2006-01-07T13:50,2006-01-07T15:05,MLH,363842328
PCLBJXTG,code,L,7000149,FO,2006-01-07T15:45,2006-01-07T16:55,CDG,363842328
PCLBJXTG,code,L,7000150,FO,2006-01-07T17:35,2006-01-07T18:50,MLH,363842328
PCLBJXTG,code,L,7000151,FO,2006-01-07T19:55,2006-01-07T21:50,CDG,363842328
OQEKNTRW,code,L,7000146,CS,2006-01-07T08:55,2006-01-07T11:10,MLH,363842328
OQEKNTRW,code,L,7000147,CS,2006-01-07T12:00,2006-01-07T13:10,CDG,363842328
OQEKNTRW,code,L,7000148,CS,2006-01-07T13:50,2006-01-07T15:05,MLH,363842328
OQEKNTRW,code,L,7000149,CS,2006-01-07T15:45,2006-01-07T16:55,CDG,363842328
OQEKNTRW,code,L,7000150,CS,2006-01-07T17:35,2006-01-07T18:50,MLH,363842328
OQEKNTRW,code,L,7000151,CS,2006-01-07T19:55,2006-01-07T21:50,CDG,363842328
DDMVLYKF,code,L,7000146,CS,2006-01-07T08:55,2006-01-07T11:10,MLH,363842328
DDMVLYKF,code,L,7000147,CS,2006-01-07T12:00,2006-01-07T13:10,CDG,363842328
DDMVLYKF,code,L,7000148,CS,2006-01-07T13:50,2006-01-07T15:05,MLH,363842328
DDMVLYKF,code,L,7000149,CS,2006-01-07T15:45,2006-01-07T16:55,CDG,363842328
DDMVLYKF,code,L,7000150,CS,2006-01-07T17:35,2006-01-07T18:50,MLH,363842328
DDMVLYKF,code,L,7000151,CS,2006-01-07T19:55,2006-01-07T21:50,CDG,363842328
JECERUQU,code,L,7000146,ST,2006-01-07T08:55,2006-01-07T11:10,MLH,363842328
JECERUQU,code,L,7000147,ST,2006-01-07T12:00,2006-01-07T13:10,CDG,363842328
JECERUQU,code,L,7000148,ST,2006-01-07T13:50,2006-01-07T15:05,MLH,363842328
JECERUQU,code,L,7000149,ST,2006-01-07T15:45,2006-01-07T16:55,CDG,363842328
JECERUQU,code,L,7000150,ST,2006-01-07T17:35,2006-01-07T18:50,MLH,363842328
JECERUQU,code,L,7000151,ST,2006-01-07T19:55,2006-01-07T21:50,CDG,363842328
OAOZKJYC,code,L,7000146,ST,2006-01-07T08:55,2006-01-07T11:10,MLH,363842328
OAOZKJYC,code,L,7000147,ST,2006-01-07T12:00,2006-01-07T13:10,CDG,363842328
OAOZKJYC,code,L,7000148,ST,2006-01-07T13:50,2006-01-07T15:05,MLH,363842328
OAOZKJYC,code,L,7000149,ST,2006-01-07T15:45,2006-01-07T16:55,CDG,363842328
OAOZKJYC,code,L,7000150,ST,2006-01-07T17:35,2006-01-07T18:50,MLH,363842328
OAOZKJYC,code,L,7000151,ST,2006-01-07T19:55,2006-01-07T21:50,CDG,363842328
UPKSEOKW,code,L,7000146,ST,2006-01-07T08:55,2006-01-07T11:10,MLH,363842328
UPKSEOKW,code,L,7000147,ST,2006-01-07T12:00,2006-01-07T13:10,CDG,363842328
UPKSEOKW,code,L,7000148,ST,2006-01-07T13:50,2006-01-07T15:05,MLH,363842328
UPKSEOKW,code,L,7000149,ST,2006-01-07T15:45,2006-01-07T16:55,CDG,363842328
UPKSEOKW,code,L,7000150,ST,2006-01-07T17:35,2006-01-07T18:50,MLH,363842328
UPKSEOKW,code,L,7000151,ST,2006-01-07T19:55,2006-01-07T21:50,CDG,363842328
IJTPPWZW,code,L,7000146,ST,2006-01-07T08:55,2006-01-07T11:10,MLH,363842328
IJTPPWZW,code,L,7000147,ST,2006-01-07T12:00,2006-01-07T13:10,CDG,363842328
IJTPPWZW,code,L,7000148,ST,2006-01-07T13:50,2006-01-07T15:05,MLH,363842328
IJTPPWZW,code,L,7000149,ST,2006-01-07T15:45,2006-01-07T16:55,CDG,363842328
IJTPPWZW,code,L,7000150,ST,2006-01-07T17:35,2006-01-07T18:50,MLH,363842328
IJTPPWZW,code,L,7000151,ST,2006-01-07T19:55,2006-01-07T21:50,CDG,363842328
VWIGPNJJ,code,L,70003073,CP,2006-01-07T09:00,2006-01-07T11:20,ORY,687431273
VWIGPNJJ,code,L,70003088,CP,2006-01-07T12:05,2006-01-07T13:30,NCE,687431273
VWIGPNJJ,code,L,70003081,CP,2006-01-07T14:00,2006-01-07T15:20,ORY,687431273
VWIGPNJJ,code,L,70003102,CP,2006-01-07T16:05,2006-01-07T18:15,NCE,687431273
EAAHEYJV,code,L,70003073,FO,2006-01-07T09:00,2006-01-07T11:20,ORY,687431273
EAAHEYJV,code,L,70003088,FO,2006-01-07T12:05,2006-01-07T13:30,NCE,687431273
EAAHEYJV,code,L,70003081,FO,2006-01-07T14:00,2006-01-07T15:20,ORY,687431273
EAAHEYJV,code,L,70003102,FO,2006-01-07T16:05,2006-01-07T18:15,NCE,687431273
VHKVUJHE,code,L,70003073,CS,2006-01-07T09:00,2006-01-07T11:20,ORY,687431273
VHKVUJHE,code,L,70003088,CS,2006-01-07T12:05,2006-01-07T13:30,NCE,687431273
VHKVUJHE,code,L,70003081,CS,2006-01-07T14:00,2006-01-07T15:20,ORY,687431273
VHKVUJHE,code,L,70003102,CS,2006-01-07T16:05,2006-01-07T18:15,NCE,687431273
DXKAIRHI,code,L,70003073,CS,2006-01-07T09:00,2006-01-07T11:20,ORY,687431273
DXKAIRHI,code,L,70003088,CS,2006-01-07T12:05,2006-01-07T13:30,NCE,687431273
DXKAIRHI,code,L,70003081,CS,2006-01-07T14:00,2006-01-07T15:20,ORY,687431273
DXKAIRHI,code,L,70003102,CS,2006-01-07T16:05,2006-01-07T18:15,NCE,687431273
YPNJTKXF,code,L,70003073,ST,2006-01-07T09:00,2006-01-07T11:20,ORY,687431273
YPNJTKXF,code,L,70003088,ST,2006-01-07T12:05,2006-01-07T13:30,NCE,687431273
YPNJTKXF,code,L,70003081,ST,2006-01-07T14:00,2006-01-07T15:20,ORY,687431273
YPNJTKXF,code,L,70003102,ST,2006-01-07T16:05,2006-01-07T18:15,NCE,687431273
ELZNYJWE,code,L,70003073,ST,2006-01-07T09:00,2006-01-07T11:20,ORY,687431273
ELZNYJWE,code,L,70003088,ST,2006-01-07T12:05,2006-01-07T13:30,NCE,687431273
ELZNYJWE,code,L,70003081,ST,2006-01-07T14:00,2006-01-07T15:20,ORY,687431273
ELZNYJWE,code,L,70003102,ST,2006-01-07T16:05,2006-01-07T18:15,NCE,687431273
ACYIIMLB,code,L,70003073,ST,2006-01-07T09:00,2006-01-07T11:20,ORY,687431273
ACYIIMLB,code,L,70003088,ST,2006-01-07T12:05,2006-01-07T13:30,NCE,687431273
ACYIIMLB,code,L,70003081,ST,2006-01-07T14:00,2006-01-07T15:20,ORY,687431273
ACYIIMLB,code,L,70003102,ST,2006-01-07T16:05,2006-01-07T18:15,NCE,687431273
JBSETMMO,code,L,70003073,ST,2006-01-07T09:00,2006-01-07T11:20,ORY,687431273
JBSETMMO,code,L,70003088,ST,2006-01-07T12:05,2006-01-07T13:30,NCE,687431273
JBSETMMO,code,L,70003081,ST,2006-01-07T14:00,2006-01-07T15:20,ORY,687431273
JBSETMMO,code,L,70003102,ST,2006-01-07T16:05,2006-01-07T18:15,NCE,687431273
ZIAANYBU,code,L,70004588,CP,2006-01-07T09:00,2006-01-07T11:05,NTE,848563345
ZIAANYBU,code,L,70004587,CP,2006-01-07T11:45,2006-01-07T12:50,CDG,848563345
ZIAANYBU,code,L,70004590,CP,2006-01-07T13:35,2006-01-07T14:40,NTE,848563345
ZIAANYBU,code,L,70004593,CP,2006-01-07T16:15,2006-01-07T17:20,CDG,848563345
ZIAANYBU,code,L,70004594,CP,2006-01-07T18:05,2006-01-07T19:10,NTE,848563345
ZIAANYBU,code,L,70004591,CP,2006-01-07T20:00,2006-01-07T21:50,CDG,848563345
PPHVJSLY,code,L,70004588,FO,2006-01-07T09:00,2006-01-07T11:05,NTE,848563345
PPHVJSLY,code,L,70004587,FO,2006-01-07T11:45,2006-01-07T12:50,CDG,848563345
PPHVJSLY,code,L,70004590,FO,2006-01-07T13:35,2006-01-07T14:40,NTE,848563345
PPHVJSLY,code,L,70004593,FO,2006-01-07T16:15,2006-01-07T17:20,CDG,848563345
PPHVJSLY,code,L,70004594,FO,2006-01-07T18:05,2006-01-07T19:10,NTE,848563345
PPHVJSLY,code,L,70004591,FO,2006-01-07T20:00,2006-01-07T21:50,CDG,848563345
XDPYAKPC,code,L,70004588,CS,2006-01-07T09:00,2006-01-07T11:05,NTE,848563345
XDPYAKPC,code,L,70004587,CS,2006-01-07T11:45,2006-01-07T12:50,CDG,848563345
XDPYAKPC,code,L,70004590,CS,2006-01-07T13:35,2006-01-07T14:40,NTE,848563345
XDPYAKPC,code,L,70004593,CS,2006-01-07T16:15,2006-01-07T17:20,CDG,848563345
XDPYAKPC,code,L,70004594,CS,2006-01-07T18:05,2006-01-07T19:10,NTE,848563345
XDPYAKPC,code,L,70004591,CS,2006-01-07T20:00,2006-01-07T21:50,CDG,848563345
TIRMEKVD,code,L,70004588,CS,2006-01-07T09:00,2006-01-07T11:05,NTE,848563345
TIRMEKVD,code,L,70004587,CS,2006-01-07T11:45,2006-01-07T12:50,CDG,848563345
TIRMEKVD,code,L,70004590,CS,2006-01-07T13:35,2006-01-07T14:40,NTE,848563345
TIRMEKVD,code,L,70004593,CS,2006-01-07T16:15,2006-01-07T17:20,CDG,848563345
TIRMEKVD,code,L,70004594,CS,2006-01-07T18:05,2006-01-07T19:10,NTE,848563345
TIRMEKVD,code,L,70004591,CS,2006-01-07T20:00,2006-01-07T21:50,CDG,848563345
MSXDOIVL,code,L,70004588,ST,2006-01-07T09:00,2006-01-07T11:05,NTE,848563345
MSXDOIVL,code,L,70004587,ST,2006-01-07T11:45,2006-01-07T12:50,CDG,848563345
MSXDOIVL,code,L,70004590,ST,2006-01-07T13:35,2006-01-07T14:40,NTE,848563345
MSXDOIVL,code,L,70004593,ST,2006-01-07T16:15,2006-01-07T17:20,CDG,848563345
MSXDOIVL,code,L,70004594,ST,2006-01-07T18:05,2006-01-07T19:10,NTE,848563345
MSXDOIVL,code,L,70004591,ST,2006-01-07T20:00,2006-01-07T21:50,CDG,848563345
IVSSBDES,code,L,70004588,ST,2006-01-07T09:00,2006-01-07T11:05,NTE,848563345
IVSSBDES,code,L,70004587,ST,2006-01-07T11:45,2006-01-07T12:50,CDG,848563345
IVSSBDES,code,L,70004590,ST,2006-01-07T13:35,2006-01-07T14:40,NTE,848563345
IVSSBDES,code,L,70004593,ST,2006-01-07T16:15,2006-01-07T17:20,CDG,848563345
IVSSBDES,code,L,70004594,ST,2006-01-07T18:05,2006-01-07T19:10,NTE,848563345
IVSSBDES,code,L,70004591,ST,2006-01-07T20:00,2006-01-07T21:50,CDG,848563345
VDFJVCKH,code,L,70004588,ST,2006-01-07T09:00,2006-01-07T11:05,NTE,848563345
VDFJVCKH,code,L,70004587,ST,2006-01-07T11:45,2006-01-07T12:50,CDG,848563345
VDFJVCKH,code,L,70004590,ST,2006-01-07T13:35,2006-01-07T14:40,NTE,848563345
VDFJVCKH,code,L,70004593,ST,2006-01-07T16:15,2006-01-07T17:20,CDG,848563345
VDFJVCKH,code,L,70004594,ST,2006-01-07T18:05,2006-01-07T19:10,NTE,848563345
VDFJVCKH,code,L,70004591,ST,2006-01-07T20:00,2006-01-07T21:50,CDG,848563345
LLTIABCP,code,L,70004588,ST,2006-01-07T09:00,2006-01-07T11:05,NTE,848563345
LLTIABCP,code,L,70004587,ST,2006-01-07T11:45,2006-01-07T12:50,CDG,848563345
LLTIABCP,code,L,70004590,ST,2006-01-07T13:35,2006-01-07T14:40,NTE,848563345
LLTIABCP,code,L,70004593,ST,2006-01-07T16:15,2006-01-07T17:20,CDG,848563345
LLTIABCP,code,L,70004594,ST,2006-01-07T18:05,2006-01-07T19:10,NTE,848563345
LLTIABCP,code,L,70004591,ST,2006-01-07T20:00,2006-01-07T21:50,CDG,848563345
BPWSEHQR,code,L,70003074,CP,2006-01-07T09:05,2006-01-07T11:30,NCE,760389092
BPWSEHQR,code,L,70003077,CP,2006-01-07T12:00,2006-01-07T13:20,ORY,760389092
BPWSEHQR,code,L,70003082,CP,2006-01-07T14:05,2006-01-07T15:30,NCE,760389092
BPWSEHQR,code,L,70003085,CP,2006-01-07T16:00,2006-01-07T17:20,ORY,760389092
BPWSEHQR,code,L,70003092,CP,2006-01-07T18:05,2006-01-07T19:30,NCE,760389092
BPWSEHQR,code,L,70003095,CP,2006-01-07T20:00,2006-01-07T22:05,ORY,760389092
IQDILPAC,code,L,70003074,FO,2006-01-07T09:05,2006-01-07T11:30,NCE,760389092
IQDILPAC,code,L,70003077,FO,2006-01-07T12:00,2006-01-07T13:20,ORY,760389092
IQDILPAC,code,L,70003082,FO,2006-01-07T14:05,2006-01-07T15:30,NCE,760389092
IQDILPAC,code,L,70003085,FO,2006-01-07T16:00,2006-01-07T17:20,ORY,760389092
IQDILPAC,code,L,70003092,FO,2006-01-07T18:05,2006-01-07T19:30,NCE,760389092
IQDILPAC,code,L,70003095,FO,2006-01-07T20:00,2006-01-07T22:05,ORY,760389092
IWXMNQXU,code,L,70003074,CS,2006-01-07T09:05,2006-01-07T11:30,NCE,760389092
IWXMNQXU,code,L,70003077,CS,2006-01-07T12:00,2006-01-07T13:20,ORY,760389092
IWXMNQXU,code,L,70003082,CS,2006-01-07T14:05,2006-01-07T15:30,NCE,760389092
IWXMNQXU,code,L,70003085,CS,2006-01-07T16:00,2006-01-07T17:20,ORY,760389092
IWXMNQXU,code,L,70003092,CS,2006-01-07T18:05,2006-01-07T19:30,NCE,760389092
IWXMNQXU,code,L,70003095,CS,2006-01-07T20:00,2006-01-07T22:05,ORY,760389092
QWUFMACG,code,L,70003074,CS,2006-01-07T09:05,2006-01-07T11:30,NCE,760389092
QWUFMACG,code,L,70003077,CS,2006-01-07T12:00,2006-01-07T13:20,ORY,760389092
QWUFMACG,code,L,70003082,CS,2006-01-07T14:05,2006-01-07T15:30,NCE,760389092
QWUFMACG,code,L,70003085,CS,2006-01-07T16:00,2006-01-07T17:20,ORY,760389092
QWUFMACG,code,L,70003092,CS,2006-01-07T18:05,2006-01-07T19:30,NCE,760389092
QWUFMACG,code,L,70003095,CS,2006-01-07T20:00,2006-01-07T22:05,ORY,760389092
LUHXYAUA,code,L,70003074,ST,2006-01-07T09:05,2006-01-07T11:30,NCE,760389092
LUHXYAUA,code,L,70003077,ST,2006-01-07T12:00,2006-01-07T13:20,ORY,760389092
LUHXYAUA,code,L,70003082,ST,2006-01-07T14:05,2006-01-07T15:30,NCE,760389092
LUHXYAUA,code,L,70003085,ST,2006-01-07T16:00,2006-01-07T17:20,ORY,760389092
LUHXYAUA,code,L,70003092,ST,2006-01-07T18:05,2006-01-07T19:30,NCE,760389092
LUHXYAUA,code,L,70003095,ST,2006-01-07T20:00,2006-01-07T22:05,ORY,760389092
XBBLDSIB,code,L,70003074,ST,2006-01-07T09:05,2006-01-07T11:30,NCE,760389092
XBBLDSIB,code,L,70003077,ST,2006-01-07T12:00,2006-01-07T13:20,ORY,760389092
XBBLDSIB,code,L,70003082,ST,2006-01-07T14:05,2006-01-07T15:30,NCE,760389092
XBBLDSIB,code,L,70003085,ST,2006-01-07T16:00,2006-01-07T17:20,ORY,760389092
XBBLDSIB,code,L,70003092,ST,2006-01-07T18:05,2006-01-07T19:30,NCE,760389092
XBBLDSIB,code,L,70003095,ST,2006-01-07T20:00,2006-01-07T22:05,ORY,760389092
XAOBLMKH,code,L,70003074,ST,2006-01-07T09:05,2006-01-07T11:30,NCE,760389092
XAOBLMKH,code,L,70003077,ST,2006-01-07T12:00,2006-01-07T13:20,ORY,760389092
XAOBLMKH,code,L,70003082,ST,2006-01-07T14:05,2006-01-07T15:30,NCE,760389092
XAOBLMKH,code,L,70003085,ST,2006-01-07T16:00,2006-01-07T17:20,ORY,760389092
XAOBLMKH,code,L,70003092,ST,2006-01-07T18:05,2006-01-07T19:30,NCE,760389092
XAOBLMKH,code,L,70003095,ST,2006-01-07T20:00,2006-01-07T22:05,ORY,760389092
WJYXJUUZ,code,L,70003074,ST,2006-01-07T09:05,2006-01-07T11:30,NCE,760389092
WJYXJUUZ,code,L,70003077,ST,2006-01-07T12:00,2006-01-07T13:20,ORY,760389092
WJYXJUUZ,code,L,70003082,ST,2006-01-07T14:05,2006-01-07T15:30,NCE,760389092
WJYXJUUZ,code,L,70003085,ST,2006-01-07T16:00,2006-01-07T17:20,ORY,760389092
WJYXJUUZ,code,L,70003092,ST,2006-01-07T18:05,2006-01-07T19:30,NCE,760389092
WJYXJUUZ,code,L,70003095,ST,2006-01-07T20:00,2006-01-07T22:05,ORY,760389092
CQLBNZQP,code,L,70004366,CP,2006-01-07T09:05,2006-01-07T11:30,TLN,820276643
CQLBNZQP,code,L,70004369,CP,2006-01-07T12:30,2006-01-07T13:50,ORY,820276643
CQLBNZQP,code,L,70004370,CP,2006-01-07T14:40,2006-01-07T16:05,TLN,820276643
CQLBNZQP,code,L,70004371,CP,2006-01-07T17:55,2006-01-07T20:00,ORY,820276643
OLHEGHGJ,code,L,70004366,FO,2006-01-07T09:05,2006-01-07T11:30,TLN,820276643
OLHEGHGJ,code,L,70004369,FO,2006-01-07T12:30,2006-01-07T13:50,ORY,820276643
OLHEGHGJ,code,L,70004370,FO,2006-01-07T14:40,2006-01-07T16:05,TLN,820276643
OLHEGHGJ,code,L,70004371,FO,2006-01-07T17:55,2006-01-07T20:00,ORY,820276643
AMAPOSET,code,L,70004366,CS,2006-01-07T09:05,2006-01-07T11:30,TLN,820276643
AMAPOSET,code,L,70004369,CS,2006-01-07T12:30,2006-01-07T13:50,ORY,820276643
AMAPOSET,code,L,70004370,CS,2006-01-07T14:40,2006-01-07T16:05,TLN,820276643
AMAPOSET,code,L,70004371,CS,2006-01-07T17:55,2006-01-07T20:00,ORY,820276643
QCAWPJXN,code,L,70004366,CS,2006-01-07T09:05,2006-01-07T11:30,TLN,820276643
QCAWPJXN,code,L,70004369,CS,2006-01-07T12:30,2006-01-07T13:50,ORY,820276643
QCAWPJXN,code,L,70004370,CS,2006-01-07T14:40,2006-01-07T16:05,TLN,820276643
QCAWPJXN,code,L,70004371,CS,2006-01-07T17:55,2006-01-07T20:00,ORY,820276643
GGRPUFSD,code,L,70004366,ST,2006-01-07T09:05,2006-01-07T11:30,TLN,820276643
GGRPUFSD,code,L,70004369,ST,2006-01-07T12:30,2006-01-07T13:50,ORY,820276643
GGRPUFSD,code,L,70004370,ST,2006-01-07T14:40,2006-01-07T16:05,TLN,820276643
GGRPUFSD,code,L,70004371,ST,2006-01-07T17:55,2006-01-07T20:00,ORY,820276643
QKPVDKNQ,code,L,70004366,ST,2006-01-07T09:05,2006-01-07T11:30,TLN,820276643
QKPVDKNQ,code,L,70004369,ST,2006-01-07T12:30,2006-01-07T13:50,ORY,820276643
QKPVDKNQ,code,L,70004370,ST,2006-01-07T14:40,2006-01-07T16:05,TLN,820276643
QKPVDKNQ,code,L,70004371,ST,2006-01-07T17:55,2006-01-07T20:00,ORY,820276643
VZVUXWDL,code,L,70004366,ST,2006-01-07T09:05,2006-01-07T11:30,TLN,820276643
VZVUXWDL,code,L,70004369,ST,2006-01-07T12:30,2006-01-07T13:50,ORY,820276643
VZVUXWDL,code,L,70004370,ST,2006-01-07T14:40,2006-01-07T16:05,TLN,820276643
VZVUXWDL,code,L,70004371,ST,2006-01-07T17:55,2006-01-07T20:00,ORY,820276643
NPLBYBPI,code,L,70004366,ST,2006-01-07T09:05,2006-01-07T11:30,TLN,820276643
NPLBYBPI,code,L,70004369,ST,2006-01-07T12:30,2006-01-07T13:50,ORY,820276643
NPLBYBPI,code,L,70004370,ST,2006-01-07T14:40,2006-01-07T16:05,TLN,820276643
NPLBYBPI,code,L,70004371,ST,2006-01-07T17:55,2006-01-07T20:00,ORY,820276643
CQAJUPDT,code,L,70004228,CP,2006-01-07T09:05,2006-01-07T11:20,BES,1450422331
CQAJUPDT,code,L,70004239,CP,2006-01-07T14:40,2006-01-07T15:50,ORY,1450422331
CQAJUPDT,code,L,70004238,CP,2006-01-07T16:35,2006-01-07T17:50,BES,1450422331
CQAJUPDT,code,L,70004237,CP,2006-01-07T20:20,2006-01-07T22:15,ORY,1450422331
NMDQJJSU,code,L,70004228,FO,2006-01-07T09:05,2006-01-07T11:20,BES,1450422331
NMDQJJSU,code,L,70004239,FO,2006-01-07T14:40,2006-01-07T15:50,ORY,1450422331
NMDQJJSU,code,L,70004238,FO,2006-01-07T16:35,2006-01-07T17:50,BES,1450422331
NMDQJJSU,code,L,70004237,FO,2006-01-07T20:20,2006-01-07T22:15,ORY,1450422331
WPNGZXGF,code,L,70004228,CS,2006-01-07T09:05,2006-01-07T11:20,BES,1450422331
WPNGZXGF,code,L,70004239,CS,2006-01-07T14:40,2006-01-07T15:50,ORY,1450422331
WPNGZXGF,code,L,70004238,CS,2006-01-07T16:35,2006-01-07T17:50,BES,1450422331
WPNGZXGF,code,L,70004237,CS,2006-01-07T20:20,2006-01-07T22:15,ORY,1450422331
UXSXXITK,code,L,70004228,CS,2006-01-07T09:05,2006-01-07T11:20,BES,1450422331
UXSXXITK,code,L,70004239,CS,2006-01-07T14:40,2006-01-07T15:50,ORY,1450422331
UXSXXITK,code,L,70004238,CS,2006-01-07T16:35,2006-01-07T17:50,BES,1450422331
UXSXXITK,code,L,70004237,CS,2006-01-07T20:20,2006-01-07T22:15,ORY,1450422331
XIKBIARB,code,L,70004228,ST,2006-01-07T09:05,2006-01-07T11:20,BES,1450422331
XIKBIARB,code,L,70004239,ST,2006-01-07T14:40,2006-01-07T15:50,ORY,1450422331
XIKBIARB,code,L,70004238,ST,2006-01-07T16:35,2006-01-07T17:50,BES,1450422331
XIKBIARB,code,L,70004237,ST,2006-01-07T20:20,2006-01-07T22:15,ORY,1450422331
FZGIARJA,code,L,70004228,ST,2006-01-07T09:05,2006-01-07T11:20,BES,1450422331
FZGIARJA,code,L,70004239,ST,2006-01-07T14:40,2006-01-07T15:50,ORY,1450422331
FZGIARJA,code,L,70004238,ST,2006-01-07T16:35,2006-01-07T17:50,BES,1450422331
FZGIARJA,code,L,70004237,ST,2006-01-07T20:20,2006-01-07T22:15,ORY,1450422331
XGPHFDUW,code,L,70004228,ST,2006-01-07T09:05,2006-01-07T11:20,BES,1450422331
XGPHFDUW,code,L,70004239,ST,2006-01-07T14:40,2006-01-07T15:50,ORY,1450422331
XGPHFDUW,code,L,70004238,ST,2006-01-07T16:35,2006-01-07T17:50,BES,1450422331
XGPHFDUW,code,L,70004237,ST,2006-01-07T20:20,2006-01-07T22:15,ORY,1450422331
GZKEKHQY,code,L,70004228,ST,2006-01-07T09:05,2006-01-07T11:20,BES,1450422331
GZKEKHQY,code,L,70004239,ST,2006-01-07T14:40,2006-01-07T15:50,ORY,1450422331
GZKEKHQY,code,L,70004238,ST,2006-01-07T16:35,2006-01-07T17:50,BES,1450422331
GZKEKHQY,code,L,70004237,ST,2006-01-07T20:20,2006-01-07T22:15,ORY,1450422331
FIZOHGDW,code,L,70004200,CP,2006-01-07T09:05,2006-01-07T11:15,MLH,472931517
FIZOHGDW,code,L,70004197,CP,2006-01-07T12:10,2006-01-07T13:10,ORY,472931517
FIZOHGDW,code,L,70004202,CP,2006-01-07T13:55,2006-01-07T15:05,MLH,472931517
FIZOHGDW,code,L,70004203,CP,2006-01-07T18:45,2006-01-07T20:30,ORY,472931517
TYHHEHVL,code,L,70004200,FO,2006-01-07T09:05,2006-01-07T11:15,MLH,472931517
TYHHEHVL,code,L,70004197,FO,2006-01-07T12:10,2006-01-07T13:10,ORY,472931517
TYHHEHVL,code,L,70004202,FO,2006-01-07T13:55,2006-01-07T15:05,MLH,472931517
TYHHEHVL,code,L,70004203,FO,2006-01-07T18:45,2006-01-07T20:30,ORY,472931517
QRXBJSUC,code,L,70004200,CS,2006-01-07T09:05,2006-01-07T11:15,MLH,472931517
QRXBJSUC,code,L,70004197,CS,2006-01-07T12:10,2006-01-07T13:10,ORY,472931517
QRXBJSUC,code,L,70004202,CS,2006-01-07T13:55,2006-01-07T15:05,MLH,472931517
QRXBJSUC,code,L,70004203,CS,2006-01-07T18:45,2006-01-07T20:30,ORY,472931517
UCCPQUYT,code,L,70004200,CS,2006-01-07T09:05,2006-01-07T11:15,MLH,472931517
UCCPQUYT,code,L,70004197,CS,2006-01-07T12:10,2006-01-07T13:10,ORY,472931517
UCCPQUYT,code,L,70004202,CS,2006-01-07T13:55,2006-01-07T15:05,MLH,472931517
UCCPQUYT,code,L,70004203,CS,2006-01-07T18:45,2006-01-07T20:30,ORY,472931517
HDWXQVJF,code,L,70004200,ST,2006-01-07T09:05,2006-01-07T11:15,MLH,472931517
HDWXQVJF,code,L,70004197,ST,2006-01-07T12:10,2006-01-07T13:10,ORY,472931517
HDWXQVJF,code,L,70004202,ST,2006-01-07T13:55,2006-01-07T15:05,MLH,472931517
HDWXQVJF,code,L,70004203,ST,2006-01-07T18:45,2006-01-07T20:30,ORY,472931517
NFWEDYZY,code,L,70004200,ST,2006-01-07T09:05,2006-01-07T11:15,MLH,472931517
NFWEDYZY,code,L,70004197,ST,2006-01-07T12:10,2006-01-07T13:10,ORY,472931517
NFWEDYZY,code,L,70004202,ST,2006-01-07T13:55,2006-01-07T15:05,MLH,472931517
NFWEDYZY,code,L,70004203,ST,2006-01-07T18:45,2006-01-07T20:30,ORY,472931517
YKXQBQKH,code,L,70004200,ST,2006-01-07T09:05,2006-01-07T11:15,MLH,472931517
YKXQBQKH,code,L,70004197,ST,2006-01-07T12:10,2006-01-07T13:10,ORY,472931517
YKXQBQKH,code,L,70004202,ST,2006-01-07T13:55,2006-01-07T15:05,MLH,472931517
YKXQBQKH,code,L,70004203,ST,2006-01-07T18:45,2006-01-07T20:30,ORY,472931517
STONRDAA,code,L,70004200,ST,2006-01-07T09:05,2006-01-07T11:15,MLH,472931517
STONRDAA,code,L,70004197,ST,2006-01-07T12:10,2006-01-07T13:10,ORY,472931517
STONRDAA,code,L,70004202,ST,2006-01-07T13:55,2006-01-07T15:05,MLH,472931517
STONRDAA,code,L,70004203,ST,2006-01-07T18:45,2006-01-07T20:30,ORY,472931517
XSJCLXGA,code,L,70003124,CP,2006-01-07T09:05,2006-01-07T11:15,BOD,1903227280
XSJCLXGA,code,L,70003123,CP,2006-01-07T12:10,2006-01-07T13:15,ORY,1903227280
XSJCLXGA,code,L,70003128,CP,2006-01-07T14:05,2006-01-07T15:15,BOD,1903227280
XSJCLXGA,code,L,70003131,CP,2006-01-07T17:25,2006-01-07T19:15,ORY,1903227280
FZPCBEUZ,code,L,70003124,FO,2006-01-07T09:05,2006-01-07T11:15,BOD,1903227280
FZPCBEUZ,code,L,70003123,FO,2006-01-07T12:10,2006-01-07T13:15,ORY,1903227280
FZPCBEUZ,code,L,70003128,FO,2006-01-07T14:05,2006-01-07T15:15,BOD,1903227280
FZPCBEUZ,code,L,70003131,FO,2006-01-07T17:25,2006-01-07T19:15,ORY,1903227280
XLZHYDXW,code,L,70003124,CS,2006-01-07T09:05,2006-01-07T11:15,BOD,1903227280
XLZHYDXW,code,L,70003123,CS,2006-01-07T12:10,2006-01-07T13:15,ORY,1903227280
XLZHYDXW,code,L,70003128,CS,2006-01-07T14:05,2006-01-07T15:15,BOD,1903227280
XLZHYDXW,code,L,70003131,CS,2006-01-07T17:25,2006-01-07T19:15,ORY,1903227280
INPLQITT,code,L,70003124,CS,2006-01-07T09:05,2006-01-07T11:15,BOD,1903227280
INPLQITT,code,L,70003123,CS,2006-01-07T12:10,2006-01-07T13:15,ORY,1903227280
INPLQITT,code,L,70003128,CS,2006-01-07T14:05,2006-01-07T15:15,BOD,1903227280
INPLQITT,code,L,70003131,CS,2006-01-07T17:25,2006-01-07T19:15,ORY,1903227280
GYMPRSUN,code,L,70003124,ST,2006-01-07T09:05,2006-01-07T11:15,BOD,1903227280
GYMPRSUN,code,L,70003123,ST,2006-01-07T12:10,2006-01-07T13:15,ORY,1903227280
GYMPRSUN,code,L,70003128,ST,2006-01-07T14:05,2006-01-07T15:15,BOD,1903227280
GYMPRSUN,code,L,70003131,ST,2006-01-07T17:25,2006-01-07T19:15,ORY,1903227280
JSUXNGHD,code,L,70003124,ST,2006-01-07T09:05,2006-01-07T11:15,BOD,1903227280
JSUXNGHD,code,L,70003123,ST,2006-01-07T12:10,2006-01-07T13:15,ORY,1903227280
JSUXNGHD,code,L,70003128,ST,2006-01-07T14:05,2006-01-07T15:15,BOD,1903227280
JSUXNGHD,code,L,70003131,ST,2006-01-07T17:25,2006-01-07T19:15,ORY,1903227280
XWQZSHFU,code,L,70003124,ST,2006-01-07T09:05,2006-01-07T11:15,BOD,1903227280
XWQZSHFU,code,L,70003123,ST,2006-01-07T12:10,2006-01-07T13:15,ORY,1903227280
XWQZSHFU,code,L,70003128,ST,2006-01-07T14:05,2006-01-07T15:15,BOD,1903227280
XWQZSHFU,code,L,70003131,ST,2006-01-07T17:25,2006-01-07T19:15,ORY,1903227280
HQWKLMYF,code,L,70003124,ST,2006-01-07T09:05,2006-01-07T11:15,BOD,1903227280
HQWKLMYF,code,L,70003123,ST,2006-01-07T12:10,2006-01-07T13:15,ORY,1903227280
HQWKLMYF,code,L,70003128,ST,2006-01-07T14:05,2006-01-07T15:15,BOD,1903227280
HQWKLMYF,code,L,70003131,ST,2006-01-07T17:25,2006-01-07T19:15,ORY,1903227280
TYTFEMGA,code,L,70004320,CP,2006-01-07T09:10,2006-01-07T11:30,PUF,607156385
TYTFEMGA,code,L,70004317,CP,2006-01-07T12:05,2006-01-07T13:20,ORY,607156385
TYTFEMGA,code,L,70004322,CP,2006-01-07T14:10,2006-01-07T15:30,PUF,607156385
TYTFEMGA,code,L,70004319,CP,2006-01-07T16:20,2006-01-07T17:35,ORY,607156385
TYTFEMGA,code,L,70004324,CP,2006-01-07T18:30,2006-01-07T19:50,PUF,607156385
TYTFEMGA,code,L,70004321,CP,2006-01-07T20:25,2006-01-07T22:25,ORY,607156385
EOJRQIOH,code,L,70004320,FO,2006-01-07T09:10,2006-01-07T11:30,PUF,607156385
EOJRQIOH,code,L,70004317,FO,2006-01-07T12:05,2006-01-07T13:20,ORY,607156385
EOJRQIOH,code,L,70004322,FO,2006-01-07T14:10,2006-01-07T15:30,PUF,607156385
EOJRQIOH,code,L,70004319,FO,2006-01-07T16:20,2006-01-07T17:35,ORY,607156385
EOJRQIOH,code,L,70004324,FO,2006-01-07T18:30,2006-01-07T19:50,PUF,607156385
EOJRQIOH,code,L,70004321,FO,2006-01-07T20:25,2006-01-07T22:25,ORY,607156385
HPJKRENG,code,L,70004320,CS,2006-01-07T09:10,2006-01-07T11:30,PUF,607156385
HPJKRENG,code,L,70004317,CS,2006-01-07T12:05,2006-01-07T13:20,ORY,607156385
HPJKRENG,code,L,70004322,CS,2006-01-07T14:10,2006-01-07T15:30,PUF,607156385
HPJKRENG,code,L,70004319,CS,2006-01-07T16:20,2006-01-07T17:35,ORY,607156385
HPJKRENG,code,L,70004324,CS,2006-01-07T18:30,2006-01-07T19:50,PUF,607156385
HPJKRENG,code,L,70004321,CS,2006-01-07T20:25,2006-01-07T22:25,ORY,607156385
FYRVKYXF,code,L,70004320,CS,2006-01-07T09:10,2006-01-07T11:30,PUF,607156385
FYRVKYXF,code,L,70004317,CS,2006-01-07T12:05,2006-01-07T13:20,ORY,607156385
FYRVKYXF,code,L,70004322,CS,2006-01-07T14:10,2006-01-07T15:30,PUF,607156385
FYRVKYXF,code,L,70004319,CS,2006-01-07T16:20,2006-01-07T17:35,ORY,607156385
FYRVKYXF,code,L,70004324,CS,2006-01-07T18:30,2006-01-07T19:50,PUF,607156385
FYRVKYXF,code,L,70004321,CS,2006-01-07T20:25,2006-01-07T22:25,ORY,607156385
YDUVMSGK,code,L,70004320,ST,2006-01-07T09:10,2006-01-07T11:30,PUF,607156385
YDUVMSGK,code,L,70004317,ST,2006-01-07T12:05,2006-01-07T13:20,ORY,607156385
YDUVMSGK,code,L,70004322,ST,2006-01-07T14:10,2006-01-07T15:30,PUF,607156385
YDUVMSGK,code,L,70004319,ST,2006-01-07T16:20,2006-01-07T17:35,ORY,607156385
YDUVMSGK,code,L,70004324,ST,2006-01-07T18:30,2006-01-07T19:50,PUF,607156385
YDUVMSGK,code,L,70004321,ST,2006-01-07T20:25,2006-01-07T22:25,ORY,607156385
DNEJXGSI,code,L,70004320,ST,2006-01-07T09:10,2006-01-07T11:30,PUF,607156385
DNEJXGSI,code,L,70004317,ST,2006-01-07T12:05,2006-01-07T13:20,ORY,607156385
DNEJXGSI,code,L,70004322,ST,2006-01-07T14:10,2006-01-07T15:30,PUF,607156385
DNEJXGSI,code,L,70004319,ST,2006-01-07T16:20,2006-01-07T17:35,ORY,607156385
DNEJXGSI,code,L,70004324,ST,2006-01-07T18:30,2006-01-07T19:50,PUF,607156385
DNEJXGSI,code,L,70004321,ST,2006-01-07T20:25,2006-01-07T22:25,ORY,607156385
DVOUZBRW,code,L,70004320,ST,2006-01-07T09:10,2006-01-07T11:30,PUF,607156385
DVOUZBRW,code,L,70004317,ST,2006-01-07T12:05,2006-01-07T13:20,ORY,607156385
DVOUZBRW,code,L,70004322,ST,2006-01-07T14:10,2006-01-07T15:30,PUF,607156385
DVOUZBRW,code,L,70004319,ST,2006-01-07T16:20,2006-01-07T17:35,ORY,607156385
DVOUZBRW,code,L,70004324,ST,2006-01-07T18:30,2006-01-07T19:50,PUF,607156385
DVOUZBRW,code,L,70004321,ST,2006-01-07T20:25,2006-01-07T22:25,ORY,607156385
STMUBVHK,code,L,70004320,ST,2006-01-07T09:10,2006-01-07T11:30,PUF,607156385
STMUBVHK,code,L,70004317,ST,2006-01-07T12:05,2006-01-07T13:20,ORY,607156385
STMUBVHK,code,L,70004322,ST,2006-01-07T14:10,2006-01-07T15:30,PUF,607156385
STMUBVHK,code,L,70004319,ST,2006-01-07T16:20,2006-01-07T17:35,ORY,607156385
STMUBVHK,code,L,70004324,ST,2006-01-07T18:30,2006-01-07T19:50,PUF,607156385
STMUBVHK,code,L,70004321,ST,2006-01-07T20:25,2006-01-07T22:25,ORY,607156385
UEUGPDTG,code,L,70004725,CP,2006-01-07T09:10,2006-01-07T11:25,NTE,1056745520
UEUGPDTG,code,L,70004705,CP,2006-01-07T15:00,2006-01-07T16:05,LYS,1056745520
UEUGPDTG,code,L,70004706,CP,2006-01-07T16:55,2006-01-07T17:55,TLS,1056745520
UEUGPDTG,code,L,70004730,CP,2006-01-07T18:45,2006-01-07T20:45,LYS,1056745520
HAUECLOI,code,L,70004725,FO,2006-01-07T09:10,2006-01-07T11:25,NTE,1056745520
HAUECLOI,code,L,70004705,FO,2006-01-07T15:00,2006-01-07T16:05,LYS,1056745520
HAUECLOI,code,L,70004706,FO,2006-01-07T16:55,2006-01-07T17:55,TLS,1056745520
HAUECLOI,code,L,70004730,FO,2006-01-07T18:45,2006-01-07T20:45,LYS,1056745520
ABQEHPSI,code,L,70004725,CS,2006-01-07T09:10,2006-01-07T11:25,NTE,1056745520
ABQEHPSI,code,L,70004705,CS,2006-01-07T15:00,2006-01-07T16:05,LYS,1056745520
ABQEHPSI,code,L,70004706,CS,2006-01-07T16:55,2006-01-07T17:55,TLS,1056745520
ABQEHPSI,code,L,70004730,CS,2006-01-07T18:45,2006-01-07T20:45,LYS,1056745520
NHOURZHD,code,L,70004725,CS,2006-01-07T09:10,2006-01-07T11:25,NTE,1056745520
NHOURZHD,code,L,70004705,CS,2006-01-07T15:00,2006-01-07T16:05,LYS,1056745520
NHOURZHD,code,L,70004706,CS,2006-01-07T16:55,2006-01-07T17:55,TLS,1056745520
NHOURZHD,code,L,70004730,CS,2006-01-07T18:45,2006-01-07T20:45,LYS,1056745520
SHYOJCXF,code,L,70004725,ST,2006-01-07T09:10,2006-01-07T11:25,NTE,1056745520
SHYOJCXF,code,L,70004705,ST,2006-01-07T15:00,2006-01-07T16:05,LYS,1056745520
SHYOJCXF,code,L,70004706,ST,2006-01-07T16:55,2006-01-07T17:55,TLS,1056745520
SHYOJCXF,code,L,70004730,ST,2006-01-07T18:45,2006-01-07T20:45,LYS,1056745520
IXSHBAYY,code,L,70004725,ST,2006-01-07T09:10,2006-01-07T11:25,NTE,1056745520
IXSHBAYY,code,L,70004705,ST,2006-01-07T15:00,2006-01-07T16:05,LYS,1056745520
IXSHBAYY,code,L,70004706,ST,2006-01-07T16:55,2006-01-07T17:55,TLS,1056745520
IXSHBAYY,code,L,70004730,ST,2006-01-07T18:45,2006-01-07T20:45,LYS,1056745520
PYDSMFJF,code,L,70004725,ST,2006-01-07T09:10,2006-01-07T11:25,NTE,1056745520
PYDSMFJF,code,L,70004705,ST,2006-01-07T15:00,2006-01-07T16:05,LYS,1056745520
PYDSMFJF,code,L,70004706,ST,2006-01-07T16:55,2006-01-07T17:55,TLS,1056745520
PYDSMFJF,code,L,70004730,ST,2006-01-07T18:45,2006-01-07T20:45,LYS,1056745520
XISFXAYE,code,L,70004725,ST,2006-01-07T09:10,2006-01-07T11:25,NTE,1056745520
XISFXAYE,code,L,70004705,ST,2006-01-07T15:00,2006-01-07T16:05,LYS,1056745520
XISFXAYE,code,L,70004706,ST,2006-01-07T16:55,2006-01-07T17:55,TLS,1056745520
XISFXAYE,code,L,70004730,ST,2006-01-07T18:45,2006-01-07T20:45,LYS,1056745520
WPSIXSLS,code,L,70002886,CP,2006-01-07T09:30,2006-01-07T11:50,MRS,669806174
WPSIXSLS,code,L,70002919,CP,2006-01-07T12:35,2006-01-07T13:50,ORY,669806174
WPSIXSLS,code,L,70002896,CP,2006-01-07T14:30,2006-01-07T15:50,MRS,669806174
WPSIXSLS,code,L,70002899,CP,2006-01-07T16:35,2006-01-07T18:35,ORY,669806174
KJPOBDJM,code,L,70002886,FO,2006-01-07T09:30,2006-01-07T11:50,MRS,669806174
KJPOBDJM,code,L,70002919,FO,2006-01-07T12:35,2006-01-07T13:50,ORY,669806174
KJPOBDJM,code,L,70002896,FO,2006-01-07T14:30,2006-01-07T15:50,MRS,669806174
KJPOBDJM,code,L,70002899,FO,2006-01-07T16:35,2006-01-07T18:35,ORY,669806174
OCZZXJPR,code,L,70002886,CS,2006-01-07T09:30,2006-01-07T11:50,MRS,669806174
OCZZXJPR,code,L,70002919,CS,2006-01-07T12:35,2006-01-07T13:50,ORY,669806174
OCZZXJPR,code,L,70002896,CS,2006-01-07T14:30,2006-01-07T15:50,MRS,669806174
OCZZXJPR,code,L,70002899,CS,2006-01-07T16:35,2006-01-07T18:35,ORY,669806174
JPBDGNDL,code,L,70002886,CS,2006-01-07T09:30,2006-01-07T11:50,MRS,669806174
JPBDGNDL,code,L,70002919,CS,2006-01-07T12:35,2006-01-07T13:50,ORY,669806174
JPBDGNDL,code,L,70002896,CS,2006-01-07T14:30,2006-01-07T15:50,MRS,669806174
JPBDGNDL,code,L,70002899,CS,2006-01-07T16:35,2006-01-07T18:35,ORY,669806174
WSIARANJ,code,L,70002886,ST,2006-01-07T09:30,2006-01-07T11:50,MRS,669806174
WSIARANJ,code,L,70002919,ST,2006-01-07T12:35,2006-01-07T13:50,ORY,669806174
WSIARANJ,code,L,70002896,ST,2006-01-07T14:30,2006-01-07T15:50,MRS,669806174
WSIARANJ,code,L,70002899,ST,2006-01-07T16:35,2006-01-07T18:35,ORY,669806174
ADFVORBE,code,L,70002886,ST,2006-01-07T09:30,2006-01-07T11:50,MRS,669806174
ADFVORBE,code,L,70002919,ST,2006-01-07T12:35,2006-01-07T13:50,ORY,669806174
ADFVORBE,code,L,70002896,ST,2006-01-07T14:30,2006-01-07T15:50,MRS,669806174
ADFVORBE,code,L,70002899,ST,2006-01-07T16:35,2006-01-07T18:35,ORY,669806174
WQJREBSA,code,L,70002886,ST,2006-01-07T09:30,2006-01-07T11:50,MRS,669806174
WQJREBSA,code,L,70002919,ST,2006-01-07T12:35,2006-01-07T13:50,ORY,669806174
WQJREBSA,code,L,70002896,ST,2006-01-07T14:30,2006-01-07T15:50,MRS,669806174
WQJREBSA,code,L,70002899,ST,2006-01-07T16:35,2006-01-07T18:35,ORY,669806174
YXDABWMW,code,L,70002886,ST,2006-01-07T09:30,2006-01-07T11:50,MRS,669806174
YXDABWMW,code,L,70002919,ST,2006-01-07T12:35,2006-01-07T13:50,ORY,669806174
YXDABWMW,code,L,70002896,ST,2006-01-07T14:30,2006-01-07T15:50,MRS,669806174
YXDABWMW,code,L,70002899,ST,2006-01-07T16:35,2006-01-07T18:35,ORY,669806174
CIYAIHCJ,code,L,70004624,CP,2006-01-07T09:30,2006-01-07T11:40,SXB,147048153
CIYAIHCJ,code,L,70004627,CP,2006-01-07T13:10,2006-01-07T14:20,CDG,147048153
CIYAIHCJ,code,L,70004628,CP,2006-01-07T15:15,2006-01-07T16:25,SXB,147048153
CIYAIHCJ,code,L,70004631,CP,2006-01-07T17:45,2006-01-07T19:35,CDG,147048153
LFYGXRNV,code,L,70004624,FO,2006-01-07T09:30,2006-01-07T11:40,SXB,147048153
LFYGXRNV,code,L,70004627,FO,2006-01-07T13:10,2006-01-07T14:20,CDG,147048153
LFYGXRNV,code,L,70004628,FO,2006-01-07T15:15,2006-01-07T16:25,SXB,147048153
LFYGXRNV,code,L,70004631,FO,2006-01-07T17:45,2006-01-07T19:35,CDG,147048153
VNSXJFCG,code,L,70004624,CSD,2006-01-07T09:30,2006-01-07T11:40,SXB,147048153
VNSXJFCG,code,L,70004627,CSD,2006-01-07T13:10,2006-01-07T14:20,CDG,147048153
VNSXJFCG,code,L,70004628,CSD,2006-01-07T15:15,2006-01-07T16:25,SXB,147048153
VNSXJFCG,code,L,70004631,CSD,2006-01-07T17:45,2006-01-07T19:35,CDG,147048153
CDHFLNHA,code,L,70004624,ST,2006-01-07T09:30,2006-01-07T11:40,SXB,147048153
CDHFLNHA,code,L,70004627,ST,2006-01-07T13:10,2006-01-07T14:20,CDG,147048153
CDHFLNHA,code,L,70004628,ST,2006-01-07T15:15,2006-01-07T16:25,SXB,147048153
CDHFLNHA,code,L,70004631,ST,2006-01-07T17:45,2006-01-07T19:35,CDG,147048153
OJFBBJEB,code,L,70004624,ST,2006-01-07T09:30,2006-01-07T11:40,SXB,147048153
OJFBBJEB,code,L,70004627,ST,2006-01-07T13:10,2006-01-07T14:20,CDG,147048153
OJFBBJEB,code,L,70004628,ST,2006-01-07T15:15,2006-01-07T16:25,SXB,147048153
OJFBBJEB,code,L,70004631,ST,2006-01-07T17:45,2006-01-07T19:35,CDG,147048153
SAKLNJXF,code,L,70004624,ST,2006-01-07T09:30,2006-01-07T11:40,SXB,147048153
SAKLNJXF,code,L,70004627,ST,2006-01-07T13:10,2006-01-07T14:20,CDG,147048153
SAKLNJXF,code,L,70004628,ST,2006-01-07T15:15,2006-01-07T16:25,SXB,147048153
SAKLNJXF,code,L,70004631,ST,2006-01-07T17:45,2006-01-07T19:35,CDG,147048153
OCPXHYQJ,code,L,70003097,CP,2006-01-07T09:35,2006-01-07T11:55,ORY,1501726364
OCPXHYQJ,code,L,70003086,CP,2006-01-07T12:35,2006-01-07T14:00,NCE,1501726364
OCPXHYQJ,code,L,70003127,CP,2006-01-07T15:10,2006-01-07T16:15,ORY,1501726364
OCPXHYQJ,code,L,70003134,CP,2006-01-07T17:05,2006-01-07T19:00,BOD,1501726364
SSMLSFAA,code,L,70003097,FO,2006-01-07T09:35,2006-01-07T11:55,ORY,1501726364
SSMLSFAA,code,L,70003086,FO,2006-01-07T12:35,2006-01-07T14:00,NCE,1501726364
SSMLSFAA,code,L,70003127,FO,2006-01-07T15:10,2006-01-07T16:15,ORY,1501726364
SSMLSFAA,code,L,70003134,FO,2006-01-07T17:05,2006-01-07T19:00,BOD,1501726364
UKVHMMHU,code,L,70003097,CS,2006-01-07T09:35,2006-01-07T11:55,ORY,1501726364
UKVHMMHU,code,L,70003086,CS,2006-01-07T12:35,2006-01-07T14:00,NCE,1501726364
UKVHMMHU,code,L,70003127,CS,2006-01-07T15:10,2006-01-07T16:15,ORY,1501726364
UKVHMMHU,code,L,70003134,CS,2006-01-07T17:05,2006-01-07T19:00,BOD,1501726364
LKYWMREL,code,L,70003097,CS,2006-01-07T09:35,2006-01-07T11:55,ORY,1501726364
LKYWMREL,code,L,70003086,CS,2006-01-07T12:35,2006-01-07T14:00,NCE,1501726364
LKYWMREL,code,L,70003127,CS,2006-01-07T15:10,2006-01-07T16:15,ORY,1501726364
LKYWMREL,code,L,70003134,CS,2006-01-07T17:05,2006-01-07T19:00,BOD,1501726364
CHYXEHFC,code,L,70003097,ST,2006-01-07T09:35,2006-01-07T11:55,ORY,1501726364
CHYXEHFC,code,L,70003086,ST,2006-01-07T12:35,2006-01-07T14:00,NCE,1501726364
CHYXEHFC,code,L,70003127,ST,2006-01-07T15:10,2006-01-07T16:15,ORY,1501726364
CHYXEHFC,code,L,70003134,ST,2006-01-07T17:05,2006-01-07T19:00,BOD,1501726364
IFNUDXMN,code,L,70003097,ST,2006-01-07T09:35,2006-01-07T11:55,ORY,1501726364
IFNUDXMN,code,L,70003086,ST,2006-01-07T12:35,2006-01-07T14:00,NCE,1501726364
IFNUDXMN,code,L,70003127,ST,2006-01-07T15:10,2006-01-07T16:15,ORY,1501726364
IFNUDXMN,code,L,70003134,ST,2006-01-07T17:05,2006-01-07T19:00,BOD,1501726364
WXBQJHUT,code,L,70003097,ST,2006-01-07T09:35,2006-01-07T11:55,ORY,1501726364
WXBQJHUT,code,L,70003086,ST,2006-01-07T12:35,2006-01-07T14:00,NCE,1501726364
WXBQJHUT,code,L,70003127,ST,2006-01-07T15:10,2006-01-07T16:15,ORY,1501726364
WXBQJHUT,code,L,70003134,ST,2006-01-07T17:05,2006-01-07T19:00,BOD,1501726364
BZDETTSB,code,L,70003097,ST,2006-01-07T09:35,2006-01-07T11:55,ORY,1501726364
BZDETTSB,code,L,70003086,ST,2006-01-07T12:35,2006-01-07T14:00,NCE,1501726364
BZDETTSB,code,L,70003127,ST,2006-01-07T15:10,2006-01-07T16:15,ORY,1501726364
BZDETTSB,code,L,70003134,ST,2006-01-07T17:05,2006-01-07T19:00,BOD,1501726364
KVJYREZN,code,L,70002982,CP,2006-01-07T09:40,2006-01-07T12:00,TLS,259488708
KVJYREZN,code,L,70002985,CP,2006-01-07T12:50,2006-01-07T14:00,ORY,259488708
KVJYREZN,code,L,70002992,CP,2006-01-07T14:40,2006-01-07T16:00,TLS,259488708
KVJYREZN,code,L,70002999,CP,2006-01-07T16:50,2006-01-07T18:45,ORY,259488708
WDRSIEAJ,code,L,70002982,FO,2006-01-07T09:40,2006-01-07T12:00,TLS,259488708
WDRSIEAJ,code,L,70002985,FO,2006-01-07T12:50,2006-01-07T14:00,ORY,259488708
WDRSIEAJ,code,L,70002992,FO,2006-01-07T14:40,2006-01-07T16:00,TLS,259488708
WDRSIEAJ,code,L,70002999,FO,2006-01-07T16:50,2006-01-07T18:45,ORY,259488708
FKMLEJYZ,code,L,70002982,CS,2006-01-07T09:40,2006-01-07T12:00,TLS,259488708
FKMLEJYZ,code,L,70002985,CS,2006-01-07T12:50,2006-01-07T14:00,ORY,259488708
FKMLEJYZ,code,L,70002992,CS,2006-01-07T14:40,2006-01-07T16:00,TLS,259488708
FKMLEJYZ,code,L,70002999,CS,2006-01-07T16:50,2006-01-07T18:45,ORY,259488708
GLTQGPTL,code,L,70002982,CS,2006-01-07T09:40,2006-01-07T12:00,TLS,259488708
GLTQGPTL,code,L,70002985,CS,2006-01-07T12:50,2006-01-07T14:00,ORY,259488708
GLTQGPTL,code,L,70002992,CS,2006-01-07T14:40,2006-01-07T16:00,TLS,259488708
GLTQGPTL,code,L,70002999,CS,2006-01-07T16:50,2006-01-07T18:45,ORY,259488708
RLFEDLJG,code,L,70002982,ST,2006-01-07T09:40,2006-01-07T12:00,TLS,259488708
RLFEDLJG,code,L,70002985,ST,2006-01-07T12:50,2006-01-07T14:00,ORY,259488708
RLFEDLJG,code,L,70002992,ST,2006-01-07T14:40,2006-01-07T16:00,TLS,259488708
RLFEDLJG,code,L,70002999,ST,2006-01-07T16:50,2006-01-07T18:45,ORY,259488708
QUDIBVSM,code,L,70002982,ST,2006-01-07T09:40,2006-01-07T12:00,TLS,259488708
QUDIBVSM,code,L,70002985,ST,2006-01-07T12:50,2006-01-07T14:00,ORY,259488708
QUDIBVSM,code,L,70002992,ST,2006-01-07T14:40,2006-01-07T16:00,TLS,259488708
QUDIBVSM,code,L,70002999,ST,2006-01-07T16:50,2006-01-07T18:45,ORY,259488708
TVTUCOSC,code,L,70002982,ST,2006-01-07T09:40,2006-01-07T12:00,TLS,259488708
TVTUCOSC,code,L,70002985,ST,2006-01-07T12:50,2006-01-07T14:00,ORY,259488708
TVTUCOSC,code,L,70002992,ST,2006-01-07T14:40,2006-01-07T16:00,TLS,259488708
TVTUCOSC,code,L,70002999,ST,2006-01-07T16:50,2006-01-07T18:45,ORY,259488708
MPOEJUAR,code,L,70002982,ST,2006-01-07T09:40,2006-01-07T12:00,TLS,259488708
MPOEJUAR,code,L,70002985,ST,2006-01-07T12:50,2006-01-07T14:00,ORY,259488708
MPOEJUAR,code,L,70002992,ST,2006-01-07T14:40,2006-01-07T16:00,TLS,259488708
MPOEJUAR,code,L,70002999,ST,2006-01-07T16:50,2006-01-07T18:45,ORY,259488708
GCERHIPS,code,L,70002981,CP,2006-01-07T09:50,2006-01-07T12:00,ORY,1372239857
GCERHIPS,code,L,70002986,CP,2006-01-07T12:40,2006-01-07T14:00,TLS,1372239857
GCERHIPS,code,L,70002991,CP,2006-01-07T14:50,2006-01-07T16:00,ORY,1372239857
GCERHIPS,code,L,70003000,CP,2006-01-07T16:40,2006-01-07T18:45,TLS,1372239857
USLRBBWQ,code,L,70002981,FO,2006-01-07T09:50,2006-01-07T12:00,ORY,1372239857
USLRBBWQ,code,L,70002986,FO,2006-01-07T12:40,2006-01-07T14:00,TLS,1372239857
USLRBBWQ,code,L,70002991,FO,2006-01-07T14:50,2006-01-07T16:00,ORY,1372239857
USLRBBWQ,code,L,70003000,FO,2006-01-07T16:40,2006-01-07T18:45,TLS,1372239857
MMXOBRND,code,L,70002981,CS,2006-01-07T09:50,2006-01-07T12:00,ORY,1372239857
MMXOBRND,code,L,70002986,CS,2006-01-07T12:40,2006-01-07T14:00,TLS,1372239857
MMXOBRND,code,L,70002991,CS,2006-01-07T14:50,2006-01-07T16:00,ORY,1372239857
MMXOBRND,code,L,70003000,CS,2006-01-07T16:40,2006-01-07T18:45,TLS,1372239857
HVJLLVTW,code,L,70002981,CS,2006-01-07T09:50,2006-01-07T12:00,ORY,1372239857
HVJLLVTW,code,L,70002986,CS,2006-01-07T12:40,2006-01-07T14:00,TLS,1372239857
HVJLLVTW,code,L,70002991,CS,2006-01-07T14:50,2006-01-07T16:00,ORY,1372239857
HVJLLVTW,code,L,70003000,CS,2006-01-07T16:40,2006-01-07T18:45,TLS,1372239857
YFGEKBCE,code,L,70002981,ST,2006-01-07T09:50,2006-01-07T12:00,ORY,1372239857
YFGEKBCE,code,L,70002986,ST,2006-01-07T12:40,2006-01-07T14:00,TLS,1372239857
YFGEKBCE,code,L,70002991,ST,2006-01-07T14:50,2006-01-07T16:00,ORY,1372239857
YFGEKBCE,code,L,70003000,ST,2006-01-07T16:40,2006-01-07T18:45,TLS,1372239857
KPUAPFXQ,code,L,70002981,ST,2006-01-07T09:50,2006-01-07T12:00,ORY,1372239857
KPUAPFXQ,code,L,70002986,ST,2006-01-07T12:40,2006-01-07T14:00,TLS,1372239857
KPUAPFXQ,code,L,70002991,ST,2006-01-07T14:50,2006-01-07T16:00,ORY,1372239857
KPUAPFXQ,code,L,70003000,ST,2006-01-07T16:40,2006-01-07T18:45,TLS,1372239857
ASQHYHCP,code,L,70002981,ST,2006-01-07T09:50,2006-01-07T12:00,ORY,1372239857
ASQHYHCP,code,L,70002986,ST,2006-01-07T12:40,2006-01-07T14:00,TLS,1372239857
ASQHYHCP,code,L,70002991,ST,2006-01-07T14:50,2006-01-07T16:00,ORY,1372239857
ASQHYHCP,code,L,70003000,ST,2006-01-07T16:40,2006-01-07T18:45,TLS,1372239857
KGJRFCTL,code,L,70002981,ST,2006-01-07T09:50,2006-01-07T12:00,ORY,1372239857
KGJRFCTL,code,L,70002986,ST,2006-01-07T12:40,2006-01-07T14:00,TLS,1372239857
KGJRFCTL,code,L,70002991,ST,2006-01-07T14:50,2006-01-07T16:00,ORY,1372239857
KGJRFCTL,code,L,70003000,ST,2006-01-07T16:40,2006-01-07T18:45,TLS,1372239857
MKXMSFFU,code,L,70004516,CP,2006-01-07T09:55,2006-01-07T12:05,LYS,830250430
MKXMSFFU,code,L,70004509,CP,2006-01-07T13:10,2006-01-07T14:20,CDG,830250430
MKXMSFFU,code,L,70004510,CP,2006-01-07T16:15,2006-01-07T17:25,LYS,830250430
MKXMSFFU,code,L,70004513,CP,2006-01-07T20:30,2006-01-07T22:25,CDG,830250430
PFMAUGTR,code,L,70004516,FO,2006-01-07T09:55,2006-01-07T12:05,LYS,830250430
PFMAUGTR,code,L,70004509,FO,2006-01-07T13:10,2006-01-07T14:20,CDG,830250430
PFMAUGTR,code,L,70004510,FO,2006-01-07T16:15,2006-01-07T17:25,LYS,830250430
PFMAUGTR,code,L,70004513,FO,2006-01-07T20:30,2006-01-07T22:25,CDG,830250430
LEQCNZEM,code,L,70004516,CS,2006-01-07T09:55,2006-01-07T12:05,LYS,830250430
LEQCNZEM,code,L,70004509,CS,2006-01-07T13:10,2006-01-07T14:20,CDG,830250430
LEQCNZEM,code,L,70004510,CS,2006-01-07T16:15,2006-01-07T17:25,LYS,830250430
LEQCNZEM,code,L,70004513,CS,2006-01-07T20:30,2006-01-07T22:25,CDG,830250430
JNXULFJB,code,L,70004516,CS,2006-01-07T09:55,2006-01-07T12:05,LYS,830250430
JNXULFJB,code,L,70004509,CS,2006-01-07T13:10,2006-01-07T14:20,CDG,830250430
JNXULFJB,code,L,70004510,CS,2006-01-07T16:15,2006-01-07T17:25,LYS,830250430
JNXULFJB,code,L,70004513,CS,2006-01-07T20:30,2006-01-07T22:25,CDG,830250430
BYOWXJCV,code,L,70004516,ST,2006-01-07T09:55,2006-01-07T12:05,LYS,830250430
BYOWXJCV,code,L,70004509,ST,2006-01-07T13:10,2006-01-07T14:20,CDG,830250430
BYOWXJCV,code,L,70004510,ST,2006-01-07T16:15,2006-01-07T17:25,LYS,830250430
BYOWXJCV,code,L,70004513,ST,2006-01-07T20:30,2006-01-07T22:25,CDG,830250430
CHWLBSSG,code,L,70004516,ST,2006-01-07T09:55,2006-01-07T12:05,LYS,830250430
CHWLBSSG,code,L,70004509,ST,2006-01-07T13:10,2006-01-07T14:20,CDG,830250430
CHWLBSSG,code,L,70004510,ST,2006-01-07T16:15,2006-01-07T17:25,LYS,830250430
CHWLBSSG,code,L,70004513,ST,2006-01-07T20:30,2006-01-07T22:25,CDG,830250430
POFBAZFQ,code,L,70004516,ST,2006-01-07T09:55,2006-01-07T12:05,LYS,830250430
POFBAZFQ,code,L,70004509,ST,2006-01-07T13:10,2006-01-07T14:20,CDG,830250430
POFBAZFQ,code,L,70004510,ST,2006-01-07T16:15,2006-01-07T17:25,LYS,830250430
POFBAZFQ,code,L,70004513,ST,2006-01-07T20:30,2006-01-07T22:25,CDG,830250430
OUHULNAV,code,L,70004516,ST,2006-01-07T09:55,2006-01-07T12:05,LYS,830250430
OUHULNAV,code,L,70004509,ST,2006-01-07T13:10,2006-01-07T14:20,CDG,830250430
OUHULNAV,code,L,70004510,ST,2006-01-07T16:15,2006-01-07T17:25,LYS,830250430
OUHULNAV,code,L,70004513,ST,2006-01-07T20:30,2006-01-07T22:25,CDG,830250430
PVKBTBLO,code,L,70003075,CP,2006-01-07T10:00,2006-01-07T12:20,ORY,217468053
PVKBTBLO,code,L,70003080,CP,2006-01-07T13:05,2006-01-07T14:30,NCE,217468053
PVKBTBLO,code,L,70003083,CP,2006-01-07T15:00,2006-01-07T16:20,ORY,217468053
PVKBTBLO,code,L,70003090,CP,2006-01-07T17:05,2006-01-07T19:15,NCE,217468053
FSAIPEVS,code,L,70003075,FO,2006-01-07T10:00,2006-01-07T12:20,ORY,217468053
FSAIPEVS,code,L,70003080,FO,2006-01-07T13:05,2006-01-07T14:30,NCE,217468053
FSAIPEVS,code,L,70003083,FO,2006-01-07T15:00,2006-01-07T16:20,ORY,217468053
FSAIPEVS,code,L,70003090,FO,2006-01-07T17:05,2006-01-07T19:15,NCE,217468053
BEREAVIE,code,L,70003075,CS,2006-01-07T10:00,2006-01-07T12:20,ORY,217468053
BEREAVIE,code,L,70003080,CS,2006-01-07T13:05,2006-01-07T14:30,NCE,217468053
BEREAVIE,code,L,70003083,CS,2006-01-07T15:00,2006-01-07T16:20,ORY,217468053
BEREAVIE,code,L,70003090,CS,2006-01-07T17:05,2006-01-07T19:15,NCE,217468053
ZMAXKSIC,code,L,70003075,CS,2006-01-07T10:00,2006-01-07T12:20,ORY,217468053
ZMAXKSIC,code,L,70003080,CS,2006-01-07T13:05,2006-01-07T14:30,NCE,217468053
ZMAXKSIC,code,L,70003083,CS,2006-01-07T15:00,2006-01-07T16:20,ORY,217468053
ZMAXKSIC,code,L,70003090,CS,2006-01-07T17:05,2006-01-07T19:15,NCE,217468053
RIRCWRES,code,L,70003075,ST,2006-01-07T10:00,2006-01-07T12:20,ORY,217468053
RIRCWRES,code,L,70003080,ST,2006-01-07T13:05,2006-01-07T14:30,NCE,217468053
RIRCWRES,code,L,70003083,ST,2006-01-07T15:00,2006-01-07T16:20,ORY,217468053
RIRCWRES,code,L,70003090,ST,2006-01-07T17:05,2006-01-07T19:15,NCE,217468053
ULRYVQJZ,code,L,70003075,ST,2006-01-07T10:00,2006-01-07T12:20,ORY,217468053
ULRYVQJZ,code,L,70003080,ST,2006-01-07T13:05,2006-01-07T14:30,NCE,217468053
ULRYVQJZ,code,L,70003083,ST,2006-01-07T15:00,2006-01-07T16:20,ORY,217468053
ULRYVQJZ,code,L,70003090,ST,2006-01-07T17:05,2006-01-07T19:15,NCE,217468053
IZAPMTBR,code,L,70003075,ST,2006-01-07T10:00,2006-01-07T12:20,ORY,217468053
IZAPMTBR,code,L,70003080,ST,2006-01-07T13:05,2006-01-07T14:30,NCE,217468053
IZAPMTBR,code,L,70003083,ST,2006-01-07T15:00,2006-01-07T16:20,ORY,217468053
IZAPMTBR,code,L,70003090,ST,2006-01-07T17:05,2006-01-07T19:15,NCE,217468053
AJYLPAPE,code,L,70003075,ST,2006-01-07T10:00,2006-01-07T12:20,ORY,217468053
AJYLPAPE,code,L,70003080,ST,2006-01-07T13:05,2006-01-07T14:30,NCE,217468053
AJYLPAPE,code,L,70003083,ST,2006-01-07T15:00,2006-01-07T16:20,ORY,217468053
AJYLPAPE,code,L,70003090,ST,2006-01-07T17:05,2006-01-07T19:15,NCE,217468053
YQYMLXDD,code,L,70001378,CP,2006-01-07T10:00,2006-01-07T12:35,BIA,759101347
YQYMLXDD,code,L,70001375,CP,2006-01-07T13:25,2006-01-07T15:00,ORY,759101347
YQYMLXDD,code,L,70001380,CP,2006-01-07T15:50,2006-01-07T17:25,BIA,759101347
YQYMLXDD,code,L,70001377,CP,2006-01-07T19:00,2006-01-07T21:20,ORY,759101347
RBRRBOSX,code,L,70001378,FO,2006-01-07T10:00,2006-01-07T12:35,BIA,759101347
RBRRBOSX,code,L,70001375,FO,2006-01-07T13:25,2006-01-07T15:00,ORY,759101347
RBRRBOSX,code,L,70001380,FO,2006-01-07T15:50,2006-01-07T17:25,BIA,759101347
RBRRBOSX,code,L,70001377,FO,2006-01-07T19:00,2006-01-07T21:20,ORY,759101347
JQLUIWSO,code,L,70001378,CS,2006-01-07T10:00,2006-01-07T12:35,BIA,759101347
JQLUIWSO,code,L,70001375,CS,2006-01-07T13:25,2006-01-07T15:00,ORY,759101347
JQLUIWSO,code,L,70001380,CS,2006-01-07T15:50,2006-01-07T17:25,BIA,759101347
JQLUIWSO,code,L,70001377,CS,2006-01-07T19:00,2006-01-07T21:20,ORY,759101347
NXUCEKDT,code,L,70001378,CS,2006-01-07T10:00,2006-01-07T12:35,BIA,759101347
NXUCEKDT,code,L,70001375,CS,2006-01-07T13:25,2006-01-07T15:00,ORY,759101347
NXUCEKDT,code,L,70001380,CS,2006-01-07T15:50,2006-01-07T17:25,BIA,759101347
NXUCEKDT,code,L,70001377,CS,2006-01-07T19:00,2006-01-07T21:20,ORY,759101347
FTNDZFLJ,code,L,70001378,ST,2006-01-07T10:00,2006-01-07T12:35,BIA,759101347
FTNDZFLJ,code,L,70001375,ST,2006-01-07T13:25,2006-01-07T15:00,ORY,759101347
FTNDZFLJ,code,L,70001380,ST,2006-01-07T15:50,2006-01-07T17:25,BIA,759101347
FTNDZFLJ,code,L,70001377,ST,2006-01-07T19:00,2006-01-07T21:20,ORY,759101347
RQFEEHKP,code,L,70001378,ST,2006-01-07T10:00,2006-01-07T12:35,BIA,759101347
RQFEEHKP,code,L,70001375,ST,2006-01-07T13:25,2006-01-07T15:00,ORY,759101347
RQFEEHKP,code,L,70001380,ST,2006-01-07T15:50,2006-01-07T17:25,BIA,759101347
RQFEEHKP,code,L,70001377,ST,2006-01-07T19:00,2006-01-07T21:20,ORY,759101347
JHGEXVSF,code,L,70001378,ST,2006-01-07T10:00,2006-01-07T12:35,BIA,759101347
JHGEXVSF,code,L,70001375,ST,2006-01-07T13:25,2006-01-07T15:00,ORY,759101347
JHGEXVSF,code,L,70001380,ST,2006-01-07T15:50,2006-01-07T17:25,BIA,759101347
JHGEXVSF,code,L,70001377,ST,2006-01-07T19:00,2006-01-07T21:20,ORY,759101347
NFFZJWUS,code,L,70001378,ST,2006-01-07T10:00,2006-01-07T12:35,BIA,759101347
NFFZJWUS,code,L,70001375,ST,2006-01-07T13:25,2006-01-07T15:00,ORY,759101347
NFFZJWUS,code,L,70001380,ST,2006-01-07T15:50,2006-01-07T17:25,BIA,759101347
NFFZJWUS,code,L,70001377,ST,2006-01-07T19:00,2006-01-07T21:20,ORY,759101347
JIGBLINR,code,L,70005125,CP,2006-01-07T10:00,2006-01-07T13:10,TLS,683093156
JIGBLINR,code,L,70005126,CP,2006-01-07T14:30,2006-01-07T16:25,AMS,683093156
JIGBLINR,code,L,70005127,CP,2006-01-07T17:05,2006-01-07T19:15,TLS,683093156
JIGBLINR,code,L,70005128,CP,2006-01-07T20:05,2006-01-07T22:45,AMS,683093156
SQJUEZNR,code,L,70005125,FO,2006-01-07T10:00,2006-01-07T13:10,TLS,683093156
SQJUEZNR,code,L,70005126,FO,2006-01-07T14:30,2006-01-07T16:25,AMS,683093156
SQJUEZNR,code,L,70005127,FO,2006-01-07T17:05,2006-01-07T19:15,TLS,683093156
SQJUEZNR,code,L,70005128,FO,2006-01-07T20:05,2006-01-07T22:45,AMS,683093156
CPZGCLON,code,L,70005125,CS,2006-01-07T10:00,2006-01-07T13:10,TLS,683093156
CPZGCLON,code,L,70005126,CS,2006-01-07T14:30,2006-01-07T16:25,AMS,683093156
CPZGCLON,code,L,70005127,CS,2006-01-07T17:05,2006-01-07T19:15,TLS,683093156
CPZGCLON,code,L,70005128,CS,2006-01-07T20:05,2006-01-07T22:45,AMS,683093156
SSRWQMES,code,L,70005125,ST,2006-01-07T10:00,2006-01-07T13:10,TLS,683093156
SSRWQMES,code,L,70005126,ST,2006-01-07T14:30,2006-01-07T16:25,AMS,683093156
SSRWQMES,code,L,70005127,ST,2006-01-07T17:05,2006-01-07T19:15,TLS,683093156
SSRWQMES,code,L,70005128,ST,2006-01-07T20:05,2006-01-07T22:45,AMS,683093156
RKDCZHBR,code,L,70005125,ST,2006-01-07T10:00,2006-01-07T13:10,TLS,683093156
RKDCZHBR,code,L,70005126,ST,2006-01-07T14:30,2006-01-07T16:25,AMS,683093156
RKDCZHBR,code,L,70005127,ST,2006-01-07T17:05,2006-01-07T19:15,TLS,683093156
RKDCZHBR,code,L,70005128,ST,2006-01-07T20:05,2006-01-07T22:45,AMS,683093156
QELPJTXK,code,L,70005125,ST,2006-01-07T10:00,2006-01-07T13:10,TLS,683093156
QELPJTXK,code,L,70005126,ST,2006-01-07T14:30,2006-01-07T16:25,AMS,683093156
QELPJTXK,code,L,70005127,ST,2006-01-07T17:05,2006-01-07T19:15,TLS,683093156
QELPJTXK,code,L,70005128,ST,2006-01-07T20:05,2006-01-07T22:45,AMS,683093156
XCMQVIJS,code,L,70005165,CP,2006-01-07T10:25,2006-01-07T13:15,BOD,1827753950
XCMQVIJS,code,L,70005093,CP,2006-01-07T14:00,2006-01-07T15:30,AMS,1827753950
XCMQVIJS,code,L,70005094,CP,2006-01-07T16:40,2006-01-07T18:15,CFE,1827753950
XCMQVIJS,code,L,70005166,CP,2006-01-07T19:00,2006-01-07T21:35,AMS,1827753950
FEPELLQV,code,L,70005165,FO,2006-01-07T10:25,2006-01-07T13:15,BOD,1827753950
FEPELLQV,code,L,70005093,FO,2006-01-07T14:00,2006-01-07T15:30,AMS,1827753950
FEPELLQV,code,L,70005094,FO,2006-01-07T16:40,2006-01-07T18:15,CFE,1827753950
FEPELLQV,code,L,70005166,FO,2006-01-07T19:00,2006-01-07T21:35,AMS,1827753950
DBOZIHGG,code,L,70005165,CS,2006-01-07T10:25,2006-01-07T13:15,BOD,1827753950
DBOZIHGG,code,L,70005093,CS,2006-01-07T14:00,2006-01-07T15:30,AMS,1827753950
DBOZIHGG,code,L,70005094,CS,2006-01-07T16:40,2006-01-07T18:15,CFE,1827753950
DBOZIHGG,code,L,70005166,CS,2006-01-07T19:00,2006-01-07T21:35,AMS,1827753950
QDXZKXMO,code,L,70005165,ST,2006-01-07T10:25,2006-01-07T13:15,BOD,1827753950
QDXZKXMO,code,L,70005093,ST,2006-01-07T14:00,2006-01-07T15:30,AMS,1827753950
QDXZKXMO,code,L,70005094,ST,2006-01-07T16:40,2006-01-07T18:15,CFE,1827753950
QDXZKXMO,code,L,70005166,ST,2006-01-07T19:00,2006-01-07T21:35,AMS,1827753950
XFGVVEVR,code,L,70005165,ST,2006-01-07T10:25,2006-01-07T13:15,BOD,1827753950
XFGVVEVR,code,L,70005093,ST,2006-01-07T14:00,2006-01-07T15:30,AMS,1827753950
XFGVVEVR,code,L,70005094,ST,2006-01-07T16:40,2006-01-07T18:15,CFE,1827753950
XFGVVEVR,code,L,70005166,ST,2006-01-07T19:00,2006-01-07T21:35,AMS,1827753950
PXCZNUNE,code,L,70005165,ST,2006-01-07T10:25,2006-01-07T13:15,BOD,1827753950
PXCZNUNE,code,L,70005093,ST,2006-01-07T14:00,2006-01-07T15:30,AMS,1827753950
PXCZNUNE,code,L,70005094,ST,2006-01-07T16:40,2006-01-07T18:15,CFE,1827753950
PXCZNUNE,code,L,70005166,ST,2006-01-07T19:00,2006-01-07T21:35,AMS,1827753950
FDERAODE,code,L,70003111,CP,2006-01-07T10:30,2006-01-07T12:50,ORY,200550235
FDERAODE,code,L,70003112,CP,2006-01-07T13:35,2006-01-07T15:00,NCE,200550235
FDERAODE,code,L,70004365,CP,2006-01-07T15:35,2006-01-07T16:55,ORY,200550235
FDERAODE,code,L,70004368,CP,2006-01-07T17:35,2006-01-07T19:45,TLN,200550235
HOKQUGWS,code,L,70003111,FO,2006-01-07T10:30,2006-01-07T12:50,ORY,200550235
HOKQUGWS,code,L,70003112,FO,2006-01-07T13:35,2006-01-07T15:00,NCE,200550235
HOKQUGWS,code,L,70004365,FO,2006-01-07T15:35,2006-01-07T16:55,ORY,200550235
HOKQUGWS,code,L,70004368,FO,2006-01-07T17:35,2006-01-07T19:45,TLN,200550235
OOZROUAD,code,L,70003111,CS,2006-01-07T10:30,2006-01-07T12:50,ORY,200550235
OOZROUAD,code,L,70003112,CS,2006-01-07T13:35,2006-01-07T15:00,NCE,200550235
OOZROUAD,code,L,70004365,CS,2006-01-07T15:35,2006-01-07T16:55,ORY,200550235
OOZROUAD,code,L,70004368,CS,2006-01-07T17:35,2006-01-07T19:45,TLN,200550235
ASPNJPEE,code,L,70003111,CS,2006-01-07T10:30,2006-01-07T12:50,ORY,200550235
ASPNJPEE,code,L,70003112,CS,2006-01-07T13:35,2006-01-07T15:00,NCE,200550235
ASPNJPEE,code,L,70004365,CS,2006-01-07T15:35,2006-01-07T16:55,ORY,200550235
ASPNJPEE,code,L,70004368,CS,2006-01-07T17:35,2006-01-07T19:45,TLN,200550235
MKNVVCJE,code,L,70003111,ST,2006-01-07T10:30,2006-01-07T12:50,ORY,200550235
MKNVVCJE,code,L,70003112,ST,2006-01-07T13:35,2006-01-07T15:00,NCE,200550235
MKNVVCJE,code,L,70004365,ST,2006-01-07T15:35,2006-01-07T16:55,ORY,200550235
MKNVVCJE,code,L,70004368,ST,2006-01-07T17:35,2006-01-07T19:45,TLN,200550235
EGUUJUZS,code,L,70003111,ST,2006-01-07T10:30,2006-01-07T12:50,ORY,200550235
EGUUJUZS,code,L,70003112,ST,2006-01-07T13:35,2006-01-07T15:00,NCE,200550235
EGUUJUZS,code,L,70004365,ST,2006-01-07T15:35,2006-01-07T16:55,ORY,200550235
EGUUJUZS,code,L,70004368,ST,2006-01-07T17:35,2006-01-07T19:45,TLN,200550235
VGKBEQYW,code,L,70003111,ST,2006-01-07T10:30,2006-01-07T12:50,ORY,200550235
VGKBEQYW,code,L,70003112,ST,2006-01-07T13:35,2006-01-07T15:00,NCE,200550235
VGKBEQYW,code,L,70004365,ST,2006-01-07T15:35,2006-01-07T16:55,ORY,200550235
VGKBEQYW,code,L,70004368,ST,2006-01-07T17:35,2006-01-07T19:45,TLN,200550235
UKDZOCER,code,L,70003111,ST,2006-01-07T10:30,2006-01-07T12:50,ORY,200550235
UKDZOCER,code,L,70003112,ST,2006-01-07T13:35,2006-01-07T15:00,NCE,200550235
UKDZOCER,code,L,70004365,ST,2006-01-07T15:35,2006-01-07T16:55,ORY,200550235
UKDZOCER,code,L,70004368,ST,2006-01-07T17:35,2006-01-07T19:45,TLN,200550235
EDFUYLRR,code,L,70002888,CP,2006-01-07T10:30,2006-01-07T12:50,MRS,2052955920
EDFUYLRR,code,L,70002889,CP,2006-01-07T13:35,2006-01-07T14:50,ORY,2052955920
EDFUYLRR,code,L,70002900,CP,2006-01-07T15:30,2006-01-07T16:50,MRS,2052955920
EDFUYLRR,code,L,70002903,CP,2006-01-07T17:35,2006-01-07T19:35,ORY,2052955920
LPNWZVCY,code,L,70002888,FO,2006-01-07T10:30,2006-01-07T12:50,MRS,2052955920
LPNWZVCY,code,L,70002889,FO,2006-01-07T13:35,2006-01-07T14:50,ORY,2052955920
LPNWZVCY,code,L,70002900,FO,2006-01-07T15:30,2006-01-07T16:50,MRS,2052955920
LPNWZVCY,code,L,70002903,FO,2006-01-07T17:35,2006-01-07T19:35,ORY,2052955920
TOUFJANO,code,L,70002888,CS,2006-01-07T10:30,2006-01-07T12:50,MRS,2052955920
TOUFJANO,code,L,70002889,CS,2006-01-07T13:35,2006-01-07T14:50,ORY,2052955920
TOUFJANO,code,L,70002900,CS,2006-01-07T15:30,2006-01-07T16:50,MRS,2052955920
TOUFJANO,code,L,70002903,CS,2006-01-07T17:35,2006-01-07T19:35,ORY,2052955920
MZEHTQLS,code,L,70002888,CS,2006-01-07T10:30,2006-01-07T12:50,MRS,2052955920
MZEHTQLS,code,L,70002889,CS,2006-01-07T13:35,2006-01-07T14:50,ORY,2052955920
MZEHTQLS,code,L,70002900,CS,2006-01-07T15:30,2006-01-07T16:50,MRS,2052955920
MZEHTQLS,code,L,70002903,CS,2006-01-07T17:35,2006-01-07T19:35,ORY,2052955920
URVSBSQV,code,L,70002888,ST,2006-01-07T10:30,2006-01-07T12:50,MRS,2052955920
URVSBSQV,code,L,70002889,ST,2006-01-07T13:35,2006-01-07T14:50,ORY,2052955920
URVSBSQV,code,L,70002900,ST,2006-01-07T15:30,2006-01-07T16:50,MRS,2052955920
URVSBSQV,code,L,70002903,ST,2006-01-07T17:35,2006-01-07T19:35,ORY,2052955920
QMUNOKMT,code,L,70002888,ST,2006-01-07T10:30,2006-01-07T12:50,MRS,2052955920
QMUNOKMT,code,L,70002889,ST,2006-01-07T13:35,2006-01-07T14:50,ORY,2052955920
QMUNOKMT,code,L,70002900,ST,2006-01-07T15:30,2006-01-07T16:50,MRS,2052955920
QMUNOKMT,code,L,70002903,ST,2006-01-07T17:35,2006-01-07T19:35,ORY,2052955920
RVMZCHAT,code,L,70002888,ST,2006-01-07T10:30,2006-01-07T12:50,MRS,2052955920
RVMZCHAT,code,L,70002889,ST,2006-01-07T13:35,2006-01-07T14:50,ORY,2052955920
RVMZCHAT,code,L,70002900,ST,2006-01-07T15:30,2006-01-07T16:50,MRS,2052955920
RVMZCHAT,code,L,70002903,ST,2006-01-07T17:35,2006-01-07T19:35,ORY,2052955920
CNKJDMXD,code,L,70002888,ST,2006-01-07T10:30,2006-01-07T12:50,MRS,2052955920
CNKJDMXD,code,L,70002889,ST,2006-01-07T13:35,2006-01-07T14:50,ORY,2052955920
CNKJDMXD,code,L,70002900,ST,2006-01-07T15:30,2006-01-07T16:50,MRS,2052955920
CNKJDMXD,code,L,70002903,ST,2006-01-07T17:35,2006-01-07T19:35,ORY,2052955920
LLCGNZCE,code,L,70004527,CP,2006-01-07T10:35,2006-01-07T13:00,CDG,2134161410
LLCGNZCE,code,L,70004530,CP,2006-01-07T15:20,2006-01-07T16:50,MRS,2134161410
LLCGNZCE,code,L,70004531,CP,2006-01-07T17:35,2006-01-07T19:00,CDG,2134161410
LLCGNZCE,code,L,70004534,CP,2006-01-07T19:45,2006-01-07T22:00,MRS,2134161410
EFKECXOF,code,L,70004527,FO,2006-01-07T10:35,2006-01-07T13:00,CDG,2134161410
EFKECXOF,code,L,70004530,FO,2006-01-07T15:20,2006-01-07T16:50,MRS,2134161410
EFKECXOF,code,L,70004531,FO,2006-01-07T17:35,2006-01-07T19:00,CDG,2134161410
EFKECXOF,code,L,70004534,FO,2006-01-07T19:45,2006-01-07T22:00,MRS,2134161410
LZTJNGFS,code,L,70004527,CS,2006-01-07T10:35,2006-01-07T13:00,CDG,2134161410
LZTJNGFS,code,L,70004530,CS,2006-01-07T15:20,2006-01-07T16:50,MRS,2134161410
LZTJNGFS,code,L,70004531,CS,2006-01-07T17:35,2006-01-07T19:00,CDG,2134161410
LZTJNGFS,code,L,70004534,CS,2006-01-07T19:45,2006-01-07T22:00,MRS,2134161410
CKSQDMWV,code,L,70004527,CS,2006-01-07T10:35,2006-01-07T13:00,CDG,2134161410
CKSQDMWV,code,L,70004530,CS,2006-01-07T15:20,2006-01-07T16:50,MRS,2134161410
CKSQDMWV,code,L,70004531,CS,2006-01-07T17:35,2006-01-07T19:00,CDG,2134161410
CKSQDMWV,code,L,70004534,CS,2006-01-07T19:45,2006-01-07T22:00,MRS,2134161410
GDYFBNKA,code,L,70004527,ST,2006-01-07T10:35,2006-01-07T13:00,CDG,2134161410
GDYFBNKA,code,L,70004530,ST,2006-01-07T15:20,2006-01-07T16:50,MRS,2134161410
GDYFBNKA,code,L,70004531,ST,2006-01-07T17:35,2006-01-07T19:00,CDG,2134161410
GDYFBNKA,code,L,70004534,ST,2006-01-07T19:45,2006-01-07T22:00,MRS,2134161410
UMULXFCU,code,L,70004527,ST,2006-01-07T10:35,2006-01-07T13:00,CDG,2134161410
UMULXFCU,code,L,70004530,ST,2006-01-07T15:20,2006-01-07T16:50,MRS,2134161410
UMULXFCU,code,L,70004531,ST,2006-01-07T17:35,2006-01-07T19:00,CDG,2134161410
UMULXFCU,code,L,70004534,ST,2006-01-07T19:45,2006-01-07T22:00,MRS,2134161410
RIGVLNPZ,code,L,70004527,ST,2006-01-07T10:35,2006-01-07T13:00,CDG,2134161410
RIGVLNPZ,code,L,70004530,ST,2006-01-07T15:20,2006-01-07T16:50,MRS,2134161410
RIGVLNPZ,code,L,70004531,ST,2006-01-07T17:35,2006-01-07T19:00,CDG,2134161410
RIGVLNPZ,code,L,70004534,ST,2006-01-07T19:45,2006-01-07T22:00,MRS,2134161410
DYUZGPXH,code,L,70004527,ST,2006-01-07T10:35,2006-01-07T13:00,CDG,2134161410
DYUZGPXH,code,L,70004530,ST,2006-01-07T15:20,2006-01-07T16:50,MRS,2134161410
DYUZGPXH,code,L,70004531,ST,2006-01-07T17:35,2006-01-07T19:00,CDG,2134161410
DYUZGPXH,code,L,70004534,ST,2006-01-07T19:45,2006-01-07T22:00,MRS,2134161410
VBTBOMZO,code,L,70004567,CP,2006-01-07T10:35,2006-01-07T13:10,CDG,1874672702
VBTBOMZO,code,L,70004568,CP,2006-01-07T13:55,2006-01-07T15:30,NCE,1874672702
VBTBOMZO,code,L,70004571,CP,2006-01-07T17:25,2006-01-07T19:00,CDG,1874672702
VBTBOMZO,code,L,70004572,CP,2006-01-07T19:50,2006-01-07T21:05,NCE,1874672702
BIQIUBTI,code,L,70004567,FO,2006-01-07T10:35,2006-01-07T13:10,CDG,1874672702
BIQIUBTI,code,L,70004568,FO,2006-01-07T13:55,2006-01-07T15:30,NCE,1874672702
BIQIUBTI,code,L,70004571,FO,2006-01-07T17:25,2006-01-07T19:00,CDG,1874672702
BIQIUBTI,code,L,70004572,FO,2006-01-07T19:50,2006-01-07T21:05,NCE,1874672702
KNWYIMNO,code,L,70004567,CS,2006-01-07T10:35,2006-01-07T13:10,CDG,1874672702
KNWYIMNO,code,L,70004568,CS,2006-01-07T13:55,2006-01-07T15:30,NCE,1874672702
KNWYIMNO,code,L,70004571,CS,2006-01-07T17:25,2006-01-07T19:00,CDG,1874672702
KNWYIMNO,code,L,70004572,CS,2006-01-07T19:50,2006-01-07T21:05,NCE,1874672702
HQZJYLFA,code,L,70004567,CS,2006-01-07T10:35,2006-01-07T13:10,CDG,1874672702
HQZJYLFA,code,L,70004568,CS,2006-01-07T13:55,2006-01-07T15:30,NCE,1874672702
HQZJYLFA,code,L,70004571,CS,2006-01-07T17:25,2006-01-07T19:00,CDG,1874672702
HQZJYLFA,code,L,70004572,CS,2006-01-07T19:50,2006-01-07T21:05,NCE,1874672702
XLJDDGDI,code,L,70004567,ST,2006-01-07T10:35,2006-01-07T13:10,CDG,1874672702
XLJDDGDI,code,L,70004568,ST,2006-01-07T13:55,2006-01-07T15:30,NCE,1874672702
XLJDDGDI,code,L,70004571,ST,2006-01-07T17:25,2006-01-07T19:00,CDG,1874672702
XLJDDGDI,code,L,70004572,ST,2006-01-07T19:50,2006-01-07T21:05,NCE,1874672702
PORBWWMV,code,L,70004567,ST,2006-01-07T10:35,2006-01-07T13:10,CDG,1874672702
PORBWWMV,code,L,70004568,ST,2006-01-07T13:55,2006-01-07T15:30,NCE,1874672702
PORBWWMV,code,L,70004571,ST,2006-01-07T17:25,2006-01-07T19:00,CDG,1874672702
PORBWWMV,code,L,70004572,ST,2006-01-07T19:50,2006-01-07T21:05,NCE,1874672702
OVQXABPA,code,L,70004567,ST,2006-01-07T10:35,2006-01-07T13:10,CDG,1874672702
OVQXABPA,code,L,70004568,ST,2006-01-07T13:55,2006-01-07T15:30,NCE,1874672702
OVQXABPA,code,L,70004571,ST,2006-01-07T17:25,2006-01-07T19:00,CDG,1874672702
OVQXABPA,code,L,70004572,ST,2006-01-07T19:50,2006-01-07T21:05,NCE,1874672702
TQIOMJUZ,code,L,70004567,ST,2006-01-07T10:35,2006-01-07T13:10,CDG,1874672702
TQIOMJUZ,code,L,70004568,ST,2006-01-07T13:55,2006-01-07T15:30,NCE,1874672702
TQIOMJUZ,code,L,70004571,ST,2006-01-07T17:25,2006-01-07T19:00,CDG,1874672702
TQIOMJUZ,code,L,70004572,ST,2006-01-07T19:50,2006-01-07T21:05,NCE,1874672702
AZVXGJGH,code,L,70004648,CP,2006-01-07T10:55,2006-01-07T13:25,TLS,1194650126
AZVXGJGH,code,L,70004649,CP,2006-01-07T15:00,2006-01-07T16:25,CDG,1194650126
AZVXGJGH,code,L,70004652,CP,2006-01-07T17:15,2006-01-07T18:45,TLS,1194650126
AZVXGJGH,code,L,70004655,CP,2006-01-07T19:25,2006-01-07T21:35,CDG,1194650126
BQCFADEZ,code,L,70004648,FO,2006-01-07T10:55,2006-01-07T13:25,TLS,1194650126
BQCFADEZ,code,L,70004649,FO,2006-01-07T15:00,2006-01-07T16:25,CDG,1194650126
BQCFADEZ,code,L,70004652,FO,2006-01-07T17:15,2006-01-07T18:45,TLS,1194650126
BQCFADEZ,code,L,70004655,FO,2006-01-07T19:25,2006-01-07T21:35,CDG,1194650126
BCAVPYCN,code,L,70004648,CS,2006-01-07T10:55,2006-01-07T13:25,TLS,1194650126
BCAVPYCN,code,L,70004649,CS,2006-01-07T15:00,2006-01-07T16:25,CDG,1194650126
BCAVPYCN,code,L,70004652,CS,2006-01-07T17:15,2006-01-07T18:45,TLS,1194650126
BCAVPYCN,code,L,70004655,CS,2006-01-07T19:25,2006-01-07T21:35,CDG,1194650126
NXCWHAVW,code,L,70004648,CS,2006-01-07T10:55,2006-01-07T13:25,TLS,1194650126
NXCWHAVW,code,L,70004649,CS,2006-01-07T15:00,2006-01-07T16:25,CDG,1194650126
NXCWHAVW,code,L,70004652,CS,2006-01-07T17:15,2006-01-07T18:45,TLS,1194650126
NXCWHAVW,code,L,70004655,CS,2006-01-07T19:25,2006-01-07T21:35,CDG,1194650126
FBKTJVMM,code,L,70004648,ST,2006-01-07T10:55,2006-01-07T13:25,TLS,1194650126
FBKTJVMM,code,L,70004649,ST,2006-01-07T15:00,2006-01-07T16:25,CDG,1194650126
FBKTJVMM,code,L,70004652,ST,2006-01-07T17:15,2006-01-07T18:45,TLS,1194650126
FBKTJVMM,code,L,70004655,ST,2006-01-07T19:25,2006-01-07T21:35,CDG,1194650126
SUWYEKCD,code,L,70004648,ST,2006-01-07T10:55,2006-01-07T13:25,TLS,1194650126
SUWYEKCD,code,L,70004649,ST,2006-01-07T15:00,2006-01-07T16:25,CDG,1194650126
SUWYEKCD,code,L,70004652,ST,2006-01-07T17:15,2006-01-07T18:45,TLS,1194650126
SUWYEKCD,code,L,70004655,ST,2006-01-07T19:25,2006-01-07T21:35,CDG,1194650126
FGIYETSD,code,L,70004648,ST,2006-01-07T10:55,2006-01-07T13:25,TLS,1194650126
FGIYETSD,code,L,70004649,ST,2006-01-07T15:00,2006-01-07T16:25,CDG,1194650126
FGIYETSD,code,L,70004652,ST,2006-01-07T17:15,2006-01-07T18:45,TLS,1194650126
FGIYETSD,code,L,70004655,ST,2006-01-07T19:25,2006-01-07T21:35,CDG,1194650126
NHQCHOYE,code,L,70004648,ST,2006-01-07T10:55,2006-01-07T13:25,TLS,1194650126
NHQCHOYE,code,L,70004649,ST,2006-01-07T15:00,2006-01-07T16:25,CDG,1194650126
NHQCHOYE,code,L,70004652,ST,2006-01-07T17:15,2006-01-07T18:45,TLS,1194650126
NHQCHOYE,code,L,70004655,ST,2006-01-07T19:25,2006-01-07T21:35,CDG,1194650126
GLKUJGTJ,code,L,70004387,CP,2006-01-07T11:00,2006-01-07T13:20,ORY,363927940
GLKUJGTJ,code,L,70004388,CP,2006-01-07T14:05,2006-01-07T15:30,PGF,363927940
GLKUJGTJ,code,L,70004459,CP,2006-01-07T17:10,2006-01-07T18:45,ORY,363927940
GLKUJGTJ,code,L,70004454,CP,2006-01-07T19:35,2006-01-07T21:55,BIA,363927940
KNIBDAFD,code,L,70004387,FO,2006-01-07T11:00,2006-01-07T13:20,ORY,363927940
KNIBDAFD,code,L,70004388,FO,2006-01-07T14:05,2006-01-07T15:30,PGF,363927940
KNIBDAFD,code,L,70004459,FO,2006-01-07T17:10,2006-01-07T18:45,ORY,363927940
KNIBDAFD,code,L,70004454,FO,2006-01-07T19:35,2006-01-07T21:55,BIA,363927940
MKWMJFBV,code,L,70004387,CS,2006-01-07T11:00,2006-01-07T13:20,ORY,363927940
MKWMJFBV,code,L,70004388,CS,2006-01-07T14:05,2006-01-07T15:30,PGF,363927940
MKWMJFBV,code,L,70004459,CS,2006-01-07T17:10,2006-01-07T18:45,ORY,363927940
MKWMJFBV,code,L,70004454,CS,2006-01-07T19:35,2006-01-07T21:55,BIA,363927940
MDZWHMIK,code,L,70004387,CS,2006-01-07T11:00,2006-01-07T13:20,ORY,363927940
MDZWHMIK,code,L,70004388,CS,2006-01-07T14:05,2006-01-07T15:30,PGF,363927940
MDZWHMIK,code,L,70004459,CS,2006-01-07T17:10,2006-01-07T18:45,ORY,363927940
MDZWHMIK,code,L,70004454,CS,2006-01-07T19:35,2006-01-07T21:55,BIA,363927940
WEGESVCH,code,L,70004387,ST,2006-01-07T11:00,2006-01-07T13:20,ORY,363927940
WEGESVCH,code,L,70004388,ST,2006-01-07T14:05,2006-01-07T15:30,PGF,363927940
WEGESVCH,code,L,70004459,ST,2006-01-07T17:10,2006-01-07T18:45,ORY,363927940
WEGESVCH,code,L,70004454,ST,2006-01-07T19:35,2006-01-07T21:55,BIA,363927940
CJEBWASP,code,L,70004387,ST,2006-01-07T11:00,2006-01-07T13:20,ORY,363927940
CJEBWASP,code,L,70004388,ST,2006-01-07T14:05,2006-01-07T15:30,PGF,363927940
CJEBWASP,code,L,70004459,ST,2006-01-07T17:10,2006-01-07T18:45,ORY,363927940
CJEBWASP,code,L,70004454,ST,2006-01-07T19:35,2006-01-07T21:55,BIA,363927940
UYHSRCHS,code,L,70004387,ST,2006-01-07T11:00,2006-01-07T13:20,ORY,363927940
UYHSRCHS,code,L,70004388,ST,2006-01-07T14:05,2006-01-07T15:30,PGF,363927940
UYHSRCHS,code,L,70004459,ST,2006-01-07T17:10,2006-01-07T18:45,ORY,363927940
UYHSRCHS,code,L,70004454,ST,2006-01-07T19:35,2006-01-07T21:55,BIA,363927940
WSHRMXDH,code,L,70004387,ST,2006-01-07T11:00,2006-01-07T13:20,ORY,363927940
WSHRMXDH,code,L,70004388,ST,2006-01-07T14:05,2006-01-07T15:30,PGF,363927940
WSHRMXDH,code,L,70004459,ST,2006-01-07T17:10,2006-01-07T18:45,ORY,363927940
WSHRMXDH,code,L,70004454,ST,2006-01-07T19:35,2006-01-07T21:55,BIA,363927940
DITDDNSE,code,L,70004566,CP,2006-01-07T11:00,2006-01-07T13:35,NCE,1328157009
DITDDNSE,code,L,70004569,CP,2006-01-07T14:40,2006-01-07T16:15,CDG,1328157009
DITDDNSE,code,L,70003106,CP,2006-01-07T17:05,2006-01-07T18:30,NCE,1328157009
DITDDNSE,code,L,70003071,CP,2006-01-07T19:20,2006-01-07T21:05,ORY,1328157009
YOQEJYJP,code,L,70004566,FO,2006-01-07T11:00,2006-01-07T13:35,NCE,1328157009
YOQEJYJP,code,L,70004569,FO,2006-01-07T14:40,2006-01-07T16:15,CDG,1328157009
YOQEJYJP,code,L,70003106,FO,2006-01-07T17:05,2006-01-07T18:30,NCE,1328157009
YOQEJYJP,code,L,70003071,FO,2006-01-07T19:20,2006-01-07T21:05,ORY,1328157009
IGLZDWNR,code,L,70004566,CS,2006-01-07T11:00,2006-01-07T13:35,NCE,1328157009
IGLZDWNR,code,L,70004569,CS,2006-01-07T14:40,2006-01-07T16:15,CDG,1328157009
IGLZDWNR,code,L,70003106,CS,2006-01-07T17:05,2006-01-07T18:30,NCE,1328157009
IGLZDWNR,code,L,70003071,CS,2006-01-07T19:20,2006-01-07T21:05,ORY,1328157009
ZSDVETQG,code,L,70004566,CS,2006-01-07T11:00,2006-01-07T13:35,NCE,1328157009
ZSDVETQG,code,L,70004569,CS,2006-01-07T14:40,2006-01-07T16:15,CDG,1328157009
ZSDVETQG,code,L,70003106,CS,2006-01-07T17:05,2006-01-07T18:30,NCE,1328157009
ZSDVETQG,code,L,70003071,CS,2006-01-07T19:20,2006-01-07T21:05,ORY,1328157009
IJAOLNHW,code,L,70004566,ST,2006-01-07T11:00,2006-01-07T13:35,NCE,1328157009
IJAOLNHW,code,L,70004569,ST,2006-01-07T14:40,2006-01-07T16:15,CDG,1328157009
IJAOLNHW,code,L,70003106,ST,2006-01-07T17:05,2006-01-07T18:30,NCE,1328157009
IJAOLNHW,code,L,70003071,ST,2006-01-07T19:20,2006-01-07T21:05,ORY,1328157009
ZKVTFFZZ,code,L,70004566,ST,2006-01-07T11:00,2006-01-07T13:35,NCE,1328157009
ZKVTFFZZ,code,L,70004569,ST,2006-01-07T14:40,2006-01-07T16:15,CDG,1328157009
ZKVTFFZZ,code,L,70003106,ST,2006-01-07T17:05,2006-01-07T18:30,NCE,1328157009
ZKVTFFZZ,code,L,70003071,ST,2006-01-07T19:20,2006-01-07T21:05,ORY,1328157009
CMHUEVEP,code,L,70004566,ST,2006-01-07T11:00,2006-01-07T13:35,NCE,1328157009
CMHUEVEP,code,L,70004569,ST,2006-01-07T14:40,2006-01-07T16:15,CDG,1328157009
CMHUEVEP,code,L,70003106,ST,2006-01-07T17:05,2006-01-07T18:30,NCE,1328157009
CMHUEVEP,code,L,70003071,ST,2006-01-07T19:20,2006-01-07T21:05,ORY,1328157009
VDFDOLVW,code,L,70004566,ST,2006-01-07T11:00,2006-01-07T13:35,NCE,1328157009
VDFDOLVW,code,L,70004569,ST,2006-01-07T14:40,2006-01-07T16:15,CDG,1328157009
VDFDOLVW,code,L,70003106,ST,2006-01-07T17:05,2006-01-07T18:30,NCE,1328157009
VDFDOLVW,code,L,70003071,ST,2006-01-07T19:20,2006-01-07T21:05,ORY,1328157009
YEOUJPMF,code,L,70004528,CP,2006-01-07T11:05,2006-01-07T13:35,MRS,134667610
YEOUJPMF,code,L,70004529,CP,2006-01-07T14:35,2006-01-07T16:00,CDG,134667610
YEOUJPMF,code,L,70002870,CP,2006-01-07T17:00,2006-01-07T18:20,MRS,134667610
YEOUJPMF,code,L,70002867,CP,2006-01-07T19:10,2006-01-07T21:10,ORY,134667610
QODZKSBX,code,L,70004528,FO,2006-01-07T11:05,2006-01-07T13:35,MRS,134667610
QODZKSBX,code,L,70004529,FO,2006-01-07T14:35,2006-01-07T16:00,CDG,134667610
QODZKSBX,code,L,70002870,FO,2006-01-07T17:00,2006-01-07T18:20,MRS,134667610
QODZKSBX,code,L,70002867,FO,2006-01-07T19:10,2006-01-07T21:10,ORY,134667610
IOQTTXUG,code,L,70004528,CS,2006-01-07T11:05,2006-01-07T13:35,MRS,134667610
IOQTTXUG,code,L,70004529,CS,2006-01-07T14:35,2006-01-07T16:00,CDG,134667610
IOQTTXUG,code,L,70002870,CS,2006-01-07T17:00,2006-01-07T18:20,MRS,134667610
IOQTTXUG,code,L,70002867,CS,2006-01-07T19:10,2006-01-07T21:10,ORY,134667610
JRNQBHNB,code,L,70004528,CS,2006-01-07T11:05,2006-01-07T13:35,MRS,134667610
JRNQBHNB,code,L,70004529,CS,2006-01-07T14:35,2006-01-07T16:00,CDG,134667610
JRNQBHNB,code,L,70002870,CS,2006-01-07T17:00,2006-01-07T18:20,MRS,134667610
JRNQBHNB,code,L,70002867,CS,2006-01-07T19:10,2006-01-07T21:10,ORY,134667610
AWNSAYGS,code,L,70004528,ST,2006-01-07T11:05,2006-01-07T13:35,MRS,134667610
AWNSAYGS,code,L,70004529,ST,2006-01-07T14:35,2006-01-07T16:00,CDG,134667610
AWNSAYGS,code,L,70002870,ST,2006-01-07T17:00,2006-01-07T18:20,MRS,134667610
AWNSAYGS,code,L,70002867,ST,2006-01-07T19:10,2006-01-07T21:10,ORY,134667610
CINZVZOC,code,L,70004528,ST,2006-01-07T11:05,2006-01-07T13:35,MRS,134667610
CINZVZOC,code,L,70004529,ST,2006-01-07T14:35,2006-01-07T16:00,CDG,134667610
CINZVZOC,code,L,70002870,ST,2006-01-07T17:00,2006-01-07T18:20,MRS,134667610
CINZVZOC,code,L,70002867,ST,2006-01-07T19:10,2006-01-07T21:10,ORY,134667610
PZZDNWID,code,L,70004528,ST,2006-01-07T11:05,2006-01-07T13:35,MRS,134667610
PZZDNWID,code,L,70004529,ST,2006-01-07T14:35,2006-01-07T16:00,CDG,134667610
PZZDNWID,code,L,70002870,ST,2006-01-07T17:00,2006-01-07T18:20,MRS,134667610
PZZDNWID,code,L,70002867,ST,2006-01-07T19:10,2006-01-07T21:10,ORY,134667610
NNTOVDUC,code,L,70004528,ST,2006-01-07T11:05,2006-01-07T13:35,MRS,134667610
NNTOVDUC,code,L,70004529,ST,2006-01-07T14:35,2006-01-07T16:00,CDG,134667610
NNTOVDUC,code,L,70002870,ST,2006-01-07T17:00,2006-01-07T18:20,MRS,134667610
NNTOVDUC,code,L,70002867,ST,2006-01-07T19:10,2006-01-07T21:10,ORY,134667610
ITCUUSWA,code,L,70004602,CP,2006-01-07T11:15,2006-01-07T13:35,BES,1464848243
ITCUUSWA,code,L,70004601,CP,2006-01-07T14:45,2006-01-07T16:00,CDG,1464848243
ITCUUSWA,code,L,70004596,CP,2006-01-07T17:00,2006-01-07T18:20,BES,1464848243
ITCUUSWA,code,L,70004595,CP,2006-01-07T20:00,2006-01-07T22:00,CDG,1464848243
GLKQSPIX,code,L,70004602,FO,2006-01-07T11:15,2006-01-07T13:35,BES,1464848243
GLKQSPIX,code,L,70004601,FO,2006-01-07T14:45,2006-01-07T16:00,CDG,1464848243
GLKQSPIX,code,L,70004596,FO,2006-01-07T17:00,2006-01-07T18:20,BES,1464848243
GLKQSPIX,code,L,70004595,FO,2006-01-07T20:00,2006-01-07T22:00,CDG,1464848243
PXTQOXSD,code,L,70004602,CS,2006-01-07T11:15,2006-01-07T13:35,BES,1464848243
PXTQOXSD,code,L,70004601,CS,2006-01-07T14:45,2006-01-07T16:00,CDG,1464848243
PXTQOXSD,code,L,70004596,CS,2006-01-07T17:00,2006-01-07T18:20,BES,1464848243
PXTQOXSD,code,L,70004595,CS,2006-01-07T20:00,2006-01-07T22:00,CDG,1464848243
IQJNTGMP,code,L,70004602,CS,2006-01-07T11:15,2006-01-07T13:35,BES,1464848243
IQJNTGMP,code,L,70004601,CS,2006-01-07T14:45,2006-01-07T16:00,CDG,1464848243
IQJNTGMP,code,L,70004596,CS,2006-01-07T17:00,2006-01-07T18:20,BES,1464848243
IQJNTGMP,code,L,70004595,CS,2006-01-07T20:00,2006-01-07T22:00,CDG,1464848243
YACPUQBO,code,L,70004602,ST,2006-01-07T11:15,2006-01-07T13:35,BES,1464848243
YACPUQBO,code,L,70004601,ST,2006-01-07T14:45,2006-01-07T16:00,CDG,1464848243
YACPUQBO,code,L,70004596,ST,2006-01-07T17:00,2006-01-07T18:20,BES,1464848243
YACPUQBO,code,L,70004595,ST,2006-01-07T20:00,2006-01-07T22:00,CDG,1464848243
IHTXJJCS,code,L,70004602,ST,2006-01-07T11:15,2006-01-07T13:35,BES,1464848243
IHTXJJCS,code,L,70004601,ST,2006-01-07T14:45,2006-01-07T16:00,CDG,1464848243
IHTXJJCS,code,L,70004596,ST,2006-01-07T17:00,2006-01-07T18:20,BES,1464848243
IHTXJJCS,code,L,70004595,ST,2006-01-07T20:00,2006-01-07T22:00,CDG,1464848243
IETZPXMO,code,L,70004602,ST,2006-01-07T11:15,2006-01-07T13:35,BES,1464848243
IETZPXMO,code,L,70004601,ST,2006-01-07T14:45,2006-01-07T16:00,CDG,1464848243
IETZPXMO,code,L,70004596,ST,2006-01-07T17:00,2006-01-07T18:20,BES,1464848243
IETZPXMO,code,L,70004595,ST,2006-01-07T20:00,2006-01-07T22:00,CDG,1464848243
EHYJGHTM,code,L,70004602,ST,2006-01-07T11:15,2006-01-07T13:35,BES,1464848243
EHYJGHTM,code,L,70004601,ST,2006-01-07T14:45,2006-01-07T16:00,CDG,1464848243
EHYJGHTM,code,L,70004596,ST,2006-01-07T17:00,2006-01-07T18:20,BES,1464848243
EHYJGHTM,code,L,70004595,ST,2006-01-07T20:00,2006-01-07T22:00,CDG,1464848243
LJBAMHVP,code,L,70004410,CP,2006-01-07T11:20,2006-01-07T13:40,MPL,645237757
LJBAMHVP,code,L,70004413,CP,2006-01-07T14:25,2006-01-07T15:40,ORY,645237757
LJBAMHVP,code,L,70004414,CP,2006-01-07T16:25,2006-01-07T17:45,MPL,645237757
LJBAMHVP,code,L,70004407,CP,2006-01-07T18:30,2006-01-07T20:20,ORY,645237757
CYCBMRMB,code,L,70004410,FO,2006-01-07T11:20,2006-01-07T13:40,MPL,645237757
CYCBMRMB,code,L,70004413,FO,2006-01-07T14:25,2006-01-07T15:40,ORY,645237757
CYCBMRMB,code,L,70004414,FO,2006-01-07T16:25,2006-01-07T17:45,MPL,645237757
CYCBMRMB,code,L,70004407,FO,2006-01-07T18:30,2006-01-07T20:20,ORY,645237757
DSYCROJK,code,L,70004410,CS,2006-01-07T11:20,2006-01-07T13:40,MPL,645237757
DSYCROJK,code,L,70004413,CS,2006-01-07T14:25,2006-01-07T15:40,ORY,645237757
DSYCROJK,code,L,70004414,CS,2006-01-07T16:25,2006-01-07T17:45,MPL,645237757
DSYCROJK,code,L,70004407,CS,2006-01-07T18:30,2006-01-07T20:20,ORY,645237757
MWAQIPAY,code,L,70004410,CS,2006-01-07T11:20,2006-01-07T13:40,MPL,645237757
MWAQIPAY,code,L,70004413,CS,2006-01-07T14:25,2006-01-07T15:40,ORY,645237757
MWAQIPAY,code,L,70004414,CS,2006-01-07T16:25,2006-01-07T17:45,MPL,645237757
MWAQIPAY,code,L,70004407,CS,2006-01-07T18:30,2006-01-07T20:20,ORY,645237757
AMTJVRNX,code,L,70004410,ST,2006-01-07T11:20,2006-01-07T13:40,MPL,645237757
AMTJVRNX,code,L,70004413,ST,2006-01-07T14:25,2006-01-07T15:40,ORY,645237757
AMTJVRNX,code,L,70004414,ST,2006-01-07T16:25,2006-01-07T17:45,MPL,645237757
AMTJVRNX,code,L,70004407,ST,2006-01-07T18:30,2006-01-07T20:20,ORY,645237757
FCYLZOGP,code,L,70004410,ST,2006-01-07T11:20,2006-01-07T13:40,MPL,645237757
FCYLZOGP,code,L,70004413,ST,2006-01-07T14:25,2006-01-07T15:40,ORY,645237757
FCYLZOGP,code,L,70004414,ST,2006-01-07T16:25,2006-01-07T17:45,MPL,645237757
FCYLZOGP,code,L,70004407,ST,2006-01-07T18:30,2006-01-07T20:20,ORY,645237757
MCDWESEN,code,L,70004410,ST,2006-01-07T11:20,2006-01-07T13:40,MPL,645237757
MCDWESEN,code,L,70004413,ST,2006-01-07T14:25,2006-01-07T15:40,ORY,645237757
MCDWESEN,code,L,70004414,ST,2006-01-07T16:25,2006-01-07T17:45,MPL,645237757
MCDWESEN,code,L,70004407,ST,2006-01-07T18:30,2006-01-07T20:20,ORY,645237757
AKOYBRFR,code,L,70004410,ST,2006-01-07T11:20,2006-01-07T13:40,MPL,645237757
AKOYBRFR,code,L,70004413,ST,2006-01-07T14:25,2006-01-07T15:40,ORY,645237757
AKOYBRFR,code,L,70004414,ST,2006-01-07T16:25,2006-01-07T17:45,MPL,645237757
AKOYBRFR,code,L,70004407,ST,2006-01-07T18:30,2006-01-07T20:20,ORY,645237757
MUHLZFYA,code,L,70004487,CP,2006-01-07T11:25,2006-01-07T13:45,CDG,1767440095
MUHLZFYA,code,L,70004492,CP,2006-01-07T15:30,2006-01-07T17:40,BOD,1767440095
SDHAFSEA,code,L,70004487,FO,2006-01-07T11:25,2006-01-07T13:45,CDG,1767440095
SDHAFSEA,code,L,70004492,FO,2006-01-07T15:30,2006-01-07T17:40,BOD,1767440095
BEJIWGSW,code,L,70004487,CS,2006-01-07T11:25,2006-01-07T13:45,CDG,1767440095
BEJIWGSW,code,L,70004492,CS,2006-01-07T15:30,2006-01-07T17:40,BOD,1767440095
MTQQKKFD,code,L,70004487,CS,2006-01-07T11:25,2006-01-07T13:45,CDG,1767440095
MTQQKKFD,code,L,70004492,CS,2006-01-07T15:30,2006-01-07T17:40,BOD,1767440095
HUZKZINW,code,L,70004487,ST,2006-01-07T11:25,2006-01-07T13:45,CDG,1767440095
HUZKZINW,code,L,70004492,ST,2006-01-07T15:30,2006-01-07T17:40,BOD,1767440095
PDIKPYMU,code,L,70004487,ST,2006-01-07T11:25,2006-01-07T13:45,CDG,1767440095
PDIKPYMU,code,L,70004492,ST,2006-01-07T15:30,2006-01-07T17:40,BOD,1767440095
FNJPEPVY,code,L,70004487,ST,2006-01-07T11:25,2006-01-07T13:45,CDG,1767440095
FNJPEPVY,code,L,70004492,ST,2006-01-07T15:30,2006-01-07T17:40,BOD,1767440095
ZCGXIEQC,code,L,70004487,ST,2006-01-07T11:25,2006-01-07T13:45,CDG,1767440095
ZCGXIEQC,code,L,70004492,ST,2006-01-07T15:30,2006-01-07T17:40,BOD,1767440095
NGOWHMQT,code,L,70002595,CP,2006-01-07T11:30,2006-01-07T13:40,CFR,282134252
NGOWHMQT,code,L,70002596,CP,2006-01-07T15:00,2006-01-07T17:00,LYS,282134252
GXXXNWUY,code,L,70002595,FO,2006-01-07T11:30,2006-01-07T13:40,CFR,282134252
GXXXNWUY,code,L,70002596,FO,2006-01-07T15:00,2006-01-07T17:00,LYS,282134252
JGADDXEJ,code,L,70002595,CS,2006-01-07T11:30,2006-01-07T13:40,CFR,282134252
JGADDXEJ,code,L,70002596,CS,2006-01-07T15:00,2006-01-07T17:00,LYS,282134252
NNPSQKAP,code,L,70002595,ST,2006-01-07T11:30,2006-01-07T13:40,CFR,282134252
NNPSQKAP,code,L,70002596,ST,2006-01-07T15:00,2006-01-07T17:00,LYS,282134252
PUPGHWEJ,code,L,70002595,ST,2006-01-07T11:30,2006-01-07T13:40,CFR,282134252
PUPGHWEJ,code,L,70002596,ST,2006-01-07T15:00,2006-01-07T17:00,LYS,282134252
LAMZXJSE,code,L,70004490,CP,2006-01-07T11:35,2006-01-07T14:00,BOD,384385166
LAMZXJSE,code,L,70004549,CP,2006-01-07T17:45,2006-01-07T19:10,CDG,384385166
LAMZXJSE,code,L,70004548,CP,2006-01-07T20:00,2006-01-07T22:05,MPL,384385166
PRFYWYLQ,code,L,70004490,FO,2006-01-07T11:35,2006-01-07T14:00,BOD,384385166
PRFYWYLQ,code,L,70004549,FO,2006-01-07T17:45,2006-01-07T19:10,CDG,384385166
PRFYWYLQ,code,L,70004548,FO,2006-01-07T20:00,2006-01-07T22:05,MPL,384385166
MGCGXBRC,code,L,70004490,CS,2006-01-07T11:35,2006-01-07T14:00,BOD,384385166
MGCGXBRC,code,L,70004549,CS,2006-01-07T17:45,2006-01-07T19:10,CDG,384385166
MGCGXBRC,code,L,70004548,CS,2006-01-07T20:00,2006-01-07T22:05,MPL,384385166
YGRSDAKC,code,L,70004490,CS,2006-01-07T11:35,2006-01-07T14:00,BOD,384385166
YGRSDAKC,code,L,70004549,CS,2006-01-07T17:45,2006-01-07T19:10,CDG,384385166
YGRSDAKC,code,L,70004548,CS,2006-01-07T20:00,2006-01-07T22:05,MPL,384385166
YHLZSLIK,code,L,70004490,ST,2006-01-07T11:35,2006-01-07T14:00,BOD,384385166
YHLZSLIK,code,L,70004549,ST,2006-01-07T17:45,2006-01-07T19:10,CDG,384385166
YHLZSLIK,code,L,70004548,ST,2006-01-07T20:00,2006-01-07T22:05,MPL,384385166
NBVQCPJJ,code,L,70004490,ST,2006-01-07T11:35,2006-01-07T14:00,BOD,384385166
NBVQCPJJ,code,L,70004549,ST,2006-01-07T17:45,2006-01-07T19:10,CDG,384385166
NBVQCPJJ,code,L,70004548,ST,2006-01-07T20:00,2006-01-07T22:05,MPL,384385166
DYTYATSK,code,L,70004490,ST,2006-01-07T11:35,2006-01-07T14:00,BOD,384385166
DYTYATSK,code,L,70004549,ST,2006-01-07T17:45,2006-01-07T19:10,CDG,384385166
DYTYATSK,code,L,70004548,ST,2006-01-07T20:00,2006-01-07T22:05,MPL,384385166
WHYVFHDC,code,L,70004490,ST,2006-01-07T11:35,2006-01-07T14:00,BOD,384385166
WHYVFHDC,code,L,70004549,ST,2006-01-07T17:45,2006-01-07T19:10,CDG,384385166
WHYVFHDC,code,L,70004548,ST,2006-01-07T20:00,2006-01-07T22:05,MPL,384385166
GHRCQUZY,code,L,70002619,CP,2006-01-07T11:35,2006-01-07T13:50,RNS,1398633607
GHRCQUZY,code,L,70002620,CP,2006-01-07T14:45,2006-01-07T16:50,LYS,1398633607
LLWCWKBR,code,L,70002619,FO,2006-01-07T11:35,2006-01-07T13:50,RNS,1398633607
LLWCWKBR,code,L,70002620,FO,2006-01-07T14:45,2006-01-07T16:50,LYS,1398633607
LZLPPIAF,code,L,70002619,CS,2006-01-07T11:35,2006-01-07T13:50,RNS,1398633607
LZLPPIAF,code,L,70002620,CS,2006-01-07T14:45,2006-01-07T16:50,LYS,1398633607
OEEQQDMN,code,L,70002619,ST,2006-01-07T11:35,2006-01-07T13:50,RNS,1398633607
OEEQQDMN,code,L,70002620,ST,2006-01-07T14:45,2006-01-07T16:50,LYS,1398633607
OOFMQEPJ,code,L,70002619,ST,2006-01-07T11:35,2006-01-07T13:50,RNS,1398633607
OOFMQEPJ,code,L,70002620,ST,2006-01-07T14:45,2006-01-07T16:50,LYS,1398633607
HPTSPBBR,code,L,70002619,ST,2006-01-07T11:35,2006-01-07T13:50,RNS,1398633607
HPTSPBBR,code,L,70002620,ST,2006-01-07T14:45,2006-01-07T16:50,LYS,1398633607
DQWUTCUG,code,L,70004668,CP,2006-01-07T11:45,2006-01-07T13:55,BOD,1662778767
DQWUTCUG,code,L,70004669,CP,2006-01-07T14:55,2006-01-07T16:00,LYS,1662778767
DQWUTCUG,code,L,70004664,CP,2006-01-07T16:55,2006-01-07T18:05,BOD,1662778767
DQWUTCUG,code,L,70004665,CP,2006-01-07T19:00,2006-01-07T20:50,LYS,1662778767
MQKIUBLY,code,L,70004668,FO,2006-01-07T11:45,2006-01-07T13:55,BOD,1662778767
MQKIUBLY,code,L,70004669,FO,2006-01-07T14:55,2006-01-07T16:00,LYS,1662778767
MQKIUBLY,code,L,70004664,FO,2006-01-07T16:55,2006-01-07T18:05,BOD,1662778767
MQKIUBLY,code,L,70004665,FO,2006-01-07T19:00,2006-01-07T20:50,LYS,1662778767
DJBGKOFR,code,L,70004668,CS,2006-01-07T11:45,2006-01-07T13:55,BOD,1662778767
DJBGKOFR,code,L,70004669,CS,2006-01-07T14:55,2006-01-07T16:00,LYS,1662778767
DJBGKOFR,code,L,70004664,CS,2006-01-07T16:55,2006-01-07T18:05,BOD,1662778767
DJBGKOFR,code,L,70004665,CS,2006-01-07T19:00,2006-01-07T20:50,LYS,1662778767
YABAOELB,code,L,70004668,CS,2006-01-07T11:45,2006-01-07T13:55,BOD,1662778767
YABAOELB,code,L,70004669,CS,2006-01-07T14:55,2006-01-07T16:00,LYS,1662778767
YABAOELB,code,L,70004664,CS,2006-01-07T16:55,2006-01-07T18:05,BOD,1662778767
YABAOELB,code,L,70004665,CS,2006-01-07T19:00,2006-01-07T20:50,LYS,1662778767
DGMOBXSX,code,L,70004668,ST,2006-01-07T11:45,2006-01-07T13:55,BOD,1662778767
DGMOBXSX,code,L,70004669,ST,2006-01-07T14:55,2006-01-07T16:00,LYS,1662778767
DGMOBXSX,code,L,70004664,ST,2006-01-07T16:55,2006-01-07T18:05,BOD,1662778767
DGMOBXSX,code,L,70004665,ST,2006-01-07T19:00,2006-01-07T20:50,LYS,1662778767
UCGNQUVN,code,L,70004668,ST,2006-01-07T11:45,2006-01-07T13:55,BOD,1662778767
UCGNQUVN,code,L,70004669,ST,2006-01-07T14:55,2006-01-07T16:00,LYS,1662778767
UCGNQUVN,code,L,70004664,ST,2006-01-07T16:55,2006-01-07T18:05,BOD,1662778767
UCGNQUVN,code,L,70004665,ST,2006-01-07T19:00,2006-01-07T20:50,LYS,1662778767
XZBLEBVU,code,L,70004668,ST,2006-01-07T11:45,2006-01-07T13:55,BOD,1662778767
XZBLEBVU,code,L,70004669,ST,2006-01-07T14:55,2006-01-07T16:00,LYS,1662778767
XZBLEBVU,code,L,70004664,ST,2006-01-07T16:55,2006-01-07T18:05,BOD,1662778767
XZBLEBVU,code,L,70004665,ST,2006-01-07T19:00,2006-01-07T20:50,LYS,1662778767
MCWUPEUU,code,L,70004668,ST,2006-01-07T11:45,2006-01-07T13:55,BOD,1662778767
MCWUPEUU,code,L,70004669,ST,2006-01-07T14:55,2006-01-07T16:00,LYS,1662778767
MCWUPEUU,code,L,70004664,ST,2006-01-07T16:55,2006-01-07T18:05,BOD,1662778767
MCWUPEUU,code,L,70004665,ST,2006-01-07T19:00,2006-01-07T20:50,LYS,1662778767
GUDHGXVW,code,L,70003091,CP,2006-01-07T12:00,2006-01-07T14:20,ORY,1880812379
GUDHGXVW,code,L,70003084,CP,2006-01-07T15:05,2006-01-07T16:30,NCE,1880812379
GUDHGXVW,code,L,70003099,CP,2006-01-07T17:10,2006-01-07T18:30,ORY,1880812379
GUDHGXVW,code,L,70003094,CP,2006-01-07T19:25,2006-01-07T21:05,NCE,1880812379
OQXRAWSR,code,L,70003091,FO,2006-01-07T12:00,2006-01-07T14:20,ORY,1880812379
OQXRAWSR,code,L,70003084,FO,2006-01-07T15:05,2006-01-07T16:30,NCE,1880812379
OQXRAWSR,code,L,70003099,FO,2006-01-07T17:10,2006-01-07T18:30,ORY,1880812379
OQXRAWSR,code,L,70003094,FO,2006-01-07T19:25,2006-01-07T21:05,NCE,1880812379
DUKNZJCX,code,L,70003091,CS,2006-01-07T12:00,2006-01-07T14:20,ORY,1880812379
DUKNZJCX,code,L,70003084,CS,2006-01-07T15:05,2006-01-07T16:30,NCE,1880812379
DUKNZJCX,code,L,70003099,CS,2006-01-07T17:10,2006-01-07T18:30,ORY,1880812379
DUKNZJCX,code,L,70003094,CS,2006-01-07T19:25,2006-01-07T21:05,NCE,1880812379
DFILPGBR,code,L,70003091,CS,2006-01-07T12:00,2006-01-07T14:20,ORY,1880812379
DFILPGBR,code,L,70003084,CS,2006-01-07T15:05,2006-01-07T16:30,NCE,1880812379
DFILPGBR,code,L,70003099,CS,2006-01-07T17:10,2006-01-07T18:30,ORY,1880812379
DFILPGBR,code,L,70003094,CS,2006-01-07T19:25,2006-01-07T21:05,NCE,1880812379
TUSVGAJQ,code,L,70003091,ST,2006-01-07T12:00,2006-01-07T14:20,ORY,1880812379
TUSVGAJQ,code,L,70003084,ST,2006-01-07T15:05,2006-01-07T16:30,NCE,1880812379
TUSVGAJQ,code,L,70003099,ST,2006-01-07T17:10,2006-01-07T18:30,ORY,1880812379
TUSVGAJQ,code,L,70003094,ST,2006-01-07T19:25,2006-01-07T21:05,NCE,1880812379
LSLQGJCU,code,L,70003091,ST,2006-01-07T12:00,2006-01-07T14:20,ORY,1880812379
LSLQGJCU,code,L,70003084,ST,2006-01-07T15:05,2006-01-07T16:30,NCE,1880812379
LSLQGJCU,code,L,70003099,ST,2006-01-07T17:10,2006-01-07T18:30,ORY,1880812379
LSLQGJCU,code,L,70003094,ST,2006-01-07T19:25,2006-01-07T21:05,NCE,1880812379
RKXXAIZK,code,L,70003091,ST,2006-01-07T12:00,2006-01-07T14:20,ORY,1880812379
RKXXAIZK,code,L,70003084,ST,2006-01-07T15:05,2006-01-07T16:30,NCE,1880812379
RKXXAIZK,code,L,70003099,ST,2006-01-07T17:10,2006-01-07T18:30,ORY,1880812379
RKXXAIZK,code,L,70003094,ST,2006-01-07T19:25,2006-01-07T21:05,NCE,1880812379
WRNBYWJV,code,L,70003091,ST,2006-01-07T12:00,2006-01-07T14:20,ORY,1880812379
WRNBYWJV,code,L,70003084,ST,2006-01-07T15:05,2006-01-07T16:30,NCE,1880812379
WRNBYWJV,code,L,70003099,ST,2006-01-07T17:10,2006-01-07T18:30,ORY,1880812379
WRNBYWJV,code,L,70003094,ST,2006-01-07T19:25,2006-01-07T21:05,NCE,1880812379
UHTKZLOF,code,L,70004174,CP,2006-01-07T12:35,2006-01-07T14:35,SXB,658194566
UHTKZLOF,code,L,70004389,CP,2006-01-07T15:35,2006-01-07T17:00,ORY,658194566
UHTKZLOF,code,L,70004390,CP,2006-01-07T17:50,2006-01-07T19:15,PGF,658194566
UHTKZLOF,code,L,70004169,CP,2006-01-07T20:00,2006-01-07T21:45,ORY,658194566
AIHEFSSN,code,L,70004174,FO,2006-01-07T12:35,2006-01-07T14:35,SXB,658194566
AIHEFSSN,code,L,70004389,FO,2006-01-07T15:35,2006-01-07T17:00,ORY,658194566
AIHEFSSN,code,L,70004390,FO,2006-01-07T17:50,2006-01-07T19:15,PGF,658194566
AIHEFSSN,code,L,70004169,FO,2006-01-07T20:00,2006-01-07T21:45,ORY,658194566
FXDWFHSY,code,L,70004174,CS,2006-01-07T12:35,2006-01-07T14:35,SXB,658194566
FXDWFHSY,code,L,70004389,CS,2006-01-07T15:35,2006-01-07T17:00,ORY,658194566
FXDWFHSY,code,L,70004390,CS,2006-01-07T17:50,2006-01-07T19:15,PGF,658194566
FXDWFHSY,code,L,70004169,CS,2006-01-07T20:00,2006-01-07T21:45,ORY,658194566
OWUNJIJR,code,L,70004174,CS,2006-01-07T12:35,2006-01-07T14:35,SXB,658194566
OWUNJIJR,code,L,70004389,CS,2006-01-07T15:35,2006-01-07T17:00,ORY,658194566
OWUNJIJR,code,L,70004390,CS,2006-01-07T17:50,2006-01-07T19:15,PGF,658194566
OWUNJIJR,code,L,70004169,CS,2006-01-07T20:00,2006-01-07T21:45,ORY,658194566
IJIIOQRR,code,L,70004174,ST,2006-01-07T12:35,2006-01-07T14:35,SXB,658194566
IJIIOQRR,code,L,70004389,ST,2006-01-07T15:35,2006-01-07T17:00,ORY,658194566
IJIIOQRR,code,L,70004390,ST,2006-01-07T17:50,2006-01-07T19:15,PGF,658194566
IJIIOQRR,code,L,70004169,ST,2006-01-07T20:00,2006-01-07T21:45,ORY,658194566
LDWALLPR,code,L,70004174,ST,2006-01-07T12:35,2006-01-07T14:35,SXB,658194566
LDWALLPR,code,L,70004389,ST,2006-01-07T15:35,2006-01-07T17:00,ORY,658194566
LDWALLPR,code,L,70004390,ST,2006-01-07T17:50,2006-01-07T19:15,PGF,658194566
LDWALLPR,code,L,70004169,ST,2006-01-07T20:00,2006-01-07T21:45,ORY,658194566
CQLDHTTK,code,L,70004174,ST,2006-01-07T12:35,2006-01-07T14:35,SXB,658194566
CQLDHTTK,code,L,70004389,ST,2006-01-07T15:35,2006-01-07T17:00,ORY,658194566
CQLDHTTK,code,L,70004390,ST,2006-01-07T17:50,2006-01-07T19:15,PGF,658194566
CQLDHTTK,code,L,70004169,ST,2006-01-07T20:00,2006-01-07T21:45,ORY,658194566
QLYEHUDL,code,L,70004174,ST,2006-01-07T12:35,2006-01-07T14:35,SXB,658194566
QLYEHUDL,code,L,70004389,ST,2006-01-07T15:35,2006-01-07T17:00,ORY,658194566
QLYEHUDL,code,L,70004390,ST,2006-01-07T17:50,2006-01-07T19:15,PGF,658194566
QLYEHUDL,code,L,70004169,ST,2006-01-07T20:00,2006-01-07T21:45,ORY,658194566
NFFVRVQG,code,L,70002874,CP,2006-01-07T13:00,2006-01-07T15:20,MRS,794882901
NFFVRVQG,code,L,70002907,CP,2006-01-07T18:35,2006-01-07T20:35,ORY,794882901
GSEOIPET,code,L,70002874,FO,2006-01-07T13:00,2006-01-07T15:20,MRS,794882901
GSEOIPET,code,L,70002907,FO,2006-01-07T18:35,2006-01-07T20:35,ORY,794882901
WADOGPAM,code,L,70002874,CS,2006-01-07T13:00,2006-01-07T15:20,MRS,794882901
WADOGPAM,code,L,70002907,CS,2006-01-07T18:35,2006-01-07T20:35,ORY,794882901
XSVHHFFU,code,L,70002874,CS,2006-01-07T13:00,2006-01-07T15:20,MRS,794882901
XSVHHFFU,code,L,70002907,CS,2006-01-07T18:35,2006-01-07T20:35,ORY,794882901
MWRROERD,code,L,70002874,ST,2006-01-07T13:00,2006-01-07T15:20,MRS,794882901
MWRROERD,code,L,70002907,ST,2006-01-07T18:35,2006-01-07T20:35,ORY,794882901
EVYZZYVO,code,L,70002874,ST,2006-01-07T13:00,2006-01-07T15:20,MRS,794882901
EVYZZYVO,code,L,70002907,ST,2006-01-07T18:35,2006-01-07T20:35,ORY,794882901
VMXJBUPC,code,L,70002874,ST,2006-01-07T13:00,2006-01-07T15:20,MRS,794882901
VMXJBUPC,code,L,70002907,ST,2006-01-07T18:35,2006-01-07T20:35,ORY,794882901
OBFDSHXY,code,L,70002874,ST,2006-01-07T13:00,2006-01-07T15:20,MRS,794882901
OBFDSHXY,code,L,70002907,ST,2006-01-07T18:35,2006-01-07T20:35,ORY,794882901
PKYPFLKA,code,L,70004619,CP,2006-01-07T13:30,2006-01-07T16:10,ETZ,1657007234
PKYPFLKA,code,L,70004620,CP,2006-01-07T18:50,2006-01-07T21:15,MRS,1657007234
NXOPFUEN,code,L,70004619,FO,2006-01-07T13:30,2006-01-07T16:10,ETZ,1657007234
NXOPFUEN,code,L,70004620,FO,2006-01-07T18:50,2006-01-07T21:15,MRS,1657007234
JAJCJURT,code,L,70004619,CS,2006-01-07T13:30,2006-01-07T16:10,ETZ,1657007234
JAJCJURT,code,L,70004620,CS,2006-01-07T18:50,2006-01-07T21:15,MRS,1657007234
OLYSPMQW,code,L,70004619,CS,2006-01-07T13:30,2006-01-07T16:10,ETZ,1657007234
OLYSPMQW,code,L,70004620,CS,2006-01-07T18:50,2006-01-07T21:15,MRS,1657007234
NEKXNOWL,code,L,70004619,ST,2006-01-07T13:30,2006-01-07T16:10,ETZ,1657007234
NEKXNOWL,code,L,70004620,ST,2006-01-07T18:50,2006-01-07T21:15,MRS,1657007234
GGWXZLAZ,code,L,70004619,ST,2006-01-07T13:30,2006-01-07T16:10,ETZ,1657007234
GGWXZLAZ,code,L,70004620,ST,2006-01-07T18:50,2006-01-07T21:15,MRS,1657007234
HLQGZBWH,code,L,70004619,ST,2006-01-07T13:30,2006-01-07T16:10,ETZ,1657007234
HLQGZBWH,code,L,70004620,ST,2006-01-07T18:50,2006-01-07T21:15,MRS,1657007234
NXHBMZAV,code,L,70004619,ST,2006-01-07T13:30,2006-01-07T16:10,ETZ,1657007234
NXHBMZAV,code,L,70004620,ST,2006-01-07T18:50,2006-01-07T21:15,MRS,1657007234
AXPRMFBH,code,L,70004435,CP,2006-01-07T13:40,2006-01-07T16:20,AJA,1015490648
AXPRMFBH,code,L,70004436,CP,2006-01-07T17:10,2006-01-07T19:35,ORY,1015490648
WDZJJCJZ,code,L,70004435,FO,2006-01-07T13:40,2006-01-07T16:20,AJA,1015490648
WDZJJCJZ,code,L,70004436,FO,2006-01-07T17:10,2006-01-07T19:35,ORY,1015490648
HELZSOKG,code,L,70004435,CS,2006-01-07T13:40,2006-01-07T16:20,AJA,1015490648
HELZSOKG,code,L,70004436,CS,2006-01-07T17:10,2006-01-07T19:35,ORY,1015490648
BBZXYNAA,code,L,70004435,CS,2006-01-07T13:40,2006-01-07T16:20,AJA,1015490648
BBZXYNAA,code,L,70004436,CS,2006-01-07T17:10,2006-01-07T19:35,ORY,1015490648
EXGGEYHJ,code,L,70004435,ST,2006-01-07T13:40,2006-01-07T16:20,AJA,1015490648
EXGGEYHJ,code,L,70004436,ST,2006-01-07T17:10,2006-01-07T19:35,ORY,1015490648
BSPSEKMF,code,L,70004435,ST,2006-01-07T13:40,2006-01-07T16:20,AJA,1015490648
BSPSEKMF,code,L,70004436,ST,2006-01-07T17:10,2006-01-07T19:35,ORY,1015490648
IGHPSFBK,code,L,70004435,ST,2006-01-07T13:40,2006-01-07T16:20,AJA,1015490648
IGHPSFBK,code,L,70004436,ST,2006-01-07T17:10,2006-01-07T19:35,ORY,1015490648
LJPLZAMC,code,L,70004435,ST,2006-01-07T13:40,2006-01-07T16:20,AJA,1015490648
LJPLZAMC,code,L,70004436,ST,2006-01-07T17:10,2006-01-07T19:35,ORY,1015490648
NPFMZFFH,code,L,70004578,CP,2006-01-07T14:35,2006-01-07T17:10,NCE,773559890
NPFMZFFH,code,L,70004575,CP,2006-01-07T18:30,2006-01-07T20:50,CDG,773559890
YMKXJBNM,code,L,70004578,FO,2006-01-07T14:35,2006-01-07T17:10,NCE,773559890
YMKXJBNM,code,L,70004575,FO,2006-01-07T18:30,2006-01-07T20:50,CDG,773559890
SHFGKISF,code,L,70004578,CS,2006-01-07T14:35,2006-01-07T17:10,NCE,773559890
SHFGKISF,code,L,70004575,CS,2006-01-07T18:30,2006-01-07T20:50,CDG,773559890
CMOPOXOF,code,L,70004578,CS,2006-01-07T14:35,2006-01-07T17:10,NCE,773559890
CMOPOXOF,code,L,70004575,CS,2006-01-07T18:30,2006-01-07T20:50,CDG,773559890
UWMYASLQ,code,L,70004578,ST,2006-01-07T14:35,2006-01-07T17:10,NCE,773559890
UWMYASLQ,code,L,70004575,ST,2006-01-07T18:30,2006-01-07T20:50,CDG,773559890
MLNZFPKF,code,L,70004578,ST,2006-01-07T14:35,2006-01-07T17:10,NCE,773559890
MLNZFPKF,code,L,70004575,ST,2006-01-07T18:30,2006-01-07T20:50,CDG,773559890
BYTPILSB,code,L,70004578,ST,2006-01-07T14:35,2006-01-07T17:10,NCE,773559890
BYTPILSB,code,L,70004575,ST,2006-01-07T18:30,2006-01-07T20:50,CDG,773559890
DZNAQOCH,code,L,70004578,ST,2006-01-07T14:35,2006-01-07T17:10,NCE,773559890
DZNAQOCH,code,L,70004575,ST,2006-01-07T18:30,2006-01-07T20:50,CDG,773559890
