crew_id,code,type,leg_id,rank,start,finish,airport,pairing
DVTNGPQT,code,L,70002597,CP,2006-01-07T04:00,2006-01-07T05:20,LEH,2022406920
DVTNGPQT,code,L,70002598,CP,2006-01-07T05:40,2006-01-07T07:00,URO,2022406920
DVTNGPQT,code,L,70002599,CP,2006-01-07T07:40,2006-01-07T09:10,LYS,2022406920
DVTNGPQT,code,L,70002600,CP,2006-01-07T09:30,2006-01-07T09:50,LEH,2022406920
DVTNGPQT,code,L,70002601,CP,2006-01-07T15:00,2006-01-07T15:20,URO,2022406920
DVTNGPQT,code,L,70002602,CP,2006-01-07T15:40,2006-01-07T17:10,LEH,2022406920
DVTNGPQT,code,L,70002603,CP,2006-01-07T17:50,2006-01-07T19:10,LYS,2022406920
DVTNGPQT,code,L,70002604,CP,2006-01-07T19:30,2006-01-07T20:35,URO,2022406920
JOGTNRGW,code,L,70002597,FO,2006-01-07T04:00,2006-01-07T05:20,LEH,2022406920
JOGTNRGW,code,L,70002598,FO,2006-01-07T05:40,2006-01-07T07:00,URO,2022406920
JOGTNRGW,code,L,70002599,FO,2006-01-07T07:40,2006-01-07T09:10,LYS,2022406920
JOGTNRGW,code,L,70002600,FO,2006-01-07T09:30,2006-01-07T09:50,LEH,2022406920
JOGTNRGW,code,L,70002601,FO,2006-01-07T15:00,2006-01-07T15:20,URO,2022406920
JOGTNRGW,code,L,70002602,FO,2006-01-07T15:40,2006-01-07T17:10,LEH,2022406920
JOGTNRGW,code,L,70002603,FO,2006-01-07T17:50,2006-01-07T19:10,LYS,2022406920
JOGTNRGW,code,L,70002604,FO,2006-01-07T19:30,2006-01-07T20:35,URO,2022406920
WQXNGDQR,code,L,70002597,CSD,2006-01-07T04:00,2006-01-07T05:20,LEH,2022406920
WQXNGDQR,code,L,70002598,CSD,2006-01-07T05:40,2006-01-07T07:00,URO,2022406920
WQXNGDQR,code,L,70002599,CSD,2006-01-07T07:40,2006-01-07T09:10,LYS,2022406920
WQXNGDQR,code,L,70002600,CSD,2006-01-07T09:30,2006-01-07T09:50,LEH,2022406920
WQXNGDQR,code,L,70002601,CSD,2006-01-07T15:00,2006-01-07T15:20,URO,2022406920
WQXNGDQR,code,L,70002602,CSD,2006-01-07T15:40,2006-01-07T17:10,LEH,2022406920
WQXNGDQR,code,L,70002603,CSD,2006-01-07T17:50,2006-01-07T19:10,LYS,2022406920
WQXNGDQR,code,L,70002604,CSD,2006-01-07T19:30,2006-01-07T20:35,URO,2022406920
OMVOTBOX,code,L,70002597,ST,2006-01-07T04:00,2006-01-07T05:20,LEH,2022406920
OMVOTBOX,code,L,70002598,ST,2006-01-07T05:40,2006-01-07T07:00,URO,2022406920
OMVOTBOX,code,L,70002599,ST,2006-01-07T07:40,2006-01-07T09:10,LYS,2022406920
OMVOTBOX,code,L,70002600,ST,2006-01-07T09:30,2006-01-07T09:50,LEH,2022406920
OMVOTBOX,code,L,70002601,ST,2006-01-07T15:00,2006-01-07T15:20,URO,2022406920
OMVOTBOX,code,L,70002602,ST,2006-01-07T15:40,2006-01-07T17:10,LEH,2022406920
OMVOTBOX,code,L,70002603,ST,2006-01-07T17:50,2006-01-07T19:10,LYS,2022406920
OMVOTBOX,code,L,70002604,ST,2006-01-07T19:30,2006-01-07T20:35,URO,2022406920
WEZECEYQ,code,L,70002597,ST,2006-01-07T04:00,2006-01-07T05:20,LEH,2022406920
WEZECEYQ,code,L,70002598,ST,2006-01-07T05:40,2006-01-07T07:00,URO,2022406920
WEZECEYQ,code,L,70002599,ST,2006-01-07T07:40,2006-01-07T09:10,LYS,2022406920
WEZECEYQ,code,L,70002600,ST,2006-01-07T09:30,2006-01-07T09:50,LEH,2022406920
WEZECEYQ,code,L,70002601,ST,2006-01-07T15:00,2006-01-07T15:20,URO,2022406920
WEZECEYQ,code,L,70002602,ST,2006-01-07T15:40,2006-01-07T17:10,LEH,2022406920
WEZECEYQ,code,L,70002603,ST,2006-01-07T17:50,2006-01-07T19:10,LYS,2022406920
WEZECEYQ,code,L,70002604,ST,2006-01-07T19:30,2006-01-07T20:35,URO,2022406920
ERHJHXKD,code,L,70005123,CP,2006-01-07T04:05,2006-01-07T07:20,TLS,2138821259
ERHJHXKD,code,L,70005124,CP,2006-01-07T08:25,2006-01-07T11:05,AMS,2138821259
DUYAIAWD,code,L,70005123,FO,2006-01-07T04:05,2006-01-07T07:20,TLS,2138821259
DUYAIAWD,code,L,70005124,FO,2006-01-07T08:25,2006-01-07T11:05,AMS,2138821259
TBQYKWVL,code,L,70005123,CSD,2006-01-07T04:05,2006-01-07T07:20,TLS,2138821259
TBQYKWVL,code,L,70005124,CSD,2006-01-07T08:25,2006-01-07T11:05,AMS,2138821259
XATNDIBX,code,L,70005123,ST,2006-01-07T04:05,2006-01-07T07:20,TLS,2138821259
XATNDIBX,code,L,70005124,ST,2006-01-07T08:25,2006-01-07T11:05,AMS,2138821259
FSOEIMLQ,code,L,70005123,ST,2006-01-07T04:05,2006-01-07T07:20,TLS,2138821259
FSOEIMLQ,code,L,70005124,ST,2006-01-07T08:25,2006-01-07T11:05,AMS,2138821259
LKMLMHDO,code,L,70005123,ST,2006-01-07T04:05,2006-01-07T07:20,TLS,2138821259
LKMLMHDO,code,L,70005124,ST,2006-01-07T08:25,2006-01-07T11:05,AMS,2138821259
JXZBDSVM,code,L,70004600,CP,2006-01-07T04:25,2006-01-07T06:45,BES,2125508764
JXZBDSVM,code,L,70004599,CP,2006-01-07T09:30,2006-01-07T11:30,CDG,2125508764
DHOWSKGF,code,L,70004600,FO,2006-01-07T04:25,2006-01-07T06:45,BES,2125508764
DHOWSKGF,code,L,70004599,FO,2006-01-07T09:30,2006-01-07T11:30,CDG,2125508764
LLQKCKUJ,code,L,70004600,CS,2006-01-07T04:25,2006-01-07T06:45,BES,2125508764
LLQKCKUJ,code,L,70004599,CS,2006-01-07T09:30,2006-01-07T11:30,CDG,2125508764
QAVRQIHV,code,L,70004600,CS,2006-01-07T04:25,2006-01-07T06:45,BES,2125508764
QAVRQIHV,code,L,70004599,CS,2006-01-07T09:30,2006-01-07T11:30,CDG,2125508764
FHIGJSKW,code,L,70004600,ST,2006-01-07T04:25,2006-01-07T06:45,BES,2125508764
FHIGJSKW,code,L,70004599,ST,2006-01-07T09:30,2006-01-07T11:30,CDG,2125508764
IPMTOXVT,code,L,70004600,ST,2006-01-07T04:25,2006-01-07T06:45,BES,2125508764
IPMTOXVT,code,L,70004599,ST,2006-01-07T09:30,2006-01-07T11:30,CDG,2125508764
IHJIGLNZ,code,L,70004600,ST,2006-01-07T04:25,2006-01-07T06:45,BES,2125508764
IHJIGLNZ,code,L,70004599,ST,2006-01-07T09:30,2006-01-07T11:30,CDG,2125508764
TWKBMJJN,code,L,70004600,ST,2006-01-07T04:25,2006-01-07T06:45,BES,2125508764
TWKBMJJN,code,L,70004599,ST,2006-01-07T09:30,2006-01-07T11:30,CDG,2125508764
WGYFQCGN,code,L,70004600,ST,2006-01-07T04:25,2006-01-07T06:45,BES,2125508764
WGYFQCGN,code,L,70004599,ST,2006-01-07T09:30,2006-01-07T11:30,CDG,2125508764
HLPEKLGP,code,L,70004600,ST,2006-01-07T04:25,2006-01-07T06:45,BES,2125508764
HLPEKLGP,code,L,70004599,ST,2006-01-07T09:30,2006-01-07T11:30,CDG,2125508764
KNPPCVJQ,code,L,70002653,CP,2006-01-07T04:25,2006-01-07T06:55,BES,1501688522
KNPPCVJQ,code,L,70002654,CP,2006-01-07T07:40,2006-01-07T09:15,LYS,1501688522
KNPPCVJQ,code,L,70002657,CP,2006-01-07T10:05,2006-01-07T11:45,BES,1501688522
KNPPCVJQ,code,L,70002658,CP,2006-01-07T12:25,2006-01-07T14:50,MRS,1501688522
WYLANWHB,code,L,70002653,FO,2006-01-07T04:25,2006-01-07T06:55,BES,1501688522
WYLANWHB,code,L,70002654,FO,2006-01-07T07:40,2006-01-07T09:15,LYS,1501688522
WYLANWHB,code,L,70002657,FO,2006-01-07T10:05,2006-01-07T11:45,BES,1501688522
WYLANWHB,code,L,70002658,FO,2006-01-07T12:25,2006-01-07T14:50,MRS,1501688522
SNZFGTQV,code,L,70002653,CSD,2006-01-07T04:25,2006-01-07T06:55,BES,1501688522
SNZFGTQV,code,L,70002654,CSD,2006-01-07T07:40,2006-01-07T09:15,LYS,1501688522
SNZFGTQV,code,L,70002657,CSD,2006-01-07T10:05,2006-01-07T11:45,BES,1501688522
SNZFGTQV,code,L,70002658,CSD,2006-01-07T12:25,2006-01-07T14:50,MRS,1501688522
OHOILDLW,code,L,70002653,ST,2006-01-07T04:25,2006-01-07T06:55,BES,1501688522
OHOILDLW,code,L,70002654,ST,2006-01-07T07:40,2006-01-07T09:15,LYS,1501688522
OHOILDLW,code,L,70002657,ST,2006-01-07T10:05,2006-01-07T11:45,BES,1501688522
OHOILDLW,code,L,70002658,ST,2006-01-07T12:25,2006-01-07T14:50,MRS,1501688522
SFGELWKW,code,L,70002653,ST,2006-01-07T04:25,2006-01-07T06:55,BES,1501688522
SFGELWKW,code,L,70002654,ST,2006-01-07T07:40,2006-01-07T09:15,LYS,1501688522
SFGELWKW,code,L,70002657,ST,2006-01-07T10:05,2006-01-07T11:45,BES,1501688522
SFGELWKW,code,L,70002658,ST,2006-01-07T12:25,2006-01-07T14:50,MRS,1501688522
IQSGBGCN,code,L,70002587,CP,2006-01-07T04:25,2006-01-07T06:35,CFR,48190158
IQSGBGCN,code,L,70002588,CP,2006-01-07T07:40,2006-01-07T09:40,LYS,48190158
LXUOCUJZ,code,L,70002587,FO,2006-01-07T04:25,2006-01-07T06:35,CFR,48190158
LXUOCUJZ,code,L,70002588,FO,2006-01-07T07:40,2006-01-07T09:40,LYS,48190158
QUKTEXRV,code,L,70002587,CSD,2006-01-07T04:25,2006-01-07T06:35,CFR,48190158
QUKTEXRV,code,L,70002588,CSD,2006-01-07T07:40,2006-01-07T09:40,LYS,48190158
UOTAFMFT,code,L,70002587,ST,2006-01-07T04:25,2006-01-07T06:35,CFR,48190158
UOTAFMFT,code,L,70002588,ST,2006-01-07T07:40,2006-01-07T09:40,LYS,48190158
DRNDYAFT,code,L,70002587,ST,2006-01-07T04:25,2006-01-07T06:35,CFR,48190158
DRNDYAFT,code,L,70002588,ST,2006-01-07T07:40,2006-01-07T09:40,LYS,48190158
RYJPIMUH,code,L,70004636,CP,2006-01-07T04:25,2006-01-07T06:55,PUF,2138614433
RYJPIMUH,code,L,70004639,CP,2006-01-07T07:30,2006-01-07T09:45,CDG,2138614433
UZNEDUSZ,code,L,70004636,FO,2006-01-07T04:25,2006-01-07T06:55,PUF,2138614433
UZNEDUSZ,code,L,70004639,FO,2006-01-07T07:30,2006-01-07T09:45,CDG,2138614433
ZNBVKYJJ,code,L,70004636,CSD,2006-01-07T04:25,2006-01-07T06:55,PUF,2138614433
ZNBVKYJJ,code,L,70004639,CSD,2006-01-07T07:30,2006-01-07T09:45,CDG,2138614433
IZFBIAPO,code,L,70004636,ST,2006-01-07T04:25,2006-01-07T06:55,PUF,2138614433
IZFBIAPO,code,L,70004639,ST,2006-01-07T07:30,2006-01-07T09:45,CDG,2138614433
MRWKRVMP,code,L,70004636,ST,2006-01-07T04:25,2006-01-07T06:55,PUF,2138614433
MRWKRVMP,code,L,70004639,ST,2006-01-07T07:30,2006-01-07T09:45,CDG,2138614433
PGUKLEAW,code,L,70004636,ST,2006-01-07T04:25,2006-01-07T06:55,PUF,2138614433
PGUKLEAW,code,L,70004639,ST,2006-01-07T07:30,2006-01-07T09:45,CDG,2138614433
SRDKKGDF,code,L,70002583,CP,2006-01-07T04:25,2006-01-07T06:25,RNS,1816610767
SRDKKGDF,code,L,70004543,CP,2006-01-07T10:25,2006-01-07T11:50,CDG,1816610767
SRDKKGDF,code,L,70004546,CP,2006-01-07T12:40,2006-01-07T14:10,MPL,1816610767
SRDKKGDF,code,L,70002586,CP,2006-01-07T19:00,2006-01-07T20:40,CDG,1816610767
XXOBKXQP,code,L,70002583,FO,2006-01-07T04:25,2006-01-07T06:25,RNS,1816610767
XXOBKXQP,code,L,70004543,FO,2006-01-07T10:25,2006-01-07T11:50,CDG,1816610767
XXOBKXQP,code,L,70004546,FO,2006-01-07T12:40,2006-01-07T14:10,MPL,1816610767
XXOBKXQP,code,L,70002586,FO,2006-01-07T19:00,2006-01-07T20:40,CDG,1816610767
WBFIDPBL,code,L,70002583,CSD,2006-01-07T04:25,2006-01-07T06:25,RNS,1816610767
WBFIDPBL,code,L,70004543,CSD,2006-01-07T10:25,2006-01-07T11:50,CDG,1816610767
WBFIDPBL,code,L,70004546,CSD,2006-01-07T12:40,2006-01-07T14:10,MPL,1816610767
WBFIDPBL,code,L,70002586,CSD,2006-01-07T19:00,2006-01-07T20:40,CDG,1816610767
KNIMOTOW,code,L,70002583,ST,2006-01-07T04:25,2006-01-07T06:25,RNS,1816610767
KNIMOTOW,code,L,70004543,ST,2006-01-07T10:25,2006-01-07T11:50,CDG,1816610767
KNIMOTOW,code,L,70004546,ST,2006-01-07T12:40,2006-01-07T14:10,MPL,1816610767
KNIMOTOW,code,L,70002586,ST,2006-01-07T19:00,2006-01-07T20:40,CDG,1816610767
NGYRLYMN,code,L,70002583,ST,2006-01-07T04:25,2006-01-07T06:25,RNS,1816610767
NGYRLYMN,code,L,70004543,ST,2006-01-07T10:25,2006-01-07T11:50,CDG,1816610767
NGYRLYMN,code,L,70004546,ST,2006-01-07T12:40,2006-01-07T14:10,MPL,1816610767
NGYRLYMN,code,L,70002586,ST,2006-01-07T19:00,2006-01-07T20:40,CDG,1816610767
JSIXICHV,code,L,70002583,ST,2006-01-07T04:25,2006-01-07T06:25,RNS,1816610767
JSIXICHV,code,L,70004543,ST,2006-01-07T10:25,2006-01-07T11:50,CDG,1816610767
JSIXICHV,code,L,70004546,ST,2006-01-07T12:40,2006-01-07T14:10,MPL,1816610767
JSIXICHV,code,L,70002586,ST,2006-01-07T19:00,2006-01-07T20:40,CDG,1816610767
SXZYZGYG,code,L,70004194,CP,2006-01-07T04:30,2006-01-07T06:40,MLH,1709706839
SXZYZGYG,code,L,70004195,CP,2006-01-07T08:15,2006-01-07T10:00,ORY,1709706839
IOGTMWLT,code,L,70004194,FO,2006-01-07T04:30,2006-01-07T06:40,MLH,1709706839
IOGTMWLT,code,L,70004195,FO,2006-01-07T08:15,2006-01-07T10:00,ORY,1709706839
OFIOONDE,code,L,70004194,CS,2006-01-07T04:30,2006-01-07T06:40,MLH,1709706839
OFIOONDE,code,L,70004195,CS,2006-01-07T08:15,2006-01-07T10:00,ORY,1709706839
ATWDKCTC,code,L,70004194,CS,2006-01-07T04:30,2006-01-07T06:40,MLH,1709706839
ATWDKCTC,code,L,70004195,CS,2006-01-07T08:15,2006-01-07T10:00,ORY,1709706839
RWOJMTOI,code,L,70004194,ST,2006-01-07T04:30,2006-01-07T06:40,MLH,1709706839
RWOJMTOI,code,L,70004195,ST,2006-01-07T08:15,2006-01-07T10:00,ORY,1709706839
YWUAHFIS,code,L,70004194,ST,2006-01-07T04:30,2006-01-07T06:40,MLH,1709706839
YWUAHFIS,code,L,70004195,ST,2006-01-07T08:15,2006-01-07T10:00,ORY,1709706839
VNXZPMJP,code,L,70004194,ST,2006-01-07T04:30,2006-01-07T06:40,MLH,1709706839
VNXZPMJP,code,L,70004195,ST,2006-01-07T08:15,2006-01-07T10:00,ORY,1709706839
FAPXFMSO,code,L,70004194,ST,2006-01-07T04:30,2006-01-07T06:40,MLH,1709706839
FAPXFMSO,code,L,70004195,ST,2006-01-07T08:15,2006-01-07T10:00,ORY,1709706839
ZOKCHSNC,code,L,70004194,ST,2006-01-07T04:30,2006-01-07T06:40,MLH,1709706839
ZOKCHSNC,code,L,70004195,ST,2006-01-07T08:15,2006-01-07T10:00,ORY,1709706839
MRUFEUKG,code,L,70004194,ST,2006-01-07T04:30,2006-01-07T06:40,MLH,1709706839
MRUFEUKG,code,L,70004195,ST,2006-01-07T08:15,2006-01-07T10:00,ORY,1709706839
APXCKZFR,code,L,70002866,CP,2006-01-07T04:30,2006-01-07T06:50,MRS,830807798
APXCKZFR,code,L,70002873,CP,2006-01-07T07:35,2006-01-07T09:35,ORY,830807798
RZPJTUMC,code,L,70002866,FO,2006-01-07T04:30,2006-01-07T06:50,MRS,830807798
RZPJTUMC,code,L,70002873,FO,2006-01-07T07:35,2006-01-07T09:35,ORY,830807798
ULZEMDEO,code,L,70002866,CS,2006-01-07T04:30,2006-01-07T06:50,MRS,830807798
ULZEMDEO,code,L,70002873,CS,2006-01-07T07:35,2006-01-07T09:35,ORY,830807798
RLUBPTNT,code,L,70002866,CS,2006-01-07T04:30,2006-01-07T06:50,MRS,830807798
RLUBPTNT,code,L,70002873,CS,2006-01-07T07:35,2006-01-07T09:35,ORY,830807798
UEXPVQQP,code,L,70002866,ST,2006-01-07T04:30,2006-01-07T06:50,MRS,830807798
UEXPVQQP,code,L,70002873,ST,2006-01-07T07:35,2006-01-07T09:35,ORY,830807798
QSJWXWLP,code,L,70002866,ST,2006-01-07T04:30,2006-01-07T06:50,MRS,830807798
QSJWXWLP,code,L,70002873,ST,2006-01-07T07:35,2006-01-07T09:35,ORY,830807798
SZVDAXCH,code,L,70002866,ST,2006-01-07T04:30,2006-01-07T06:50,MRS,830807798
SZVDAXCH,code,L,70002873,ST,2006-01-07T07:35,2006-01-07T09:35,ORY,830807798
IMLODOHP,code,L,70002866,ST,2006-01-07T04:30,2006-01-07T06:50,MRS,830807798
IMLODOHP,code,L,70002873,ST,2006-01-07T07:35,2006-01-07T09:35,ORY,830807798
ZHTYTGKZ,code,L,70002866,ST,2006-01-07T04:30,2006-01-07T06:50,MRS,830807798
ZHTYTGKZ,code,L,70002873,ST,2006-01-07T07:35,2006-01-07T09:35,ORY,830807798
DNOFOASO,code,L,70002866,ST,2006-01-07T04:30,2006-01-07T06:50,MRS,830807798
DNOFOASO,code,L,70002873,ST,2006-01-07T07:35,2006-01-07T09:35,ORY,830807798
PBKXMXQM,code,L,70002573,CP,2006-01-07T04:30,2006-01-07T06:35,LIG,791771284
PBKXMXQM,code,L,70002574,CP,2006-01-07T08:00,2006-01-07T09:00,ORY,791771284
PBKXMXQM,code,L,70002581,CP,2006-01-07T10:05,2006-01-07T11:20,LIG,791771284
PBKXMXQM,code,L,70002582,CP,2006-01-07T12:30,2006-01-07T14:30,CDG,791771284
KBZAHCKM,code,L,70002573,FO,2006-01-07T04:30,2006-01-07T06:35,LIG,791771284
KBZAHCKM,code,L,70002574,FO,2006-01-07T08:00,2006-01-07T09:00,ORY,791771284
KBZAHCKM,code,L,70002581,FO,2006-01-07T10:05,2006-01-07T11:20,LIG,791771284
KBZAHCKM,code,L,70002582,FO,2006-01-07T12:30,2006-01-07T14:30,CDG,791771284
YJOFUWLJ,code,L,70002573,CS,2006-01-07T04:30,2006-01-07T06:35,LIG,791771284
YJOFUWLJ,code,L,70002574,CS,2006-01-07T08:00,2006-01-07T09:00,ORY,791771284
YJOFUWLJ,code,L,70002581,CS,2006-01-07T10:05,2006-01-07T11:20,LIG,791771284
YJOFUWLJ,code,L,70002582,CS,2006-01-07T12:30,2006-01-07T14:30,CDG,791771284
CBQVGYKM,code,L,70002573,ST,2006-01-07T04:30,2006-01-07T06:35,LIG,791771284
CBQVGYKM,code,L,70002574,ST,2006-01-07T08:00,2006-01-07T09:00,ORY,791771284
CBQVGYKM,code,L,70002581,ST,2006-01-07T10:05,2006-01-07T11:20,LIG,791771284
CBQVGYKM,code,L,70002582,ST,2006-01-07T12:30,2006-01-07T14:30,CDG,791771284
RFIWCGQR,code,L,70002573,ST,2006-01-07T04:30,2006-01-07T06:35,LIG,791771284
RFIWCGQR,code,L,70002574,ST,2006-01-07T08:00,2006-01-07T09:00,ORY,791771284
RFIWCGQR,code,L,70002581,ST,2006-01-07T10:05,2006-01-07T11:20,LIG,791771284
RFIWCGQR,code,L,70002582,ST,2006-01-07T12:30,2006-01-07T14:30,CDG,791771284
RNGRPDHD,code,L,70002613,CP,2006-01-07T04:30,2006-01-07T06:45,RNS,2113437503
RNGRPDHD,code,L,70002614,CP,2006-01-07T07:45,2006-01-07T09:50,LYS,2113437503
QBXKQUMR,code,L,70002613,FO,2006-01-07T04:30,2006-01-07T06:45,RNS,2113437503
QBXKQUMR,code,L,70002614,FO,2006-01-07T07:45,2006-01-07T09:50,LYS,2113437503
HBKEWFVG,code,L,70002613,CSD,2006-01-07T04:30,2006-01-07T06:45,RNS,2113437503
HBKEWFVG,code,L,70002614,CSD,2006-01-07T07:45,2006-01-07T09:50,LYS,2113437503
TNWPXYZC,code,L,70002613,ST,2006-01-07T04:30,2006-01-07T06:45,RNS,2113437503
TNWPXYZC,code,L,70002614,ST,2006-01-07T07:45,2006-01-07T09:50,LYS,2113437503
WIPICYTN,code,L,70002613,ST,2006-01-07T04:30,2006-01-07T06:45,RNS,2113437503
WIPICYTN,code,L,70002614,ST,2006-01-07T07:45,2006-01-07T09:50,LYS,2113437503
PSHJRQGG,code,L,70002613,ST,2006-01-07T04:30,2006-01-07T06:45,RNS,2113437503
PSHJRQGG,code,L,70002614,ST,2006-01-07T07:45,2006-01-07T09:50,LYS,2113437503
IOIXNYAZ,code,L,70004334,CP,2006-01-07T04:30,2006-01-07T06:45,AVN,1162073078
IOIXNYAZ,code,L,70004333,CP,2006-01-07T08:15,2006-01-07T09:30,ORY,1162073078
IOIXNYAZ,code,L,70004336,CP,2006-01-07T10:05,2006-01-07T11:20,AVN,1162073078
IOIXNYAZ,code,L,70004337,CP,2006-01-07T12:20,2006-01-07T14:20,ORY,1162073078
XFDGYBGN,code,L,70004334,FO,2006-01-07T04:30,2006-01-07T06:45,AVN,1162073078
XFDGYBGN,code,L,70004333,FO,2006-01-07T08:15,2006-01-07T09:30,ORY,1162073078
XFDGYBGN,code,L,70004336,FO,2006-01-07T10:05,2006-01-07T11:20,AVN,1162073078
XFDGYBGN,code,L,70004337,FO,2006-01-07T12:20,2006-01-07T14:20,ORY,1162073078
DXTHOTAD,code,L,70004334,CSD,2006-01-07T04:30,2006-01-07T06:45,AVN,1162073078
DXTHOTAD,code,L,70004333,CSD,2006-01-07T08:15,2006-01-07T09:30,ORY,1162073078
DXTHOTAD,code,L,70004336,CSD,2006-01-07T10:05,2006-01-07T11:20,AVN,1162073078
DXTHOTAD,code,L,70004337,CSD,2006-01-07T12:20,2006-01-07T14:20,ORY,1162073078
CKWURMMA,code,L,70004334,ST,2006-01-07T04:30,2006-01-07T06:45,AVN,1162073078
CKWURMMA,code,L,70004333,ST,2006-01-07T08:15,2006-01-07T09:30,ORY,1162073078
CKWURMMA,code,L,70004336,ST,2006-01-07T10:05,2006-01-07T11:20,AVN,1162073078
CKWURMMA,code,L,70004337,ST,2006-01-07T12:20,2006-01-07T14:20,ORY,1162073078
OJZZHCQS,code,L,70004334,ST,2006-01-07T04:30,2006-01-07T06:45,AVN,1162073078
OJZZHCQS,code,L,70004333,ST,2006-01-07T08:15,2006-01-07T09:30,ORY,1162073078
OJZZHCQS,code,L,70004336,ST,2006-01-07T10:05,2006-01-07T11:20,AVN,1162073078
OJZZHCQS,code,L,70004337,ST,2006-01-07T12:20,2006-01-07T14:20,ORY,1162073078
OSCQKUUR,code,L,70002593,CP,2006-01-07T04:35,2006-01-07T06:35,LIG,1379662799
OSCQKUUR,code,L,70004504,CP,2006-01-07T10:00,2006-01-07T11:10,LYS,1379662799
OSCQKUUR,code,L,70004507,CP,2006-01-07T12:15,2006-01-07T13:25,CDG,1379662799
OSCQKUUR,code,L,70004508,CP,2006-01-07T16:00,2006-01-07T17:10,LYS,1379662799
OSCQKUUR,code,L,70004511,CP,2006-01-07T17:55,2006-01-07T19:05,CDG,1379662799
OSCQKUUR,code,L,70004512,CP,2006-01-07T19:55,2006-01-07T21:40,LYS,1379662799
OVYEITVY,code,L,70002593,FO,2006-01-07T04:35,2006-01-07T06:35,LIG,1379662799
OVYEITVY,code,L,70004504,FO,2006-01-07T10:00,2006-01-07T11:10,LYS,1379662799
OVYEITVY,code,L,70004507,FO,2006-01-07T12:15,2006-01-07T13:25,CDG,1379662799
OVYEITVY,code,L,70004508,FO,2006-01-07T16:00,2006-01-07T17:10,LYS,1379662799
OVYEITVY,code,L,70004511,FO,2006-01-07T17:55,2006-01-07T19:05,CDG,1379662799
OVYEITVY,code,L,70004512,FO,2006-01-07T19:55,2006-01-07T21:40,LYS,1379662799
DKDGWQZI,code,L,70002593,CS,2006-01-07T04:35,2006-01-07T06:35,LIG,1379662799
DKDGWQZI,code,L,70004504,CS,2006-01-07T10:00,2006-01-07T11:10,LYS,1379662799
DKDGWQZI,code,L,70004507,CS,2006-01-07T12:15,2006-01-07T13:25,CDG,1379662799
DKDGWQZI,code,L,70004508,CS,2006-01-07T16:00,2006-01-07T17:10,LYS,1379662799
DKDGWQZI,code,L,70004511,CS,2006-01-07T17:55,2006-01-07T19:05,CDG,1379662799
DKDGWQZI,code,L,70004512,CS,2006-01-07T19:55,2006-01-07T21:40,LYS,1379662799
JMMPXHGJ,code,L,70002593,CS,2006-01-07T04:35,2006-01-07T06:35,LIG,1379662799
JMMPXHGJ,code,L,70004504,CS,2006-01-07T10:00,2006-01-07T11:10,LYS,1379662799
JMMPXHGJ,code,L,70004507,CS,2006-01-07T12:15,2006-01-07T13:25,CDG,1379662799
JMMPXHGJ,code,L,70004508,CS,2006-01-07T16:00,2006-01-07T17:10,LYS,1379662799
JMMPXHGJ,code,L,70004511,CS,2006-01-07T17:55,2006-01-07T19:05,CDG,1379662799
JMMPXHGJ,code,L,70004512,CS,2006-01-07T19:55,2006-01-07T21:40,LYS,1379662799
PEULCLOM,code,L,70002593,ST,2006-01-07T04:35,2006-01-07T06:35,LIG,1379662799
PEULCLOM,code,L,70004504,ST,2006-01-07T10:00,2006-01-07T11:10,LYS,1379662799
PEULCLOM,code,L,70004507,ST,2006-01-07T12:15,2006-01-07T13:25,CDG,1379662799
PEULCLOM,code,L,70004508,ST,2006-01-07T16:00,2006-01-07T17:10,LYS,1379662799
PEULCLOM,code,L,70004511,ST,2006-01-07T17:55,2006-01-07T19:05,CDG,1379662799
PEULCLOM,code,L,70004512,ST,2006-01-07T19:55,2006-01-07T21:40,LYS,1379662799
KYWEODEB,code,L,70002593,ST,2006-01-07T04:35,2006-01-07T06:35,LIG,1379662799
KYWEODEB,code,L,70004504,ST,2006-01-07T10:00,2006-01-07T11:10,LYS,1379662799
KYWEODEB,code,L,70004507,ST,2006-01-07T12:15,2006-01-07T13:25,CDG,1379662799
KYWEODEB,code,L,70004508,ST,2006-01-07T16:00,2006-01-07T17:10,LYS,1379662799
KYWEODEB,code,L,70004511,ST,2006-01-07T17:55,2006-01-07T19:05,CDG,1379662799
KYWEODEB,code,L,70004512,ST,2006-01-07T19:55,2006-01-07T21:40,LYS,1379662799
JXEHINAM,code,L,70002593,ST,2006-01-07T04:35,2006-01-07T06:35,LIG,1379662799
JXEHINAM,code,L,70004504,ST,2006-01-07T10:00,2006-01-07T11:10,LYS,1379662799
JXEHINAM,code,L,70004507,ST,2006-01-07T12:15,2006-01-07T13:25,CDG,1379662799
JXEHINAM,code,L,70004508,ST,2006-01-07T16:00,2006-01-07T17:10,LYS,1379662799
JXEHINAM,code,L,70004511,ST,2006-01-07T17:55,2006-01-07T19:05,CDG,1379662799
JXEHINAM,code,L,70004512,ST,2006-01-07T19:55,2006-01-07T21:40,LYS,1379662799
OMHKDQJZ,code,L,70002593,ST,2006-01-07T04:35,2006-01-07T06:35,LIG,1379662799
OMHKDQJZ,code,L,70004504,ST,2006-01-07T10:00,2006-01-07T11:10,LYS,1379662799
OMHKDQJZ,code,L,70004507,ST,2006-01-07T12:15,2006-01-07T13:25,CDG,1379662799
OMHKDQJZ,code,L,70004508,ST,2006-01-07T16:00,2006-01-07T17:10,LYS,1379662799
OMHKDQJZ,code,L,70004511,ST,2006-01-07T17:55,2006-01-07T19:05,CDG,1379662799
OMHKDQJZ,code,L,70004512,ST,2006-01-07T19:55,2006-01-07T21:40,LYS,1379662799
AKTTOVCW,code,L,70002593,ST,2006-01-07T04:35,2006-01-07T06:35,LIG,1379662799
AKTTOVCW,code,L,70004504,ST,2006-01-07T10:00,2006-01-07T11:10,LYS,1379662799
AKTTOVCW,code,L,70004507,ST,2006-01-07T12:15,2006-01-07T13:25,CDG,1379662799
AKTTOVCW,code,L,70004508,ST,2006-01-07T16:00,2006-01-07T17:10,LYS,1379662799
AKTTOVCW,code,L,70004511,ST,2006-01-07T17:55,2006-01-07T19:05,CDG,1379662799
AKTTOVCW,code,L,70004512,ST,2006-01-07T19:55,2006-01-07T21:40,LYS,1379662799
QGJXKTYY,code,L,70002593,ST,2006-01-07T04:35,2006-01-07T06:35,LIG,1379662799
QGJXKTYY,code,L,70004504,ST,2006-01-07T10:00,2006-01-07T11:10,LYS,1379662799
QGJXKTYY,code,L,70004507,ST,2006-01-07T12:15,2006-01-07T13:25,CDG,1379662799
QGJXKTYY,code,L,70004508,ST,2006-01-07T16:00,2006-01-07T17:10,LYS,1379662799
QGJXKTYY,code,L,70004511,ST,2006-01-07T17:55,2006-01-07T19:05,CDG,1379662799
QGJXKTYY,code,L,70004512,ST,2006-01-07T19:55,2006-01-07T21:40,LYS,1379662799
AGHGBLFN,code,L,70004684,CP,2006-01-07T04:35,2006-01-07T06:35,MRS,1104652174
AGHGBLFN,code,L,70004685,CP,2006-01-07T07:30,2006-01-07T09:15,LYS,1104652174
OMRFTCNF,code,L,70004684,FO,2006-01-07T04:35,2006-01-07T06:35,MRS,1104652174
OMRFTCNF,code,L,70004685,FO,2006-01-07T07:30,2006-01-07T09:15,LYS,1104652174
QUGIASCK,code,L,70004684,CS,2006-01-07T04:35,2006-01-07T06:35,MRS,1104652174
QUGIASCK,code,L,70004685,CS,2006-01-07T07:30,2006-01-07T09:15,LYS,1104652174
EPAZZMZG,code,L,70004684,CS,2006-01-07T04:35,2006-01-07T06:35,MRS,1104652174
EPAZZMZG,code,L,70004685,CS,2006-01-07T07:30,2006-01-07T09:15,LYS,1104652174
DTYGXBAU,code,L,70004684,ST,2006-01-07T04:35,2006-01-07T06:35,MRS,1104652174
DTYGXBAU,code,L,70004685,ST,2006-01-07T07:30,2006-01-07T09:15,LYS,1104652174
JPZTLLWZ,code,L,70004684,ST,2006-01-07T04:35,2006-01-07T06:35,MRS,1104652174
JPZTLLWZ,code,L,70004685,ST,2006-01-07T07:30,2006-01-07T09:15,LYS,1104652174
PDYNOVCC,code,L,70004684,ST,2006-01-07T04:35,2006-01-07T06:35,MRS,1104652174
PDYNOVCC,code,L,70004685,ST,2006-01-07T07:30,2006-01-07T09:15,LYS,1104652174
XWQSDNVN,code,L,70004684,ST,2006-01-07T04:35,2006-01-07T06:35,MRS,1104652174
XWQSDNVN,code,L,70004685,ST,2006-01-07T07:30,2006-01-07T09:15,LYS,1104652174
VEPNOXYB,code,L,70004684,ST,2006-01-07T04:35,2006-01-07T06:35,MRS,1104652174
VEPNOXYB,code,L,70004685,ST,2006-01-07T07:30,2006-01-07T09:15,LYS,1104652174
RVJOMTLC,code,L,70004684,ST,2006-01-07T04:35,2006-01-07T06:35,MRS,1104652174
RVJOMTLC,code,L,70004685,ST,2006-01-07T07:30,2006-01-07T09:15,LYS,1104652174
LXVBMSML,code,L,70004224,CP,2006-01-07T04:35,2006-01-07T06:50,BES,932725007
LXVBMSML,code,L,70004225,CP,2006-01-07T08:10,2006-01-07T10:05,ORY,932725007
VNVDXLKJ,code,L,70004224,FO,2006-01-07T04:35,2006-01-07T06:50,BES,932725007
VNVDXLKJ,code,L,70004225,FO,2006-01-07T08:10,2006-01-07T10:05,ORY,932725007
LWLFMHZC,code,L,70004224,CS,2006-01-07T04:35,2006-01-07T06:50,BES,932725007
LWLFMHZC,code,L,70004225,CS,2006-01-07T08:10,2006-01-07T10:05,ORY,932725007
EBFQFMZI,code,L,70004224,CS,2006-01-07T04:35,2006-01-07T06:50,BES,932725007
EBFQFMZI,code,L,70004225,CS,2006-01-07T08:10,2006-01-07T10:05,ORY,932725007
ZAMZDFBP,code,L,70004224,ST,2006-01-07T04:35,2006-01-07T06:50,BES,932725007
ZAMZDFBP,code,L,70004225,ST,2006-01-07T08:10,2006-01-07T10:05,ORY,932725007
WKSIREFP,code,L,70004224,ST,2006-01-07T04:35,2006-01-07T06:50,BES,932725007
WKSIREFP,code,L,70004225,ST,2006-01-07T08:10,2006-01-07T10:05,ORY,932725007
FAHHEQSJ,code,L,70004224,ST,2006-01-07T04:35,2006-01-07T06:50,BES,932725007
FAHHEQSJ,code,L,70004225,ST,2006-01-07T08:10,2006-01-07T10:05,ORY,932725007
UMAAXIPN,code,L,70004224,ST,2006-01-07T04:35,2006-01-07T06:50,BES,932725007
UMAAXIPN,code,L,70004225,ST,2006-01-07T08:10,2006-01-07T10:05,ORY,932725007
FKCZTILL,code,L,70004224,ST,2006-01-07T04:35,2006-01-07T06:50,BES,932725007
FKCZTILL,code,L,70004225,ST,2006-01-07T08:10,2006-01-07T10:05,ORY,932725007
KAVFQNPE,code,L,70004224,ST,2006-01-07T04:35,2006-01-07T06:50,BES,932725007
KAVFQNPE,code,L,70004225,ST,2006-01-07T08:10,2006-01-07T10:05,ORY,932725007
LJJTEPEX,code,L,70004584,CP,2006-01-07T04:35,2006-01-07T06:40,NTE,1485403625
LJJTEPEX,code,L,70004583,CP,2006-01-07T08:05,2006-01-07T09:55,CDG,1485403625
VELRQDJR,code,L,70004584,FO,2006-01-07T04:35,2006-01-07T06:40,NTE,1485403625
VELRQDJR,code,L,70004583,FO,2006-01-07T08:05,2006-01-07T09:55,CDG,1485403625
UQABTNBB,code,L,70004584,CS,2006-01-07T04:35,2006-01-07T06:40,NTE,1485403625
UQABTNBB,code,L,70004583,CS,2006-01-07T08:05,2006-01-07T09:55,CDG,1485403625
MTCHPDAM,code,L,70004584,CS,2006-01-07T04:35,2006-01-07T06:40,NTE,1485403625
MTCHPDAM,code,L,70004583,CS,2006-01-07T08:05,2006-01-07T09:55,CDG,1485403625
FUOOMSPP,code,L,70004584,ST,2006-01-07T04:35,2006-01-07T06:40,NTE,1485403625
FUOOMSPP,code,L,70004583,ST,2006-01-07T08:05,2006-01-07T09:55,CDG,1485403625
GTSQQNZL,code,L,70004584,ST,2006-01-07T04:35,2006-01-07T06:40,NTE,1485403625
GTSQQNZL,code,L,70004583,ST,2006-01-07T08:05,2006-01-07T09:55,CDG,1485403625
WGSLVQAZ,code,L,70004584,ST,2006-01-07T04:35,2006-01-07T06:40,NTE,1485403625
WGSLVQAZ,code,L,70004583,ST,2006-01-07T08:05,2006-01-07T09:55,CDG,1485403625
FYJEYMEY,code,L,70004584,ST,2006-01-07T04:35,2006-01-07T06:40,NTE,1485403625
FYJEYMEY,code,L,70004583,ST,2006-01-07T08:05,2006-01-07T09:55,CDG,1485403625
GBWWCXJM,code,L,70004584,ST,2006-01-07T04:35,2006-01-07T06:40,NTE,1485403625
GBWWCXJM,code,L,70004583,ST,2006-01-07T08:05,2006-01-07T09:55,CDG,1485403625
SJQOOFRU,code,L,70004584,ST,2006-01-07T04:35,2006-01-07T06:40,NTE,1485403625
SJQOOFRU,code,L,70004583,ST,2006-01-07T08:05,2006-01-07T09:55,CDG,1485403625
DPQKOSET,code,L,70004522,CP,2006-01-07T04:35,2006-01-07T06:40,CFE,346378500
DPQKOSET,code,L,70004517,CP,2006-01-07T07:15,2006-01-07T09:00,CDG,346378500
OKPFEXJE,code,L,70004522,FO,2006-01-07T04:35,2006-01-07T06:40,CFE,346378500
OKPFEXJE,code,L,70004517,FO,2006-01-07T07:15,2006-01-07T09:00,CDG,346378500
REJYDCHV,code,L,70004522,CSD,2006-01-07T04:35,2006-01-07T06:40,CFE,346378500
REJYDCHV,code,L,70004517,CSD,2006-01-07T07:15,2006-01-07T09:00,CDG,346378500
LVHPZLCC,code,L,70004522,ST,2006-01-07T04:35,2006-01-07T06:40,CFE,346378500
LVHPZLCC,code,L,70004517,ST,2006-01-07T07:15,2006-01-07T09:00,CDG,346378500
HJIQAKKX,code,L,70004522,ST,2006-01-07T04:35,2006-01-07T06:40,CFE,346378500
HJIQAKKX,code,L,70004517,ST,2006-01-07T07:15,2006-01-07T09:00,CDG,346378500
TVZNBSVB,code,L,70004296,CP,2006-01-07T04:40,2006-01-07T06:35,CFE,534011718
TVZNBSVB,code,L,70004295,CP,2006-01-07T08:10,2006-01-07T09:50,ORY,534011718
ONBBRYZT,code,L,70004296,FO,2006-01-07T04:40,2006-01-07T06:35,CFE,534011718
ONBBRYZT,code,L,70004295,FO,2006-01-07T08:10,2006-01-07T09:50,ORY,534011718
VJZSYBNN,code,L,70004296,CS,2006-01-07T04:40,2006-01-07T06:35,CFE,534011718
VJZSYBNN,code,L,70004295,CS,2006-01-07T08:10,2006-01-07T09:50,ORY,534011718
DOJRYMZE,code,L,70004296,CS,2006-01-07T04:40,2006-01-07T06:35,CFE,534011718
DOJRYMZE,code,L,70004295,CS,2006-01-07T08:10,2006-01-07T09:50,ORY,534011718
CVEVMWWE,code,L,70004296,ST,2006-01-07T04:40,2006-01-07T06:35,CFE,534011718
CVEVMWWE,code,L,70004295,ST,2006-01-07T08:10,2006-01-07T09:50,ORY,534011718
POXEBRSZ,code,L,70004296,ST,2006-01-07T04:40,2006-01-07T06:35,CFE,534011718
POXEBRSZ,code,L,70004295,ST,2006-01-07T08:10,2006-01-07T09:50,ORY,534011718
YXERTLRV,code,L,70004296,ST,2006-01-07T04:40,2006-01-07T06:35,CFE,534011718
YXERTLRV,code,L,70004295,ST,2006-01-07T08:10,2006-01-07T09:50,ORY,534011718
FGENJRIL,code,L,70004296,ST,2006-01-07T04:40,2006-01-07T06:35,CFE,534011718
FGENJRIL,code,L,70004295,ST,2006-01-07T08:10,2006-01-07T09:50,ORY,534011718
MQBDCXPX,code,L,70004296,ST,2006-01-07T04:40,2006-01-07T06:35,CFE,534011718
MQBDCXPX,code,L,70004295,ST,2006-01-07T08:10,2006-01-07T09:50,ORY,534011718
UZMFLCNF,code,L,70004296,ST,2006-01-07T04:40,2006-01-07T06:35,CFE,534011718
UZMFLCNF,code,L,70004295,ST,2006-01-07T08:10,2006-01-07T09:50,ORY,534011718
HBIKAWPW,code,L,70004314,CP,2006-01-07T04:40,2006-01-07T07:00,PUF,1406361028
HBIKAWPW,code,L,70004315,CP,2006-01-07T08:00,2006-01-07T10:00,ORY,1406361028
LHLCOBRM,code,L,70004314,FO,2006-01-07T04:40,2006-01-07T07:00,PUF,1406361028
LHLCOBRM,code,L,70004315,FO,2006-01-07T08:00,2006-01-07T10:00,ORY,1406361028
DEBHOMIH,code,L,70004314,CS,2006-01-07T04:40,2006-01-07T07:00,PUF,1406361028
DEBHOMIH,code,L,70004315,CS,2006-01-07T08:00,2006-01-07T10:00,ORY,1406361028
VGDLTSPG,code,L,70004314,CS,2006-01-07T04:40,2006-01-07T07:00,PUF,1406361028
VGDLTSPG,code,L,70004315,CS,2006-01-07T08:00,2006-01-07T10:00,ORY,1406361028
CUZWFDFC,code,L,70004314,ST,2006-01-07T04:40,2006-01-07T07:00,PUF,1406361028
CUZWFDFC,code,L,70004315,ST,2006-01-07T08:00,2006-01-07T10:00,ORY,1406361028
GKLFKTDT,code,L,70004314,ST,2006-01-07T04:40,2006-01-07T07:00,PUF,1406361028
GKLFKTDT,code,L,70004315,ST,2006-01-07T08:00,2006-01-07T10:00,ORY,1406361028
ZUUBPUCN,code,L,70004314,ST,2006-01-07T04:40,2006-01-07T07:00,PUF,1406361028
ZUUBPUCN,code,L,70004315,ST,2006-01-07T08:00,2006-01-07T10:00,ORY,1406361028
MHTCLAJD,code,L,70004314,ST,2006-01-07T04:40,2006-01-07T07:00,PUF,1406361028
MHTCLAJD,code,L,70004315,ST,2006-01-07T08:00,2006-01-07T10:00,ORY,1406361028
XODSJPHI,code,L,70004314,ST,2006-01-07T04:40,2006-01-07T07:00,PUF,1406361028
XODSJPHI,code,L,70004315,ST,2006-01-07T08:00,2006-01-07T10:00,ORY,1406361028
HKXJALMN,code,L,70004314,ST,2006-01-07T04:40,2006-01-07T07:00,PUF,1406361028
HKXJALMN,code,L,70004315,ST,2006-01-07T08:00,2006-01-07T10:00,ORY,1406361028
HTMDJVLK,code,L,70004404,CP,2006-01-07T04:40,2006-01-07T07:05,MPL,1321446349
HTMDJVLK,code,L,70004405,CP,2006-01-07T07:45,2006-01-07T09:45,ORY,1321446349
YWIXIAVW,code,L,70004404,FO,2006-01-07T04:40,2006-01-07T07:05,MPL,1321446349
YWIXIAVW,code,L,70004405,FO,2006-01-07T07:45,2006-01-07T09:45,ORY,1321446349
ZKPRRYJU,code,L,70004404,CS,2006-01-07T04:40,2006-01-07T07:05,MPL,1321446349
ZKPRRYJU,code,L,70004405,CS,2006-01-07T07:45,2006-01-07T09:45,ORY,1321446349
WYLSNMUB,code,L,70004404,CS,2006-01-07T04:40,2006-01-07T07:05,MPL,1321446349
WYLSNMUB,code,L,70004405,CS,2006-01-07T07:45,2006-01-07T09:45,ORY,1321446349
UTZTHRVR,code,L,70004404,ST,2006-01-07T04:40,2006-01-07T07:05,MPL,1321446349
UTZTHRVR,code,L,70004405,ST,2006-01-07T07:45,2006-01-07T09:45,ORY,1321446349
YZZKVWSV,code,L,70004404,ST,2006-01-07T04:40,2006-01-07T07:05,MPL,1321446349
YZZKVWSV,code,L,70004405,ST,2006-01-07T07:45,2006-01-07T09:45,ORY,1321446349
EZPXDNBI,code,L,70004404,ST,2006-01-07T04:40,2006-01-07T07:05,MPL,1321446349
EZPXDNBI,code,L,70004405,ST,2006-01-07T07:45,2006-01-07T09:45,ORY,1321446349
RZDASWOP,code,L,70004404,ST,2006-01-07T04:40,2006-01-07T07:05,MPL,1321446349
RZDASWOP,code,L,70004405,ST,2006-01-07T07:45,2006-01-07T09:45,ORY,1321446349
DTTOGLZO,code,L,70004404,ST,2006-01-07T04:40,2006-01-07T07:05,MPL,1321446349
DTTOGLZO,code,L,70004405,ST,2006-01-07T07:45,2006-01-07T09:45,ORY,1321446349
KFXQFERH,code,L,70004404,ST,2006-01-07T04:40,2006-01-07T07:05,MPL,1321446349
KFXQFERH,code,L,70004405,ST,2006-01-07T07:45,2006-01-07T09:45,ORY,1321446349
QLKAUUIK,code,L,70002966,CP,2006-01-07T04:40,2006-01-07T07:00,TLS,333461483
QLKAUUIK,code,L,70002973,CP,2006-01-07T07:50,2006-01-07T09:45,ORY,333461483
DNNAIXYI,code,L,70002966,FO,2006-01-07T04:40,2006-01-07T07:00,TLS,333461483
DNNAIXYI,code,L,70002973,FO,2006-01-07T07:50,2006-01-07T09:45,ORY,333461483
IJMSXNGU,code,L,70002966,CS,2006-01-07T04:40,2006-01-07T07:00,TLS,333461483
IJMSXNGU,code,L,70002973,CS,2006-01-07T07:50,2006-01-07T09:45,ORY,333461483
EWNWNPVN,code,L,70002966,CS,2006-01-07T04:40,2006-01-07T07:00,TLS,333461483
EWNWNPVN,code,L,70002973,CS,2006-01-07T07:50,2006-01-07T09:45,ORY,333461483
EQEKKVRY,code,L,70002966,ST,2006-01-07T04:40,2006-01-07T07:00,TLS,333461483
EQEKKVRY,code,L,70002973,ST,2006-01-07T07:50,2006-01-07T09:45,ORY,333461483
VMONRMEN,code,L,70002966,ST,2006-01-07T04:40,2006-01-07T07:00,TLS,333461483
VMONRMEN,code,L,70002973,ST,2006-01-07T07:50,2006-01-07T09:45,ORY,333461483
PHDETAUR,code,L,70002966,ST,2006-01-07T04:40,2006-01-07T07:00,TLS,333461483
PHDETAUR,code,L,70002973,ST,2006-01-07T07:50,2006-01-07T09:45,ORY,333461483
HCJLLHRI,code,L,70002966,ST,2006-01-07T04:40,2006-01-07T07:00,TLS,333461483
HCJLLHRI,code,L,70002973,ST,2006-01-07T07:50,2006-01-07T09:45,ORY,333461483
JCACJDRD,code,L,70002966,ST,2006-01-07T04:40,2006-01-07T07:00,TLS,333461483
JCACJDRD,code,L,70002973,ST,2006-01-07T07:50,2006-01-07T09:45,ORY,333461483
FQAHTXAQ,code,L,70002966,ST,2006-01-07T04:40,2006-01-07T07:00,TLS,333461483
FQAHTXAQ,code,L,70002973,ST,2006-01-07T07:50,2006-01-07T09:45,ORY,333461483
RVTLLCUG,code,L,70004576,CP,2006-01-07T04:40,2006-01-07T07:15,NCE,1008338748
RVTLLCUG,code,L,70004551,CP,2006-01-07T08:10,2006-01-07T09:35,CDG,1008338748
RVTLLCUG,code,L,70004552,CP,2006-01-07T10:30,2006-01-07T12:00,MPL,1008338748
RVTLLCUG,code,L,70004577,CP,2006-01-07T12:50,2006-01-07T14:10,CDG,1008338748
DEQKKXGQ,code,L,70004576,FO,2006-01-07T04:40,2006-01-07T07:15,NCE,1008338748
DEQKKXGQ,code,L,70004551,FO,2006-01-07T08:10,2006-01-07T09:35,CDG,1008338748
DEQKKXGQ,code,L,70004552,FO,2006-01-07T10:30,2006-01-07T12:00,MPL,1008338748
DEQKKXGQ,code,L,70004577,FO,2006-01-07T12:50,2006-01-07T14:10,CDG,1008338748
HBIPWAUD,code,L,70004576,CS,2006-01-07T04:40,2006-01-07T07:15,NCE,1008338748
HBIPWAUD,code,L,70004551,CS,2006-01-07T08:10,2006-01-07T09:35,CDG,1008338748
HBIPWAUD,code,L,70004552,CS,2006-01-07T10:30,2006-01-07T12:00,MPL,1008338748
HBIPWAUD,code,L,70004577,CS,2006-01-07T12:50,2006-01-07T14:10,CDG,1008338748
XMXJBUHK,code,L,70004576,CS,2006-01-07T04:40,2006-01-07T07:15,NCE,1008338748
XMXJBUHK,code,L,70004551,CS,2006-01-07T08:10,2006-01-07T09:35,CDG,1008338748
XMXJBUHK,code,L,70004552,CS,2006-01-07T10:30,2006-01-07T12:00,MPL,1008338748
XMXJBUHK,code,L,70004577,CS,2006-01-07T12:50,2006-01-07T14:10,CDG,1008338748
ZMZUVUTW,code,L,70004576,ST,2006-01-07T04:40,2006-01-07T07:15,NCE,1008338748
ZMZUVUTW,code,L,70004551,ST,2006-01-07T08:10,2006-01-07T09:35,CDG,1008338748
ZMZUVUTW,code,L,70004552,ST,2006-01-07T10:30,2006-01-07T12:00,MPL,1008338748
ZMZUVUTW,code,L,70004577,ST,2006-01-07T12:50,2006-01-07T14:10,CDG,1008338748
FTVOURYJ,code,L,70004576,ST,2006-01-07T04:40,2006-01-07T07:15,NCE,1008338748
FTVOURYJ,code,L,70004551,ST,2006-01-07T08:10,2006-01-07T09:35,CDG,1008338748
FTVOURYJ,code,L,70004552,ST,2006-01-07T10:30,2006-01-07T12:00,MPL,1008338748
FTVOURYJ,code,L,70004577,ST,2006-01-07T12:50,2006-01-07T14:10,CDG,1008338748
QIUDJMYK,code,L,70004576,ST,2006-01-07T04:40,2006-01-07T07:15,NCE,1008338748
QIUDJMYK,code,L,70004551,ST,2006-01-07T08:10,2006-01-07T09:35,CDG,1008338748
QIUDJMYK,code,L,70004552,ST,2006-01-07T10:30,2006-01-07T12:00,MPL,1008338748
QIUDJMYK,code,L,70004577,ST,2006-01-07T12:50,2006-01-07T14:10,CDG,1008338748
GHLOBKNG,code,L,70004576,ST,2006-01-07T04:40,2006-01-07T07:15,NCE,1008338748
GHLOBKNG,code,L,70004551,ST,2006-01-07T08:10,2006-01-07T09:35,CDG,1008338748
GHLOBKNG,code,L,70004552,ST,2006-01-07T10:30,2006-01-07T12:00,MPL,1008338748
GHLOBKNG,code,L,70004577,ST,2006-01-07T12:50,2006-01-07T14:10,CDG,1008338748
JZQHBKKW,code,L,70004576,ST,2006-01-07T04:40,2006-01-07T07:15,NCE,1008338748
JZQHBKKW,code,L,70004551,ST,2006-01-07T08:10,2006-01-07T09:35,CDG,1008338748
JZQHBKKW,code,L,70004552,ST,2006-01-07T10:30,2006-01-07T12:00,MPL,1008338748
JZQHBKKW,code,L,70004577,ST,2006-01-07T12:50,2006-01-07T14:10,CDG,1008338748
VVHXTHMI,code,L,70004576,ST,2006-01-07T04:40,2006-01-07T07:15,NCE,1008338748
VVHXTHMI,code,L,70004551,ST,2006-01-07T08:10,2006-01-07T09:35,CDG,1008338748
VVHXTHMI,code,L,70004552,ST,2006-01-07T10:30,2006-01-07T12:00,MPL,1008338748
VVHXTHMI,code,L,70004577,ST,2006-01-07T12:50,2006-01-07T14:10,CDG,1008338748
YCYIQMFE,code,L,70002543,CP,2006-01-07T04:40,2006-01-07T06:50,RDZ,262918833
YCYIQMFE,code,L,70002544,CP,2006-01-07T07:25,2006-01-07T09:15,ORY,262918833
ACTDTITU,code,L,70002543,FO,2006-01-07T04:40,2006-01-07T06:50,RDZ,262918833
ACTDTITU,code,L,70002544,FO,2006-01-07T07:25,2006-01-07T09:15,ORY,262918833
BLPAMTGY,code,L,70002543,CS,2006-01-07T04:40,2006-01-07T06:50,RDZ,262918833
BLPAMTGY,code,L,70002544,CS,2006-01-07T07:25,2006-01-07T09:15,ORY,262918833
HQDJYOTY,code,L,70002543,ST,2006-01-07T04:40,2006-01-07T06:50,RDZ,262918833
HQDJYOTY,code,L,70002544,ST,2006-01-07T07:25,2006-01-07T09:15,ORY,262918833
SNDWSRNO,code,L,70002543,ST,2006-01-07T04:40,2006-01-07T06:50,RDZ,262918833
SNDWSRNO,code,L,70002544,ST,2006-01-07T07:25,2006-01-07T09:15,ORY,262918833
NSHMEFLH,code,L,70004694,CP,2006-01-07T04:40,2006-01-07T06:35,NCE,160225133
NSHMEFLH,code,L,70004693,CP,2006-01-07T07:50,2006-01-07T09:35,LYS,160225133
FTMAFNLT,code,L,70004694,FO,2006-01-07T04:40,2006-01-07T06:35,NCE,160225133
FTMAFNLT,code,L,70004693,FO,2006-01-07T07:50,2006-01-07T09:35,LYS,160225133
HGQDTHBM,code,L,70004694,CSD,2006-01-07T04:40,2006-01-07T06:35,NCE,160225133
HGQDTHBM,code,L,70004693,CSD,2006-01-07T07:50,2006-01-07T09:35,LYS,160225133
YOWDWNEL,code,L,70004694,ST,2006-01-07T04:40,2006-01-07T06:35,NCE,160225133
YOWDWNEL,code,L,70004693,ST,2006-01-07T07:50,2006-01-07T09:35,LYS,160225133
ODTDSIOT,code,L,70004694,ST,2006-01-07T04:40,2006-01-07T06:35,NCE,160225133
ODTDSIOT,code,L,70004693,ST,2006-01-07T07:50,2006-01-07T09:35,LYS,160225133
PXOBCZAA,code,L,70004364,CP,2006-01-07T04:45,2006-01-07T07:10,TLN,345545550
PXOBCZAA,code,L,70004363,CP,2006-01-07T07:55,2006-01-07T10:00,ORY,345545550
OAGXRARV,code,L,70004364,FO,2006-01-07T04:45,2006-01-07T07:10,TLN,345545550
OAGXRARV,code,L,70004363,FO,2006-01-07T07:55,2006-01-07T10:00,ORY,345545550
YOCRVQUK,code,L,70004364,CS,2006-01-07T04:45,2006-01-07T07:10,TLN,345545550
YOCRVQUK,code,L,70004363,CS,2006-01-07T07:55,2006-01-07T10:00,ORY,345545550
JRMDLQCZ,code,L,70004364,CS,2006-01-07T04:45,2006-01-07T07:10,TLN,345545550
JRMDLQCZ,code,L,70004363,CS,2006-01-07T07:55,2006-01-07T10:00,ORY,345545550
ESVVEDJR,code,L,70004364,ST,2006-01-07T04:45,2006-01-07T07:10,TLN,345545550
ESVVEDJR,code,L,70004363,ST,2006-01-07T07:55,2006-01-07T10:00,ORY,345545550
IVKXYFKA,code,L,70004364,ST,2006-01-07T04:45,2006-01-07T07:10,TLN,345545550
IVKXYFKA,code,L,70004363,ST,2006-01-07T07:55,2006-01-07T10:00,ORY,345545550
GWNDDBFF,code,L,70004364,ST,2006-01-07T04:45,2006-01-07T07:10,TLN,345545550
GWNDDBFF,code,L,70004363,ST,2006-01-07T07:55,2006-01-07T10:00,ORY,345545550
BBMUOSUH,code,L,70004364,ST,2006-01-07T04:45,2006-01-07T07:10,TLN,345545550
BBMUOSUH,code,L,70004363,ST,2006-01-07T07:55,2006-01-07T10:00,ORY,345545550
ATKOJTXP,code,L,70004364,ST,2006-01-07T04:45,2006-01-07T07:10,TLN,345545550
ATKOJTXP,code,L,70004363,ST,2006-01-07T07:55,2006-01-07T10:00,ORY,345545550
HIVOKCIK,code,L,70004364,ST,2006-01-07T04:45,2006-01-07T07:10,TLN,345545550
HIVOKCIK,code,L,70004363,ST,2006-01-07T07:55,2006-01-07T10:00,ORY,345545550
ORQHMEJZ,code,L,70004673,CP,2006-01-07T04:45,2006-01-07T07:00,LIL,2130037697
ORQHMEJZ,code,L,70004676,CP,2006-01-07T07:40,2006-01-07T09:40,LYS,2130037697
EQVOCDPW,code,L,70004673,FO,2006-01-07T04:45,2006-01-07T07:00,LIL,2130037697
EQVOCDPW,code,L,70004676,FO,2006-01-07T07:40,2006-01-07T09:40,LYS,2130037697
NHQZPBJC,code,L,70004673,CS,2006-01-07T04:45,2006-01-07T07:00,LIL,2130037697
NHQZPBJC,code,L,70004676,CS,2006-01-07T07:40,2006-01-07T09:40,LYS,2130037697
TZITNLPI,code,L,70004673,CS,2006-01-07T04:45,2006-01-07T07:00,LIL,2130037697
TZITNLPI,code,L,70004676,CS,2006-01-07T07:40,2006-01-07T09:40,LYS,2130037697
MVZSFPSE,code,L,70004673,ST,2006-01-07T04:45,2006-01-07T07:00,LIL,2130037697
MVZSFPSE,code,L,70004676,ST,2006-01-07T07:40,2006-01-07T09:40,LYS,2130037697
IKTHENBS,code,L,70004673,ST,2006-01-07T04:45,2006-01-07T07:00,LIL,2130037697
IKTHENBS,code,L,70004676,ST,2006-01-07T07:40,2006-01-07T09:40,LYS,2130037697
JMQKJWCL,code,L,70004673,ST,2006-01-07T04:45,2006-01-07T07:00,LIL,2130037697
JMQKJWCL,code,L,70004676,ST,2006-01-07T07:40,2006-01-07T09:40,LYS,2130037697
UOQKXAXE,code,L,70004673,ST,2006-01-07T04:45,2006-01-07T07:00,LIL,2130037697
UOQKXAXE,code,L,70004676,ST,2006-01-07T07:40,2006-01-07T09:40,LYS,2130037697
TCICOOCD,code,L,70004673,ST,2006-01-07T04:45,2006-01-07T07:00,LIL,2130037697
TCICOOCD,code,L,70004676,ST,2006-01-07T07:40,2006-01-07T09:40,LYS,2130037697
BNEXOJWT,code,L,70004673,ST,2006-01-07T04:45,2006-01-07T07:00,LIL,2130037697
BNEXOJWT,code,L,70004676,ST,2006-01-07T07:40,2006-01-07T09:40,LYS,2130037697
ENCOOCRZ,code,L,70004723,CP,2006-01-07T04:45,2006-01-07T07:00,NTE,263157300
ENCOOCRZ,code,L,70004726,CP,2006-01-07T07:55,2006-01-07T09:55,LYS,263157300
DSLTUCQJ,code,L,70004723,FO,2006-01-07T04:45,2006-01-07T07:00,NTE,263157300
DSLTUCQJ,code,L,70004726,FO,2006-01-07T07:55,2006-01-07T09:55,LYS,263157300
WDYVLIOX,code,L,70004723,CS,2006-01-07T04:45,2006-01-07T07:00,NTE,263157300
WDYVLIOX,code,L,70004726,CS,2006-01-07T07:55,2006-01-07T09:55,LYS,263157300
BJHZIJNS,code,L,70004723,CS,2006-01-07T04:45,2006-01-07T07:00,NTE,263157300
BJHZIJNS,code,L,70004726,CS,2006-01-07T07:55,2006-01-07T09:55,LYS,263157300
STBVSTIZ,code,L,70004723,ST,2006-01-07T04:45,2006-01-07T07:00,NTE,263157300
STBVSTIZ,code,L,70004726,ST,2006-01-07T07:55,2006-01-07T09:55,LYS,263157300
QQAQJORB,code,L,70004723,ST,2006-01-07T04:45,2006-01-07T07:00,NTE,263157300
QQAQJORB,code,L,70004726,ST,2006-01-07T07:55,2006-01-07T09:55,LYS,263157300
LLYBUOGB,code,L,70004723,ST,2006-01-07T04:45,2006-01-07T07:00,NTE,263157300
LLYBUOGB,code,L,70004726,ST,2006-01-07T07:55,2006-01-07T09:55,LYS,263157300
IHHVUBEG,code,L,70004723,ST,2006-01-07T04:45,2006-01-07T07:00,NTE,263157300
IHHVUBEG,code,L,70004726,ST,2006-01-07T07:55,2006-01-07T09:55,LYS,263157300
SOAMDPCG,code,L,70004723,ST,2006-01-07T04:45,2006-01-07T07:00,NTE,263157300
SOAMDPCG,code,L,70004726,ST,2006-01-07T07:55,2006-01-07T09:55,LYS,263157300
IHGOTETO,code,L,70004723,ST,2006-01-07T04:45,2006-01-07T07:00,NTE,263157300
IHGOTETO,code,L,70004726,ST,2006-01-07T07:55,2006-01-07T09:55,LYS,263157300
FZVPFGDR,code,L,70002524,CP,2006-01-07T04:45,2006-01-07T06:55,UIP,1196878155
FZVPFGDR,code,L,70002523,CP,2006-01-07T07:45,2006-01-07T08:50,ORY,1196878155
FZVPFGDR,code,L,70002526,CP,2006-01-07T09:45,2006-01-07T10:55,UIP,1196878155
FZVPFGDR,code,L,70002798,CP,2006-01-07T13:00,2006-01-07T14:45,ORY,1196878155
OTGLTTJU,code,L,70002524,FO,2006-01-07T04:45,2006-01-07T06:55,UIP,1196878155
OTGLTTJU,code,L,70002523,FO,2006-01-07T07:45,2006-01-07T08:50,ORY,1196878155
OTGLTTJU,code,L,70002526,FO,2006-01-07T09:45,2006-01-07T10:55,UIP,1196878155
OTGLTTJU,code,L,70002798,FO,2006-01-07T13:00,2006-01-07T14:45,ORY,1196878155
LPWYMHAZ,code,L,70002524,CS,2006-01-07T04:45,2006-01-07T06:55,UIP,1196878155
LPWYMHAZ,code,L,70002523,CS,2006-01-07T07:45,2006-01-07T08:50,ORY,1196878155
LPWYMHAZ,code,L,70002526,CS,2006-01-07T09:45,2006-01-07T10:55,UIP,1196878155
LPWYMHAZ,code,L,70002798,CS,2006-01-07T13:00,2006-01-07T14:45,ORY,1196878155
NEQOIBKP,code,L,70002524,ST,2006-01-07T04:45,2006-01-07T06:55,UIP,1196878155
NEQOIBKP,code,L,70002523,ST,2006-01-07T07:45,2006-01-07T08:50,ORY,1196878155
NEQOIBKP,code,L,70002526,ST,2006-01-07T09:45,2006-01-07T10:55,UIP,1196878155
NEQOIBKP,code,L,70002798,ST,2006-01-07T13:00,2006-01-07T14:45,ORY,1196878155
KRSGBQFO,code,L,70002524,ST,2006-01-07T04:45,2006-01-07T06:55,UIP,1196878155
KRSGBQFO,code,L,70002523,ST,2006-01-07T07:45,2006-01-07T08:50,ORY,1196878155
KRSGBQFO,code,L,70002526,ST,2006-01-07T09:45,2006-01-07T10:55,UIP,1196878155
KRSGBQFO,code,L,70002798,ST,2006-01-07T13:00,2006-01-07T14:45,ORY,1196878155
KSNUJVVD,code,L,70004764,CP,2006-01-07T04:45,2006-01-07T07:10,NCE,1835196615
KSNUJVVD,code,L,70004765,CP,2006-01-07T07:45,2006-01-07T09:00,BOD,1835196615
KSNUJVVD,code,L,70003076,CP,2006-01-07T11:35,2006-01-07T13:00,NCE,1835196615
KSNUJVVD,code,L,70003063,CP,2006-01-07T14:00,2006-01-07T16:10,ORY,1835196615
MQRULCXF,code,L,70004764,FO,2006-01-07T04:45,2006-01-07T07:10,NCE,1835196615
MQRULCXF,code,L,70004765,FO,2006-01-07T07:45,2006-01-07T09:00,BOD,1835196615
MQRULCXF,code,L,70003076,FO,2006-01-07T11:35,2006-01-07T13:00,NCE,1835196615
MQRULCXF,code,L,70003063,FO,2006-01-07T14:00,2006-01-07T16:10,ORY,1835196615
MBJGWOLI,code,L,70004764,CSD,2006-01-07T04:45,2006-01-07T07:10,NCE,1835196615
MBJGWOLI,code,L,70004765,CSD,2006-01-07T07:45,2006-01-07T09:00,BOD,1835196615
MBJGWOLI,code,L,70003076,CSD,2006-01-07T11:35,2006-01-07T13:00,NCE,1835196615
MBJGWOLI,code,L,70003063,CSD,2006-01-07T14:00,2006-01-07T16:10,ORY,1835196615
GNUZTTCM,code,L,70004764,ST,2006-01-07T04:45,2006-01-07T07:10,NCE,1835196615
GNUZTTCM,code,L,70004765,ST,2006-01-07T07:45,2006-01-07T09:00,BOD,1835196615
GNUZTTCM,code,L,70003076,ST,2006-01-07T11:35,2006-01-07T13:00,NCE,1835196615
GNUZTTCM,code,L,70003063,ST,2006-01-07T14:00,2006-01-07T16:10,ORY,1835196615
SAHUEJUB,code,L,70004764,ST,2006-01-07T04:45,2006-01-07T07:10,NCE,1835196615
SAHUEJUB,code,L,70004765,ST,2006-01-07T07:45,2006-01-07T09:00,BOD,1835196615
SAHUEJUB,code,L,70003076,ST,2006-01-07T11:35,2006-01-07T13:00,NCE,1835196615
SAHUEJUB,code,L,70003063,ST,2006-01-07T14:00,2006-01-07T16:10,ORY,1835196615
YHFIYHGJ,code,L,70004764,ST,2006-01-07T04:45,2006-01-07T07:10,NCE,1835196615
YHFIYHGJ,code,L,70004765,ST,2006-01-07T07:45,2006-01-07T09:00,BOD,1835196615
YHFIYHGJ,code,L,70003076,ST,2006-01-07T11:35,2006-01-07T13:00,NCE,1835196615
YHFIYHGJ,code,L,70003063,ST,2006-01-07T14:00,2006-01-07T16:10,ORY,1835196615
ZJCNPRUV,code,L,70002965,CP,2006-01-07T04:50,2006-01-07T07:00,ORY,182621155
ZJCNPRUV,code,L,70002974,CP,2006-01-07T07:40,2006-01-07T09:45,TLS,182621155
JVQNQQPF,code,L,70002965,FO,2006-01-07T04:50,2006-01-07T07:00,ORY,182621155
JVQNQQPF,code,L,70002974,FO,2006-01-07T07:40,2006-01-07T09:45,TLS,182621155
MZDSLZDF,code,L,70002965,CS,2006-01-07T04:50,2006-01-07T07:00,ORY,182621155
MZDSLZDF,code,L,70002974,CS,2006-01-07T07:40,2006-01-07T09:45,TLS,182621155
UDOCETNJ,code,L,70002965,CS,2006-01-07T04:50,2006-01-07T07:00,ORY,182621155
UDOCETNJ,code,L,70002974,CS,2006-01-07T07:40,2006-01-07T09:45,TLS,182621155
FKMEMRYB,code,L,70002965,ST,2006-01-07T04:50,2006-01-07T07:00,ORY,182621155
FKMEMRYB,code,L,70002974,ST,2006-01-07T07:40,2006-01-07T09:45,TLS,182621155
MUVYDXNZ,code,L,70002965,ST,2006-01-07T04:50,2006-01-07T07:00,ORY,182621155
MUVYDXNZ,code,L,70002974,ST,2006-01-07T07:40,2006-01-07T09:45,TLS,182621155
ERGGPRXQ,code,L,70002965,ST,2006-01-07T04:50,2006-01-07T07:00,ORY,182621155
ERGGPRXQ,code,L,70002974,ST,2006-01-07T07:40,2006-01-07T09:45,TLS,182621155
POGTHWRT,code,L,70002965,ST,2006-01-07T04:50,2006-01-07T07:00,ORY,182621155
POGTHWRT,code,L,70002974,ST,2006-01-07T07:40,2006-01-07T09:45,TLS,182621155
WVJVJGCA,code,L,70002965,ST,2006-01-07T04:50,2006-01-07T07:00,ORY,182621155
WVJVJGCA,code,L,70002974,ST,2006-01-07T07:40,2006-01-07T09:45,TLS,182621155
BJAAVVJF,code,L,70002965,ST,2006-01-07T04:50,2006-01-07T07:00,ORY,182621155
BJAAVVJF,code,L,70002974,ST,2006-01-07T07:40,2006-01-07T09:45,TLS,182621155
GDMGHISQ,code,L,70004704,CP,2006-01-07T04:50,2006-01-07T06:50,TLS,1796576214
GDMGHISQ,code,L,70004703,CP,2006-01-07T07:45,2006-01-07T09:35,LYS,1796576214
PEJOSIFT,code,L,70004704,FO,2006-01-07T04:50,2006-01-07T06:50,TLS,1796576214
PEJOSIFT,code,L,70004703,FO,2006-01-07T07:45,2006-01-07T09:35,LYS,1796576214
CWCWQQQQ,code,L,70004704,CS,2006-01-07T04:50,2006-01-07T06:50,TLS,1796576214
CWCWQQQQ,code,L,70004703,CS,2006-01-07T07:45,2006-01-07T09:35,LYS,1796576214
WNDJDKGS,code,L,70004704,CS,2006-01-07T04:50,2006-01-07T06:50,TLS,1796576214
WNDJDKGS,code,L,70004703,CS,2006-01-07T07:45,2006-01-07T09:35,LYS,1796576214
CONNSBEE,code,L,70004704,ST,2006-01-07T04:50,2006-01-07T06:50,TLS,1796576214
CONNSBEE,code,L,70004703,ST,2006-01-07T07:45,2006-01-07T09:35,LYS,1796576214
XHXPXNUK,code,L,70004704,ST,2006-01-07T04:50,2006-01-07T06:50,TLS,1796576214
XHXPXNUK,code,L,70004703,ST,2006-01-07T07:45,2006-01-07T09:35,LYS,1796576214
GDOLAQIZ,code,L,70004704,ST,2006-01-07T04:50,2006-01-07T06:50,TLS,1796576214
GDOLAQIZ,code,L,70004703,ST,2006-01-07T07:45,2006-01-07T09:35,LYS,1796576214
IUOWLBGU,code,L,70004704,ST,2006-01-07T04:50,2006-01-07T06:50,TLS,1796576214
IUOWLBGU,code,L,70004703,ST,2006-01-07T07:45,2006-01-07T09:35,LYS,1796576214
XXYQCYMG,code,L,70004704,ST,2006-01-07T04:50,2006-01-07T06:50,TLS,1796576214
XXYQCYMG,code,L,70004703,ST,2006-01-07T07:45,2006-01-07T09:35,LYS,1796576214
OAYEKFAT,code,L,70004704,ST,2006-01-07T04:50,2006-01-07T06:50,TLS,1796576214
OAYEKFAT,code,L,70004703,ST,2006-01-07T07:45,2006-01-07T09:35,LYS,1796576214
YJLFUOXO,code,L,70004264,CP,2006-01-07T04:50,2006-01-07T06:55,LYS,1661516681
YJLFUOXO,code,L,70004265,CP,2006-01-07T07:40,2006-01-07T09:30,ORY,1661516681
WSLSMIOF,code,L,70004264,FO,2006-01-07T04:50,2006-01-07T06:55,LYS,1661516681
WSLSMIOF,code,L,70004265,FO,2006-01-07T07:40,2006-01-07T09:30,ORY,1661516681
JMVQTOUC,code,L,70004264,CS,2006-01-07T04:50,2006-01-07T06:55,LYS,1661516681
JMVQTOUC,code,L,70004265,CS,2006-01-07T07:40,2006-01-07T09:30,ORY,1661516681
UBRAQEPM,code,L,70004264,CS,2006-01-07T04:50,2006-01-07T06:55,LYS,1661516681
UBRAQEPM,code,L,70004265,CS,2006-01-07T07:40,2006-01-07T09:30,ORY,1661516681
JNECXOKC,code,L,70004264,ST,2006-01-07T04:50,2006-01-07T06:55,LYS,1661516681
JNECXOKC,code,L,70004265,ST,2006-01-07T07:40,2006-01-07T09:30,ORY,1661516681
TQBIGSEF,code,L,70004264,ST,2006-01-07T04:50,2006-01-07T06:55,LYS,1661516681
TQBIGSEF,code,L,70004265,ST,2006-01-07T07:40,2006-01-07T09:30,ORY,1661516681
CNQXQZDW,code,L,70004264,ST,2006-01-07T04:50,2006-01-07T06:55,LYS,1661516681
CNQXQZDW,code,L,70004265,ST,2006-01-07T07:40,2006-01-07T09:30,ORY,1661516681
DNNISDQL,code,L,70004264,ST,2006-01-07T04:50,2006-01-07T06:55,LYS,1661516681
DNNISDQL,code,L,70004265,ST,2006-01-07T07:40,2006-01-07T09:30,ORY,1661516681
LRAEPWLB,code,L,70004264,ST,2006-01-07T04:50,2006-01-07T06:55,LYS,1661516681
LRAEPWLB,code,L,70004265,ST,2006-01-07T07:40,2006-01-07T09:30,ORY,1661516681
GJXWZAZI,code,L,70004264,ST,2006-01-07T04:50,2006-01-07T06:55,LYS,1661516681
GJXWZAZI,code,L,70004265,ST,2006-01-07T07:40,2006-01-07T09:30,ORY,1661516681
DHBFURXB,code,L,70004344,CP,2006-01-07T04:50,2006-01-07T07:10,BIQ,359906493
DHBFURXB,code,L,70004343,CP,2006-01-07T07:55,2006-01-07T09:55,ORY,359906493
JBFIVEAB,code,L,70004344,FO,2006-01-07T04:50,2006-01-07T07:10,BIQ,359906493
JBFIVEAB,code,L,70004343,FO,2006-01-07T07:55,2006-01-07T09:55,ORY,359906493
CNYGGXWH,code,L,70004344,CSD,2006-01-07T04:50,2006-01-07T07:10,BIQ,359906493
CNYGGXWH,code,L,70004343,CSD,2006-01-07T07:55,2006-01-07T09:55,ORY,359906493
INAFIJWG,code,L,70004344,ST,2006-01-07T04:50,2006-01-07T07:10,BIQ,359906493
INAFIJWG,code,L,70004343,ST,2006-01-07T07:55,2006-01-07T09:55,ORY,359906493
PRJIJBTD,code,L,70004344,ST,2006-01-07T04:50,2006-01-07T07:10,BIQ,359906493
PRJIJBTD,code,L,70004343,ST,2006-01-07T07:55,2006-01-07T09:55,ORY,359906493
WOALOLVT,code,L,70004344,ST,2006-01-07T04:50,2006-01-07T07:10,BIQ,359906493
WOALOLVT,code,L,70004343,ST,2006-01-07T07:55,2006-01-07T09:55,ORY,359906493
MRIZTKUC,code,L,70005163,CP,2006-01-07T04:50,2006-01-07T07:40,BOD,295069519
MRIZTKUC,code,L,70005164,CP,2006-01-07T08:55,2006-01-07T11:30,AMS,295069519
DVUZTOAK,code,L,70005163,FO,2006-01-07T04:50,2006-01-07T07:40,BOD,295069519
DVUZTOAK,code,L,70005164,FO,2006-01-07T08:55,2006-01-07T11:30,AMS,295069519
ZYUWMRSY,code,L,70005163,CSD,2006-01-07T04:50,2006-01-07T07:40,BOD,295069519
ZYUWMRSY,code,L,70005164,CSD,2006-01-07T08:55,2006-01-07T11:30,AMS,295069519
NQBIKZNM,code,L,70005163,ST,2006-01-07T04:50,2006-01-07T07:40,BOD,295069519
NQBIKZNM,code,L,70005164,ST,2006-01-07T08:55,2006-01-07T11:30,AMS,295069519
EJETGNCO,code,L,70005163,ST,2006-01-07T04:50,2006-01-07T07:40,BOD,295069519
EJETGNCO,code,L,70005164,ST,2006-01-07T08:55,2006-01-07T11:30,AMS,295069519
WJNHXWJH,code,L,70005163,ST,2006-01-07T04:50,2006-01-07T07:40,BOD,295069519
WJNHXWJH,code,L,70005164,ST,2006-01-07T08:55,2006-01-07T11:30,AMS,295069519
BEYAXRZE,code,L,70002648,CP,2006-01-07T04:50,2006-01-07T06:50,SXB,178283218
BEYAXRZE,code,L,70002647,CP,2006-01-07T07:40,2006-01-07T09:25,LYS,178283218
SQZZNNPN,code,L,70002648,FO,2006-01-07T04:50,2006-01-07T06:50,SXB,178283218
SQZZNNPN,code,L,70002647,FO,2006-01-07T07:40,2006-01-07T09:25,LYS,178283218
DOYANPQK,code,L,70002648,CSD,2006-01-07T04:50,2006-01-07T06:50,SXB,178283218
DOYANPQK,code,L,70002647,CSD,2006-01-07T07:40,2006-01-07T09:25,LYS,178283218
NITZPIHL,code,L,70002648,ST,2006-01-07T04:50,2006-01-07T06:50,SXB,178283218
NITZPIHL,code,L,70002647,ST,2006-01-07T07:40,2006-01-07T09:25,LYS,178283218
RKJXSJAO,code,L,70002648,ST,2006-01-07T04:50,2006-01-07T06:50,SXB,178283218
RKJXSJAO,code,L,70002647,ST,2006-01-07T07:40,2006-01-07T09:25,LYS,178283218
HMWCVEFL,code,L,70002648,ST,2006-01-07T04:50,2006-01-07T06:50,SXB,178283218
HMWCVEFL,code,L,70002647,ST,2006-01-07T07:40,2006-01-07T09:25,LYS,178283218
DXBIJTCC,code,L,70004544,CP,2006-01-07T04:55,2006-01-07T07:25,MPL,134224868
DXBIJTCC,code,L,70004547,CP,2006-01-07T19:50,2006-01-07T22:00,CDG,134224868
GHUSBRBD,code,L,70004544,FO,2006-01-07T04:55,2006-01-07T07:25,MPL,134224868
GHUSBRBD,code,L,70004547,FO,2006-01-07T19:50,2006-01-07T22:00,CDG,134224868
CHONSFHT,code,L,70004544,CS,2006-01-07T04:55,2006-01-07T07:25,MPL,134224868
CHONSFHT,code,L,70004547,CS,2006-01-07T19:50,2006-01-07T22:00,CDG,134224868
OWJYGPAK,code,L,70004544,CS,2006-01-07T04:55,2006-01-07T07:25,MPL,134224868
OWJYGPAK,code,L,70004547,CS,2006-01-07T19:50,2006-01-07T22:00,CDG,134224868
RJZNAKRU,code,L,70004544,ST,2006-01-07T04:55,2006-01-07T07:25,MPL,134224868
RJZNAKRU,code,L,70004547,ST,2006-01-07T19:50,2006-01-07T22:00,CDG,134224868
YXCKTAVZ,code,L,70004544,ST,2006-01-07T04:55,2006-01-07T07:25,MPL,134224868
YXCKTAVZ,code,L,70004547,ST,2006-01-07T19:50,2006-01-07T22:00,CDG,134224868
IQMTOWTL,code,L,70004544,ST,2006-01-07T04:55,2006-01-07T07:25,MPL,134224868
IQMTOWTL,code,L,70004547,ST,2006-01-07T19:50,2006-01-07T22:00,CDG,134224868
AZQMTYWP,code,L,70004544,ST,2006-01-07T04:55,2006-01-07T07:25,MPL,134224868
AZQMTYWP,code,L,70004547,ST,2006-01-07T19:50,2006-01-07T22:00,CDG,134224868
JGNKLHAU,code,L,70004544,ST,2006-01-07T04:55,2006-01-07T07:25,MPL,134224868
JGNKLHAU,code,L,70004547,ST,2006-01-07T19:50,2006-01-07T22:00,CDG,134224868
FETTMHPP,code,L,70004544,ST,2006-01-07T04:55,2006-01-07T07:25,MPL,134224868
FETTMHPP,code,L,70004547,ST,2006-01-07T19:50,2006-01-07T22:00,CDG,134224868
TEJYTTLU,code,L,70001364,CP,2006-01-07T04:55,2006-01-07T07:35,AJA,1454666067
TEJYTTLU,code,L,70001363,CP,2006-01-07T08:25,2006-01-07T10:50,ORY,1454666067
ILWBDUOX,code,L,70001364,FO,2006-01-07T04:55,2006-01-07T07:35,AJA,1454666067
ILWBDUOX,code,L,70001363,FO,2006-01-07T08:25,2006-01-07T10:50,ORY,1454666067
TUNLNZLL,code,L,70001364,CS,2006-01-07T04:55,2006-01-07T07:35,AJA,1454666067
TUNLNZLL,code,L,70001363,CS,2006-01-07T08:25,2006-01-07T10:50,ORY,1454666067
CORXRJWP,code,L,70001364,CS,2006-01-07T04:55,2006-01-07T07:35,AJA,1454666067
CORXRJWP,code,L,70001363,CS,2006-01-07T08:25,2006-01-07T10:50,ORY,1454666067
OBRXMAQL,code,L,70001364,ST,2006-01-07T04:55,2006-01-07T07:35,AJA,1454666067
OBRXMAQL,code,L,70001363,ST,2006-01-07T08:25,2006-01-07T10:50,ORY,1454666067
SQAKYNAY,code,L,70001364,ST,2006-01-07T04:55,2006-01-07T07:35,AJA,1454666067
SQAKYNAY,code,L,70001363,ST,2006-01-07T08:25,2006-01-07T10:50,ORY,1454666067
TIRQMRNE,code,L,70001364,ST,2006-01-07T04:55,2006-01-07T07:35,AJA,1454666067
TIRQMRNE,code,L,70001363,ST,2006-01-07T08:25,2006-01-07T10:50,ORY,1454666067
TEDBRWAN,code,L,70001364,ST,2006-01-07T04:55,2006-01-07T07:35,AJA,1454666067
TEDBRWAN,code,L,70001363,ST,2006-01-07T08:25,2006-01-07T10:50,ORY,1454666067
FANWYFNQ,code,L,70001364,ST,2006-01-07T04:55,2006-01-07T07:35,AJA,1454666067
FANWYFNQ,code,L,70001363,ST,2006-01-07T08:25,2006-01-07T10:50,ORY,1454666067
PUCWRDKP,code,L,70001364,ST,2006-01-07T04:55,2006-01-07T07:35,AJA,1454666067
PUCWRDKP,code,L,70001363,ST,2006-01-07T08:25,2006-01-07T10:50,ORY,1454666067
BNHNEVNL,code,L,70001374,CP,2006-01-07T04:55,2006-01-07T07:30,BIA,525100016
BNHNEVNL,code,L,70001379,CP,2006-01-07T08:30,2006-01-07T10:50,ORY,525100016
VRNKHXCA,code,L,70001374,FO,2006-01-07T04:55,2006-01-07T07:30,BIA,525100016
VRNKHXCA,code,L,70001379,FO,2006-01-07T08:30,2006-01-07T10:50,ORY,525100016
MWFSOPGB,code,L,70001374,CS,2006-01-07T04:55,2006-01-07T07:30,BIA,525100016
MWFSOPGB,code,L,70001379,CS,2006-01-07T08:30,2006-01-07T10:50,ORY,525100016
DVVRLMPD,code,L,70001374,CS,2006-01-07T04:55,2006-01-07T07:30,BIA,525100016
DVVRLMPD,code,L,70001379,CS,2006-01-07T08:30,2006-01-07T10:50,ORY,525100016
ZSKBCPZS,code,L,70001374,ST,2006-01-07T04:55,2006-01-07T07:30,BIA,525100016
ZSKBCPZS,code,L,70001379,ST,2006-01-07T08:30,2006-01-07T10:50,ORY,525100016
NLDEIXYH,code,L,70001374,ST,2006-01-07T04:55,2006-01-07T07:30,BIA,525100016
NLDEIXYH,code,L,70001379,ST,2006-01-07T08:30,2006-01-07T10:50,ORY,525100016
GANCUWKQ,code,L,70001374,ST,2006-01-07T04:55,2006-01-07T07:30,BIA,525100016
GANCUWKQ,code,L,70001379,ST,2006-01-07T08:30,2006-01-07T10:50,ORY,525100016
HSUGTSNH,code,L,70001374,ST,2006-01-07T04:55,2006-01-07T07:30,BIA,525100016
HSUGTSNH,code,L,70001379,ST,2006-01-07T08:30,2006-01-07T10:50,ORY,525100016
QDIYGFAV,code,L,70001374,ST,2006-01-07T04:55,2006-01-07T07:30,BIA,525100016
QDIYGFAV,code,L,70001379,ST,2006-01-07T08:30,2006-01-07T10:50,ORY,525100016
FMMVVOQF,code,L,70001374,ST,2006-01-07T04:55,2006-01-07T07:30,BIA,525100016
FMMVVOQF,code,L,70001379,ST,2006-01-07T08:30,2006-01-07T10:50,ORY,525100016
YVEODCLZ,code,L,70002673,CP,2006-01-07T04:55,2006-01-07T07:20,SXB,657187435
YVEODCLZ,code,L,70002674,CP,2006-01-07T07:55,2006-01-07T10:10,LGW,657187435
ZQAOVJPA,code,L,70002673,FO,2006-01-07T04:55,2006-01-07T07:20,SXB,657187435
ZQAOVJPA,code,L,70002674,FO,2006-01-07T07:55,2006-01-07T10:10,LGW,657187435
JWEHMXKF,code,L,70002673,CS,2006-01-07T04:55,2006-01-07T07:20,SXB,657187435
JWEHMXKF,code,L,70002674,CS,2006-01-07T07:55,2006-01-07T10:10,LGW,657187435
XCXVKYIR,code,L,70002673,ST,2006-01-07T04:55,2006-01-07T07:20,SXB,657187435
XCXVKYIR,code,L,70002674,ST,2006-01-07T07:55,2006-01-07T10:10,LGW,657187435
NSFMQJFK,code,L,70002673,ST,2006-01-07T04:55,2006-01-07T07:20,SXB,657187435
NSFMQJFK,code,L,70002674,ST,2006-01-07T07:55,2006-01-07T10:10,LGW,657187435
OGMDLKMB,code,L,70003103,CP,2006-01-07T05:00,2006-01-07T07:20,ORY,532638534
OGMDLKMB,code,L,70003068,CP,2006-01-07T08:05,2006-01-07T10:15,NCE,532638534
DFSTWDKL,code,L,70003103,FO,2006-01-07T05:00,2006-01-07T07:20,ORY,532638534
DFSTWDKL,code,L,70003068,FO,2006-01-07T08:05,2006-01-07T10:15,NCE,532638534
LOXZCSSH,code,L,70003103,CS,2006-01-07T05:00,2006-01-07T07:20,ORY,532638534
LOXZCSSH,code,L,70003068,CS,2006-01-07T08:05,2006-01-07T10:15,NCE,532638534
HPVKUDJN,code,L,70003103,CS,2006-01-07T05:00,2006-01-07T07:20,ORY,532638534
HPVKUDJN,code,L,70003068,CS,2006-01-07T08:05,2006-01-07T10:15,NCE,532638534
QABCVGIC,code,L,70003103,ST,2006-01-07T05:00,2006-01-07T07:20,ORY,532638534
QABCVGIC,code,L,70003068,ST,2006-01-07T08:05,2006-01-07T10:15,NCE,532638534
ILESTUPF,code,L,70003103,ST,2006-01-07T05:00,2006-01-07T07:20,ORY,532638534
ILESTUPF,code,L,70003068,ST,2006-01-07T08:05,2006-01-07T10:15,NCE,532638534
RKMRBOPJ,code,L,70003103,ST,2006-01-07T05:00,2006-01-07T07:20,ORY,532638534
RKMRBOPJ,code,L,70003068,ST,2006-01-07T08:05,2006-01-07T10:15,NCE,532638534
SZTXKQEU,code,L,70003103,ST,2006-01-07T05:00,2006-01-07T07:20,ORY,532638534
SZTXKQEU,code,L,70003068,ST,2006-01-07T08:05,2006-01-07T10:15,NCE,532638534
FWKBQCFQ,code,L,70003103,ST,2006-01-07T05:00,2006-01-07T07:20,ORY,532638534
FWKBQCFQ,code,L,70003068,ST,2006-01-07T08:05,2006-01-07T10:15,NCE,532638534
WSTAJUVJ,code,L,70003103,ST,2006-01-07T05:00,2006-01-07T07:20,ORY,532638534
WSTAJUVJ,code,L,70003068,ST,2006-01-07T08:05,2006-01-07T10:15,NCE,532638534
IBKESHLG,code,L,70002793,CP,2006-01-07T05:00,2006-01-07T07:10,LRT,796471501
IBKESHLG,code,L,70002794,CP,2006-01-07T07:55,2006-01-07T09:45,ORY,796471501
WKXNYLZN,code,L,70002793,FO,2006-01-07T05:00,2006-01-07T07:10,LRT,796471501
WKXNYLZN,code,L,70002794,FO,2006-01-07T07:55,2006-01-07T09:45,ORY,796471501
PNERHTRB,code,L,70002793,CS,2006-01-07T05:00,2006-01-07T07:10,LRT,796471501
PNERHTRB,code,L,70002794,CS,2006-01-07T07:55,2006-01-07T09:45,ORY,796471501
FDUZQHFC,code,L,70002793,ST,2006-01-07T05:00,2006-01-07T07:10,LRT,796471501
FDUZQHFC,code,L,70002794,ST,2006-01-07T07:55,2006-01-07T09:45,ORY,796471501
QPPFNACY,code,L,70002793,ST,2006-01-07T05:00,2006-01-07T07:10,LRT,796471501
QPPFNACY,code,L,70002794,ST,2006-01-07T07:55,2006-01-07T09:45,ORY,796471501
YDEGYMIF,code,L,70002534,CP,2006-01-07T05:00,2006-01-07T06:45,BES,435943218
YDEGYMIF,code,L,70002634,CP,2006-01-07T07:15,2006-01-07T08:35,NTE,435943218
YDEGYMIF,code,L,70002633,CP,2006-01-07T09:05,2006-01-07T10:25,SXB,435943218
YDEGYMIF,code,L,70002533,CP,2006-01-07T10:55,2006-01-07T11:35,NTE,435943218
YDEGYMIF,code,L,70002655,CP,2006-01-07T12:20,2006-01-07T13:50,BES,435943218
YDEGYMIF,code,L,70002656,CP,2006-01-07T14:30,2006-01-07T16:40,LYS,435943218
MYZRMZKU,code,L,70002534,FO,2006-01-07T05:00,2006-01-07T06:45,BES,435943218
MYZRMZKU,code,L,70002634,FO,2006-01-07T07:15,2006-01-07T08:35,NTE,435943218
MYZRMZKU,code,L,70002633,FO,2006-01-07T09:05,2006-01-07T10:25,SXB,435943218
MYZRMZKU,code,L,70002533,FO,2006-01-07T10:55,2006-01-07T11:35,NTE,435943218
MYZRMZKU,code,L,70002655,FO,2006-01-07T12:20,2006-01-07T13:50,BES,435943218
MYZRMZKU,code,L,70002656,FO,2006-01-07T14:30,2006-01-07T16:40,LYS,435943218
VADZVOMK,code,L,70002534,CSD,2006-01-07T05:00,2006-01-07T06:45,BES,435943218
VADZVOMK,code,L,70002634,CSD,2006-01-07T07:15,2006-01-07T08:35,NTE,435943218
VADZVOMK,code,L,70002633,CSD,2006-01-07T09:05,2006-01-07T10:25,SXB,435943218
VADZVOMK,code,L,70002533,CSD,2006-01-07T10:55,2006-01-07T11:35,NTE,435943218
VADZVOMK,code,L,70002655,CSD,2006-01-07T12:20,2006-01-07T13:50,BES,435943218
VADZVOMK,code,L,70002656,CSD,2006-01-07T14:30,2006-01-07T16:40,LYS,435943218
UOGRIZEY,code,L,70002534,ST,2006-01-07T05:00,2006-01-07T06:45,BES,435943218
UOGRIZEY,code,L,70002634,ST,2006-01-07T07:15,2006-01-07T08:35,NTE,435943218
UOGRIZEY,code,L,70002633,ST,2006-01-07T09:05,2006-01-07T10:25,SXB,435943218
UOGRIZEY,code,L,70002533,ST,2006-01-07T10:55,2006-01-07T11:35,NTE,435943218
UOGRIZEY,code,L,70002655,ST,2006-01-07T12:20,2006-01-07T13:50,BES,435943218
UOGRIZEY,code,L,70002656,ST,2006-01-07T14:30,2006-01-07T16:40,LYS,435943218
DIKBFCYL,code,L,70002534,ST,2006-01-07T05:00,2006-01-07T06:45,BES,435943218
DIKBFCYL,code,L,70002634,ST,2006-01-07T07:15,2006-01-07T08:35,NTE,435943218
DIKBFCYL,code,L,70002633,ST,2006-01-07T09:05,2006-01-07T10:25,SXB,435943218
DIKBFCYL,code,L,70002533,ST,2006-01-07T10:55,2006-01-07T11:35,NTE,435943218
DIKBFCYL,code,L,70002655,ST,2006-01-07T12:20,2006-01-07T13:50,BES,435943218
DIKBFCYL,code,L,70002656,ST,2006-01-07T14:30,2006-01-07T16:40,LYS,435943218
CUHNEJJU,code,L,70002534,ST,2006-01-07T05:00,2006-01-07T06:45,BES,435943218
CUHNEJJU,code,L,70002634,ST,2006-01-07T07:15,2006-01-07T08:35,NTE,435943218
CUHNEJJU,code,L,70002633,ST,2006-01-07T09:05,2006-01-07T10:25,SXB,435943218
CUHNEJJU,code,L,70002533,ST,2006-01-07T10:55,2006-01-07T11:35,NTE,435943218
CUHNEJJU,code,L,70002655,ST,2006-01-07T12:20,2006-01-07T13:50,BES,435943218
CUHNEJJU,code,L,70002656,ST,2006-01-07T14:30,2006-01-07T16:40,LYS,435943218
RWRIOCNA,code,L,70003064,CP,2006-01-07T05:05,2006-01-07T07:30,NCE,929393559
RWRIOCNA,code,L,70003069,CP,2006-01-07T08:00,2006-01-07T10:05,ORY,929393559
MTGVRGKY,code,L,70003064,FO,2006-01-07T05:05,2006-01-07T07:30,NCE,929393559
MTGVRGKY,code,L,70003069,FO,2006-01-07T08:00,2006-01-07T10:05,ORY,929393559
DQGUFHZV,code,L,70003064,CS,2006-01-07T05:05,2006-01-07T07:30,NCE,929393559
DQGUFHZV,code,L,70003069,CS,2006-01-07T08:00,2006-01-07T10:05,ORY,929393559
ONJNHFYR,code,L,70003064,CS,2006-01-07T05:05,2006-01-07T07:30,NCE,929393559
ONJNHFYR,code,L,70003069,CS,2006-01-07T08:00,2006-01-07T10:05,ORY,929393559
AIUWHEIL,code,L,70003064,ST,2006-01-07T05:05,2006-01-07T07:30,NCE,929393559
AIUWHEIL,code,L,70003069,ST,2006-01-07T08:00,2006-01-07T10:05,ORY,929393559
PPPQOMEU,code,L,70003064,ST,2006-01-07T05:05,2006-01-07T07:30,NCE,929393559
PPPQOMEU,code,L,70003069,ST,2006-01-07T08:00,2006-01-07T10:05,ORY,929393559
CISMTXJO,code,L,70003064,ST,2006-01-07T05:05,2006-01-07T07:30,NCE,929393559
CISMTXJO,code,L,70003069,ST,2006-01-07T08:00,2006-01-07T10:05,ORY,929393559
PNNUTZCI,code,L,70003064,ST,2006-01-07T05:05,2006-01-07T07:30,NCE,929393559
PNNUTZCI,code,L,70003069,ST,2006-01-07T08:00,2006-01-07T10:05,ORY,929393559
NIFRKNIU,code,L,70003064,ST,2006-01-07T05:05,2006-01-07T07:30,NCE,929393559
NIFRKNIU,code,L,70003069,ST,2006-01-07T08:00,2006-01-07T10:05,ORY,929393559
QCPQANXF,code,L,70003064,ST,2006-01-07T05:05,2006-01-07T07:30,NCE,929393559
QCPQANXF,code,L,70003069,ST,2006-01-07T08:00,2006-01-07T10:05,ORY,929393559
OCXMOBIB,code,L,70004656,CP,2006-01-07T05:05,2006-01-07T07:35,TLS,1903678842
OCXMOBIB,code,L,70004645,CP,2006-01-07T09:30,2006-01-07T11:40,CDG,1903678842
MSZMYODW,code,L,70004656,FO,2006-01-07T05:05,2006-01-07T07:35,TLS,1903678842
MSZMYODW,code,L,70004645,FO,2006-01-07T09:30,2006-01-07T11:40,CDG,1903678842
PTEIGJVT,code,L,70004656,CS,2006-01-07T05:05,2006-01-07T07:35,TLS,1903678842
PTEIGJVT,code,L,70004645,CS,2006-01-07T09:30,2006-01-07T11:40,CDG,1903678842
MVXRGYWU,code,L,70004656,CS,2006-01-07T05:05,2006-01-07T07:35,TLS,1903678842
MVXRGYWU,code,L,70004645,CS,2006-01-07T09:30,2006-01-07T11:40,CDG,1903678842
OBYZLNRD,code,L,70004656,ST,2006-01-07T05:05,2006-01-07T07:35,TLS,1903678842
OBYZLNRD,code,L,70004645,ST,2006-01-07T09:30,2006-01-07T11:40,CDG,1903678842
EMMXCVUJ,code,L,70004656,ST,2006-01-07T05:05,2006-01-07T07:35,TLS,1903678842
EMMXCVUJ,code,L,70004645,ST,2006-01-07T09:30,2006-01-07T11:40,CDG,1903678842
CCQLFZJK,code,L,70004656,ST,2006-01-07T05:05,2006-01-07T07:35,TLS,1903678842
CCQLFZJK,code,L,70004645,ST,2006-01-07T09:30,2006-01-07T11:40,CDG,1903678842
USIAYAEE,code,L,70004656,ST,2006-01-07T05:05,2006-01-07T07:35,TLS,1903678842
USIAYAEE,code,L,70004645,ST,2006-01-07T09:30,2006-01-07T11:40,CDG,1903678842
GSBPJTVW,code,L,70004656,ST,2006-01-07T05:05,2006-01-07T07:35,TLS,1903678842
GSBPJTVW,code,L,70004645,ST,2006-01-07T09:30,2006-01-07T11:40,CDG,1903678842
BPALPRNT,code,L,70004656,ST,2006-01-07T05:05,2006-01-07T07:35,TLS,1903678842
BPALPRNT,code,L,70004645,ST,2006-01-07T09:30,2006-01-07T11:40,CDG,1903678842
LNVEPKAT,code,L,7000152,CP,2006-01-07T05:05,2006-01-07T07:20,MLH,1130118952
LNVEPKAT,code,L,7000145,CP,2006-01-07T08:05,2006-01-07T10:00,CDG,1130118952
ZHJCUQSO,code,L,7000152,FO,2006-01-07T05:05,2006-01-07T07:20,MLH,1130118952
ZHJCUQSO,code,L,7000145,FO,2006-01-07T08:05,2006-01-07T10:00,CDG,1130118952
UADSGZZA,code,L,7000152,CS,2006-01-07T05:05,2006-01-07T07:20,MLH,1130118952
UADSGZZA,code,L,7000145,CS,2006-01-07T08:05,2006-01-07T10:00,CDG,1130118952
EFPNBTEE,code,L,7000152,CS,2006-01-07T05:05,2006-01-07T07:20,MLH,1130118952
EFPNBTEE,code,L,7000145,CS,2006-01-07T08:05,2006-01-07T10:00,CDG,1130118952
KVSWBALK,code,L,7000152,ST,2006-01-07T05:05,2006-01-07T07:20,MLH,1130118952
KVSWBALK,code,L,7000145,ST,2006-01-07T08:05,2006-01-07T10:00,CDG,1130118952
DWSUBIAP,code,L,7000152,ST,2006-01-07T05:05,2006-01-07T07:20,MLH,1130118952
DWSUBIAP,code,L,7000145,ST,2006-01-07T08:05,2006-01-07T10:00,CDG,1130118952
PENJJRNI,code,L,7000152,ST,2006-01-07T05:05,2006-01-07T07:20,MLH,1130118952
PENJJRNI,code,L,7000145,ST,2006-01-07T08:05,2006-01-07T10:00,CDG,1130118952
XNQEILEY,code,L,7000152,ST,2006-01-07T05:05,2006-01-07T07:20,MLH,1130118952
XNQEILEY,code,L,7000145,ST,2006-01-07T08:05,2006-01-07T10:00,CDG,1130118952
KWPAXEOQ,code,L,7000152,ST,2006-01-07T05:05,2006-01-07T07:20,MLH,1130118952
KWPAXEOQ,code,L,7000145,ST,2006-01-07T08:05,2006-01-07T10:00,CDG,1130118952
SIPITPTF,code,L,7000152,ST,2006-01-07T05:05,2006-01-07T07:20,MLH,1130118952
SIPITPTF,code,L,7000145,ST,2006-01-07T08:05,2006-01-07T10:00,CDG,1130118952
JJHBUWXX,code,L,70002968,CP,2006-01-07T05:10,2006-01-07T07:30,TLS,2035035283
JJHBUWXX,code,L,70004269,CP,2006-01-07T09:30,2006-01-07T10:35,ORY,2035035283
JJHBUWXX,code,L,70004270,CP,2006-01-07T11:20,2006-01-07T12:25,LYS,2035035283
JJHBUWXX,code,L,70004271,CP,2006-01-07T13:40,2006-01-07T14:45,ORY,2035035283
JJHBUWXX,code,L,70004276,CP,2006-01-07T16:10,2006-01-07T17:15,LYS,2035035283
JJHBUWXX,code,L,70002967,CP,2006-01-07T18:25,2006-01-07T20:30,ORY,2035035283
CTETXCMM,code,L,70002968,FO,2006-01-07T05:10,2006-01-07T07:30,TLS,2035035283
CTETXCMM,code,L,70004269,FO,2006-01-07T09:30,2006-01-07T10:35,ORY,2035035283
CTETXCMM,code,L,70004270,FO,2006-01-07T11:20,2006-01-07T12:25,LYS,2035035283
CTETXCMM,code,L,70004271,FO,2006-01-07T13:40,2006-01-07T14:45,ORY,2035035283
CTETXCMM,code,L,70004276,FO,2006-01-07T16:10,2006-01-07T17:15,LYS,2035035283
CTETXCMM,code,L,70002967,FO,2006-01-07T18:25,2006-01-07T20:30,ORY,2035035283
CFPVVGRM,code,L,70002968,CS,2006-01-07T05:10,2006-01-07T07:30,TLS,2035035283
CFPVVGRM,code,L,70004269,CS,2006-01-07T09:30,2006-01-07T10:35,ORY,2035035283
CFPVVGRM,code,L,70004270,CS,2006-01-07T11:20,2006-01-07T12:25,LYS,2035035283
CFPVVGRM,code,L,70004271,CS,2006-01-07T13:40,2006-01-07T14:45,ORY,2035035283
CFPVVGRM,code,L,70004276,CS,2006-01-07T16:10,2006-01-07T17:15,LYS,2035035283
CFPVVGRM,code,L,70002967,CS,2006-01-07T18:25,2006-01-07T20:30,ORY,2035035283
GZEKLPOV,code,L,70002968,CS,2006-01-07T05:10,2006-01-07T07:30,TLS,2035035283
GZEKLPOV,code,L,70004269,CS,2006-01-07T09:30,2006-01-07T10:35,ORY,2035035283
GZEKLPOV,code,L,70004270,CS,2006-01-07T11:20,2006-01-07T12:25,LYS,2035035283
GZEKLPOV,code,L,70004271,CS,2006-01-07T13:40,2006-01-07T14:45,ORY,2035035283
GZEKLPOV,code,L,70004276,CS,2006-01-07T16:10,2006-01-07T17:15,LYS,2035035283
GZEKLPOV,code,L,70002967,CS,2006-01-07T18:25,2006-01-07T20:30,ORY,2035035283
QRHMLOBF,code,L,70002968,ST,2006-01-07T05:10,2006-01-07T07:30,TLS,2035035283
QRHMLOBF,code,L,70004269,ST,2006-01-07T09:30,2006-01-07T10:35,ORY,2035035283
QRHMLOBF,code,L,70004270,ST,2006-01-07T11:20,2006-01-07T12:25,LYS,2035035283
QRHMLOBF,code,L,70004271,ST,2006-01-07T13:40,2006-01-07T14:45,ORY,2035035283
QRHMLOBF,code,L,70004276,ST,2006-01-07T16:10,2006-01-07T17:15,LYS,2035035283
QRHMLOBF,code,L,70002967,ST,2006-01-07T18:25,2006-01-07T20:30,ORY,2035035283
XAODYSWC,code,L,70002968,ST,2006-01-07T05:10,2006-01-07T07:30,TLS,2035035283
XAODYSWC,code,L,70004269,ST,2006-01-07T09:30,2006-01-07T10:35,ORY,2035035283
XAODYSWC,code,L,70004270,ST,2006-01-07T11:20,2006-01-07T12:25,LYS,2035035283
XAODYSWC,code,L,70004271,ST,2006-01-07T13:40,2006-01-07T14:45,ORY,2035035283
XAODYSWC,code,L,70004276,ST,2006-01-07T16:10,2006-01-07T17:15,LYS,2035035283
XAODYSWC,code,L,70002967,ST,2006-01-07T18:25,2006-01-07T20:30,ORY,2035035283
IHMHPKFD,code,L,70002968,ST,2006-01-07T05:10,2006-01-07T07:30,TLS,2035035283
IHMHPKFD,code,L,70004269,ST,2006-01-07T09:30,2006-01-07T10:35,ORY,2035035283
IHMHPKFD,code,L,70004270,ST,2006-01-07T11:20,2006-01-07T12:25,LYS,2035035283
IHMHPKFD,code,L,70004271,ST,2006-01-07T13:40,2006-01-07T14:45,ORY,2035035283
IHMHPKFD,code,L,70004276,ST,2006-01-07T16:10,2006-01-07T17:15,LYS,2035035283
IHMHPKFD,code,L,70002967,ST,2006-01-07T18:25,2006-01-07T20:30,ORY,2035035283
ZYWAERWK,code,L,70002968,ST,2006-01-07T05:10,2006-01-07T07:30,TLS,2035035283
ZYWAERWK,code,L,70004269,ST,2006-01-07T09:30,2006-01-07T10:35,ORY,2035035283
ZYWAERWK,code,L,70004270,ST,2006-01-07T11:20,2006-01-07T12:25,LYS,2035035283
ZYWAERWK,code,L,70004271,ST,2006-01-07T13:40,2006-01-07T14:45,ORY,2035035283
ZYWAERWK,code,L,70004276,ST,2006-01-07T16:10,2006-01-07T17:15,LYS,2035035283
ZYWAERWK,code,L,70002967,ST,2006-01-07T18:25,2006-01-07T20:30,ORY,2035035283
PSIEAKFT,code,L,70002968,ST,2006-01-07T05:10,2006-01-07T07:30,TLS,2035035283
PSIEAKFT,code,L,70004269,ST,2006-01-07T09:30,2006-01-07T10:35,ORY,2035035283
PSIEAKFT,code,L,70004270,ST,2006-01-07T11:20,2006-01-07T12:25,LYS,2035035283
PSIEAKFT,code,L,70004271,ST,2006-01-07T13:40,2006-01-07T14:45,ORY,2035035283
PSIEAKFT,code,L,70004276,ST,2006-01-07T16:10,2006-01-07T17:15,LYS,2035035283
PSIEAKFT,code,L,70002967,ST,2006-01-07T18:25,2006-01-07T20:30,ORY,2035035283
QIGQZNCO,code,L,70002968,ST,2006-01-07T05:10,2006-01-07T07:30,TLS,2035035283
QIGQZNCO,code,L,70004269,ST,2006-01-07T09:30,2006-01-07T10:35,ORY,2035035283
QIGQZNCO,code,L,70004270,ST,2006-01-07T11:20,2006-01-07T12:25,LYS,2035035283
QIGQZNCO,code,L,70004271,ST,2006-01-07T13:40,2006-01-07T14:45,ORY,2035035283
QIGQZNCO,code,L,70004276,ST,2006-01-07T16:10,2006-01-07T17:15,LYS,2035035283
QIGQZNCO,code,L,70002967,ST,2006-01-07T18:25,2006-01-07T20:30,ORY,2035035283
UXIXPWGY,code,L,70003118,CP,2006-01-07T05:10,2006-01-07T07:20,BOD,56569042
UXIXPWGY,code,L,70003119,CP,2006-01-07T08:10,2006-01-07T10:00,ORY,56569042
RGLBIYLK,code,L,70003118,FO,2006-01-07T05:10,2006-01-07T07:20,BOD,56569042
RGLBIYLK,code,L,70003119,FO,2006-01-07T08:10,2006-01-07T10:00,ORY,56569042
UHLPXSSI,code,L,70003118,CS,2006-01-07T05:10,2006-01-07T07:20,BOD,56569042
UHLPXSSI,code,L,70003119,CS,2006-01-07T08:10,2006-01-07T10:00,ORY,56569042
TMVCDKMH,code,L,70003118,CS,2006-01-07T05:10,2006-01-07T07:20,BOD,56569042
TMVCDKMH,code,L,70003119,CS,2006-01-07T08:10,2006-01-07T10:00,ORY,56569042
GDJXDZPL,code,L,70003118,ST,2006-01-07T05:10,2006-01-07T07:20,BOD,56569042
GDJXDZPL,code,L,70003119,ST,2006-01-07T08:10,2006-01-07T10:00,ORY,56569042
MGRTWQEE,code,L,70003118,ST,2006-01-07T05:10,2006-01-07T07:20,BOD,56569042
MGRTWQEE,code,L,70003119,ST,2006-01-07T08:10,2006-01-07T10:00,ORY,56569042
KHUYYJMU,code,L,70003118,ST,2006-01-07T05:10,2006-01-07T07:20,BOD,56569042
KHUYYJMU,code,L,70003119,ST,2006-01-07T08:10,2006-01-07T10:00,ORY,56569042
ILITQCQE,code,L,70003118,ST,2006-01-07T05:10,2006-01-07T07:20,BOD,56569042
ILITQCQE,code,L,70003119,ST,2006-01-07T08:10,2006-01-07T10:00,ORY,56569042
MBBNOKSA,code,L,70003118,ST,2006-01-07T05:10,2006-01-07T07:20,BOD,56569042
MBBNOKSA,code,L,70003119,ST,2006-01-07T08:10,2006-01-07T10:00,ORY,56569042
EQUATQMI,code,L,70003118,ST,2006-01-07T05:10,2006-01-07T07:20,BOD,56569042
EQUATQMI,code,L,70003119,ST,2006-01-07T08:10,2006-01-07T10:00,ORY,56569042
BLWCBUUI,code,L,70004498,CP,2006-01-07T05:15,2006-01-07T07:45,BIQ,61497087
BLWCBUUI,code,L,70004515,CP,2006-01-07T08:35,2006-01-07T09:45,CDG,61497087
BLWCBUUI,code,L,70004506,CP,2006-01-07T12:40,2006-01-07T13:50,LYS,61497087
BLWCBUUI,code,L,70004519,CP,2006-01-07T14:25,2006-01-07T15:25,CDG,61497087
BLWCBUUI,code,L,70004520,CP,2006-01-07T16:05,2006-01-07T17:10,CFE,61497087
BLWCBUUI,code,L,70004499,CP,2006-01-07T20:25,2006-01-07T22:35,CDG,61497087
RRTPMXIR,code,L,70004498,FO,2006-01-07T05:15,2006-01-07T07:45,BIQ,61497087
RRTPMXIR,code,L,70004515,FO,2006-01-07T08:35,2006-01-07T09:45,CDG,61497087
RRTPMXIR,code,L,70004506,FO,2006-01-07T12:40,2006-01-07T13:50,LYS,61497087
RRTPMXIR,code,L,70004519,FO,2006-01-07T14:25,2006-01-07T15:25,CDG,61497087
RRTPMXIR,code,L,70004520,FO,2006-01-07T16:05,2006-01-07T17:10,CFE,61497087
RRTPMXIR,code,L,70004499,FO,2006-01-07T20:25,2006-01-07T22:35,CDG,61497087
YFOOCWEC,code,L,70004498,CS,2006-01-07T05:15,2006-01-07T07:45,BIQ,61497087
YFOOCWEC,code,L,70004515,CS,2006-01-07T08:35,2006-01-07T09:45,CDG,61497087
YFOOCWEC,code,L,70004506,CS,2006-01-07T12:40,2006-01-07T13:50,LYS,61497087
YFOOCWEC,code,L,70004519,CS,2006-01-07T14:25,2006-01-07T15:25,CDG,61497087
YFOOCWEC,code,L,70004520,CS,2006-01-07T16:05,2006-01-07T17:10,CFE,61497087
YFOOCWEC,code,L,70004499,CS,2006-01-07T20:25,2006-01-07T22:35,CDG,61497087
AWPPDFKL,code,L,70004498,CS,2006-01-07T05:15,2006-01-07T07:45,BIQ,61497087
AWPPDFKL,code,L,70004515,CS,2006-01-07T08:35,2006-01-07T09:45,CDG,61497087
AWPPDFKL,code,L,70004506,CS,2006-01-07T12:40,2006-01-07T13:50,LYS,61497087
AWPPDFKL,code,L,70004519,CS,2006-01-07T14:25,2006-01-07T15:25,CDG,61497087
AWPPDFKL,code,L,70004520,CS,2006-01-07T16:05,2006-01-07T17:10,CFE,61497087
AWPPDFKL,code,L,70004499,CS,2006-01-07T20:25,2006-01-07T22:35,CDG,61497087
BZWNWYYQ,code,L,70004498,ST,2006-01-07T05:15,2006-01-07T07:45,BIQ,61497087
BZWNWYYQ,code,L,70004515,ST,2006-01-07T08:35,2006-01-07T09:45,CDG,61497087
BZWNWYYQ,code,L,70004506,ST,2006-01-07T12:40,2006-01-07T13:50,LYS,61497087
BZWNWYYQ,code,L,70004519,ST,2006-01-07T14:25,2006-01-07T15:25,CDG,61497087
BZWNWYYQ,code,L,70004520,ST,2006-01-07T16:05,2006-01-07T17:10,CFE,61497087
BZWNWYYQ,code,L,70004499,ST,2006-01-07T20:25,2006-01-07T22:35,CDG,61497087
XCMOPJFZ,code,L,70004498,ST,2006-01-07T05:15,2006-01-07T07:45,BIQ,61497087
XCMOPJFZ,code,L,70004515,ST,2006-01-07T08:35,2006-01-07T09:45,CDG,61497087
XCMOPJFZ,code,L,70004506,ST,2006-01-07T12:40,2006-01-07T13:50,LYS,61497087
XCMOPJFZ,code,L,70004519,ST,2006-01-07T14:25,2006-01-07T15:25,CDG,61497087
XCMOPJFZ,code,L,70004520,ST,2006-01-07T16:05,2006-01-07T17:10,CFE,61497087
XCMOPJFZ,code,L,70004499,ST,2006-01-07T20:25,2006-01-07T22:35,CDG,61497087
PFMELEHI,code,L,70004498,ST,2006-01-07T05:15,2006-01-07T07:45,BIQ,61497087
PFMELEHI,code,L,70004515,ST,2006-01-07T08:35,2006-01-07T09:45,CDG,61497087
PFMELEHI,code,L,70004506,ST,2006-01-07T12:40,2006-01-07T13:50,LYS,61497087
PFMELEHI,code,L,70004519,ST,2006-01-07T14:25,2006-01-07T15:25,CDG,61497087
PFMELEHI,code,L,70004520,ST,2006-01-07T16:05,2006-01-07T17:10,CFE,61497087
PFMELEHI,code,L,70004499,ST,2006-01-07T20:25,2006-01-07T22:35,CDG,61497087
GMGWUOGT,code,L,70004498,ST,2006-01-07T05:15,2006-01-07T07:45,BIQ,61497087
GMGWUOGT,code,L,70004515,ST,2006-01-07T08:35,2006-01-07T09:45,CDG,61497087
GMGWUOGT,code,L,70004506,ST,2006-01-07T12:40,2006-01-07T13:50,LYS,61497087
GMGWUOGT,code,L,70004519,ST,2006-01-07T14:25,2006-01-07T15:25,CDG,61497087
GMGWUOGT,code,L,70004520,ST,2006-01-07T16:05,2006-01-07T17:10,CFE,61497087
GMGWUOGT,code,L,70004499,ST,2006-01-07T20:25,2006-01-07T22:35,CDG,61497087
FMHZUZBO,code,L,70004498,ST,2006-01-07T05:15,2006-01-07T07:45,BIQ,61497087
FMHZUZBO,code,L,70004515,ST,2006-01-07T08:35,2006-01-07T09:45,CDG,61497087
FMHZUZBO,code,L,70004506,ST,2006-01-07T12:40,2006-01-07T13:50,LYS,61497087
FMHZUZBO,code,L,70004519,ST,2006-01-07T14:25,2006-01-07T15:25,CDG,61497087
FMHZUZBO,code,L,70004520,ST,2006-01-07T16:05,2006-01-07T17:10,CFE,61497087
FMHZUZBO,code,L,70004499,ST,2006-01-07T20:25,2006-01-07T22:35,CDG,61497087
LSWGVQLH,code,L,70004498,ST,2006-01-07T05:15,2006-01-07T07:45,BIQ,61497087
LSWGVQLH,code,L,70004515,ST,2006-01-07T08:35,2006-01-07T09:45,CDG,61497087
LSWGVQLH,code,L,70004506,ST,2006-01-07T12:40,2006-01-07T13:50,LYS,61497087
LSWGVQLH,code,L,70004519,ST,2006-01-07T14:25,2006-01-07T15:25,CDG,61497087
LSWGVQLH,code,L,70004520,ST,2006-01-07T16:05,2006-01-07T17:10,CFE,61497087
LSWGVQLH,code,L,70004499,ST,2006-01-07T20:25,2006-01-07T22:35,CDG,61497087
LIQAGCBJ,code,L,70004643,CP,2006-01-07T05:15,2006-01-07T07:40,CDG,1507096884
LIQAGCBJ,code,L,70002972,CP,2006-01-07T09:10,2006-01-07T10:30,TLS,1507096884
LIQAGCBJ,code,L,70004431,CP,2006-01-07T11:40,2006-01-07T13:20,ORY,1507096884
LIQAGCBJ,code,L,70004432,CP,2006-01-07T14:35,2006-01-07T16:15,AJA,1507096884
LIQAGCBJ,code,L,70004437,CP,2006-01-07T17:00,2006-01-07T18:40,ORY,1507096884
LIQAGCBJ,code,L,70004434,CP,2006-01-07T19:30,2006-01-07T20:45,AJA,1507096884
RHYDTHAD,code,L,70004643,FO,2006-01-07T05:15,2006-01-07T07:40,CDG,1507096884
RHYDTHAD,code,L,70002972,FO,2006-01-07T09:10,2006-01-07T10:30,TLS,1507096884
RHYDTHAD,code,L,70004431,FO,2006-01-07T11:40,2006-01-07T13:20,ORY,1507096884
RHYDTHAD,code,L,70004432,FO,2006-01-07T14:35,2006-01-07T16:15,AJA,1507096884
RHYDTHAD,code,L,70004437,FO,2006-01-07T17:00,2006-01-07T18:40,ORY,1507096884
RHYDTHAD,code,L,70004434,FO,2006-01-07T19:30,2006-01-07T20:45,AJA,1507096884
THCRTLWL,code,L,70004643,CS,2006-01-07T05:15,2006-01-07T07:40,CDG,1507096884
THCRTLWL,code,L,70002972,CS,2006-01-07T09:10,2006-01-07T10:30,TLS,1507096884
THCRTLWL,code,L,70004431,CS,2006-01-07T11:40,2006-01-07T13:20,ORY,1507096884
THCRTLWL,code,L,70004432,CS,2006-01-07T14:35,2006-01-07T16:15,AJA,1507096884
THCRTLWL,code,L,70004437,CS,2006-01-07T17:00,2006-01-07T18:40,ORY,1507096884
THCRTLWL,code,L,70004434,CS,2006-01-07T19:30,2006-01-07T20:45,AJA,1507096884
UCPUNKEX,code,L,70004643,CS,2006-01-07T05:15,2006-01-07T07:40,CDG,1507096884
UCPUNKEX,code,L,70002972,CS,2006-01-07T09:10,2006-01-07T10:30,TLS,1507096884
UCPUNKEX,code,L,70004431,CS,2006-01-07T11:40,2006-01-07T13:20,ORY,1507096884
UCPUNKEX,code,L,70004432,CS,2006-01-07T14:35,2006-01-07T16:15,AJA,1507096884
UCPUNKEX,code,L,70004437,CS,2006-01-07T17:00,2006-01-07T18:40,ORY,1507096884
UCPUNKEX,code,L,70004434,CS,2006-01-07T19:30,2006-01-07T20:45,AJA,1507096884
HDFNOTIP,code,L,70004643,ST,2006-01-07T05:15,2006-01-07T07:40,CDG,1507096884
HDFNOTIP,code,L,70002972,ST,2006-01-07T09:10,2006-01-07T10:30,TLS,1507096884
HDFNOTIP,code,L,70004431,ST,2006-01-07T11:40,2006-01-07T13:20,ORY,1507096884
HDFNOTIP,code,L,70004432,ST,2006-01-07T14:35,2006-01-07T16:15,AJA,1507096884
HDFNOTIP,code,L,70004437,ST,2006-01-07T17:00,2006-01-07T18:40,ORY,1507096884
HDFNOTIP,code,L,70004434,ST,2006-01-07T19:30,2006-01-07T20:45,AJA,1507096884
NZXZDGLL,code,L,70004643,ST,2006-01-07T05:15,2006-01-07T07:40,CDG,1507096884
NZXZDGLL,code,L,70002972,ST,2006-01-07T09:10,2006-01-07T10:30,TLS,1507096884
NZXZDGLL,code,L,70004431,ST,2006-01-07T11:40,2006-01-07T13:20,ORY,1507096884
NZXZDGLL,code,L,70004432,ST,2006-01-07T14:35,2006-01-07T16:15,AJA,1507096884
NZXZDGLL,code,L,70004437,ST,2006-01-07T17:00,2006-01-07T18:40,ORY,1507096884
NZXZDGLL,code,L,70004434,ST,2006-01-07T19:30,2006-01-07T20:45,AJA,1507096884
XSHKBPMV,code,L,70004643,ST,2006-01-07T05:15,2006-01-07T07:40,CDG,1507096884
XSHKBPMV,code,L,70002972,ST,2006-01-07T09:10,2006-01-07T10:30,TLS,1507096884
XSHKBPMV,code,L,70004431,ST,2006-01-07T11:40,2006-01-07T13:20,ORY,1507096884
XSHKBPMV,code,L,70004432,ST,2006-01-07T14:35,2006-01-07T16:15,AJA,1507096884
XSHKBPMV,code,L,70004437,ST,2006-01-07T17:00,2006-01-07T18:40,ORY,1507096884
XSHKBPMV,code,L,70004434,ST,2006-01-07T19:30,2006-01-07T20:45,AJA,1507096884
NGGKWTGZ,code,L,70004643,ST,2006-01-07T05:15,2006-01-07T07:40,CDG,1507096884
NGGKWTGZ,code,L,70002972,ST,2006-01-07T09:10,2006-01-07T10:30,TLS,1507096884
NGGKWTGZ,code,L,70004431,ST,2006-01-07T11:40,2006-01-07T13:20,ORY,1507096884
NGGKWTGZ,code,L,70004432,ST,2006-01-07T14:35,2006-01-07T16:15,AJA,1507096884
NGGKWTGZ,code,L,70004437,ST,2006-01-07T17:00,2006-01-07T18:40,ORY,1507096884
NGGKWTGZ,code,L,70004434,ST,2006-01-07T19:30,2006-01-07T20:45,AJA,1507096884
UYHRPDWF,code,L,70004643,ST,2006-01-07T05:15,2006-01-07T07:40,CDG,1507096884
UYHRPDWF,code,L,70002972,ST,2006-01-07T09:10,2006-01-07T10:30,TLS,1507096884
UYHRPDWF,code,L,70004431,ST,2006-01-07T11:40,2006-01-07T13:20,ORY,1507096884
UYHRPDWF,code,L,70004432,ST,2006-01-07T14:35,2006-01-07T16:15,AJA,1507096884
UYHRPDWF,code,L,70004437,ST,2006-01-07T17:00,2006-01-07T18:40,ORY,1507096884
UYHRPDWF,code,L,70004434,ST,2006-01-07T19:30,2006-01-07T20:45,AJA,1507096884
JZVGIATX,code,L,70004643,ST,2006-01-07T05:15,2006-01-07T07:40,CDG,1507096884
JZVGIATX,code,L,70002972,ST,2006-01-07T09:10,2006-01-07T10:30,TLS,1507096884
JZVGIATX,code,L,70004431,ST,2006-01-07T11:40,2006-01-07T13:20,ORY,1507096884
JZVGIATX,code,L,70004432,ST,2006-01-07T14:35,2006-01-07T16:15,AJA,1507096884
JZVGIATX,code,L,70004437,ST,2006-01-07T17:00,2006-01-07T18:40,ORY,1507096884
JZVGIATX,code,L,70004434,ST,2006-01-07T19:30,2006-01-07T20:45,AJA,1507096884
MIFDTEAY,code,L,70004523,CP,2006-01-07T05:15,2006-01-07T07:40,CDG,585887566
MIFDTEAY,code,L,70004524,CP,2006-01-07T09:05,2006-01-07T11:20,MRS,585887566
BGTIHADP,code,L,70004523,FO,2006-01-07T05:15,2006-01-07T07:40,CDG,585887566
BGTIHADP,code,L,70004524,FO,2006-01-07T09:05,2006-01-07T11:20,MRS,585887566
RLUGLVEL,code,L,70004523,CS,2006-01-07T05:15,2006-01-07T07:40,CDG,585887566
RLUGLVEL,code,L,70004524,CS,2006-01-07T09:05,2006-01-07T11:20,MRS,585887566
QOBKKHBS,code,L,70004523,CS,2006-01-07T05:15,2006-01-07T07:40,CDG,585887566
QOBKKHBS,code,L,70004524,CS,2006-01-07T09:05,2006-01-07T11:20,MRS,585887566
FOBCXTQU,code,L,70004523,ST,2006-01-07T05:15,2006-01-07T07:40,CDG,585887566
FOBCXTQU,code,L,70004524,ST,2006-01-07T09:05,2006-01-07T11:20,MRS,585887566
RIJJDMRO,code,L,70004523,ST,2006-01-07T05:15,2006-01-07T07:40,CDG,585887566
RIJJDMRO,code,L,70004524,ST,2006-01-07T09:05,2006-01-07T11:20,MRS,585887566
WSPCCVJV,code,L,70004523,ST,2006-01-07T05:15,2006-01-07T07:40,CDG,585887566
WSPCCVJV,code,L,70004524,ST,2006-01-07T09:05,2006-01-07T11:20,MRS,585887566
BJAUSXGD,code,L,70004523,ST,2006-01-07T05:15,2006-01-07T07:40,CDG,585887566
BJAUSXGD,code,L,70004524,ST,2006-01-07T09:05,2006-01-07T11:20,MRS,585887566
UYDWSVHU,code,L,70004523,ST,2006-01-07T05:15,2006-01-07T07:40,CDG,585887566
UYDWSVHU,code,L,70004524,ST,2006-01-07T09:05,2006-01-07T11:20,MRS,585887566
HJKWWKXT,code,L,70004523,ST,2006-01-07T05:15,2006-01-07T07:40,CDG,585887566
HJKWWKXT,code,L,70004524,ST,2006-01-07T09:05,2006-01-07T11:20,MRS,585887566
UNIAHQXY,code,L,70004563,CP,2006-01-07T05:20,2006-01-07T07:55,CDG,485266100
UNIAHQXY,code,L,70004564,CP,2006-01-07T09:05,2006-01-07T11:25,NCE,485266100
HUKTNDHV,code,L,70004563,FO,2006-01-07T05:20,2006-01-07T07:55,CDG,485266100
HUKTNDHV,code,L,70004564,FO,2006-01-07T09:05,2006-01-07T11:25,NCE,485266100
WIAOEMLJ,code,L,70004563,CS,2006-01-07T05:20,2006-01-07T07:55,CDG,485266100
WIAOEMLJ,code,L,70004564,CS,2006-01-07T09:05,2006-01-07T11:25,NCE,485266100
OKJJCDEO,code,L,70004563,CS,2006-01-07T05:20,2006-01-07T07:55,CDG,485266100
OKJJCDEO,code,L,70004564,CS,2006-01-07T09:05,2006-01-07T11:25,NCE,485266100
EYMSPDIT,code,L,70004563,ST,2006-01-07T05:20,2006-01-07T07:55,CDG,485266100
EYMSPDIT,code,L,70004564,ST,2006-01-07T09:05,2006-01-07T11:25,NCE,485266100
NQJAEOGV,code,L,70004563,ST,2006-01-07T05:20,2006-01-07T07:55,CDG,485266100
NQJAEOGV,code,L,70004564,ST,2006-01-07T09:05,2006-01-07T11:25,NCE,485266100
YNWNVTYW,code,L,70004563,ST,2006-01-07T05:20,2006-01-07T07:55,CDG,485266100
YNWNVTYW,code,L,70004564,ST,2006-01-07T09:05,2006-01-07T11:25,NCE,485266100
CPCJIWGG,code,L,70004563,ST,2006-01-07T05:20,2006-01-07T07:55,CDG,485266100
CPCJIWGG,code,L,70004564,ST,2006-01-07T09:05,2006-01-07T11:25,NCE,485266100
TSBPHJCY,code,L,70004563,ST,2006-01-07T05:20,2006-01-07T07:55,CDG,485266100
TSBPHJCY,code,L,70004564,ST,2006-01-07T09:05,2006-01-07T11:25,NCE,485266100
TIUAVHVU,code,L,70004563,ST,2006-01-07T05:20,2006-01-07T07:55,CDG,485266100
TIUAVHVU,code,L,70004564,ST,2006-01-07T09:05,2006-01-07T11:25,NCE,485266100
DCYOCVPE,code,L,70004375,CP,2006-01-07T05:25,2006-01-07T07:50,ORY,2039633683
DCYOCVPE,code,L,70004376,CP,2006-01-07T08:35,2006-01-07T10:50,TLN,2039633683
XDHGLBPV,code,L,70004375,FO,2006-01-07T05:25,2006-01-07T07:50,ORY,2039633683
XDHGLBPV,code,L,70004376,FO,2006-01-07T08:35,2006-01-07T10:50,TLN,2039633683
QEBMJTPC,code,L,70004375,CS,2006-01-07T05:25,2006-01-07T07:50,ORY,2039633683
QEBMJTPC,code,L,70004376,CS,2006-01-07T08:35,2006-01-07T10:50,TLN,2039633683
EHYAUVRM,code,L,70004375,CS,2006-01-07T05:25,2006-01-07T07:50,ORY,2039633683
EHYAUVRM,code,L,70004376,CS,2006-01-07T08:35,2006-01-07T10:50,TLN,2039633683
TJOXGDFH,code,L,70004375,ST,2006-01-07T05:25,2006-01-07T07:50,ORY,2039633683
TJOXGDFH,code,L,70004376,ST,2006-01-07T08:35,2006-01-07T10:50,TLN,2039633683
HJPEVMKQ,code,L,70004375,ST,2006-01-07T05:25,2006-01-07T07:50,ORY,2039633683
HJPEVMKQ,code,L,70004376,ST,2006-01-07T08:35,2006-01-07T10:50,TLN,2039633683
CCFVCKCQ,code,L,70004375,ST,2006-01-07T05:25,2006-01-07T07:50,ORY,2039633683
CCFVCKCQ,code,L,70004376,ST,2006-01-07T08:35,2006-01-07T10:50,TLN,2039633683
JCHATNZS,code,L,70004375,ST,2006-01-07T05:25,2006-01-07T07:50,ORY,2039633683
JCHATNZS,code,L,70004376,ST,2006-01-07T08:35,2006-01-07T10:50,TLN,2039633683
LMBWMVQK,code,L,70004375,ST,2006-01-07T05:25,2006-01-07T07:50,ORY,2039633683
LMBWMVQK,code,L,70004376,ST,2006-01-07T08:35,2006-01-07T10:50,TLN,2039633683
UMDYHWUN,code,L,70004375,ST,2006-01-07T05:25,2006-01-07T07:50,ORY,2039633683
UMDYHWUN,code,L,70004376,ST,2006-01-07T08:35,2006-01-07T10:50,TLN,2039633683
QHWKPULL,code,L,70004514,CP,2006-01-07T05:25,2006-01-07T07:35,LYS,1484135457
QHWKPULL,code,L,70004503,CP,2006-01-07T08:30,2006-01-07T10:25,CDG,1484135457
TXWJANUD,code,L,70004514,FO,2006-01-07T05:25,2006-01-07T07:35,LYS,1484135457
TXWJANUD,code,L,70004503,FO,2006-01-07T08:30,2006-01-07T10:25,CDG,1484135457
KRJPMZBP,code,L,70004514,CS,2006-01-07T05:25,2006-01-07T07:35,LYS,1484135457
KRJPMZBP,code,L,70004503,CS,2006-01-07T08:30,2006-01-07T10:25,CDG,1484135457
OUKOUVXR,code,L,70004514,CS,2006-01-07T05:25,2006-01-07T07:35,LYS,1484135457
OUKOUVXR,code,L,70004503,CS,2006-01-07T08:30,2006-01-07T10:25,CDG,1484135457
AIKVMBYC,code,L,70004514,ST,2006-01-07T05:25,2006-01-07T07:35,LYS,1484135457
AIKVMBYC,code,L,70004503,ST,2006-01-07T08:30,2006-01-07T10:25,CDG,1484135457
PSFFZNXD,code,L,70004514,ST,2006-01-07T05:25,2006-01-07T07:35,LYS,1484135457
PSFFZNXD,code,L,70004503,ST,2006-01-07T08:30,2006-01-07T10:25,CDG,1484135457
HCUCEEIN,code,L,70004514,ST,2006-01-07T05:25,2006-01-07T07:35,LYS,1484135457
HCUCEEIN,code,L,70004503,ST,2006-01-07T08:30,2006-01-07T10:25,CDG,1484135457
ZAFILXLP,code,L,70004514,ST,2006-01-07T05:25,2006-01-07T07:35,LYS,1484135457
ZAFILXLP,code,L,70004503,ST,2006-01-07T08:30,2006-01-07T10:25,CDG,1484135457
EDKVKXWO,code,L,70004514,ST,2006-01-07T05:25,2006-01-07T07:35,LYS,1484135457
EDKVKXWO,code,L,70004503,ST,2006-01-07T08:30,2006-01-07T10:25,CDG,1484135457
QCRKGFRZ,code,L,70004514,ST,2006-01-07T05:25,2006-01-07T07:35,LYS,1484135457
QCRKGFRZ,code,L,70004503,ST,2006-01-07T08:30,2006-01-07T10:25,CDG,1484135457
HOHMJWWM,code,L,70004574,CP,2006-01-07T05:25,2006-01-07T08:00,NCE,16322739
HOHMJWWM,code,L,70004565,CP,2006-01-07T09:35,2006-01-07T11:55,CDG,16322739
WQAZPYND,code,L,70004574,FO,2006-01-07T05:25,2006-01-07T08:00,NCE,16322739
WQAZPYND,code,L,70004565,FO,2006-01-07T09:35,2006-01-07T11:55,CDG,16322739
VARQKSWA,code,L,70004574,CS,2006-01-07T05:25,2006-01-07T08:00,NCE,16322739
VARQKSWA,code,L,70004565,CS,2006-01-07T09:35,2006-01-07T11:55,CDG,16322739
KGZCATMY,code,L,70004574,CS,2006-01-07T05:25,2006-01-07T08:00,NCE,16322739
KGZCATMY,code,L,70004565,CS,2006-01-07T09:35,2006-01-07T11:55,CDG,16322739
LNYUWLZM,code,L,70004574,ST,2006-01-07T05:25,2006-01-07T08:00,NCE,16322739
LNYUWLZM,code,L,70004565,ST,2006-01-07T09:35,2006-01-07T11:55,CDG,16322739
MSWHGVJY,code,L,70004574,ST,2006-01-07T05:25,2006-01-07T08:00,NCE,16322739
MSWHGVJY,code,L,70004565,ST,2006-01-07T09:35,2006-01-07T11:55,CDG,16322739
RCQGAGFA,code,L,70004574,ST,2006-01-07T05:25,2006-01-07T08:00,NCE,16322739
RCQGAGFA,code,L,70004565,ST,2006-01-07T09:35,2006-01-07T11:55,CDG,16322739
GUDFZFHM,code,L,70004574,ST,2006-01-07T05:25,2006-01-07T08:00,NCE,16322739
GUDFZFHM,code,L,70004565,ST,2006-01-07T09:35,2006-01-07T11:55,CDG,16322739
KAVFPJJP,code,L,70004574,ST,2006-01-07T05:25,2006-01-07T08:00,NCE,16322739
KAVFPJJP,code,L,70004565,ST,2006-01-07T09:35,2006-01-07T11:55,CDG,16322739
CMNHJJLI,code,L,70004574,ST,2006-01-07T05:25,2006-01-07T08:00,NCE,16322739
CMNHJJLI,code,L,70004565,ST,2006-01-07T09:35,2006-01-07T11:55,CDG,16322739
JVQHJDYG,code,L,70004483,CP,2006-01-07T05:30,2006-01-07T07:50,CDG,659767626
JVQHJDYG,code,L,70004488,CP,2006-01-07T09:20,2006-01-07T11:30,BOD,659767626
QZTQAOSK,code,L,70004483,FO,2006-01-07T05:30,2006-01-07T07:50,CDG,659767626
QZTQAOSK,code,L,70004488,FO,2006-01-07T09:20,2006-01-07T11:30,BOD,659767626
NXIDGGFG,code,L,70004483,CS,2006-01-07T05:30,2006-01-07T07:50,CDG,659767626
NXIDGGFG,code,L,70004488,CS,2006-01-07T09:20,2006-01-07T11:30,BOD,659767626
KHSALUYK,code,L,70004483,CS,2006-01-07T05:30,2006-01-07T07:50,CDG,659767626
KHSALUYK,code,L,70004488,CS,2006-01-07T09:20,2006-01-07T11:30,BOD,659767626
BRQWQUZR,code,L,70004483,ST,2006-01-07T05:30,2006-01-07T07:50,CDG,659767626
BRQWQUZR,code,L,70004488,ST,2006-01-07T09:20,2006-01-07T11:30,BOD,659767626
ELINWRPD,code,L,70004483,ST,2006-01-07T05:30,2006-01-07T07:50,CDG,659767626
ELINWRPD,code,L,70004488,ST,2006-01-07T09:20,2006-01-07T11:30,BOD,659767626
SNOLINCY,code,L,70004483,ST,2006-01-07T05:30,2006-01-07T07:50,CDG,659767626
SNOLINCY,code,L,70004488,ST,2006-01-07T09:20,2006-01-07T11:30,BOD,659767626
ZJKPFLBS,code,L,70004483,ST,2006-01-07T05:30,2006-01-07T07:50,CDG,659767626
ZJKPFLBS,code,L,70004488,ST,2006-01-07T09:20,2006-01-07T11:30,BOD,659767626
UWUAGWFB,code,L,70004483,ST,2006-01-07T05:30,2006-01-07T07:50,CDG,659767626
UWUAGWFB,code,L,70004488,ST,2006-01-07T09:20,2006-01-07T11:30,BOD,659767626
DGIEJVRU,code,L,70004483,ST,2006-01-07T05:30,2006-01-07T07:50,CDG,659767626
DGIEJVRU,code,L,70004488,ST,2006-01-07T09:20,2006-01-07T11:30,BOD,659767626
FXELPJBG,code,L,70003107,CP,2006-01-07T05:30,2006-01-07T07:50,ORY,1539174560
FXELPJBG,code,L,70003108,CP,2006-01-07T08:35,2006-01-07T10:45,NCE,1539174560
EOLGAPTI,code,L,70003107,FO,2006-01-07T05:30,2006-01-07T07:50,ORY,1539174560
EOLGAPTI,code,L,70003108,FO,2006-01-07T08:35,2006-01-07T10:45,NCE,1539174560
OFWZKMRQ,code,L,70003107,CS,2006-01-07T05:30,2006-01-07T07:50,ORY,1539174560
OFWZKMRQ,code,L,70003108,CS,2006-01-07T08:35,2006-01-07T10:45,NCE,1539174560
SYCTLRDD,code,L,70003107,CS,2006-01-07T05:30,2006-01-07T07:50,ORY,1539174560
SYCTLRDD,code,L,70003108,CS,2006-01-07T08:35,2006-01-07T10:45,NCE,1539174560
XLRDMPAG,code,L,70003107,ST,2006-01-07T05:30,2006-01-07T07:50,ORY,1539174560
XLRDMPAG,code,L,70003108,ST,2006-01-07T08:35,2006-01-07T10:45,NCE,1539174560
QAATDFDB,code,L,70003107,ST,2006-01-07T05:30,2006-01-07T07:50,ORY,1539174560
QAATDFDB,code,L,70003108,ST,2006-01-07T08:35,2006-01-07T10:45,NCE,1539174560
ZQHLKIJD,code,L,70003107,ST,2006-01-07T05:30,2006-01-07T07:50,ORY,1539174560
ZQHLKIJD,code,L,70003108,ST,2006-01-07T08:35,2006-01-07T10:45,NCE,1539174560
GBGZUYYP,code,L,70003107,ST,2006-01-07T05:30,2006-01-07T07:50,ORY,1539174560
GBGZUYYP,code,L,70003108,ST,2006-01-07T08:35,2006-01-07T10:45,NCE,1539174560
JETZAAUO,code,L,70003107,ST,2006-01-07T05:30,2006-01-07T07:50,ORY,1539174560
JETZAAUO,code,L,70003108,ST,2006-01-07T08:35,2006-01-07T10:45,NCE,1539174560
QFVAZPVQ,code,L,70003107,ST,2006-01-07T05:30,2006-01-07T07:50,ORY,1539174560
QFVAZPVQ,code,L,70003108,ST,2006-01-07T08:35,2006-01-07T10:45,NCE,1539174560
HZCADTJB,code,L,70002872,CP,2006-01-07T05:30,2006-01-07T07:50,MRS,185012673
HZCADTJB,code,L,70002879,CP,2006-01-07T08:35,2006-01-07T10:35,ORY,185012673
HDXSTLYE,code,L,70002872,FO,2006-01-07T05:30,2006-01-07T07:50,MRS,185012673
HDXSTLYE,code,L,70002879,FO,2006-01-07T08:35,2006-01-07T10:35,ORY,185012673
YVXEEUWP,code,L,70002872,CS,2006-01-07T05:30,2006-01-07T07:50,MRS,185012673
YVXEEUWP,code,L,70002879,CS,2006-01-07T08:35,2006-01-07T10:35,ORY,185012673
GBTOCMFG,code,L,70002872,CS,2006-01-07T05:30,2006-01-07T07:50,MRS,185012673
GBTOCMFG,code,L,70002879,CS,2006-01-07T08:35,2006-01-07T10:35,ORY,185012673
IFKMCEAG,code,L,70002872,ST,2006-01-07T05:30,2006-01-07T07:50,MRS,185012673
IFKMCEAG,code,L,70002879,ST,2006-01-07T08:35,2006-01-07T10:35,ORY,185012673
VOQIQZQU,code,L,70002872,ST,2006-01-07T05:30,2006-01-07T07:50,MRS,185012673
VOQIQZQU,code,L,70002879,ST,2006-01-07T08:35,2006-01-07T10:35,ORY,185012673
YMCNZEHY,code,L,70002872,ST,2006-01-07T05:30,2006-01-07T07:50,MRS,185012673
YMCNZEHY,code,L,70002879,ST,2006-01-07T08:35,2006-01-07T10:35,ORY,185012673
XHIGGUYY,code,L,70002872,ST,2006-01-07T05:30,2006-01-07T07:50,MRS,185012673
XHIGGUYY,code,L,70002879,ST,2006-01-07T08:35,2006-01-07T10:35,ORY,185012673
UKIDTWHN,code,L,70002872,ST,2006-01-07T05:30,2006-01-07T07:50,MRS,185012673
UKIDTWHN,code,L,70002879,ST,2006-01-07T08:35,2006-01-07T10:35,ORY,185012673
JEBQTVXN,code,L,70002872,ST,2006-01-07T05:30,2006-01-07T07:50,MRS,185012673
JEBQTVXN,code,L,70002879,ST,2006-01-07T08:35,2006-01-07T10:35,ORY,185012673
WEJISWTH,code,L,70004360,CP,2006-01-07T05:30,2006-01-07T07:55,LDE,1477521204
WEJISWTH,code,L,70004359,CP,2006-01-07T08:45,2006-01-07T10:05,ORY,1477521204
WEJISWTH,code,L,70004350,CP,2006-01-07T10:45,2006-01-07T12:10,LDE,1477521204
WEJISWTH,code,L,70004349,CP,2006-01-07T12:55,2006-01-07T15:00,ORY,1477521204
CAULTLQN,code,L,70004360,FO,2006-01-07T05:30,2006-01-07T07:55,LDE,1477521204
CAULTLQN,code,L,70004359,FO,2006-01-07T08:45,2006-01-07T10:05,ORY,1477521204
CAULTLQN,code,L,70004350,FO,2006-01-07T10:45,2006-01-07T12:10,LDE,1477521204
CAULTLQN,code,L,70004349,FO,2006-01-07T12:55,2006-01-07T15:00,ORY,1477521204
SCRUYGQO,code,L,70004360,CSD,2006-01-07T05:30,2006-01-07T07:55,LDE,1477521204
SCRUYGQO,code,L,70004359,CSD,2006-01-07T08:45,2006-01-07T10:05,ORY,1477521204
SCRUYGQO,code,L,70004350,CSD,2006-01-07T10:45,2006-01-07T12:10,LDE,1477521204
SCRUYGQO,code,L,70004349,CSD,2006-01-07T12:55,2006-01-07T15:00,ORY,1477521204
ENXQJYOC,code,L,70004360,ST,2006-01-07T05:30,2006-01-07T07:55,LDE,1477521204
ENXQJYOC,code,L,70004359,ST,2006-01-07T08:45,2006-01-07T10:05,ORY,1477521204
ENXQJYOC,code,L,70004350,ST,2006-01-07T10:45,2006-01-07T12:10,LDE,1477521204
ENXQJYOC,code,L,70004349,ST,2006-01-07T12:55,2006-01-07T15:00,ORY,1477521204
QXISWYPK,code,L,70004360,ST,2006-01-07T05:30,2006-01-07T07:55,LDE,1477521204
QXISWYPK,code,L,70004359,ST,2006-01-07T08:45,2006-01-07T10:05,ORY,1477521204
QXISWYPK,code,L,70004350,ST,2006-01-07T10:45,2006-01-07T12:10,LDE,1477521204
QXISWYPK,code,L,70004349,ST,2006-01-07T12:55,2006-01-07T15:00,ORY,1477521204
YSOHLEAZ,code,L,70004623,CP,2006-01-07T05:35,2006-01-07T07:35,ORY,744291659
YSOHLEAZ,code,L,70004626,CP,2006-01-07T09:35,2006-01-07T10:45,SXB,744291659
YSOHLEAZ,code,L,70004625,CP,2006-01-07T11:40,2006-01-07T12:50,CDG,744291659
YSOHLEAZ,code,L,70004634,CP,2006-01-07T14:10,2006-01-07T15:20,SXB,744291659
YSOHLEAZ,code,L,70004629,CP,2006-01-07T16:30,2006-01-07T17:40,CDG,744291659
YSOHLEAZ,code,L,70004630,CP,2006-01-07T18:25,2006-01-07T19:35,SXB,744291659
YSOHLEAZ,code,L,70004647,CP,2006-01-07T20:30,2006-01-07T22:25,CDG,744291659
HCPFSELS,code,L,70004623,FO,2006-01-07T05:35,2006-01-07T07:35,ORY,744291659
HCPFSELS,code,L,70004626,FO,2006-01-07T09:35,2006-01-07T10:45,SXB,744291659
HCPFSELS,code,L,70004625,FO,2006-01-07T11:40,2006-01-07T12:50,CDG,744291659
HCPFSELS,code,L,70004634,FO,2006-01-07T14:10,2006-01-07T15:20,SXB,744291659
HCPFSELS,code,L,70004629,FO,2006-01-07T16:30,2006-01-07T17:40,CDG,744291659
HCPFSELS,code,L,70004630,FO,2006-01-07T18:25,2006-01-07T19:35,SXB,744291659
HCPFSELS,code,L,70004647,FO,2006-01-07T20:30,2006-01-07T22:25,CDG,744291659
MXVDSZXP,code,L,70004623,CS,2006-01-07T05:35,2006-01-07T07:35,ORY,744291659
MXVDSZXP,code,L,70004626,CS,2006-01-07T09:35,2006-01-07T10:45,SXB,744291659
MXVDSZXP,code,L,70004625,CS,2006-01-07T11:40,2006-01-07T12:50,CDG,744291659
MXVDSZXP,code,L,70004634,CS,2006-01-07T14:10,2006-01-07T15:20,SXB,744291659
MXVDSZXP,code,L,70004629,CS,2006-01-07T16:30,2006-01-07T17:40,CDG,744291659
MXVDSZXP,code,L,70004630,CS,2006-01-07T18:25,2006-01-07T19:35,SXB,744291659
MXVDSZXP,code,L,70004647,CS,2006-01-07T20:30,2006-01-07T22:25,CDG,744291659
NNRSPUAJ,code,L,70004623,CS,2006-01-07T05:35,2006-01-07T07:35,ORY,744291659
NNRSPUAJ,code,L,70004626,CS,2006-01-07T09:35,2006-01-07T10:45,SXB,744291659
NNRSPUAJ,code,L,70004625,CS,2006-01-07T11:40,2006-01-07T12:50,CDG,744291659
NNRSPUAJ,code,L,70004634,CS,2006-01-07T14:10,2006-01-07T15:20,SXB,744291659
NNRSPUAJ,code,L,70004629,CS,2006-01-07T16:30,2006-01-07T17:40,CDG,744291659
NNRSPUAJ,code,L,70004630,CS,2006-01-07T18:25,2006-01-07T19:35,SXB,744291659
NNRSPUAJ,code,L,70004647,CS,2006-01-07T20:30,2006-01-07T22:25,CDG,744291659
EAUCYWSV,code,L,70004623,ST,2006-01-07T05:35,2006-01-07T07:35,ORY,744291659
EAUCYWSV,code,L,70004626,ST,2006-01-07T09:35,2006-01-07T10:45,SXB,744291659
EAUCYWSV,code,L,70004625,ST,2006-01-07T11:40,2006-01-07T12:50,CDG,744291659
EAUCYWSV,code,L,70004634,ST,2006-01-07T14:10,2006-01-07T15:20,SXB,744291659
EAUCYWSV,code,L,70004629,ST,2006-01-07T16:30,2006-01-07T17:40,CDG,744291659
EAUCYWSV,code,L,70004630,ST,2006-01-07T18:25,2006-01-07T19:35,SXB,744291659
EAUCYWSV,code,L,70004647,ST,2006-01-07T20:30,2006-01-07T22:25,CDG,744291659
XRIBBEMY,code,L,70004623,ST,2006-01-07T05:35,2006-01-07T07:35,ORY,744291659
XRIBBEMY,code,L,70004626,ST,2006-01-07T09:35,2006-01-07T10:45,SXB,744291659
XRIBBEMY,code,L,70004625,ST,2006-01-07T11:40,2006-01-07T12:50,CDG,744291659
XRIBBEMY,code,L,70004634,ST,2006-01-07T14:10,2006-01-07T15:20,SXB,744291659
XRIBBEMY,code,L,70004629,ST,2006-01-07T16:30,2006-01-07T17:40,CDG,744291659
XRIBBEMY,code,L,70004630,ST,2006-01-07T18:25,2006-01-07T19:35,SXB,744291659
XRIBBEMY,code,L,70004647,ST,2006-01-07T20:30,2006-01-07T22:25,CDG,744291659
SLMNZUMU,code,L,70004623,ST,2006-01-07T05:35,2006-01-07T07:35,ORY,744291659
SLMNZUMU,code,L,70004626,ST,2006-01-07T09:35,2006-01-07T10:45,SXB,744291659
SLMNZUMU,code,L,70004625,ST,2006-01-07T11:40,2006-01-07T12:50,CDG,744291659
SLMNZUMU,code,L,70004634,ST,2006-01-07T14:10,2006-01-07T15:20,SXB,744291659
SLMNZUMU,code,L,70004629,ST,2006-01-07T16:30,2006-01-07T17:40,CDG,744291659
SLMNZUMU,code,L,70004630,ST,2006-01-07T18:25,2006-01-07T19:35,SXB,744291659
SLMNZUMU,code,L,70004647,ST,2006-01-07T20:30,2006-01-07T22:25,CDG,744291659
NKYFLZUT,code,L,70004623,ST,2006-01-07T05:35,2006-01-07T07:35,ORY,744291659
NKYFLZUT,code,L,70004626,ST,2006-01-07T09:35,2006-01-07T10:45,SXB,744291659
NKYFLZUT,code,L,70004625,ST,2006-01-07T11:40,2006-01-07T12:50,CDG,744291659
NKYFLZUT,code,L,70004634,ST,2006-01-07T14:10,2006-01-07T15:20,SXB,744291659
NKYFLZUT,code,L,70004629,ST,2006-01-07T16:30,2006-01-07T17:40,CDG,744291659
NKYFLZUT,code,L,70004630,ST,2006-01-07T18:25,2006-01-07T19:35,SXB,744291659
NKYFLZUT,code,L,70004647,ST,2006-01-07T20:30,2006-01-07T22:25,CDG,744291659
WRGKHJZK,code,L,70004623,ST,2006-01-07T05:35,2006-01-07T07:35,ORY,744291659
WRGKHJZK,code,L,70004626,ST,2006-01-07T09:35,2006-01-07T10:45,SXB,744291659
WRGKHJZK,code,L,70004625,ST,2006-01-07T11:40,2006-01-07T12:50,CDG,744291659
WRGKHJZK,code,L,70004634,ST,2006-01-07T14:10,2006-01-07T15:20,SXB,744291659
WRGKHJZK,code,L,70004629,ST,2006-01-07T16:30,2006-01-07T17:40,CDG,744291659
WRGKHJZK,code,L,70004630,ST,2006-01-07T18:25,2006-01-07T19:35,SXB,744291659
WRGKHJZK,code,L,70004647,ST,2006-01-07T20:30,2006-01-07T22:25,CDG,744291659
JLQZVTDE,code,L,70004623,ST,2006-01-07T05:35,2006-01-07T07:35,ORY,744291659
JLQZVTDE,code,L,70004626,ST,2006-01-07T09:35,2006-01-07T10:45,SXB,744291659
JLQZVTDE,code,L,70004625,ST,2006-01-07T11:40,2006-01-07T12:50,CDG,744291659
JLQZVTDE,code,L,70004634,ST,2006-01-07T14:10,2006-01-07T15:20,SXB,744291659
JLQZVTDE,code,L,70004629,ST,2006-01-07T16:30,2006-01-07T17:40,CDG,744291659
JLQZVTDE,code,L,70004630,ST,2006-01-07T18:25,2006-01-07T19:35,SXB,744291659
JLQZVTDE,code,L,70004647,ST,2006-01-07T20:30,2006-01-07T22:25,CDG,744291659
AMYAFYRA,code,L,70004536,CP,2006-01-07T05:35,2006-01-07T08:05,MRS,689146701
AMYAFYRA,code,L,70004525,CP,2006-01-07T09:30,2006-01-07T11:40,CDG,689146701
WGRYWGVS,code,L,70004536,FO,2006-01-07T05:35,2006-01-07T08:05,MRS,689146701
WGRYWGVS,code,L,70004525,FO,2006-01-07T09:30,2006-01-07T11:40,CDG,689146701
AHHASGXD,code,L,70004536,CS,2006-01-07T05:35,2006-01-07T08:05,MRS,689146701
AHHASGXD,code,L,70004525,CS,2006-01-07T09:30,2006-01-07T11:40,CDG,689146701
JIRGTASQ,code,L,70004536,CS,2006-01-07T05:35,2006-01-07T08:05,MRS,689146701
JIRGTASQ,code,L,70004525,CS,2006-01-07T09:30,2006-01-07T11:40,CDG,689146701
UAFDDGUU,code,L,70004536,ST,2006-01-07T05:35,2006-01-07T08:05,MRS,689146701
UAFDDGUU,code,L,70004525,ST,2006-01-07T09:30,2006-01-07T11:40,CDG,689146701
SAPPNOJV,code,L,70004536,ST,2006-01-07T05:35,2006-01-07T08:05,MRS,689146701
SAPPNOJV,code,L,70004525,ST,2006-01-07T09:30,2006-01-07T11:40,CDG,689146701
CJIGYQOE,code,L,70004536,ST,2006-01-07T05:35,2006-01-07T08:05,MRS,689146701
CJIGYQOE,code,L,70004525,ST,2006-01-07T09:30,2006-01-07T11:40,CDG,689146701
LAYNLDXR,code,L,70004536,ST,2006-01-07T05:35,2006-01-07T08:05,MRS,689146701
LAYNLDXR,code,L,70004525,ST,2006-01-07T09:30,2006-01-07T11:40,CDG,689146701
XDVXCZGR,code,L,70004536,ST,2006-01-07T05:35,2006-01-07T08:05,MRS,689146701
XDVXCZGR,code,L,70004525,ST,2006-01-07T09:30,2006-01-07T11:40,CDG,689146701
LEIEOKGQ,code,L,70004536,ST,2006-01-07T05:35,2006-01-07T08:05,MRS,689146701
LEIEOKGQ,code,L,70004525,ST,2006-01-07T09:30,2006-01-07T11:40,CDG,689146701
VXRQQFNM,code,L,70002970,CP,2006-01-07T05:40,2006-01-07T08:00,TLS,100621466
VXRQQFNM,code,L,70002975,CP,2006-01-07T08:50,2006-01-07T10:45,ORY,100621466
JTWIXUSI,code,L,70002970,FO,2006-01-07T05:40,2006-01-07T08:00,TLS,100621466
JTWIXUSI,code,L,70002975,FO,2006-01-07T08:50,2006-01-07T10:45,ORY,100621466
YXLJIKNE,code,L,70002970,CS,2006-01-07T05:40,2006-01-07T08:00,TLS,100621466
YXLJIKNE,code,L,70002975,CS,2006-01-07T08:50,2006-01-07T10:45,ORY,100621466
IQSDBLZL,code,L,70002970,CS,2006-01-07T05:40,2006-01-07T08:00,TLS,100621466
IQSDBLZL,code,L,70002975,CS,2006-01-07T08:50,2006-01-07T10:45,ORY,100621466
TJKQTRZI,code,L,70002970,ST,2006-01-07T05:40,2006-01-07T08:00,TLS,100621466
TJKQTRZI,code,L,70002975,ST,2006-01-07T08:50,2006-01-07T10:45,ORY,100621466
JWARSOAK,code,L,70002970,ST,2006-01-07T05:40,2006-01-07T08:00,TLS,100621466
JWARSOAK,code,L,70002975,ST,2006-01-07T08:50,2006-01-07T10:45,ORY,100621466
ISQGYJLQ,code,L,70002970,ST,2006-01-07T05:40,2006-01-07T08:00,TLS,100621466
ISQGYJLQ,code,L,70002975,ST,2006-01-07T08:50,2006-01-07T10:45,ORY,100621466
JFWUZSTN,code,L,70002970,ST,2006-01-07T05:40,2006-01-07T08:00,TLS,100621466
JFWUZSTN,code,L,70002975,ST,2006-01-07T08:50,2006-01-07T10:45,ORY,100621466
UHBDTYWJ,code,L,70002970,ST,2006-01-07T05:40,2006-01-07T08:00,TLS,100621466
UHBDTYWJ,code,L,70002975,ST,2006-01-07T08:50,2006-01-07T10:45,ORY,100621466
BWAUKXJB,code,L,70002970,ST,2006-01-07T05:40,2006-01-07T08:00,TLS,100621466
BWAUKXJB,code,L,70002975,ST,2006-01-07T08:50,2006-01-07T10:45,ORY,100621466
UEGAIKZC,code,L,70002605,CP,2006-01-07T05:40,2006-01-07T07:45,RNS,1617046705
UEGAIKZC,code,L,70002606,CP,2006-01-07T08:10,2006-01-07T10:05,TLS,1617046705
HZHEXWAF,code,L,70002605,FO,2006-01-07T05:40,2006-01-07T07:45,RNS,1617046705
HZHEXWAF,code,L,70002606,FO,2006-01-07T08:10,2006-01-07T10:05,TLS,1617046705
TDNKZGJA,code,L,70002605,CSD,2006-01-07T05:40,2006-01-07T07:45,RNS,1617046705
TDNKZGJA,code,L,70002606,CSD,2006-01-07T08:10,2006-01-07T10:05,TLS,1617046705
KIOEZHMS,code,L,70002605,ST,2006-01-07T05:40,2006-01-07T07:45,RNS,1617046705
KIOEZHMS,code,L,70002606,ST,2006-01-07T08:10,2006-01-07T10:05,TLS,1617046705
WLADSBJR,code,L,70002605,ST,2006-01-07T05:40,2006-01-07T07:45,RNS,1617046705
WLADSBJR,code,L,70002606,ST,2006-01-07T08:10,2006-01-07T10:05,TLS,1617046705
BXSKOGWW,code,L,70002605,ST,2006-01-07T05:40,2006-01-07T07:45,RNS,1617046705
BXSKOGWW,code,L,70002606,ST,2006-01-07T08:10,2006-01-07T10:05,TLS,1617046705
QLLFBYLN,code,L,70002969,CP,2006-01-07T05:50,2006-01-07T08:00,ORY,1048083132
QLLFBYLN,code,L,70002976,CP,2006-01-07T08:40,2006-01-07T10:45,TLS,1048083132
RLWMBTQB,code,L,70002969,FO,2006-01-07T05:50,2006-01-07T08:00,ORY,1048083132
RLWMBTQB,code,L,70002976,FO,2006-01-07T08:40,2006-01-07T10:45,TLS,1048083132
WIESHSPA,code,L,70002969,CS,2006-01-07T05:50,2006-01-07T08:00,ORY,1048083132
WIESHSPA,code,L,70002976,CS,2006-01-07T08:40,2006-01-07T10:45,TLS,1048083132
KRJGAHFR,code,L,70002969,CS,2006-01-07T05:50,2006-01-07T08:00,ORY,1048083132
KRJGAHFR,code,L,70002976,CS,2006-01-07T08:40,2006-01-07T10:45,TLS,1048083132
SDJCDEPX,code,L,70002969,ST,2006-01-07T05:50,2006-01-07T08:00,ORY,1048083132
SDJCDEPX,code,L,70002976,ST,2006-01-07T08:40,2006-01-07T10:45,TLS,1048083132
KFQIWKJU,code,L,70002969,ST,2006-01-07T05:50,2006-01-07T08:00,ORY,1048083132
KFQIWKJU,code,L,70002976,ST,2006-01-07T08:40,2006-01-07T10:45,TLS,1048083132
CHETUCTP,code,L,70002969,ST,2006-01-07T05:50,2006-01-07T08:00,ORY,1048083132
CHETUCTP,code,L,70002976,ST,2006-01-07T08:40,2006-01-07T10:45,TLS,1048083132
ZFZTKADI,code,L,70002969,ST,2006-01-07T05:50,2006-01-07T08:00,ORY,1048083132
ZFZTKADI,code,L,70002976,ST,2006-01-07T08:40,2006-01-07T10:45,TLS,1048083132
XHPJAOVN,code,L,70002969,ST,2006-01-07T05:50,2006-01-07T08:00,ORY,1048083132
XHPJAOVN,code,L,70002976,ST,2006-01-07T08:40,2006-01-07T10:45,TLS,1048083132
TXWUMCKZ,code,L,70002969,ST,2006-01-07T05:50,2006-01-07T08:00,ORY,1048083132
TXWUMCKZ,code,L,70002976,ST,2006-01-07T08:40,2006-01-07T10:45,TLS,1048083132
KWZOIPVY,code,L,70004618,CP,2006-01-07T06:00,2006-01-07T08:10,ETZ,1002897798
KWZOIPVY,code,L,70004617,CP,2006-01-07T08:40,2006-01-07T10:25,ORY,1002897798
MVHRKXJD,code,L,70004618,FO,2006-01-07T06:00,2006-01-07T08:10,ETZ,1002897798
MVHRKXJD,code,L,70004617,FO,2006-01-07T08:40,2006-01-07T10:25,ORY,1002897798
TLYPRNDV,code,L,70004618,CS,2006-01-07T06:00,2006-01-07T08:10,ETZ,1002897798
TLYPRNDV,code,L,70004617,CS,2006-01-07T08:40,2006-01-07T10:25,ORY,1002897798
PFMTLCWK,code,L,70004618,CS,2006-01-07T06:00,2006-01-07T08:10,ETZ,1002897798
PFMTLCWK,code,L,70004617,CS,2006-01-07T08:40,2006-01-07T10:25,ORY,1002897798
OHTCZQOW,code,L,70004618,ST,2006-01-07T06:00,2006-01-07T08:10,ETZ,1002897798
OHTCZQOW,code,L,70004617,ST,2006-01-07T08:40,2006-01-07T10:25,ORY,1002897798
EDHQAPCS,code,L,70004618,ST,2006-01-07T06:00,2006-01-07T08:10,ETZ,1002897798
EDHQAPCS,code,L,70004617,ST,2006-01-07T08:40,2006-01-07T10:25,ORY,1002897798
ZRSQSLFM,code,L,70004618,ST,2006-01-07T06:00,2006-01-07T08:10,ETZ,1002897798
ZRSQSLFM,code,L,70004617,ST,2006-01-07T08:40,2006-01-07T10:25,ORY,1002897798
ZQPRGLAG,code,L,70004618,ST,2006-01-07T06:00,2006-01-07T08:10,ETZ,1002897798
ZQPRGLAG,code,L,70004617,ST,2006-01-07T08:40,2006-01-07T10:25,ORY,1002897798
MAPQAZWR,code,L,70004618,ST,2006-01-07T06:00,2006-01-07T08:10,ETZ,1002897798
MAPQAZWR,code,L,70004617,ST,2006-01-07T08:40,2006-01-07T10:25,ORY,1002897798
JNOOJLDU,code,L,70004618,ST,2006-01-07T06:00,2006-01-07T08:10,ETZ,1002897798
JNOOJLDU,code,L,70004617,ST,2006-01-07T08:40,2006-01-07T10:25,ORY,1002897798
FBEBMRFO,code,L,70003065,CP,2006-01-07T06:00,2006-01-07T08:20,ORY,2026928803
FBEBMRFO,code,L,70003070,CP,2006-01-07T09:05,2006-01-07T11:15,NCE,2026928803
NMQGDLHI,code,L,70003065,FO,2006-01-07T06:00,2006-01-07T08:20,ORY,2026928803
NMQGDLHI,code,L,70003070,FO,2006-01-07T09:05,2006-01-07T11:15,NCE,2026928803
OCWBPHXC,code,L,70003065,CS,2006-01-07T06:00,2006-01-07T08:20,ORY,2026928803
OCWBPHXC,code,L,70003070,CS,2006-01-07T09:05,2006-01-07T11:15,NCE,2026928803
CKRNOOCQ,code,L,70003065,CS,2006-01-07T06:00,2006-01-07T08:20,ORY,2026928803
CKRNOOCQ,code,L,70003070,CS,2006-01-07T09:05,2006-01-07T11:15,NCE,2026928803
ESMDCPBQ,code,L,70003065,ST,2006-01-07T06:00,2006-01-07T08:20,ORY,2026928803
ESMDCPBQ,code,L,70003070,ST,2006-01-07T09:05,2006-01-07T11:15,NCE,2026928803
IFHYLCMG,code,L,70003065,ST,2006-01-07T06:00,2006-01-07T08:20,ORY,2026928803
IFHYLCMG,code,L,70003070,ST,2006-01-07T09:05,2006-01-07T11:15,NCE,2026928803
LJCUAQLM,code,L,70003065,ST,2006-01-07T06:00,2006-01-07T08:20,ORY,2026928803
LJCUAQLM,code,L,70003070,ST,2006-01-07T09:05,2006-01-07T11:15,NCE,2026928803
LLZJRAVA,code,L,70003065,ST,2006-01-07T06:00,2006-01-07T08:20,ORY,2026928803
LLZJRAVA,code,L,70003070,ST,2006-01-07T09:05,2006-01-07T11:15,NCE,2026928803
YTPEEWKZ,code,L,70003065,ST,2006-01-07T06:00,2006-01-07T08:20,ORY,2026928803
YTPEEWKZ,code,L,70003070,ST,2006-01-07T09:05,2006-01-07T11:15,NCE,2026928803
PBMIANSU,code,L,70003065,ST,2006-01-07T06:00,2006-01-07T08:20,ORY,2026928803
PBMIANSU,code,L,70003070,ST,2006-01-07T09:05,2006-01-07T11:15,NCE,2026928803
PPTDHSQN,code,L,70004164,CP,2006-01-07T06:00,2006-01-07T08:00,SXB,1704637349
PPTDHSQN,code,L,70002883,CP,2006-01-07T11:35,2006-01-07T12:50,ORY,1704637349
PPTDHSQN,code,L,70002892,CP,2006-01-07T13:30,2006-01-07T14:50,MRS,1704637349
PPTDHSQN,code,L,70002895,CP,2006-01-07T15:35,2006-01-07T16:50,ORY,1704637349
PPTDHSQN,code,L,70002908,CP,2006-01-07T17:30,2006-01-07T18:50,MRS,1704637349
PPTDHSQN,code,L,70004189,CP,2006-01-07T19:25,2006-01-07T21:10,ORY,1704637349
JMICWHGX,code,L,70004164,FO,2006-01-07T06:00,2006-01-07T08:00,SXB,1704637349
JMICWHGX,code,L,70002883,FO,2006-01-07T11:35,2006-01-07T12:50,ORY,1704637349
JMICWHGX,code,L,70002892,FO,2006-01-07T13:30,2006-01-07T14:50,MRS,1704637349
JMICWHGX,code,L,70002895,FO,2006-01-07T15:35,2006-01-07T16:50,ORY,1704637349
JMICWHGX,code,L,70002908,FO,2006-01-07T17:30,2006-01-07T18:50,MRS,1704637349
JMICWHGX,code,L,70004189,FO,2006-01-07T19:25,2006-01-07T21:10,ORY,1704637349
OJXNELTC,code,L,70004164,CS,2006-01-07T06:00,2006-01-07T08:00,SXB,1704637349
OJXNELTC,code,L,70002883,CS,2006-01-07T11:35,2006-01-07T12:50,ORY,1704637349
OJXNELTC,code,L,70002892,CS,2006-01-07T13:30,2006-01-07T14:50,MRS,1704637349
OJXNELTC,code,L,70002895,CS,2006-01-07T15:35,2006-01-07T16:50,ORY,1704637349
OJXNELTC,code,L,70002908,CS,2006-01-07T17:30,2006-01-07T18:50,MRS,1704637349
OJXNELTC,code,L,70004189,CS,2006-01-07T19:25,2006-01-07T21:10,ORY,1704637349
XLRZNDLP,code,L,70004164,CS,2006-01-07T06:00,2006-01-07T08:00,SXB,1704637349
XLRZNDLP,code,L,70002883,CS,2006-01-07T11:35,2006-01-07T12:50,ORY,1704637349
XLRZNDLP,code,L,70002892,CS,2006-01-07T13:30,2006-01-07T14:50,MRS,1704637349
XLRZNDLP,code,L,70002895,CS,2006-01-07T15:35,2006-01-07T16:50,ORY,1704637349
XLRZNDLP,code,L,70002908,CS,2006-01-07T17:30,2006-01-07T18:50,MRS,1704637349
XLRZNDLP,code,L,70004189,CS,2006-01-07T19:25,2006-01-07T21:10,ORY,1704637349
UNOSFIWB,code,L,70004164,ST,2006-01-07T06:00,2006-01-07T08:00,SXB,1704637349
UNOSFIWB,code,L,70002883,ST,2006-01-07T11:35,2006-01-07T12:50,ORY,1704637349
UNOSFIWB,code,L,70002892,ST,2006-01-07T13:30,2006-01-07T14:50,MRS,1704637349
UNOSFIWB,code,L,70002895,ST,2006-01-07T15:35,2006-01-07T16:50,ORY,1704637349
UNOSFIWB,code,L,70002908,ST,2006-01-07T17:30,2006-01-07T18:50,MRS,1704637349
UNOSFIWB,code,L,70004189,ST,2006-01-07T19:25,2006-01-07T21:10,ORY,1704637349
OUMUACUP,code,L,70004164,ST,2006-01-07T06:00,2006-01-07T08:00,SXB,1704637349
OUMUACUP,code,L,70002883,ST,2006-01-07T11:35,2006-01-07T12:50,ORY,1704637349
OUMUACUP,code,L,70002892,ST,2006-01-07T13:30,2006-01-07T14:50,MRS,1704637349
OUMUACUP,code,L,70002895,ST,2006-01-07T15:35,2006-01-07T16:50,ORY,1704637349
OUMUACUP,code,L,70002908,ST,2006-01-07T17:30,2006-01-07T18:50,MRS,1704637349
OUMUACUP,code,L,70004189,ST,2006-01-07T19:25,2006-01-07T21:10,ORY,1704637349
GEEBOPZX,code,L,70004164,ST,2006-01-07T06:00,2006-01-07T08:00,SXB,1704637349
GEEBOPZX,code,L,70002883,ST,2006-01-07T11:35,2006-01-07T12:50,ORY,1704637349
GEEBOPZX,code,L,70002892,ST,2006-01-07T13:30,2006-01-07T14:50,MRS,1704637349
GEEBOPZX,code,L,70002895,ST,2006-01-07T15:35,2006-01-07T16:50,ORY,1704637349
GEEBOPZX,code,L,70002908,ST,2006-01-07T17:30,2006-01-07T18:50,MRS,1704637349
GEEBOPZX,code,L,70004189,ST,2006-01-07T19:25,2006-01-07T21:10,ORY,1704637349
AYSATXYK,code,L,70004164,ST,2006-01-07T06:00,2006-01-07T08:00,SXB,1704637349
AYSATXYK,code,L,70002883,ST,2006-01-07T11:35,2006-01-07T12:50,ORY,1704637349
AYSATXYK,code,L,70002892,ST,2006-01-07T13:30,2006-01-07T14:50,MRS,1704637349
AYSATXYK,code,L,70002895,ST,2006-01-07T15:35,2006-01-07T16:50,ORY,1704637349
AYSATXYK,code,L,70002908,ST,2006-01-07T17:30,2006-01-07T18:50,MRS,1704637349
AYSATXYK,code,L,70004189,ST,2006-01-07T19:25,2006-01-07T21:10,ORY,1704637349
PGKLNNKU,code,L,70004164,ST,2006-01-07T06:00,2006-01-07T08:00,SXB,1704637349
PGKLNNKU,code,L,70002883,ST,2006-01-07T11:35,2006-01-07T12:50,ORY,1704637349
PGKLNNKU,code,L,70002892,ST,2006-01-07T13:30,2006-01-07T14:50,MRS,1704637349
PGKLNNKU,code,L,70002895,ST,2006-01-07T15:35,2006-01-07T16:50,ORY,1704637349
PGKLNNKU,code,L,70002908,ST,2006-01-07T17:30,2006-01-07T18:50,MRS,1704637349
PGKLNNKU,code,L,70004189,ST,2006-01-07T19:25,2006-01-07T21:10,ORY,1704637349
XTEHDIAW,code,L,70004164,ST,2006-01-07T06:00,2006-01-07T08:00,SXB,1704637349
XTEHDIAW,code,L,70002883,ST,2006-01-07T11:35,2006-01-07T12:50,ORY,1704637349
XTEHDIAW,code,L,70002892,ST,2006-01-07T13:30,2006-01-07T14:50,MRS,1704637349
XTEHDIAW,code,L,70002895,ST,2006-01-07T15:35,2006-01-07T16:50,ORY,1704637349
XTEHDIAW,code,L,70002908,ST,2006-01-07T17:30,2006-01-07T18:50,MRS,1704637349
XTEHDIAW,code,L,70004189,ST,2006-01-07T19:25,2006-01-07T21:10,ORY,1704637349
CLAFEEXP,code,L,70002610,CP,2006-01-07T06:00,2006-01-07T08:35,RNS,272026514
CLAFEEXP,code,L,70002661,CP,2006-01-07T09:10,2006-01-07T11:05,NCE,272026514
CLAFEEXP,code,L,70002662,CP,2006-01-07T11:45,2006-01-07T13:35,BES,272026514
CLAFEEXP,code,L,70002609,CP,2006-01-07T14:05,2006-01-07T16:30,NCE,272026514
IBWUKVVI,code,L,70002610,FO,2006-01-07T06:00,2006-01-07T08:35,RNS,272026514
IBWUKVVI,code,L,70002661,FO,2006-01-07T09:10,2006-01-07T11:05,NCE,272026514
IBWUKVVI,code,L,70002662,FO,2006-01-07T11:45,2006-01-07T13:35,BES,272026514
IBWUKVVI,code,L,70002609,FO,2006-01-07T14:05,2006-01-07T16:30,NCE,272026514
KPSXCIMJ,code,L,70002610,CS,2006-01-07T06:00,2006-01-07T08:35,RNS,272026514
KPSXCIMJ,code,L,70002661,CS,2006-01-07T09:10,2006-01-07T11:05,NCE,272026514
KPSXCIMJ,code,L,70002662,CS,2006-01-07T11:45,2006-01-07T13:35,BES,272026514
KPSXCIMJ,code,L,70002609,CS,2006-01-07T14:05,2006-01-07T16:30,NCE,272026514
MHQTMWZD,code,L,70002610,ST,2006-01-07T06:00,2006-01-07T08:35,RNS,272026514
MHQTMWZD,code,L,70002661,ST,2006-01-07T09:10,2006-01-07T11:05,NCE,272026514
MHQTMWZD,code,L,70002662,ST,2006-01-07T11:45,2006-01-07T13:35,BES,272026514
MHQTMWZD,code,L,70002609,ST,2006-01-07T14:05,2006-01-07T16:30,NCE,272026514
OFJSQIIJ,code,L,70002610,ST,2006-01-07T06:00,2006-01-07T08:35,RNS,272026514
OFJSQIIJ,code,L,70002661,ST,2006-01-07T09:10,2006-01-07T11:05,NCE,272026514
OFJSQIIJ,code,L,70002662,ST,2006-01-07T11:45,2006-01-07T13:35,BES,272026514
OFJSQIIJ,code,L,70002609,ST,2006-01-07T14:05,2006-01-07T16:30,NCE,272026514
YPRYVLPI,code,L,70002624,CP,2006-01-07T06:05,2006-01-07T08:25,NTE,1412011072
YPRYVLPI,code,L,70002623,CP,2006-01-07T09:00,2006-01-07T10:25,MRS,1412011072
YPRYVLPI,code,L,70002630,CP,2006-01-07T11:00,2006-01-07T12:20,NTE,1412011072
YPRYVLPI,code,L,70002629,CP,2006-01-07T12:55,2006-01-07T15:05,MRS,1412011072
PXZIWGUY,code,L,70002624,FO,2006-01-07T06:05,2006-01-07T08:25,NTE,1412011072
PXZIWGUY,code,L,70002623,FO,2006-01-07T09:00,2006-01-07T10:25,MRS,1412011072
PXZIWGUY,code,L,70002630,FO,2006-01-07T11:00,2006-01-07T12:20,NTE,1412011072
PXZIWGUY,code,L,70002629,FO,2006-01-07T12:55,2006-01-07T15:05,MRS,1412011072
XTPXBEXL,code,L,70002624,CS,2006-01-07T06:05,2006-01-07T08:25,NTE,1412011072
XTPXBEXL,code,L,70002623,CS,2006-01-07T09:00,2006-01-07T10:25,MRS,1412011072
XTPXBEXL,code,L,70002630,CS,2006-01-07T11:00,2006-01-07T12:20,NTE,1412011072
XTPXBEXL,code,L,70002629,CS,2006-01-07T12:55,2006-01-07T15:05,MRS,1412011072
QSKZJUTA,code,L,70002624,CS,2006-01-07T06:05,2006-01-07T08:25,NTE,1412011072
QSKZJUTA,code,L,70002623,CS,2006-01-07T09:00,2006-01-07T10:25,MRS,1412011072
QSKZJUTA,code,L,70002630,CS,2006-01-07T11:00,2006-01-07T12:20,NTE,1412011072
QSKZJUTA,code,L,70002629,CS,2006-01-07T12:55,2006-01-07T15:05,MRS,1412011072
TRHQHXFR,code,L,70002624,ST,2006-01-07T06:05,2006-01-07T08:25,NTE,1412011072
TRHQHXFR,code,L,70002623,ST,2006-01-07T09:00,2006-01-07T10:25,MRS,1412011072
TRHQHXFR,code,L,70002630,ST,2006-01-07T11:00,2006-01-07T12:20,NTE,1412011072
TRHQHXFR,code,L,70002629,ST,2006-01-07T12:55,2006-01-07T15:05,MRS,1412011072
THUTLYMO,code,L,70002624,ST,2006-01-07T06:05,2006-01-07T08:25,NTE,1412011072
THUTLYMO,code,L,70002623,ST,2006-01-07T09:00,2006-01-07T10:25,MRS,1412011072
THUTLYMO,code,L,70002630,ST,2006-01-07T11:00,2006-01-07T12:20,NTE,1412011072
THUTLYMO,code,L,70002629,ST,2006-01-07T12:55,2006-01-07T15:05,MRS,1412011072
DWVPVZTG,code,L,70002624,ST,2006-01-07T06:05,2006-01-07T08:25,NTE,1412011072
DWVPVZTG,code,L,70002623,ST,2006-01-07T09:00,2006-01-07T10:25,MRS,1412011072
DWVPVZTG,code,L,70002630,ST,2006-01-07T11:00,2006-01-07T12:20,NTE,1412011072
DWVPVZTG,code,L,70002629,ST,2006-01-07T12:55,2006-01-07T15:05,MRS,1412011072
TOVOYOZM,code,L,70002624,ST,2006-01-07T06:05,2006-01-07T08:25,NTE,1412011072
TOVOYOZM,code,L,70002623,ST,2006-01-07T09:00,2006-01-07T10:25,MRS,1412011072
TOVOYOZM,code,L,70002630,ST,2006-01-07T11:00,2006-01-07T12:20,NTE,1412011072
TOVOYOZM,code,L,70002629,ST,2006-01-07T12:55,2006-01-07T15:05,MRS,1412011072
KJOWNSXI,code,L,70002624,ST,2006-01-07T06:05,2006-01-07T08:25,NTE,1412011072
KJOWNSXI,code,L,70002623,ST,2006-01-07T09:00,2006-01-07T10:25,MRS,1412011072
KJOWNSXI,code,L,70002630,ST,2006-01-07T11:00,2006-01-07T12:20,NTE,1412011072
KJOWNSXI,code,L,70002629,ST,2006-01-07T12:55,2006-01-07T15:05,MRS,1412011072
XPGUKNRQ,code,L,70002624,ST,2006-01-07T06:05,2006-01-07T08:25,NTE,1412011072
XPGUKNRQ,code,L,70002623,ST,2006-01-07T09:00,2006-01-07T10:25,MRS,1412011072
XPGUKNRQ,code,L,70002630,ST,2006-01-07T11:00,2006-01-07T12:20,NTE,1412011072
XPGUKNRQ,code,L,70002629,ST,2006-01-07T12:55,2006-01-07T15:05,MRS,1412011072
MZTFKMHZ,code,L,70003117,CP,2006-01-07T06:15,2006-01-07T08:20,ORY,1844137836
MZTFKMHZ,code,L,70003144,CP,2006-01-07T09:10,2006-01-07T10:20,BOD,1844137836
MZTFKMHZ,code,L,70002869,CP,2006-01-07T12:10,2006-01-07T13:25,ORY,1844137836
MZTFKMHZ,code,L,70002878,CP,2006-01-07T14:55,2006-01-07T16:50,MRS,1844137836
GKIGTUSK,code,L,70003117,FO,2006-01-07T06:15,2006-01-07T08:20,ORY,1844137836
GKIGTUSK,code,L,70003144,FO,2006-01-07T09:10,2006-01-07T10:20,BOD,1844137836
GKIGTUSK,code,L,70002869,FO,2006-01-07T12:10,2006-01-07T13:25,ORY,1844137836
GKIGTUSK,code,L,70002878,FO,2006-01-07T14:55,2006-01-07T16:50,MRS,1844137836
TAHMXVEO,code,L,70003117,CS,2006-01-07T06:15,2006-01-07T08:20,ORY,1844137836
TAHMXVEO,code,L,70003144,CS,2006-01-07T09:10,2006-01-07T10:20,BOD,1844137836
TAHMXVEO,code,L,70002869,CS,2006-01-07T12:10,2006-01-07T13:25,ORY,1844137836
TAHMXVEO,code,L,70002878,CS,2006-01-07T14:55,2006-01-07T16:50,MRS,1844137836
VBMIAXJV,code,L,70003117,CS,2006-01-07T06:15,2006-01-07T08:20,ORY,1844137836
VBMIAXJV,code,L,70003144,CS,2006-01-07T09:10,2006-01-07T10:20,BOD,1844137836
VBMIAXJV,code,L,70002869,CS,2006-01-07T12:10,2006-01-07T13:25,ORY,1844137836
VBMIAXJV,code,L,70002878,CS,2006-01-07T14:55,2006-01-07T16:50,MRS,1844137836
EZLYPQCR,code,L,70003117,ST,2006-01-07T06:15,2006-01-07T08:20,ORY,1844137836
EZLYPQCR,code,L,70003144,ST,2006-01-07T09:10,2006-01-07T10:20,BOD,1844137836
EZLYPQCR,code,L,70002869,ST,2006-01-07T12:10,2006-01-07T13:25,ORY,1844137836
EZLYPQCR,code,L,70002878,ST,2006-01-07T14:55,2006-01-07T16:50,MRS,1844137836
OYBZBNGR,code,L,70003117,ST,2006-01-07T06:15,2006-01-07T08:20,ORY,1844137836
OYBZBNGR,code,L,70003144,ST,2006-01-07T09:10,2006-01-07T10:20,BOD,1844137836
OYBZBNGR,code,L,70002869,ST,2006-01-07T12:10,2006-01-07T13:25,ORY,1844137836
OYBZBNGR,code,L,70002878,ST,2006-01-07T14:55,2006-01-07T16:50,MRS,1844137836
WYZKUSYI,code,L,70003117,ST,2006-01-07T06:15,2006-01-07T08:20,ORY,1844137836
WYZKUSYI,code,L,70003144,ST,2006-01-07T09:10,2006-01-07T10:20,BOD,1844137836
WYZKUSYI,code,L,70002869,ST,2006-01-07T12:10,2006-01-07T13:25,ORY,1844137836
WYZKUSYI,code,L,70002878,ST,2006-01-07T14:55,2006-01-07T16:50,MRS,1844137836
WTFJQRFN,code,L,70003117,ST,2006-01-07T06:15,2006-01-07T08:20,ORY,1844137836
WTFJQRFN,code,L,70003144,ST,2006-01-07T09:10,2006-01-07T10:20,BOD,1844137836
WTFJQRFN,code,L,70002869,ST,2006-01-07T12:10,2006-01-07T13:25,ORY,1844137836
WTFJQRFN,code,L,70002878,ST,2006-01-07T14:55,2006-01-07T16:50,MRS,1844137836
VAEYGAUT,code,L,70003117,ST,2006-01-07T06:15,2006-01-07T08:20,ORY,1844137836
VAEYGAUT,code,L,70003144,ST,2006-01-07T09:10,2006-01-07T10:20,BOD,1844137836
VAEYGAUT,code,L,70002869,ST,2006-01-07T12:10,2006-01-07T13:25,ORY,1844137836
VAEYGAUT,code,L,70002878,ST,2006-01-07T14:55,2006-01-07T16:50,MRS,1844137836
XMYDMJTV,code,L,70003117,ST,2006-01-07T06:15,2006-01-07T08:20,ORY,1844137836
XMYDMJTV,code,L,70003144,ST,2006-01-07T09:10,2006-01-07T10:20,BOD,1844137836
XMYDMJTV,code,L,70002869,ST,2006-01-07T12:10,2006-01-07T13:25,ORY,1844137836
XMYDMJTV,code,L,70002878,ST,2006-01-07T14:55,2006-01-07T16:50,MRS,1844137836
EMYJHKVT,code,L,70004385,CP,2006-01-07T06:25,2006-01-07T08:45,ORY,1713579631
EMYJHKVT,code,L,70004386,CP,2006-01-07T09:35,2006-01-07T11:45,PGF,1713579631
GCFPJSOZ,code,L,70004385,FO,2006-01-07T06:25,2006-01-07T08:45,ORY,1713579631
GCFPJSOZ,code,L,70004386,FO,2006-01-07T09:35,2006-01-07T11:45,PGF,1713579631
OGTQIACK,code,L,70004385,CS,2006-01-07T06:25,2006-01-07T08:45,ORY,1713579631
OGTQIACK,code,L,70004386,CS,2006-01-07T09:35,2006-01-07T11:45,PGF,1713579631
HPHLDKNG,code,L,70004385,CS,2006-01-07T06:25,2006-01-07T08:45,ORY,1713579631
HPHLDKNG,code,L,70004386,CS,2006-01-07T09:35,2006-01-07T11:45,PGF,1713579631
KKSASBCD,code,L,70004385,ST,2006-01-07T06:25,2006-01-07T08:45,ORY,1713579631
KKSASBCD,code,L,70004386,ST,2006-01-07T09:35,2006-01-07T11:45,PGF,1713579631
ULYAMIRJ,code,L,70004385,ST,2006-01-07T06:25,2006-01-07T08:45,ORY,1713579631
ULYAMIRJ,code,L,70004386,ST,2006-01-07T09:35,2006-01-07T11:45,PGF,1713579631
TNDJIMUY,code,L,70004385,ST,2006-01-07T06:25,2006-01-07T08:45,ORY,1713579631
TNDJIMUY,code,L,70004386,ST,2006-01-07T09:35,2006-01-07T11:45,PGF,1713579631
UQBUONNO,code,L,70004385,ST,2006-01-07T06:25,2006-01-07T08:45,ORY,1713579631
UQBUONNO,code,L,70004386,ST,2006-01-07T09:35,2006-01-07T11:45,PGF,1713579631
QLDUODQY,code,L,70004385,ST,2006-01-07T06:25,2006-01-07T08:45,ORY,1713579631
QLDUODQY,code,L,70004386,ST,2006-01-07T09:35,2006-01-07T11:45,PGF,1713579631
FJWMHSFB,code,L,70004385,ST,2006-01-07T06:25,2006-01-07T08:45,ORY,1713579631
FJWMHSFB,code,L,70004386,ST,2006-01-07T09:35,2006-01-07T11:45,PGF,1713579631
QNRQWGUG,code,L,70004486,CP,2006-01-07T06:25,2006-01-07T08:50,BOD,216794175
QNRQWGUG,code,L,70004485,CP,2006-01-07T09:55,2006-01-07T12:00,CDG,216794175
UHSJTLDS,code,L,70004486,FO,2006-01-07T06:25,2006-01-07T08:50,BOD,216794175
UHSJTLDS,code,L,70004485,FO,2006-01-07T09:55,2006-01-07T12:00,CDG,216794175
ODZKDXGB,code,L,70004486,CS,2006-01-07T06:25,2006-01-07T08:50,BOD,216794175
ODZKDXGB,code,L,70004485,CS,2006-01-07T09:55,2006-01-07T12:00,CDG,216794175
JXNEBTIL,code,L,70004486,CS,2006-01-07T06:25,2006-01-07T08:50,BOD,216794175
JXNEBTIL,code,L,70004485,CS,2006-01-07T09:55,2006-01-07T12:00,CDG,216794175
FXEIAONA,code,L,70004486,ST,2006-01-07T06:25,2006-01-07T08:50,BOD,216794175
FXEIAONA,code,L,70004485,ST,2006-01-07T09:55,2006-01-07T12:00,CDG,216794175
JLWBZUYC,code,L,70004486,ST,2006-01-07T06:25,2006-01-07T08:50,BOD,216794175
JLWBZUYC,code,L,70004485,ST,2006-01-07T09:55,2006-01-07T12:00,CDG,216794175
JVXEQUWT,code,L,70004486,ST,2006-01-07T06:25,2006-01-07T08:50,BOD,216794175
JVXEQUWT,code,L,70004485,ST,2006-01-07T09:55,2006-01-07T12:00,CDG,216794175
WJZUUTLX,code,L,70004486,ST,2006-01-07T06:25,2006-01-07T08:50,BOD,216794175
WJZUUTLX,code,L,70004485,ST,2006-01-07T09:55,2006-01-07T12:00,CDG,216794175
XYBBYTEU,code,L,70004486,ST,2006-01-07T06:25,2006-01-07T08:50,BOD,216794175
XYBBYTEU,code,L,70004485,ST,2006-01-07T09:55,2006-01-07T12:00,CDG,216794175
PBWVBWLG,code,L,70004486,ST,2006-01-07T06:25,2006-01-07T08:50,BOD,216794175
PBWVBWLG,code,L,70004485,ST,2006-01-07T09:55,2006-01-07T12:00,CDG,216794175
BAEPQQJZ,code,L,70002520,CP,2006-01-07T06:25,2006-01-07T08:25,NTE,1017541010
BAEPQQJZ,code,L,70002519,CP,2006-01-07T08:55,2006-01-07T09:55,TLS,1017541010
BAEPQQJZ,code,L,70002518,CP,2006-01-07T10:45,2006-01-07T11:45,NTE,1017541010
BAEPQQJZ,code,L,70002517,CP,2006-01-07T12:15,2006-01-07T13:15,TLS,1017541010
BAEPQQJZ,code,L,70002626,CP,2006-01-07T13:50,2006-01-07T15:10,NTE,1017541010
BAEPQQJZ,code,L,70002625,CP,2006-01-07T15:45,2006-01-07T17:55,MRS,1017541010
PEOJRSDE,code,L,70002520,FO,2006-01-07T06:25,2006-01-07T08:25,NTE,1017541010
PEOJRSDE,code,L,70002519,FO,2006-01-07T08:55,2006-01-07T09:55,TLS,1017541010
PEOJRSDE,code,L,70002518,FO,2006-01-07T10:45,2006-01-07T11:45,NTE,1017541010
PEOJRSDE,code,L,70002517,FO,2006-01-07T12:15,2006-01-07T13:15,TLS,1017541010
PEOJRSDE,code,L,70002626,FO,2006-01-07T13:50,2006-01-07T15:10,NTE,1017541010
PEOJRSDE,code,L,70002625,FO,2006-01-07T15:45,2006-01-07T17:55,MRS,1017541010
KSSFXPQP,code,L,70002520,CSD,2006-01-07T06:25,2006-01-07T08:25,NTE,1017541010
KSSFXPQP,code,L,70002519,CSD,2006-01-07T08:55,2006-01-07T09:55,TLS,1017541010
KSSFXPQP,code,L,70002518,CSD,2006-01-07T10:45,2006-01-07T11:45,NTE,1017541010
KSSFXPQP,code,L,70002517,CSD,2006-01-07T12:15,2006-01-07T13:15,TLS,1017541010
KSSFXPQP,code,L,70002626,CSD,2006-01-07T13:50,2006-01-07T15:10,NTE,1017541010
KSSFXPQP,code,L,70002625,CSD,2006-01-07T15:45,2006-01-07T17:55,MRS,1017541010
VRYALRWC,code,L,70002520,ST,2006-01-07T06:25,2006-01-07T08:25,NTE,1017541010
VRYALRWC,code,L,70002519,ST,2006-01-07T08:55,2006-01-07T09:55,TLS,1017541010
VRYALRWC,code,L,70002518,ST,2006-01-07T10:45,2006-01-07T11:45,NTE,1017541010
VRYALRWC,code,L,70002517,ST,2006-01-07T12:15,2006-01-07T13:15,TLS,1017541010
VRYALRWC,code,L,70002626,ST,2006-01-07T13:50,2006-01-07T15:10,NTE,1017541010
VRYALRWC,code,L,70002625,ST,2006-01-07T15:45,2006-01-07T17:55,MRS,1017541010
AINSJKUT,code,L,70002520,ST,2006-01-07T06:25,2006-01-07T08:25,NTE,1017541010
AINSJKUT,code,L,70002519,ST,2006-01-07T08:55,2006-01-07T09:55,TLS,1017541010
AINSJKUT,code,L,70002518,ST,2006-01-07T10:45,2006-01-07T11:45,NTE,1017541010
AINSJKUT,code,L,70002517,ST,2006-01-07T12:15,2006-01-07T13:15,TLS,1017541010
AINSJKUT,code,L,70002626,ST,2006-01-07T13:50,2006-01-07T15:10,NTE,1017541010
AINSJKUT,code,L,70002625,ST,2006-01-07T15:45,2006-01-07T17:55,MRS,1017541010
DTBBBPAN,code,L,70002520,ST,2006-01-07T06:25,2006-01-07T08:25,NTE,1017541010
DTBBBPAN,code,L,70002519,ST,2006-01-07T08:55,2006-01-07T09:55,TLS,1017541010
DTBBBPAN,code,L,70002518,ST,2006-01-07T10:45,2006-01-07T11:45,NTE,1017541010
DTBBBPAN,code,L,70002517,ST,2006-01-07T12:15,2006-01-07T13:15,TLS,1017541010
DTBBBPAN,code,L,70002626,ST,2006-01-07T13:50,2006-01-07T15:10,NTE,1017541010
DTBBBPAN,code,L,70002625,ST,2006-01-07T15:45,2006-01-07T17:55,MRS,1017541010
HFTYSPNQ,code,L,70002868,CP,2006-01-07T06:30,2006-01-07T08:50,MRS,921209318
HFTYSPNQ,code,L,70002877,CP,2006-01-07T09:35,2006-01-07T11:35,ORY,921209318
MJYYFTZN,code,L,70002868,FO,2006-01-07T06:30,2006-01-07T08:50,MRS,921209318
MJYYFTZN,code,L,70002877,FO,2006-01-07T09:35,2006-01-07T11:35,ORY,921209318
VVTRNIEB,code,L,70002868,CS,2006-01-07T06:30,2006-01-07T08:50,MRS,921209318
VVTRNIEB,code,L,70002877,CS,2006-01-07T09:35,2006-01-07T11:35,ORY,921209318
EAJVWYFH,code,L,70002868,CS,2006-01-07T06:30,2006-01-07T08:50,MRS,921209318
EAJVWYFH,code,L,70002877,CS,2006-01-07T09:35,2006-01-07T11:35,ORY,921209318
JIPNGYVL,code,L,70002868,ST,2006-01-07T06:30,2006-01-07T08:50,MRS,921209318
JIPNGYVL,code,L,70002877,ST,2006-01-07T09:35,2006-01-07T11:35,ORY,921209318
TUBZBUXO,code,L,70002868,ST,2006-01-07T06:30,2006-01-07T08:50,MRS,921209318
TUBZBUXO,code,L,70002877,ST,2006-01-07T09:35,2006-01-07T11:35,ORY,921209318
ULIEHYPI,code,L,70002868,ST,2006-01-07T06:30,2006-01-07T08:50,MRS,921209318
ULIEHYPI,code,L,70002877,ST,2006-01-07T09:35,2006-01-07T11:35,ORY,921209318
YKDRGCXN,code,L,70002868,ST,2006-01-07T06:30,2006-01-07T08:50,MRS,921209318
YKDRGCXN,code,L,70002877,ST,2006-01-07T09:35,2006-01-07T11:35,ORY,921209318
VIOFRGMA,code,L,70002868,ST,2006-01-07T06:30,2006-01-07T08:50,MRS,921209318
VIOFRGMA,code,L,70002877,ST,2006-01-07T09:35,2006-01-07T11:35,ORY,921209318
CTIKWOZH,code,L,70002868,ST,2006-01-07T06:30,2006-01-07T08:50,MRS,921209318
CTIKWOZH,code,L,70002877,ST,2006-01-07T09:35,2006-01-07T11:35,ORY,921209318
FDQMBRDR,code,L,70004400,CP,2006-01-07T06:30,2006-01-07T09:15,FSC,943091072
FDQMBRDR,code,L,70004393,CP,2006-01-07T09:40,2006-01-07T12:10,ORY,943091072
YWOXDQDI,code,L,70004400,FO,2006-01-07T06:30,2006-01-07T09:15,FSC,943091072
YWOXDQDI,code,L,70004393,FO,2006-01-07T09:40,2006-01-07T12:10,ORY,943091072
FIJDMCKV,code,L,70004400,CSD,2006-01-07T06:30,2006-01-07T09:15,FSC,943091072
FIJDMCKV,code,L,70004393,CSD,2006-01-07T09:40,2006-01-07T12:10,ORY,943091072
KHMQCVNW,code,L,70004400,ST,2006-01-07T06:30,2006-01-07T09:15,FSC,943091072
KHMQCVNW,code,L,70004393,ST,2006-01-07T09:40,2006-01-07T12:10,ORY,943091072
TOGFOJSG,code,L,70004400,ST,2006-01-07T06:30,2006-01-07T09:15,FSC,943091072
TOGFOJSG,code,L,70004393,ST,2006-01-07T09:40,2006-01-07T12:10,ORY,943091072
SVSQRQVL,code,L,70004400,ST,2006-01-07T06:30,2006-01-07T09:15,FSC,943091072
SVSQRQVL,code,L,70004393,ST,2006-01-07T09:40,2006-01-07T12:10,ORY,943091072
KWWAGFKQ,code,L,70003067,CP,2006-01-07T06:30,2006-01-07T08:50,ORY,1772116450
KWWAGFKQ,code,L,70004784,CP,2006-01-07T10:00,2006-01-07T11:40,NCE,1772116450
KWWAGFKQ,code,L,70004679,CP,2006-01-07T12:35,2006-01-07T13:50,LIL,1772116450
KWWAGFKQ,code,L,70004678,CP,2006-01-07T14:45,2006-01-07T16:30,LYS,1772116450
BNULEJQP,code,L,70003067,FO,2006-01-07T06:30,2006-01-07T08:50,ORY,1772116450
BNULEJQP,code,L,70004784,FO,2006-01-07T10:00,2006-01-07T11:40,NCE,1772116450
BNULEJQP,code,L,70004679,FO,2006-01-07T12:35,2006-01-07T13:50,LIL,1772116450
BNULEJQP,code,L,70004678,FO,2006-01-07T14:45,2006-01-07T16:30,LYS,1772116450
XOLWRKMF,code,L,70003067,CSD,2006-01-07T06:30,2006-01-07T08:50,ORY,1772116450
XOLWRKMF,code,L,70004784,CSD,2006-01-07T10:00,2006-01-07T11:40,NCE,1772116450
XOLWRKMF,code,L,70004679,CSD,2006-01-07T12:35,2006-01-07T13:50,LIL,1772116450
XOLWRKMF,code,L,70004678,CSD,2006-01-07T14:45,2006-01-07T16:30,LYS,1772116450
PDOKHNCV,code,L,70003067,ST,2006-01-07T06:30,2006-01-07T08:50,ORY,1772116450
PDOKHNCV,code,L,70004784,ST,2006-01-07T10:00,2006-01-07T11:40,NCE,1772116450
PDOKHNCV,code,L,70004679,ST,2006-01-07T12:35,2006-01-07T13:50,LIL,1772116450
PDOKHNCV,code,L,70004678,ST,2006-01-07T14:45,2006-01-07T16:30,LYS,1772116450
PSELLCQP,code,L,70003067,ST,2006-01-07T06:30,2006-01-07T08:50,ORY,1772116450
PSELLCQP,code,L,70004784,ST,2006-01-07T10:00,2006-01-07T11:40,NCE,1772116450
PSELLCQP,code,L,70004679,ST,2006-01-07T12:35,2006-01-07T13:50,LIL,1772116450
PSELLCQP,code,L,70004678,ST,2006-01-07T14:45,2006-01-07T16:30,LYS,1772116450
FSBMZHYE,code,L,70003067,ST,2006-01-07T06:30,2006-01-07T08:50,ORY,1772116450
FSBMZHYE,code,L,70004784,ST,2006-01-07T10:00,2006-01-07T11:40,NCE,1772116450
FSBMZHYE,code,L,70004679,ST,2006-01-07T12:35,2006-01-07T13:50,LIL,1772116450
FSBMZHYE,code,L,70004678,ST,2006-01-07T14:45,2006-01-07T16:30,LYS,1772116450
NOSDIJZE,code,L,70004165,CP,2006-01-07T07:00,2006-01-07T09:00,ORY,29236707
NOSDIJZE,code,L,70004170,CP,2006-01-07T10:10,2006-01-07T11:10,SXB,29236707
NOSDIJZE,code,L,70004171,CP,2006-01-07T14:25,2006-01-07T15:25,ORY,29236707
NOSDIJZE,code,L,70004180,CP,2006-01-07T17:00,2006-01-07T18:45,SXB,29236707
LFPTBZYW,code,L,70004165,FO,2006-01-07T07:00,2006-01-07T09:00,ORY,29236707
LFPTBZYW,code,L,70004170,FO,2006-01-07T10:10,2006-01-07T11:10,SXB,29236707
LFPTBZYW,code,L,70004171,FO,2006-01-07T14:25,2006-01-07T15:25,ORY,29236707
LFPTBZYW,code,L,70004180,FO,2006-01-07T17:00,2006-01-07T18:45,SXB,29236707
SLGJVGDE,code,L,70004165,CS,2006-01-07T07:00,2006-01-07T09:00,ORY,29236707
SLGJVGDE,code,L,70004170,CS,2006-01-07T10:10,2006-01-07T11:10,SXB,29236707
SLGJVGDE,code,L,70004171,CS,2006-01-07T14:25,2006-01-07T15:25,ORY,29236707
SLGJVGDE,code,L,70004180,CS,2006-01-07T17:00,2006-01-07T18:45,SXB,29236707
BHAJNUOM,code,L,70004165,CS,2006-01-07T07:00,2006-01-07T09:00,ORY,29236707
BHAJNUOM,code,L,70004170,CS,2006-01-07T10:10,2006-01-07T11:10,SXB,29236707
BHAJNUOM,code,L,70004171,CS,2006-01-07T14:25,2006-01-07T15:25,ORY,29236707
BHAJNUOM,code,L,70004180,CS,2006-01-07T17:00,2006-01-07T18:45,SXB,29236707
GBAATKDZ,code,L,70004165,ST,2006-01-07T07:00,2006-01-07T09:00,ORY,29236707
GBAATKDZ,code,L,70004170,ST,2006-01-07T10:10,2006-01-07T11:10,SXB,29236707
GBAATKDZ,code,L,70004171,ST,2006-01-07T14:25,2006-01-07T15:25,ORY,29236707
GBAATKDZ,code,L,70004180,ST,2006-01-07T17:00,2006-01-07T18:45,SXB,29236707
XVXZUPYD,code,L,70004165,ST,2006-01-07T07:00,2006-01-07T09:00,ORY,29236707
XVXZUPYD,code,L,70004170,ST,2006-01-07T10:10,2006-01-07T11:10,SXB,29236707
XVXZUPYD,code,L,70004171,ST,2006-01-07T14:25,2006-01-07T15:25,ORY,29236707
XVXZUPYD,code,L,70004180,ST,2006-01-07T17:00,2006-01-07T18:45,SXB,29236707
BUDGXVCY,code,L,70004165,ST,2006-01-07T07:00,2006-01-07T09:00,ORY,29236707
BUDGXVCY,code,L,70004170,ST,2006-01-07T10:10,2006-01-07T11:10,SXB,29236707
BUDGXVCY,code,L,70004171,ST,2006-01-07T14:25,2006-01-07T15:25,ORY,29236707
BUDGXVCY,code,L,70004180,ST,2006-01-07T17:00,2006-01-07T18:45,SXB,29236707
BBUPAMCE,code,L,70004165,ST,2006-01-07T07:00,2006-01-07T09:00,ORY,29236707
BBUPAMCE,code,L,70004170,ST,2006-01-07T10:10,2006-01-07T11:10,SXB,29236707
BBUPAMCE,code,L,70004171,ST,2006-01-07T14:25,2006-01-07T15:25,ORY,29236707
BBUPAMCE,code,L,70004180,ST,2006-01-07T17:00,2006-01-07T18:45,SXB,29236707
VWKYRXNA,code,L,70004165,ST,2006-01-07T07:00,2006-01-07T09:00,ORY,29236707
VWKYRXNA,code,L,70004170,ST,2006-01-07T10:10,2006-01-07T11:10,SXB,29236707
VWKYRXNA,code,L,70004171,ST,2006-01-07T14:25,2006-01-07T15:25,ORY,29236707
VWKYRXNA,code,L,70004180,ST,2006-01-07T17:00,2006-01-07T18:45,SXB,29236707
NKBRMZLU,code,L,70004165,ST,2006-01-07T07:00,2006-01-07T09:00,ORY,29236707
NKBRMZLU,code,L,70004170,ST,2006-01-07T10:10,2006-01-07T11:10,SXB,29236707
NKBRMZLU,code,L,70004171,ST,2006-01-07T14:25,2006-01-07T15:25,ORY,29236707
NKBRMZLU,code,L,70004180,ST,2006-01-07T17:00,2006-01-07T18:45,SXB,29236707
QIHISGXZ,code,L,70003122,CP,2006-01-07T07:00,2006-01-07T09:10,BOD,863898425
QIHISGXZ,code,L,70003121,CP,2006-01-07T10:10,2006-01-07T12:00,ORY,863898425
EDXTZJSM,code,L,70003122,FO,2006-01-07T07:00,2006-01-07T09:10,BOD,863898425
EDXTZJSM,code,L,70003121,FO,2006-01-07T10:10,2006-01-07T12:00,ORY,863898425
JHTYFYBK,code,L,70003122,CS,2006-01-07T07:00,2006-01-07T09:10,BOD,863898425
JHTYFYBK,code,L,70003121,CS,2006-01-07T10:10,2006-01-07T12:00,ORY,863898425
MRVCCLKM,code,L,70003122,CS,2006-01-07T07:00,2006-01-07T09:10,BOD,863898425
MRVCCLKM,code,L,70003121,CS,2006-01-07T10:10,2006-01-07T12:00,ORY,863898425
HMIUJSRW,code,L,70003122,ST,2006-01-07T07:00,2006-01-07T09:10,BOD,863898425
HMIUJSRW,code,L,70003121,ST,2006-01-07T10:10,2006-01-07T12:00,ORY,863898425
OZRRAREF,code,L,70003122,ST,2006-01-07T07:00,2006-01-07T09:10,BOD,863898425
OZRRAREF,code,L,70003121,ST,2006-01-07T10:10,2006-01-07T12:00,ORY,863898425
YOHZUVSO,code,L,70003122,ST,2006-01-07T07:00,2006-01-07T09:10,BOD,863898425
YOHZUVSO,code,L,70003121,ST,2006-01-07T10:10,2006-01-07T12:00,ORY,863898425
GJIQPSXK,code,L,70003122,ST,2006-01-07T07:00,2006-01-07T09:10,BOD,863898425
GJIQPSXK,code,L,70003121,ST,2006-01-07T10:10,2006-01-07T12:00,ORY,863898425
KGQNWDQF,code,L,70003122,ST,2006-01-07T07:00,2006-01-07T09:10,BOD,863898425
KGQNWDQF,code,L,70003121,ST,2006-01-07T10:10,2006-01-07T12:00,ORY,863898425
WUUUOMIV,code,L,70003122,ST,2006-01-07T07:00,2006-01-07T09:10,BOD,863898425
WUUUOMIV,code,L,70003121,ST,2006-01-07T10:10,2006-01-07T12:00,ORY,863898425
BGFNJCGI,code,L,70004406,CP,2006-01-07T07:05,2006-01-07T09:25,MPL,1022862599
BGFNJCGI,code,L,70004409,CP,2006-01-07T10:15,2006-01-07T12:15,ORY,1022862599
JLUWMRCX,code,L,70004406,FO,2006-01-07T07:05,2006-01-07T09:25,MPL,1022862599
JLUWMRCX,code,L,70004409,FO,2006-01-07T10:15,2006-01-07T12:15,ORY,1022862599
VMUJJBUI,code,L,70004406,CS,2006-01-07T07:05,2006-01-07T09:25,MPL,1022862599
VMUJJBUI,code,L,70004409,CS,2006-01-07T10:15,2006-01-07T12:15,ORY,1022862599
FEMVLDBO,code,L,70004406,CS,2006-01-07T07:05,2006-01-07T09:25,MPL,1022862599
FEMVLDBO,code,L,70004409,CS,2006-01-07T10:15,2006-01-07T12:15,ORY,1022862599
TLRAAGEJ,code,L,70004406,ST,2006-01-07T07:05,2006-01-07T09:25,MPL,1022862599
TLRAAGEJ,code,L,70004409,ST,2006-01-07T10:15,2006-01-07T12:15,ORY,1022862599
QKFDPTLC,code,L,70004406,ST,2006-01-07T07:05,2006-01-07T09:25,MPL,1022862599
QKFDPTLC,code,L,70004409,ST,2006-01-07T10:15,2006-01-07T12:15,ORY,1022862599
KYLMGFJA,code,L,70004406,ST,2006-01-07T07:05,2006-01-07T09:25,MPL,1022862599
KYLMGFJA,code,L,70004409,ST,2006-01-07T10:15,2006-01-07T12:15,ORY,1022862599
TPWRJMJR,code,L,70004406,ST,2006-01-07T07:05,2006-01-07T09:25,MPL,1022862599
TPWRJMJR,code,L,70004409,ST,2006-01-07T10:15,2006-01-07T12:15,ORY,1022862599
AQPCGKFC,code,L,70004406,ST,2006-01-07T07:05,2006-01-07T09:25,MPL,1022862599
AQPCGKFC,code,L,70004409,ST,2006-01-07T10:15,2006-01-07T12:15,ORY,1022862599
UHKMSYJC,code,L,70004406,ST,2006-01-07T07:05,2006-01-07T09:25,MPL,1022862599
UHKMSYJC,code,L,70004409,ST,2006-01-07T10:15,2006-01-07T12:15,ORY,1022862599
KZAAJDQY,code,L,70002978,CP,2006-01-07T07:10,2006-01-07T09:30,TLS,461272858
KZAAJDQY,code,L,70004345,CP,2006-01-07T10:45,2006-01-07T12:00,ORY,461272858
KZAAJDQY,code,L,70004348,CP,2006-01-07T12:50,2006-01-07T14:10,BIQ,461272858
KZAAJDQY,code,L,70004351,CP,2006-01-07T15:55,2006-01-07T17:10,ORY,461272858
KZAAJDQY,code,L,70004354,CP,2006-01-07T18:00,2006-01-07T19:20,BIQ,461272858
KZAAJDQY,code,L,70004342,CP,2006-01-07T20:05,2006-01-07T21:50,ORY,461272858
ASVVHZQF,code,L,70002978,FO,2006-01-07T07:10,2006-01-07T09:30,TLS,461272858
ASVVHZQF,code,L,70004345,FO,2006-01-07T10:45,2006-01-07T12:00,ORY,461272858
ASVVHZQF,code,L,70004348,FO,2006-01-07T12:50,2006-01-07T14:10,BIQ,461272858
ASVVHZQF,code,L,70004351,FO,2006-01-07T15:55,2006-01-07T17:10,ORY,461272858
ASVVHZQF,code,L,70004354,FO,2006-01-07T18:00,2006-01-07T19:20,BIQ,461272858
ASVVHZQF,code,L,70004342,FO,2006-01-07T20:05,2006-01-07T21:50,ORY,461272858
WTPDKJXR,code,L,70002978,CS,2006-01-07T07:10,2006-01-07T09:30,TLS,461272858
WTPDKJXR,code,L,70004345,CS,2006-01-07T10:45,2006-01-07T12:00,ORY,461272858
WTPDKJXR,code,L,70004348,CS,2006-01-07T12:50,2006-01-07T14:10,BIQ,461272858
WTPDKJXR,code,L,70004351,CS,2006-01-07T15:55,2006-01-07T17:10,ORY,461272858
WTPDKJXR,code,L,70004354,CS,2006-01-07T18:00,2006-01-07T19:20,BIQ,461272858
WTPDKJXR,code,L,70004342,CS,2006-01-07T20:05,2006-01-07T21:50,ORY,461272858
IDUCKKZC,code,L,70002978,CS,2006-01-07T07:10,2006-01-07T09:30,TLS,461272858
IDUCKKZC,code,L,70004345,CS,2006-01-07T10:45,2006-01-07T12:00,ORY,461272858
IDUCKKZC,code,L,70004348,CS,2006-01-07T12:50,2006-01-07T14:10,BIQ,461272858
IDUCKKZC,code,L,70004351,CS,2006-01-07T15:55,2006-01-07T17:10,ORY,461272858
IDUCKKZC,code,L,70004354,CS,2006-01-07T18:00,2006-01-07T19:20,BIQ,461272858
IDUCKKZC,code,L,70004342,CS,2006-01-07T20:05,2006-01-07T21:50,ORY,461272858
CTAHUHOP,code,L,70002978,ST,2006-01-07T07:10,2006-01-07T09:30,TLS,461272858
CTAHUHOP,code,L,70004345,ST,2006-01-07T10:45,2006-01-07T12:00,ORY,461272858
CTAHUHOP,code,L,70004348,ST,2006-01-07T12:50,2006-01-07T14:10,BIQ,461272858
CTAHUHOP,code,L,70004351,ST,2006-01-07T15:55,2006-01-07T17:10,ORY,461272858
CTAHUHOP,code,L,70004354,ST,2006-01-07T18:00,2006-01-07T19:20,BIQ,461272858
CTAHUHOP,code,L,70004342,ST,2006-01-07T20:05,2006-01-07T21:50,ORY,461272858
NIBTFGXU,code,L,70002978,ST,2006-01-07T07:10,2006-01-07T09:30,TLS,461272858
NIBTFGXU,code,L,70004345,ST,2006-01-07T10:45,2006-01-07T12:00,ORY,461272858
NIBTFGXU,code,L,70004348,ST,2006-01-07T12:50,2006-01-07T14:10,BIQ,461272858
NIBTFGXU,code,L,70004351,ST,2006-01-07T15:55,2006-01-07T17:10,ORY,461272858
NIBTFGXU,code,L,70004354,ST,2006-01-07T18:00,2006-01-07T19:20,BIQ,461272858
NIBTFGXU,code,L,70004342,ST,2006-01-07T20:05,2006-01-07T21:50,ORY,461272858
OSGIPDHQ,code,L,70002978,ST,2006-01-07T07:10,2006-01-07T09:30,TLS,461272858
OSGIPDHQ,code,L,70004345,ST,2006-01-07T10:45,2006-01-07T12:00,ORY,461272858
OSGIPDHQ,code,L,70004348,ST,2006-01-07T12:50,2006-01-07T14:10,BIQ,461272858
OSGIPDHQ,code,L,70004351,ST,2006-01-07T15:55,2006-01-07T17:10,ORY,461272858
OSGIPDHQ,code,L,70004354,ST,2006-01-07T18:00,2006-01-07T19:20,BIQ,461272858
OSGIPDHQ,code,L,70004342,ST,2006-01-07T20:05,2006-01-07T21:50,ORY,461272858
HHQWVBJM,code,L,70002978,ST,2006-01-07T07:10,2006-01-07T09:30,TLS,461272858
HHQWVBJM,code,L,70004345,ST,2006-01-07T10:45,2006-01-07T12:00,ORY,461272858
HHQWVBJM,code,L,70004348,ST,2006-01-07T12:50,2006-01-07T14:10,BIQ,461272858
HHQWVBJM,code,L,70004351,ST,2006-01-07T15:55,2006-01-07T17:10,ORY,461272858
HHQWVBJM,code,L,70004354,ST,2006-01-07T18:00,2006-01-07T19:20,BIQ,461272858
HHQWVBJM,code,L,70004342,ST,2006-01-07T20:05,2006-01-07T21:50,ORY,461272858
RUMLIDXO,code,L,70002978,ST,2006-01-07T07:10,2006-01-07T09:30,TLS,461272858
RUMLIDXO,code,L,70004345,ST,2006-01-07T10:45,2006-01-07T12:00,ORY,461272858
RUMLIDXO,code,L,70004348,ST,2006-01-07T12:50,2006-01-07T14:10,BIQ,461272858
RUMLIDXO,code,L,70004351,ST,2006-01-07T15:55,2006-01-07T17:10,ORY,461272858
RUMLIDXO,code,L,70004354,ST,2006-01-07T18:00,2006-01-07T19:20,BIQ,461272858
RUMLIDXO,code,L,70004342,ST,2006-01-07T20:05,2006-01-07T21:50,ORY,461272858
NSQOSLBT,code,L,70002978,ST,2006-01-07T07:10,2006-01-07T09:30,TLS,461272858
NSQOSLBT,code,L,70004345,ST,2006-01-07T10:45,2006-01-07T12:00,ORY,461272858
NSQOSLBT,code,L,70004348,ST,2006-01-07T12:50,2006-01-07T14:10,BIQ,461272858
NSQOSLBT,code,L,70004351,ST,2006-01-07T15:55,2006-01-07T17:10,ORY,461272858
NSQOSLBT,code,L,70004354,ST,2006-01-07T18:00,2006-01-07T19:20,BIQ,461272858
NSQOSLBT,code,L,70004342,ST,2006-01-07T20:05,2006-01-07T21:50,ORY,461272858
CLXATPDK,code,L,70004168,CP,2006-01-07T07:10,2006-01-07T09:10,SXB,1178395817
CLXATPDK,code,L,70004167,CP,2006-01-07T10:25,2006-01-07T12:10,ORY,1178395817
HJSHUSWS,code,L,70004168,FO,2006-01-07T07:10,2006-01-07T09:10,SXB,1178395817
HJSHUSWS,code,L,70004167,FO,2006-01-07T10:25,2006-01-07T12:10,ORY,1178395817
ZQHHSYNG,code,L,70004168,CS,2006-01-07T07:10,2006-01-07T09:10,SXB,1178395817
ZQHHSYNG,code,L,70004167,CS,2006-01-07T10:25,2006-01-07T12:10,ORY,1178395817
AZYSSVGB,code,L,70004168,CS,2006-01-07T07:10,2006-01-07T09:10,SXB,1178395817
AZYSSVGB,code,L,70004167,CS,2006-01-07T10:25,2006-01-07T12:10,ORY,1178395817
DYPCMGUN,code,L,70004168,ST,2006-01-07T07:10,2006-01-07T09:10,SXB,1178395817
DYPCMGUN,code,L,70004167,ST,2006-01-07T10:25,2006-01-07T12:10,ORY,1178395817
PAOEKWYF,code,L,70004168,ST,2006-01-07T07:10,2006-01-07T09:10,SXB,1178395817
PAOEKWYF,code,L,70004167,ST,2006-01-07T10:25,2006-01-07T12:10,ORY,1178395817
PMYZDLBV,code,L,70004168,ST,2006-01-07T07:10,2006-01-07T09:10,SXB,1178395817
PMYZDLBV,code,L,70004167,ST,2006-01-07T10:25,2006-01-07T12:10,ORY,1178395817
VSLVADEU,code,L,70004168,ST,2006-01-07T07:10,2006-01-07T09:10,SXB,1178395817
VSLVADEU,code,L,70004167,ST,2006-01-07T10:25,2006-01-07T12:10,ORY,1178395817
SOYQVINO,code,L,70004168,ST,2006-01-07T07:10,2006-01-07T09:10,SXB,1178395817
SOYQVINO,code,L,70004167,ST,2006-01-07T10:25,2006-01-07T12:10,ORY,1178395817
IZBWYPBZ,code,L,70004168,ST,2006-01-07T07:10,2006-01-07T09:10,SXB,1178395817
IZBWYPBZ,code,L,70004167,ST,2006-01-07T10:25,2006-01-07T12:10,ORY,1178395817
IEBHHZUU,code,L,70004475,CP,2006-01-07T07:10,2006-01-07T09:45,ORY,2142954714
IEBHHZUU,code,L,70004476,CP,2006-01-07T10:45,2006-01-07T13:00,CLY,2142954714
OVLGWHUD,code,L,70004475,FO,2006-01-07T07:10,2006-01-07T09:45,ORY,2142954714
OVLGWHUD,code,L,70004476,FO,2006-01-07T10:45,2006-01-07T13:00,CLY,2142954714
HOOBNYVU,code,L,70004475,CS,2006-01-07T07:10,2006-01-07T09:45,ORY,2142954714
HOOBNYVU,code,L,70004476,CS,2006-01-07T10:45,2006-01-07T13:00,CLY,2142954714
LNNRIIFF,code,L,70004475,CS,2006-01-07T07:10,2006-01-07T09:45,ORY,2142954714
LNNRIIFF,code,L,70004476,CS,2006-01-07T10:45,2006-01-07T13:00,CLY,2142954714
AXYUIKME,code,L,70004475,ST,2006-01-07T07:10,2006-01-07T09:45,ORY,2142954714
AXYUIKME,code,L,70004476,ST,2006-01-07T10:45,2006-01-07T13:00,CLY,2142954714
NVDPWORC,code,L,70004475,ST,2006-01-07T07:10,2006-01-07T09:45,ORY,2142954714
NVDPWORC,code,L,70004476,ST,2006-01-07T10:45,2006-01-07T13:00,CLY,2142954714
QODGQXFM,code,L,70004475,ST,2006-01-07T07:10,2006-01-07T09:45,ORY,2142954714
QODGQXFM,code,L,70004476,ST,2006-01-07T10:45,2006-01-07T13:00,CLY,2142954714
XOHRNBEE,code,L,70004475,ST,2006-01-07T07:10,2006-01-07T09:45,ORY,2142954714
XOHRNBEE,code,L,70004476,ST,2006-01-07T10:45,2006-01-07T13:00,CLY,2142954714
UCITROCM,code,L,70004475,ST,2006-01-07T07:10,2006-01-07T09:45,ORY,2142954714
UCITROCM,code,L,70004476,ST,2006-01-07T10:45,2006-01-07T13:00,CLY,2142954714
ASVPNOXD,code,L,70004475,ST,2006-01-07T07:10,2006-01-07T09:45,ORY,2142954714
ASVPNOXD,code,L,70004476,ST,2006-01-07T10:45,2006-01-07T13:00,CLY,2142954714
GZYTFXSX,code,L,70004518,CP,2006-01-07T07:55,2006-01-07T10:00,CFE,41568198
GZYTFXSX,code,L,70002584,CP,2006-01-07T12:30,2006-01-07T13:35,CDG,41568198
GZYTFXSX,code,L,70002585,CP,2006-01-07T14:55,2006-01-07T15:55,RNS,41568198
GZYTFXSX,code,L,70004641,CP,2006-01-07T17:20,2006-01-07T18:50,CDG,41568198
GZYTFXSX,code,L,70004642,CP,2006-01-07T19:30,2006-01-07T21:15,PUF,41568198
XIUXAMVI,code,L,70004518,FO,2006-01-07T07:55,2006-01-07T10:00,CFE,41568198
XIUXAMVI,code,L,70002584,FO,2006-01-07T12:30,2006-01-07T13:35,CDG,41568198
XIUXAMVI,code,L,70002585,FO,2006-01-07T14:55,2006-01-07T15:55,RNS,41568198
XIUXAMVI,code,L,70004641,FO,2006-01-07T17:20,2006-01-07T18:50,CDG,41568198
XIUXAMVI,code,L,70004642,FO,2006-01-07T19:30,2006-01-07T21:15,PUF,41568198
NJJICJOW,code,L,70004518,CSD,2006-01-07T07:55,2006-01-07T10:00,CFE,41568198
NJJICJOW,code,L,70002584,CSD,2006-01-07T12:30,2006-01-07T13:35,CDG,41568198
NJJICJOW,code,L,70002585,CSD,2006-01-07T14:55,2006-01-07T15:55,RNS,41568198
NJJICJOW,code,L,70004641,CSD,2006-01-07T17:20,2006-01-07T18:50,CDG,41568198
NJJICJOW,code,L,70004642,CSD,2006-01-07T19:30,2006-01-07T21:15,PUF,41568198
NHIREFCB,code,L,70004518,ST,2006-01-07T07:55,2006-01-07T10:00,CFE,41568198
NHIREFCB,code,L,70002584,ST,2006-01-07T12:30,2006-01-07T13:35,CDG,41568198
NHIREFCB,code,L,70002585,ST,2006-01-07T14:55,2006-01-07T15:55,RNS,41568198
NHIREFCB,code,L,70004641,ST,2006-01-07T17:20,2006-01-07T18:50,CDG,41568198
NHIREFCB,code,L,70004642,ST,2006-01-07T19:30,2006-01-07T21:15,PUF,41568198
YXVYHMBN,code,L,70004518,ST,2006-01-07T07:55,2006-01-07T10:00,CFE,41568198
YXVYHMBN,code,L,70002584,ST,2006-01-07T12:30,2006-01-07T13:35,CDG,41568198
YXVYHMBN,code,L,70002585,ST,2006-01-07T14:55,2006-01-07T15:55,RNS,41568198
YXVYHMBN,code,L,70004641,ST,2006-01-07T17:20,2006-01-07T18:50,CDG,41568198
YXVYHMBN,code,L,70004642,ST,2006-01-07T19:30,2006-01-07T21:15,PUF,41568198
LVDGIQNE,code,L,70004837,CP,2006-01-07T08:15,2006-01-07T10:35,SXB,1988519473
LVDGIQNE,code,L,70004838,CP,2006-01-07T11:15,2006-01-07T12:35,NCE,1988519473
LVDGIQNE,code,L,70002644,CP,2006-01-07T13:10,2006-01-07T14:10,SXB,1988519473
LVDGIQNE,code,L,70002643,CP,2006-01-07T15:00,2006-01-07T16:45,LYS,1988519473
ULOLTQRL,code,L,70004837,FO,2006-01-07T08:15,2006-01-07T10:35,SXB,1988519473
ULOLTQRL,code,L,70004838,FO,2006-01-07T11:15,2006-01-07T12:35,NCE,1988519473
ULOLTQRL,code,L,70002644,FO,2006-01-07T13:10,2006-01-07T14:10,SXB,1988519473
ULOLTQRL,code,L,70002643,FO,2006-01-07T15:00,2006-01-07T16:45,LYS,1988519473
KCGONVKM,code,L,70004837,CSD,2006-01-07T08:15,2006-01-07T10:35,SXB,1988519473
KCGONVKM,code,L,70004838,CSD,2006-01-07T11:15,2006-01-07T12:35,NCE,1988519473
KCGONVKM,code,L,70002644,CSD,2006-01-07T13:10,2006-01-07T14:10,SXB,1988519473
KCGONVKM,code,L,70002643,CSD,2006-01-07T15:00,2006-01-07T16:45,LYS,1988519473
QFMZPNJJ,code,L,70004837,ST,2006-01-07T08:15,2006-01-07T10:35,SXB,1988519473
QFMZPNJJ,code,L,70004838,ST,2006-01-07T11:15,2006-01-07T12:35,NCE,1988519473
QFMZPNJJ,code,L,70002644,ST,2006-01-07T13:10,2006-01-07T14:10,SXB,1988519473
QFMZPNJJ,code,L,70002643,ST,2006-01-07T15:00,2006-01-07T16:45,LYS,1988519473
FSSHNFVD,code,L,70004837,ST,2006-01-07T08:15,2006-01-07T10:35,SXB,1988519473
FSSHNFVD,code,L,70004838,ST,2006-01-07T11:15,2006-01-07T12:35,NCE,1988519473
FSSHNFVD,code,L,70002644,ST,2006-01-07T13:10,2006-01-07T14:10,SXB,1988519473
FSSHNFVD,code,L,70002643,ST,2006-01-07T15:00,2006-01-07T16:45,LYS,1988519473
QWXSTRIM,code,L,70004837,ST,2006-01-07T08:15,2006-01-07T10:35,SXB,1988519473
QWXSTRIM,code,L,70004838,ST,2006-01-07T11:15,2006-01-07T12:35,NCE,1988519473
QWXSTRIM,code,L,70002644,ST,2006-01-07T13:10,2006-01-07T14:10,SXB,1988519473
QWXSTRIM,code,L,70002643,ST,2006-01-07T15:00,2006-01-07T16:45,LYS,1988519473
YFBUPAIH,code,L,70004268,CP,2006-01-07T08:30,2006-01-07T10:35,LYS,190797265
YFBUPAIH,code,L,70004273,CP,2006-01-07T11:20,2006-01-07T12:25,ORY,190797265
YFBUPAIH,code,L,70004272,CP,2006-01-07T13:10,2006-01-07T14:15,LYS,190797265
YFBUPAIH,code,L,70004279,CP,2006-01-07T15:00,2006-01-07T16:05,ORY,190797265
YFBUPAIH,code,L,70004274,CP,2006-01-07T16:50,2006-01-07T17:55,LYS,190797265
YFBUPAIH,code,L,70004275,CP,2006-01-07T18:40,2006-01-07T20:30,ORY,190797265
DBYXDGZK,code,L,70004268,FO,2006-01-07T08:30,2006-01-07T10:35,LYS,190797265
DBYXDGZK,code,L,70004273,FO,2006-01-07T11:20,2006-01-07T12:25,ORY,190797265
DBYXDGZK,code,L,70004272,FO,2006-01-07T13:10,2006-01-07T14:15,LYS,190797265
DBYXDGZK,code,L,70004279,FO,2006-01-07T15:00,2006-01-07T16:05,ORY,190797265
DBYXDGZK,code,L,70004274,FO,2006-01-07T16:50,2006-01-07T17:55,LYS,190797265
DBYXDGZK,code,L,70004275,FO,2006-01-07T18:40,2006-01-07T20:30,ORY,190797265
CJDPEQXJ,code,L,70004268,CS,2006-01-07T08:30,2006-01-07T10:35,LYS,190797265
CJDPEQXJ,code,L,70004273,CS,2006-01-07T11:20,2006-01-07T12:25,ORY,190797265
CJDPEQXJ,code,L,70004272,CS,2006-01-07T13:10,2006-01-07T14:15,LYS,190797265
CJDPEQXJ,code,L,70004279,CS,2006-01-07T15:00,2006-01-07T16:05,ORY,190797265
CJDPEQXJ,code,L,70004274,CS,2006-01-07T16:50,2006-01-07T17:55,LYS,190797265
CJDPEQXJ,code,L,70004275,CS,2006-01-07T18:40,2006-01-07T20:30,ORY,190797265
UYLIWTWT,code,L,70004268,CS,2006-01-07T08:30,2006-01-07T10:35,LYS,190797265
UYLIWTWT,code,L,70004273,CS,2006-01-07T11:20,2006-01-07T12:25,ORY,190797265
UYLIWTWT,code,L,70004272,CS,2006-01-07T13:10,2006-01-07T14:15,LYS,190797265
UYLIWTWT,code,L,70004279,CS,2006-01-07T15:00,2006-01-07T16:05,ORY,190797265
UYLIWTWT,code,L,70004274,CS,2006-01-07T16:50,2006-01-07T17:55,LYS,190797265
UYLIWTWT,code,L,70004275,CS,2006-01-07T18:40,2006-01-07T20:30,ORY,190797265
UTMSQOLH,code,L,70004268,ST,2006-01-07T08:30,2006-01-07T10:35,LYS,190797265
UTMSQOLH,code,L,70004273,ST,2006-01-07T11:20,2006-01-07T12:25,ORY,190797265
UTMSQOLH,code,L,70004272,ST,2006-01-07T13:10,2006-01-07T14:15,LYS,190797265
UTMSQOLH,code,L,70004279,ST,2006-01-07T15:00,2006-01-07T16:05,ORY,190797265
UTMSQOLH,code,L,70004274,ST,2006-01-07T16:50,2006-01-07T17:55,LYS,190797265
UTMSQOLH,code,L,70004275,ST,2006-01-07T18:40,2006-01-07T20:30,ORY,190797265
TFGWJDXA,code,L,70004268,ST,2006-01-07T08:30,2006-01-07T10:35,LYS,190797265
TFGWJDXA,code,L,70004273,ST,2006-01-07T11:20,2006-01-07T12:25,ORY,190797265
TFGWJDXA,code,L,70004272,ST,2006-01-07T13:10,2006-01-07T14:15,LYS,190797265
TFGWJDXA,code,L,70004279,ST,2006-01-07T15:00,2006-01-07T16:05,ORY,190797265
TFGWJDXA,code,L,70004274,ST,2006-01-07T16:50,2006-01-07T17:55,LYS,190797265
TFGWJDXA,code,L,70004275,ST,2006-01-07T18:40,2006-01-07T20:30,ORY,190797265
NMDRJAUW,code,L,70004268,ST,2006-01-07T08:30,2006-01-07T10:35,LYS,190797265
NMDRJAUW,code,L,70004273,ST,2006-01-07T11:20,2006-01-07T12:25,ORY,190797265
NMDRJAUW,code,L,70004272,ST,2006-01-07T13:10,2006-01-07T14:15,LYS,190797265
NMDRJAUW,code,L,70004279,ST,2006-01-07T15:00,2006-01-07T16:05,ORY,190797265
NMDRJAUW,code,L,70004274,ST,2006-01-07T16:50,2006-01-07T17:55,LYS,190797265
NMDRJAUW,code,L,70004275,ST,2006-01-07T18:40,2006-01-07T20:30,ORY,190797265
IAUMIWZE,code,L,70004268,ST,2006-01-07T08:30,2006-01-07T10:35,LYS,190797265
IAUMIWZE,code,L,70004273,ST,2006-01-07T11:20,2006-01-07T12:25,ORY,190797265
IAUMIWZE,code,L,70004272,ST,2006-01-07T13:10,2006-01-07T14:15,LYS,190797265
IAUMIWZE,code,L,70004279,ST,2006-01-07T15:00,2006-01-07T16:05,ORY,190797265
IAUMIWZE,code,L,70004274,ST,2006-01-07T16:50,2006-01-07T17:55,LYS,190797265
IAUMIWZE,code,L,70004275,ST,2006-01-07T18:40,2006-01-07T20:30,ORY,190797265
FTMONTNR,code,L,70004268,ST,2006-01-07T08:30,2006-01-07T10:35,LYS,190797265
FTMONTNR,code,L,70004273,ST,2006-01-07T11:20,2006-01-07T12:25,ORY,190797265
FTMONTNR,code,L,70004272,ST,2006-01-07T13:10,2006-01-07T14:15,LYS,190797265
FTMONTNR,code,L,70004279,ST,2006-01-07T15:00,2006-01-07T16:05,ORY,190797265
FTMONTNR,code,L,70004274,ST,2006-01-07T16:50,2006-01-07T17:55,LYS,190797265
FTMONTNR,code,L,70004275,ST,2006-01-07T18:40,2006-01-07T20:30,ORY,190797265
AEXZMTDI,code,L,70004268,ST,2006-01-07T08:30,2006-01-07T10:35,LYS,190797265
AEXZMTDI,code,L,70004273,ST,2006-01-07T11:20,2006-01-07T12:25,ORY,190797265
AEXZMTDI,code,L,70004272,ST,2006-01-07T13:10,2006-01-07T14:15,LYS,190797265
AEXZMTDI,code,L,70004279,ST,2006-01-07T15:00,2006-01-07T16:05,ORY,190797265
AEXZMTDI,code,L,70004274,ST,2006-01-07T16:50,2006-01-07T17:55,LYS,190797265
AEXZMTDI,code,L,70004275,ST,2006-01-07T18:40,2006-01-07T20:30,ORY,190797265
FKUOEWRL,code,L,70004658,CP,2006-01-07T08:35,2006-01-07T11:05,TLS,1839244181
FKUOEWRL,code,L,70004657,CP,2006-01-07T11:55,2006-01-07T13:20,CDG,1839244181
FKUOEWRL,code,L,70004650,CP,2006-01-07T15:00,2006-01-07T16:30,TLS,1839244181
FKUOEWRL,code,L,70004651,CP,2006-01-07T17:25,2006-01-07T19:35,CDG,1839244181
XMTRERHH,code,L,70004658,FO,2006-01-07T08:35,2006-01-07T11:05,TLS,1839244181
XMTRERHH,code,L,70004657,FO,2006-01-07T11:55,2006-01-07T13:20,CDG,1839244181
XMTRERHH,code,L,70004650,FO,2006-01-07T15:00,2006-01-07T16:30,TLS,1839244181
XMTRERHH,code,L,70004651,FO,2006-01-07T17:25,2006-01-07T19:35,CDG,1839244181
PPUOZUJG,code,L,70004658,CS,2006-01-07T08:35,2006-01-07T11:05,TLS,1839244181
PPUOZUJG,code,L,70004657,CS,2006-01-07T11:55,2006-01-07T13:20,CDG,1839244181
PPUOZUJG,code,L,70004650,CS,2006-01-07T15:00,2006-01-07T16:30,TLS,1839244181
PPUOZUJG,code,L,70004651,CS,2006-01-07T17:25,2006-01-07T19:35,CDG,1839244181
TSIFWVKN,code,L,70004658,CS,2006-01-07T08:35,2006-01-07T11:05,TLS,1839244181
TSIFWVKN,code,L,70004657,CS,2006-01-07T11:55,2006-01-07T13:20,CDG,1839244181
TSIFWVKN,code,L,70004650,CS,2006-01-07T15:00,2006-01-07T16:30,TLS,1839244181
TSIFWVKN,code,L,70004651,CS,2006-01-07T17:25,2006-01-07T19:35,CDG,1839244181
GSHWEARD,code,L,70004658,ST,2006-01-07T08:35,2006-01-07T11:05,TLS,1839244181
GSHWEARD,code,L,70004657,ST,2006-01-07T11:55,2006-01-07T13:20,CDG,1839244181
GSHWEARD,code,L,70004650,ST,2006-01-07T15:00,2006-01-07T16:30,TLS,1839244181
GSHWEARD,code,L,70004651,ST,2006-01-07T17:25,2006-01-07T19:35,CDG,1839244181
RKSIWTSC,code,L,70004658,ST,2006-01-07T08:35,2006-01-07T11:05,TLS,1839244181
RKSIWTSC,code,L,70004657,ST,2006-01-07T11:55,2006-01-07T13:20,CDG,1839244181
RKSIWTSC,code,L,70004650,ST,2006-01-07T15:00,2006-01-07T16:30,TLS,1839244181
RKSIWTSC,code,L,70004651,ST,2006-01-07T17:25,2006-01-07T19:35,CDG,1839244181
CVGYGGPS,code,L,70004658,ST,2006-01-07T08:35,2006-01-07T11:05,TLS,1839244181
CVGYGGPS,code,L,70004657,ST,2006-01-07T11:55,2006-01-07T13:20,CDG,1839244181
CVGYGGPS,code,L,70004650,ST,2006-01-07T15:00,2006-01-07T16:30,TLS,1839244181
CVGYGGPS,code,L,70004651,ST,2006-01-07T17:25,2006-01-07T19:35,CDG,1839244181
AWCSAMOX,code,L,70004658,ST,2006-01-07T08:35,2006-01-07T11:05,TLS,1839244181
AWCSAMOX,code,L,70004657,ST,2006-01-07T11:55,2006-01-07T13:20,CDG,1839244181
AWCSAMOX,code,L,70004650,ST,2006-01-07T15:00,2006-01-07T16:30,TLS,1839244181
AWCSAMOX,code,L,70004651,ST,2006-01-07T17:25,2006-01-07T19:35,CDG,1839244181
KZHHUVEO,code,L,70004658,ST,2006-01-07T08:35,2006-01-07T11:05,TLS,1839244181
KZHHUVEO,code,L,70004657,ST,2006-01-07T11:55,2006-01-07T13:20,CDG,1839244181
KZHHUVEO,code,L,70004650,ST,2006-01-07T15:00,2006-01-07T16:30,TLS,1839244181
KZHHUVEO,code,L,70004651,ST,2006-01-07T17:25,2006-01-07T19:35,CDG,1839244181
BALSVRKP,code,L,70004658,ST,2006-01-07T08:35,2006-01-07T11:05,TLS,1839244181
BALSVRKP,code,L,70004657,ST,2006-01-07T11:55,2006-01-07T13:20,CDG,1839244181
BALSVRKP,code,L,70004650,ST,2006-01-07T15:00,2006-01-07T16:30,TLS,1839244181
BALSVRKP,code,L,70004651,ST,2006-01-07T17:25,2006-01-07T19:35,CDG,1839244181
BNVELHNW,code,L,70002980,CP,2006-01-07T08:40,2006-01-07T11:00,TLS,2039758977
BNVELHNW,code,L,70002983,CP,2006-01-07T11:50,2006-01-07T13:00,ORY,2039758977
BNVELHNW,code,L,70002988,CP,2006-01-07T13:40,2006-01-07T15:00,TLS,2039758977
BNVELHNW,code,L,70002995,CP,2006-01-07T15:50,2006-01-07T17:00,ORY,2039758977
BNVELHNW,code,L,70003004,CP,2006-01-07T17:40,2006-01-07T19:00,TLS,2039758977
BNVELHNW,code,L,70003011,CP,2006-01-07T19:50,2006-01-07T21:45,ORY,2039758977
ZGHEYPIJ,code,L,70002980,FO,2006-01-07T08:40,2006-01-07T11:00,TLS,2039758977
ZGHEYPIJ,code,L,70002983,FO,2006-01-07T11:50,2006-01-07T13:00,ORY,2039758977
ZGHEYPIJ,code,L,70002988,FO,2006-01-07T13:40,2006-01-07T15:00,TLS,2039758977
ZGHEYPIJ,code,L,70002995,FO,2006-01-07T15:50,2006-01-07T17:00,ORY,2039758977
ZGHEYPIJ,code,L,70003004,FO,2006-01-07T17:40,2006-01-07T19:00,TLS,2039758977
ZGHEYPIJ,code,L,70003011,FO,2006-01-07T19:50,2006-01-07T21:45,ORY,2039758977
XGBLRJQK,code,L,70002980,CS,2006-01-07T08:40,2006-01-07T11:00,TLS,2039758977
XGBLRJQK,code,L,70002983,CS,2006-01-07T11:50,2006-01-07T13:00,ORY,2039758977
XGBLRJQK,code,L,70002988,CS,2006-01-07T13:40,2006-01-07T15:00,TLS,2039758977
XGBLRJQK,code,L,70002995,CS,2006-01-07T15:50,2006-01-07T17:00,ORY,2039758977
XGBLRJQK,code,L,70003004,CS,2006-01-07T17:40,2006-01-07T19:00,TLS,2039758977
XGBLRJQK,code,L,70003011,CS,2006-01-07T19:50,2006-01-07T21:45,ORY,2039758977
GKCAGXAQ,code,L,70002980,CS,2006-01-07T08:40,2006-01-07T11:00,TLS,2039758977
GKCAGXAQ,code,L,70002983,CS,2006-01-07T11:50,2006-01-07T13:00,ORY,2039758977
GKCAGXAQ,code,L,70002988,CS,2006-01-07T13:40,2006-01-07T15:00,TLS,2039758977
GKCAGXAQ,code,L,70002995,CS,2006-01-07T15:50,2006-01-07T17:00,ORY,2039758977
GKCAGXAQ,code,L,70003004,CS,2006-01-07T17:40,2006-01-07T19:00,TLS,2039758977
GKCAGXAQ,code,L,70003011,CS,2006-01-07T19:50,2006-01-07T21:45,ORY,2039758977
BAMRXCZT,code,L,70002980,ST,2006-01-07T08:40,2006-01-07T11:00,TLS,2039758977
BAMRXCZT,code,L,70002983,ST,2006-01-07T11:50,2006-01-07T13:00,ORY,2039758977
BAMRXCZT,code,L,70002988,ST,2006-01-07T13:40,2006-01-07T15:00,TLS,2039758977
BAMRXCZT,code,L,70002995,ST,2006-01-07T15:50,2006-01-07T17:00,ORY,2039758977
BAMRXCZT,code,L,70003004,ST,2006-01-07T17:40,2006-01-07T19:00,TLS,2039758977
BAMRXCZT,code,L,70003011,ST,2006-01-07T19:50,2006-01-07T21:45,ORY,2039758977
KBCSQMIE,code,L,70002980,ST,2006-01-07T08:40,2006-01-07T11:00,TLS,2039758977
KBCSQMIE,code,L,70002983,ST,2006-01-07T11:50,2006-01-07T13:00,ORY,2039758977
KBCSQMIE,code,L,70002988,ST,2006-01-07T13:40,2006-01-07T15:00,TLS,2039758977
KBCSQMIE,code,L,70002995,ST,2006-01-07T15:50,2006-01-07T17:00,ORY,2039758977
KBCSQMIE,code,L,70003004,ST,2006-01-07T17:40,2006-01-07T19:00,TLS,2039758977
KBCSQMIE,code,L,70003011,ST,2006-01-07T19:50,2006-01-07T21:45,ORY,2039758977
MGWOABSB,code,L,70002980,ST,2006-01-07T08:40,2006-01-07T11:00,TLS,2039758977
MGWOABSB,code,L,70002983,ST,2006-01-07T11:50,2006-01-07T13:00,ORY,2039758977
MGWOABSB,code,L,70002988,ST,2006-01-07T13:40,2006-01-07T15:00,TLS,2039758977
MGWOABSB,code,L,70002995,ST,2006-01-07T15:50,2006-01-07T17:00,ORY,2039758977
MGWOABSB,code,L,70003004,ST,2006-01-07T17:40,2006-01-07T19:00,TLS,2039758977
MGWOABSB,code,L,70003011,ST,2006-01-07T19:50,2006-01-07T21:45,ORY,2039758977
FZARMZHW,code,L,70002980,ST,2006-01-07T08:40,2006-01-07T11:00,TLS,2039758977
FZARMZHW,code,L,70002983,ST,2006-01-07T11:50,2006-01-07T13:00,ORY,2039758977
FZARMZHW,code,L,70002988,ST,2006-01-07T13:40,2006-01-07T15:00,TLS,2039758977
FZARMZHW,code,L,70002995,ST,2006-01-07T15:50,2006-01-07T17:00,ORY,2039758977
FZARMZHW,code,L,70003004,ST,2006-01-07T17:40,2006-01-07T19:00,TLS,2039758977
FZARMZHW,code,L,70003011,ST,2006-01-07T19:50,2006-01-07T21:45,ORY,2039758977
LKNTTOXY,code,L,70002980,ST,2006-01-07T08:40,2006-01-07T11:00,TLS,2039758977
LKNTTOXY,code,L,70002983,ST,2006-01-07T11:50,2006-01-07T13:00,ORY,2039758977
LKNTTOXY,code,L,70002988,ST,2006-01-07T13:40,2006-01-07T15:00,TLS,2039758977
LKNTTOXY,code,L,70002995,ST,2006-01-07T15:50,2006-01-07T17:00,ORY,2039758977
LKNTTOXY,code,L,70003004,ST,2006-01-07T17:40,2006-01-07T19:00,TLS,2039758977
LKNTTOXY,code,L,70003011,ST,2006-01-07T19:50,2006-01-07T21:45,ORY,2039758977
HVDOVRRX,code,L,70002980,ST,2006-01-07T08:40,2006-01-07T11:00,TLS,2039758977
HVDOVRRX,code,L,70002983,ST,2006-01-07T11:50,2006-01-07T13:00,ORY,2039758977
HVDOVRRX,code,L,70002988,ST,2006-01-07T13:40,2006-01-07T15:00,TLS,2039758977
HVDOVRRX,code,L,70002995,ST,2006-01-07T15:50,2006-01-07T17:00,ORY,2039758977
HVDOVRRX,code,L,70003004,ST,2006-01-07T17:40,2006-01-07T19:00,TLS,2039758977
HVDOVRRX,code,L,70003011,ST,2006-01-07T19:50,2006-01-07T21:45,ORY,2039758977
NOTGJVUQ,code,L,70002795,CP,2006-01-07T08:45,2006-01-07T10:50,LRT,1020019581
NOTGJVUQ,code,L,70002796,CP,2006-01-07T12:10,2006-01-07T13:15,ORY,1020019581
NOTGJVUQ,code,L,70002797,CP,2006-01-07T14:00,2006-01-07T15:05,LRT,1020019581
NOTGJVUQ,code,L,70002525,CP,2006-01-07T16:35,2006-01-07T18:20,ORY,1020019581
ZLROLPBT,code,L,70002795,FO,2006-01-07T08:45,2006-01-07T10:50,LRT,1020019581
ZLROLPBT,code,L,70002796,FO,2006-01-07T12:10,2006-01-07T13:15,ORY,1020019581
ZLROLPBT,code,L,70002797,FO,2006-01-07T14:00,2006-01-07T15:05,LRT,1020019581
ZLROLPBT,code,L,70002525,FO,2006-01-07T16:35,2006-01-07T18:20,ORY,1020019581
JRPETFJB,code,L,70002795,CS,2006-01-07T08:45,2006-01-07T10:50,LRT,1020019581
JRPETFJB,code,L,70002796,CS,2006-01-07T12:10,2006-01-07T13:15,ORY,1020019581
JRPETFJB,code,L,70002797,CS,2006-01-07T14:00,2006-01-07T15:05,LRT,1020019581
JRPETFJB,code,L,70002525,CS,2006-01-07T16:35,2006-01-07T18:20,ORY,1020019581
HNSAUFFR,code,L,70002795,ST,2006-01-07T08:45,2006-01-07T10:50,LRT,1020019581
HNSAUFFR,code,L,70002796,ST,2006-01-07T12:10,2006-01-07T13:15,ORY,1020019581
HNSAUFFR,code,L,70002797,ST,2006-01-07T14:00,2006-01-07T15:05,LRT,1020019581
HNSAUFFR,code,L,70002525,ST,2006-01-07T16:35,2006-01-07T18:20,ORY,1020019581
DXSOOOUZ,code,L,70002795,ST,2006-01-07T08:45,2006-01-07T10:50,LRT,1020019581
DXSOOOUZ,code,L,70002796,ST,2006-01-07T12:10,2006-01-07T13:15,ORY,1020019581
DXSOOOUZ,code,L,70002797,ST,2006-01-07T14:00,2006-01-07T15:05,LRT,1020019581
DXSOOOUZ,code,L,70002525,ST,2006-01-07T16:35,2006-01-07T18:20,ORY,1020019581
TGHWNCCY,code,L,70004638,CP,2006-01-07T08:45,2006-01-07T11:15,PUF,260274019
TGHWNCCY,code,L,70004585,CP,2006-01-07T13:00,2006-01-07T14:05,CDG,260274019
TGHWNCCY,code,L,70004586,CP,2006-01-07T15:15,2006-01-07T16:20,NTE,260274019
TGHWNCCY,code,L,70004637,CP,2006-01-07T20:10,2006-01-07T22:20,CDG,260274019
HPSYOVDI,code,L,70004638,FO,2006-01-07T08:45,2006-01-07T11:15,PUF,260274019
HPSYOVDI,code,L,70004585,FO,2006-01-07T13:00,2006-01-07T14:05,CDG,260274019
HPSYOVDI,code,L,70004586,FO,2006-01-07T15:15,2006-01-07T16:20,NTE,260274019
HPSYOVDI,code,L,70004637,FO,2006-01-07T20:10,2006-01-07T22:20,CDG,260274019
PWBSMBLE,code,L,70004638,CSD,2006-01-07T08:45,2006-01-07T11:15,PUF,260274019
PWBSMBLE,code,L,70004585,CSD,2006-01-07T13:00,2006-01-07T14:05,CDG,260274019
PWBSMBLE,code,L,70004586,CSD,2006-01-07T15:15,2006-01-07T16:20,NTE,260274019
PWBSMBLE,code,L,70004637,CSD,2006-01-07T20:10,2006-01-07T22:20,CDG,260274019
WKZOWSGF,code,L,70004638,ST,2006-01-07T08:45,2006-01-07T11:15,PUF,260274019
WKZOWSGF,code,L,70004585,ST,2006-01-07T13:00,2006-01-07T14:05,CDG,260274019
WKZOWSGF,code,L,70004586,ST,2006-01-07T15:15,2006-01-07T16:20,NTE,260274019
WKZOWSGF,code,L,70004637,ST,2006-01-07T20:10,2006-01-07T22:20,CDG,260274019
ASPANNFD,code,L,70004638,ST,2006-01-07T08:45,2006-01-07T11:15,PUF,260274019
ASPANNFD,code,L,70004585,ST,2006-01-07T13:00,2006-01-07T14:05,CDG,260274019
ASPANNFD,code,L,70004586,ST,2006-01-07T15:15,2006-01-07T16:20,NTE,260274019
ASPANNFD,code,L,70004637,ST,2006-01-07T20:10,2006-01-07T22:20,CDG,260274019
LTYRNETF,code,L,70004638,ST,2006-01-07T08:45,2006-01-07T11:15,PUF,260274019
LTYRNETF,code,L,70004585,ST,2006-01-07T13:00,2006-01-07T14:05,CDG,260274019
LTYRNETF,code,L,70004586,ST,2006-01-07T15:15,2006-01-07T16:20,NTE,260274019
LTYRNETF,code,L,70004637,ST,2006-01-07T20:10,2006-01-07T22:20,CDG,260274019
CUGPTDAC,code,L,70004298,CP,2006-01-07T08:50,2006-01-07T10:45,CFE,237820880
CUGPTDAC,code,L,70004229,CP,2006-01-07T11:15,2006-01-07T12:25,ORY,237820880
CUGPTDAC,code,L,70004232,CP,2006-01-07T13:05,2006-01-07T14:20,BES,237820880
CUGPTDAC,code,L,70004301,CP,2006-01-07T16:55,2006-01-07T18:35,ORY,237820880
WAZYOHFS,code,L,70004298,FO,2006-01-07T08:50,2006-01-07T10:45,CFE,237820880
WAZYOHFS,code,L,70004229,FO,2006-01-07T11:15,2006-01-07T12:25,ORY,237820880
WAZYOHFS,code,L,70004232,FO,2006-01-07T13:05,2006-01-07T14:20,BES,237820880
WAZYOHFS,code,L,70004301,FO,2006-01-07T16:55,2006-01-07T18:35,ORY,237820880
RBBJYJJQ,code,L,70004298,CS,2006-01-07T08:50,2006-01-07T10:45,CFE,237820880
RBBJYJJQ,code,L,70004229,CS,2006-01-07T11:15,2006-01-07T12:25,ORY,237820880
RBBJYJJQ,code,L,70004232,CS,2006-01-07T13:05,2006-01-07T14:20,BES,237820880
RBBJYJJQ,code,L,70004301,CS,2006-01-07T16:55,2006-01-07T18:35,ORY,237820880
VEVHFXAA,code,L,70004298,CS,2006-01-07T08:50,2006-01-07T10:45,CFE,237820880
VEVHFXAA,code,L,70004229,CS,2006-01-07T11:15,2006-01-07T12:25,ORY,237820880
VEVHFXAA,code,L,70004232,CS,2006-01-07T13:05,2006-01-07T14:20,BES,237820880
VEVHFXAA,code,L,70004301,CS,2006-01-07T16:55,2006-01-07T18:35,ORY,237820880
VONGUVLR,code,L,70004298,ST,2006-01-07T08:50,2006-01-07T10:45,CFE,237820880
VONGUVLR,code,L,70004229,ST,2006-01-07T11:15,2006-01-07T12:25,ORY,237820880
VONGUVLR,code,L,70004232,ST,2006-01-07T13:05,2006-01-07T14:20,BES,237820880
VONGUVLR,code,L,70004301,ST,2006-01-07T16:55,2006-01-07T18:35,ORY,237820880
CWVUYIOQ,code,L,70004298,ST,2006-01-07T08:50,2006-01-07T10:45,CFE,237820880
CWVUYIOQ,code,L,70004229,ST,2006-01-07T11:15,2006-01-07T12:25,ORY,237820880
CWVUYIOQ,code,L,70004232,ST,2006-01-07T13:05,2006-01-07T14:20,BES,237820880
CWVUYIOQ,code,L,70004301,ST,2006-01-07T16:55,2006-01-07T18:35,ORY,237820880
VHLHVDFP,code,L,70004298,ST,2006-01-07T08:50,2006-01-07T10:45,CFE,237820880
VHLHVDFP,code,L,70004229,ST,2006-01-07T11:15,2006-01-07T12:25,ORY,237820880
VHLHVDFP,code,L,70004232,ST,2006-01-07T13:05,2006-01-07T14:20,BES,237820880
VHLHVDFP,code,L,70004301,ST,2006-01-07T16:55,2006-01-07T18:35,ORY,237820880
PALXORVS,code,L,70004298,ST,2006-01-07T08:50,2006-01-07T10:45,CFE,237820880
PALXORVS,code,L,70004229,ST,2006-01-07T11:15,2006-01-07T12:25,ORY,237820880
PALXORVS,code,L,70004232,ST,2006-01-07T13:05,2006-01-07T14:20,BES,237820880
PALXORVS,code,L,70004301,ST,2006-01-07T16:55,2006-01-07T18:35,ORY,237820880
BNWCIYLJ,code,L,70004298,ST,2006-01-07T08:50,2006-01-07T10:45,CFE,237820880
BNWCIYLJ,code,L,70004229,ST,2006-01-07T11:15,2006-01-07T12:25,ORY,237820880
BNWCIYLJ,code,L,70004232,ST,2006-01-07T13:05,2006-01-07T14:20,BES,237820880
BNWCIYLJ,code,L,70004301,ST,2006-01-07T16:55,2006-01-07T18:35,ORY,237820880
WQOBTQNT,code,L,70004298,ST,2006-01-07T08:50,2006-01-07T10:45,CFE,237820880
WQOBTQNT,code,L,70004229,ST,2006-01-07T11:15,2006-01-07T12:25,ORY,237820880
WQOBTQNT,code,L,70004232,ST,2006-01-07T13:05,2006-01-07T14:20,BES,237820880
WQOBTQNT,code,L,70004301,ST,2006-01-07T16:55,2006-01-07T18:35,ORY,237820880
ODCBGCJO,code,L,70004408,CP,2006-01-07T08:50,2006-01-07T11:10,MPL,1512368656
ODCBGCJO,code,L,70004411,CP,2006-01-07T12:15,2006-01-07T13:30,ORY,1512368656
ODCBGCJO,code,L,70004412,CP,2006-01-07T14:20,2006-01-07T15:40,MPL,1512368656
ODCBGCJO,code,L,70004415,CP,2006-01-07T16:15,2006-01-07T17:30,ORY,1512368656
ODCBGCJO,code,L,70004416,CP,2006-01-07T18:20,2006-01-07T19:40,MPL,1512368656
ODCBGCJO,code,L,70004421,CP,2006-01-07T20:15,2006-01-07T22:15,ORY,1512368656
WWAOOSJP,code,L,70004408,FO,2006-01-07T08:50,2006-01-07T11:10,MPL,1512368656
WWAOOSJP,code,L,70004411,FO,2006-01-07T12:15,2006-01-07T13:30,ORY,1512368656
WWAOOSJP,code,L,70004412,FO,2006-01-07T14:20,2006-01-07T15:40,MPL,1512368656
WWAOOSJP,code,L,70004415,FO,2006-01-07T16:15,2006-01-07T17:30,ORY,1512368656
WWAOOSJP,code,L,70004416,FO,2006-01-07T18:20,2006-01-07T19:40,MPL,1512368656
WWAOOSJP,code,L,70004421,FO,2006-01-07T20:15,2006-01-07T22:15,ORY,1512368656
KSKELHET,code,L,70004408,CS,2006-01-07T08:50,2006-01-07T11:10,MPL,1512368656
KSKELHET,code,L,70004411,CS,2006-01-07T12:15,2006-01-07T13:30,ORY,1512368656
KSKELHET,code,L,70004412,CS,2006-01-07T14:20,2006-01-07T15:40,MPL,1512368656
KSKELHET,code,L,70004415,CS,2006-01-07T16:15,2006-01-07T17:30,ORY,1512368656
KSKELHET,code,L,70004416,CS,2006-01-07T18:20,2006-01-07T19:40,MPL,1512368656
KSKELHET,code,L,70004421,CS,2006-01-07T20:15,2006-01-07T22:15,ORY,1512368656
AYRYOMVM,code,L,70004408,CS,2006-01-07T08:50,2006-01-07T11:10,MPL,1512368656
AYRYOMVM,code,L,70004411,CS,2006-01-07T12:15,2006-01-07T13:30,ORY,1512368656
AYRYOMVM,code,L,70004412,CS,2006-01-07T14:20,2006-01-07T15:40,MPL,1512368656
AYRYOMVM,code,L,70004415,CS,2006-01-07T16:15,2006-01-07T17:30,ORY,1512368656
AYRYOMVM,code,L,70004416,CS,2006-01-07T18:20,2006-01-07T19:40,MPL,1512368656
AYRYOMVM,code,L,70004421,CS,2006-01-07T20:15,2006-01-07T22:15,ORY,1512368656
MUYSPZCZ,code,L,70004408,ST,2006-01-07T08:50,2006-01-07T11:10,MPL,1512368656
MUYSPZCZ,code,L,70004411,ST,2006-01-07T12:15,2006-01-07T13:30,ORY,1512368656
MUYSPZCZ,code,L,70004412,ST,2006-01-07T14:20,2006-01-07T15:40,MPL,1512368656
MUYSPZCZ,code,L,70004415,ST,2006-01-07T16:15,2006-01-07T17:30,ORY,1512368656
MUYSPZCZ,code,L,70004416,ST,2006-01-07T18:20,2006-01-07T19:40,MPL,1512368656
MUYSPZCZ,code,L,70004421,ST,2006-01-07T20:15,2006-01-07T22:15,ORY,1512368656
LTWBNRTA,code,L,70004408,ST,2006-01-07T08:50,2006-01-07T11:10,MPL,1512368656
LTWBNRTA,code,L,70004411,ST,2006-01-07T12:15,2006-01-07T13:30,ORY,1512368656
LTWBNRTA,code,L,70004412,ST,2006-01-07T14:20,2006-01-07T15:40,MPL,1512368656
LTWBNRTA,code,L,70004415,ST,2006-01-07T16:15,2006-01-07T17:30,ORY,1512368656
LTWBNRTA,code,L,70004416,ST,2006-01-07T18:20,2006-01-07T19:40,MPL,1512368656
LTWBNRTA,code,L,70004421,ST,2006-01-07T20:15,2006-01-07T22:15,ORY,1512368656
OTLMAFZU,code,L,70004408,ST,2006-01-07T08:50,2006-01-07T11:10,MPL,1512368656
OTLMAFZU,code,L,70004411,ST,2006-01-07T12:15,2006-01-07T13:30,ORY,1512368656
OTLMAFZU,code,L,70004412,ST,2006-01-07T14:20,2006-01-07T15:40,MPL,1512368656
OTLMAFZU,code,L,70004415,ST,2006-01-07T16:15,2006-01-07T17:30,ORY,1512368656
OTLMAFZU,code,L,70004416,ST,2006-01-07T18:20,2006-01-07T19:40,MPL,1512368656
OTLMAFZU,code,L,70004421,ST,2006-01-07T20:15,2006-01-07T22:15,ORY,1512368656
BHSFFJOR,code,L,70004408,ST,2006-01-07T08:50,2006-01-07T11:10,MPL,1512368656
BHSFFJOR,code,L,70004411,ST,2006-01-07T12:15,2006-01-07T13:30,ORY,1512368656
BHSFFJOR,code,L,70004412,ST,2006-01-07T14:20,2006-01-07T15:40,MPL,1512368656
BHSFFJOR,code,L,70004415,ST,2006-01-07T16:15,2006-01-07T17:30,ORY,1512368656
BHSFFJOR,code,L,70004416,ST,2006-01-07T18:20,2006-01-07T19:40,MPL,1512368656
BHSFFJOR,code,L,70004421,ST,2006-01-07T20:15,2006-01-07T22:15,ORY,1512368656
QUVJJKFY,code,L,70004408,ST,2006-01-07T08:50,2006-01-07T11:10,MPL,1512368656
QUVJJKFY,code,L,70004411,ST,2006-01-07T12:15,2006-01-07T13:30,ORY,1512368656
QUVJJKFY,code,L,70004412,ST,2006-01-07T14:20,2006-01-07T15:40,MPL,1512368656
QUVJJKFY,code,L,70004415,ST,2006-01-07T16:15,2006-01-07T17:30,ORY,1512368656
QUVJJKFY,code,L,70004416,ST,2006-01-07T18:20,2006-01-07T19:40,MPL,1512368656
QUVJJKFY,code,L,70004421,ST,2006-01-07T20:15,2006-01-07T22:15,ORY,1512368656
ZHWXLXWN,code,L,70004408,ST,2006-01-07T08:50,2006-01-07T11:10,MPL,1512368656
ZHWXLXWN,code,L,70004411,ST,2006-01-07T12:15,2006-01-07T13:30,ORY,1512368656
ZHWXLXWN,code,L,70004412,ST,2006-01-07T14:20,2006-01-07T15:40,MPL,1512368656
ZHWXLXWN,code,L,70004415,ST,2006-01-07T16:15,2006-01-07T17:30,ORY,1512368656
ZHWXLXWN,code,L,70004416,ST,2006-01-07T18:20,2006-01-07T19:40,MPL,1512368656
ZHWXLXWN,code,L,70004421,ST,2006-01-07T20:15,2006-01-07T22:15,ORY,1512368656
EVSQVNZB,code,L,70004791,CP,2006-01-07T08:50,2006-01-07T11:35,LIL,1731519511
EVSQVNZB,code,L,70004768,CP,2006-01-07T13:05,2006-01-07T14:30,NCE,1731519511
EVSQVNZB,code,L,70004763,CP,2006-01-07T15:05,2006-01-07T16:20,BOD,1731519511
EVSQVNZB,code,L,70002663,CP,2006-01-07T17:30,2006-01-07T19:15,NCE,1731519511
QEHAIEUI,code,L,70004791,FO,2006-01-07T08:50,2006-01-07T11:35,LIL,1731519511
QEHAIEUI,code,L,70004768,FO,2006-01-07T13:05,2006-01-07T14:30,NCE,1731519511
QEHAIEUI,code,L,70004763,FO,2006-01-07T15:05,2006-01-07T16:20,BOD,1731519511
QEHAIEUI,code,L,70002663,FO,2006-01-07T17:30,2006-01-07T19:15,NCE,1731519511
WCKCTUMX,code,L,70004791,CS,2006-01-07T08:50,2006-01-07T11:35,LIL,1731519511
WCKCTUMX,code,L,70004768,CS,2006-01-07T13:05,2006-01-07T14:30,NCE,1731519511
WCKCTUMX,code,L,70004763,CS,2006-01-07T15:05,2006-01-07T16:20,BOD,1731519511
WCKCTUMX,code,L,70002663,CS,2006-01-07T17:30,2006-01-07T19:15,NCE,1731519511
AYSRNVBG,code,L,70004791,CS,2006-01-07T08:50,2006-01-07T11:35,LIL,1731519511
AYSRNVBG,code,L,70004768,CS,2006-01-07T13:05,2006-01-07T14:30,NCE,1731519511
AYSRNVBG,code,L,70004763,CS,2006-01-07T15:05,2006-01-07T16:20,BOD,1731519511
AYSRNVBG,code,L,70002663,CS,2006-01-07T17:30,2006-01-07T19:15,NCE,1731519511
IZAQJRZI,code,L,70004791,ST,2006-01-07T08:50,2006-01-07T11:35,LIL,1731519511
IZAQJRZI,code,L,70004768,ST,2006-01-07T13:05,2006-01-07T14:30,NCE,1731519511
IZAQJRZI,code,L,70004763,ST,2006-01-07T15:05,2006-01-07T16:20,BOD,1731519511
IZAQJRZI,code,L,70002663,ST,2006-01-07T17:30,2006-01-07T19:15,NCE,1731519511
EVQULPQQ,code,L,70004791,ST,2006-01-07T08:50,2006-01-07T11:35,LIL,1731519511
EVQULPQQ,code,L,70004768,ST,2006-01-07T13:05,2006-01-07T14:30,NCE,1731519511
EVQULPQQ,code,L,70004763,ST,2006-01-07T15:05,2006-01-07T16:20,BOD,1731519511
EVQULPQQ,code,L,70002663,ST,2006-01-07T17:30,2006-01-07T19:15,NCE,1731519511
TFLXRAJA,code,L,70004791,ST,2006-01-07T08:50,2006-01-07T11:35,LIL,1731519511
TFLXRAJA,code,L,70004768,ST,2006-01-07T13:05,2006-01-07T14:30,NCE,1731519511
TFLXRAJA,code,L,70004763,ST,2006-01-07T15:05,2006-01-07T16:20,BOD,1731519511
TFLXRAJA,code,L,70002663,ST,2006-01-07T17:30,2006-01-07T19:15,NCE,1731519511
ERQUIZVR,code,L,70004791,ST,2006-01-07T08:50,2006-01-07T11:35,LIL,1731519511
ERQUIZVR,code,L,70004768,ST,2006-01-07T13:05,2006-01-07T14:30,NCE,1731519511
ERQUIZVR,code,L,70004763,ST,2006-01-07T15:05,2006-01-07T16:20,BOD,1731519511
ERQUIZVR,code,L,70002663,ST,2006-01-07T17:30,2006-01-07T19:15,NCE,1731519511
MMJPEQLL,code,L,70004791,ST,2006-01-07T08:50,2006-01-07T11:35,LIL,1731519511
MMJPEQLL,code,L,70004768,ST,2006-01-07T13:05,2006-01-07T14:30,NCE,1731519511
MMJPEQLL,code,L,70004763,ST,2006-01-07T15:05,2006-01-07T16:20,BOD,1731519511
MMJPEQLL,code,L,70002663,ST,2006-01-07T17:30,2006-01-07T19:15,NCE,1731519511
FNFKYXVK,code,L,70004791,ST,2006-01-07T08:50,2006-01-07T11:35,LIL,1731519511
FNFKYXVK,code,L,70004768,ST,2006-01-07T13:05,2006-01-07T14:30,NCE,1731519511
FNFKYXVK,code,L,70004763,ST,2006-01-07T15:05,2006-01-07T16:20,BOD,1731519511
FNFKYXVK,code,L,70002663,ST,2006-01-07T17:30,2006-01-07T19:15,NCE,1731519511
MPDBCQPX,code,L,70004526,CP,2006-01-07T08:50,2006-01-07T11:20,MRS,1127983490
MPDBCQPX,code,L,70004533,CP,2006-01-07T20:20,2006-01-07T22:30,CDG,1127983490
USHIIYON,code,L,70004526,FO,2006-01-07T08:50,2006-01-07T11:20,MRS,1127983490
USHIIYON,code,L,70004533,FO,2006-01-07T20:20,2006-01-07T22:30,CDG,1127983490
LJVSGHUV,code,L,70004526,CS,2006-01-07T08:50,2006-01-07T11:20,MRS,1127983490
LJVSGHUV,code,L,70004533,CS,2006-01-07T20:20,2006-01-07T22:30,CDG,1127983490
MTLOZNLN,code,L,70004526,CS,2006-01-07T08:50,2006-01-07T11:20,MRS,1127983490
MTLOZNLN,code,L,70004533,CS,2006-01-07T20:20,2006-01-07T22:30,CDG,1127983490
NHRTVTKL,code,L,70004526,ST,2006-01-07T08:50,2006-01-07T11:20,MRS,1127983490
NHRTVTKL,code,L,70004533,ST,2006-01-07T20:20,2006-01-07T22:30,CDG,1127983490
EQBWJHCL,code,L,70004526,ST,2006-01-07T08:50,2006-01-07T11:20,MRS,1127983490
EQBWJHCL,code,L,70004533,ST,2006-01-07T20:20,2006-01-07T22:30,CDG,1127983490
AQNFSRDJ,code,L,70004526,ST,2006-01-07T08:50,2006-01-07T11:20,MRS,1127983490
AQNFSRDJ,code,L,70004533,ST,2006-01-07T20:20,2006-01-07T22:30,CDG,1127983490
BORRRSIO,code,L,70004526,ST,2006-01-07T08:50,2006-01-07T11:20,MRS,1127983490
BORRRSIO,code,L,70004533,ST,2006-01-07T20:20,2006-01-07T22:30,CDG,1127983490
JFQYYWBM,code,L,70004526,ST,2006-01-07T08:50,2006-01-07T11:20,MRS,1127983490
JFQYYWBM,code,L,70004533,ST,2006-01-07T20:20,2006-01-07T22:30,CDG,1127983490
EWFZPDYS,code,L,70004526,ST,2006-01-07T08:50,2006-01-07T11:20,MRS,1127983490
EWFZPDYS,code,L,70004533,ST,2006-01-07T20:20,2006-01-07T22:30,CDG,1127983490
DDIZQBQT,code,L,70002977,CP,2006-01-07T08:50,2006-01-07T11:00,ORY,2090911250
DDIZQBQT,code,L,70002984,CP,2006-01-07T11:40,2006-01-07T13:00,TLS,2090911250
DDIZQBQT,code,L,70002989,CP,2006-01-07T13:50,2006-01-07T15:00,ORY,2090911250
DDIZQBQT,code,L,70002996,CP,2006-01-07T15:40,2006-01-07T17:45,TLS,2090911250
JCEYFDGQ,code,L,70002977,FO,2006-01-07T08:50,2006-01-07T11:00,ORY,2090911250
JCEYFDGQ,code,L,70002984,FO,2006-01-07T11:40,2006-01-07T13:00,TLS,2090911250
JCEYFDGQ,code,L,70002989,FO,2006-01-07T13:50,2006-01-07T15:00,ORY,2090911250
JCEYFDGQ,code,L,70002996,FO,2006-01-07T15:40,2006-01-07T17:45,TLS,2090911250
NJCJTGVC,code,L,70002977,CS,2006-01-07T08:50,2006-01-07T11:00,ORY,2090911250
NJCJTGVC,code,L,70002984,CS,2006-01-07T11:40,2006-01-07T13:00,TLS,2090911250
NJCJTGVC,code,L,70002989,CS,2006-01-07T13:50,2006-01-07T15:00,ORY,2090911250
NJCJTGVC,code,L,70002996,CS,2006-01-07T15:40,2006-01-07T17:45,TLS,2090911250
VGJZMZVI,code,L,70002977,CS,2006-01-07T08:50,2006-01-07T11:00,ORY,2090911250
VGJZMZVI,code,L,70002984,CS,2006-01-07T11:40,2006-01-07T13:00,TLS,2090911250
VGJZMZVI,code,L,70002989,CS,2006-01-07T13:50,2006-01-07T15:00,ORY,2090911250
VGJZMZVI,code,L,70002996,CS,2006-01-07T15:40,2006-01-07T17:45,TLS,2090911250
WAQMUMBP,code,L,70002977,ST,2006-01-07T08:50,2006-01-07T11:00,ORY,2090911250
WAQMUMBP,code,L,70002984,ST,2006-01-07T11:40,2006-01-07T13:00,TLS,2090911250
WAQMUMBP,code,L,70002989,ST,2006-01-07T13:50,2006-01-07T15:00,ORY,2090911250
WAQMUMBP,code,L,70002996,ST,2006-01-07T15:40,2006-01-07T17:45,TLS,2090911250
OYIQRNMG,code,L,70002977,ST,2006-01-07T08:50,2006-01-07T11:00,ORY,2090911250
OYIQRNMG,code,L,70002984,ST,2006-01-07T11:40,2006-01-07T13:00,TLS,2090911250
OYIQRNMG,code,L,70002989,ST,2006-01-07T13:50,2006-01-07T15:00,ORY,2090911250
OYIQRNMG,code,L,70002996,ST,2006-01-07T15:40,2006-01-07T17:45,TLS,2090911250
RYPEYIEX,code,L,70002977,ST,2006-01-07T08:50,2006-01-07T11:00,ORY,2090911250
RYPEYIEX,code,L,70002984,ST,2006-01-07T11:40,2006-01-07T13:00,TLS,2090911250
RYPEYIEX,code,L,70002989,ST,2006-01-07T13:50,2006-01-07T15:00,ORY,2090911250
RYPEYIEX,code,L,70002996,ST,2006-01-07T15:40,2006-01-07T17:45,TLS,2090911250
KMHDFZTT,code,L,70002977,ST,2006-01-07T08:50,2006-01-07T11:00,ORY,2090911250
KMHDFZTT,code,L,70002984,ST,2006-01-07T11:40,2006-01-07T13:00,TLS,2090911250
KMHDFZTT,code,L,70002989,ST,2006-01-07T13:50,2006-01-07T15:00,ORY,2090911250
KMHDFZTT,code,L,70002996,ST,2006-01-07T15:40,2006-01-07T17:45,TLS,2090911250
HMBEGNVJ,code,L,70002977,ST,2006-01-07T08:50,2006-01-07T11:00,ORY,2090911250
HMBEGNVJ,code,L,70002984,ST,2006-01-07T11:40,2006-01-07T13:00,TLS,2090911250
HMBEGNVJ,code,L,70002989,ST,2006-01-07T13:50,2006-01-07T15:00,ORY,2090911250
HMBEGNVJ,code,L,70002996,ST,2006-01-07T15:40,2006-01-07T17:45,TLS,2090911250
MRIBFHPP,code,L,70002977,ST,2006-01-07T08:50,2006-01-07T11:00,ORY,2090911250
MRIBFHPP,code,L,70002984,ST,2006-01-07T11:40,2006-01-07T13:00,TLS,2090911250
MRIBFHPP,code,L,70002989,ST,2006-01-07T13:50,2006-01-07T15:00,ORY,2090911250
MRIBFHPP,code,L,70002996,ST,2006-01-07T15:40,2006-01-07T17:45,TLS,2090911250
UARMUNBI,code,L,70004502,CP,2006-01-07T08:50,2006-01-07T11:20,BIQ,564194307
UARMUNBI,code,L,70004501,CP,2006-01-07T12:35,2006-01-07T14:00,CDG,564194307
UARMUNBI,code,L,70004352,CP,2006-01-07T16:20,2006-01-07T17:40,BIQ,564194307
UARMUNBI,code,L,70004347,CP,2006-01-07T18:20,2006-01-07T20:20,ORY,564194307
ARAZOFXV,code,L,70004502,FO,2006-01-07T08:50,2006-01-07T11:20,BIQ,564194307
ARAZOFXV,code,L,70004501,FO,2006-01-07T12:35,2006-01-07T14:00,CDG,564194307
ARAZOFXV,code,L,70004352,FO,2006-01-07T16:20,2006-01-07T17:40,BIQ,564194307
ARAZOFXV,code,L,70004347,FO,2006-01-07T18:20,2006-01-07T20:20,ORY,564194307
MSKOILJC,code,L,70004502,CSD,2006-01-07T08:50,2006-01-07T11:20,BIQ,564194307
MSKOILJC,code,L,70004501,CSD,2006-01-07T12:35,2006-01-07T14:00,CDG,564194307
MSKOILJC,code,L,70004352,CSD,2006-01-07T16:20,2006-01-07T17:40,BIQ,564194307
MSKOILJC,code,L,70004347,CSD,2006-01-07T18:20,2006-01-07T20:20,ORY,564194307
PRAZVTDF,code,L,70004502,ST,2006-01-07T08:50,2006-01-07T11:20,BIQ,564194307
PRAZVTDF,code,L,70004501,ST,2006-01-07T12:35,2006-01-07T14:00,CDG,564194307
PRAZVTDF,code,L,70004352,ST,2006-01-07T16:20,2006-01-07T17:40,BIQ,564194307
PRAZVTDF,code,L,70004347,ST,2006-01-07T18:20,2006-01-07T20:20,ORY,564194307
XSAKRVMV,code,L,70004502,ST,2006-01-07T08:50,2006-01-07T11:20,BIQ,564194307
XSAKRVMV,code,L,70004501,ST,2006-01-07T12:35,2006-01-07T14:00,CDG,564194307
XSAKRVMV,code,L,70004352,ST,2006-01-07T16:20,2006-01-07T17:40,BIQ,564194307
XSAKRVMV,code,L,70004347,ST,2006-01-07T18:20,2006-01-07T20:20,ORY,564194307
HFXAYSAK,code,L,70004502,ST,2006-01-07T08:50,2006-01-07T11:20,BIQ,564194307
HFXAYSAK,code,L,70004501,ST,2006-01-07T12:35,2006-01-07T14:00,CDG,564194307
HFXAYSAK,code,L,70004352,ST,2006-01-07T16:20,2006-01-07T17:40,BIQ,564194307
HFXAYSAK,code,L,70004347,ST,2006-01-07T18:20,2006-01-07T20:20,ORY,564194307
IKCYKDSX,code,L,70002521,CP,2006-01-07T08:50,2006-01-07T11:05,RNS,376980210
IKCYKDSX,code,L,70002522,CP,2006-01-07T11:35,2006-01-07T12:55,MPL,376980210
IKCYKDSX,code,L,70004213,CP,2006-01-07T14:00,2006-01-07T15:05,RNS,376980210
IKCYKDSX,code,L,70004214,CP,2006-01-07T16:15,2006-01-07T18:00,ORY,376980210
HDZLTAQP,code,L,70002521,FO,2006-01-07T08:50,2006-01-07T11:05,RNS,376980210
HDZLTAQP,code,L,70002522,FO,2006-01-07T11:35,2006-01-07T12:55,MPL,376980210
HDZLTAQP,code,L,70004213,FO,2006-01-07T14:00,2006-01-07T15:05,RNS,376980210
HDZLTAQP,code,L,70004214,FO,2006-01-07T16:15,2006-01-07T18:00,ORY,376980210
IYUTMBLI,code,L,70002521,CSD,2006-01-07T08:50,2006-01-07T11:05,RNS,376980210
IYUTMBLI,code,L,70002522,CSD,2006-01-07T11:35,2006-01-07T12:55,MPL,376980210
IYUTMBLI,code,L,70004213,CSD,2006-01-07T14:00,2006-01-07T15:05,RNS,376980210
IYUTMBLI,code,L,70004214,CSD,2006-01-07T16:15,2006-01-07T18:00,ORY,376980210
UUOGYFEH,code,L,70002521,ST,2006-01-07T08:50,2006-01-07T11:05,RNS,376980210
UUOGYFEH,code,L,70002522,ST,2006-01-07T11:35,2006-01-07T12:55,MPL,376980210
UUOGYFEH,code,L,70004213,ST,2006-01-07T14:00,2006-01-07T15:05,RNS,376980210
UUOGYFEH,code,L,70004214,ST,2006-01-07T16:15,2006-01-07T18:00,ORY,376980210
YHSHHBED,code,L,70002521,ST,2006-01-07T08:50,2006-01-07T11:05,RNS,376980210
YHSHHBED,code,L,70002522,ST,2006-01-07T11:35,2006-01-07T12:55,MPL,376980210
YHSHHBED,code,L,70004213,ST,2006-01-07T14:00,2006-01-07T15:05,RNS,376980210
YHSHHBED,code,L,70004214,ST,2006-01-07T16:15,2006-01-07T18:00,ORY,376980210
EPXXZXJD,code,L,70002521,ST,2006-01-07T08:50,2006-01-07T11:05,RNS,376980210
EPXXZXJD,code,L,70002522,ST,2006-01-07T11:35,2006-01-07T12:55,MPL,376980210
EPXXZXJD,code,L,70004213,ST,2006-01-07T14:00,2006-01-07T15:05,RNS,376980210
EPXXZXJD,code,L,70004214,ST,2006-01-07T16:15,2006-01-07T18:00,ORY,376980210
IWCGNHTU,code,L,70004696,CP,2006-01-07T08:50,2006-01-07T10:45,NCE,628641533
IWCGNHTU,code,L,70004699,CP,2006-01-07T11:25,2006-01-07T12:25,LYS,628641533
IWCGNHTU,code,L,70004700,CP,2006-01-07T13:05,2006-01-07T14:00,NCE,628641533
IWCGNHTU,code,L,70004695,CP,2006-01-07T15:00,2006-01-07T16:45,LYS,628641533
LXSHHHSP,code,L,70004696,FO,2006-01-07T08:50,2006-01-07T10:45,NCE,628641533
LXSHHHSP,code,L,70004699,FO,2006-01-07T11:25,2006-01-07T12:25,LYS,628641533
LXSHHHSP,code,L,70004700,FO,2006-01-07T13:05,2006-01-07T14:00,NCE,628641533
LXSHHHSP,code,L,70004695,FO,2006-01-07T15:00,2006-01-07T16:45,LYS,628641533
GZWHXHWA,code,L,70004696,CSD,2006-01-07T08:50,2006-01-07T10:45,NCE,628641533
GZWHXHWA,code,L,70004699,CSD,2006-01-07T11:25,2006-01-07T12:25,LYS,628641533
GZWHXHWA,code,L,70004700,CSD,2006-01-07T13:05,2006-01-07T14:00,NCE,628641533
GZWHXHWA,code,L,70004695,CSD,2006-01-07T15:00,2006-01-07T16:45,LYS,628641533
LACDFETZ,code,L,70004696,ST,2006-01-07T08:50,2006-01-07T10:45,NCE,628641533
LACDFETZ,code,L,70004699,ST,2006-01-07T11:25,2006-01-07T12:25,LYS,628641533
LACDFETZ,code,L,70004700,ST,2006-01-07T13:05,2006-01-07T14:00,NCE,628641533
LACDFETZ,code,L,70004695,ST,2006-01-07T15:00,2006-01-07T16:45,LYS,628641533
KICIWRFO,code,L,70004696,ST,2006-01-07T08:50,2006-01-07T10:45,NCE,628641533
KICIWRFO,code,L,70004699,ST,2006-01-07T11:25,2006-01-07T12:25,LYS,628641533
KICIWRFO,code,L,70004700,ST,2006-01-07T13:05,2006-01-07T14:00,NCE,628641533
KICIWRFO,code,L,70004695,ST,2006-01-07T15:00,2006-01-07T16:45,LYS,628641533
HKQXPBOZ,code,L,7000146,CP,2006-01-07T08:55,2006-01-07T11:10,MLH,363842328
HKQXPBOZ,code,L,7000147,CP,2006-01-07T12:00,2006-01-07T13:10,CDG,363842328
HKQXPBOZ,code,L,7000148,CP,2006-01-07T13:50,2006-01-07T15:05,MLH,363842328
HKQXPBOZ,code,L,7000149,CP,2006-01-07T15:45,2006-01-07T16:55,CDG,363842328
HKQXPBOZ,code,L,7000150,CP,2006-01-07T17:35,2006-01-07T18:50,MLH,363842328
HKQXPBOZ,code,L,7000151,CP,2006-01-07T19:55,2006-01-07T21:50,CDG,363842328
MTGOOEQA,code,L,7000146,FO,2006-01-07T08:55,2006-01-07T11:10,MLH,363842328
MTGOOEQA,code,L,7000147,FO,2006-01-07T12:00,2006-01-07T13:10,CDG,363842328
MTGOOEQA,code,L,7000148,FO,2006-01-07T13:50,2006-01-07T15:05,MLH,363842328
MTGOOEQA,code,L,7000149,FO,2006-01-07T15:45,2006-01-07T16:55,CDG,363842328
MTGOOEQA,code,L,7000150,FO,2006-01-07T17:35,2006-01-07T18:50,MLH,363842328
MTGOOEQA,code,L,7000151,FO,2006-01-07T19:55,2006-01-07T21:50,CDG,363842328
EVZHTMGM,code,L,7000146,CS,2006-01-07T08:55,2006-01-07T11:10,MLH,363842328
EVZHTMGM,code,L,7000147,CS,2006-01-07T12:00,2006-01-07T13:10,CDG,363842328
EVZHTMGM,code,L,7000148,CS,2006-01-07T13:50,2006-01-07T15:05,MLH,363842328
EVZHTMGM,code,L,7000149,CS,2006-01-07T15:45,2006-01-07T16:55,CDG,363842328
EVZHTMGM,code,L,7000150,CS,2006-01-07T17:35,2006-01-07T18:50,MLH,363842328
EVZHTMGM,code,L,7000151,CS,2006-01-07T19:55,2006-01-07T21:50,CDG,363842328
NZXLPNAD,code,L,7000146,CS,2006-01-07T08:55,2006-01-07T11:10,MLH,363842328
NZXLPNAD,code,L,7000147,CS,2006-01-07T12:00,2006-01-07T13:10,CDG,363842328
NZXLPNAD,code,L,7000148,CS,2006-01-07T13:50,2006-01-07T15:05,MLH,363842328
NZXLPNAD,code,L,7000149,CS,2006-01-07T15:45,2006-01-07T16:55,CDG,363842328
NZXLPNAD,code,L,7000150,CS,2006-01-07T17:35,2006-01-07T18:50,MLH,363842328
NZXLPNAD,code,L,7000151,CS,2006-01-07T19:55,2006-01-07T21:50,CDG,363842328
BHSYIQHD,code,L,7000146,ST,2006-01-07T08:55,2006-01-07T11:10,MLH,363842328
BHSYIQHD,code,L,7000147,ST,2006-01-07T12:00,2006-01-07T13:10,CDG,363842328
BHSYIQHD,code,L,7000148,ST,2006-01-07T13:50,2006-01-07T15:05,MLH,363842328
BHSYIQHD,code,L,7000149,ST,2006-01-07T15:45,2006-01-07T16:55,CDG,363842328
BHSYIQHD,code,L,7000150,ST,2006-01-07T17:35,2006-01-07T18:50,MLH,363842328
BHSYIQHD,code,L,7000151,ST,2006-01-07T19:55,2006-01-07T21:50,CDG,363842328
UWHHDZOP,code,L,7000146,ST,2006-01-07T08:55,2006-01-07T11:10,MLH,363842328
UWHHDZOP,code,L,7000147,ST,2006-01-07T12:00,2006-01-07T13:10,CDG,363842328
UWHHDZOP,code,L,7000148,ST,2006-01-07T13:50,2006-01-07T15:05,MLH,363842328
UWHHDZOP,code,L,7000149,ST,2006-01-07T15:45,2006-01-07T16:55,CDG,363842328
UWHHDZOP,code,L,7000150,ST,2006-01-07T17:35,2006-01-07T18:50,MLH,363842328
UWHHDZOP,code,L,7000151,ST,2006-01-07T19:55,2006-01-07T21:50,CDG,363842328
HYZRQPUL,code,L,7000146,ST,2006-01-07T08:55,2006-01-07T11:10,MLH,363842328
HYZRQPUL,code,L,7000147,ST,2006-01-07T12:00,2006-01-07T13:10,CDG,363842328
HYZRQPUL,code,L,7000148,ST,2006-01-07T13:50,2006-01-07T15:05,MLH,363842328
HYZRQPUL,code,L,7000149,ST,2006-01-07T15:45,2006-01-07T16:55,CDG,363842328
HYZRQPUL,code,L,7000150,ST,2006-01-07T17:35,2006-01-07T18:50,MLH,363842328
HYZRQPUL,code,L,7000151,ST,2006-01-07T19:55,2006-01-07T21:50,CDG,363842328
WVBXZMGK,code,L,7000146,ST,2006-01-07T08:55,2006-01-07T11:10,MLH,363842328
WVBXZMGK,code,L,7000147,ST,2006-01-07T12:00,2006-01-07T13:10,CDG,363842328
WVBXZMGK,code,L,7000148,ST,2006-01-07T13:50,2006-01-07T15:05,MLH,363842328
WVBXZMGK,code,L,7000149,ST,2006-01-07T15:45,2006-01-07T16:55,CDG,363842328
WVBXZMGK,code,L,7000150,ST,2006-01-07T17:35,2006-01-07T18:50,MLH,363842328
WVBXZMGK,code,L,7000151,ST,2006-01-07T19:55,2006-01-07T21:50,CDG,363842328
WMXLCFZU,code,L,7000146,ST,2006-01-07T08:55,2006-01-07T11:10,MLH,363842328
WMXLCFZU,code,L,7000147,ST,2006-01-07T12:00,2006-01-07T13:10,CDG,363842328
WMXLCFZU,code,L,7000148,ST,2006-01-07T13:50,2006-01-07T15:05,MLH,363842328
WMXLCFZU,code,L,7000149,ST,2006-01-07T15:45,2006-01-07T16:55,CDG,363842328
WMXLCFZU,code,L,7000150,ST,2006-01-07T17:35,2006-01-07T18:50,MLH,363842328
WMXLCFZU,code,L,7000151,ST,2006-01-07T19:55,2006-01-07T21:50,CDG,363842328
DGEMALSJ,code,L,7000146,ST,2006-01-07T08:55,2006-01-07T11:10,MLH,363842328
DGEMALSJ,code,L,7000147,ST,2006-01-07T12:00,2006-01-07T13:10,CDG,363842328
DGEMALSJ,code,L,7000148,ST,2006-01-07T13:50,2006-01-07T15:05,MLH,363842328
DGEMALSJ,code,L,7000149,ST,2006-01-07T15:45,2006-01-07T16:55,CDG,363842328
DGEMALSJ,code,L,7000150,ST,2006-01-07T17:35,2006-01-07T18:50,MLH,363842328
DGEMALSJ,code,L,7000151,ST,2006-01-07T19:55,2006-01-07T21:50,CDG,363842328
EKSKLDIB,code,L,70003073,CP,2006-01-07T09:00,2006-01-07T11:20,ORY,687431273
EKSKLDIB,code,L,70003088,CP,2006-01-07T12:05,2006-01-07T13:30,NCE,687431273
EKSKLDIB,code,L,70003081,CP,2006-01-07T14:00,2006-01-07T15:20,ORY,687431273
EKSKLDIB,code,L,70003102,CP,2006-01-07T16:05,2006-01-07T18:15,NCE,687431273
AZDPMXOH,code,L,70003073,FO,2006-01-07T09:00,2006-01-07T11:20,ORY,687431273
AZDPMXOH,code,L,70003088,FO,2006-01-07T12:05,2006-01-07T13:30,NCE,687431273
AZDPMXOH,code,L,70003081,FO,2006-01-07T14:00,2006-01-07T15:20,ORY,687431273
AZDPMXOH,code,L,70003102,FO,2006-01-07T16:05,2006-01-07T18:15,NCE,687431273
XQABBGOW,code,L,70003073,CS,2006-01-07T09:00,2006-01-07T11:20,ORY,687431273
XQABBGOW,code,L,70003088,CS,2006-01-07T12:05,2006-01-07T13:30,NCE,687431273
XQABBGOW,code,L,70003081,CS,2006-01-07T14:00,2006-01-07T15:20,ORY,687431273
XQABBGOW,code,L,70003102,CS,2006-01-07T16:05,2006-01-07T18:15,NCE,687431273
FAWKYTIL,code,L,70003073,CS,2006-01-07T09:00,2006-01-07T11:20,ORY,687431273
FAWKYTIL,code,L,70003088,CS,2006-01-07T12:05,2006-01-07T13:30,NCE,687431273
FAWKYTIL,code,L,70003081,CS,2006-01-07T14:00,2006-01-07T15:20,ORY,687431273
FAWKYTIL,code,L,70003102,CS,2006-01-07T16:05,2006-01-07T18:15,NCE,687431273
BGGHSUFU,code,L,70003073,ST,2006-01-07T09:00,2006-01-07T11:20,ORY,687431273
BGGHSUFU,code,L,70003088,ST,2006-01-07T12:05,2006-01-07T13:30,NCE,687431273
BGGHSUFU,code,L,70003081,ST,2006-01-07T14:00,2006-01-07T15:20,ORY,687431273
BGGHSUFU,code,L,70003102,ST,2006-01-07T16:05,2006-01-07T18:15,NCE,687431273
NMUYYSWK,code,L,70003073,ST,2006-01-07T09:00,2006-01-07T11:20,ORY,687431273
NMUYYSWK,code,L,70003088,ST,2006-01-07T12:05,2006-01-07T13:30,NCE,687431273
NMUYYSWK,code,L,70003081,ST,2006-01-07T14:00,2006-01-07T15:20,ORY,687431273
NMUYYSWK,code,L,70003102,ST,2006-01-07T16:05,2006-01-07T18:15,NCE,687431273
KMYGYEWF,code,L,70003073,ST,2006-01-07T09:00,2006-01-07T11:20,ORY,687431273
KMYGYEWF,code,L,70003088,ST,2006-01-07T12:05,2006-01-07T13:30,NCE,687431273
KMYGYEWF,code,L,70003081,ST,2006-01-07T14:00,2006-01-07T15:20,ORY,687431273
KMYGYEWF,code,L,70003102,ST,2006-01-07T16:05,2006-01-07T18:15,NCE,687431273
TOIFAWTZ,code,L,70003073,ST,2006-01-07T09:00,2006-01-07T11:20,ORY,687431273
TOIFAWTZ,code,L,70003088,ST,2006-01-07T12:05,2006-01-07T13:30,NCE,687431273
TOIFAWTZ,code,L,70003081,ST,2006-01-07T14:00,2006-01-07T15:20,ORY,687431273
TOIFAWTZ,code,L,70003102,ST,2006-01-07T16:05,2006-01-07T18:15,NCE,687431273
BKKCUMVX,code,L,70003073,ST,2006-01-07T09:00,2006-01-07T11:20,ORY,687431273
BKKCUMVX,code,L,70003088,ST,2006-01-07T12:05,2006-01-07T13:30,NCE,687431273
BKKCUMVX,code,L,70003081,ST,2006-01-07T14:00,2006-01-07T15:20,ORY,687431273
BKKCUMVX,code,L,70003102,ST,2006-01-07T16:05,2006-01-07T18:15,NCE,687431273
KNIVKKOA,code,L,70003073,ST,2006-01-07T09:00,2006-01-07T11:20,ORY,687431273
KNIVKKOA,code,L,70003088,ST,2006-01-07T12:05,2006-01-07T13:30,NCE,687431273
KNIVKKOA,code,L,70003081,ST,2006-01-07T14:00,2006-01-07T15:20,ORY,687431273
KNIVKKOA,code,L,70003102,ST,2006-01-07T16:05,2006-01-07T18:15,NCE,687431273
UUTFVOTI,code,L,70004588,CP,2006-01-07T09:00,2006-01-07T11:05,NTE,848563345
UUTFVOTI,code,L,70004587,CP,2006-01-07T11:45,2006-01-07T12:50,CDG,848563345
UUTFVOTI,code,L,70004590,CP,2006-01-07T13:35,2006-01-07T14:40,NTE,848563345
UUTFVOTI,code,L,70004593,CP,2006-01-07T16:15,2006-01-07T17:20,CDG,848563345
UUTFVOTI,code,L,70004594,CP,2006-01-07T18:05,2006-01-07T19:10,NTE,848563345
UUTFVOTI,code,L,70004591,CP,2006-01-07T20:00,2006-01-07T21:50,CDG,848563345
FZLGZZHE,code,L,70004588,FO,2006-01-07T09:00,2006-01-07T11:05,NTE,848563345
FZLGZZHE,code,L,70004587,FO,2006-01-07T11:45,2006-01-07T12:50,CDG,848563345
FZLGZZHE,code,L,70004590,FO,2006-01-07T13:35,2006-01-07T14:40,NTE,848563345
FZLGZZHE,code,L,70004593,FO,2006-01-07T16:15,2006-01-07T17:20,CDG,848563345
FZLGZZHE,code,L,70004594,FO,2006-01-07T18:05,2006-01-07T19:10,NTE,848563345
FZLGZZHE,code,L,70004591,FO,2006-01-07T20:00,2006-01-07T21:50,CDG,848563345
SLRXMACV,code,L,70004588,CS,2006-01-07T09:00,2006-01-07T11:05,NTE,848563345
SLRXMACV,code,L,70004587,CS,2006-01-07T11:45,2006-01-07T12:50,CDG,848563345
SLRXMACV,code,L,70004590,CS,2006-01-07T13:35,2006-01-07T14:40,NTE,848563345
SLRXMACV,code,L,70004593,CS,2006-01-07T16:15,2006-01-07T17:20,CDG,848563345
SLRXMACV,code,L,70004594,CS,2006-01-07T18:05,2006-01-07T19:10,NTE,848563345
SLRXMACV,code,L,70004591,CS,2006-01-07T20:00,2006-01-07T21:50,CDG,848563345
QRYUTSWK,code,L,70004588,CS,2006-01-07T09:00,2006-01-07T11:05,NTE,848563345
QRYUTSWK,code,L,70004587,CS,2006-01-07T11:45,2006-01-07T12:50,CDG,848563345
QRYUTSWK,code,L,70004590,CS,2006-01-07T13:35,2006-01-07T14:40,NTE,848563345
QRYUTSWK,code,L,70004593,CS,2006-01-07T16:15,2006-01-07T17:20,CDG,848563345
QRYUTSWK,code,L,70004594,CS,2006-01-07T18:05,2006-01-07T19:10,NTE,848563345
QRYUTSWK,code,L,70004591,CS,2006-01-07T20:00,2006-01-07T21:50,CDG,848563345
PHGDMXWK,code,L,70004588,ST,2006-01-07T09:00,2006-01-07T11:05,NTE,848563345
PHGDMXWK,code,L,70004587,ST,2006-01-07T11:45,2006-01-07T12:50,CDG,848563345
PHGDMXWK,code,L,70004590,ST,2006-01-07T13:35,2006-01-07T14:40,NTE,848563345
PHGDMXWK,code,L,70004593,ST,2006-01-07T16:15,2006-01-07T17:20,CDG,848563345
PHGDMXWK,code,L,70004594,ST,2006-01-07T18:05,2006-01-07T19:10,NTE,848563345
PHGDMXWK,code,L,70004591,ST,2006-01-07T20:00,2006-01-07T21:50,CDG,848563345
DNPNZCOV,code,L,70004588,ST,2006-01-07T09:00,2006-01-07T11:05,NTE,848563345
DNPNZCOV,code,L,70004587,ST,2006-01-07T11:45,2006-01-07T12:50,CDG,848563345
DNPNZCOV,code,L,70004590,ST,2006-01-07T13:35,2006-01-07T14:40,NTE,848563345
DNPNZCOV,code,L,70004593,ST,2006-01-07T16:15,2006-01-07T17:20,CDG,848563345
DNPNZCOV,code,L,70004594,ST,2006-01-07T18:05,2006-01-07T19:10,NTE,848563345
DNPNZCOV,code,L,70004591,ST,2006-01-07T20:00,2006-01-07T21:50,CDG,848563345
ZZMAKSOR,code,L,70004588,ST,2006-01-07T09:00,2006-01-07T11:05,NTE,848563345
ZZMAKSOR,code,L,70004587,ST,2006-01-07T11:45,2006-01-07T12:50,CDG,848563345
ZZMAKSOR,code,L,70004590,ST,2006-01-07T13:35,2006-01-07T14:40,NTE,848563345
ZZMAKSOR,code,L,70004593,ST,2006-01-07T16:15,2006-01-07T17:20,CDG,848563345
ZZMAKSOR,code,L,70004594,ST,2006-01-07T18:05,2006-01-07T19:10,NTE,848563345
ZZMAKSOR,code,L,70004591,ST,2006-01-07T20:00,2006-01-07T21:50,CDG,848563345
SGFMDWAX,code,L,70004588,ST,2006-01-07T09:00,2006-01-07T11:05,NTE,848563345
SGFMDWAX,code,L,70004587,ST,2006-01-07T11:45,2006-01-07T12:50,CDG,848563345
SGFMDWAX,code,L,70004590,ST,2006-01-07T13:35,2006-01-07T14:40,NTE,848563345
SGFMDWAX,code,L,70004593,ST,2006-01-07T16:15,2006-01-07T17:20,CDG,848563345
SGFMDWAX,code,L,70004594,ST,2006-01-07T18:05,2006-01-07T19:10,NTE,848563345
SGFMDWAX,code,L,70004591,ST,2006-01-07T20:00,2006-01-07T21:50,CDG,848563345
IVLXDVCY,code,L,70004588,ST,2006-01-07T09:00,2006-01-07T11:05,NTE,848563345
IVLXDVCY,code,L,70004587,ST,2006-01-07T11:45,2006-01-07T12:50,CDG,848563345
IVLXDVCY,code,L,70004590,ST,2006-01-07T13:35,2006-01-07T14:40,NTE,848563345
IVLXDVCY,code,L,70004593,ST,2006-01-07T16:15,2006-01-07T17:20,CDG,848563345
IVLXDVCY,code,L,70004594,ST,2006-01-07T18:05,2006-01-07T19:10,NTE,848563345
IVLXDVCY,code,L,70004591,ST,2006-01-07T20:00,2006-01-07T21:50,CDG,848563345
BLXYZPIL,code,L,70004588,ST,2006-01-07T09:00,2006-01-07T11:05,NTE,848563345
BLXYZPIL,code,L,70004587,ST,2006-01-07T11:45,2006-01-07T12:50,CDG,848563345
BLXYZPIL,code,L,70004590,ST,2006-01-07T13:35,2006-01-07T14:40,NTE,848563345
BLXYZPIL,code,L,70004593,ST,2006-01-07T16:15,2006-01-07T17:20,CDG,848563345
BLXYZPIL,code,L,70004594,ST,2006-01-07T18:05,2006-01-07T19:10,NTE,848563345
BLXYZPIL,code,L,70004591,ST,2006-01-07T20:00,2006-01-07T21:50,CDG,848563345
JRZDOVXV,code,L,70003074,CP,2006-01-07T09:05,2006-01-07T11:30,NCE,760389092
JRZDOVXV,code,L,70003077,CP,2006-01-07T12:00,2006-01-07T13:20,ORY,760389092
JRZDOVXV,code,L,70003082,CP,2006-01-07T14:05,2006-01-07T15:30,NCE,760389092
JRZDOVXV,code,L,70003085,CP,2006-01-07T16:00,2006-01-07T17:20,ORY,760389092
JRZDOVXV,code,L,70003092,CP,2006-01-07T18:05,2006-01-07T19:30,NCE,760389092
JRZDOVXV,code,L,70003095,CP,2006-01-07T20:00,2006-01-07T22:05,ORY,760389092
UHFXLMFZ,code,L,70003074,FO,2006-01-07T09:05,2006-01-07T11:30,NCE,760389092
UHFXLMFZ,code,L,70003077,FO,2006-01-07T12:00,2006-01-07T13:20,ORY,760389092
UHFXLMFZ,code,L,70003082,FO,2006-01-07T14:05,2006-01-07T15:30,NCE,760389092
UHFXLMFZ,code,L,70003085,FO,2006-01-07T16:00,2006-01-07T17:20,ORY,760389092
UHFXLMFZ,code,L,70003092,FO,2006-01-07T18:05,2006-01-07T19:30,NCE,760389092
UHFXLMFZ,code,L,70003095,FO,2006-01-07T20:00,2006-01-07T22:05,ORY,760389092
QTLOQQFG,code,L,70003074,CS,2006-01-07T09:05,2006-01-07T11:30,NCE,760389092
QTLOQQFG,code,L,70003077,CS,2006-01-07T12:00,2006-01-07T13:20,ORY,760389092
QTLOQQFG,code,L,70003082,CS,2006-01-07T14:05,2006-01-07T15:30,NCE,760389092
QTLOQQFG,code,L,70003085,CS,2006-01-07T16:00,2006-01-07T17:20,ORY,760389092
QTLOQQFG,code,L,70003092,CS,2006-01-07T18:05,2006-01-07T19:30,NCE,760389092
QTLOQQFG,code,L,70003095,CS,2006-01-07T20:00,2006-01-07T22:05,ORY,760389092
BQULEAKJ,code,L,70003074,CS,2006-01-07T09:05,2006-01-07T11:30,NCE,760389092
BQULEAKJ,code,L,70003077,CS,2006-01-07T12:00,2006-01-07T13:20,ORY,760389092
BQULEAKJ,code,L,70003082,CS,2006-01-07T14:05,2006-01-07T15:30,NCE,760389092
BQULEAKJ,code,L,70003085,CS,2006-01-07T16:00,2006-01-07T17:20,ORY,760389092
BQULEAKJ,code,L,70003092,CS,2006-01-07T18:05,2006-01-07T19:30,NCE,760389092
BQULEAKJ,code,L,70003095,CS,2006-01-07T20:00,2006-01-07T22:05,ORY,760389092
EICOSADK,code,L,70003074,ST,2006-01-07T09:05,2006-01-07T11:30,NCE,760389092
EICOSADK,code,L,70003077,ST,2006-01-07T12:00,2006-01-07T13:20,ORY,760389092
EICOSADK,code,L,70003082,ST,2006-01-07T14:05,2006-01-07T15:30,NCE,760389092
EICOSADK,code,L,70003085,ST,2006-01-07T16:00,2006-01-07T17:20,ORY,760389092
EICOSADK,code,L,70003092,ST,2006-01-07T18:05,2006-01-07T19:30,NCE,760389092
EICOSADK,code,L,70003095,ST,2006-01-07T20:00,2006-01-07T22:05,ORY,760389092
NSTNJBME,code,L,70003074,ST,2006-01-07T09:05,2006-01-07T11:30,NCE,760389092
NSTNJBME,code,L,70003077,ST,2006-01-07T12:00,2006-01-07T13:20,ORY,760389092
NSTNJBME,code,L,70003082,ST,2006-01-07T14:05,2006-01-07T15:30,NCE,760389092
NSTNJBME,code,L,70003085,ST,2006-01-07T16:00,2006-01-07T17:20,ORY,760389092
NSTNJBME,code,L,70003092,ST,2006-01-07T18:05,2006-01-07T19:30,NCE,760389092
NSTNJBME,code,L,70003095,ST,2006-01-07T20:00,2006-01-07T22:05,ORY,760389092
WOXKLIOY,code,L,70003074,ST,2006-01-07T09:05,2006-01-07T11:30,NCE,760389092
WOXKLIOY,code,L,70003077,ST,2006-01-07T12:00,2006-01-07T13:20,ORY,760389092
WOXKLIOY,code,L,70003082,ST,2006-01-07T14:05,2006-01-07T15:30,NCE,760389092
WOXKLIOY,code,L,70003085,ST,2006-01-07T16:00,2006-01-07T17:20,ORY,760389092
WOXKLIOY,code,L,70003092,ST,2006-01-07T18:05,2006-01-07T19:30,NCE,760389092
WOXKLIOY,code,L,70003095,ST,2006-01-07T20:00,2006-01-07T22:05,ORY,760389092
QAKMZGHK,code,L,70003074,ST,2006-01-07T09:05,2006-01-07T11:30,NCE,760389092
QAKMZGHK,code,L,70003077,ST,2006-01-07T12:00,2006-01-07T13:20,ORY,760389092
QAKMZGHK,code,L,70003082,ST,2006-01-07T14:05,2006-01-07T15:30,NCE,760389092
QAKMZGHK,code,L,70003085,ST,2006-01-07T16:00,2006-01-07T17:20,ORY,760389092
QAKMZGHK,code,L,70003092,ST,2006-01-07T18:05,2006-01-07T19:30,NCE,760389092
QAKMZGHK,code,L,70003095,ST,2006-01-07T20:00,2006-01-07T22:05,ORY,760389092
MMKASINV,code,L,70003074,ST,2006-01-07T09:05,2006-01-07T11:30,NCE,760389092
MMKASINV,code,L,70003077,ST,2006-01-07T12:00,2006-01-07T13:20,ORY,760389092
MMKASINV,code,L,70003082,ST,2006-01-07T14:05,2006-01-07T15:30,NCE,760389092
MMKASINV,code,L,70003085,ST,2006-01-07T16:00,2006-01-07T17:20,ORY,760389092
MMKASINV,code,L,70003092,ST,2006-01-07T18:05,2006-01-07T19:30,NCE,760389092
MMKASINV,code,L,70003095,ST,2006-01-07T20:00,2006-01-07T22:05,ORY,760389092
DIAKULXD,code,L,70003074,ST,2006-01-07T09:05,2006-01-07T11:30,NCE,760389092
DIAKULXD,code,L,70003077,ST,2006-01-07T12:00,2006-01-07T13:20,ORY,760389092
DIAKULXD,code,L,70003082,ST,2006-01-07T14:05,2006-01-07T15:30,NCE,760389092
DIAKULXD,code,L,70003085,ST,2006-01-07T16:00,2006-01-07T17:20,ORY,760389092
DIAKULXD,code,L,70003092,ST,2006-01-07T18:05,2006-01-07T19:30,NCE,760389092
DIAKULXD,code,L,70003095,ST,2006-01-07T20:00,2006-01-07T22:05,ORY,760389092
ZOCGWNIU,code,L,70004366,CP,2006-01-07T09:05,2006-01-07T11:30,TLN,820276643
ZOCGWNIU,code,L,70004369,CP,2006-01-07T12:30,2006-01-07T13:50,ORY,820276643
ZOCGWNIU,code,L,70004370,CP,2006-01-07T14:40,2006-01-07T16:05,TLN,820276643
ZOCGWNIU,code,L,70004371,CP,2006-01-07T17:55,2006-01-07T20:00,ORY,820276643
IZLQOWMH,code,L,70004366,FO,2006-01-07T09:05,2006-01-07T11:30,TLN,820276643
IZLQOWMH,code,L,70004369,FO,2006-01-07T12:30,2006-01-07T13:50,ORY,820276643
IZLQOWMH,code,L,70004370,FO,2006-01-07T14:40,2006-01-07T16:05,TLN,820276643
IZLQOWMH,code,L,70004371,FO,2006-01-07T17:55,2006-01-07T20:00,ORY,820276643
QLZWSFZL,code,L,70004366,CS,2006-01-07T09:05,2006-01-07T11:30,TLN,820276643
QLZWSFZL,code,L,70004369,CS,2006-01-07T12:30,2006-01-07T13:50,ORY,820276643
QLZWSFZL,code,L,70004370,CS,2006-01-07T14:40,2006-01-07T16:05,TLN,820276643
QLZWSFZL,code,L,70004371,CS,2006-01-07T17:55,2006-01-07T20:00,ORY,820276643
YEJXYJRX,code,L,70004366,CS,2006-01-07T09:05,2006-01-07T11:30,TLN,820276643
YEJXYJRX,code,L,70004369,CS,2006-01-07T12:30,2006-01-07T13:50,ORY,820276643
YEJXYJRX,code,L,70004370,CS,2006-01-07T14:40,2006-01-07T16:05,TLN,820276643
YEJXYJRX,code,L,70004371,CS,2006-01-07T17:55,2006-01-07T20:00,ORY,820276643
OWPADRXI,code,L,70004366,ST,2006-01-07T09:05,2006-01-07T11:30,TLN,820276643
OWPADRXI,code,L,70004369,ST,2006-01-07T12:30,2006-01-07T13:50,ORY,820276643
OWPADRXI,code,L,70004370,ST,2006-01-07T14:40,2006-01-07T16:05,TLN,820276643
OWPADRXI,code,L,70004371,ST,2006-01-07T17:55,2006-01-07T20:00,ORY,820276643
ARDZJIIT,code,L,70004366,ST,2006-01-07T09:05,2006-01-07T11:30,TLN,820276643
ARDZJIIT,code,L,70004369,ST,2006-01-07T12:30,2006-01-07T13:50,ORY,820276643
ARDZJIIT,code,L,70004370,ST,2006-01-07T14:40,2006-01-07T16:05,TLN,820276643
ARDZJIIT,code,L,70004371,ST,2006-01-07T17:55,2006-01-07T20:00,ORY,820276643
BEOHGKCO,code,L,70004366,ST,2006-01-07T09:05,2006-01-07T11:30,TLN,820276643
BEOHGKCO,code,L,70004369,ST,2006-01-07T12:30,2006-01-07T13:50,ORY,820276643
BEOHGKCO,code,L,70004370,ST,2006-01-07T14:40,2006-01-07T16:05,TLN,820276643
BEOHGKCO,code,L,70004371,ST,2006-01-07T17:55,2006-01-07T20:00,ORY,820276643
CGHMJMFD,code,L,70004366,ST,2006-01-07T09:05,2006-01-07T11:30,TLN,820276643
CGHMJMFD,code,L,70004369,ST,2006-01-07T12:30,2006-01-07T13:50,ORY,820276643
CGHMJMFD,code,L,70004370,ST,2006-01-07T14:40,2006-01-07T16:05,TLN,820276643
CGHMJMFD,code,L,70004371,ST,2006-01-07T17:55,2006-01-07T20:00,ORY,820276643
FSOFZYQW,code,L,70004366,ST,2006-01-07T09:05,2006-01-07T11:30,TLN,820276643
FSOFZYQW,code,L,70004369,ST,2006-01-07T12:30,2006-01-07T13:50,ORY,820276643
FSOFZYQW,code,L,70004370,ST,2006-01-07T14:40,2006-01-07T16:05,TLN,820276643
FSOFZYQW,code,L,70004371,ST,2006-01-07T17:55,2006-01-07T20:00,ORY,820276643
LPWKEPHA,code,L,70004366,ST,2006-01-07T09:05,2006-01-07T11:30,TLN,820276643
LPWKEPHA,code,L,70004369,ST,2006-01-07T12:30,2006-01-07T13:50,ORY,820276643
LPWKEPHA,code,L,70004370,ST,2006-01-07T14:40,2006-01-07T16:05,TLN,820276643
LPWKEPHA,code,L,70004371,ST,2006-01-07T17:55,2006-01-07T20:00,ORY,820276643
GGGSBUTE,code,L,70004228,CP,2006-01-07T09:05,2006-01-07T11:20,BES,1450422331
GGGSBUTE,code,L,70004239,CP,2006-01-07T14:40,2006-01-07T15:50,ORY,1450422331
GGGSBUTE,code,L,70004238,CP,2006-01-07T16:35,2006-01-07T17:50,BES,1450422331
GGGSBUTE,code,L,70004237,CP,2006-01-07T20:20,2006-01-07T22:15,ORY,1450422331
HTVXCRPC,code,L,70004228,FO,2006-01-07T09:05,2006-01-07T11:20,BES,1450422331
HTVXCRPC,code,L,70004239,FO,2006-01-07T14:40,2006-01-07T15:50,ORY,1450422331
HTVXCRPC,code,L,70004238,FO,2006-01-07T16:35,2006-01-07T17:50,BES,1450422331
HTVXCRPC,code,L,70004237,FO,2006-01-07T20:20,2006-01-07T22:15,ORY,1450422331
UVTBFPTP,code,L,70004228,CS,2006-01-07T09:05,2006-01-07T11:20,BES,1450422331
UVTBFPTP,code,L,70004239,CS,2006-01-07T14:40,2006-01-07T15:50,ORY,1450422331
UVTBFPTP,code,L,70004238,CS,2006-01-07T16:35,2006-01-07T17:50,BES,1450422331
UVTBFPTP,code,L,70004237,CS,2006-01-07T20:20,2006-01-07T22:15,ORY,1450422331
ZPTMLUQA,code,L,70004228,CS,2006-01-07T09:05,2006-01-07T11:20,BES,1450422331
ZPTMLUQA,code,L,70004239,CS,2006-01-07T14:40,2006-01-07T15:50,ORY,1450422331
ZPTMLUQA,code,L,70004238,CS,2006-01-07T16:35,2006-01-07T17:50,BES,1450422331
ZPTMLUQA,code,L,70004237,CS,2006-01-07T20:20,2006-01-07T22:15,ORY,1450422331
EZGIZILT,code,L,70004228,ST,2006-01-07T09:05,2006-01-07T11:20,BES,1450422331
EZGIZILT,code,L,70004239,ST,2006-01-07T14:40,2006-01-07T15:50,ORY,1450422331
EZGIZILT,code,L,70004238,ST,2006-01-07T16:35,2006-01-07T17:50,BES,1450422331
EZGIZILT,code,L,70004237,ST,2006-01-07T20:20,2006-01-07T22:15,ORY,1450422331
YMCXRXWE,code,L,70004228,ST,2006-01-07T09:05,2006-01-07T11:20,BES,1450422331
YMCXRXWE,code,L,70004239,ST,2006-01-07T14:40,2006-01-07T15:50,ORY,1450422331
YMCXRXWE,code,L,70004238,ST,2006-01-07T16:35,2006-01-07T17:50,BES,1450422331
YMCXRXWE,code,L,70004237,ST,2006-01-07T20:20,2006-01-07T22:15,ORY,1450422331
OGGKTSGD,code,L,70004228,ST,2006-01-07T09:05,2006-01-07T11:20,BES,1450422331
OGGKTSGD,code,L,70004239,ST,2006-01-07T14:40,2006-01-07T15:50,ORY,1450422331
OGGKTSGD,code,L,70004238,ST,2006-01-07T16:35,2006-01-07T17:50,BES,1450422331
OGGKTSGD,code,L,70004237,ST,2006-01-07T20:20,2006-01-07T22:15,ORY,1450422331
VHGYGYAL,code,L,70004228,ST,2006-01-07T09:05,2006-01-07T11:20,BES,1450422331
VHGYGYAL,code,L,70004239,ST,2006-01-07T14:40,2006-01-07T15:50,ORY,1450422331
VHGYGYAL,code,L,70004238,ST,2006-01-07T16:35,2006-01-07T17:50,BES,1450422331
VHGYGYAL,code,L,70004237,ST,2006-01-07T20:20,2006-01-07T22:15,ORY,1450422331
MUTYSAFK,code,L,70004228,ST,2006-01-07T09:05,2006-01-07T11:20,BES,1450422331
MUTYSAFK,code,L,70004239,ST,2006-01-07T14:40,2006-01-07T15:50,ORY,1450422331
MUTYSAFK,code,L,70004238,ST,2006-01-07T16:35,2006-01-07T17:50,BES,1450422331
MUTYSAFK,code,L,70004237,ST,2006-01-07T20:20,2006-01-07T22:15,ORY,1450422331
IJZWWJPN,code,L,70004228,ST,2006-01-07T09:05,2006-01-07T11:20,BES,1450422331
IJZWWJPN,code,L,70004239,ST,2006-01-07T14:40,2006-01-07T15:50,ORY,1450422331
IJZWWJPN,code,L,70004238,ST,2006-01-07T16:35,2006-01-07T17:50,BES,1450422331
IJZWWJPN,code,L,70004237,ST,2006-01-07T20:20,2006-01-07T22:15,ORY,1450422331
QTLEWSBD,code,L,70004200,CP,2006-01-07T09:05,2006-01-07T11:15,MLH,472931517
QTLEWSBD,code,L,70004197,CP,2006-01-07T12:10,2006-01-07T13:10,ORY,472931517
QTLEWSBD,code,L,70004202,CP,2006-01-07T13:55,2006-01-07T15:05,MLH,472931517
QTLEWSBD,code,L,70004203,CP,2006-01-07T18:45,2006-01-07T20:30,ORY,472931517
RCSMYSJR,code,L,70004200,FO,2006-01-07T09:05,2006-01-07T11:15,MLH,472931517
RCSMYSJR,code,L,70004197,FO,2006-01-07T12:10,2006-01-07T13:10,ORY,472931517
RCSMYSJR,code,L,70004202,FO,2006-01-07T13:55,2006-01-07T15:05,MLH,472931517
RCSMYSJR,code,L,70004203,FO,2006-01-07T18:45,2006-01-07T20:30,ORY,472931517
FGUXZREN,code,L,70004200,CS,2006-01-07T09:05,2006-01-07T11:15,MLH,472931517
FGUXZREN,code,L,70004197,CS,2006-01-07T12:10,2006-01-07T13:10,ORY,472931517
FGUXZREN,code,L,70004202,CS,2006-01-07T13:55,2006-01-07T15:05,MLH,472931517
FGUXZREN,code,L,70004203,CS,2006-01-07T18:45,2006-01-07T20:30,ORY,472931517
QYBMNVQX,code,L,70004200,CS,2006-01-07T09:05,2006-01-07T11:15,MLH,472931517
QYBMNVQX,code,L,70004197,CS,2006-01-07T12:10,2006-01-07T13:10,ORY,472931517
QYBMNVQX,code,L,70004202,CS,2006-01-07T13:55,2006-01-07T15:05,MLH,472931517
QYBMNVQX,code,L,70004203,CS,2006-01-07T18:45,2006-01-07T20:30,ORY,472931517
VXNUXKND,code,L,70004200,ST,2006-01-07T09:05,2006-01-07T11:15,MLH,472931517
VXNUXKND,code,L,70004197,ST,2006-01-07T12:10,2006-01-07T13:10,ORY,472931517
VXNUXKND,code,L,70004202,ST,2006-01-07T13:55,2006-01-07T15:05,MLH,472931517
VXNUXKND,code,L,70004203,ST,2006-01-07T18:45,2006-01-07T20:30,ORY,472931517
ALPIRPWB,code,L,70004200,ST,2006-01-07T09:05,2006-01-07T11:15,MLH,472931517
ALPIRPWB,code,L,70004197,ST,2006-01-07T12:10,2006-01-07T13:10,ORY,472931517
ALPIRPWB,code,L,70004202,ST,2006-01-07T13:55,2006-01-07T15:05,MLH,472931517
ALPIRPWB,code,L,70004203,ST,2006-01-07T18:45,2006-01-07T20:30,ORY,472931517
BDATFNNX,code,L,70004200,ST,2006-01-07T09:05,2006-01-07T11:15,MLH,472931517
BDATFNNX,code,L,70004197,ST,2006-01-07T12:10,2006-01-07T13:10,ORY,472931517
BDATFNNX,code,L,70004202,ST,2006-01-07T13:55,2006-01-07T15:05,MLH,472931517
BDATFNNX,code,L,70004203,ST,2006-01-07T18:45,2006-01-07T20:30,ORY,472931517
KKYCILRU,code,L,70004200,ST,2006-01-07T09:05,2006-01-07T11:15,MLH,472931517
KKYCILRU,code,L,70004197,ST,2006-01-07T12:10,2006-01-07T13:10,ORY,472931517
KKYCILRU,code,L,70004202,ST,2006-01-07T13:55,2006-01-07T15:05,MLH,472931517
KKYCILRU,code,L,70004203,ST,2006-01-07T18:45,2006-01-07T20:30,ORY,472931517
RETOOYUC,code,L,70004200,ST,2006-01-07T09:05,2006-01-07T11:15,MLH,472931517
RETOOYUC,code,L,70004197,ST,2006-01-07T12:10,2006-01-07T13:10,ORY,472931517
RETOOYUC,code,L,70004202,ST,2006-01-07T13:55,2006-01-07T15:05,MLH,472931517
RETOOYUC,code,L,70004203,ST,2006-01-07T18:45,2006-01-07T20:30,ORY,472931517
EWZADMQH,code,L,70004200,ST,2006-01-07T09:05,2006-01-07T11:15,MLH,472931517
EWZADMQH,code,L,70004197,ST,2006-01-07T12:10,2006-01-07T13:10,ORY,472931517
EWZADMQH,code,L,70004202,ST,2006-01-07T13:55,2006-01-07T15:05,MLH,472931517
EWZADMQH,code,L,70004203,ST,2006-01-07T18:45,2006-01-07T20:30,ORY,472931517
ZAPXJLWT,code,L,70003124,CP,2006-01-07T09:05,2006-01-07T11:15,BOD,1903227280
ZAPXJLWT,code,L,70003123,CP,2006-01-07T12:10,2006-01-07T13:15,ORY,1903227280
ZAPXJLWT,code,L,70003128,CP,2006-01-07T14:05,2006-01-07T15:15,BOD,1903227280
ZAPXJLWT,code,L,70003131,CP,2006-01-07T17:25,2006-01-07T19:15,ORY,1903227280
BUJDIVSD,code,L,70003124,FO,2006-01-07T09:05,2006-01-07T11:15,BOD,1903227280
BUJDIVSD,code,L,70003123,FO,2006-01-07T12:10,2006-01-07T13:15,ORY,1903227280
BUJDIVSD,code,L,70003128,FO,2006-01-07T14:05,2006-01-07T15:15,BOD,1903227280
BUJDIVSD,code,L,70003131,FO,2006-01-07T17:25,2006-01-07T19:15,ORY,1903227280
YEWKWLMY,code,L,70003124,CS,2006-01-07T09:05,2006-01-07T11:15,BOD,1903227280
YEWKWLMY,code,L,70003123,CS,2006-01-07T12:10,2006-01-07T13:15,ORY,1903227280
YEWKWLMY,code,L,70003128,CS,2006-01-07T14:05,2006-01-07T15:15,BOD,1903227280
YEWKWLMY,code,L,70003131,CS,2006-01-07T17:25,2006-01-07T19:15,ORY,1903227280
NRBMWEZL,code,L,70003124,CS,2006-01-07T09:05,2006-01-07T11:15,BOD,1903227280
NRBMWEZL,code,L,70003123,CS,2006-01-07T12:10,2006-01-07T13:15,ORY,1903227280
NRBMWEZL,code,L,70003128,CS,2006-01-07T14:05,2006-01-07T15:15,BOD,1903227280
NRBMWEZL,code,L,70003131,CS,2006-01-07T17:25,2006-01-07T19:15,ORY,1903227280
LLEPFBIA,code,L,70003124,ST,2006-01-07T09:05,2006-01-07T11:15,BOD,1903227280
LLEPFBIA,code,L,70003123,ST,2006-01-07T12:10,2006-01-07T13:15,ORY,1903227280
LLEPFBIA,code,L,70003128,ST,2006-01-07T14:05,2006-01-07T15:15,BOD,1903227280
LLEPFBIA,code,L,70003131,ST,2006-01-07T17:25,2006-01-07T19:15,ORY,1903227280
ZXKAFQDK,code,L,70003124,ST,2006-01-07T09:05,2006-01-07T11:15,BOD,1903227280
ZXKAFQDK,code,L,70003123,ST,2006-01-07T12:10,2006-01-07T13:15,ORY,1903227280
ZXKAFQDK,code,L,70003128,ST,2006-01-07T14:05,2006-01-07T15:15,BOD,1903227280
ZXKAFQDK,code,L,70003131,ST,2006-01-07T17:25,2006-01-07T19:15,ORY,1903227280
RPBAYDAH,code,L,70003124,ST,2006-01-07T09:05,2006-01-07T11:15,BOD,1903227280
RPBAYDAH,code,L,70003123,ST,2006-01-07T12:10,2006-01-07T13:15,ORY,1903227280
RPBAYDAH,code,L,70003128,ST,2006-01-07T14:05,2006-01-07T15:15,BOD,1903227280
RPBAYDAH,code,L,70003131,ST,2006-01-07T17:25,2006-01-07T19:15,ORY,1903227280
JOXJOBHN,code,L,70003124,ST,2006-01-07T09:05,2006-01-07T11:15,BOD,1903227280
JOXJOBHN,code,L,70003123,ST,2006-01-07T12:10,2006-01-07T13:15,ORY,1903227280
JOXJOBHN,code,L,70003128,ST,2006-01-07T14:05,2006-01-07T15:15,BOD,1903227280
JOXJOBHN,code,L,70003131,ST,2006-01-07T17:25,2006-01-07T19:15,ORY,1903227280
NTRZNLCD,code,L,70003124,ST,2006-01-07T09:05,2006-01-07T11:15,BOD,1903227280
NTRZNLCD,code,L,70003123,ST,2006-01-07T12:10,2006-01-07T13:15,ORY,1903227280
NTRZNLCD,code,L,70003128,ST,2006-01-07T14:05,2006-01-07T15:15,BOD,1903227280
NTRZNLCD,code,L,70003131,ST,2006-01-07T17:25,2006-01-07T19:15,ORY,1903227280
FCQAFZPQ,code,L,70003124,ST,2006-01-07T09:05,2006-01-07T11:15,BOD,1903227280
FCQAFZPQ,code,L,70003123,ST,2006-01-07T12:10,2006-01-07T13:15,ORY,1903227280
FCQAFZPQ,code,L,70003128,ST,2006-01-07T14:05,2006-01-07T15:15,BOD,1903227280
FCQAFZPQ,code,L,70003131,ST,2006-01-07T17:25,2006-01-07T19:15,ORY,1903227280
YAAPWVYR,code,L,70004320,CP,2006-01-07T09:10,2006-01-07T11:30,PUF,607156385
YAAPWVYR,code,L,70004317,CP,2006-01-07T12:05,2006-01-07T13:20,ORY,607156385
YAAPWVYR,code,L,70004322,CP,2006-01-07T14:10,2006-01-07T15:30,PUF,607156385
YAAPWVYR,code,L,70004319,CP,2006-01-07T16:20,2006-01-07T17:35,ORY,607156385
YAAPWVYR,code,L,70004324,CP,2006-01-07T18:30,2006-01-07T19:50,PUF,607156385
YAAPWVYR,code,L,70004321,CP,2006-01-07T20:25,2006-01-07T22:25,ORY,607156385
OHIKOZJQ,code,L,70004320,FO,2006-01-07T09:10,2006-01-07T11:30,PUF,607156385
OHIKOZJQ,code,L,70004317,FO,2006-01-07T12:05,2006-01-07T13:20,ORY,607156385
OHIKOZJQ,code,L,70004322,FO,2006-01-07T14:10,2006-01-07T15:30,PUF,607156385
OHIKOZJQ,code,L,70004319,FO,2006-01-07T16:20,2006-01-07T17:35,ORY,607156385
OHIKOZJQ,code,L,70004324,FO,2006-01-07T18:30,2006-01-07T19:50,PUF,607156385
OHIKOZJQ,code,L,70004321,FO,2006-01-07T20:25,2006-01-07T22:25,ORY,607156385
AVUUHEGE,code,L,70004320,CS,2006-01-07T09:10,2006-01-07T11:30,PUF,607156385
AVUUHEGE,code,L,70004317,CS,2006-01-07T12:05,2006-01-07T13:20,ORY,607156385
AVUUHEGE,code,L,70004322,CS,2006-01-07T14:10,2006-01-07T15:30,PUF,607156385
AVUUHEGE,code,L,70004319,CS,2006-01-07T16:20,2006-01-07T17:35,ORY,607156385
AVUUHEGE,code,L,70004324,CS,2006-01-07T18:30,2006-01-07T19:50,PUF,607156385
AVUUHEGE,code,L,70004321,CS,2006-01-07T20:25,2006-01-07T22:25,ORY,607156385
RIUMLGJE,code,L,70004320,CS,2006-01-07T09:10,2006-01-07T11:30,PUF,607156385
RIUMLGJE,code,L,70004317,CS,2006-01-07T12:05,2006-01-07T13:20,ORY,607156385
RIUMLGJE,code,L,70004322,CS,2006-01-07T14:10,2006-01-07T15:30,PUF,607156385
RIUMLGJE,code,L,70004319,CS,2006-01-07T16:20,2006-01-07T17:35,ORY,607156385
RIUMLGJE,code,L,70004324,CS,2006-01-07T18:30,2006-01-07T19:50,PUF,607156385
RIUMLGJE,code,L,70004321,CS,2006-01-07T20:25,2006-01-07T22:25,ORY,607156385
JCXWUWYN,code,L,70004320,ST,2006-01-07T09:10,2006-01-07T11:30,PUF,607156385
JCXWUWYN,code,L,70004317,ST,2006-01-07T12:05,2006-01-07T13:20,ORY,607156385
JCXWUWYN,code,L,70004322,ST,2006-01-07T14:10,2006-01-07T15:30,PUF,607156385
JCXWUWYN,code,L,70004319,ST,2006-01-07T16:20,2006-01-07T17:35,ORY,607156385
JCXWUWYN,code,L,70004324,ST,2006-01-07T18:30,2006-01-07T19:50,PUF,607156385
JCXWUWYN,code,L,70004321,ST,2006-01-07T20:25,2006-01-07T22:25,ORY,607156385
IXMRVVYD,code,L,70004320,ST,2006-01-07T09:10,2006-01-07T11:30,PUF,607156385
IXMRVVYD,code,L,70004317,ST,2006-01-07T12:05,2006-01-07T13:20,ORY,607156385
IXMRVVYD,code,L,70004322,ST,2006-01-07T14:10,2006-01-07T15:30,PUF,607156385
IXMRVVYD,code,L,70004319,ST,2006-01-07T16:20,2006-01-07T17:35,ORY,607156385
IXMRVVYD,code,L,70004324,ST,2006-01-07T18:30,2006-01-07T19:50,PUF,607156385
IXMRVVYD,code,L,70004321,ST,2006-01-07T20:25,2006-01-07T22:25,ORY,607156385
XDBLOHND,code,L,70004320,ST,2006-01-07T09:10,2006-01-07T11:30,PUF,607156385
XDBLOHND,code,L,70004317,ST,2006-01-07T12:05,2006-01-07T13:20,ORY,607156385
XDBLOHND,code,L,70004322,ST,2006-01-07T14:10,2006-01-07T15:30,PUF,607156385
XDBLOHND,code,L,70004319,ST,2006-01-07T16:20,2006-01-07T17:35,ORY,607156385
XDBLOHND,code,L,70004324,ST,2006-01-07T18:30,2006-01-07T19:50,PUF,607156385
XDBLOHND,code,L,70004321,ST,2006-01-07T20:25,2006-01-07T22:25,ORY,607156385
THLCNVEX,code,L,70004320,ST,2006-01-07T09:10,2006-01-07T11:30,PUF,607156385
THLCNVEX,code,L,70004317,ST,2006-01-07T12:05,2006-01-07T13:20,ORY,607156385
THLCNVEX,code,L,70004322,ST,2006-01-07T14:10,2006-01-07T15:30,PUF,607156385
THLCNVEX,code,L,70004319,ST,2006-01-07T16:20,2006-01-07T17:35,ORY,607156385
THLCNVEX,code,L,70004324,ST,2006-01-07T18:30,2006-01-07T19:50,PUF,607156385
THLCNVEX,code,L,70004321,ST,2006-01-07T20:25,2006-01-07T22:25,ORY,607156385
UCKYGCGQ,code,L,70004320,ST,2006-01-07T09:10,2006-01-07T11:30,PUF,607156385
UCKYGCGQ,code,L,70004317,ST,2006-01-07T12:05,2006-01-07T13:20,ORY,607156385
UCKYGCGQ,code,L,70004322,ST,2006-01-07T14:10,2006-01-07T15:30,PUF,607156385
UCKYGCGQ,code,L,70004319,ST,2006-01-07T16:20,2006-01-07T17:35,ORY,607156385
UCKYGCGQ,code,L,70004324,ST,2006-01-07T18:30,2006-01-07T19:50,PUF,607156385
UCKYGCGQ,code,L,70004321,ST,2006-01-07T20:25,2006-01-07T22:25,ORY,607156385
JLYSSBNR,code,L,70004320,ST,2006-01-07T09:10,2006-01-07T11:30,PUF,607156385
JLYSSBNR,code,L,70004317,ST,2006-01-07T12:05,2006-01-07T13:20,ORY,607156385
JLYSSBNR,code,L,70004322,ST,2006-01-07T14:10,2006-01-07T15:30,PUF,607156385
JLYSSBNR,code,L,70004319,ST,2006-01-07T16:20,2006-01-07T17:35,ORY,607156385
JLYSSBNR,code,L,70004324,ST,2006-01-07T18:30,2006-01-07T19:50,PUF,607156385
JLYSSBNR,code,L,70004321,ST,2006-01-07T20:25,2006-01-07T22:25,ORY,607156385
DGMHYHJV,code,L,70004725,CP,2006-01-07T09:10,2006-01-07T11:25,NTE,1056745520
DGMHYHJV,code,L,70004705,CP,2006-01-07T15:00,2006-01-07T16:05,LYS,1056745520
DGMHYHJV,code,L,70004706,CP,2006-01-07T16:55,2006-01-07T17:55,TLS,1056745520
DGMHYHJV,code,L,70004730,CP,2006-01-07T18:45,2006-01-07T20:45,LYS,1056745520
RMJACCXH,code,L,70004725,FO,2006-01-07T09:10,2006-01-07T11:25,NTE,1056745520
RMJACCXH,code,L,70004705,FO,2006-01-07T15:00,2006-01-07T16:05,LYS,1056745520
RMJACCXH,code,L,70004706,FO,2006-01-07T16:55,2006-01-07T17:55,TLS,1056745520
RMJACCXH,code,L,70004730,FO,2006-01-07T18:45,2006-01-07T20:45,LYS,1056745520
YSOCUQLC,code,L,70004725,CS,2006-01-07T09:10,2006-01-07T11:25,NTE,1056745520
YSOCUQLC,code,L,70004705,CS,2006-01-07T15:00,2006-01-07T16:05,LYS,1056745520
YSOCUQLC,code,L,70004706,CS,2006-01-07T16:55,2006-01-07T17:55,TLS,1056745520
YSOCUQLC,code,L,70004730,CS,2006-01-07T18:45,2006-01-07T20:45,LYS,1056745520
EIIXFQOY,code,L,70004725,CS,2006-01-07T09:10,2006-01-07T11:25,NTE,1056745520
EIIXFQOY,code,L,70004705,CS,2006-01-07T15:00,2006-01-07T16:05,LYS,1056745520
EIIXFQOY,code,L,70004706,CS,2006-01-07T16:55,2006-01-07T17:55,TLS,1056745520
EIIXFQOY,code,L,70004730,CS,2006-01-07T18:45,2006-01-07T20:45,LYS,1056745520
UGNCQPPU,code,L,70004725,ST,2006-01-07T09:10,2006-01-07T11:25,NTE,1056745520
UGNCQPPU,code,L,70004705,ST,2006-01-07T15:00,2006-01-07T16:05,LYS,1056745520
UGNCQPPU,code,L,70004706,ST,2006-01-07T16:55,2006-01-07T17:55,TLS,1056745520
UGNCQPPU,code,L,70004730,ST,2006-01-07T18:45,2006-01-07T20:45,LYS,1056745520
JWFMBXHS,code,L,70004725,ST,2006-01-07T09:10,2006-01-07T11:25,NTE,1056745520
JWFMBXHS,code,L,70004705,ST,2006-01-07T15:00,2006-01-07T16:05,LYS,1056745520
JWFMBXHS,code,L,70004706,ST,2006-01-07T16:55,2006-01-07T17:55,TLS,1056745520
JWFMBXHS,code,L,70004730,ST,2006-01-07T18:45,2006-01-07T20:45,LYS,1056745520
OVGAPNNC,code,L,70004725,ST,2006-01-07T09:10,2006-01-07T11:25,NTE,1056745520
OVGAPNNC,code,L,70004705,ST,2006-01-07T15:00,2006-01-07T16:05,LYS,1056745520
OVGAPNNC,code,L,70004706,ST,2006-01-07T16:55,2006-01-07T17:55,TLS,1056745520
OVGAPNNC,code,L,70004730,ST,2006-01-07T18:45,2006-01-07T20:45,LYS,1056745520
SFSRWMLV,code,L,70004725,ST,2006-01-07T09:10,2006-01-07T11:25,NTE,1056745520
SFSRWMLV,code,L,70004705,ST,2006-01-07T15:00,2006-01-07T16:05,LYS,1056745520
SFSRWMLV,code,L,70004706,ST,2006-01-07T16:55,2006-01-07T17:55,TLS,1056745520
SFSRWMLV,code,L,70004730,ST,2006-01-07T18:45,2006-01-07T20:45,LYS,1056745520
MGCNGFQB,code,L,70004725,ST,2006-01-07T09:10,2006-01-07T11:25,NTE,1056745520
MGCNGFQB,code,L,70004705,ST,2006-01-07T15:00,2006-01-07T16:05,LYS,1056745520
MGCNGFQB,code,L,70004706,ST,2006-01-07T16:55,2006-01-07T17:55,TLS,1056745520
MGCNGFQB,code,L,70004730,ST,2006-01-07T18:45,2006-01-07T20:45,LYS,1056745520
XIAUSHQW,code,L,70004725,ST,2006-01-07T09:10,2006-01-07T11:25,NTE,1056745520
XIAUSHQW,code,L,70004705,ST,2006-01-07T15:00,2006-01-07T16:05,LYS,1056745520
XIAUSHQW,code,L,70004706,ST,2006-01-07T16:55,2006-01-07T17:55,TLS,1056745520
XIAUSHQW,code,L,70004730,ST,2006-01-07T18:45,2006-01-07T20:45,LYS,1056745520
YKLLNPJJ,code,L,70002886,CP,2006-01-07T09:30,2006-01-07T11:50,MRS,669806174
YKLLNPJJ,code,L,70002919,CP,2006-01-07T12:35,2006-01-07T13:50,ORY,669806174
YKLLNPJJ,code,L,70002896,CP,2006-01-07T14:30,2006-01-07T15:50,MRS,669806174
YKLLNPJJ,code,L,70002899,CP,2006-01-07T16:35,2006-01-07T18:35,ORY,669806174
MXICPUTJ,code,L,70002886,FO,2006-01-07T09:30,2006-01-07T11:50,MRS,669806174
MXICPUTJ,code,L,70002919,FO,2006-01-07T12:35,2006-01-07T13:50,ORY,669806174
MXICPUTJ,code,L,70002896,FO,2006-01-07T14:30,2006-01-07T15:50,MRS,669806174
MXICPUTJ,code,L,70002899,FO,2006-01-07T16:35,2006-01-07T18:35,ORY,669806174
UMOREBFJ,code,L,70002886,CS,2006-01-07T09:30,2006-01-07T11:50,MRS,669806174
UMOREBFJ,code,L,70002919,CS,2006-01-07T12:35,2006-01-07T13:50,ORY,669806174
UMOREBFJ,code,L,70002896,CS,2006-01-07T14:30,2006-01-07T15:50,MRS,669806174
UMOREBFJ,code,L,70002899,CS,2006-01-07T16:35,2006-01-07T18:35,ORY,669806174
PQJRJEMQ,code,L,70002886,CS,2006-01-07T09:30,2006-01-07T11:50,MRS,669806174
PQJRJEMQ,code,L,70002919,CS,2006-01-07T12:35,2006-01-07T13:50,ORY,669806174
PQJRJEMQ,code,L,70002896,CS,2006-01-07T14:30,2006-01-07T15:50,MRS,669806174
PQJRJEMQ,code,L,70002899,CS,2006-01-07T16:35,2006-01-07T18:35,ORY,669806174
KZHEKAWA,code,L,70002886,ST,2006-01-07T09:30,2006-01-07T11:50,MRS,669806174
KZHEKAWA,code,L,70002919,ST,2006-01-07T12:35,2006-01-07T13:50,ORY,669806174
KZHEKAWA,code,L,70002896,ST,2006-01-07T14:30,2006-01-07T15:50,MRS,669806174
KZHEKAWA,code,L,70002899,ST,2006-01-07T16:35,2006-01-07T18:35,ORY,669806174
GZSYAWJH,code,L,70002886,ST,2006-01-07T09:30,2006-01-07T11:50,MRS,669806174
GZSYAWJH,code,L,70002919,ST,2006-01-07T12:35,2006-01-07T13:50,ORY,669806174
GZSYAWJH,code,L,70002896,ST,2006-01-07T14:30,2006-01-07T15:50,MRS,669806174
GZSYAWJH,code,L,70002899,ST,2006-01-07T16:35,2006-01-07T18:35,ORY,669806174
MLKJVTOB,code,L,70002886,ST,2006-01-07T09:30,2006-01-07T11:50,MRS,669806174
MLKJVTOB,code,L,70002919,ST,2006-01-07T12:35,2006-01-07T13:50,ORY,669806174
MLKJVTOB,code,L,70002896,ST,2006-01-07T14:30,2006-01-07T15:50,MRS,669806174
MLKJVTOB,code,L,70002899,ST,2006-01-07T16:35,2006-01-07T18:35,ORY,669806174
ADLRTUPC,code,L,70002886,ST,2006-01-07T09:30,2006-01-07T11:50,MRS,669806174
ADLRTUPC,code,L,70002919,ST,2006-01-07T12:35,2006-01-07T13:50,ORY,669806174
ADLRTUPC,code,L,70002896,ST,2006-01-07T14:30,2006-01-07T15:50,MRS,669806174
ADLRTUPC,code,L,70002899,ST,2006-01-07T16:35,2006-01-07T18:35,ORY,669806174
UDUWDOXF,code,L,70002886,ST,2006-01-07T09:30,2006-01-07T11:50,MRS,669806174
UDUWDOXF,code,L,70002919,ST,2006-01-07T12:35,2006-01-07T13:50,ORY,669806174
UDUWDOXF,code,L,70002896,ST,2006-01-07T14:30,2006-01-07T15:50,MRS,669806174
UDUWDOXF,code,L,70002899,ST,2006-01-07T16:35,2006-01-07T18:35,ORY,669806174
VFIVTAXL,code,L,70002886,ST,2006-01-07T09:30,2006-01-07T11:50,MRS,669806174
VFIVTAXL,code,L,70002919,ST,2006-01-07T12:35,2006-01-07T13:50,ORY,669806174
VFIVTAXL,code,L,70002896,ST,2006-01-07T14:30,2006-01-07T15:50,MRS,669806174
VFIVTAXL,code,L,70002899,ST,2006-01-07T16:35,2006-01-07T18:35,ORY,669806174
CRRTUWXJ,code,L,70004624,CP,2006-01-07T09:30,2006-01-07T11:40,SXB,147048153
CRRTUWXJ,code,L,70004627,CP,2006-01-07T13:10,2006-01-07T14:20,CDG,147048153
CRRTUWXJ,code,L,70004628,CP,2006-01-07T15:15,2006-01-07T16:25,SXB,147048153
CRRTUWXJ,code,L,70004631,CP,2006-01-07T17:45,2006-01-07T19:35,CDG,147048153
RJPOMCGH,code,L,70004624,FO,2006-01-07T09:30,2006-01-07T11:40,SXB,147048153
RJPOMCGH,code,L,70004627,FO,2006-01-07T13:10,2006-01-07T14:20,CDG,147048153
RJPOMCGH,code,L,70004628,FO,2006-01-07T15:15,2006-01-07T16:25,SXB,147048153
RJPOMCGH,code,L,70004631,FO,2006-01-07T17:45,2006-01-07T19:35,CDG,147048153
YXONXLQV,code,L,70004624,CS,2006-01-07T09:30,2006-01-07T11:40,SXB,147048153
YXONXLQV,code,L,70004627,CS,2006-01-07T13:10,2006-01-07T14:20,CDG,147048153
YXONXLQV,code,L,70004628,CS,2006-01-07T15:15,2006-01-07T16:25,SXB,147048153
YXONXLQV,code,L,70004631,CS,2006-01-07T17:45,2006-01-07T19:35,CDG,147048153
WRUCUFOH,code,L,70004624,ST,2006-01-07T09:30,2006-01-07T11:40,SXB,147048153
WRUCUFOH,code,L,70004627,ST,2006-01-07T13:10,2006-01-07T14:20,CDG,147048153
WRUCUFOH,code,L,70004628,ST,2006-01-07T15:15,2006-01-07T16:25,SXB,147048153
WRUCUFOH,code,L,70004631,ST,2006-01-07T17:45,2006-01-07T19:35,CDG,147048153
XYCBZVFO,code,L,70004624,ST,2006-01-07T09:30,2006-01-07T11:40,SXB,147048153
XYCBZVFO,code,L,70004627,ST,2006-01-07T13:10,2006-01-07T14:20,CDG,147048153
XYCBZVFO,code,L,70004628,ST,2006-01-07T15:15,2006-01-07T16:25,SXB,147048153
XYCBZVFO,code,L,70004631,ST,2006-01-07T17:45,2006-01-07T19:35,CDG,147048153
AIBAQGYK,code,L,70003097,CP,2006-01-07T09:35,2006-01-07T11:55,ORY,1501726364
AIBAQGYK,code,L,70003086,CP,2006-01-07T12:35,2006-01-07T14:00,NCE,1501726364
AIBAQGYK,code,L,70003127,CP,2006-01-07T15:10,2006-01-07T16:15,ORY,1501726364
AIBAQGYK,code,L,70003134,CP,2006-01-07T17:05,2006-01-07T19:00,BOD,1501726364
KCHQSKGW,code,L,70003097,FO,2006-01-07T09:35,2006-01-07T11:55,ORY,1501726364
KCHQSKGW,code,L,70003086,FO,2006-01-07T12:35,2006-01-07T14:00,NCE,1501726364
KCHQSKGW,code,L,70003127,FO,2006-01-07T15:10,2006-01-07T16:15,ORY,1501726364
KCHQSKGW,code,L,70003134,FO,2006-01-07T17:05,2006-01-07T19:00,BOD,1501726364
NAFDPFFE,code,L,70003097,CS,2006-01-07T09:35,2006-01-07T11:55,ORY,1501726364
NAFDPFFE,code,L,70003086,CS,2006-01-07T12:35,2006-01-07T14:00,NCE,1501726364
NAFDPFFE,code,L,70003127,CS,2006-01-07T15:10,2006-01-07T16:15,ORY,1501726364
NAFDPFFE,code,L,70003134,CS,2006-01-07T17:05,2006-01-07T19:00,BOD,1501726364
LGGTJFLN,code,L,70003097,CS,2006-01-07T09:35,2006-01-07T11:55,ORY,1501726364
LGGTJFLN,code,L,70003086,CS,2006-01-07T12:35,2006-01-07T14:00,NCE,1501726364
LGGTJFLN,code,L,70003127,CS,2006-01-07T15:10,2006-01-07T16:15,ORY,1501726364
LGGTJFLN,code,L,70003134,CS,2006-01-07T17:05,2006-01-07T19:00,BOD,1501726364
PODLPOSQ,code,L,70003097,ST,2006-01-07T09:35,2006-01-07T11:55,ORY,1501726364
PODLPOSQ,code,L,70003086,ST,2006-01-07T12:35,2006-01-07T14:00,NCE,1501726364
PODLPOSQ,code,L,70003127,ST,2006-01-07T15:10,2006-01-07T16:15,ORY,1501726364
PODLPOSQ,code,L,70003134,ST,2006-01-07T17:05,2006-01-07T19:00,BOD,1501726364
SERUVJRE,code,L,70003097,ST,2006-01-07T09:35,2006-01-07T11:55,ORY,1501726364
SERUVJRE,code,L,70003086,ST,2006-01-07T12:35,2006-01-07T14:00,NCE,1501726364
SERUVJRE,code,L,70003127,ST,2006-01-07T15:10,2006-01-07T16:15,ORY,1501726364
SERUVJRE,code,L,70003134,ST,2006-01-07T17:05,2006-01-07T19:00,BOD,1501726364
BRSKPIWU,code,L,70003097,ST,2006-01-07T09:35,2006-01-07T11:55,ORY,1501726364
BRSKPIWU,code,L,70003086,ST,2006-01-07T12:35,2006-01-07T14:00,NCE,1501726364
BRSKPIWU,code,L,70003127,ST,2006-01-07T15:10,2006-01-07T16:15,ORY,1501726364
BRSKPIWU,code,L,70003134,ST,2006-01-07T17:05,2006-01-07T19:00,BOD,1501726364
AYUVPYVR,code,L,70003097,ST,2006-01-07T09:35,2006-01-07T11:55,ORY,1501726364
AYUVPYVR,code,L,70003086,ST,2006-01-07T12:35,2006-01-07T14:00,NCE,1501726364
AYUVPYVR,code,L,70003127,ST,2006-01-07T15:10,2006-01-07T16:15,ORY,1501726364
AYUVPYVR,code,L,70003134,ST,2006-01-07T17:05,2006-01-07T19:00,BOD,1501726364
OFTNOTRF,code,L,70003097,ST,2006-01-07T09:35,2006-01-07T11:55,ORY,1501726364
OFTNOTRF,code,L,70003086,ST,2006-01-07T12:35,2006-01-07T14:00,NCE,1501726364
OFTNOTRF,code,L,70003127,ST,2006-01-07T15:10,2006-01-07T16:15,ORY,1501726364
OFTNOTRF,code,L,70003134,ST,2006-01-07T17:05,2006-01-07T19:00,BOD,1501726364
MWVFXKFM,code,L,70003097,ST,2006-01-07T09:35,2006-01-07T11:55,ORY,1501726364
MWVFXKFM,code,L,70003086,ST,2006-01-07T12:35,2006-01-07T14:00,NCE,1501726364
MWVFXKFM,code,L,70003127,ST,2006-01-07T15:10,2006-01-07T16:15,ORY,1501726364
MWVFXKFM,code,L,70003134,ST,2006-01-07T17:05,2006-01-07T19:00,BOD,1501726364
QDSHSIIU,code,L,70002982,CP,2006-01-07T09:40,2006-01-07T12:00,TLS,259488708
QDSHSIIU,code,L,70002985,CP,2006-01-07T12:50,2006-01-07T14:00,ORY,259488708
QDSHSIIU,code,L,70002992,CP,2006-01-07T14:40,2006-01-07T16:00,TLS,259488708
QDSHSIIU,code,L,70002999,CP,2006-01-07T16:50,2006-01-07T18:45,ORY,259488708
ORACAFZW,code,L,70002982,FO,2006-01-07T09:40,2006-01-07T12:00,TLS,259488708
ORACAFZW,code,L,70002985,FO,2006-01-07T12:50,2006-01-07T14:00,ORY,259488708
ORACAFZW,code,L,70002992,FO,2006-01-07T14:40,2006-01-07T16:00,TLS,259488708
ORACAFZW,code,L,70002999,FO,2006-01-07T16:50,2006-01-07T18:45,ORY,259488708
CJBUFCQX,code,L,70002982,CS,2006-01-07T09:40,2006-01-07T12:00,TLS,259488708
CJBUFCQX,code,L,70002985,CS,2006-01-07T12:50,2006-01-07T14:00,ORY,259488708
CJBUFCQX,code,L,70002992,CS,2006-01-07T14:40,2006-01-07T16:00,TLS,259488708
CJBUFCQX,code,L,70002999,CS,2006-01-07T16:50,2006-01-07T18:45,ORY,259488708
LDOQJSGV,code,L,70002982,CS,2006-01-07T09:40,2006-01-07T12:00,TLS,259488708
LDOQJSGV,code,L,70002985,CS,2006-01-07T12:50,2006-01-07T14:00,ORY,259488708
LDOQJSGV,code,L,70002992,CS,2006-01-07T14:40,2006-01-07T16:00,TLS,259488708
LDOQJSGV,code,L,70002999,CS,2006-01-07T16:50,2006-01-07T18:45,ORY,259488708
SEIVAZBU,code,L,70002982,ST,2006-01-07T09:40,2006-01-07T12:00,TLS,259488708
SEIVAZBU,code,L,70002985,ST,2006-01-07T12:50,2006-01-07T14:00,ORY,259488708
SEIVAZBU,code,L,70002992,ST,2006-01-07T14:40,2006-01-07T16:00,TLS,259488708
SEIVAZBU,code,L,70002999,ST,2006-01-07T16:50,2006-01-07T18:45,ORY,259488708
SXLXGJML,code,L,70002982,ST,2006-01-07T09:40,2006-01-07T12:00,TLS,259488708
SXLXGJML,code,L,70002985,ST,2006-01-07T12:50,2006-01-07T14:00,ORY,259488708
SXLXGJML,code,L,70002992,ST,2006-01-07T14:40,2006-01-07T16:00,TLS,259488708
SXLXGJML,code,L,70002999,ST,2006-01-07T16:50,2006-01-07T18:45,ORY,259488708
BHTJHBWK,code,L,70002982,ST,2006-01-07T09:40,2006-01-07T12:00,TLS,259488708
BHTJHBWK,code,L,70002985,ST,2006-01-07T12:50,2006-01-07T14:00,ORY,259488708
BHTJHBWK,code,L,70002992,ST,2006-01-07T14:40,2006-01-07T16:00,TLS,259488708
BHTJHBWK,code,L,70002999,ST,2006-01-07T16:50,2006-01-07T18:45,ORY,259488708
CJSOYJSX,code,L,70002982,ST,2006-01-07T09:40,2006-01-07T12:00,TLS,259488708
CJSOYJSX,code,L,70002985,ST,2006-01-07T12:50,2006-01-07T14:00,ORY,259488708
CJSOYJSX,code,L,70002992,ST,2006-01-07T14:40,2006-01-07T16:00,TLS,259488708
CJSOYJSX,code,L,70002999,ST,2006-01-07T16:50,2006-01-07T18:45,ORY,259488708
XHNJNMCO,code,L,70002982,ST,2006-01-07T09:40,2006-01-07T12:00,TLS,259488708
XHNJNMCO,code,L,70002985,ST,2006-01-07T12:50,2006-01-07T14:00,ORY,259488708
XHNJNMCO,code,L,70002992,ST,2006-01-07T14:40,2006-01-07T16:00,TLS,259488708
XHNJNMCO,code,L,70002999,ST,2006-01-07T16:50,2006-01-07T18:45,ORY,259488708
BFARSKEN,code,L,70002982,ST,2006-01-07T09:40,2006-01-07T12:00,TLS,259488708
BFARSKEN,code,L,70002985,ST,2006-01-07T12:50,2006-01-07T14:00,ORY,259488708
BFARSKEN,code,L,70002992,ST,2006-01-07T14:40,2006-01-07T16:00,TLS,259488708
BFARSKEN,code,L,70002999,ST,2006-01-07T16:50,2006-01-07T18:45,ORY,259488708
BBVSNVOG,code,L,70002981,CP,2006-01-07T09:50,2006-01-07T12:00,ORY,1372239857
BBVSNVOG,code,L,70002986,CP,2006-01-07T12:40,2006-01-07T14:00,TLS,1372239857
BBVSNVOG,code,L,70002991,CP,2006-01-07T14:50,2006-01-07T16:00,ORY,1372239857
BBVSNVOG,code,L,70003000,CP,2006-01-07T16:40,2006-01-07T18:45,TLS,1372239857
AMITWGFJ,code,L,70002981,FO,2006-01-07T09:50,2006-01-07T12:00,ORY,1372239857
AMITWGFJ,code,L,70002986,FO,2006-01-07T12:40,2006-01-07T14:00,TLS,1372239857
AMITWGFJ,code,L,70002991,FO,2006-01-07T14:50,2006-01-07T16:00,ORY,1372239857
AMITWGFJ,code,L,70003000,FO,2006-01-07T16:40,2006-01-07T18:45,TLS,1372239857
UFMMWGZD,code,L,70002981,CS,2006-01-07T09:50,2006-01-07T12:00,ORY,1372239857
UFMMWGZD,code,L,70002986,CS,2006-01-07T12:40,2006-01-07T14:00,TLS,1372239857
UFMMWGZD,code,L,70002991,CS,2006-01-07T14:50,2006-01-07T16:00,ORY,1372239857
UFMMWGZD,code,L,70003000,CS,2006-01-07T16:40,2006-01-07T18:45,TLS,1372239857
WYLXYQQJ,code,L,70002981,CS,2006-01-07T09:50,2006-01-07T12:00,ORY,1372239857
WYLXYQQJ,code,L,70002986,CS,2006-01-07T12:40,2006-01-07T14:00,TLS,1372239857
WYLXYQQJ,code,L,70002991,CS,2006-01-07T14:50,2006-01-07T16:00,ORY,1372239857
WYLXYQQJ,code,L,70003000,CS,2006-01-07T16:40,2006-01-07T18:45,TLS,1372239857
KNXYWFVW,code,L,70002981,ST,2006-01-07T09:50,2006-01-07T12:00,ORY,1372239857
KNXYWFVW,code,L,70002986,ST,2006-01-07T12:40,2006-01-07T14:00,TLS,1372239857
KNXYWFVW,code,L,70002991,ST,2006-01-07T14:50,2006-01-07T16:00,ORY,1372239857
KNXYWFVW,code,L,70003000,ST,2006-01-07T16:40,2006-01-07T18:45,TLS,1372239857
MGJLHXMD,code,L,70002981,ST,2006-01-07T09:50,2006-01-07T12:00,ORY,1372239857
MGJLHXMD,code,L,70002986,ST,2006-01-07T12:40,2006-01-07T14:00,TLS,1372239857
MGJLHXMD,code,L,70002991,ST,2006-01-07T14:50,2006-01-07T16:00,ORY,1372239857
MGJLHXMD,code,L,70003000,ST,2006-01-07T16:40,2006-01-07T18:45,TLS,1372239857
KXGCMRLP,code,L,70002981,ST,2006-01-07T09:50,2006-01-07T12:00,ORY,1372239857
KXGCMRLP,code,L,70002986,ST,2006-01-07T12:40,2006-01-07T14:00,TLS,1372239857
KXGCMRLP,code,L,70002991,ST,2006-01-07T14:50,2006-01-07T16:00,ORY,1372239857
KXGCMRLP,code,L,70003000,ST,2006-01-07T16:40,2006-01-07T18:45,TLS,1372239857
GUWARXSF,code,L,70002981,ST,2006-01-07T09:50,2006-01-07T12:00,ORY,1372239857
GUWARXSF,code,L,70002986,ST,2006-01-07T12:40,2006-01-07T14:00,TLS,1372239857
GUWARXSF,code,L,70002991,ST,2006-01-07T14:50,2006-01-07T16:00,ORY,1372239857
GUWARXSF,code,L,70003000,ST,2006-01-07T16:40,2006-01-07T18:45,TLS,1372239857
YERLULPR,code,L,70002981,ST,2006-01-07T09:50,2006-01-07T12:00,ORY,1372239857
YERLULPR,code,L,70002986,ST,2006-01-07T12:40,2006-01-07T14:00,TLS,1372239857
YERLULPR,code,L,70002991,ST,2006-01-07T14:50,2006-01-07T16:00,ORY,1372239857
YERLULPR,code,L,70003000,ST,2006-01-07T16:40,2006-01-07T18:45,TLS,1372239857
KWIKKESH,code,L,70002981,ST,2006-01-07T09:50,2006-01-07T12:00,ORY,1372239857
KWIKKESH,code,L,70002986,ST,2006-01-07T12:40,2006-01-07T14:00,TLS,1372239857
KWIKKESH,code,L,70002991,ST,2006-01-07T14:50,2006-01-07T16:00,ORY,1372239857
KWIKKESH,code,L,70003000,ST,2006-01-07T16:40,2006-01-07T18:45,TLS,1372239857
OPAEQCFL,code,L,70004516,CP,2006-01-07T09:55,2006-01-07T12:05,LYS,830250430
OPAEQCFL,code,L,70004509,CP,2006-01-07T13:10,2006-01-07T14:20,CDG,830250430
OPAEQCFL,code,L,70004510,CP,2006-01-07T16:15,2006-01-07T17:25,LYS,830250430
OPAEQCFL,code,L,70004513,CP,2006-01-07T20:30,2006-01-07T22:25,CDG,830250430
ISHMZXAQ,code,L,70004516,FO,2006-01-07T09:55,2006-01-07T12:05,LYS,830250430
ISHMZXAQ,code,L,70004509,FO,2006-01-07T13:10,2006-01-07T14:20,CDG,830250430
ISHMZXAQ,code,L,70004510,FO,2006-01-07T16:15,2006-01-07T17:25,LYS,830250430
ISHMZXAQ,code,L,70004513,FO,2006-01-07T20:30,2006-01-07T22:25,CDG,830250430
MLWIAQTL,code,L,70004516,CS,2006-01-07T09:55,2006-01-07T12:05,LYS,830250430
MLWIAQTL,code,L,70004509,CS,2006-01-07T13:10,2006-01-07T14:20,CDG,830250430
MLWIAQTL,code,L,70004510,CS,2006-01-07T16:15,2006-01-07T17:25,LYS,830250430
MLWIAQTL,code,L,70004513,CS,2006-01-07T20:30,2006-01-07T22:25,CDG,830250430
KMSVGEBG,code,L,70004516,CS,2006-01-07T09:55,2006-01-07T12:05,LYS,830250430
KMSVGEBG,code,L,70004509,CS,2006-01-07T13:10,2006-01-07T14:20,CDG,830250430
KMSVGEBG,code,L,70004510,CS,2006-01-07T16:15,2006-01-07T17:25,LYS,830250430
KMSVGEBG,code,L,70004513,CS,2006-01-07T20:30,2006-01-07T22:25,CDG,830250430
WLYLRBPS,code,L,70004516,ST,2006-01-07T09:55,2006-01-07T12:05,LYS,830250430
WLYLRBPS,code,L,70004509,ST,2006-01-07T13:10,2006-01-07T14:20,CDG,830250430
WLYLRBPS,code,L,70004510,ST,2006-01-07T16:15,2006-01-07T17:25,LYS,830250430
WLYLRBPS,code,L,70004513,ST,2006-01-07T20:30,2006-01-07T22:25,CDG,830250430
NQRTPLZA,code,L,70004516,ST,2006-01-07T09:55,2006-01-07T12:05,LYS,830250430
NQRTPLZA,code,L,70004509,ST,2006-01-07T13:10,2006-01-07T14:20,CDG,830250430
NQRTPLZA,code,L,70004510,ST,2006-01-07T16:15,2006-01-07T17:25,LYS,830250430
NQRTPLZA,code,L,70004513,ST,2006-01-07T20:30,2006-01-07T22:25,CDG,830250430
JPDGFNND,code,L,70004516,ST,2006-01-07T09:55,2006-01-07T12:05,LYS,830250430
JPDGFNND,code,L,70004509,ST,2006-01-07T13:10,2006-01-07T14:20,CDG,830250430
JPDGFNND,code,L,70004510,ST,2006-01-07T16:15,2006-01-07T17:25,LYS,830250430
JPDGFNND,code,L,70004513,ST,2006-01-07T20:30,2006-01-07T22:25,CDG,830250430
ZFVVGSDJ,code,L,70004516,ST,2006-01-07T09:55,2006-01-07T12:05,LYS,830250430
ZFVVGSDJ,code,L,70004509,ST,2006-01-07T13:10,2006-01-07T14:20,CDG,830250430
ZFVVGSDJ,code,L,70004510,ST,2006-01-07T16:15,2006-01-07T17:25,LYS,830250430
ZFVVGSDJ,code,L,70004513,ST,2006-01-07T20:30,2006-01-07T22:25,CDG,830250430
NEBDQOTB,code,L,70004516,ST,2006-01-07T09:55,2006-01-07T12:05,LYS,830250430
NEBDQOTB,code,L,70004509,ST,2006-01-07T13:10,2006-01-07T14:20,CDG,830250430
NEBDQOTB,code,L,70004510,ST,2006-01-07T16:15,2006-01-07T17:25,LYS,830250430
NEBDQOTB,code,L,70004513,ST,2006-01-07T20:30,2006-01-07T22:25,CDG,830250430
TYTWEDJI,code,L,70004516,ST,2006-01-07T09:55,2006-01-07T12:05,LYS,830250430
TYTWEDJI,code,L,70004509,ST,2006-01-07T13:10,2006-01-07T14:20,CDG,830250430
TYTWEDJI,code,L,70004510,ST,2006-01-07T16:15,2006-01-07T17:25,LYS,830250430
TYTWEDJI,code,L,70004513,ST,2006-01-07T20:30,2006-01-07T22:25,CDG,830250430
KBQAMFRH,code,L,70003075,CP,2006-01-07T10:00,2006-01-07T12:20,ORY,217468053
KBQAMFRH,code,L,70003080,CP,2006-01-07T13:05,2006-01-07T14:30,NCE,217468053
KBQAMFRH,code,L,70003083,CP,2006-01-07T15:00,2006-01-07T16:20,ORY,217468053
KBQAMFRH,code,L,70003090,CP,2006-01-07T17:05,2006-01-07T19:15,NCE,217468053
GBFZWFJV,code,L,70003075,FO,2006-01-07T10:00,2006-01-07T12:20,ORY,217468053
GBFZWFJV,code,L,70003080,FO,2006-01-07T13:05,2006-01-07T14:30,NCE,217468053
GBFZWFJV,code,L,70003083,FO,2006-01-07T15:00,2006-01-07T16:20,ORY,217468053
GBFZWFJV,code,L,70003090,FO,2006-01-07T17:05,2006-01-07T19:15,NCE,217468053
DUKRAUVU,code,L,70003075,CS,2006-01-07T10:00,2006-01-07T12:20,ORY,217468053
DUKRAUVU,code,L,70003080,CS,2006-01-07T13:05,2006-01-07T14:30,NCE,217468053
DUKRAUVU,code,L,70003083,CS,2006-01-07T15:00,2006-01-07T16:20,ORY,217468053
DUKRAUVU,code,L,70003090,CS,2006-01-07T17:05,2006-01-07T19:15,NCE,217468053
LNVZEUKM,code,L,70003075,CS,2006-01-07T10:00,2006-01-07T12:20,ORY,217468053
LNVZEUKM,code,L,70003080,CS,2006-01-07T13:05,2006-01-07T14:30,NCE,217468053
LNVZEUKM,code,L,70003083,CS,2006-01-07T15:00,2006-01-07T16:20,ORY,217468053
LNVZEUKM,code,L,70003090,CS,2006-01-07T17:05,2006-01-07T19:15,NCE,217468053
PEDYGKFA,code,L,70003075,ST,2006-01-07T10:00,2006-01-07T12:20,ORY,217468053
PEDYGKFA,code,L,70003080,ST,2006-01-07T13:05,2006-01-07T14:30,NCE,217468053
PEDYGKFA,code,L,70003083,ST,2006-01-07T15:00,2006-01-07T16:20,ORY,217468053
PEDYGKFA,code,L,70003090,ST,2006-01-07T17:05,2006-01-07T19:15,NCE,217468053
PZOCITEM,code,L,70003075,ST,2006-01-07T10:00,2006-01-07T12:20,ORY,217468053
PZOCITEM,code,L,70003080,ST,2006-01-07T13:05,2006-01-07T14:30,NCE,217468053
PZOCITEM,code,L,70003083,ST,2006-01-07T15:00,2006-01-07T16:20,ORY,217468053
PZOCITEM,code,L,70003090,ST,2006-01-07T17:05,2006-01-07T19:15,NCE,217468053
ZSETZGCR,code,L,70003075,ST,2006-01-07T10:00,2006-01-07T12:20,ORY,217468053
ZSETZGCR,code,L,70003080,ST,2006-01-07T13:05,2006-01-07T14:30,NCE,217468053
ZSETZGCR,code,L,70003083,ST,2006-01-07T15:00,2006-01-07T16:20,ORY,217468053
ZSETZGCR,code,L,70003090,ST,2006-01-07T17:05,2006-01-07T19:15,NCE,217468053
XVOAVHNC,code,L,70003075,ST,2006-01-07T10:00,2006-01-07T12:20,ORY,217468053
XVOAVHNC,code,L,70003080,ST,2006-01-07T13:05,2006-01-07T14:30,NCE,217468053
XVOAVHNC,code,L,70003083,ST,2006-01-07T15:00,2006-01-07T16:20,ORY,217468053
XVOAVHNC,code,L,70003090,ST,2006-01-07T17:05,2006-01-07T19:15,NCE,217468053
ZTAMBLJP,code,L,70003075,ST,2006-01-07T10:00,2006-01-07T12:20,ORY,217468053
ZTAMBLJP,code,L,70003080,ST,2006-01-07T13:05,2006-01-07T14:30,NCE,217468053
ZTAMBLJP,code,L,70003083,ST,2006-01-07T15:00,2006-01-07T16:20,ORY,217468053
ZTAMBLJP,code,L,70003090,ST,2006-01-07T17:05,2006-01-07T19:15,NCE,217468053
GTYFORZJ,code,L,70003075,ST,2006-01-07T10:00,2006-01-07T12:20,ORY,217468053
GTYFORZJ,code,L,70003080,ST,2006-01-07T13:05,2006-01-07T14:30,NCE,217468053
GTYFORZJ,code,L,70003083,ST,2006-01-07T15:00,2006-01-07T16:20,ORY,217468053
GTYFORZJ,code,L,70003090,ST,2006-01-07T17:05,2006-01-07T19:15,NCE,217468053
EOPCSTRL,code,L,70001378,CP,2006-01-07T10:00,2006-01-07T12:35,BIA,759101347
EOPCSTRL,code,L,70001375,CP,2006-01-07T13:25,2006-01-07T15:00,ORY,759101347
EOPCSTRL,code,L,70001380,CP,2006-01-07T15:50,2006-01-07T17:25,BIA,759101347
EOPCSTRL,code,L,70001377,CP,2006-01-07T19:00,2006-01-07T21:20,ORY,759101347
LHQXXJJN,code,L,70001378,FO,2006-01-07T10:00,2006-01-07T12:35,BIA,759101347
LHQXXJJN,code,L,70001375,FO,2006-01-07T13:25,2006-01-07T15:00,ORY,759101347
LHQXXJJN,code,L,70001380,FO,2006-01-07T15:50,2006-01-07T17:25,BIA,759101347
LHQXXJJN,code,L,70001377,FO,2006-01-07T19:00,2006-01-07T21:20,ORY,759101347
DNOMJBDT,code,L,70001378,CS,2006-01-07T10:00,2006-01-07T12:35,BIA,759101347
DNOMJBDT,code,L,70001375,CS,2006-01-07T13:25,2006-01-07T15:00,ORY,759101347
DNOMJBDT,code,L,70001380,CS,2006-01-07T15:50,2006-01-07T17:25,BIA,759101347
DNOMJBDT,code,L,70001377,CS,2006-01-07T19:00,2006-01-07T21:20,ORY,759101347
UQMBHMAG,code,L,70001378,CS,2006-01-07T10:00,2006-01-07T12:35,BIA,759101347
UQMBHMAG,code,L,70001375,CS,2006-01-07T13:25,2006-01-07T15:00,ORY,759101347
UQMBHMAG,code,L,70001380,CS,2006-01-07T15:50,2006-01-07T17:25,BIA,759101347
UQMBHMAG,code,L,70001377,CS,2006-01-07T19:00,2006-01-07T21:20,ORY,759101347
HIDHMLWI,code,L,70001378,ST,2006-01-07T10:00,2006-01-07T12:35,BIA,759101347
HIDHMLWI,code,L,70001375,ST,2006-01-07T13:25,2006-01-07T15:00,ORY,759101347
HIDHMLWI,code,L,70001380,ST,2006-01-07T15:50,2006-01-07T17:25,BIA,759101347
HIDHMLWI,code,L,70001377,ST,2006-01-07T19:00,2006-01-07T21:20,ORY,759101347
FUQTBVMA,code,L,70001378,ST,2006-01-07T10:00,2006-01-07T12:35,BIA,759101347
FUQTBVMA,code,L,70001375,ST,2006-01-07T13:25,2006-01-07T15:00,ORY,759101347
FUQTBVMA,code,L,70001380,ST,2006-01-07T15:50,2006-01-07T17:25,BIA,759101347
FUQTBVMA,code,L,70001377,ST,2006-01-07T19:00,2006-01-07T21:20,ORY,759101347
GINLMAVF,code,L,70001378,ST,2006-01-07T10:00,2006-01-07T12:35,BIA,759101347
GINLMAVF,code,L,70001375,ST,2006-01-07T13:25,2006-01-07T15:00,ORY,759101347
GINLMAVF,code,L,70001380,ST,2006-01-07T15:50,2006-01-07T17:25,BIA,759101347
GINLMAVF,code,L,70001377,ST,2006-01-07T19:00,2006-01-07T21:20,ORY,759101347
TVYSSHIA,code,L,70001378,ST,2006-01-07T10:00,2006-01-07T12:35,BIA,759101347
TVYSSHIA,code,L,70001375,ST,2006-01-07T13:25,2006-01-07T15:00,ORY,759101347
TVYSSHIA,code,L,70001380,ST,2006-01-07T15:50,2006-01-07T17:25,BIA,759101347
TVYSSHIA,code,L,70001377,ST,2006-01-07T19:00,2006-01-07T21:20,ORY,759101347
ADBDMBAK,code,L,70001378,ST,2006-01-07T10:00,2006-01-07T12:35,BIA,759101347
ADBDMBAK,code,L,70001375,ST,2006-01-07T13:25,2006-01-07T15:00,ORY,759101347
ADBDMBAK,code,L,70001380,ST,2006-01-07T15:50,2006-01-07T17:25,BIA,759101347
ADBDMBAK,code,L,70001377,ST,2006-01-07T19:00,2006-01-07T21:20,ORY,759101347
FTITBCMC,code,L,70001378,ST,2006-01-07T10:00,2006-01-07T12:35,BIA,759101347
FTITBCMC,code,L,70001375,ST,2006-01-07T13:25,2006-01-07T15:00,ORY,759101347
FTITBCMC,code,L,70001380,ST,2006-01-07T15:50,2006-01-07T17:25,BIA,759101347
FTITBCMC,code,L,70001377,ST,2006-01-07T19:00,2006-01-07T21:20,ORY,759101347
EZOPEHYG,code,L,70005125,CP,2006-01-07T10:00,2006-01-07T13:10,TLS,683093156
EZOPEHYG,code,L,70005126,CP,2006-01-07T14:30,2006-01-07T16:25,AMS,683093156
EZOPEHYG,code,L,70005127,CP,2006-01-07T17:05,2006-01-07T19:15,TLS,683093156
EZOPEHYG,code,L,70005128,CP,2006-01-07T20:05,2006-01-07T22:45,AMS,683093156
WMTOYCQK,code,L,70005125,FO,2006-01-07T10:00,2006-01-07T13:10,TLS,683093156
WMTOYCQK,code,L,70005126,FO,2006-01-07T14:30,2006-01-07T16:25,AMS,683093156
WMTOYCQK,code,L,70005127,FO,2006-01-07T17:05,2006-01-07T19:15,TLS,683093156
WMTOYCQK,code,L,70005128,FO,2006-01-07T20:05,2006-01-07T22:45,AMS,683093156
VEAVRUNA,code,L,70005125,CSD,2006-01-07T10:00,2006-01-07T13:10,TLS,683093156
VEAVRUNA,code,L,70005126,CSD,2006-01-07T14:30,2006-01-07T16:25,AMS,683093156
VEAVRUNA,code,L,70005127,CSD,2006-01-07T17:05,2006-01-07T19:15,TLS,683093156
VEAVRUNA,code,L,70005128,CSD,2006-01-07T20:05,2006-01-07T22:45,AMS,683093156
AIMHXDOT,code,L,70005125,ST,2006-01-07T10:00,2006-01-07T13:10,TLS,683093156
AIMHXDOT,code,L,70005126,ST,2006-01-07T14:30,2006-01-07T16:25,AMS,683093156
AIMHXDOT,code,L,70005127,ST,2006-01-07T17:05,2006-01-07T19:15,TLS,683093156
AIMHXDOT,code,L,70005128,ST,2006-01-07T20:05,2006-01-07T22:45,AMS,683093156
WJCDZWYI,code,L,70005125,ST,2006-01-07T10:00,2006-01-07T13:10,TLS,683093156
WJCDZWYI,code,L,70005126,ST,2006-01-07T14:30,2006-01-07T16:25,AMS,683093156
WJCDZWYI,code,L,70005127,ST,2006-01-07T17:05,2006-01-07T19:15,TLS,683093156
WJCDZWYI,code,L,70005128,ST,2006-01-07T20:05,2006-01-07T22:45,AMS,683093156
YZQDPYGG,code,L,70005125,ST,2006-01-07T10:00,2006-01-07T13:10,TLS,683093156
YZQDPYGG,code,L,70005126,ST,2006-01-07T14:30,2006-01-07T16:25,AMS,683093156
YZQDPYGG,code,L,70005127,ST,2006-01-07T17:05,2006-01-07T19:15,TLS,683093156
YZQDPYGG,code,L,70005128,ST,2006-01-07T20:05,2006-01-07T22:45,AMS,683093156
CKZRWVWE,code,L,70005165,CP,2006-01-07T10:25,2006-01-07T13:15,BOD,1827753950
CKZRWVWE,code,L,70005093,CP,2006-01-07T14:00,2006-01-07T15:30,AMS,1827753950
CKZRWVWE,code,L,70005094,CP,2006-01-07T16:40,2006-01-07T18:15,CFE,1827753950
CKZRWVWE,code,L,70005166,CP,2006-01-07T19:00,2006-01-07T21:35,AMS,1827753950
UXSGPSED,code,L,70005165,FO,2006-01-07T10:25,2006-01-07T13:15,BOD,1827753950
UXSGPSED,code,L,70005093,FO,2006-01-07T14:00,2006-01-07T15:30,AMS,1827753950
UXSGPSED,code,L,70005094,FO,2006-01-07T16:40,2006-01-07T18:15,CFE,1827753950
UXSGPSED,code,L,70005166,FO,2006-01-07T19:00,2006-01-07T21:35,AMS,1827753950
OEEOSLRC,code,L,70005165,CSD,2006-01-07T10:25,2006-01-07T13:15,BOD,1827753950
OEEOSLRC,code,L,70005093,CSD,2006-01-07T14:00,2006-01-07T15:30,AMS,1827753950
OEEOSLRC,code,L,70005094,CSD,2006-01-07T16:40,2006-01-07T18:15,CFE,1827753950
OEEOSLRC,code,L,70005166,CSD,2006-01-07T19:00,2006-01-07T21:35,AMS,1827753950
VQCHAJEQ,code,L,70005165,ST,2006-01-07T10:25,2006-01-07T13:15,BOD,1827753950
VQCHAJEQ,code,L,70005093,ST,2006-01-07T14:00,2006-01-07T15:30,AMS,1827753950
VQCHAJEQ,code,L,70005094,ST,2006-01-07T16:40,2006-01-07T18:15,CFE,1827753950
VQCHAJEQ,code,L,70005166,ST,2006-01-07T19:00,2006-01-07T21:35,AMS,1827753950
XTRDNBXD,code,L,70005165,ST,2006-01-07T10:25,2006-01-07T13:15,BOD,1827753950
XTRDNBXD,code,L,70005093,ST,2006-01-07T14:00,2006-01-07T15:30,AMS,1827753950
XTRDNBXD,code,L,70005094,ST,2006-01-07T16:40,2006-01-07T18:15,CFE,1827753950
XTRDNBXD,code,L,70005166,ST,2006-01-07T19:00,2006-01-07T21:35,AMS,1827753950
WWIQFYKL,code,L,70005165,ST,2006-01-07T10:25,2006-01-07T13:15,BOD,1827753950
WWIQFYKL,code,L,70005093,ST,2006-01-07T14:00,2006-01-07T15:30,AMS,1827753950
WWIQFYKL,code,L,70005094,ST,2006-01-07T16:40,2006-01-07T18:15,CFE,1827753950
WWIQFYKL,code,L,70005166,ST,2006-01-07T19:00,2006-01-07T21:35,AMS,1827753950
LWEGDMXT,code,L,70003111,CP,2006-01-07T10:30,2006-01-07T12:50,ORY,200550235
LWEGDMXT,code,L,70003112,CP,2006-01-07T13:35,2006-01-07T15:00,NCE,200550235
LWEGDMXT,code,L,70004365,CP,2006-01-07T15:35,2006-01-07T16:55,ORY,200550235
LWEGDMXT,code,L,70004368,CP,2006-01-07T17:35,2006-01-07T19:45,TLN,200550235
TSYLCWBG,code,L,70003111,FO,2006-01-07T10:30,2006-01-07T12:50,ORY,200550235
TSYLCWBG,code,L,70003112,FO,2006-01-07T13:35,2006-01-07T15:00,NCE,200550235
TSYLCWBG,code,L,70004365,FO,2006-01-07T15:35,2006-01-07T16:55,ORY,200550235
TSYLCWBG,code,L,70004368,FO,2006-01-07T17:35,2006-01-07T19:45,TLN,200550235
JWEQKKYE,code,L,70003111,CS,2006-01-07T10:30,2006-01-07T12:50,ORY,200550235
JWEQKKYE,code,L,70003112,CS,2006-01-07T13:35,2006-01-07T15:00,NCE,200550235
JWEQKKYE,code,L,70004365,CS,2006-01-07T15:35,2006-01-07T16:55,ORY,200550235
JWEQKKYE,code,L,70004368,CS,2006-01-07T17:35,2006-01-07T19:45,TLN,200550235
YFEOUEQT,code,L,70003111,CS,2006-01-07T10:30,2006-01-07T12:50,ORY,200550235
YFEOUEQT,code,L,70003112,CS,2006-01-07T13:35,2006-01-07T15:00,NCE,200550235
YFEOUEQT,code,L,70004365,CS,2006-01-07T15:35,2006-01-07T16:55,ORY,200550235
YFEOUEQT,code,L,70004368,CS,2006-01-07T17:35,2006-01-07T19:45,TLN,200550235
NEPDIRIC,code,L,70003111,ST,2006-01-07T10:30,2006-01-07T12:50,ORY,200550235
NEPDIRIC,code,L,70003112,ST,2006-01-07T13:35,2006-01-07T15:00,NCE,200550235
NEPDIRIC,code,L,70004365,ST,2006-01-07T15:35,2006-01-07T16:55,ORY,200550235
NEPDIRIC,code,L,70004368,ST,2006-01-07T17:35,2006-01-07T19:45,TLN,200550235
QDCVOPBX,code,L,70003111,ST,2006-01-07T10:30,2006-01-07T12:50,ORY,200550235
QDCVOPBX,code,L,70003112,ST,2006-01-07T13:35,2006-01-07T15:00,NCE,200550235
QDCVOPBX,code,L,70004365,ST,2006-01-07T15:35,2006-01-07T16:55,ORY,200550235
QDCVOPBX,code,L,70004368,ST,2006-01-07T17:35,2006-01-07T19:45,TLN,200550235
GHFLAJSY,code,L,70003111,ST,2006-01-07T10:30,2006-01-07T12:50,ORY,200550235
GHFLAJSY,code,L,70003112,ST,2006-01-07T13:35,2006-01-07T15:00,NCE,200550235
GHFLAJSY,code,L,70004365,ST,2006-01-07T15:35,2006-01-07T16:55,ORY,200550235
GHFLAJSY,code,L,70004368,ST,2006-01-07T17:35,2006-01-07T19:45,TLN,200550235
EJNQPSOT,code,L,70003111,ST,2006-01-07T10:30,2006-01-07T12:50,ORY,200550235
EJNQPSOT,code,L,70003112,ST,2006-01-07T13:35,2006-01-07T15:00,NCE,200550235
EJNQPSOT,code,L,70004365,ST,2006-01-07T15:35,2006-01-07T16:55,ORY,200550235
EJNQPSOT,code,L,70004368,ST,2006-01-07T17:35,2006-01-07T19:45,TLN,200550235
TAHLOCCS,code,L,70003111,ST,2006-01-07T10:30,2006-01-07T12:50,ORY,200550235
TAHLOCCS,code,L,70003112,ST,2006-01-07T13:35,2006-01-07T15:00,NCE,200550235
TAHLOCCS,code,L,70004365,ST,2006-01-07T15:35,2006-01-07T16:55,ORY,200550235
TAHLOCCS,code,L,70004368,ST,2006-01-07T17:35,2006-01-07T19:45,TLN,200550235
INYNJBGB,code,L,70003111,ST,2006-01-07T10:30,2006-01-07T12:50,ORY,200550235
INYNJBGB,code,L,70003112,ST,2006-01-07T13:35,2006-01-07T15:00,NCE,200550235
INYNJBGB,code,L,70004365,ST,2006-01-07T15:35,2006-01-07T16:55,ORY,200550235
INYNJBGB,code,L,70004368,ST,2006-01-07T17:35,2006-01-07T19:45,TLN,200550235
FDTPSTLW,code,L,70002888,CP,2006-01-07T10:30,2006-01-07T12:50,MRS,2052955920
FDTPSTLW,code,L,70002889,CP,2006-01-07T13:35,2006-01-07T14:50,ORY,2052955920
FDTPSTLW,code,L,70002900,CP,2006-01-07T15:30,2006-01-07T16:50,MRS,2052955920
FDTPSTLW,code,L,70002903,CP,2006-01-07T17:35,2006-01-07T19:35,ORY,2052955920
BIQPWQBC,code,L,70002888,FO,2006-01-07T10:30,2006-01-07T12:50,MRS,2052955920
BIQPWQBC,code,L,70002889,FO,2006-01-07T13:35,2006-01-07T14:50,ORY,2052955920
BIQPWQBC,code,L,70002900,FO,2006-01-07T15:30,2006-01-07T16:50,MRS,2052955920
BIQPWQBC,code,L,70002903,FO,2006-01-07T17:35,2006-01-07T19:35,ORY,2052955920
TITUMWCH,code,L,70002888,CS,2006-01-07T10:30,2006-01-07T12:50,MRS,2052955920
TITUMWCH,code,L,70002889,CS,2006-01-07T13:35,2006-01-07T14:50,ORY,2052955920
TITUMWCH,code,L,70002900,CS,2006-01-07T15:30,2006-01-07T16:50,MRS,2052955920
TITUMWCH,code,L,70002903,CS,2006-01-07T17:35,2006-01-07T19:35,ORY,2052955920
ZHJPPTLX,code,L,70002888,CS,2006-01-07T10:30,2006-01-07T12:50,MRS,2052955920
ZHJPPTLX,code,L,70002889,CS,2006-01-07T13:35,2006-01-07T14:50,ORY,2052955920
ZHJPPTLX,code,L,70002900,CS,2006-01-07T15:30,2006-01-07T16:50,MRS,2052955920
ZHJPPTLX,code,L,70002903,CS,2006-01-07T17:35,2006-01-07T19:35,ORY,2052955920
URNKBFMR,code,L,70002888,ST,2006-01-07T10:30,2006-01-07T12:50,MRS,2052955920
URNKBFMR,code,L,70002889,ST,2006-01-07T13:35,2006-01-07T14:50,ORY,2052955920
URNKBFMR,code,L,70002900,ST,2006-01-07T15:30,2006-01-07T16:50,MRS,2052955920
URNKBFMR,code,L,70002903,ST,2006-01-07T17:35,2006-01-07T19:35,ORY,2052955920
FFRKISFO,code,L,70002888,ST,2006-01-07T10:30,2006-01-07T12:50,MRS,2052955920
FFRKISFO,code,L,70002889,ST,2006-01-07T13:35,2006-01-07T14:50,ORY,2052955920
FFRKISFO,code,L,70002900,ST,2006-01-07T15:30,2006-01-07T16:50,MRS,2052955920
FFRKISFO,code,L,70002903,ST,2006-01-07T17:35,2006-01-07T19:35,ORY,2052955920
LWXPJLUX,code,L,70002888,ST,2006-01-07T10:30,2006-01-07T12:50,MRS,2052955920
LWXPJLUX,code,L,70002889,ST,2006-01-07T13:35,2006-01-07T14:50,ORY,2052955920
LWXPJLUX,code,L,70002900,ST,2006-01-07T15:30,2006-01-07T16:50,MRS,2052955920
LWXPJLUX,code,L,70002903,ST,2006-01-07T17:35,2006-01-07T19:35,ORY,2052955920
LOPDRYMO,code,L,70002888,ST,2006-01-07T10:30,2006-01-07T12:50,MRS,2052955920
LOPDRYMO,code,L,70002889,ST,2006-01-07T13:35,2006-01-07T14:50,ORY,2052955920
LOPDRYMO,code,L,70002900,ST,2006-01-07T15:30,2006-01-07T16:50,MRS,2052955920
LOPDRYMO,code,L,70002903,ST,2006-01-07T17:35,2006-01-07T19:35,ORY,2052955920
JSVSGAPQ,code,L,70002888,ST,2006-01-07T10:30,2006-01-07T12:50,MRS,2052955920
JSVSGAPQ,code,L,70002889,ST,2006-01-07T13:35,2006-01-07T14:50,ORY,2052955920
JSVSGAPQ,code,L,70002900,ST,2006-01-07T15:30,2006-01-07T16:50,MRS,2052955920
JSVSGAPQ,code,L,70002903,ST,2006-01-07T17:35,2006-01-07T19:35,ORY,2052955920
BNKZKUSZ,code,L,70002888,ST,2006-01-07T10:30,2006-01-07T12:50,MRS,2052955920
BNKZKUSZ,code,L,70002889,ST,2006-01-07T13:35,2006-01-07T14:50,ORY,2052955920
BNKZKUSZ,code,L,70002900,ST,2006-01-07T15:30,2006-01-07T16:50,MRS,2052955920
BNKZKUSZ,code,L,70002903,ST,2006-01-07T17:35,2006-01-07T19:35,ORY,2052955920
MBDIYFDT,code,L,70004527,CP,2006-01-07T10:35,2006-01-07T13:00,CDG,2134161410
MBDIYFDT,code,L,70004530,CP,2006-01-07T15:20,2006-01-07T16:50,MRS,2134161410
MBDIYFDT,code,L,70004531,CP,2006-01-07T17:35,2006-01-07T19:00,CDG,2134161410
MBDIYFDT,code,L,70004534,CP,2006-01-07T19:45,2006-01-07T22:00,MRS,2134161410
IVXMVPXM,code,L,70004527,FO,2006-01-07T10:35,2006-01-07T13:00,CDG,2134161410
IVXMVPXM,code,L,70004530,FO,2006-01-07T15:20,2006-01-07T16:50,MRS,2134161410
IVXMVPXM,code,L,70004531,FO,2006-01-07T17:35,2006-01-07T19:00,CDG,2134161410
IVXMVPXM,code,L,70004534,FO,2006-01-07T19:45,2006-01-07T22:00,MRS,2134161410
MCWKXKVB,code,L,70004527,CS,2006-01-07T10:35,2006-01-07T13:00,CDG,2134161410
MCWKXKVB,code,L,70004530,CS,2006-01-07T15:20,2006-01-07T16:50,MRS,2134161410
MCWKXKVB,code,L,70004531,CS,2006-01-07T17:35,2006-01-07T19:00,CDG,2134161410
MCWKXKVB,code,L,70004534,CS,2006-01-07T19:45,2006-01-07T22:00,MRS,2134161410
JCUAAVIM,code,L,70004527,CS,2006-01-07T10:35,2006-01-07T13:00,CDG,2134161410
JCUAAVIM,code,L,70004530,CS,2006-01-07T15:20,2006-01-07T16:50,MRS,2134161410
JCUAAVIM,code,L,70004531,CS,2006-01-07T17:35,2006-01-07T19:00,CDG,2134161410
JCUAAVIM,code,L,70004534,CS,2006-01-07T19:45,2006-01-07T22:00,MRS,2134161410
MSNOIZZW,code,L,70004527,ST,2006-01-07T10:35,2006-01-07T13:00,CDG,2134161410
MSNOIZZW,code,L,70004530,ST,2006-01-07T15:20,2006-01-07T16:50,MRS,2134161410
MSNOIZZW,code,L,70004531,ST,2006-01-07T17:35,2006-01-07T19:00,CDG,2134161410
MSNOIZZW,code,L,70004534,ST,2006-01-07T19:45,2006-01-07T22:00,MRS,2134161410
EFVHZNAV,code,L,70004527,ST,2006-01-07T10:35,2006-01-07T13:00,CDG,2134161410
EFVHZNAV,code,L,70004530,ST,2006-01-07T15:20,2006-01-07T16:50,MRS,2134161410
EFVHZNAV,code,L,70004531,ST,2006-01-07T17:35,2006-01-07T19:00,CDG,2134161410
EFVHZNAV,code,L,70004534,ST,2006-01-07T19:45,2006-01-07T22:00,MRS,2134161410
FEXPJKHS,code,L,70004527,ST,2006-01-07T10:35,2006-01-07T13:00,CDG,2134161410
FEXPJKHS,code,L,70004530,ST,2006-01-07T15:20,2006-01-07T16:50,MRS,2134161410
FEXPJKHS,code,L,70004531,ST,2006-01-07T17:35,2006-01-07T19:00,CDG,2134161410
FEXPJKHS,code,L,70004534,ST,2006-01-07T19:45,2006-01-07T22:00,MRS,2134161410
VDQAJGDN,code,L,70004527,ST,2006-01-07T10:35,2006-01-07T13:00,CDG,2134161410
VDQAJGDN,code,L,70004530,ST,2006-01-07T15:20,2006-01-07T16:50,MRS,2134161410
VDQAJGDN,code,L,70004531,ST,2006-01-07T17:35,2006-01-07T19:00,CDG,2134161410
VDQAJGDN,code,L,70004534,ST,2006-01-07T19:45,2006-01-07T22:00,MRS,2134161410
FDROMWTD,code,L,70004527,ST,2006-01-07T10:35,2006-01-07T13:00,CDG,2134161410
FDROMWTD,code,L,70004530,ST,2006-01-07T15:20,2006-01-07T16:50,MRS,2134161410
FDROMWTD,code,L,70004531,ST,2006-01-07T17:35,2006-01-07T19:00,CDG,2134161410
FDROMWTD,code,L,70004534,ST,2006-01-07T19:45,2006-01-07T22:00,MRS,2134161410
GOTTECGI,code,L,70004527,ST,2006-01-07T10:35,2006-01-07T13:00,CDG,2134161410
GOTTECGI,code,L,70004530,ST,2006-01-07T15:20,2006-01-07T16:50,MRS,2134161410
GOTTECGI,code,L,70004531,ST,2006-01-07T17:35,2006-01-07T19:00,CDG,2134161410
GOTTECGI,code,L,70004534,ST,2006-01-07T19:45,2006-01-07T22:00,MRS,2134161410
EATJVZAE,code,L,70004567,CP,2006-01-07T10:35,2006-01-07T13:10,CDG,1874672702
EATJVZAE,code,L,70004568,CP,2006-01-07T13:55,2006-01-07T15:30,NCE,1874672702
EATJVZAE,code,L,70004571,CP,2006-01-07T17:25,2006-01-07T19:00,CDG,1874672702
EATJVZAE,code,L,70004572,CP,2006-01-07T19:50,2006-01-07T21:05,NCE,1874672702
JFDQMHVU,code,L,70004567,FO,2006-01-07T10:35,2006-01-07T13:10,CDG,1874672702
JFDQMHVU,code,L,70004568,FO,2006-01-07T13:55,2006-01-07T15:30,NCE,1874672702
JFDQMHVU,code,L,70004571,FO,2006-01-07T17:25,2006-01-07T19:00,CDG,1874672702
JFDQMHVU,code,L,70004572,FO,2006-01-07T19:50,2006-01-07T21:05,NCE,1874672702
MNQABFSH,code,L,70004567,CS,2006-01-07T10:35,2006-01-07T13:10,CDG,1874672702
MNQABFSH,code,L,70004568,CS,2006-01-07T13:55,2006-01-07T15:30,NCE,1874672702
MNQABFSH,code,L,70004571,CS,2006-01-07T17:25,2006-01-07T19:00,CDG,1874672702
MNQABFSH,code,L,70004572,CS,2006-01-07T19:50,2006-01-07T21:05,NCE,1874672702
SBPOAGDK,code,L,70004567,CS,2006-01-07T10:35,2006-01-07T13:10,CDG,1874672702
SBPOAGDK,code,L,70004568,CS,2006-01-07T13:55,2006-01-07T15:30,NCE,1874672702
SBPOAGDK,code,L,70004571,CS,2006-01-07T17:25,2006-01-07T19:00,CDG,1874672702
SBPOAGDK,code,L,70004572,CS,2006-01-07T19:50,2006-01-07T21:05,NCE,1874672702
PRNGJCZN,code,L,70004567,ST,2006-01-07T10:35,2006-01-07T13:10,CDG,1874672702
PRNGJCZN,code,L,70004568,ST,2006-01-07T13:55,2006-01-07T15:30,NCE,1874672702
PRNGJCZN,code,L,70004571,ST,2006-01-07T17:25,2006-01-07T19:00,CDG,1874672702
PRNGJCZN,code,L,70004572,ST,2006-01-07T19:50,2006-01-07T21:05,NCE,1874672702
LMGTHLVU,code,L,70004567,ST,2006-01-07T10:35,2006-01-07T13:10,CDG,1874672702
LMGTHLVU,code,L,70004568,ST,2006-01-07T13:55,2006-01-07T15:30,NCE,1874672702
LMGTHLVU,code,L,70004571,ST,2006-01-07T17:25,2006-01-07T19:00,CDG,1874672702
LMGTHLVU,code,L,70004572,ST,2006-01-07T19:50,2006-01-07T21:05,NCE,1874672702
DGEUHCBG,code,L,70004567,ST,2006-01-07T10:35,2006-01-07T13:10,CDG,1874672702
DGEUHCBG,code,L,70004568,ST,2006-01-07T13:55,2006-01-07T15:30,NCE,1874672702
DGEUHCBG,code,L,70004571,ST,2006-01-07T17:25,2006-01-07T19:00,CDG,1874672702
DGEUHCBG,code,L,70004572,ST,2006-01-07T19:50,2006-01-07T21:05,NCE,1874672702
NPLRKWLJ,code,L,70004567,ST,2006-01-07T10:35,2006-01-07T13:10,CDG,1874672702
NPLRKWLJ,code,L,70004568,ST,2006-01-07T13:55,2006-01-07T15:30,NCE,1874672702
NPLRKWLJ,code,L,70004571,ST,2006-01-07T17:25,2006-01-07T19:00,CDG,1874672702
NPLRKWLJ,code,L,70004572,ST,2006-01-07T19:50,2006-01-07T21:05,NCE,1874672702
MTHLCDUM,code,L,70004567,ST,2006-01-07T10:35,2006-01-07T13:10,CDG,1874672702
MTHLCDUM,code,L,70004568,ST,2006-01-07T13:55,2006-01-07T15:30,NCE,1874672702
MTHLCDUM,code,L,70004571,ST,2006-01-07T17:25,2006-01-07T19:00,CDG,1874672702
MTHLCDUM,code,L,70004572,ST,2006-01-07T19:50,2006-01-07T21:05,NCE,1874672702
EJRDTKAC,code,L,70004567,ST,2006-01-07T10:35,2006-01-07T13:10,CDG,1874672702
EJRDTKAC,code,L,70004568,ST,2006-01-07T13:55,2006-01-07T15:30,NCE,1874672702
EJRDTKAC,code,L,70004571,ST,2006-01-07T17:25,2006-01-07T19:00,CDG,1874672702
EJRDTKAC,code,L,70004572,ST,2006-01-07T19:50,2006-01-07T21:05,NCE,1874672702
DAJSPQBG,code,L,70004648,CP,2006-01-07T10:55,2006-01-07T13:25,TLS,1194650126
DAJSPQBG,code,L,70004649,CP,2006-01-07T15:00,2006-01-07T16:25,CDG,1194650126
DAJSPQBG,code,L,70004652,CP,2006-01-07T17:15,2006-01-07T18:45,TLS,1194650126
DAJSPQBG,code,L,70004655,CP,2006-01-07T19:25,2006-01-07T21:35,CDG,1194650126
DFRMMJVL,code,L,70004648,FO,2006-01-07T10:55,2006-01-07T13:25,TLS,1194650126
DFRMMJVL,code,L,70004649,FO,2006-01-07T15:00,2006-01-07T16:25,CDG,1194650126
DFRMMJVL,code,L,70004652,FO,2006-01-07T17:15,2006-01-07T18:45,TLS,1194650126
DFRMMJVL,code,L,70004655,FO,2006-01-07T19:25,2006-01-07T21:35,CDG,1194650126
ETMPURFI,code,L,70004648,CS,2006-01-07T10:55,2006-01-07T13:25,TLS,1194650126
ETMPURFI,code,L,70004649,CS,2006-01-07T15:00,2006-01-07T16:25,CDG,1194650126
ETMPURFI,code,L,70004652,CS,2006-01-07T17:15,2006-01-07T18:45,TLS,1194650126
ETMPURFI,code,L,70004655,CS,2006-01-07T19:25,2006-01-07T21:35,CDG,1194650126
GJGSDEGF,code,L,70004648,CS,2006-01-07T10:55,2006-01-07T13:25,TLS,1194650126
GJGSDEGF,code,L,70004649,CS,2006-01-07T15:00,2006-01-07T16:25,CDG,1194650126
GJGSDEGF,code,L,70004652,CS,2006-01-07T17:15,2006-01-07T18:45,TLS,1194650126
GJGSDEGF,code,L,70004655,CS,2006-01-07T19:25,2006-01-07T21:35,CDG,1194650126
ZUZGNOAQ,code,L,70004648,ST,2006-01-07T10:55,2006-01-07T13:25,TLS,1194650126
ZUZGNOAQ,code,L,70004649,ST,2006-01-07T15:00,2006-01-07T16:25,CDG,1194650126
ZUZGNOAQ,code,L,70004652,ST,2006-01-07T17:15,2006-01-07T18:45,TLS,1194650126
ZUZGNOAQ,code,L,70004655,ST,2006-01-07T19:25,2006-01-07T21:35,CDG,1194650126
TLJGEDTN,code,L,70004648,ST,2006-01-07T10:55,2006-01-07T13:25,TLS,1194650126
TLJGEDTN,code,L,70004649,ST,2006-01-07T15:00,2006-01-07T16:25,CDG,1194650126
TLJGEDTN,code,L,70004652,ST,2006-01-07T17:15,2006-01-07T18:45,TLS,1194650126
TLJGEDTN,code,L,70004655,ST,2006-01-07T19:25,2006-01-07T21:35,CDG,1194650126
EAPHQILR,code,L,70004648,ST,2006-01-07T10:55,2006-01-07T13:25,TLS,1194650126
EAPHQILR,code,L,70004649,ST,2006-01-07T15:00,2006-01-07T16:25,CDG,1194650126
EAPHQILR,code,L,70004652,ST,2006-01-07T17:15,2006-01-07T18:45,TLS,1194650126
EAPHQILR,code,L,70004655,ST,2006-01-07T19:25,2006-01-07T21:35,CDG,1194650126
LHHMRPEF,code,L,70004648,ST,2006-01-07T10:55,2006-01-07T13:25,TLS,1194650126
LHHMRPEF,code,L,70004649,ST,2006-01-07T15:00,2006-01-07T16:25,CDG,1194650126
LHHMRPEF,code,L,70004652,ST,2006-01-07T17:15,2006-01-07T18:45,TLS,1194650126
LHHMRPEF,code,L,70004655,ST,2006-01-07T19:25,2006-01-07T21:35,CDG,1194650126
HWXRPKQD,code,L,70004648,ST,2006-01-07T10:55,2006-01-07T13:25,TLS,1194650126
HWXRPKQD,code,L,70004649,ST,2006-01-07T15:00,2006-01-07T16:25,CDG,1194650126
HWXRPKQD,code,L,70004652,ST,2006-01-07T17:15,2006-01-07T18:45,TLS,1194650126
HWXRPKQD,code,L,70004655,ST,2006-01-07T19:25,2006-01-07T21:35,CDG,1194650126
YVCWXQQI,code,L,70004648,ST,2006-01-07T10:55,2006-01-07T13:25,TLS,1194650126
YVCWXQQI,code,L,70004649,ST,2006-01-07T15:00,2006-01-07T16:25,CDG,1194650126
YVCWXQQI,code,L,70004652,ST,2006-01-07T17:15,2006-01-07T18:45,TLS,1194650126
YVCWXQQI,code,L,70004655,ST,2006-01-07T19:25,2006-01-07T21:35,CDG,1194650126
PFNPFPEF,code,L,70004387,CP,2006-01-07T11:00,2006-01-07T13:20,ORY,363927940
PFNPFPEF,code,L,70004388,CP,2006-01-07T14:05,2006-01-07T15:30,PGF,363927940
PFNPFPEF,code,L,70004459,CP,2006-01-07T17:10,2006-01-07T18:45,ORY,363927940
PFNPFPEF,code,L,70004454,CP,2006-01-07T19:35,2006-01-07T21:55,BIA,363927940
KPCIGTCJ,code,L,70004387,FO,2006-01-07T11:00,2006-01-07T13:20,ORY,363927940
KPCIGTCJ,code,L,70004388,FO,2006-01-07T14:05,2006-01-07T15:30,PGF,363927940
KPCIGTCJ,code,L,70004459,FO,2006-01-07T17:10,2006-01-07T18:45,ORY,363927940
KPCIGTCJ,code,L,70004454,FO,2006-01-07T19:35,2006-01-07T21:55,BIA,363927940
ARUJSRLD,code,L,70004387,CS,2006-01-07T11:00,2006-01-07T13:20,ORY,363927940
ARUJSRLD,code,L,70004388,CS,2006-01-07T14:05,2006-01-07T15:30,PGF,363927940
ARUJSRLD,code,L,70004459,CS,2006-01-07T17:10,2006-01-07T18:45,ORY,363927940
ARUJSRLD,code,L,70004454,CS,2006-01-07T19:35,2006-01-07T21:55,BIA,363927940
XISIJUNA,code,L,70004387,CS,2006-01-07T11:00,2006-01-07T13:20,ORY,363927940
XISIJUNA,code,L,70004388,CS,2006-01-07T14:05,2006-01-07T15:30,PGF,363927940
XISIJUNA,code,L,70004459,CS,2006-01-07T17:10,2006-01-07T18:45,ORY,363927940
XISIJUNA,code,L,70004454,CS,2006-01-07T19:35,2006-01-07T21:55,BIA,363927940
QIWEGMQU,code,L,70004387,ST,2006-01-07T11:00,2006-01-07T13:20,ORY,363927940
QIWEGMQU,code,L,70004388,ST,2006-01-07T14:05,2006-01-07T15:30,PGF,363927940
QIWEGMQU,code,L,70004459,ST,2006-01-07T17:10,2006-01-07T18:45,ORY,363927940
QIWEGMQU,code,L,70004454,ST,2006-01-07T19:35,2006-01-07T21:55,BIA,363927940
XVBZGKYA,code,L,70004387,ST,2006-01-07T11:00,2006-01-07T13:20,ORY,363927940
XVBZGKYA,code,L,70004388,ST,2006-01-07T14:05,2006-01-07T15:30,PGF,363927940
XVBZGKYA,code,L,70004459,ST,2006-01-07T17:10,2006-01-07T18:45,ORY,363927940
XVBZGKYA,code,L,70004454,ST,2006-01-07T19:35,2006-01-07T21:55,BIA,363927940
TCFYJBJE,code,L,70004387,ST,2006-01-07T11:00,2006-01-07T13:20,ORY,363927940
TCFYJBJE,code,L,70004388,ST,2006-01-07T14:05,2006-01-07T15:30,PGF,363927940
TCFYJBJE,code,L,70004459,ST,2006-01-07T17:10,2006-01-07T18:45,ORY,363927940
TCFYJBJE,code,L,70004454,ST,2006-01-07T19:35,2006-01-07T21:55,BIA,363927940
BKGRICDE,code,L,70004387,ST,2006-01-07T11:00,2006-01-07T13:20,ORY,363927940
BKGRICDE,code,L,70004388,ST,2006-01-07T14:05,2006-01-07T15:30,PGF,363927940
BKGRICDE,code,L,70004459,ST,2006-01-07T17:10,2006-01-07T18:45,ORY,363927940
BKGRICDE,code,L,70004454,ST,2006-01-07T19:35,2006-01-07T21:55,BIA,363927940
ZZSCXCUH,code,L,70004387,ST,2006-01-07T11:00,2006-01-07T13:20,ORY,363927940
ZZSCXCUH,code,L,70004388,ST,2006-01-07T14:05,2006-01-07T15:30,PGF,363927940
ZZSCXCUH,code,L,70004459,ST,2006-01-07T17:10,2006-01-07T18:45,ORY,363927940
ZZSCXCUH,code,L,70004454,ST,2006-01-07T19:35,2006-01-07T21:55,BIA,363927940
CCKBXASY,code,L,70004387,ST,2006-01-07T11:00,2006-01-07T13:20,ORY,363927940
CCKBXASY,code,L,70004388,ST,2006-01-07T14:05,2006-01-07T15:30,PGF,363927940
CCKBXASY,code,L,70004459,ST,2006-01-07T17:10,2006-01-07T18:45,ORY,363927940
CCKBXASY,code,L,70004454,ST,2006-01-07T19:35,2006-01-07T21:55,BIA,363927940
XPEIUPVW,code,L,70004566,CP,2006-01-07T11:00,2006-01-07T13:35,NCE,1328157009
XPEIUPVW,code,L,70004569,CP,2006-01-07T14:40,2006-01-07T16:15,CDG,1328157009
XPEIUPVW,code,L,70003106,CP,2006-01-07T17:05,2006-01-07T18:30,NCE,1328157009
XPEIUPVW,code,L,70003071,CP,2006-01-07T19:20,2006-01-07T21:05,ORY,1328157009
KIMSSHLT,code,L,70004566,FO,2006-01-07T11:00,2006-01-07T13:35,NCE,1328157009
KIMSSHLT,code,L,70004569,FO,2006-01-07T14:40,2006-01-07T16:15,CDG,1328157009
KIMSSHLT,code,L,70003106,FO,2006-01-07T17:05,2006-01-07T18:30,NCE,1328157009
KIMSSHLT,code,L,70003071,FO,2006-01-07T19:20,2006-01-07T21:05,ORY,1328157009
HSDUWYUV,code,L,70004566,CS,2006-01-07T11:00,2006-01-07T13:35,NCE,1328157009
HSDUWYUV,code,L,70004569,CS,2006-01-07T14:40,2006-01-07T16:15,CDG,1328157009
HSDUWYUV,code,L,70003106,CS,2006-01-07T17:05,2006-01-07T18:30,NCE,1328157009
HSDUWYUV,code,L,70003071,CS,2006-01-07T19:20,2006-01-07T21:05,ORY,1328157009
GJPMLBRK,code,L,70004566,CS,2006-01-07T11:00,2006-01-07T13:35,NCE,1328157009
GJPMLBRK,code,L,70004569,CS,2006-01-07T14:40,2006-01-07T16:15,CDG,1328157009
GJPMLBRK,code,L,70003106,CS,2006-01-07T17:05,2006-01-07T18:30,NCE,1328157009
GJPMLBRK,code,L,70003071,CS,2006-01-07T19:20,2006-01-07T21:05,ORY,1328157009
SJHSRQYM,code,L,70004566,ST,2006-01-07T11:00,2006-01-07T13:35,NCE,1328157009
SJHSRQYM,code,L,70004569,ST,2006-01-07T14:40,2006-01-07T16:15,CDG,1328157009
SJHSRQYM,code,L,70003106,ST,2006-01-07T17:05,2006-01-07T18:30,NCE,1328157009
SJHSRQYM,code,L,70003071,ST,2006-01-07T19:20,2006-01-07T21:05,ORY,1328157009
NKHAHNDK,code,L,70004566,ST,2006-01-07T11:00,2006-01-07T13:35,NCE,1328157009
NKHAHNDK,code,L,70004569,ST,2006-01-07T14:40,2006-01-07T16:15,CDG,1328157009
NKHAHNDK,code,L,70003106,ST,2006-01-07T17:05,2006-01-07T18:30,NCE,1328157009
NKHAHNDK,code,L,70003071,ST,2006-01-07T19:20,2006-01-07T21:05,ORY,1328157009
OYQQORPR,code,L,70004566,ST,2006-01-07T11:00,2006-01-07T13:35,NCE,1328157009
OYQQORPR,code,L,70004569,ST,2006-01-07T14:40,2006-01-07T16:15,CDG,1328157009
OYQQORPR,code,L,70003106,ST,2006-01-07T17:05,2006-01-07T18:30,NCE,1328157009
OYQQORPR,code,L,70003071,ST,2006-01-07T19:20,2006-01-07T21:05,ORY,1328157009
WYHAJSWZ,code,L,70004566,ST,2006-01-07T11:00,2006-01-07T13:35,NCE,1328157009
WYHAJSWZ,code,L,70004569,ST,2006-01-07T14:40,2006-01-07T16:15,CDG,1328157009
WYHAJSWZ,code,L,70003106,ST,2006-01-07T17:05,2006-01-07T18:30,NCE,1328157009
WYHAJSWZ,code,L,70003071,ST,2006-01-07T19:20,2006-01-07T21:05,ORY,1328157009
FUWNYCXB,code,L,70004566,ST,2006-01-07T11:00,2006-01-07T13:35,NCE,1328157009
FUWNYCXB,code,L,70004569,ST,2006-01-07T14:40,2006-01-07T16:15,CDG,1328157009
FUWNYCXB,code,L,70003106,ST,2006-01-07T17:05,2006-01-07T18:30,NCE,1328157009
FUWNYCXB,code,L,70003071,ST,2006-01-07T19:20,2006-01-07T21:05,ORY,1328157009
LWTRLZTO,code,L,70004566,ST,2006-01-07T11:00,2006-01-07T13:35,NCE,1328157009
LWTRLZTO,code,L,70004569,ST,2006-01-07T14:40,2006-01-07T16:15,CDG,1328157009
LWTRLZTO,code,L,70003106,ST,2006-01-07T17:05,2006-01-07T18:30,NCE,1328157009
LWTRLZTO,code,L,70003071,ST,2006-01-07T19:20,2006-01-07T21:05,ORY,1328157009
MSVKLSII,code,L,70004528,CP,2006-01-07T11:05,2006-01-07T13:35,MRS,134667610
MSVKLSII,code,L,70004529,CP,2006-01-07T14:35,2006-01-07T16:00,CDG,134667610
MSVKLSII,code,L,70002870,CP,2006-01-07T17:00,2006-01-07T18:20,MRS,134667610
MSVKLSII,code,L,70002867,CP,2006-01-07T19:10,2006-01-07T21:10,ORY,134667610
HBJVMKUV,code,L,70004528,FO,2006-01-07T11:05,2006-01-07T13:35,MRS,134667610
HBJVMKUV,code,L,70004529,FO,2006-01-07T14:35,2006-01-07T16:00,CDG,134667610
HBJVMKUV,code,L,70002870,FO,2006-01-07T17:00,2006-01-07T18:20,MRS,134667610
HBJVMKUV,code,L,70002867,FO,2006-01-07T19:10,2006-01-07T21:10,ORY,134667610
NMSHOBHE,code,L,70004528,CS,2006-01-07T11:05,2006-01-07T13:35,MRS,134667610
NMSHOBHE,code,L,70004529,CS,2006-01-07T14:35,2006-01-07T16:00,CDG,134667610
NMSHOBHE,code,L,70002870,CS,2006-01-07T17:00,2006-01-07T18:20,MRS,134667610
NMSHOBHE,code,L,70002867,CS,2006-01-07T19:10,2006-01-07T21:10,ORY,134667610
ZMOSXFVY,code,L,70004528,CS,2006-01-07T11:05,2006-01-07T13:35,MRS,134667610
ZMOSXFVY,code,L,70004529,CS,2006-01-07T14:35,2006-01-07T16:00,CDG,134667610
ZMOSXFVY,code,L,70002870,CS,2006-01-07T17:00,2006-01-07T18:20,MRS,134667610
ZMOSXFVY,code,L,70002867,CS,2006-01-07T19:10,2006-01-07T21:10,ORY,134667610
HNWFTBZJ,code,L,70004528,ST,2006-01-07T11:05,2006-01-07T13:35,MRS,134667610
HNWFTBZJ,code,L,70004529,ST,2006-01-07T14:35,2006-01-07T16:00,CDG,134667610
HNWFTBZJ,code,L,70002870,ST,2006-01-07T17:00,2006-01-07T18:20,MRS,134667610
HNWFTBZJ,code,L,70002867,ST,2006-01-07T19:10,2006-01-07T21:10,ORY,134667610
TFYGWCWO,code,L,70004528,ST,2006-01-07T11:05,2006-01-07T13:35,MRS,134667610
TFYGWCWO,code,L,70004529,ST,2006-01-07T14:35,2006-01-07T16:00,CDG,134667610
TFYGWCWO,code,L,70002870,ST,2006-01-07T17:00,2006-01-07T18:20,MRS,134667610
TFYGWCWO,code,L,70002867,ST,2006-01-07T19:10,2006-01-07T21:10,ORY,134667610
MDPTFGNV,code,L,70004528,ST,2006-01-07T11:05,2006-01-07T13:35,MRS,134667610
MDPTFGNV,code,L,70004529,ST,2006-01-07T14:35,2006-01-07T16:00,CDG,134667610
MDPTFGNV,code,L,70002870,ST,2006-01-07T17:00,2006-01-07T18:20,MRS,134667610
MDPTFGNV,code,L,70002867,ST,2006-01-07T19:10,2006-01-07T21:10,ORY,134667610
SFHRJXAW,code,L,70004528,ST,2006-01-07T11:05,2006-01-07T13:35,MRS,134667610
SFHRJXAW,code,L,70004529,ST,2006-01-07T14:35,2006-01-07T16:00,CDG,134667610
SFHRJXAW,code,L,70002870,ST,2006-01-07T17:00,2006-01-07T18:20,MRS,134667610
SFHRJXAW,code,L,70002867,ST,2006-01-07T19:10,2006-01-07T21:10,ORY,134667610
TOTCYZAJ,code,L,70004528,ST,2006-01-07T11:05,2006-01-07T13:35,MRS,134667610
TOTCYZAJ,code,L,70004529,ST,2006-01-07T14:35,2006-01-07T16:00,CDG,134667610
TOTCYZAJ,code,L,70002870,ST,2006-01-07T17:00,2006-01-07T18:20,MRS,134667610
TOTCYZAJ,code,L,70002867,ST,2006-01-07T19:10,2006-01-07T21:10,ORY,134667610
FZORUPKH,code,L,70004528,ST,2006-01-07T11:05,2006-01-07T13:35,MRS,134667610
FZORUPKH,code,L,70004529,ST,2006-01-07T14:35,2006-01-07T16:00,CDG,134667610
FZORUPKH,code,L,70002870,ST,2006-01-07T17:00,2006-01-07T18:20,MRS,134667610
FZORUPKH,code,L,70002867,ST,2006-01-07T19:10,2006-01-07T21:10,ORY,134667610
SFJNFTWR,code,L,70004602,CP,2006-01-07T11:15,2006-01-07T13:35,BES,1464848243
SFJNFTWR,code,L,70004601,CP,2006-01-07T14:45,2006-01-07T16:00,CDG,1464848243
SFJNFTWR,code,L,70004596,CP,2006-01-07T17:00,2006-01-07T18:20,BES,1464848243
SFJNFTWR,code,L,70004595,CP,2006-01-07T20:00,2006-01-07T22:00,CDG,1464848243
XSIFZFOF,code,L,70004602,FO,2006-01-07T11:15,2006-01-07T13:35,BES,1464848243
XSIFZFOF,code,L,70004601,FO,2006-01-07T14:45,2006-01-07T16:00,CDG,1464848243
XSIFZFOF,code,L,70004596,FO,2006-01-07T17:00,2006-01-07T18:20,BES,1464848243
XSIFZFOF,code,L,70004595,FO,2006-01-07T20:00,2006-01-07T22:00,CDG,1464848243
PWNPWRGA,code,L,70004602,CS,2006-01-07T11:15,2006-01-07T13:35,BES,1464848243
PWNPWRGA,code,L,70004601,CS,2006-01-07T14:45,2006-01-07T16:00,CDG,1464848243
PWNPWRGA,code,L,70004596,CS,2006-01-07T17:00,2006-01-07T18:20,BES,1464848243
PWNPWRGA,code,L,70004595,CS,2006-01-07T20:00,2006-01-07T22:00,CDG,1464848243
PWTNYZNE,code,L,70004602,CS,2006-01-07T11:15,2006-01-07T13:35,BES,1464848243
PWTNYZNE,code,L,70004601,CS,2006-01-07T14:45,2006-01-07T16:00,CDG,1464848243
PWTNYZNE,code,L,70004596,CS,2006-01-07T17:00,2006-01-07T18:20,BES,1464848243
PWTNYZNE,code,L,70004595,CS,2006-01-07T20:00,2006-01-07T22:00,CDG,1464848243
HTFLHOIO,code,L,70004602,ST,2006-01-07T11:15,2006-01-07T13:35,BES,1464848243
HTFLHOIO,code,L,70004601,ST,2006-01-07T14:45,2006-01-07T16:00,CDG,1464848243
HTFLHOIO,code,L,70004596,ST,2006-01-07T17:00,2006-01-07T18:20,BES,1464848243
HTFLHOIO,code,L,70004595,ST,2006-01-07T20:00,2006-01-07T22:00,CDG,1464848243
DLERPMOF,code,L,70004602,ST,2006-01-07T11:15,2006-01-07T13:35,BES,1464848243
DLERPMOF,code,L,70004601,ST,2006-01-07T14:45,2006-01-07T16:00,CDG,1464848243
DLERPMOF,code,L,70004596,ST,2006-01-07T17:00,2006-01-07T18:20,BES,1464848243
DLERPMOF,code,L,70004595,ST,2006-01-07T20:00,2006-01-07T22:00,CDG,1464848243
SVOEMDMO,code,L,70004602,ST,2006-01-07T11:15,2006-01-07T13:35,BES,1464848243
SVOEMDMO,code,L,70004601,ST,2006-01-07T14:45,2006-01-07T16:00,CDG,1464848243
SVOEMDMO,code,L,70004596,ST,2006-01-07T17:00,2006-01-07T18:20,BES,1464848243
SVOEMDMO,code,L,70004595,ST,2006-01-07T20:00,2006-01-07T22:00,CDG,1464848243
GEZNOCSY,code,L,70004602,ST,2006-01-07T11:15,2006-01-07T13:35,BES,1464848243
GEZNOCSY,code,L,70004601,ST,2006-01-07T14:45,2006-01-07T16:00,CDG,1464848243
GEZNOCSY,code,L,70004596,ST,2006-01-07T17:00,2006-01-07T18:20,BES,1464848243
GEZNOCSY,code,L,70004595,ST,2006-01-07T20:00,2006-01-07T22:00,CDG,1464848243
AILUBIEN,code,L,70004602,ST,2006-01-07T11:15,2006-01-07T13:35,BES,1464848243
AILUBIEN,code,L,70004601,ST,2006-01-07T14:45,2006-01-07T16:00,CDG,1464848243
AILUBIEN,code,L,70004596,ST,2006-01-07T17:00,2006-01-07T18:20,BES,1464848243
AILUBIEN,code,L,70004595,ST,2006-01-07T20:00,2006-01-07T22:00,CDG,1464848243
ARJCATJZ,code,L,70004602,ST,2006-01-07T11:15,2006-01-07T13:35,BES,1464848243
ARJCATJZ,code,L,70004601,ST,2006-01-07T14:45,2006-01-07T16:00,CDG,1464848243
ARJCATJZ,code,L,70004596,ST,2006-01-07T17:00,2006-01-07T18:20,BES,1464848243
ARJCATJZ,code,L,70004595,ST,2006-01-07T20:00,2006-01-07T22:00,CDG,1464848243
NYTMYHNV,code,L,70004410,CP,2006-01-07T11:20,2006-01-07T13:40,MPL,645237757
NYTMYHNV,code,L,70004413,CP,2006-01-07T14:25,2006-01-07T15:40,ORY,645237757
NYTMYHNV,code,L,70004414,CP,2006-01-07T16:25,2006-01-07T17:45,MPL,645237757
NYTMYHNV,code,L,70004407,CP,2006-01-07T18:30,2006-01-07T20:20,ORY,645237757
ICTVAQVU,code,L,70004410,FO,2006-01-07T11:20,2006-01-07T13:40,MPL,645237757
ICTVAQVU,code,L,70004413,FO,2006-01-07T14:25,2006-01-07T15:40,ORY,645237757
ICTVAQVU,code,L,70004414,FO,2006-01-07T16:25,2006-01-07T17:45,MPL,645237757
ICTVAQVU,code,L,70004407,FO,2006-01-07T18:30,2006-01-07T20:20,ORY,645237757
VPFGLKIT,code,L,70004410,CS,2006-01-07T11:20,2006-01-07T13:40,MPL,645237757
VPFGLKIT,code,L,70004413,CS,2006-01-07T14:25,2006-01-07T15:40,ORY,645237757
VPFGLKIT,code,L,70004414,CS,2006-01-07T16:25,2006-01-07T17:45,MPL,645237757
VPFGLKIT,code,L,70004407,CS,2006-01-07T18:30,2006-01-07T20:20,ORY,645237757
YBXVNLNY,code,L,70004410,CS,2006-01-07T11:20,2006-01-07T13:40,MPL,645237757
YBXVNLNY,code,L,70004413,CS,2006-01-07T14:25,2006-01-07T15:40,ORY,645237757
YBXVNLNY,code,L,70004414,CS,2006-01-07T16:25,2006-01-07T17:45,MPL,645237757
YBXVNLNY,code,L,70004407,CS,2006-01-07T18:30,2006-01-07T20:20,ORY,645237757
QLFBYHRZ,code,L,70004410,ST,2006-01-07T11:20,2006-01-07T13:40,MPL,645237757
QLFBYHRZ,code,L,70004413,ST,2006-01-07T14:25,2006-01-07T15:40,ORY,645237757
QLFBYHRZ,code,L,70004414,ST,2006-01-07T16:25,2006-01-07T17:45,MPL,645237757
QLFBYHRZ,code,L,70004407,ST,2006-01-07T18:30,2006-01-07T20:20,ORY,645237757
UQFEKPIQ,code,L,70004410,ST,2006-01-07T11:20,2006-01-07T13:40,MPL,645237757
UQFEKPIQ,code,L,70004413,ST,2006-01-07T14:25,2006-01-07T15:40,ORY,645237757
UQFEKPIQ,code,L,70004414,ST,2006-01-07T16:25,2006-01-07T17:45,MPL,645237757
UQFEKPIQ,code,L,70004407,ST,2006-01-07T18:30,2006-01-07T20:20,ORY,645237757
SJJKPKCD,code,L,70004410,ST,2006-01-07T11:20,2006-01-07T13:40,MPL,645237757
SJJKPKCD,code,L,70004413,ST,2006-01-07T14:25,2006-01-07T15:40,ORY,645237757
SJJKPKCD,code,L,70004414,ST,2006-01-07T16:25,2006-01-07T17:45,MPL,645237757
SJJKPKCD,code,L,70004407,ST,2006-01-07T18:30,2006-01-07T20:20,ORY,645237757
NJJZSVBD,code,L,70004410,ST,2006-01-07T11:20,2006-01-07T13:40,MPL,645237757
NJJZSVBD,code,L,70004413,ST,2006-01-07T14:25,2006-01-07T15:40,ORY,645237757
NJJZSVBD,code,L,70004414,ST,2006-01-07T16:25,2006-01-07T17:45,MPL,645237757
NJJZSVBD,code,L,70004407,ST,2006-01-07T18:30,2006-01-07T20:20,ORY,645237757
JQQHORXB,code,L,70004410,ST,2006-01-07T11:20,2006-01-07T13:40,MPL,645237757
JQQHORXB,code,L,70004413,ST,2006-01-07T14:25,2006-01-07T15:40,ORY,645237757
JQQHORXB,code,L,70004414,ST,2006-01-07T16:25,2006-01-07T17:45,MPL,645237757
JQQHORXB,code,L,70004407,ST,2006-01-07T18:30,2006-01-07T20:20,ORY,645237757
SYGNNAUD,code,L,70004410,ST,2006-01-07T11:20,2006-01-07T13:40,MPL,645237757
SYGNNAUD,code,L,70004413,ST,2006-01-07T14:25,2006-01-07T15:40,ORY,645237757
SYGNNAUD,code,L,70004414,ST,2006-01-07T16:25,2006-01-07T17:45,MPL,645237757
SYGNNAUD,code,L,70004407,ST,2006-01-07T18:30,2006-01-07T20:20,ORY,645237757
PYQSWAGG,code,L,70004487,CP,2006-01-07T11:25,2006-01-07T13:45,CDG,1767440095
PYQSWAGG,code,L,70004492,CP,2006-01-07T15:30,2006-01-07T17:40,BOD,1767440095
QJEZSLTQ,code,L,70004487,FO,2006-01-07T11:25,2006-01-07T13:45,CDG,1767440095
QJEZSLTQ,code,L,70004492,FO,2006-01-07T15:30,2006-01-07T17:40,BOD,1767440095
HRSYBDWE,code,L,70004487,CS,2006-01-07T11:25,2006-01-07T13:45,CDG,1767440095
HRSYBDWE,code,L,70004492,CS,2006-01-07T15:30,2006-01-07T17:40,BOD,1767440095
PLWCEFPP,code,L,70004487,CS,2006-01-07T11:25,2006-01-07T13:45,CDG,1767440095
PLWCEFPP,code,L,70004492,CS,2006-01-07T15:30,2006-01-07T17:40,BOD,1767440095
ASBJWCYU,code,L,70004487,ST,2006-01-07T11:25,2006-01-07T13:45,CDG,1767440095
ASBJWCYU,code,L,70004492,ST,2006-01-07T15:30,2006-01-07T17:40,BOD,1767440095
SUVKVLDD,code,L,70004487,ST,2006-01-07T11:25,2006-01-07T13:45,CDG,1767440095
SUVKVLDD,code,L,70004492,ST,2006-01-07T15:30,2006-01-07T17:40,BOD,1767440095
RUKAGRBY,code,L,70004487,ST,2006-01-07T11:25,2006-01-07T13:45,CDG,1767440095
RUKAGRBY,code,L,70004492,ST,2006-01-07T15:30,2006-01-07T17:40,BOD,1767440095
FAKVKEXR,code,L,70004487,ST,2006-01-07T11:25,2006-01-07T13:45,CDG,1767440095
FAKVKEXR,code,L,70004492,ST,2006-01-07T15:30,2006-01-07T17:40,BOD,1767440095
FVDXWZQM,code,L,70004487,ST,2006-01-07T11:25,2006-01-07T13:45,CDG,1767440095
FVDXWZQM,code,L,70004492,ST,2006-01-07T15:30,2006-01-07T17:40,BOD,1767440095
WZTSIECC,code,L,70004487,ST,2006-01-07T11:25,2006-01-07T13:45,CDG,1767440095
WZTSIECC,code,L,70004492,ST,2006-01-07T15:30,2006-01-07T17:40,BOD,1767440095
CKGRJCIO,code,L,70002595,CP,2006-01-07T11:30,2006-01-07T13:40,CFR,282134252
CKGRJCIO,code,L,70002596,CP,2006-01-07T15:00,2006-01-07T17:00,LYS,282134252
FPOEGBBZ,code,L,70002595,FO,2006-01-07T11:30,2006-01-07T13:40,CFR,282134252
FPOEGBBZ,code,L,70002596,FO,2006-01-07T15:00,2006-01-07T17:00,LYS,282134252
TIFBRKJH,code,L,70002595,CSD,2006-01-07T11:30,2006-01-07T13:40,CFR,282134252
TIFBRKJH,code,L,70002596,CSD,2006-01-07T15:00,2006-01-07T17:00,LYS,282134252
JKLNMNNI,code,L,70002595,ST,2006-01-07T11:30,2006-01-07T13:40,CFR,282134252
JKLNMNNI,code,L,70002596,ST,2006-01-07T15:00,2006-01-07T17:00,LYS,282134252
HTCQNSBK,code,L,70002595,ST,2006-01-07T11:30,2006-01-07T13:40,CFR,282134252
HTCQNSBK,code,L,70002596,ST,2006-01-07T15:00,2006-01-07T17:00,LYS,282134252
XXNJAYDW,code,L,70004490,CP,2006-01-07T11:35,2006-01-07T14:00,BOD,384385166
XXNJAYDW,code,L,70004549,CP,2006-01-07T17:45,2006-01-07T19:10,CDG,384385166
XXNJAYDW,code,L,70004548,CP,2006-01-07T20:00,2006-01-07T22:05,MPL,384385166
DIOIXRBL,code,L,70004490,FO,2006-01-07T11:35,2006-01-07T14:00,BOD,384385166
DIOIXRBL,code,L,70004549,FO,2006-01-07T17:45,2006-01-07T19:10,CDG,384385166
DIOIXRBL,code,L,70004548,FO,2006-01-07T20:00,2006-01-07T22:05,MPL,384385166
SHDSTHHJ,code,L,70004490,CS,2006-01-07T11:35,2006-01-07T14:00,BOD,384385166
SHDSTHHJ,code,L,70004549,CS,2006-01-07T17:45,2006-01-07T19:10,CDG,384385166
SHDSTHHJ,code,L,70004548,CS,2006-01-07T20:00,2006-01-07T22:05,MPL,384385166
AFACZKBP,code,L,70004490,CS,2006-01-07T11:35,2006-01-07T14:00,BOD,384385166
AFACZKBP,code,L,70004549,CS,2006-01-07T17:45,2006-01-07T19:10,CDG,384385166
AFACZKBP,code,L,70004548,CS,2006-01-07T20:00,2006-01-07T22:05,MPL,384385166
XFLJMTHN,code,L,70004490,ST,2006-01-07T11:35,2006-01-07T14:00,BOD,384385166
XFLJMTHN,code,L,70004549,ST,2006-01-07T17:45,2006-01-07T19:10,CDG,384385166
XFLJMTHN,code,L,70004548,ST,2006-01-07T20:00,2006-01-07T22:05,MPL,384385166
YEFKKPJS,code,L,70004490,ST,2006-01-07T11:35,2006-01-07T14:00,BOD,384385166
YEFKKPJS,code,L,70004549,ST,2006-01-07T17:45,2006-01-07T19:10,CDG,384385166
YEFKKPJS,code,L,70004548,ST,2006-01-07T20:00,2006-01-07T22:05,MPL,384385166
WFLSBQMW,code,L,70004490,ST,2006-01-07T11:35,2006-01-07T14:00,BOD,384385166
WFLSBQMW,code,L,70004549,ST,2006-01-07T17:45,2006-01-07T19:10,CDG,384385166
WFLSBQMW,code,L,70004548,ST,2006-01-07T20:00,2006-01-07T22:05,MPL,384385166
TFDRXBJS,code,L,70004490,ST,2006-01-07T11:35,2006-01-07T14:00,BOD,384385166
TFDRXBJS,code,L,70004549,ST,2006-01-07T17:45,2006-01-07T19:10,CDG,384385166
TFDRXBJS,code,L,70004548,ST,2006-01-07T20:00,2006-01-07T22:05,MPL,384385166
LSBXSWDM,code,L,70004490,ST,2006-01-07T11:35,2006-01-07T14:00,BOD,384385166
LSBXSWDM,code,L,70004549,ST,2006-01-07T17:45,2006-01-07T19:10,CDG,384385166
LSBXSWDM,code,L,70004548,ST,2006-01-07T20:00,2006-01-07T22:05,MPL,384385166
PLUUBECX,code,L,70004490,ST,2006-01-07T11:35,2006-01-07T14:00,BOD,384385166
PLUUBECX,code,L,70004549,ST,2006-01-07T17:45,2006-01-07T19:10,CDG,384385166
PLUUBECX,code,L,70004548,ST,2006-01-07T20:00,2006-01-07T22:05,MPL,384385166
ATLZMGYK,code,L,70002619,CP,2006-01-07T11:35,2006-01-07T13:50,RNS,1398633607
ATLZMGYK,code,L,70002620,CP,2006-01-07T14:45,2006-01-07T16:50,LYS,1398633607
EXJZZXDJ,code,L,70002619,FO,2006-01-07T11:35,2006-01-07T13:50,RNS,1398633607
EXJZZXDJ,code,L,70002620,FO,2006-01-07T14:45,2006-01-07T16:50,LYS,1398633607
KUQPKRFA,code,L,70002619,CSD,2006-01-07T11:35,2006-01-07T13:50,RNS,1398633607
KUQPKRFA,code,L,70002620,CSD,2006-01-07T14:45,2006-01-07T16:50,LYS,1398633607
WFCTDJVR,code,L,70002619,ST,2006-01-07T11:35,2006-01-07T13:50,RNS,1398633607
WFCTDJVR,code,L,70002620,ST,2006-01-07T14:45,2006-01-07T16:50,LYS,1398633607
XRAXKAXG,code,L,70002619,ST,2006-01-07T11:35,2006-01-07T13:50,RNS,1398633607
XRAXKAXG,code,L,70002620,ST,2006-01-07T14:45,2006-01-07T16:50,LYS,1398633607
VDHHPEVW,code,L,70002619,ST,2006-01-07T11:35,2006-01-07T13:50,RNS,1398633607
VDHHPEVW,code,L,70002620,ST,2006-01-07T14:45,2006-01-07T16:50,LYS,1398633607
VAWTQSSG,code,L,70004668,CP,2006-01-07T11:45,2006-01-07T13:55,BOD,1662778767
VAWTQSSG,code,L,70004669,CP,2006-01-07T14:55,2006-01-07T16:00,LYS,1662778767
VAWTQSSG,code,L,70004664,CP,2006-01-07T16:55,2006-01-07T18:05,BOD,1662778767
VAWTQSSG,code,L,70004665,CP,2006-01-07T19:00,2006-01-07T20:50,LYS,1662778767
QLNRWYST,code,L,70004668,FO,2006-01-07T11:45,2006-01-07T13:55,BOD,1662778767
QLNRWYST,code,L,70004669,FO,2006-01-07T14:55,2006-01-07T16:00,LYS,1662778767
QLNRWYST,code,L,70004664,FO,2006-01-07T16:55,2006-01-07T18:05,BOD,1662778767
QLNRWYST,code,L,70004665,FO,2006-01-07T19:00,2006-01-07T20:50,LYS,1662778767
LHJEZVJM,code,L,70004668,CS,2006-01-07T11:45,2006-01-07T13:55,BOD,1662778767
LHJEZVJM,code,L,70004669,CS,2006-01-07T14:55,2006-01-07T16:00,LYS,1662778767
LHJEZVJM,code,L,70004664,CS,2006-01-07T16:55,2006-01-07T18:05,BOD,1662778767
LHJEZVJM,code,L,70004665,CS,2006-01-07T19:00,2006-01-07T20:50,LYS,1662778767
FXGGAOFY,code,L,70004668,CS,2006-01-07T11:45,2006-01-07T13:55,BOD,1662778767
FXGGAOFY,code,L,70004669,CS,2006-01-07T14:55,2006-01-07T16:00,LYS,1662778767
FXGGAOFY,code,L,70004664,CS,2006-01-07T16:55,2006-01-07T18:05,BOD,1662778767
FXGGAOFY,code,L,70004665,CS,2006-01-07T19:00,2006-01-07T20:50,LYS,1662778767
BBCXKDIR,code,L,70004668,ST,2006-01-07T11:45,2006-01-07T13:55,BOD,1662778767
BBCXKDIR,code,L,70004669,ST,2006-01-07T14:55,2006-01-07T16:00,LYS,1662778767
BBCXKDIR,code,L,70004664,ST,2006-01-07T16:55,2006-01-07T18:05,BOD,1662778767
BBCXKDIR,code,L,70004665,ST,2006-01-07T19:00,2006-01-07T20:50,LYS,1662778767
XPDOUEBH,code,L,70004668,ST,2006-01-07T11:45,2006-01-07T13:55,BOD,1662778767
XPDOUEBH,code,L,70004669,ST,2006-01-07T14:55,2006-01-07T16:00,LYS,1662778767
XPDOUEBH,code,L,70004664,ST,2006-01-07T16:55,2006-01-07T18:05,BOD,1662778767
XPDOUEBH,code,L,70004665,ST,2006-01-07T19:00,2006-01-07T20:50,LYS,1662778767
QZZWTYFK,code,L,70004668,ST,2006-01-07T11:45,2006-01-07T13:55,BOD,1662778767
QZZWTYFK,code,L,70004669,ST,2006-01-07T14:55,2006-01-07T16:00,LYS,1662778767
QZZWTYFK,code,L,70004664,ST,2006-01-07T16:55,2006-01-07T18:05,BOD,1662778767
QZZWTYFK,code,L,70004665,ST,2006-01-07T19:00,2006-01-07T20:50,LYS,1662778767
MTONWFQJ,code,L,70004668,ST,2006-01-07T11:45,2006-01-07T13:55,BOD,1662778767
MTONWFQJ,code,L,70004669,ST,2006-01-07T14:55,2006-01-07T16:00,LYS,1662778767
MTONWFQJ,code,L,70004664,ST,2006-01-07T16:55,2006-01-07T18:05,BOD,1662778767
MTONWFQJ,code,L,70004665,ST,2006-01-07T19:00,2006-01-07T20:50,LYS,1662778767
MTATFLGY,code,L,70004668,ST,2006-01-07T11:45,2006-01-07T13:55,BOD,1662778767
MTATFLGY,code,L,70004669,ST,2006-01-07T14:55,2006-01-07T16:00,LYS,1662778767
MTATFLGY,code,L,70004664,ST,2006-01-07T16:55,2006-01-07T18:05,BOD,1662778767
MTATFLGY,code,L,70004665,ST,2006-01-07T19:00,2006-01-07T20:50,LYS,1662778767
DWIDKAOS,code,L,70004668,ST,2006-01-07T11:45,2006-01-07T13:55,BOD,1662778767
DWIDKAOS,code,L,70004669,ST,2006-01-07T14:55,2006-01-07T16:00,LYS,1662778767
DWIDKAOS,code,L,70004664,ST,2006-01-07T16:55,2006-01-07T18:05,BOD,1662778767
DWIDKAOS,code,L,70004665,ST,2006-01-07T19:00,2006-01-07T20:50,LYS,1662778767
YGCRFOBV,code,L,70003091,CP,2006-01-07T12:00,2006-01-07T14:20,ORY,1880812379
YGCRFOBV,code,L,70003084,CP,2006-01-07T15:05,2006-01-07T16:30,NCE,1880812379
YGCRFOBV,code,L,70003099,CP,2006-01-07T17:10,2006-01-07T18:30,ORY,1880812379
YGCRFOBV,code,L,70003094,CP,2006-01-07T19:25,2006-01-07T21:05,NCE,1880812379
GBUEHXRG,code,L,70003091,FO,2006-01-07T12:00,2006-01-07T14:20,ORY,1880812379
GBUEHXRG,code,L,70003084,FO,2006-01-07T15:05,2006-01-07T16:30,NCE,1880812379
GBUEHXRG,code,L,70003099,FO,2006-01-07T17:10,2006-01-07T18:30,ORY,1880812379
GBUEHXRG,code,L,70003094,FO,2006-01-07T19:25,2006-01-07T21:05,NCE,1880812379
IVPGYGGI,code,L,70003091,CS,2006-01-07T12:00,2006-01-07T14:20,ORY,1880812379
IVPGYGGI,code,L,70003084,CS,2006-01-07T15:05,2006-01-07T16:30,NCE,1880812379
IVPGYGGI,code,L,70003099,CS,2006-01-07T17:10,2006-01-07T18:30,ORY,1880812379
IVPGYGGI,code,L,70003094,CS,2006-01-07T19:25,2006-01-07T21:05,NCE,1880812379
JRPGRLLF,code,L,70003091,CS,2006-01-07T12:00,2006-01-07T14:20,ORY,1880812379
JRPGRLLF,code,L,70003084,CS,2006-01-07T15:05,2006-01-07T16:30,NCE,1880812379
JRPGRLLF,code,L,70003099,CS,2006-01-07T17:10,2006-01-07T18:30,ORY,1880812379
JRPGRLLF,code,L,70003094,CS,2006-01-07T19:25,2006-01-07T21:05,NCE,1880812379
CPGYLZCM,code,L,70003091,ST,2006-01-07T12:00,2006-01-07T14:20,ORY,1880812379
CPGYLZCM,code,L,70003084,ST,2006-01-07T15:05,2006-01-07T16:30,NCE,1880812379
CPGYLZCM,code,L,70003099,ST,2006-01-07T17:10,2006-01-07T18:30,ORY,1880812379
CPGYLZCM,code,L,70003094,ST,2006-01-07T19:25,2006-01-07T21:05,NCE,1880812379
VAGBZZSJ,code,L,70003091,ST,2006-01-07T12:00,2006-01-07T14:20,ORY,1880812379
VAGBZZSJ,code,L,70003084,ST,2006-01-07T15:05,2006-01-07T16:30,NCE,1880812379
VAGBZZSJ,code,L,70003099,ST,2006-01-07T17:10,2006-01-07T18:30,ORY,1880812379
VAGBZZSJ,code,L,70003094,ST,2006-01-07T19:25,2006-01-07T21:05,NCE,1880812379
BJCBWIUU,code,L,70003091,ST,2006-01-07T12:00,2006-01-07T14:20,ORY,1880812379
BJCBWIUU,code,L,70003084,ST,2006-01-07T15:05,2006-01-07T16:30,NCE,1880812379
BJCBWIUU,code,L,70003099,ST,2006-01-07T17:10,2006-01-07T18:30,ORY,1880812379
BJCBWIUU,code,L,70003094,ST,2006-01-07T19:25,2006-01-07T21:05,NCE,1880812379
IMKTRFHS,code,L,70003091,ST,2006-01-07T12:00,2006-01-07T14:20,ORY,1880812379
IMKTRFHS,code,L,70003084,ST,2006-01-07T15:05,2006-01-07T16:30,NCE,1880812379
IMKTRFHS,code,L,70003099,ST,2006-01-07T17:10,2006-01-07T18:30,ORY,1880812379
IMKTRFHS,code,L,70003094,ST,2006-01-07T19:25,2006-01-07T21:05,NCE,1880812379
XWGHZPAI,code,L,70003091,ST,2006-01-07T12:00,2006-01-07T14:20,ORY,1880812379
XWGHZPAI,code,L,70003084,ST,2006-01-07T15:05,2006-01-07T16:30,NCE,1880812379
XWGHZPAI,code,L,70003099,ST,2006-01-07T17:10,2006-01-07T18:30,ORY,1880812379
XWGHZPAI,code,L,70003094,ST,2006-01-07T19:25,2006-01-07T21:05,NCE,1880812379
FRIGMDYB,code,L,70003091,ST,2006-01-07T12:00,2006-01-07T14:20,ORY,1880812379
FRIGMDYB,code,L,70003084,ST,2006-01-07T15:05,2006-01-07T16:30,NCE,1880812379
FRIGMDYB,code,L,70003099,ST,2006-01-07T17:10,2006-01-07T18:30,ORY,1880812379
FRIGMDYB,code,L,70003094,ST,2006-01-07T19:25,2006-01-07T21:05,NCE,1880812379
CKRLUBCX,code,L,70004174,CP,2006-01-07T12:35,2006-01-07T14:35,SXB,658194566
CKRLUBCX,code,L,70004389,CP,2006-01-07T15:35,2006-01-07T17:00,ORY,658194566
CKRLUBCX,code,L,70004390,CP,2006-01-07T17:50,2006-01-07T19:15,PGF,658194566
CKRLUBCX,code,L,70004169,CP,2006-01-07T20:00,2006-01-07T21:45,ORY,658194566
IXWTYQSO,code,L,70004174,FO,2006-01-07T12:35,2006-01-07T14:35,SXB,658194566
IXWTYQSO,code,L,70004389,FO,2006-01-07T15:35,2006-01-07T17:00,ORY,658194566
IXWTYQSO,code,L,70004390,FO,2006-01-07T17:50,2006-01-07T19:15,PGF,658194566
IXWTYQSO,code,L,70004169,FO,2006-01-07T20:00,2006-01-07T21:45,ORY,658194566
XHAWGSNB,code,L,70004174,CS,2006-01-07T12:35,2006-01-07T14:35,SXB,658194566
XHAWGSNB,code,L,70004389,CS,2006-01-07T15:35,2006-01-07T17:00,ORY,658194566
XHAWGSNB,code,L,70004390,CS,2006-01-07T17:50,2006-01-07T19:15,PGF,658194566
XHAWGSNB,code,L,70004169,CS,2006-01-07T20:00,2006-01-07T21:45,ORY,658194566
MFOQOQJI,code,L,70004174,CS,2006-01-07T12:35,2006-01-07T14:35,SXB,658194566
MFOQOQJI,code,L,70004389,CS,2006-01-07T15:35,2006-01-07T17:00,ORY,658194566
MFOQOQJI,code,L,70004390,CS,2006-01-07T17:50,2006-01-07T19:15,PGF,658194566
MFOQOQJI,code,L,70004169,CS,2006-01-07T20:00,2006-01-07T21:45,ORY,658194566
CNDPPWSM,code,L,70004174,ST,2006-01-07T12:35,2006-01-07T14:35,SXB,658194566
CNDPPWSM,code,L,70004389,ST,2006-01-07T15:35,2006-01-07T17:00,ORY,658194566
CNDPPWSM,code,L,70004390,ST,2006-01-07T17:50,2006-01-07T19:15,PGF,658194566
CNDPPWSM,code,L,70004169,ST,2006-01-07T20:00,2006-01-07T21:45,ORY,658194566
TOUNMZQI,code,L,70004174,ST,2006-01-07T12:35,2006-01-07T14:35,SXB,658194566
TOUNMZQI,code,L,70004389,ST,2006-01-07T15:35,2006-01-07T17:00,ORY,658194566
TOUNMZQI,code,L,70004390,ST,2006-01-07T17:50,2006-01-07T19:15,PGF,658194566
TOUNMZQI,code,L,70004169,ST,2006-01-07T20:00,2006-01-07T21:45,ORY,658194566
MVCQEITN,code,L,70004174,ST,2006-01-07T12:35,2006-01-07T14:35,SXB,658194566
MVCQEITN,code,L,70004389,ST,2006-01-07T15:35,2006-01-07T17:00,ORY,658194566
MVCQEITN,code,L,70004390,ST,2006-01-07T17:50,2006-01-07T19:15,PGF,658194566
MVCQEITN,code,L,70004169,ST,2006-01-07T20:00,2006-01-07T21:45,ORY,658194566
RNVKQKYL,code,L,70004174,ST,2006-01-07T12:35,2006-01-07T14:35,SXB,658194566
RNVKQKYL,code,L,70004389,ST,2006-01-07T15:35,2006-01-07T17:00,ORY,658194566
RNVKQKYL,code,L,70004390,ST,2006-01-07T17:50,2006-01-07T19:15,PGF,658194566
RNVKQKYL,code,L,70004169,ST,2006-01-07T20:00,2006-01-07T21:45,ORY,658194566
IBSPUEPV,code,L,70004174,ST,2006-01-07T12:35,2006-01-07T14:35,SXB,658194566
IBSPUEPV,code,L,70004389,ST,2006-01-07T15:35,2006-01-07T17:00,ORY,658194566
IBSPUEPV,code,L,70004390,ST,2006-01-07T17:50,2006-01-07T19:15,PGF,658194566
IBSPUEPV,code,L,70004169,ST,2006-01-07T20:00,2006-01-07T21:45,ORY,658194566
KYYDDANQ,code,L,70004174,ST,2006-01-07T12:35,2006-01-07T14:35,SXB,658194566
KYYDDANQ,code,L,70004389,ST,2006-01-07T15:35,2006-01-07T17:00,ORY,658194566
KYYDDANQ,code,L,70004390,ST,2006-01-07T17:50,2006-01-07T19:15,PGF,658194566
KYYDDANQ,code,L,70004169,ST,2006-01-07T20:00,2006-01-07T21:45,ORY,658194566
YUYNXNOD,code,L,70002874,CP,2006-01-07T13:00,2006-01-07T15:20,MRS,794882901
YUYNXNOD,code,L,70002907,CP,2006-01-07T18:35,2006-01-07T20:35,ORY,794882901
TGVKCGUN,code,L,70002874,FO,2006-01-07T13:00,2006-01-07T15:20,MRS,794882901
TGVKCGUN,code,L,70002907,FO,2006-01-07T18:35,2006-01-07T20:35,ORY,794882901
WFNGEIMD,code,L,70002874,CS,2006-01-07T13:00,2006-01-07T15:20,MRS,794882901
WFNGEIMD,code,L,70002907,CS,2006-01-07T18:35,2006-01-07T20:35,ORY,794882901
CHGEMKQL,code,L,70002874,CS,2006-01-07T13:00,2006-01-07T15:20,MRS,794882901
CHGEMKQL,code,L,70002907,CS,2006-01-07T18:35,2006-01-07T20:35,ORY,794882901
EUDIENEP,code,L,70002874,ST,2006-01-07T13:00,2006-01-07T15:20,MRS,794882901
EUDIENEP,code,L,70002907,ST,2006-01-07T18:35,2006-01-07T20:35,ORY,794882901
KOAQQYYC,code,L,70002874,ST,2006-01-07T13:00,2006-01-07T15:20,MRS,794882901
KOAQQYYC,code,L,70002907,ST,2006-01-07T18:35,2006-01-07T20:35,ORY,794882901
WRKKEEFY,code,L,70002874,ST,2006-01-07T13:00,2006-01-07T15:20,MRS,794882901
WRKKEEFY,code,L,70002907,ST,2006-01-07T18:35,2006-01-07T20:35,ORY,794882901
PFKTBLHX,code,L,70002874,ST,2006-01-07T13:00,2006-01-07T15:20,MRS,794882901
PFKTBLHX,code,L,70002907,ST,2006-01-07T18:35,2006-01-07T20:35,ORY,794882901
CWXAZXVK,code,L,70002874,ST,2006-01-07T13:00,2006-01-07T15:20,MRS,794882901
CWXAZXVK,code,L,70002907,ST,2006-01-07T18:35,2006-01-07T20:35,ORY,794882901
LNDAJFWP,code,L,70002874,ST,2006-01-07T13:00,2006-01-07T15:20,MRS,794882901
LNDAJFWP,code,L,70002907,ST,2006-01-07T18:35,2006-01-07T20:35,ORY,794882901
VAMYHSXL,code,L,70004619,CP,2006-01-07T13:30,2006-01-07T16:10,ETZ,1657007234
VAMYHSXL,code,L,70004620,CP,2006-01-07T18:50,2006-01-07T21:15,MRS,1657007234
NCHQTCGJ,code,L,70004619,FO,2006-01-07T13:30,2006-01-07T16:10,ETZ,1657007234
NCHQTCGJ,code,L,70004620,FO,2006-01-07T18:50,2006-01-07T21:15,MRS,1657007234
OQCBRRUZ,code,L,70004619,CS,2006-01-07T13:30,2006-01-07T16:10,ETZ,1657007234
OQCBRRUZ,code,L,70004620,CS,2006-01-07T18:50,2006-01-07T21:15,MRS,1657007234
MIOBKQBL,code,L,70004619,CS,2006-01-07T13:30,2006-01-07T16:10,ETZ,1657007234
MIOBKQBL,code,L,70004620,CS,2006-01-07T18:50,2006-01-07T21:15,MRS,1657007234
HWPMQJIG,code,L,70004619,ST,2006-01-07T13:30,2006-01-07T16:10,ETZ,1657007234
HWPMQJIG,code,L,70004620,ST,2006-01-07T18:50,2006-01-07T21:15,MRS,1657007234
MUMWQKGA,code,L,70004619,ST,2006-01-07T13:30,2006-01-07T16:10,ETZ,1657007234
MUMWQKGA,code,L,70004620,ST,2006-01-07T18:50,2006-01-07T21:15,MRS,1657007234
XLURPQBX,code,L,70004619,ST,2006-01-07T13:30,2006-01-07T16:10,ETZ,1657007234
XLURPQBX,code,L,70004620,ST,2006-01-07T18:50,2006-01-07T21:15,MRS,1657007234
XUCRCDUV,code,L,70004619,ST,2006-01-07T13:30,2006-01-07T16:10,ETZ,1657007234
XUCRCDUV,code,L,70004620,ST,2006-01-07T18:50,2006-01-07T21:15,MRS,1657007234
ZFWTIVMF,code,L,70004619,ST,2006-01-07T13:30,2006-01-07T16:10,ETZ,1657007234
ZFWTIVMF,code,L,70004620,ST,2006-01-07T18:50,2006-01-07T21:15,MRS,1657007234
MIKBRNRW,code,L,70004619,ST,2006-01-07T13:30,2006-01-07T16:10,ETZ,1657007234
MIKBRNRW,code,L,70004620,ST,2006-01-07T18:50,2006-01-07T21:15,MRS,1657007234
FPVHVIXI,code,L,70004435,CP,2006-01-07T13:40,2006-01-07T16:20,AJA,1015490648
FPVHVIXI,code,L,70004436,CP,2006-01-07T17:10,2006-01-07T19:35,ORY,1015490648
CKPCEDNE,code,L,70004435,FO,2006-01-07T13:40,2006-01-07T16:20,AJA,1015490648
CKPCEDNE,code,L,70004436,FO,2006-01-07T17:10,2006-01-07T19:35,ORY,1015490648
XVBFSWAI,code,L,70004435,CS,2006-01-07T13:40,2006-01-07T16:20,AJA,1015490648
XVBFSWAI,code,L,70004436,CS,2006-01-07T17:10,2006-01-07T19:35,ORY,1015490648
ODDVSYTD,code,L,70004435,CS,2006-01-07T13:40,2006-01-07T16:20,AJA,1015490648
ODDVSYTD,code,L,70004436,CS,2006-01-07T17:10,2006-01-07T19:35,ORY,1015490648
PHTJVNLQ,code,L,70004435,ST,2006-01-07T13:40,2006-01-07T16:20,AJA,1015490648
PHTJVNLQ,code,L,70004436,ST,2006-01-07T17:10,2006-01-07T19:35,ORY,1015490648
ZNFWPXQW,code,L,70004435,ST,2006-01-07T13:40,2006-01-07T16:20,AJA,1015490648
ZNFWPXQW,code,L,70004436,ST,2006-01-07T17:10,2006-01-07T19:35,ORY,1015490648
GXGVOZUW,code,L,70004435,ST,2006-01-07T13:40,2006-01-07T16:20,AJA,1015490648
GXGVOZUW,code,L,70004436,ST,2006-01-07T17:10,2006-01-07T19:35,ORY,1015490648
ZYKXBWWK,code,L,70004435,ST,2006-01-07T13:40,2006-01-07T16:20,AJA,1015490648
ZYKXBWWK,code,L,70004436,ST,2006-01-07T17:10,2006-01-07T19:35,ORY,1015490648
APXSXKNW,code,L,70004435,ST,2006-01-07T13:40,2006-01-07T16:20,AJA,1015490648
APXSXKNW,code,L,70004436,ST,2006-01-07T17:10,2006-01-07T19:35,ORY,1015490648
SAQIHWBA,code,L,70004435,ST,2006-01-07T13:40,2006-01-07T16:20,AJA,1015490648
SAQIHWBA,code,L,70004436,ST,2006-01-07T17:10,2006-01-07T19:35,ORY,1015490648
WEOYPDTN,code,L,70004578,CP,2006-01-07T14:35,2006-01-07T17:10,NCE,773559890
WEOYPDTN,code,L,70004575,CP,2006-01-07T18:30,2006-01-07T20:50,CDG,773559890
ZQADZMUS,code,L,70004578,FO,2006-01-07T14:35,2006-01-07T17:10,NCE,773559890
ZQADZMUS,code,L,70004575,FO,2006-01-07T18:30,2006-01-07T20:50,CDG,773559890
CFXWPUGD,code,L,70004578,CS,2006-01-07T14:35,2006-01-07T17:10,NCE,773559890
CFXWPUGD,code,L,70004575,CS,2006-01-07T18:30,2006-01-07T20:50,CDG,773559890
DBIRIBDK,code,L,70004578,CS,2006-01-07T14:35,2006-01-07T17:10,NCE,773559890
DBIRIBDK,code,L,70004575,CS,2006-01-07T18:30,2006-01-07T20:50,CDG,773559890
BEIGAYIO,code,L,70004578,ST,2006-01-07T14:35,2006-01-07T17:10,NCE,773559890
BEIGAYIO,code,L,70004575,ST,2006-01-07T18:30,2006-01-07T20:50,CDG,773559890
VBBTLEPT,code,L,70004578,ST,2006-01-07T14:35,2006-01-07T17:10,NCE,773559890
VBBTLEPT,code,L,70004575,ST,2006-01-07T18:30,2006-01-07T20:50,CDG,773559890
SMWLXDZJ,code,L,70004578,ST,2006-01-07T14:35,2006-01-07T17:10,NCE,773559890
SMWLXDZJ,code,L,70004575,ST,2006-01-07T18:30,2006-01-07T20:50,CDG,773559890
SBOILMIO,code,L,70004578,ST,2006-01-07T14:35,2006-01-07T17:10,NCE,773559890
SBOILMIO,code,L,70004575,ST,2006-01-07T18:30,2006-01-07T20:50,CDG,773559890
JZSHAGOO,code,L,70004578,ST,2006-01-07T14:35,2006-01-07T17:10,NCE,773559890
JZSHAGOO,code,L,70004575,ST,2006-01-07T18:30,2006-01-07T20:50,CDG,773559890
YUMYCQSJ,code,L,70004578,ST,2006-01-07T14:35,2006-01-07T17:10,NCE,773559890
YUMYCQSJ,code,L,70004575,ST,2006-01-07T18:30,2006-01-07T20:50,CDG,773559890
