crew_id,code,type,leg_id,rank,start,finish,airport,pairing
HEDSVDMV,code,L,70002597,CP,2006-01-07T04:00,2006-01-07T05:20,LEH,2022406920
HEDSVDMV,code,L,70002598,CP,2006-01-07T05:40,2006-01-07T07:00,URO,2022406920
HEDSVDMV,code,L,70002599,CP,2006-01-07T07:40,2006-01-07T09:10,LYS,2022406920
HEDSVDMV,code,L,70002600,CP,2006-01-07T09:30,2006-01-07T09:50,LEH,2022406920
HEDSVDMV,code,L,70002601,CP,2006-01-07T15:00,2006-01-07T15:20,URO,2022406920
HEDSVDMV,code,L,70002602,CP,2006-01-07T15:40,2006-01-07T17:10,LEH,2022406920
HEDSVDMV,code,L,70002603,CP,2006-01-07T17:50,2006-01-07T19:10,LYS,2022406920
HEDSVDMV,code,L,70002604,CP,2006-01-07T19:30,2006-01-07T20:35,URO,2022406920
UKMOUMRO,code,L,70002597,FO,2006-01-07T04:00,2006-01-07T05:20,LEH,2022406920
UKMOUMRO,code,L,70002598,FO,2006-01-07T05:40,2006-01-07T07:00,URO,2022406920
UKMOUMRO,code,L,70002599,FO,2006-01-07T07:40,2006-01-07T09:10,LYS,2022406920
UKMOUMRO,code,L,70002600,FO,2006-01-07T09:30,2006-01-07T09:50,LEH,2022406920
UKMOUMRO,code,L,70002601,FO,2006-01-07T15:00,2006-01-07T15:20,URO,2022406920
UKMOUMRO,code,L,70002602,FO,2006-01-07T15:40,2006-01-07T17:10,LEH,2022406920
UKMOUMRO,code,L,70002603,FO,2006-01-07T17:50,2006-01-07T19:10,LYS,2022406920
UKMOUMRO,code,L,70002604,FO,2006-01-07T19:30,2006-01-07T20:35,URO,2022406920
IWDMXVPJ,code,L,70002597,CSD,2006-01-07T04:00,2006-01-07T05:20,LEH,2022406920
IWDMXVPJ,code,L,70002598,CSD,2006-01-07T05:40,2006-01-07T07:00,URO,2022406920
IWDMXVPJ,code,L,70002599,CSD,2006-01-07T07:40,2006-01-07T09:10,LYS,2022406920
IWDMXVPJ,code,L,70002600,CSD,2006-01-07T09:30,2006-01-07T09:50,LEH,2022406920
IWDMXVPJ,code,L,70002601,CSD,2006-01-07T15:00,2006-01-07T15:20,URO,2022406920
IWDMXVPJ,code,L,70002602,CSD,2006-01-07T15:40,2006-01-07T17:10,LEH,2022406920
IWDMXVPJ,code,L,70002603,CSD,2006-01-07T17:50,2006-01-07T19:10,LYS,2022406920
IWDMXVPJ,code,L,70002604,CSD,2006-01-07T19:30,2006-01-07T20:35,URO,2022406920
MQSXMRSS,code,L,70002597,ST,2006-01-07T04:00,2006-01-07T05:20,LEH,2022406920
MQSXMRSS,code,L,70002598,ST,2006-01-07T05:40,2006-01-07T07:00,URO,2022406920
MQSXMRSS,code,L,70002599,ST,2006-01-07T07:40,2006-01-07T09:10,LYS,2022406920
MQSXMRSS,code,L,70002600,ST,2006-01-07T09:30,2006-01-07T09:50,LEH,2022406920
MQSXMRSS,code,L,70002601,ST,2006-01-07T15:00,2006-01-07T15:20,URO,2022406920
MQSXMRSS,code,L,70002602,ST,2006-01-07T15:40,2006-01-07T17:10,LEH,2022406920
MQSXMRSS,code,L,70002603,ST,2006-01-07T17:50,2006-01-07T19:10,LYS,2022406920
MQSXMRSS,code,L,70002604,ST,2006-01-07T19:30,2006-01-07T20:35,URO,2022406920
SBHPDEFE,code,L,70002597,ST,2006-01-07T04:00,2006-01-07T05:20,LEH,2022406920
SBHPDEFE,code,L,70002598,ST,2006-01-07T05:40,2006-01-07T07:00,URO,2022406920
SBHPDEFE,code,L,70002599,ST,2006-01-07T07:40,2006-01-07T09:10,LYS,2022406920
SBHPDEFE,code,L,70002600,ST,2006-01-07T09:30,2006-01-07T09:50,LEH,2022406920
SBHPDEFE,code,L,70002601,ST,2006-01-07T15:00,2006-01-07T15:20,URO,2022406920
SBHPDEFE,code,L,70002602,ST,2006-01-07T15:40,2006-01-07T17:10,LEH,2022406920
SBHPDEFE,code,L,70002603,ST,2006-01-07T17:50,2006-01-07T19:10,LYS,2022406920
SBHPDEFE,code,L,70002604,ST,2006-01-07T19:30,2006-01-07T20:35,URO,2022406920
SFPLNWAR,code,L,70005123,CP,2006-01-07T04:05,2006-01-07T07:20,TLS,2138821259
SFPLNWAR,code,L,70005124,CP,2006-01-07T08:25,2006-01-07T11:05,AMS,2138821259
IJMVRIRO,code,L,70005123,FO,2006-01-07T04:05,2006-01-07T07:20,TLS,2138821259
IJMVRIRO,code,L,70005124,FO,2006-01-07T08:25,2006-01-07T11:05,AMS,2138821259
CTWUKPWT,code,L,70005123,CS,2006-01-07T04:05,2006-01-07T07:20,TLS,2138821259
CTWUKPWT,code,L,70005124,CS,2006-01-07T08:25,2006-01-07T11:05,AMS,2138821259
FLJJZHZX,code,L,70005123,ST,2006-01-07T04:05,2006-01-07T07:20,TLS,2138821259
FLJJZHZX,code,L,70005124,ST,2006-01-07T08:25,2006-01-07T11:05,AMS,2138821259
UOXSQWXC,code,L,70005123,ST,2006-01-07T04:05,2006-01-07T07:20,TLS,2138821259
UOXSQWXC,code,L,70005124,ST,2006-01-07T08:25,2006-01-07T11:05,AMS,2138821259
SAMGJJJF,code,L,70004600,CP,2006-01-07T04:25,2006-01-07T06:45,BES,2125508764
SAMGJJJF,code,L,70004599,CP,2006-01-07T09:30,2006-01-07T11:30,CDG,2125508764
ROHKAYWX,code,L,70004600,FO,2006-01-07T04:25,2006-01-07T06:45,BES,2125508764
ROHKAYWX,code,L,70004599,FO,2006-01-07T09:30,2006-01-07T11:30,CDG,2125508764
LVDAHXED,code,L,70004600,CS,2006-01-07T04:25,2006-01-07T06:45,BES,2125508764
LVDAHXED,code,L,70004599,CS,2006-01-07T09:30,2006-01-07T11:30,CDG,2125508764
PINVXKJY,code,L,70004600,CS,2006-01-07T04:25,2006-01-07T06:45,BES,2125508764
PINVXKJY,code,L,70004599,CS,2006-01-07T09:30,2006-01-07T11:30,CDG,2125508764
RUVWWWIW,code,L,70004600,ST,2006-01-07T04:25,2006-01-07T06:45,BES,2125508764
RUVWWWIW,code,L,70004599,ST,2006-01-07T09:30,2006-01-07T11:30,CDG,2125508764
MOFHEURO,code,L,70004600,ST,2006-01-07T04:25,2006-01-07T06:45,BES,2125508764
MOFHEURO,code,L,70004599,ST,2006-01-07T09:30,2006-01-07T11:30,CDG,2125508764
MBDBHVHJ,code,L,70004600,ST,2006-01-07T04:25,2006-01-07T06:45,BES,2125508764
MBDBHVHJ,code,L,70004599,ST,2006-01-07T09:30,2006-01-07T11:30,CDG,2125508764
GQQUZXTW,code,L,70004600,ST,2006-01-07T04:25,2006-01-07T06:45,BES,2125508764
GQQUZXTW,code,L,70004599,ST,2006-01-07T09:30,2006-01-07T11:30,CDG,2125508764
RCWPMMRL,code,L,70004600,ST,2006-01-07T04:25,2006-01-07T06:45,BES,2125508764
RCWPMMRL,code,L,70004599,ST,2006-01-07T09:30,2006-01-07T11:30,CDG,2125508764
HFYLTKPK,code,L,70004600,ST,2006-01-07T04:25,2006-01-07T06:45,BES,2125508764
HFYLTKPK,code,L,70004599,ST,2006-01-07T09:30,2006-01-07T11:30,CDG,2125508764
INSSRXIY,code,L,70002653,CP,2006-01-07T04:25,2006-01-07T06:55,BES,1501688522
INSSRXIY,code,L,70002654,CP,2006-01-07T07:40,2006-01-07T09:15,LYS,1501688522
INSSRXIY,code,L,70002657,CP,2006-01-07T10:05,2006-01-07T11:45,BES,1501688522
INSSRXIY,code,L,70002658,CP,2006-01-07T12:25,2006-01-07T14:50,MRS,1501688522
VFDCIPZE,code,L,70002653,FO,2006-01-07T04:25,2006-01-07T06:55,BES,1501688522
VFDCIPZE,code,L,70002654,FO,2006-01-07T07:40,2006-01-07T09:15,LYS,1501688522
VFDCIPZE,code,L,70002657,FO,2006-01-07T10:05,2006-01-07T11:45,BES,1501688522
VFDCIPZE,code,L,70002658,FO,2006-01-07T12:25,2006-01-07T14:50,MRS,1501688522
JSVPGATI,code,L,70002653,CSD,2006-01-07T04:25,2006-01-07T06:55,BES,1501688522
JSVPGATI,code,L,70002654,CSD,2006-01-07T07:40,2006-01-07T09:15,LYS,1501688522
JSVPGATI,code,L,70002657,CSD,2006-01-07T10:05,2006-01-07T11:45,BES,1501688522
JSVPGATI,code,L,70002658,CSD,2006-01-07T12:25,2006-01-07T14:50,MRS,1501688522
ISJIQHEL,code,L,70002653,ST,2006-01-07T04:25,2006-01-07T06:55,BES,1501688522
ISJIQHEL,code,L,70002654,ST,2006-01-07T07:40,2006-01-07T09:15,LYS,1501688522
ISJIQHEL,code,L,70002657,ST,2006-01-07T10:05,2006-01-07T11:45,BES,1501688522
ISJIQHEL,code,L,70002658,ST,2006-01-07T12:25,2006-01-07T14:50,MRS,1501688522
RJUXLRIJ,code,L,70002653,ST,2006-01-07T04:25,2006-01-07T06:55,BES,1501688522
RJUXLRIJ,code,L,70002654,ST,2006-01-07T07:40,2006-01-07T09:15,LYS,1501688522
RJUXLRIJ,code,L,70002657,ST,2006-01-07T10:05,2006-01-07T11:45,BES,1501688522
RJUXLRIJ,code,L,70002658,ST,2006-01-07T12:25,2006-01-07T14:50,MRS,1501688522
KWTVINXP,code,L,70002587,CP,2006-01-07T04:25,2006-01-07T06:35,CFR,48190158
KWTVINXP,code,L,70002588,CP,2006-01-07T07:40,2006-01-07T09:40,LYS,48190158
YRZOMNYE,code,L,70002587,FO,2006-01-07T04:25,2006-01-07T06:35,CFR,48190158
YRZOMNYE,code,L,70002588,FO,2006-01-07T07:40,2006-01-07T09:40,LYS,48190158
ORLAOLXO,code,L,70002587,CSD,2006-01-07T04:25,2006-01-07T06:35,CFR,48190158
ORLAOLXO,code,L,70002588,CSD,2006-01-07T07:40,2006-01-07T09:40,LYS,48190158
NPZPJFQJ,code,L,70002587,ST,2006-01-07T04:25,2006-01-07T06:35,CFR,48190158
NPZPJFQJ,code,L,70002588,ST,2006-01-07T07:40,2006-01-07T09:40,LYS,48190158
XAKSVVRA,code,L,70002587,ST,2006-01-07T04:25,2006-01-07T06:35,CFR,48190158
XAKSVVRA,code,L,70002588,ST,2006-01-07T07:40,2006-01-07T09:40,LYS,48190158
VPBYMQPN,code,L,70004636,CP,2006-01-07T04:25,2006-01-07T06:55,PUF,2138614433
VPBYMQPN,code,L,70004639,CP,2006-01-07T07:30,2006-01-07T09:45,CDG,2138614433
IYDXQVRR,code,L,70004636,FO,2006-01-07T04:25,2006-01-07T06:55,PUF,2138614433
IYDXQVRR,code,L,70004639,FO,2006-01-07T07:30,2006-01-07T09:45,CDG,2138614433
HKLQOQGY,code,L,70004636,CS,2006-01-07T04:25,2006-01-07T06:55,PUF,2138614433
HKLQOQGY,code,L,70004639,CS,2006-01-07T07:30,2006-01-07T09:45,CDG,2138614433
TFGNHXIG,code,L,70004636,ST,2006-01-07T04:25,2006-01-07T06:55,PUF,2138614433
TFGNHXIG,code,L,70004639,ST,2006-01-07T07:30,2006-01-07T09:45,CDG,2138614433
FEFKIHLX,code,L,70004636,ST,2006-01-07T04:25,2006-01-07T06:55,PUF,2138614433
FEFKIHLX,code,L,70004639,ST,2006-01-07T07:30,2006-01-07T09:45,CDG,2138614433
PJEULVMU,code,L,70004636,ST,2006-01-07T04:25,2006-01-07T06:55,PUF,2138614433
PJEULVMU,code,L,70004639,ST,2006-01-07T07:30,2006-01-07T09:45,CDG,2138614433
VHVARQUW,code,L,70002583,CP,2006-01-07T04:25,2006-01-07T06:25,RNS,1816610767
VHVARQUW,code,L,70004543,CP,2006-01-07T10:25,2006-01-07T11:50,CDG,1816610767
VHVARQUW,code,L,70004546,CP,2006-01-07T12:40,2006-01-07T14:10,MPL,1816610767
VHVARQUW,code,L,70002586,CP,2006-01-07T19:00,2006-01-07T20:40,CDG,1816610767
SRKZQKKD,code,L,70002583,FO,2006-01-07T04:25,2006-01-07T06:25,RNS,1816610767
SRKZQKKD,code,L,70004543,FO,2006-01-07T10:25,2006-01-07T11:50,CDG,1816610767
SRKZQKKD,code,L,70004546,FO,2006-01-07T12:40,2006-01-07T14:10,MPL,1816610767
SRKZQKKD,code,L,70002586,FO,2006-01-07T19:00,2006-01-07T20:40,CDG,1816610767
PUIOQYKQ,code,L,70002583,CS,2006-01-07T04:25,2006-01-07T06:25,RNS,1816610767
PUIOQYKQ,code,L,70004543,CS,2006-01-07T10:25,2006-01-07T11:50,CDG,1816610767
PUIOQYKQ,code,L,70004546,CS,2006-01-07T12:40,2006-01-07T14:10,MPL,1816610767
PUIOQYKQ,code,L,70002586,CS,2006-01-07T19:00,2006-01-07T20:40,CDG,1816610767
GSFHPLNQ,code,L,70002583,ST,2006-01-07T04:25,2006-01-07T06:25,RNS,1816610767
GSFHPLNQ,code,L,70004543,ST,2006-01-07T10:25,2006-01-07T11:50,CDG,1816610767
GSFHPLNQ,code,L,70004546,ST,2006-01-07T12:40,2006-01-07T14:10,MPL,1816610767
GSFHPLNQ,code,L,70002586,ST,2006-01-07T19:00,2006-01-07T20:40,CDG,1816610767
QITTECKD,code,L,70002583,ST,2006-01-07T04:25,2006-01-07T06:25,RNS,1816610767
QITTECKD,code,L,70004543,ST,2006-01-07T10:25,2006-01-07T11:50,CDG,1816610767
QITTECKD,code,L,70004546,ST,2006-01-07T12:40,2006-01-07T14:10,MPL,1816610767
QITTECKD,code,L,70002586,ST,2006-01-07T19:00,2006-01-07T20:40,CDG,1816610767
NAZFDMUY,code,L,70002583,ST,2006-01-07T04:25,2006-01-07T06:25,RNS,1816610767
NAZFDMUY,code,L,70004543,ST,2006-01-07T10:25,2006-01-07T11:50,CDG,1816610767
NAZFDMUY,code,L,70004546,ST,2006-01-07T12:40,2006-01-07T14:10,MPL,1816610767
NAZFDMUY,code,L,70002586,ST,2006-01-07T19:00,2006-01-07T20:40,CDG,1816610767
YEIRENLP,code,L,70004194,CP,2006-01-07T04:30,2006-01-07T06:40,MLH,1709706839
YEIRENLP,code,L,70004195,CP,2006-01-07T08:15,2006-01-07T10:00,ORY,1709706839
ENDFEMUA,code,L,70004194,FO,2006-01-07T04:30,2006-01-07T06:40,MLH,1709706839
ENDFEMUA,code,L,70004195,FO,2006-01-07T08:15,2006-01-07T10:00,ORY,1709706839
ADJOAJBG,code,L,70004194,CS,2006-01-07T04:30,2006-01-07T06:40,MLH,1709706839
ADJOAJBG,code,L,70004195,CS,2006-01-07T08:15,2006-01-07T10:00,ORY,1709706839
RYNQKGVE,code,L,70004194,CS,2006-01-07T04:30,2006-01-07T06:40,MLH,1709706839
RYNQKGVE,code,L,70004195,CS,2006-01-07T08:15,2006-01-07T10:00,ORY,1709706839
QJMEWAKJ,code,L,70004194,ST,2006-01-07T04:30,2006-01-07T06:40,MLH,1709706839
QJMEWAKJ,code,L,70004195,ST,2006-01-07T08:15,2006-01-07T10:00,ORY,1709706839
RUKXBDIF,code,L,70004194,ST,2006-01-07T04:30,2006-01-07T06:40,MLH,1709706839
RUKXBDIF,code,L,70004195,ST,2006-01-07T08:15,2006-01-07T10:00,ORY,1709706839
NMDENESV,code,L,70004194,ST,2006-01-07T04:30,2006-01-07T06:40,MLH,1709706839
NMDENESV,code,L,70004195,ST,2006-01-07T08:15,2006-01-07T10:00,ORY,1709706839
NTYAFVJU,code,L,70004194,ST,2006-01-07T04:30,2006-01-07T06:40,MLH,1709706839
NTYAFVJU,code,L,70004195,ST,2006-01-07T08:15,2006-01-07T10:00,ORY,1709706839
WZZGNSZR,code,L,70004194,ST,2006-01-07T04:30,2006-01-07T06:40,MLH,1709706839
WZZGNSZR,code,L,70004195,ST,2006-01-07T08:15,2006-01-07T10:00,ORY,1709706839
HSXWXIFE,code,L,70004194,ST,2006-01-07T04:30,2006-01-07T06:40,MLH,1709706839
HSXWXIFE,code,L,70004195,ST,2006-01-07T08:15,2006-01-07T10:00,ORY,1709706839
NQLZLJQR,code,L,70002866,CP,2006-01-07T04:30,2006-01-07T06:50,MRS,830807798
NQLZLJQR,code,L,70002873,CP,2006-01-07T07:35,2006-01-07T09:35,ORY,830807798
PMJDGWVZ,code,L,70002866,FO,2006-01-07T04:30,2006-01-07T06:50,MRS,830807798
PMJDGWVZ,code,L,70002873,FO,2006-01-07T07:35,2006-01-07T09:35,ORY,830807798
ITWCLSAA,code,L,70002866,CS,2006-01-07T04:30,2006-01-07T06:50,MRS,830807798
ITWCLSAA,code,L,70002873,CS,2006-01-07T07:35,2006-01-07T09:35,ORY,830807798
UNBFXIEK,code,L,70002866,CS,2006-01-07T04:30,2006-01-07T06:50,MRS,830807798
UNBFXIEK,code,L,70002873,CS,2006-01-07T07:35,2006-01-07T09:35,ORY,830807798
XMQMRVQP,code,L,70002866,ST,2006-01-07T04:30,2006-01-07T06:50,MRS,830807798
XMQMRVQP,code,L,70002873,ST,2006-01-07T07:35,2006-01-07T09:35,ORY,830807798
MGIUQQBA,code,L,70002866,ST,2006-01-07T04:30,2006-01-07T06:50,MRS,830807798
MGIUQQBA,code,L,70002873,ST,2006-01-07T07:35,2006-01-07T09:35,ORY,830807798
ZHZBGWXP,code,L,70002866,ST,2006-01-07T04:30,2006-01-07T06:50,MRS,830807798
ZHZBGWXP,code,L,70002873,ST,2006-01-07T07:35,2006-01-07T09:35,ORY,830807798
PAVKLJWZ,code,L,70002866,ST,2006-01-07T04:30,2006-01-07T06:50,MRS,830807798
PAVKLJWZ,code,L,70002873,ST,2006-01-07T07:35,2006-01-07T09:35,ORY,830807798
KXGSQFSS,code,L,70002866,ST,2006-01-07T04:30,2006-01-07T06:50,MRS,830807798
KXGSQFSS,code,L,70002873,ST,2006-01-07T07:35,2006-01-07T09:35,ORY,830807798
CVTYHWYV,code,L,70002866,ST,2006-01-07T04:30,2006-01-07T06:50,MRS,830807798
CVTYHWYV,code,L,70002873,ST,2006-01-07T07:35,2006-01-07T09:35,ORY,830807798
QZXMDQWX,code,L,70002573,CP,2006-01-07T04:30,2006-01-07T06:35,LIG,791771284
QZXMDQWX,code,L,70002574,CP,2006-01-07T08:00,2006-01-07T09:00,ORY,791771284
QZXMDQWX,code,L,70002581,CP,2006-01-07T10:05,2006-01-07T11:20,LIG,791771284
QZXMDQWX,code,L,70002582,CP,2006-01-07T12:30,2006-01-07T14:30,CDG,791771284
XPSWPAAF,code,L,70002573,FO,2006-01-07T04:30,2006-01-07T06:35,LIG,791771284
XPSWPAAF,code,L,70002574,FO,2006-01-07T08:00,2006-01-07T09:00,ORY,791771284
XPSWPAAF,code,L,70002581,FO,2006-01-07T10:05,2006-01-07T11:20,LIG,791771284
XPSWPAAF,code,L,70002582,FO,2006-01-07T12:30,2006-01-07T14:30,CDG,791771284
RMPEZVOX,code,L,70002573,CSD,2006-01-07T04:30,2006-01-07T06:35,LIG,791771284
RMPEZVOX,code,L,70002574,CSD,2006-01-07T08:00,2006-01-07T09:00,ORY,791771284
RMPEZVOX,code,L,70002581,CSD,2006-01-07T10:05,2006-01-07T11:20,LIG,791771284
RMPEZVOX,code,L,70002582,CSD,2006-01-07T12:30,2006-01-07T14:30,CDG,791771284
LWQYWMPQ,code,L,70002573,ST,2006-01-07T04:30,2006-01-07T06:35,LIG,791771284
LWQYWMPQ,code,L,70002574,ST,2006-01-07T08:00,2006-01-07T09:00,ORY,791771284
LWQYWMPQ,code,L,70002581,ST,2006-01-07T10:05,2006-01-07T11:20,LIG,791771284
LWQYWMPQ,code,L,70002582,ST,2006-01-07T12:30,2006-01-07T14:30,CDG,791771284
VKXKQMXT,code,L,70002573,ST,2006-01-07T04:30,2006-01-07T06:35,LIG,791771284
VKXKQMXT,code,L,70002574,ST,2006-01-07T08:00,2006-01-07T09:00,ORY,791771284
VKXKQMXT,code,L,70002581,ST,2006-01-07T10:05,2006-01-07T11:20,LIG,791771284
VKXKQMXT,code,L,70002582,ST,2006-01-07T12:30,2006-01-07T14:30,CDG,791771284
ZNWPKRUF,code,L,70002613,CP,2006-01-07T04:30,2006-01-07T06:45,RNS,2113437503
ZNWPKRUF,code,L,70002614,CP,2006-01-07T07:45,2006-01-07T09:50,LYS,2113437503
PCVIWARJ,code,L,70002613,FO,2006-01-07T04:30,2006-01-07T06:45,RNS,2113437503
PCVIWARJ,code,L,70002614,FO,2006-01-07T07:45,2006-01-07T09:50,LYS,2113437503
ZNTKGPDZ,code,L,70002613,CS,2006-01-07T04:30,2006-01-07T06:45,RNS,2113437503
ZNTKGPDZ,code,L,70002614,CS,2006-01-07T07:45,2006-01-07T09:50,LYS,2113437503
UZMHAKJD,code,L,70002613,ST,2006-01-07T04:30,2006-01-07T06:45,RNS,2113437503
UZMHAKJD,code,L,70002614,ST,2006-01-07T07:45,2006-01-07T09:50,LYS,2113437503
RFCZDVJA,code,L,70002613,ST,2006-01-07T04:30,2006-01-07T06:45,RNS,2113437503
RFCZDVJA,code,L,70002614,ST,2006-01-07T07:45,2006-01-07T09:50,LYS,2113437503
YIMULYJB,code,L,70004334,CP,2006-01-07T04:30,2006-01-07T06:45,AVN,1162073078
YIMULYJB,code,L,70004333,CP,2006-01-07T08:15,2006-01-07T09:30,ORY,1162073078
YIMULYJB,code,L,70004336,CP,2006-01-07T10:05,2006-01-07T11:20,AVN,1162073078
YIMULYJB,code,L,70004337,CP,2006-01-07T12:20,2006-01-07T14:20,ORY,1162073078
RCJHLMDM,code,L,70004334,FO,2006-01-07T04:30,2006-01-07T06:45,AVN,1162073078
RCJHLMDM,code,L,70004333,FO,2006-01-07T08:15,2006-01-07T09:30,ORY,1162073078
RCJHLMDM,code,L,70004336,FO,2006-01-07T10:05,2006-01-07T11:20,AVN,1162073078
RCJHLMDM,code,L,70004337,FO,2006-01-07T12:20,2006-01-07T14:20,ORY,1162073078
IMLCSJYF,code,L,70004334,CSD,2006-01-07T04:30,2006-01-07T06:45,AVN,1162073078
IMLCSJYF,code,L,70004333,CSD,2006-01-07T08:15,2006-01-07T09:30,ORY,1162073078
IMLCSJYF,code,L,70004336,CSD,2006-01-07T10:05,2006-01-07T11:20,AVN,1162073078
IMLCSJYF,code,L,70004337,CSD,2006-01-07T12:20,2006-01-07T14:20,ORY,1162073078
MEUFNVTC,code,L,70004334,ST,2006-01-07T04:30,2006-01-07T06:45,AVN,1162073078
MEUFNVTC,code,L,70004333,ST,2006-01-07T08:15,2006-01-07T09:30,ORY,1162073078
MEUFNVTC,code,L,70004336,ST,2006-01-07T10:05,2006-01-07T11:20,AVN,1162073078
MEUFNVTC,code,L,70004337,ST,2006-01-07T12:20,2006-01-07T14:20,ORY,1162073078
VNFYBSCV,code,L,70004334,ST,2006-01-07T04:30,2006-01-07T06:45,AVN,1162073078
VNFYBSCV,code,L,70004333,ST,2006-01-07T08:15,2006-01-07T09:30,ORY,1162073078
VNFYBSCV,code,L,70004336,ST,2006-01-07T10:05,2006-01-07T11:20,AVN,1162073078
VNFYBSCV,code,L,70004337,ST,2006-01-07T12:20,2006-01-07T14:20,ORY,1162073078
IMCRZCMS,code,L,70002593,CP,2006-01-07T04:35,2006-01-07T06:35,LIG,1379662799
IMCRZCMS,code,L,70004504,CP,2006-01-07T10:00,2006-01-07T11:10,LYS,1379662799
IMCRZCMS,code,L,70004507,CP,2006-01-07T12:15,2006-01-07T13:25,CDG,1379662799
IMCRZCMS,code,L,70004508,CP,2006-01-07T16:00,2006-01-07T17:10,LYS,1379662799
IMCRZCMS,code,L,70004511,CP,2006-01-07T17:55,2006-01-07T19:05,CDG,1379662799
IMCRZCMS,code,L,70004512,CP,2006-01-07T19:55,2006-01-07T21:40,LYS,1379662799
FXUFOFWD,code,L,70002593,FO,2006-01-07T04:35,2006-01-07T06:35,LIG,1379662799
FXUFOFWD,code,L,70004504,FO,2006-01-07T10:00,2006-01-07T11:10,LYS,1379662799
FXUFOFWD,code,L,70004507,FO,2006-01-07T12:15,2006-01-07T13:25,CDG,1379662799
FXUFOFWD,code,L,70004508,FO,2006-01-07T16:00,2006-01-07T17:10,LYS,1379662799
FXUFOFWD,code,L,70004511,FO,2006-01-07T17:55,2006-01-07T19:05,CDG,1379662799
FXUFOFWD,code,L,70004512,FO,2006-01-07T19:55,2006-01-07T21:40,LYS,1379662799
DFAQAXNN,code,L,70002593,CS,2006-01-07T04:35,2006-01-07T06:35,LIG,1379662799
DFAQAXNN,code,L,70004504,CS,2006-01-07T10:00,2006-01-07T11:10,LYS,1379662799
DFAQAXNN,code,L,70004507,CS,2006-01-07T12:15,2006-01-07T13:25,CDG,1379662799
DFAQAXNN,code,L,70004508,CS,2006-01-07T16:00,2006-01-07T17:10,LYS,1379662799
DFAQAXNN,code,L,70004511,CS,2006-01-07T17:55,2006-01-07T19:05,CDG,1379662799
DFAQAXNN,code,L,70004512,CS,2006-01-07T19:55,2006-01-07T21:40,LYS,1379662799
GDKVWPWS,code,L,70002593,CS,2006-01-07T04:35,2006-01-07T06:35,LIG,1379662799
GDKVWPWS,code,L,70004504,CS,2006-01-07T10:00,2006-01-07T11:10,LYS,1379662799
GDKVWPWS,code,L,70004507,CS,2006-01-07T12:15,2006-01-07T13:25,CDG,1379662799
GDKVWPWS,code,L,70004508,CS,2006-01-07T16:00,2006-01-07T17:10,LYS,1379662799
GDKVWPWS,code,L,70004511,CS,2006-01-07T17:55,2006-01-07T19:05,CDG,1379662799
GDKVWPWS,code,L,70004512,CS,2006-01-07T19:55,2006-01-07T21:40,LYS,1379662799
FLJPMNRV,code,L,70002593,ST,2006-01-07T04:35,2006-01-07T06:35,LIG,1379662799
FLJPMNRV,code,L,70004504,ST,2006-01-07T10:00,2006-01-07T11:10,LYS,1379662799
FLJPMNRV,code,L,70004507,ST,2006-01-07T12:15,2006-01-07T13:25,CDG,1379662799
FLJPMNRV,code,L,70004508,ST,2006-01-07T16:00,2006-01-07T17:10,LYS,1379662799
FLJPMNRV,code,L,70004511,ST,2006-01-07T17:55,2006-01-07T19:05,CDG,1379662799
FLJPMNRV,code,L,70004512,ST,2006-01-07T19:55,2006-01-07T21:40,LYS,1379662799
FVHEIPBS,code,L,70002593,ST,2006-01-07T04:35,2006-01-07T06:35,LIG,1379662799
FVHEIPBS,code,L,70004504,ST,2006-01-07T10:00,2006-01-07T11:10,LYS,1379662799
FVHEIPBS,code,L,70004507,ST,2006-01-07T12:15,2006-01-07T13:25,CDG,1379662799
FVHEIPBS,code,L,70004508,ST,2006-01-07T16:00,2006-01-07T17:10,LYS,1379662799
FVHEIPBS,code,L,70004511,ST,2006-01-07T17:55,2006-01-07T19:05,CDG,1379662799
FVHEIPBS,code,L,70004512,ST,2006-01-07T19:55,2006-01-07T21:40,LYS,1379662799
NPLIIPER,code,L,70002593,ST,2006-01-07T04:35,2006-01-07T06:35,LIG,1379662799
NPLIIPER,code,L,70004504,ST,2006-01-07T10:00,2006-01-07T11:10,LYS,1379662799
NPLIIPER,code,L,70004507,ST,2006-01-07T12:15,2006-01-07T13:25,CDG,1379662799
NPLIIPER,code,L,70004508,ST,2006-01-07T16:00,2006-01-07T17:10,LYS,1379662799
NPLIIPER,code,L,70004511,ST,2006-01-07T17:55,2006-01-07T19:05,CDG,1379662799
NPLIIPER,code,L,70004512,ST,2006-01-07T19:55,2006-01-07T21:40,LYS,1379662799
DYYENNSB,code,L,70002593,ST,2006-01-07T04:35,2006-01-07T06:35,LIG,1379662799
DYYENNSB,code,L,70004504,ST,2006-01-07T10:00,2006-01-07T11:10,LYS,1379662799
DYYENNSB,code,L,70004507,ST,2006-01-07T12:15,2006-01-07T13:25,CDG,1379662799
DYYENNSB,code,L,70004508,ST,2006-01-07T16:00,2006-01-07T17:10,LYS,1379662799
DYYENNSB,code,L,70004511,ST,2006-01-07T17:55,2006-01-07T19:05,CDG,1379662799
DYYENNSB,code,L,70004512,ST,2006-01-07T19:55,2006-01-07T21:40,LYS,1379662799
WHAQFWCT,code,L,70002593,ST,2006-01-07T04:35,2006-01-07T06:35,LIG,1379662799
WHAQFWCT,code,L,70004504,ST,2006-01-07T10:00,2006-01-07T11:10,LYS,1379662799
WHAQFWCT,code,L,70004507,ST,2006-01-07T12:15,2006-01-07T13:25,CDG,1379662799
WHAQFWCT,code,L,70004508,ST,2006-01-07T16:00,2006-01-07T17:10,LYS,1379662799
WHAQFWCT,code,L,70004511,ST,2006-01-07T17:55,2006-01-07T19:05,CDG,1379662799
WHAQFWCT,code,L,70004512,ST,2006-01-07T19:55,2006-01-07T21:40,LYS,1379662799
RLGGIXLY,code,L,70002593,ST,2006-01-07T04:35,2006-01-07T06:35,LIG,1379662799
RLGGIXLY,code,L,70004504,ST,2006-01-07T10:00,2006-01-07T11:10,LYS,1379662799
RLGGIXLY,code,L,70004507,ST,2006-01-07T12:15,2006-01-07T13:25,CDG,1379662799
RLGGIXLY,code,L,70004508,ST,2006-01-07T16:00,2006-01-07T17:10,LYS,1379662799
RLGGIXLY,code,L,70004511,ST,2006-01-07T17:55,2006-01-07T19:05,CDG,1379662799
RLGGIXLY,code,L,70004512,ST,2006-01-07T19:55,2006-01-07T21:40,LYS,1379662799
OVTAHBHX,code,L,70004684,CP,2006-01-07T04:35,2006-01-07T06:35,MRS,1104652174
OVTAHBHX,code,L,70004685,CP,2006-01-07T07:30,2006-01-07T09:15,LYS,1104652174
EPACOBZF,code,L,70004684,FO,2006-01-07T04:35,2006-01-07T06:35,MRS,1104652174
EPACOBZF,code,L,70004685,FO,2006-01-07T07:30,2006-01-07T09:15,LYS,1104652174
QKBIPDTC,code,L,70004684,CS,2006-01-07T04:35,2006-01-07T06:35,MRS,1104652174
QKBIPDTC,code,L,70004685,CS,2006-01-07T07:30,2006-01-07T09:15,LYS,1104652174
UKJBUEGI,code,L,70004684,CS,2006-01-07T04:35,2006-01-07T06:35,MRS,1104652174
UKJBUEGI,code,L,70004685,CS,2006-01-07T07:30,2006-01-07T09:15,LYS,1104652174
XWFAHNPD,code,L,70004684,ST,2006-01-07T04:35,2006-01-07T06:35,MRS,1104652174
XWFAHNPD,code,L,70004685,ST,2006-01-07T07:30,2006-01-07T09:15,LYS,1104652174
UEDTFVXZ,code,L,70004684,ST,2006-01-07T04:35,2006-01-07T06:35,MRS,1104652174
UEDTFVXZ,code,L,70004685,ST,2006-01-07T07:30,2006-01-07T09:15,LYS,1104652174
OENOEZTW,code,L,70004684,ST,2006-01-07T04:35,2006-01-07T06:35,MRS,1104652174
OENOEZTW,code,L,70004685,ST,2006-01-07T07:30,2006-01-07T09:15,LYS,1104652174
PJYTSNPF,code,L,70004684,ST,2006-01-07T04:35,2006-01-07T06:35,MRS,1104652174
PJYTSNPF,code,L,70004685,ST,2006-01-07T07:30,2006-01-07T09:15,LYS,1104652174
LAXNFILJ,code,L,70004684,ST,2006-01-07T04:35,2006-01-07T06:35,MRS,1104652174
LAXNFILJ,code,L,70004685,ST,2006-01-07T07:30,2006-01-07T09:15,LYS,1104652174
WMYGQEZH,code,L,70004684,ST,2006-01-07T04:35,2006-01-07T06:35,MRS,1104652174
WMYGQEZH,code,L,70004685,ST,2006-01-07T07:30,2006-01-07T09:15,LYS,1104652174
CAUIRGUX,code,L,70004224,CP,2006-01-07T04:35,2006-01-07T06:50,BES,932725007
CAUIRGUX,code,L,70004225,CP,2006-01-07T08:10,2006-01-07T10:05,ORY,932725007
CTYNVTKX,code,L,70004224,FO,2006-01-07T04:35,2006-01-07T06:50,BES,932725007
CTYNVTKX,code,L,70004225,FO,2006-01-07T08:10,2006-01-07T10:05,ORY,932725007
KWEZEGYJ,code,L,70004224,CS,2006-01-07T04:35,2006-01-07T06:50,BES,932725007
KWEZEGYJ,code,L,70004225,CS,2006-01-07T08:10,2006-01-07T10:05,ORY,932725007
ZUZKFDDB,code,L,70004224,CS,2006-01-07T04:35,2006-01-07T06:50,BES,932725007
ZUZKFDDB,code,L,70004225,CS,2006-01-07T08:10,2006-01-07T10:05,ORY,932725007
OBIIIZCF,code,L,70004224,ST,2006-01-07T04:35,2006-01-07T06:50,BES,932725007
OBIIIZCF,code,L,70004225,ST,2006-01-07T08:10,2006-01-07T10:05,ORY,932725007
PGEFUJXR,code,L,70004224,ST,2006-01-07T04:35,2006-01-07T06:50,BES,932725007
PGEFUJXR,code,L,70004225,ST,2006-01-07T08:10,2006-01-07T10:05,ORY,932725007
WITLOTXT,code,L,70004224,ST,2006-01-07T04:35,2006-01-07T06:50,BES,932725007
WITLOTXT,code,L,70004225,ST,2006-01-07T08:10,2006-01-07T10:05,ORY,932725007
FJXDAJAL,code,L,70004224,ST,2006-01-07T04:35,2006-01-07T06:50,BES,932725007
FJXDAJAL,code,L,70004225,ST,2006-01-07T08:10,2006-01-07T10:05,ORY,932725007
ZIOAFXOV,code,L,70004224,ST,2006-01-07T04:35,2006-01-07T06:50,BES,932725007
ZIOAFXOV,code,L,70004225,ST,2006-01-07T08:10,2006-01-07T10:05,ORY,932725007
TQYXLCMB,code,L,70004224,ST,2006-01-07T04:35,2006-01-07T06:50,BES,932725007
TQYXLCMB,code,L,70004225,ST,2006-01-07T08:10,2006-01-07T10:05,ORY,932725007
XBAWCYBQ,code,L,70004584,CP,2006-01-07T04:35,2006-01-07T06:40,NTE,1485403625
XBAWCYBQ,code,L,70004583,CP,2006-01-07T08:05,2006-01-07T09:55,CDG,1485403625
VBLMJLRO,code,L,70004584,FO,2006-01-07T04:35,2006-01-07T06:40,NTE,1485403625
VBLMJLRO,code,L,70004583,FO,2006-01-07T08:05,2006-01-07T09:55,CDG,1485403625
LKTMUTMW,code,L,70004584,CS,2006-01-07T04:35,2006-01-07T06:40,NTE,1485403625
LKTMUTMW,code,L,70004583,CS,2006-01-07T08:05,2006-01-07T09:55,CDG,1485403625
YBZNOBGI,code,L,70004584,CS,2006-01-07T04:35,2006-01-07T06:40,NTE,1485403625
YBZNOBGI,code,L,70004583,CS,2006-01-07T08:05,2006-01-07T09:55,CDG,1485403625
LEQSOIIP,code,L,70004584,ST,2006-01-07T04:35,2006-01-07T06:40,NTE,1485403625
LEQSOIIP,code,L,70004583,ST,2006-01-07T08:05,2006-01-07T09:55,CDG,1485403625
QVYMJAUF,code,L,70004584,ST,2006-01-07T04:35,2006-01-07T06:40,NTE,1485403625
QVYMJAUF,code,L,70004583,ST,2006-01-07T08:05,2006-01-07T09:55,CDG,1485403625
MSVYFEFG,code,L,70004584,ST,2006-01-07T04:35,2006-01-07T06:40,NTE,1485403625
MSVYFEFG,code,L,70004583,ST,2006-01-07T08:05,2006-01-07T09:55,CDG,1485403625
JFOWPKWW,code,L,70004584,ST,2006-01-07T04:35,2006-01-07T06:40,NTE,1485403625
JFOWPKWW,code,L,70004583,ST,2006-01-07T08:05,2006-01-07T09:55,CDG,1485403625
IKBUJFKN,code,L,70004584,ST,2006-01-07T04:35,2006-01-07T06:40,NTE,1485403625
IKBUJFKN,code,L,70004583,ST,2006-01-07T08:05,2006-01-07T09:55,CDG,1485403625
NEIFZGRM,code,L,70004584,ST,2006-01-07T04:35,2006-01-07T06:40,NTE,1485403625
NEIFZGRM,code,L,70004583,ST,2006-01-07T08:05,2006-01-07T09:55,CDG,1485403625
AJYTDOCO,code,L,70004522,CP,2006-01-07T04:35,2006-01-07T06:40,CFE,346378500
AJYTDOCO,code,L,70004517,CP,2006-01-07T07:15,2006-01-07T09:00,CDG,346378500
EHLMHIZM,code,L,70004522,FO,2006-01-07T04:35,2006-01-07T06:40,CFE,346378500
EHLMHIZM,code,L,70004517,FO,2006-01-07T07:15,2006-01-07T09:00,CDG,346378500
LEQWIGDE,code,L,70004522,CSD,2006-01-07T04:35,2006-01-07T06:40,CFE,346378500
LEQWIGDE,code,L,70004517,CSD,2006-01-07T07:15,2006-01-07T09:00,CDG,346378500
DIVUWDXP,code,L,70004522,ST,2006-01-07T04:35,2006-01-07T06:40,CFE,346378500
DIVUWDXP,code,L,70004517,ST,2006-01-07T07:15,2006-01-07T09:00,CDG,346378500
TDRETOTO,code,L,70004522,ST,2006-01-07T04:35,2006-01-07T06:40,CFE,346378500
TDRETOTO,code,L,70004517,ST,2006-01-07T07:15,2006-01-07T09:00,CDG,346378500
PVNNYLPP,code,L,70004296,CP,2006-01-07T04:40,2006-01-07T06:35,CFE,534011718
PVNNYLPP,code,L,70004295,CP,2006-01-07T08:10,2006-01-07T09:50,ORY,534011718
WUMTDOSI,code,L,70004296,FO,2006-01-07T04:40,2006-01-07T06:35,CFE,534011718
WUMTDOSI,code,L,70004295,FO,2006-01-07T08:10,2006-01-07T09:50,ORY,534011718
KKIVKCEB,code,L,70004296,CS,2006-01-07T04:40,2006-01-07T06:35,CFE,534011718
KKIVKCEB,code,L,70004295,CS,2006-01-07T08:10,2006-01-07T09:50,ORY,534011718
ZMWFPDMY,code,L,70004296,CS,2006-01-07T04:40,2006-01-07T06:35,CFE,534011718
ZMWFPDMY,code,L,70004295,CS,2006-01-07T08:10,2006-01-07T09:50,ORY,534011718
MZURQKVC,code,L,70004296,ST,2006-01-07T04:40,2006-01-07T06:35,CFE,534011718
MZURQKVC,code,L,70004295,ST,2006-01-07T08:10,2006-01-07T09:50,ORY,534011718
XDVTVOUK,code,L,70004296,ST,2006-01-07T04:40,2006-01-07T06:35,CFE,534011718
XDVTVOUK,code,L,70004295,ST,2006-01-07T08:10,2006-01-07T09:50,ORY,534011718
MQYUGIAQ,code,L,70004296,ST,2006-01-07T04:40,2006-01-07T06:35,CFE,534011718
MQYUGIAQ,code,L,70004295,ST,2006-01-07T08:10,2006-01-07T09:50,ORY,534011718
CJCKTMQW,code,L,70004296,ST,2006-01-07T04:40,2006-01-07T06:35,CFE,534011718
CJCKTMQW,code,L,70004295,ST,2006-01-07T08:10,2006-01-07T09:50,ORY,534011718
SSUTZNUU,code,L,70004296,ST,2006-01-07T04:40,2006-01-07T06:35,CFE,534011718
SSUTZNUU,code,L,70004295,ST,2006-01-07T08:10,2006-01-07T09:50,ORY,534011718
KAJJEJJT,code,L,70004296,ST,2006-01-07T04:40,2006-01-07T06:35,CFE,534011718
KAJJEJJT,code,L,70004295,ST,2006-01-07T08:10,2006-01-07T09:50,ORY,534011718
VPEDOMYA,code,L,70004314,CP,2006-01-07T04:40,2006-01-07T07:00,PUF,1406361028
VPEDOMYA,code,L,70004315,CP,2006-01-07T08:00,2006-01-07T10:00,ORY,1406361028
BSPBSGUO,code,L,70004314,FO,2006-01-07T04:40,2006-01-07T07:00,PUF,1406361028
BSPBSGUO,code,L,70004315,FO,2006-01-07T08:00,2006-01-07T10:00,ORY,1406361028
SWHPFHSL,code,L,70004314,CS,2006-01-07T04:40,2006-01-07T07:00,PUF,1406361028
SWHPFHSL,code,L,70004315,CS,2006-01-07T08:00,2006-01-07T10:00,ORY,1406361028
WKXYZZMQ,code,L,70004314,CS,2006-01-07T04:40,2006-01-07T07:00,PUF,1406361028
WKXYZZMQ,code,L,70004315,CS,2006-01-07T08:00,2006-01-07T10:00,ORY,1406361028
OAKKDIDP,code,L,70004314,ST,2006-01-07T04:40,2006-01-07T07:00,PUF,1406361028
OAKKDIDP,code,L,70004315,ST,2006-01-07T08:00,2006-01-07T10:00,ORY,1406361028
IKVCHACK,code,L,70004314,ST,2006-01-07T04:40,2006-01-07T07:00,PUF,1406361028
IKVCHACK,code,L,70004315,ST,2006-01-07T08:00,2006-01-07T10:00,ORY,1406361028
WLLTNPDO,code,L,70004314,ST,2006-01-07T04:40,2006-01-07T07:00,PUF,1406361028
WLLTNPDO,code,L,70004315,ST,2006-01-07T08:00,2006-01-07T10:00,ORY,1406361028
XTSCVHRB,code,L,70004314,ST,2006-01-07T04:40,2006-01-07T07:00,PUF,1406361028
XTSCVHRB,code,L,70004315,ST,2006-01-07T08:00,2006-01-07T10:00,ORY,1406361028
DAJMXVTG,code,L,70004314,ST,2006-01-07T04:40,2006-01-07T07:00,PUF,1406361028
DAJMXVTG,code,L,70004315,ST,2006-01-07T08:00,2006-01-07T10:00,ORY,1406361028
MIZUEQBJ,code,L,70004314,ST,2006-01-07T04:40,2006-01-07T07:00,PUF,1406361028
MIZUEQBJ,code,L,70004315,ST,2006-01-07T08:00,2006-01-07T10:00,ORY,1406361028
BFCTVYDJ,code,L,70004404,CP,2006-01-07T04:40,2006-01-07T07:05,MPL,1321446349
BFCTVYDJ,code,L,70004405,CP,2006-01-07T07:45,2006-01-07T09:45,ORY,1321446349
BGJNLMPH,code,L,70004404,FO,2006-01-07T04:40,2006-01-07T07:05,MPL,1321446349
BGJNLMPH,code,L,70004405,FO,2006-01-07T07:45,2006-01-07T09:45,ORY,1321446349
IJAWYIGP,code,L,70004404,CS,2006-01-07T04:40,2006-01-07T07:05,MPL,1321446349
IJAWYIGP,code,L,70004405,CS,2006-01-07T07:45,2006-01-07T09:45,ORY,1321446349
KBWUAHSH,code,L,70004404,CS,2006-01-07T04:40,2006-01-07T07:05,MPL,1321446349
KBWUAHSH,code,L,70004405,CS,2006-01-07T07:45,2006-01-07T09:45,ORY,1321446349
CPMZNPPH,code,L,70004404,ST,2006-01-07T04:40,2006-01-07T07:05,MPL,1321446349
CPMZNPPH,code,L,70004405,ST,2006-01-07T07:45,2006-01-07T09:45,ORY,1321446349
MCBKKILP,code,L,70004404,ST,2006-01-07T04:40,2006-01-07T07:05,MPL,1321446349
MCBKKILP,code,L,70004405,ST,2006-01-07T07:45,2006-01-07T09:45,ORY,1321446349
QFNYQDFU,code,L,70004404,ST,2006-01-07T04:40,2006-01-07T07:05,MPL,1321446349
QFNYQDFU,code,L,70004405,ST,2006-01-07T07:45,2006-01-07T09:45,ORY,1321446349
KTBYMRFA,code,L,70004404,ST,2006-01-07T04:40,2006-01-07T07:05,MPL,1321446349
KTBYMRFA,code,L,70004405,ST,2006-01-07T07:45,2006-01-07T09:45,ORY,1321446349
NAKVVAQY,code,L,70004404,ST,2006-01-07T04:40,2006-01-07T07:05,MPL,1321446349
NAKVVAQY,code,L,70004405,ST,2006-01-07T07:45,2006-01-07T09:45,ORY,1321446349
MXSKOZQO,code,L,70004404,ST,2006-01-07T04:40,2006-01-07T07:05,MPL,1321446349
MXSKOZQO,code,L,70004405,ST,2006-01-07T07:45,2006-01-07T09:45,ORY,1321446349
VRXERCJS,code,L,70002966,CP,2006-01-07T04:40,2006-01-07T07:00,TLS,333461483
VRXERCJS,code,L,70002973,CP,2006-01-07T07:50,2006-01-07T09:45,ORY,333461483
XPZYPVAK,code,L,70002966,FO,2006-01-07T04:40,2006-01-07T07:00,TLS,333461483
XPZYPVAK,code,L,70002973,FO,2006-01-07T07:50,2006-01-07T09:45,ORY,333461483
MQYZNWIY,code,L,70002966,CS,2006-01-07T04:40,2006-01-07T07:00,TLS,333461483
MQYZNWIY,code,L,70002973,CS,2006-01-07T07:50,2006-01-07T09:45,ORY,333461483
CPAAIYZU,code,L,70002966,CS,2006-01-07T04:40,2006-01-07T07:00,TLS,333461483
CPAAIYZU,code,L,70002973,CS,2006-01-07T07:50,2006-01-07T09:45,ORY,333461483
SXJBQITH,code,L,70002966,ST,2006-01-07T04:40,2006-01-07T07:00,TLS,333461483
SXJBQITH,code,L,70002973,ST,2006-01-07T07:50,2006-01-07T09:45,ORY,333461483
PNEHYUAZ,code,L,70002966,ST,2006-01-07T04:40,2006-01-07T07:00,TLS,333461483
PNEHYUAZ,code,L,70002973,ST,2006-01-07T07:50,2006-01-07T09:45,ORY,333461483
IDNNHSMX,code,L,70002966,ST,2006-01-07T04:40,2006-01-07T07:00,TLS,333461483
IDNNHSMX,code,L,70002973,ST,2006-01-07T07:50,2006-01-07T09:45,ORY,333461483
DFOFIABP,code,L,70002966,ST,2006-01-07T04:40,2006-01-07T07:00,TLS,333461483
DFOFIABP,code,L,70002973,ST,2006-01-07T07:50,2006-01-07T09:45,ORY,333461483
KMCJHIWE,code,L,70002966,ST,2006-01-07T04:40,2006-01-07T07:00,TLS,333461483
KMCJHIWE,code,L,70002973,ST,2006-01-07T07:50,2006-01-07T09:45,ORY,333461483
TVUXRXIT,code,L,70002966,ST,2006-01-07T04:40,2006-01-07T07:00,TLS,333461483
TVUXRXIT,code,L,70002973,ST,2006-01-07T07:50,2006-01-07T09:45,ORY,333461483
TUMDBXUS,code,L,70004576,CP,2006-01-07T04:40,2006-01-07T07:15,NCE,1008338748
TUMDBXUS,code,L,70004551,CP,2006-01-07T08:10,2006-01-07T09:35,CDG,1008338748
TUMDBXUS,code,L,70004552,CP,2006-01-07T10:30,2006-01-07T12:00,MPL,1008338748
TUMDBXUS,code,L,70004577,CP,2006-01-07T12:50,2006-01-07T14:10,CDG,1008338748
DGLVXMBO,code,L,70004576,FO,2006-01-07T04:40,2006-01-07T07:15,NCE,1008338748
DGLVXMBO,code,L,70004551,FO,2006-01-07T08:10,2006-01-07T09:35,CDG,1008338748
DGLVXMBO,code,L,70004552,FO,2006-01-07T10:30,2006-01-07T12:00,MPL,1008338748
DGLVXMBO,code,L,70004577,FO,2006-01-07T12:50,2006-01-07T14:10,CDG,1008338748
MTQQJXAY,code,L,70004576,CS,2006-01-07T04:40,2006-01-07T07:15,NCE,1008338748
MTQQJXAY,code,L,70004551,CS,2006-01-07T08:10,2006-01-07T09:35,CDG,1008338748
MTQQJXAY,code,L,70004552,CS,2006-01-07T10:30,2006-01-07T12:00,MPL,1008338748
MTQQJXAY,code,L,70004577,CS,2006-01-07T12:50,2006-01-07T14:10,CDG,1008338748
JNXSOSYF,code,L,70004576,CS,2006-01-07T04:40,2006-01-07T07:15,NCE,1008338748
JNXSOSYF,code,L,70004551,CS,2006-01-07T08:10,2006-01-07T09:35,CDG,1008338748
JNXSOSYF,code,L,70004552,CS,2006-01-07T10:30,2006-01-07T12:00,MPL,1008338748
JNXSOSYF,code,L,70004577,CS,2006-01-07T12:50,2006-01-07T14:10,CDG,1008338748
WUOEDZLS,code,L,70004576,ST,2006-01-07T04:40,2006-01-07T07:15,NCE,1008338748
WUOEDZLS,code,L,70004551,ST,2006-01-07T08:10,2006-01-07T09:35,CDG,1008338748
WUOEDZLS,code,L,70004552,ST,2006-01-07T10:30,2006-01-07T12:00,MPL,1008338748
WUOEDZLS,code,L,70004577,ST,2006-01-07T12:50,2006-01-07T14:10,CDG,1008338748
MILUDOGQ,code,L,70004576,ST,2006-01-07T04:40,2006-01-07T07:15,NCE,1008338748
MILUDOGQ,code,L,70004551,ST,2006-01-07T08:10,2006-01-07T09:35,CDG,1008338748
MILUDOGQ,code,L,70004552,ST,2006-01-07T10:30,2006-01-07T12:00,MPL,1008338748
MILUDOGQ,code,L,70004577,ST,2006-01-07T12:50,2006-01-07T14:10,CDG,1008338748
SOSERYHA,code,L,70004576,ST,2006-01-07T04:40,2006-01-07T07:15,NCE,1008338748
SOSERYHA,code,L,70004551,ST,2006-01-07T08:10,2006-01-07T09:35,CDG,1008338748
SOSERYHA,code,L,70004552,ST,2006-01-07T10:30,2006-01-07T12:00,MPL,1008338748
SOSERYHA,code,L,70004577,ST,2006-01-07T12:50,2006-01-07T14:10,CDG,1008338748
JFFIKTEN,code,L,70004576,ST,2006-01-07T04:40,2006-01-07T07:15,NCE,1008338748
JFFIKTEN,code,L,70004551,ST,2006-01-07T08:10,2006-01-07T09:35,CDG,1008338748
JFFIKTEN,code,L,70004552,ST,2006-01-07T10:30,2006-01-07T12:00,MPL,1008338748
JFFIKTEN,code,L,70004577,ST,2006-01-07T12:50,2006-01-07T14:10,CDG,1008338748
VHWFLQNM,code,L,70004576,ST,2006-01-07T04:40,2006-01-07T07:15,NCE,1008338748
VHWFLQNM,code,L,70004551,ST,2006-01-07T08:10,2006-01-07T09:35,CDG,1008338748
VHWFLQNM,code,L,70004552,ST,2006-01-07T10:30,2006-01-07T12:00,MPL,1008338748
VHWFLQNM,code,L,70004577,ST,2006-01-07T12:50,2006-01-07T14:10,CDG,1008338748
UTYZHISR,code,L,70004576,ST,2006-01-07T04:40,2006-01-07T07:15,NCE,1008338748
UTYZHISR,code,L,70004551,ST,2006-01-07T08:10,2006-01-07T09:35,CDG,1008338748
UTYZHISR,code,L,70004552,ST,2006-01-07T10:30,2006-01-07T12:00,MPL,1008338748
UTYZHISR,code,L,70004577,ST,2006-01-07T12:50,2006-01-07T14:10,CDG,1008338748
MCSABXJT,code,L,70002543,CP,2006-01-07T04:40,2006-01-07T06:50,RDZ,262918833
MCSABXJT,code,L,70002544,CP,2006-01-07T07:25,2006-01-07T09:15,ORY,262918833
TYSRZPLB,code,L,70002543,FO,2006-01-07T04:40,2006-01-07T06:50,RDZ,262918833
TYSRZPLB,code,L,70002544,FO,2006-01-07T07:25,2006-01-07T09:15,ORY,262918833
GQLWHIEO,code,L,70002543,CSD,2006-01-07T04:40,2006-01-07T06:50,RDZ,262918833
GQLWHIEO,code,L,70002544,CSD,2006-01-07T07:25,2006-01-07T09:15,ORY,262918833
JBGQAKYZ,code,L,70002543,ST,2006-01-07T04:40,2006-01-07T06:50,RDZ,262918833
JBGQAKYZ,code,L,70002544,ST,2006-01-07T07:25,2006-01-07T09:15,ORY,262918833
WVNSGEZS,code,L,70002543,ST,2006-01-07T04:40,2006-01-07T06:50,RDZ,262918833
WVNSGEZS,code,L,70002544,ST,2006-01-07T07:25,2006-01-07T09:15,ORY,262918833
IQZTEPPV,code,L,70004694,CP,2006-01-07T04:40,2006-01-07T06:35,NCE,160225133
IQZTEPPV,code,L,70004693,CP,2006-01-07T07:50,2006-01-07T09:35,LYS,160225133
IXZGMMWY,code,L,70004694,FO,2006-01-07T04:40,2006-01-07T06:35,NCE,160225133
IXZGMMWY,code,L,70004693,FO,2006-01-07T07:50,2006-01-07T09:35,LYS,160225133
MKUSUWHD,code,L,70004694,CSD,2006-01-07T04:40,2006-01-07T06:35,NCE,160225133
MKUSUWHD,code,L,70004693,CSD,2006-01-07T07:50,2006-01-07T09:35,LYS,160225133
IHONVQFT,code,L,70004694,ST,2006-01-07T04:40,2006-01-07T06:35,NCE,160225133
IHONVQFT,code,L,70004693,ST,2006-01-07T07:50,2006-01-07T09:35,LYS,160225133
NURGRMKL,code,L,70004694,ST,2006-01-07T04:40,2006-01-07T06:35,NCE,160225133
NURGRMKL,code,L,70004693,ST,2006-01-07T07:50,2006-01-07T09:35,LYS,160225133
WRNJQVTX,code,L,70004364,CP,2006-01-07T04:45,2006-01-07T07:10,TLN,345545550
WRNJQVTX,code,L,70004363,CP,2006-01-07T07:55,2006-01-07T10:00,ORY,345545550
NPTUULCA,code,L,70004364,FO,2006-01-07T04:45,2006-01-07T07:10,TLN,345545550
NPTUULCA,code,L,70004363,FO,2006-01-07T07:55,2006-01-07T10:00,ORY,345545550
ZGIQAWJC,code,L,70004364,CS,2006-01-07T04:45,2006-01-07T07:10,TLN,345545550
ZGIQAWJC,code,L,70004363,CS,2006-01-07T07:55,2006-01-07T10:00,ORY,345545550
ZFEWLURI,code,L,70004364,CS,2006-01-07T04:45,2006-01-07T07:10,TLN,345545550
ZFEWLURI,code,L,70004363,CS,2006-01-07T07:55,2006-01-07T10:00,ORY,345545550
ZMLZAKRF,code,L,70004364,ST,2006-01-07T04:45,2006-01-07T07:10,TLN,345545550
ZMLZAKRF,code,L,70004363,ST,2006-01-07T07:55,2006-01-07T10:00,ORY,345545550
XKQWJEXD,code,L,70004364,ST,2006-01-07T04:45,2006-01-07T07:10,TLN,345545550
XKQWJEXD,code,L,70004363,ST,2006-01-07T07:55,2006-01-07T10:00,ORY,345545550
PPCKEKRN,code,L,70004364,ST,2006-01-07T04:45,2006-01-07T07:10,TLN,345545550
PPCKEKRN,code,L,70004363,ST,2006-01-07T07:55,2006-01-07T10:00,ORY,345545550
RKFGGSSM,code,L,70004364,ST,2006-01-07T04:45,2006-01-07T07:10,TLN,345545550
RKFGGSSM,code,L,70004363,ST,2006-01-07T07:55,2006-01-07T10:00,ORY,345545550
AFLAUVOI,code,L,70004364,ST,2006-01-07T04:45,2006-01-07T07:10,TLN,345545550
AFLAUVOI,code,L,70004363,ST,2006-01-07T07:55,2006-01-07T10:00,ORY,345545550
KMIYZHBA,code,L,70004364,ST,2006-01-07T04:45,2006-01-07T07:10,TLN,345545550
KMIYZHBA,code,L,70004363,ST,2006-01-07T07:55,2006-01-07T10:00,ORY,345545550
WUSNHBTL,code,L,70004673,CP,2006-01-07T04:45,2006-01-07T07:00,LIL,2130037697
WUSNHBTL,code,L,70004676,CP,2006-01-07T07:40,2006-01-07T09:40,LYS,2130037697
APKLOOAV,code,L,70004673,FO,2006-01-07T04:45,2006-01-07T07:00,LIL,2130037697
APKLOOAV,code,L,70004676,FO,2006-01-07T07:40,2006-01-07T09:40,LYS,2130037697
QNWKDBHL,code,L,70004673,CS,2006-01-07T04:45,2006-01-07T07:00,LIL,2130037697
QNWKDBHL,code,L,70004676,CS,2006-01-07T07:40,2006-01-07T09:40,LYS,2130037697
WNIAGNSG,code,L,70004673,CS,2006-01-07T04:45,2006-01-07T07:00,LIL,2130037697
WNIAGNSG,code,L,70004676,CS,2006-01-07T07:40,2006-01-07T09:40,LYS,2130037697
EWNEJTXV,code,L,70004673,ST,2006-01-07T04:45,2006-01-07T07:00,LIL,2130037697
EWNEJTXV,code,L,70004676,ST,2006-01-07T07:40,2006-01-07T09:40,LYS,2130037697
DAUNDPFZ,code,L,70004673,ST,2006-01-07T04:45,2006-01-07T07:00,LIL,2130037697
DAUNDPFZ,code,L,70004676,ST,2006-01-07T07:40,2006-01-07T09:40,LYS,2130037697
NOYVMAVH,code,L,70004673,ST,2006-01-07T04:45,2006-01-07T07:00,LIL,2130037697
NOYVMAVH,code,L,70004676,ST,2006-01-07T07:40,2006-01-07T09:40,LYS,2130037697
IJWTEJMA,code,L,70004673,ST,2006-01-07T04:45,2006-01-07T07:00,LIL,2130037697
IJWTEJMA,code,L,70004676,ST,2006-01-07T07:40,2006-01-07T09:40,LYS,2130037697
ZDVXKLRZ,code,L,70004673,ST,2006-01-07T04:45,2006-01-07T07:00,LIL,2130037697
ZDVXKLRZ,code,L,70004676,ST,2006-01-07T07:40,2006-01-07T09:40,LYS,2130037697
JRPQCXWQ,code,L,70004673,ST,2006-01-07T04:45,2006-01-07T07:00,LIL,2130037697
JRPQCXWQ,code,L,70004676,ST,2006-01-07T07:40,2006-01-07T09:40,LYS,2130037697
GXKTWHIR,code,L,70004723,CP,2006-01-07T04:45,2006-01-07T07:00,NTE,263157300
GXKTWHIR,code,L,70004726,CP,2006-01-07T07:55,2006-01-07T09:55,LYS,263157300
HMKJIYPK,code,L,70004723,FO,2006-01-07T04:45,2006-01-07T07:00,NTE,263157300
HMKJIYPK,code,L,70004726,FO,2006-01-07T07:55,2006-01-07T09:55,LYS,263157300
UTQNBNQR,code,L,70004723,CS,2006-01-07T04:45,2006-01-07T07:00,NTE,263157300
UTQNBNQR,code,L,70004726,CS,2006-01-07T07:55,2006-01-07T09:55,LYS,263157300
BTKAUCJZ,code,L,70004723,CS,2006-01-07T04:45,2006-01-07T07:00,NTE,263157300
BTKAUCJZ,code,L,70004726,CS,2006-01-07T07:55,2006-01-07T09:55,LYS,263157300
YDRZMKED,code,L,70004723,ST,2006-01-07T04:45,2006-01-07T07:00,NTE,263157300
YDRZMKED,code,L,70004726,ST,2006-01-07T07:55,2006-01-07T09:55,LYS,263157300
ETPFXATW,code,L,70004723,ST,2006-01-07T04:45,2006-01-07T07:00,NTE,263157300
ETPFXATW,code,L,70004726,ST,2006-01-07T07:55,2006-01-07T09:55,LYS,263157300
JCOPWESG,code,L,70004723,ST,2006-01-07T04:45,2006-01-07T07:00,NTE,263157300
JCOPWESG,code,L,70004726,ST,2006-01-07T07:55,2006-01-07T09:55,LYS,263157300
PVVROFYK,code,L,70004723,ST,2006-01-07T04:45,2006-01-07T07:00,NTE,263157300
PVVROFYK,code,L,70004726,ST,2006-01-07T07:55,2006-01-07T09:55,LYS,263157300
UIXYXLWK,code,L,70004723,ST,2006-01-07T04:45,2006-01-07T07:00,NTE,263157300
UIXYXLWK,code,L,70004726,ST,2006-01-07T07:55,2006-01-07T09:55,LYS,263157300
PHVIJYWU,code,L,70004723,ST,2006-01-07T04:45,2006-01-07T07:00,NTE,263157300
PHVIJYWU,code,L,70004726,ST,2006-01-07T07:55,2006-01-07T09:55,LYS,263157300
XTYFROUW,code,L,70002524,CP,2006-01-07T04:45,2006-01-07T06:55,UIP,1196878155
XTYFROUW,code,L,70002523,CP,2006-01-07T07:45,2006-01-07T08:50,ORY,1196878155
XTYFROUW,code,L,70002526,CP,2006-01-07T09:45,2006-01-07T10:55,UIP,1196878155
XTYFROUW,code,L,70002798,CP,2006-01-07T13:00,2006-01-07T14:45,ORY,1196878155
XPHFQOEU,code,L,70002524,FO,2006-01-07T04:45,2006-01-07T06:55,UIP,1196878155
XPHFQOEU,code,L,70002523,FO,2006-01-07T07:45,2006-01-07T08:50,ORY,1196878155
XPHFQOEU,code,L,70002526,FO,2006-01-07T09:45,2006-01-07T10:55,UIP,1196878155
XPHFQOEU,code,L,70002798,FO,2006-01-07T13:00,2006-01-07T14:45,ORY,1196878155
TAERLIWR,code,L,70002524,CSD,2006-01-07T04:45,2006-01-07T06:55,UIP,1196878155
TAERLIWR,code,L,70002523,CSD,2006-01-07T07:45,2006-01-07T08:50,ORY,1196878155
TAERLIWR,code,L,70002526,CSD,2006-01-07T09:45,2006-01-07T10:55,UIP,1196878155
TAERLIWR,code,L,70002798,CSD,2006-01-07T13:00,2006-01-07T14:45,ORY,1196878155
IZOWNPAC,code,L,70002524,ST,2006-01-07T04:45,2006-01-07T06:55,UIP,1196878155
IZOWNPAC,code,L,70002523,ST,2006-01-07T07:45,2006-01-07T08:50,ORY,1196878155
IZOWNPAC,code,L,70002526,ST,2006-01-07T09:45,2006-01-07T10:55,UIP,1196878155
IZOWNPAC,code,L,70002798,ST,2006-01-07T13:00,2006-01-07T14:45,ORY,1196878155
KHLGNCKW,code,L,70002524,ST,2006-01-07T04:45,2006-01-07T06:55,UIP,1196878155
KHLGNCKW,code,L,70002523,ST,2006-01-07T07:45,2006-01-07T08:50,ORY,1196878155
KHLGNCKW,code,L,70002526,ST,2006-01-07T09:45,2006-01-07T10:55,UIP,1196878155
KHLGNCKW,code,L,70002798,ST,2006-01-07T13:00,2006-01-07T14:45,ORY,1196878155
BTMXQZBS,code,L,70004764,CP,2006-01-07T04:45,2006-01-07T07:10,NCE,1835196615
BTMXQZBS,code,L,70004765,CP,2006-01-07T07:45,2006-01-07T09:00,BOD,1835196615
BTMXQZBS,code,L,70003076,CP,2006-01-07T11:35,2006-01-07T13:00,NCE,1835196615
BTMXQZBS,code,L,70003063,CP,2006-01-07T14:00,2006-01-07T16:10,ORY,1835196615
JXNUCXGK,code,L,70004764,FO,2006-01-07T04:45,2006-01-07T07:10,NCE,1835196615
JXNUCXGK,code,L,70004765,FO,2006-01-07T07:45,2006-01-07T09:00,BOD,1835196615
JXNUCXGK,code,L,70003076,FO,2006-01-07T11:35,2006-01-07T13:00,NCE,1835196615
JXNUCXGK,code,L,70003063,FO,2006-01-07T14:00,2006-01-07T16:10,ORY,1835196615
NRPFPQGG,code,L,70004764,CS,2006-01-07T04:45,2006-01-07T07:10,NCE,1835196615
NRPFPQGG,code,L,70004765,CS,2006-01-07T07:45,2006-01-07T09:00,BOD,1835196615
NRPFPQGG,code,L,70003076,CS,2006-01-07T11:35,2006-01-07T13:00,NCE,1835196615
NRPFPQGG,code,L,70003063,CS,2006-01-07T14:00,2006-01-07T16:10,ORY,1835196615
PVWTQHVU,code,L,70004764,ST,2006-01-07T04:45,2006-01-07T07:10,NCE,1835196615
PVWTQHVU,code,L,70004765,ST,2006-01-07T07:45,2006-01-07T09:00,BOD,1835196615
PVWTQHVU,code,L,70003076,ST,2006-01-07T11:35,2006-01-07T13:00,NCE,1835196615
PVWTQHVU,code,L,70003063,ST,2006-01-07T14:00,2006-01-07T16:10,ORY,1835196615
INZBICMA,code,L,70004764,ST,2006-01-07T04:45,2006-01-07T07:10,NCE,1835196615
INZBICMA,code,L,70004765,ST,2006-01-07T07:45,2006-01-07T09:00,BOD,1835196615
INZBICMA,code,L,70003076,ST,2006-01-07T11:35,2006-01-07T13:00,NCE,1835196615
INZBICMA,code,L,70003063,ST,2006-01-07T14:00,2006-01-07T16:10,ORY,1835196615
KQASLVGA,code,L,70002965,CP,2006-01-07T04:50,2006-01-07T07:00,ORY,182621155
KQASLVGA,code,L,70002974,CP,2006-01-07T07:40,2006-01-07T09:45,TLS,182621155
YHVGQUYS,code,L,70002965,FO,2006-01-07T04:50,2006-01-07T07:00,ORY,182621155
YHVGQUYS,code,L,70002974,FO,2006-01-07T07:40,2006-01-07T09:45,TLS,182621155
XZHLOHUS,code,L,70002965,CS,2006-01-07T04:50,2006-01-07T07:00,ORY,182621155
XZHLOHUS,code,L,70002974,CS,2006-01-07T07:40,2006-01-07T09:45,TLS,182621155
AQIBQREB,code,L,70002965,CS,2006-01-07T04:50,2006-01-07T07:00,ORY,182621155
AQIBQREB,code,L,70002974,CS,2006-01-07T07:40,2006-01-07T09:45,TLS,182621155
GRXPLWPU,code,L,70002965,ST,2006-01-07T04:50,2006-01-07T07:00,ORY,182621155
GRXPLWPU,code,L,70002974,ST,2006-01-07T07:40,2006-01-07T09:45,TLS,182621155
CLQWGHDQ,code,L,70002965,ST,2006-01-07T04:50,2006-01-07T07:00,ORY,182621155
CLQWGHDQ,code,L,70002974,ST,2006-01-07T07:40,2006-01-07T09:45,TLS,182621155
GMLCHPRH,code,L,70002965,ST,2006-01-07T04:50,2006-01-07T07:00,ORY,182621155
GMLCHPRH,code,L,70002974,ST,2006-01-07T07:40,2006-01-07T09:45,TLS,182621155
YVFXKYDA,code,L,70002965,ST,2006-01-07T04:50,2006-01-07T07:00,ORY,182621155
YVFXKYDA,code,L,70002974,ST,2006-01-07T07:40,2006-01-07T09:45,TLS,182621155
HTBVUKUC,code,L,70002965,ST,2006-01-07T04:50,2006-01-07T07:00,ORY,182621155
HTBVUKUC,code,L,70002974,ST,2006-01-07T07:40,2006-01-07T09:45,TLS,182621155
RWNQFMUC,code,L,70002965,ST,2006-01-07T04:50,2006-01-07T07:00,ORY,182621155
RWNQFMUC,code,L,70002974,ST,2006-01-07T07:40,2006-01-07T09:45,TLS,182621155
TRWNSLKE,code,L,70004704,CP,2006-01-07T04:50,2006-01-07T06:50,TLS,1796576214
TRWNSLKE,code,L,70004703,CP,2006-01-07T07:45,2006-01-07T09:35,LYS,1796576214
DAOFDEMA,code,L,70004704,FO,2006-01-07T04:50,2006-01-07T06:50,TLS,1796576214
DAOFDEMA,code,L,70004703,FO,2006-01-07T07:45,2006-01-07T09:35,LYS,1796576214
RBTRCRUK,code,L,70004704,CS,2006-01-07T04:50,2006-01-07T06:50,TLS,1796576214
RBTRCRUK,code,L,70004703,CS,2006-01-07T07:45,2006-01-07T09:35,LYS,1796576214
SIHKOKLA,code,L,70004704,CS,2006-01-07T04:50,2006-01-07T06:50,TLS,1796576214
SIHKOKLA,code,L,70004703,CS,2006-01-07T07:45,2006-01-07T09:35,LYS,1796576214
YHVNPCIX,code,L,70004704,ST,2006-01-07T04:50,2006-01-07T06:50,TLS,1796576214
YHVNPCIX,code,L,70004703,ST,2006-01-07T07:45,2006-01-07T09:35,LYS,1796576214
YJQSSBWB,code,L,70004704,ST,2006-01-07T04:50,2006-01-07T06:50,TLS,1796576214
YJQSSBWB,code,L,70004703,ST,2006-01-07T07:45,2006-01-07T09:35,LYS,1796576214
JXUXYZJK,code,L,70004704,ST,2006-01-07T04:50,2006-01-07T06:50,TLS,1796576214
JXUXYZJK,code,L,70004703,ST,2006-01-07T07:45,2006-01-07T09:35,LYS,1796576214
HPNOYGBK,code,L,70004704,ST,2006-01-07T04:50,2006-01-07T06:50,TLS,1796576214
HPNOYGBK,code,L,70004703,ST,2006-01-07T07:45,2006-01-07T09:35,LYS,1796576214
JEIWMTOP,code,L,70004704,ST,2006-01-07T04:50,2006-01-07T06:50,TLS,1796576214
JEIWMTOP,code,L,70004703,ST,2006-01-07T07:45,2006-01-07T09:35,LYS,1796576214
AFGZXAAW,code,L,70004704,ST,2006-01-07T04:50,2006-01-07T06:50,TLS,1796576214
AFGZXAAW,code,L,70004703,ST,2006-01-07T07:45,2006-01-07T09:35,LYS,1796576214
YZZTSPVM,code,L,70004264,CP,2006-01-07T04:50,2006-01-07T06:55,LYS,1661516681
YZZTSPVM,code,L,70004265,CP,2006-01-07T07:40,2006-01-07T09:30,ORY,1661516681
YCBXGTUA,code,L,70004264,FO,2006-01-07T04:50,2006-01-07T06:55,LYS,1661516681
YCBXGTUA,code,L,70004265,FO,2006-01-07T07:40,2006-01-07T09:30,ORY,1661516681
PLDFPRMJ,code,L,70004264,CS,2006-01-07T04:50,2006-01-07T06:55,LYS,1661516681
PLDFPRMJ,code,L,70004265,CS,2006-01-07T07:40,2006-01-07T09:30,ORY,1661516681
RGTMQWPO,code,L,70004264,CS,2006-01-07T04:50,2006-01-07T06:55,LYS,1661516681
RGTMQWPO,code,L,70004265,CS,2006-01-07T07:40,2006-01-07T09:30,ORY,1661516681
KFXMEOBM,code,L,70004264,ST,2006-01-07T04:50,2006-01-07T06:55,LYS,1661516681
KFXMEOBM,code,L,70004265,ST,2006-01-07T07:40,2006-01-07T09:30,ORY,1661516681
WKIJZCVE,code,L,70004264,ST,2006-01-07T04:50,2006-01-07T06:55,LYS,1661516681
WKIJZCVE,code,L,70004265,ST,2006-01-07T07:40,2006-01-07T09:30,ORY,1661516681
CVFOWGII,code,L,70004264,ST,2006-01-07T04:50,2006-01-07T06:55,LYS,1661516681
CVFOWGII,code,L,70004265,ST,2006-01-07T07:40,2006-01-07T09:30,ORY,1661516681
PSTEJUAN,code,L,70004264,ST,2006-01-07T04:50,2006-01-07T06:55,LYS,1661516681
PSTEJUAN,code,L,70004265,ST,2006-01-07T07:40,2006-01-07T09:30,ORY,1661516681
JCHQTEYF,code,L,70004264,ST,2006-01-07T04:50,2006-01-07T06:55,LYS,1661516681
JCHQTEYF,code,L,70004265,ST,2006-01-07T07:40,2006-01-07T09:30,ORY,1661516681
RFAAEWEW,code,L,70004264,ST,2006-01-07T04:50,2006-01-07T06:55,LYS,1661516681
RFAAEWEW,code,L,70004265,ST,2006-01-07T07:40,2006-01-07T09:30,ORY,1661516681
CJDAELQG,code,L,70004344,CP,2006-01-07T04:50,2006-01-07T07:10,BIQ,359906493
CJDAELQG,code,L,70004343,CP,2006-01-07T07:55,2006-01-07T09:55,ORY,359906493
JBIDSVNU,code,L,70004344,FO,2006-01-07T04:50,2006-01-07T07:10,BIQ,359906493
JBIDSVNU,code,L,70004343,FO,2006-01-07T07:55,2006-01-07T09:55,ORY,359906493
ADLDQXEO,code,L,70004344,CS,2006-01-07T04:50,2006-01-07T07:10,BIQ,359906493
ADLDQXEO,code,L,70004343,CS,2006-01-07T07:55,2006-01-07T09:55,ORY,359906493
PDVZWUVI,code,L,70004344,ST,2006-01-07T04:50,2006-01-07T07:10,BIQ,359906493
PDVZWUVI,code,L,70004343,ST,2006-01-07T07:55,2006-01-07T09:55,ORY,359906493
BZNGAXKQ,code,L,70004344,ST,2006-01-07T04:50,2006-01-07T07:10,BIQ,359906493
BZNGAXKQ,code,L,70004343,ST,2006-01-07T07:55,2006-01-07T09:55,ORY,359906493
YYMCMUGW,code,L,70005163,CP,2006-01-07T04:50,2006-01-07T07:40,BOD,295069519
YYMCMUGW,code,L,70005164,CP,2006-01-07T08:55,2006-01-07T11:30,AMS,295069519
XAIZEDEQ,code,L,70005163,FO,2006-01-07T04:50,2006-01-07T07:40,BOD,295069519
XAIZEDEQ,code,L,70005164,FO,2006-01-07T08:55,2006-01-07T11:30,AMS,295069519
MVKUMIXX,code,L,70005163,CS,2006-01-07T04:50,2006-01-07T07:40,BOD,295069519
MVKUMIXX,code,L,70005164,CS,2006-01-07T08:55,2006-01-07T11:30,AMS,295069519
ULEYQRXU,code,L,70005163,ST,2006-01-07T04:50,2006-01-07T07:40,BOD,295069519
ULEYQRXU,code,L,70005164,ST,2006-01-07T08:55,2006-01-07T11:30,AMS,295069519
ZSTDRENG,code,L,70005163,ST,2006-01-07T04:50,2006-01-07T07:40,BOD,295069519
ZSTDRENG,code,L,70005164,ST,2006-01-07T08:55,2006-01-07T11:30,AMS,295069519
HDFKVHSK,code,L,70002648,CP,2006-01-07T04:50,2006-01-07T06:50,SXB,178283218
HDFKVHSK,code,L,70002647,CP,2006-01-07T07:40,2006-01-07T09:25,LYS,178283218
JSMLFRMY,code,L,70002648,FO,2006-01-07T04:50,2006-01-07T06:50,SXB,178283218
JSMLFRMY,code,L,70002647,FO,2006-01-07T07:40,2006-01-07T09:25,LYS,178283218
ZDXDLFPT,code,L,70002648,CS,2006-01-07T04:50,2006-01-07T06:50,SXB,178283218
ZDXDLFPT,code,L,70002647,CS,2006-01-07T07:40,2006-01-07T09:25,LYS,178283218
FHQTTIQC,code,L,70002648,ST,2006-01-07T04:50,2006-01-07T06:50,SXB,178283218
FHQTTIQC,code,L,70002647,ST,2006-01-07T07:40,2006-01-07T09:25,LYS,178283218
KGPCRJWO,code,L,70002648,ST,2006-01-07T04:50,2006-01-07T06:50,SXB,178283218
KGPCRJWO,code,L,70002647,ST,2006-01-07T07:40,2006-01-07T09:25,LYS,178283218
VZXOXYXG,code,L,70002648,ST,2006-01-07T04:50,2006-01-07T06:50,SXB,178283218
VZXOXYXG,code,L,70002647,ST,2006-01-07T07:40,2006-01-07T09:25,LYS,178283218
DAQKEYFR,code,L,70004544,CP,2006-01-07T04:55,2006-01-07T07:25,MPL,134224868
DAQKEYFR,code,L,70004547,CP,2006-01-07T19:50,2006-01-07T22:00,CDG,134224868
ZOYEONKU,code,L,70004544,FO,2006-01-07T04:55,2006-01-07T07:25,MPL,134224868
ZOYEONKU,code,L,70004547,FO,2006-01-07T19:50,2006-01-07T22:00,CDG,134224868
GJBSLDEP,code,L,70004544,CS,2006-01-07T04:55,2006-01-07T07:25,MPL,134224868
GJBSLDEP,code,L,70004547,CS,2006-01-07T19:50,2006-01-07T22:00,CDG,134224868
JNHDANVJ,code,L,70004544,CS,2006-01-07T04:55,2006-01-07T07:25,MPL,134224868
JNHDANVJ,code,L,70004547,CS,2006-01-07T19:50,2006-01-07T22:00,CDG,134224868
KYKIXTCI,code,L,70004544,ST,2006-01-07T04:55,2006-01-07T07:25,MPL,134224868
KYKIXTCI,code,L,70004547,ST,2006-01-07T19:50,2006-01-07T22:00,CDG,134224868
IAYUVWRY,code,L,70004544,ST,2006-01-07T04:55,2006-01-07T07:25,MPL,134224868
IAYUVWRY,code,L,70004547,ST,2006-01-07T19:50,2006-01-07T22:00,CDG,134224868
SQPABOGI,code,L,70004544,ST,2006-01-07T04:55,2006-01-07T07:25,MPL,134224868
SQPABOGI,code,L,70004547,ST,2006-01-07T19:50,2006-01-07T22:00,CDG,134224868
GVAYEVEH,code,L,70004544,ST,2006-01-07T04:55,2006-01-07T07:25,MPL,134224868
GVAYEVEH,code,L,70004547,ST,2006-01-07T19:50,2006-01-07T22:00,CDG,134224868
AFEWMHPH,code,L,70004544,ST,2006-01-07T04:55,2006-01-07T07:25,MPL,134224868
AFEWMHPH,code,L,70004547,ST,2006-01-07T19:50,2006-01-07T22:00,CDG,134224868
ZSJNHECG,code,L,70004544,ST,2006-01-07T04:55,2006-01-07T07:25,MPL,134224868
ZSJNHECG,code,L,70004547,ST,2006-01-07T19:50,2006-01-07T22:00,CDG,134224868
IOBRUBTG,code,L,70001364,CP,2006-01-07T04:55,2006-01-07T07:35,AJA,1454666067
IOBRUBTG,code,L,70001363,CP,2006-01-07T08:25,2006-01-07T10:50,ORY,1454666067
FWOPFLEW,code,L,70001364,FO,2006-01-07T04:55,2006-01-07T07:35,AJA,1454666067
FWOPFLEW,code,L,70001363,FO,2006-01-07T08:25,2006-01-07T10:50,ORY,1454666067
EXCOTKSY,code,L,70001364,CS,2006-01-07T04:55,2006-01-07T07:35,AJA,1454666067
EXCOTKSY,code,L,70001363,CS,2006-01-07T08:25,2006-01-07T10:50,ORY,1454666067
MFBEYDNH,code,L,70001364,CS,2006-01-07T04:55,2006-01-07T07:35,AJA,1454666067
MFBEYDNH,code,L,70001363,CS,2006-01-07T08:25,2006-01-07T10:50,ORY,1454666067
GXKOHQOY,code,L,70001364,ST,2006-01-07T04:55,2006-01-07T07:35,AJA,1454666067
GXKOHQOY,code,L,70001363,ST,2006-01-07T08:25,2006-01-07T10:50,ORY,1454666067
NYAOOOSK,code,L,70001364,ST,2006-01-07T04:55,2006-01-07T07:35,AJA,1454666067
NYAOOOSK,code,L,70001363,ST,2006-01-07T08:25,2006-01-07T10:50,ORY,1454666067
RPCPXLXA,code,L,70001364,ST,2006-01-07T04:55,2006-01-07T07:35,AJA,1454666067
RPCPXLXA,code,L,70001363,ST,2006-01-07T08:25,2006-01-07T10:50,ORY,1454666067
UMETNIYQ,code,L,70001364,ST,2006-01-07T04:55,2006-01-07T07:35,AJA,1454666067
UMETNIYQ,code,L,70001363,ST,2006-01-07T08:25,2006-01-07T10:50,ORY,1454666067
JPRRHOKR,code,L,70001364,ST,2006-01-07T04:55,2006-01-07T07:35,AJA,1454666067
JPRRHOKR,code,L,70001363,ST,2006-01-07T08:25,2006-01-07T10:50,ORY,1454666067
OYJLMZLN,code,L,70001364,ST,2006-01-07T04:55,2006-01-07T07:35,AJA,1454666067
OYJLMZLN,code,L,70001363,ST,2006-01-07T08:25,2006-01-07T10:50,ORY,1454666067
XDJUDVBS,code,L,70001374,CP,2006-01-07T04:55,2006-01-07T07:30,BIA,525100016
XDJUDVBS,code,L,70001379,CP,2006-01-07T08:30,2006-01-07T10:50,ORY,525100016
KUVKHCTA,code,L,70001374,FO,2006-01-07T04:55,2006-01-07T07:30,BIA,525100016
KUVKHCTA,code,L,70001379,FO,2006-01-07T08:30,2006-01-07T10:50,ORY,525100016
SYLLUTFR,code,L,70001374,CS,2006-01-07T04:55,2006-01-07T07:30,BIA,525100016
SYLLUTFR,code,L,70001379,CS,2006-01-07T08:30,2006-01-07T10:50,ORY,525100016
EJMUEDYZ,code,L,70001374,CS,2006-01-07T04:55,2006-01-07T07:30,BIA,525100016
EJMUEDYZ,code,L,70001379,CS,2006-01-07T08:30,2006-01-07T10:50,ORY,525100016
NWHTVABG,code,L,70001374,ST,2006-01-07T04:55,2006-01-07T07:30,BIA,525100016
NWHTVABG,code,L,70001379,ST,2006-01-07T08:30,2006-01-07T10:50,ORY,525100016
TGMRYMHX,code,L,70001374,ST,2006-01-07T04:55,2006-01-07T07:30,BIA,525100016
TGMRYMHX,code,L,70001379,ST,2006-01-07T08:30,2006-01-07T10:50,ORY,525100016
JGZJZVTU,code,L,70001374,ST,2006-01-07T04:55,2006-01-07T07:30,BIA,525100016
JGZJZVTU,code,L,70001379,ST,2006-01-07T08:30,2006-01-07T10:50,ORY,525100016
EGSRSXWR,code,L,70001374,ST,2006-01-07T04:55,2006-01-07T07:30,BIA,525100016
EGSRSXWR,code,L,70001379,ST,2006-01-07T08:30,2006-01-07T10:50,ORY,525100016
IOPRQTJT,code,L,70001374,ST,2006-01-07T04:55,2006-01-07T07:30,BIA,525100016
IOPRQTJT,code,L,70001379,ST,2006-01-07T08:30,2006-01-07T10:50,ORY,525100016
BCSLEVYW,code,L,70001374,ST,2006-01-07T04:55,2006-01-07T07:30,BIA,525100016
BCSLEVYW,code,L,70001379,ST,2006-01-07T08:30,2006-01-07T10:50,ORY,525100016
XAUFMJPY,code,L,70002673,CP,2006-01-07T04:55,2006-01-07T07:20,SXB,657187435
XAUFMJPY,code,L,70002674,CP,2006-01-07T07:55,2006-01-07T10:10,LGW,657187435
RDPJZSWA,code,L,70002673,FO,2006-01-07T04:55,2006-01-07T07:20,SXB,657187435
RDPJZSWA,code,L,70002674,FO,2006-01-07T07:55,2006-01-07T10:10,LGW,657187435
LIISUONF,code,L,70002673,CSD,2006-01-07T04:55,2006-01-07T07:20,SXB,657187435
LIISUONF,code,L,70002674,CSD,2006-01-07T07:55,2006-01-07T10:10,LGW,657187435
PPFUHWPO,code,L,70002673,ST,2006-01-07T04:55,2006-01-07T07:20,SXB,657187435
PPFUHWPO,code,L,70002674,ST,2006-01-07T07:55,2006-01-07T10:10,LGW,657187435
UPWYRXPS,code,L,70002673,ST,2006-01-07T04:55,2006-01-07T07:20,SXB,657187435
UPWYRXPS,code,L,70002674,ST,2006-01-07T07:55,2006-01-07T10:10,LGW,657187435
DEULDMXV,code,L,70003103,CP,2006-01-07T05:00,2006-01-07T07:20,ORY,532638534
DEULDMXV,code,L,70003068,CP,2006-01-07T08:05,2006-01-07T10:15,NCE,532638534
NSPFFBRH,code,L,70003103,FO,2006-01-07T05:00,2006-01-07T07:20,ORY,532638534
NSPFFBRH,code,L,70003068,FO,2006-01-07T08:05,2006-01-07T10:15,NCE,532638534
PJPDQRVG,code,L,70003103,CS,2006-01-07T05:00,2006-01-07T07:20,ORY,532638534
PJPDQRVG,code,L,70003068,CS,2006-01-07T08:05,2006-01-07T10:15,NCE,532638534
GUEHSLLJ,code,L,70003103,CS,2006-01-07T05:00,2006-01-07T07:20,ORY,532638534
GUEHSLLJ,code,L,70003068,CS,2006-01-07T08:05,2006-01-07T10:15,NCE,532638534
ASKMTGHH,code,L,70003103,ST,2006-01-07T05:00,2006-01-07T07:20,ORY,532638534
ASKMTGHH,code,L,70003068,ST,2006-01-07T08:05,2006-01-07T10:15,NCE,532638534
POXWRUWT,code,L,70003103,ST,2006-01-07T05:00,2006-01-07T07:20,ORY,532638534
POXWRUWT,code,L,70003068,ST,2006-01-07T08:05,2006-01-07T10:15,NCE,532638534
OTXILXQK,code,L,70003103,ST,2006-01-07T05:00,2006-01-07T07:20,ORY,532638534
OTXILXQK,code,L,70003068,ST,2006-01-07T08:05,2006-01-07T10:15,NCE,532638534
HCEAYAZG,code,L,70003103,ST,2006-01-07T05:00,2006-01-07T07:20,ORY,532638534
HCEAYAZG,code,L,70003068,ST,2006-01-07T08:05,2006-01-07T10:15,NCE,532638534
TEXYVHUD,code,L,70003103,ST,2006-01-07T05:00,2006-01-07T07:20,ORY,532638534
TEXYVHUD,code,L,70003068,ST,2006-01-07T08:05,2006-01-07T10:15,NCE,532638534
VCOVQMCM,code,L,70003103,ST,2006-01-07T05:00,2006-01-07T07:20,ORY,532638534
VCOVQMCM,code,L,70003068,ST,2006-01-07T08:05,2006-01-07T10:15,NCE,532638534
PHNPWPWS,code,L,70002793,CP,2006-01-07T05:00,2006-01-07T07:10,LRT,796471501
PHNPWPWS,code,L,70002794,CP,2006-01-07T07:55,2006-01-07T09:45,ORY,796471501
GPVXJHUE,code,L,70002793,FO,2006-01-07T05:00,2006-01-07T07:10,LRT,796471501
GPVXJHUE,code,L,70002794,FO,2006-01-07T07:55,2006-01-07T09:45,ORY,796471501
KNMUKFDM,code,L,70002793,CSD,2006-01-07T05:00,2006-01-07T07:10,LRT,796471501
KNMUKFDM,code,L,70002794,CSD,2006-01-07T07:55,2006-01-07T09:45,ORY,796471501
BAVHKMXV,code,L,70002793,ST,2006-01-07T05:00,2006-01-07T07:10,LRT,796471501
BAVHKMXV,code,L,70002794,ST,2006-01-07T07:55,2006-01-07T09:45,ORY,796471501
LREMPBIN,code,L,70002793,ST,2006-01-07T05:00,2006-01-07T07:10,LRT,796471501
LREMPBIN,code,L,70002794,ST,2006-01-07T07:55,2006-01-07T09:45,ORY,796471501
VIXITVZA,code,L,70002534,CP,2006-01-07T05:00,2006-01-07T06:45,BES,435943218
VIXITVZA,code,L,70002634,CP,2006-01-07T07:15,2006-01-07T08:35,NTE,435943218
VIXITVZA,code,L,70002633,CP,2006-01-07T09:05,2006-01-07T10:25,SXB,435943218
VIXITVZA,code,L,70002533,CP,2006-01-07T10:55,2006-01-07T11:35,NTE,435943218
VIXITVZA,code,L,70002655,CP,2006-01-07T12:20,2006-01-07T13:50,BES,435943218
VIXITVZA,code,L,70002656,CP,2006-01-07T14:30,2006-01-07T16:40,LYS,435943218
QCLAMYNI,code,L,70002534,FO,2006-01-07T05:00,2006-01-07T06:45,BES,435943218
QCLAMYNI,code,L,70002634,FO,2006-01-07T07:15,2006-01-07T08:35,NTE,435943218
QCLAMYNI,code,L,70002633,FO,2006-01-07T09:05,2006-01-07T10:25,SXB,435943218
QCLAMYNI,code,L,70002533,FO,2006-01-07T10:55,2006-01-07T11:35,NTE,435943218
QCLAMYNI,code,L,70002655,FO,2006-01-07T12:20,2006-01-07T13:50,BES,435943218
QCLAMYNI,code,L,70002656,FO,2006-01-07T14:30,2006-01-07T16:40,LYS,435943218
OYNRYIUD,code,L,70002534,CS,2006-01-07T05:00,2006-01-07T06:45,BES,435943218
OYNRYIUD,code,L,70002634,CS,2006-01-07T07:15,2006-01-07T08:35,NTE,435943218
OYNRYIUD,code,L,70002633,CS,2006-01-07T09:05,2006-01-07T10:25,SXB,435943218
OYNRYIUD,code,L,70002533,CS,2006-01-07T10:55,2006-01-07T11:35,NTE,435943218
OYNRYIUD,code,L,70002655,CS,2006-01-07T12:20,2006-01-07T13:50,BES,435943218
OYNRYIUD,code,L,70002656,CS,2006-01-07T14:30,2006-01-07T16:40,LYS,435943218
KFBUHHLC,code,L,70002534,ST,2006-01-07T05:00,2006-01-07T06:45,BES,435943218
KFBUHHLC,code,L,70002634,ST,2006-01-07T07:15,2006-01-07T08:35,NTE,435943218
KFBUHHLC,code,L,70002633,ST,2006-01-07T09:05,2006-01-07T10:25,SXB,435943218
KFBUHHLC,code,L,70002533,ST,2006-01-07T10:55,2006-01-07T11:35,NTE,435943218
KFBUHHLC,code,L,70002655,ST,2006-01-07T12:20,2006-01-07T13:50,BES,435943218
KFBUHHLC,code,L,70002656,ST,2006-01-07T14:30,2006-01-07T16:40,LYS,435943218
HHBLWGPS,code,L,70002534,ST,2006-01-07T05:00,2006-01-07T06:45,BES,435943218
HHBLWGPS,code,L,70002634,ST,2006-01-07T07:15,2006-01-07T08:35,NTE,435943218
HHBLWGPS,code,L,70002633,ST,2006-01-07T09:05,2006-01-07T10:25,SXB,435943218
HHBLWGPS,code,L,70002533,ST,2006-01-07T10:55,2006-01-07T11:35,NTE,435943218
HHBLWGPS,code,L,70002655,ST,2006-01-07T12:20,2006-01-07T13:50,BES,435943218
HHBLWGPS,code,L,70002656,ST,2006-01-07T14:30,2006-01-07T16:40,LYS,435943218
EPCVHPMP,code,L,70002534,ST,2006-01-07T05:00,2006-01-07T06:45,BES,435943218
EPCVHPMP,code,L,70002634,ST,2006-01-07T07:15,2006-01-07T08:35,NTE,435943218
EPCVHPMP,code,L,70002633,ST,2006-01-07T09:05,2006-01-07T10:25,SXB,435943218
EPCVHPMP,code,L,70002533,ST,2006-01-07T10:55,2006-01-07T11:35,NTE,435943218
EPCVHPMP,code,L,70002655,ST,2006-01-07T12:20,2006-01-07T13:50,BES,435943218
EPCVHPMP,code,L,70002656,ST,2006-01-07T14:30,2006-01-07T16:40,LYS,435943218
DKUWGDQO,code,L,70003064,CP,2006-01-07T05:05,2006-01-07T07:30,NCE,929393559
DKUWGDQO,code,L,70003069,CP,2006-01-07T08:00,2006-01-07T10:05,ORY,929393559
GJSMXEZO,code,L,70003064,FO,2006-01-07T05:05,2006-01-07T07:30,NCE,929393559
GJSMXEZO,code,L,70003069,FO,2006-01-07T08:00,2006-01-07T10:05,ORY,929393559
CRXKUYLM,code,L,70003064,CS,2006-01-07T05:05,2006-01-07T07:30,NCE,929393559
CRXKUYLM,code,L,70003069,CS,2006-01-07T08:00,2006-01-07T10:05,ORY,929393559
KVXXBMFP,code,L,70003064,CS,2006-01-07T05:05,2006-01-07T07:30,NCE,929393559
KVXXBMFP,code,L,70003069,CS,2006-01-07T08:00,2006-01-07T10:05,ORY,929393559
VRJESPTH,code,L,70003064,ST,2006-01-07T05:05,2006-01-07T07:30,NCE,929393559
VRJESPTH,code,L,70003069,ST,2006-01-07T08:00,2006-01-07T10:05,ORY,929393559
VZGOQRMF,code,L,70003064,ST,2006-01-07T05:05,2006-01-07T07:30,NCE,929393559
VZGOQRMF,code,L,70003069,ST,2006-01-07T08:00,2006-01-07T10:05,ORY,929393559
BQVAKNYB,code,L,70003064,ST,2006-01-07T05:05,2006-01-07T07:30,NCE,929393559
BQVAKNYB,code,L,70003069,ST,2006-01-07T08:00,2006-01-07T10:05,ORY,929393559
UKFZGQSY,code,L,70003064,ST,2006-01-07T05:05,2006-01-07T07:30,NCE,929393559
UKFZGQSY,code,L,70003069,ST,2006-01-07T08:00,2006-01-07T10:05,ORY,929393559
UCTXQILA,code,L,70003064,ST,2006-01-07T05:05,2006-01-07T07:30,NCE,929393559
UCTXQILA,code,L,70003069,ST,2006-01-07T08:00,2006-01-07T10:05,ORY,929393559
NMULNYEO,code,L,70003064,ST,2006-01-07T05:05,2006-01-07T07:30,NCE,929393559
NMULNYEO,code,L,70003069,ST,2006-01-07T08:00,2006-01-07T10:05,ORY,929393559
DZBPLYMU,code,L,70004656,CP,2006-01-07T05:05,2006-01-07T07:35,TLS,1903678842
DZBPLYMU,code,L,70004645,CP,2006-01-07T09:30,2006-01-07T11:40,CDG,1903678842
SANJVFZS,code,L,70004656,FO,2006-01-07T05:05,2006-01-07T07:35,TLS,1903678842
SANJVFZS,code,L,70004645,FO,2006-01-07T09:30,2006-01-07T11:40,CDG,1903678842
ONVFARMQ,code,L,70004656,CS,2006-01-07T05:05,2006-01-07T07:35,TLS,1903678842
ONVFARMQ,code,L,70004645,CS,2006-01-07T09:30,2006-01-07T11:40,CDG,1903678842
FMVJIVSN,code,L,70004656,CS,2006-01-07T05:05,2006-01-07T07:35,TLS,1903678842
FMVJIVSN,code,L,70004645,CS,2006-01-07T09:30,2006-01-07T11:40,CDG,1903678842
DTHVPNEZ,code,L,70004656,ST,2006-01-07T05:05,2006-01-07T07:35,TLS,1903678842
DTHVPNEZ,code,L,70004645,ST,2006-01-07T09:30,2006-01-07T11:40,CDG,1903678842
JVPQQSFM,code,L,70004656,ST,2006-01-07T05:05,2006-01-07T07:35,TLS,1903678842
JVPQQSFM,code,L,70004645,ST,2006-01-07T09:30,2006-01-07T11:40,CDG,1903678842
BRXFQJUD,code,L,70004656,ST,2006-01-07T05:05,2006-01-07T07:35,TLS,1903678842
BRXFQJUD,code,L,70004645,ST,2006-01-07T09:30,2006-01-07T11:40,CDG,1903678842
SMARPUVZ,code,L,70004656,ST,2006-01-07T05:05,2006-01-07T07:35,TLS,1903678842
SMARPUVZ,code,L,70004645,ST,2006-01-07T09:30,2006-01-07T11:40,CDG,1903678842
XXGEXYFI,code,L,70004656,ST,2006-01-07T05:05,2006-01-07T07:35,TLS,1903678842
XXGEXYFI,code,L,70004645,ST,2006-01-07T09:30,2006-01-07T11:40,CDG,1903678842
VQNGGWKC,code,L,70004656,ST,2006-01-07T05:05,2006-01-07T07:35,TLS,1903678842
VQNGGWKC,code,L,70004645,ST,2006-01-07T09:30,2006-01-07T11:40,CDG,1903678842
HOAHPEOW,code,L,7000152,CP,2006-01-07T05:05,2006-01-07T07:20,MLH,1130118952
HOAHPEOW,code,L,7000145,CP,2006-01-07T08:05,2006-01-07T10:00,CDG,1130118952
RDKHHTKG,code,L,7000152,FO,2006-01-07T05:05,2006-01-07T07:20,MLH,1130118952
RDKHHTKG,code,L,7000145,FO,2006-01-07T08:05,2006-01-07T10:00,CDG,1130118952
XTYEFOTW,code,L,7000152,CS,2006-01-07T05:05,2006-01-07T07:20,MLH,1130118952
XTYEFOTW,code,L,7000145,CS,2006-01-07T08:05,2006-01-07T10:00,CDG,1130118952
OMLNSSJU,code,L,7000152,CS,2006-01-07T05:05,2006-01-07T07:20,MLH,1130118952
OMLNSSJU,code,L,7000145,CS,2006-01-07T08:05,2006-01-07T10:00,CDG,1130118952
SAFBOXAJ,code,L,7000152,ST,2006-01-07T05:05,2006-01-07T07:20,MLH,1130118952
SAFBOXAJ,code,L,7000145,ST,2006-01-07T08:05,2006-01-07T10:00,CDG,1130118952
BQFRXWQH,code,L,7000152,ST,2006-01-07T05:05,2006-01-07T07:20,MLH,1130118952
BQFRXWQH,code,L,7000145,ST,2006-01-07T08:05,2006-01-07T10:00,CDG,1130118952
PWDUYNWL,code,L,7000152,ST,2006-01-07T05:05,2006-01-07T07:20,MLH,1130118952
PWDUYNWL,code,L,7000145,ST,2006-01-07T08:05,2006-01-07T10:00,CDG,1130118952
AOAEPCOO,code,L,7000152,ST,2006-01-07T05:05,2006-01-07T07:20,MLH,1130118952
AOAEPCOO,code,L,7000145,ST,2006-01-07T08:05,2006-01-07T10:00,CDG,1130118952
FRQKBVLS,code,L,7000152,ST,2006-01-07T05:05,2006-01-07T07:20,MLH,1130118952
FRQKBVLS,code,L,7000145,ST,2006-01-07T08:05,2006-01-07T10:00,CDG,1130118952
VMUINROM,code,L,7000152,ST,2006-01-07T05:05,2006-01-07T07:20,MLH,1130118952
VMUINROM,code,L,7000145,ST,2006-01-07T08:05,2006-01-07T10:00,CDG,1130118952
FOUESTJK,code,L,70002968,CP,2006-01-07T05:10,2006-01-07T07:30,TLS,2035035283
FOUESTJK,code,L,70004269,CP,2006-01-07T09:30,2006-01-07T10:35,ORY,2035035283
FOUESTJK,code,L,70004270,CP,2006-01-07T11:20,2006-01-07T12:25,LYS,2035035283
FOUESTJK,code,L,70004271,CP,2006-01-07T13:40,2006-01-07T14:45,ORY,2035035283
FOUESTJK,code,L,70004276,CP,2006-01-07T16:10,2006-01-07T17:15,LYS,2035035283
FOUESTJK,code,L,70002967,CP,2006-01-07T18:25,2006-01-07T20:30,ORY,2035035283
OZFWABSH,code,L,70002968,FO,2006-01-07T05:10,2006-01-07T07:30,TLS,2035035283
OZFWABSH,code,L,70004269,FO,2006-01-07T09:30,2006-01-07T10:35,ORY,2035035283
OZFWABSH,code,L,70004270,FO,2006-01-07T11:20,2006-01-07T12:25,LYS,2035035283
OZFWABSH,code,L,70004271,FO,2006-01-07T13:40,2006-01-07T14:45,ORY,2035035283
OZFWABSH,code,L,70004276,FO,2006-01-07T16:10,2006-01-07T17:15,LYS,2035035283
OZFWABSH,code,L,70002967,FO,2006-01-07T18:25,2006-01-07T20:30,ORY,2035035283
FOSBJDQY,code,L,70002968,CS,2006-01-07T05:10,2006-01-07T07:30,TLS,2035035283
FOSBJDQY,code,L,70004269,CS,2006-01-07T09:30,2006-01-07T10:35,ORY,2035035283
FOSBJDQY,code,L,70004270,CS,2006-01-07T11:20,2006-01-07T12:25,LYS,2035035283
FOSBJDQY,code,L,70004271,CS,2006-01-07T13:40,2006-01-07T14:45,ORY,2035035283
FOSBJDQY,code,L,70004276,CS,2006-01-07T16:10,2006-01-07T17:15,LYS,2035035283
FOSBJDQY,code,L,70002967,CS,2006-01-07T18:25,2006-01-07T20:30,ORY,2035035283
DCAUUOGI,code,L,70002968,CS,2006-01-07T05:10,2006-01-07T07:30,TLS,2035035283
DCAUUOGI,code,L,70004269,CS,2006-01-07T09:30,2006-01-07T10:35,ORY,2035035283
DCAUUOGI,code,L,70004270,CS,2006-01-07T11:20,2006-01-07T12:25,LYS,2035035283
DCAUUOGI,code,L,70004271,CS,2006-01-07T13:40,2006-01-07T14:45,ORY,2035035283
DCAUUOGI,code,L,70004276,CS,2006-01-07T16:10,2006-01-07T17:15,LYS,2035035283
DCAUUOGI,code,L,70002967,CS,2006-01-07T18:25,2006-01-07T20:30,ORY,2035035283
MEXDJJTH,code,L,70002968,ST,2006-01-07T05:10,2006-01-07T07:30,TLS,2035035283
MEXDJJTH,code,L,70004269,ST,2006-01-07T09:30,2006-01-07T10:35,ORY,2035035283
MEXDJJTH,code,L,70004270,ST,2006-01-07T11:20,2006-01-07T12:25,LYS,2035035283
MEXDJJTH,code,L,70004271,ST,2006-01-07T13:40,2006-01-07T14:45,ORY,2035035283
MEXDJJTH,code,L,70004276,ST,2006-01-07T16:10,2006-01-07T17:15,LYS,2035035283
MEXDJJTH,code,L,70002967,ST,2006-01-07T18:25,2006-01-07T20:30,ORY,2035035283
DJPPYWQF,code,L,70002968,ST,2006-01-07T05:10,2006-01-07T07:30,TLS,2035035283
DJPPYWQF,code,L,70004269,ST,2006-01-07T09:30,2006-01-07T10:35,ORY,2035035283
DJPPYWQF,code,L,70004270,ST,2006-01-07T11:20,2006-01-07T12:25,LYS,2035035283
DJPPYWQF,code,L,70004271,ST,2006-01-07T13:40,2006-01-07T14:45,ORY,2035035283
DJPPYWQF,code,L,70004276,ST,2006-01-07T16:10,2006-01-07T17:15,LYS,2035035283
DJPPYWQF,code,L,70002967,ST,2006-01-07T18:25,2006-01-07T20:30,ORY,2035035283
STVKSRTL,code,L,70002968,ST,2006-01-07T05:10,2006-01-07T07:30,TLS,2035035283
STVKSRTL,code,L,70004269,ST,2006-01-07T09:30,2006-01-07T10:35,ORY,2035035283
STVKSRTL,code,L,70004270,ST,2006-01-07T11:20,2006-01-07T12:25,LYS,2035035283
STVKSRTL,code,L,70004271,ST,2006-01-07T13:40,2006-01-07T14:45,ORY,2035035283
STVKSRTL,code,L,70004276,ST,2006-01-07T16:10,2006-01-07T17:15,LYS,2035035283
STVKSRTL,code,L,70002967,ST,2006-01-07T18:25,2006-01-07T20:30,ORY,2035035283
QKMGASUI,code,L,70002968,ST,2006-01-07T05:10,2006-01-07T07:30,TLS,2035035283
QKMGASUI,code,L,70004269,ST,2006-01-07T09:30,2006-01-07T10:35,ORY,2035035283
QKMGASUI,code,L,70004270,ST,2006-01-07T11:20,2006-01-07T12:25,LYS,2035035283
QKMGASUI,code,L,70004271,ST,2006-01-07T13:40,2006-01-07T14:45,ORY,2035035283
QKMGASUI,code,L,70004276,ST,2006-01-07T16:10,2006-01-07T17:15,LYS,2035035283
QKMGASUI,code,L,70002967,ST,2006-01-07T18:25,2006-01-07T20:30,ORY,2035035283
VSSKILHM,code,L,70002968,ST,2006-01-07T05:10,2006-01-07T07:30,TLS,2035035283
VSSKILHM,code,L,70004269,ST,2006-01-07T09:30,2006-01-07T10:35,ORY,2035035283
VSSKILHM,code,L,70004270,ST,2006-01-07T11:20,2006-01-07T12:25,LYS,2035035283
VSSKILHM,code,L,70004271,ST,2006-01-07T13:40,2006-01-07T14:45,ORY,2035035283
VSSKILHM,code,L,70004276,ST,2006-01-07T16:10,2006-01-07T17:15,LYS,2035035283
VSSKILHM,code,L,70002967,ST,2006-01-07T18:25,2006-01-07T20:30,ORY,2035035283
GRLMTPQL,code,L,70002968,ST,2006-01-07T05:10,2006-01-07T07:30,TLS,2035035283
GRLMTPQL,code,L,70004269,ST,2006-01-07T09:30,2006-01-07T10:35,ORY,2035035283
GRLMTPQL,code,L,70004270,ST,2006-01-07T11:20,2006-01-07T12:25,LYS,2035035283
GRLMTPQL,code,L,70004271,ST,2006-01-07T13:40,2006-01-07T14:45,ORY,2035035283
GRLMTPQL,code,L,70004276,ST,2006-01-07T16:10,2006-01-07T17:15,LYS,2035035283
GRLMTPQL,code,L,70002967,ST,2006-01-07T18:25,2006-01-07T20:30,ORY,2035035283
EKFKNQJY,code,L,70003118,CP,2006-01-07T05:10,2006-01-07T07:20,BOD,56569042
EKFKNQJY,code,L,70003119,CP,2006-01-07T08:10,2006-01-07T10:00,ORY,56569042
XXJIMICJ,code,L,70003118,FO,2006-01-07T05:10,2006-01-07T07:20,BOD,56569042
XXJIMICJ,code,L,70003119,FO,2006-01-07T08:10,2006-01-07T10:00,ORY,56569042
JVZACWEF,code,L,70003118,CS,2006-01-07T05:10,2006-01-07T07:20,BOD,56569042
JVZACWEF,code,L,70003119,CS,2006-01-07T08:10,2006-01-07T10:00,ORY,56569042
QBITBLPZ,code,L,70003118,CS,2006-01-07T05:10,2006-01-07T07:20,BOD,56569042
QBITBLPZ,code,L,70003119,CS,2006-01-07T08:10,2006-01-07T10:00,ORY,56569042
PEPONOPU,code,L,70003118,ST,2006-01-07T05:10,2006-01-07T07:20,BOD,56569042
PEPONOPU,code,L,70003119,ST,2006-01-07T08:10,2006-01-07T10:00,ORY,56569042
GJMULVGR,code,L,70003118,ST,2006-01-07T05:10,2006-01-07T07:20,BOD,56569042
GJMULVGR,code,L,70003119,ST,2006-01-07T08:10,2006-01-07T10:00,ORY,56569042
JKVZDKVB,code,L,70003118,ST,2006-01-07T05:10,2006-01-07T07:20,BOD,56569042
JKVZDKVB,code,L,70003119,ST,2006-01-07T08:10,2006-01-07T10:00,ORY,56569042
GFQBFOQH,code,L,70003118,ST,2006-01-07T05:10,2006-01-07T07:20,BOD,56569042
GFQBFOQH,code,L,70003119,ST,2006-01-07T08:10,2006-01-07T10:00,ORY,56569042
WXLHIXVJ,code,L,70003118,ST,2006-01-07T05:10,2006-01-07T07:20,BOD,56569042
WXLHIXVJ,code,L,70003119,ST,2006-01-07T08:10,2006-01-07T10:00,ORY,56569042
XJUEYIGL,code,L,70003118,ST,2006-01-07T05:10,2006-01-07T07:20,BOD,56569042
XJUEYIGL,code,L,70003119,ST,2006-01-07T08:10,2006-01-07T10:00,ORY,56569042
YCJVNPJZ,code,L,70004498,CP,2006-01-07T05:15,2006-01-07T07:45,BIQ,61497087
YCJVNPJZ,code,L,70004515,CP,2006-01-07T08:35,2006-01-07T09:45,CDG,61497087
YCJVNPJZ,code,L,70004506,CP,2006-01-07T12:40,2006-01-07T13:50,LYS,61497087
YCJVNPJZ,code,L,70004519,CP,2006-01-07T14:25,2006-01-07T15:25,CDG,61497087
YCJVNPJZ,code,L,70004520,CP,2006-01-07T16:05,2006-01-07T17:10,CFE,61497087
YCJVNPJZ,code,L,70004499,CP,2006-01-07T20:25,2006-01-07T22:35,CDG,61497087
WAKCWKJV,code,L,70004498,FO,2006-01-07T05:15,2006-01-07T07:45,BIQ,61497087
WAKCWKJV,code,L,70004515,FO,2006-01-07T08:35,2006-01-07T09:45,CDG,61497087
WAKCWKJV,code,L,70004506,FO,2006-01-07T12:40,2006-01-07T13:50,LYS,61497087
WAKCWKJV,code,L,70004519,FO,2006-01-07T14:25,2006-01-07T15:25,CDG,61497087
WAKCWKJV,code,L,70004520,FO,2006-01-07T16:05,2006-01-07T17:10,CFE,61497087
WAKCWKJV,code,L,70004499,FO,2006-01-07T20:25,2006-01-07T22:35,CDG,61497087
NBHMSEPG,code,L,70004498,CS,2006-01-07T05:15,2006-01-07T07:45,BIQ,61497087
NBHMSEPG,code,L,70004515,CS,2006-01-07T08:35,2006-01-07T09:45,CDG,61497087
NBHMSEPG,code,L,70004506,CS,2006-01-07T12:40,2006-01-07T13:50,LYS,61497087
NBHMSEPG,code,L,70004519,CS,2006-01-07T14:25,2006-01-07T15:25,CDG,61497087
NBHMSEPG,code,L,70004520,CS,2006-01-07T16:05,2006-01-07T17:10,CFE,61497087
NBHMSEPG,code,L,70004499,CS,2006-01-07T20:25,2006-01-07T22:35,CDG,61497087
CKLEOBOG,code,L,70004498,CS,2006-01-07T05:15,2006-01-07T07:45,BIQ,61497087
CKLEOBOG,code,L,70004515,CS,2006-01-07T08:35,2006-01-07T09:45,CDG,61497087
CKLEOBOG,code,L,70004506,CS,2006-01-07T12:40,2006-01-07T13:50,LYS,61497087
CKLEOBOG,code,L,70004519,CS,2006-01-07T14:25,2006-01-07T15:25,CDG,61497087
CKLEOBOG,code,L,70004520,CS,2006-01-07T16:05,2006-01-07T17:10,CFE,61497087
CKLEOBOG,code,L,70004499,CS,2006-01-07T20:25,2006-01-07T22:35,CDG,61497087
PZUDKCEW,code,L,70004498,ST,2006-01-07T05:15,2006-01-07T07:45,BIQ,61497087
PZUDKCEW,code,L,70004515,ST,2006-01-07T08:35,2006-01-07T09:45,CDG,61497087
PZUDKCEW,code,L,70004506,ST,2006-01-07T12:40,2006-01-07T13:50,LYS,61497087
PZUDKCEW,code,L,70004519,ST,2006-01-07T14:25,2006-01-07T15:25,CDG,61497087
PZUDKCEW,code,L,70004520,ST,2006-01-07T16:05,2006-01-07T17:10,CFE,61497087
PZUDKCEW,code,L,70004499,ST,2006-01-07T20:25,2006-01-07T22:35,CDG,61497087
DRMARIAF,code,L,70004498,ST,2006-01-07T05:15,2006-01-07T07:45,BIQ,61497087
DRMARIAF,code,L,70004515,ST,2006-01-07T08:35,2006-01-07T09:45,CDG,61497087
DRMARIAF,code,L,70004506,ST,2006-01-07T12:40,2006-01-07T13:50,LYS,61497087
DRMARIAF,code,L,70004519,ST,2006-01-07T14:25,2006-01-07T15:25,CDG,61497087
DRMARIAF,code,L,70004520,ST,2006-01-07T16:05,2006-01-07T17:10,CFE,61497087
DRMARIAF,code,L,70004499,ST,2006-01-07T20:25,2006-01-07T22:35,CDG,61497087
OLLQAUDL,code,L,70004498,ST,2006-01-07T05:15,2006-01-07T07:45,BIQ,61497087
OLLQAUDL,code,L,70004515,ST,2006-01-07T08:35,2006-01-07T09:45,CDG,61497087
OLLQAUDL,code,L,70004506,ST,2006-01-07T12:40,2006-01-07T13:50,LYS,61497087
OLLQAUDL,code,L,70004519,ST,2006-01-07T14:25,2006-01-07T15:25,CDG,61497087
OLLQAUDL,code,L,70004520,ST,2006-01-07T16:05,2006-01-07T17:10,CFE,61497087
OLLQAUDL,code,L,70004499,ST,2006-01-07T20:25,2006-01-07T22:35,CDG,61497087
CLPNGPOP,code,L,70004498,ST,2006-01-07T05:15,2006-01-07T07:45,BIQ,61497087
CLPNGPOP,code,L,70004515,ST,2006-01-07T08:35,2006-01-07T09:45,CDG,61497087
CLPNGPOP,code,L,70004506,ST,2006-01-07T12:40,2006-01-07T13:50,LYS,61497087
CLPNGPOP,code,L,70004519,ST,2006-01-07T14:25,2006-01-07T15:25,CDG,61497087
CLPNGPOP,code,L,70004520,ST,2006-01-07T16:05,2006-01-07T17:10,CFE,61497087
CLPNGPOP,code,L,70004499,ST,2006-01-07T20:25,2006-01-07T22:35,CDG,61497087
ZFXFVNFU,code,L,70004498,ST,2006-01-07T05:15,2006-01-07T07:45,BIQ,61497087
ZFXFVNFU,code,L,70004515,ST,2006-01-07T08:35,2006-01-07T09:45,CDG,61497087
ZFXFVNFU,code,L,70004506,ST,2006-01-07T12:40,2006-01-07T13:50,LYS,61497087
ZFXFVNFU,code,L,70004519,ST,2006-01-07T14:25,2006-01-07T15:25,CDG,61497087
ZFXFVNFU,code,L,70004520,ST,2006-01-07T16:05,2006-01-07T17:10,CFE,61497087
ZFXFVNFU,code,L,70004499,ST,2006-01-07T20:25,2006-01-07T22:35,CDG,61497087
PBRPMDFC,code,L,70004498,ST,2006-01-07T05:15,2006-01-07T07:45,BIQ,61497087
PBRPMDFC,code,L,70004515,ST,2006-01-07T08:35,2006-01-07T09:45,CDG,61497087
PBRPMDFC,code,L,70004506,ST,2006-01-07T12:40,2006-01-07T13:50,LYS,61497087
PBRPMDFC,code,L,70004519,ST,2006-01-07T14:25,2006-01-07T15:25,CDG,61497087
PBRPMDFC,code,L,70004520,ST,2006-01-07T16:05,2006-01-07T17:10,CFE,61497087
PBRPMDFC,code,L,70004499,ST,2006-01-07T20:25,2006-01-07T22:35,CDG,61497087
DGYTHNPE,code,L,70004643,CP,2006-01-07T05:15,2006-01-07T07:40,CDG,1507096884
DGYTHNPE,code,L,70002972,CP,2006-01-07T09:10,2006-01-07T10:30,TLS,1507096884
DGYTHNPE,code,L,70004431,CP,2006-01-07T11:40,2006-01-07T13:20,ORY,1507096884
DGYTHNPE,code,L,70004432,CP,2006-01-07T14:35,2006-01-07T16:15,AJA,1507096884
DGYTHNPE,code,L,70004437,CP,2006-01-07T17:00,2006-01-07T18:40,ORY,1507096884
DGYTHNPE,code,L,70004434,CP,2006-01-07T19:30,2006-01-07T20:45,AJA,1507096884
GGSHLVCM,code,L,70004643,FO,2006-01-07T05:15,2006-01-07T07:40,CDG,1507096884
GGSHLVCM,code,L,70002972,FO,2006-01-07T09:10,2006-01-07T10:30,TLS,1507096884
GGSHLVCM,code,L,70004431,FO,2006-01-07T11:40,2006-01-07T13:20,ORY,1507096884
GGSHLVCM,code,L,70004432,FO,2006-01-07T14:35,2006-01-07T16:15,AJA,1507096884
GGSHLVCM,code,L,70004437,FO,2006-01-07T17:00,2006-01-07T18:40,ORY,1507096884
GGSHLVCM,code,L,70004434,FO,2006-01-07T19:30,2006-01-07T20:45,AJA,1507096884
MLYXRBOX,code,L,70004643,CS,2006-01-07T05:15,2006-01-07T07:40,CDG,1507096884
MLYXRBOX,code,L,70002972,CS,2006-01-07T09:10,2006-01-07T10:30,TLS,1507096884
MLYXRBOX,code,L,70004431,CS,2006-01-07T11:40,2006-01-07T13:20,ORY,1507096884
MLYXRBOX,code,L,70004432,CS,2006-01-07T14:35,2006-01-07T16:15,AJA,1507096884
MLYXRBOX,code,L,70004437,CS,2006-01-07T17:00,2006-01-07T18:40,ORY,1507096884
MLYXRBOX,code,L,70004434,CS,2006-01-07T19:30,2006-01-07T20:45,AJA,1507096884
MCOMZUEY,code,L,70004643,CS,2006-01-07T05:15,2006-01-07T07:40,CDG,1507096884
MCOMZUEY,code,L,70002972,CS,2006-01-07T09:10,2006-01-07T10:30,TLS,1507096884
MCOMZUEY,code,L,70004431,CS,2006-01-07T11:40,2006-01-07T13:20,ORY,1507096884
MCOMZUEY,code,L,70004432,CS,2006-01-07T14:35,2006-01-07T16:15,AJA,1507096884
MCOMZUEY,code,L,70004437,CS,2006-01-07T17:00,2006-01-07T18:40,ORY,1507096884
MCOMZUEY,code,L,70004434,CS,2006-01-07T19:30,2006-01-07T20:45,AJA,1507096884
HYULIPAS,code,L,70004643,ST,2006-01-07T05:15,2006-01-07T07:40,CDG,1507096884
HYULIPAS,code,L,70002972,ST,2006-01-07T09:10,2006-01-07T10:30,TLS,1507096884
HYULIPAS,code,L,70004431,ST,2006-01-07T11:40,2006-01-07T13:20,ORY,1507096884
HYULIPAS,code,L,70004432,ST,2006-01-07T14:35,2006-01-07T16:15,AJA,1507096884
HYULIPAS,code,L,70004437,ST,2006-01-07T17:00,2006-01-07T18:40,ORY,1507096884
HYULIPAS,code,L,70004434,ST,2006-01-07T19:30,2006-01-07T20:45,AJA,1507096884
KIUBVGRS,code,L,70004643,ST,2006-01-07T05:15,2006-01-07T07:40,CDG,1507096884
KIUBVGRS,code,L,70002972,ST,2006-01-07T09:10,2006-01-07T10:30,TLS,1507096884
KIUBVGRS,code,L,70004431,ST,2006-01-07T11:40,2006-01-07T13:20,ORY,1507096884
KIUBVGRS,code,L,70004432,ST,2006-01-07T14:35,2006-01-07T16:15,AJA,1507096884
KIUBVGRS,code,L,70004437,ST,2006-01-07T17:00,2006-01-07T18:40,ORY,1507096884
KIUBVGRS,code,L,70004434,ST,2006-01-07T19:30,2006-01-07T20:45,AJA,1507096884
CYWUDNBT,code,L,70004643,ST,2006-01-07T05:15,2006-01-07T07:40,CDG,1507096884
CYWUDNBT,code,L,70002972,ST,2006-01-07T09:10,2006-01-07T10:30,TLS,1507096884
CYWUDNBT,code,L,70004431,ST,2006-01-07T11:40,2006-01-07T13:20,ORY,1507096884
CYWUDNBT,code,L,70004432,ST,2006-01-07T14:35,2006-01-07T16:15,AJA,1507096884
CYWUDNBT,code,L,70004437,ST,2006-01-07T17:00,2006-01-07T18:40,ORY,1507096884
CYWUDNBT,code,L,70004434,ST,2006-01-07T19:30,2006-01-07T20:45,AJA,1507096884
NFAIZWLE,code,L,70004643,ST,2006-01-07T05:15,2006-01-07T07:40,CDG,1507096884
NFAIZWLE,code,L,70002972,ST,2006-01-07T09:10,2006-01-07T10:30,TLS,1507096884
NFAIZWLE,code,L,70004431,ST,2006-01-07T11:40,2006-01-07T13:20,ORY,1507096884
NFAIZWLE,code,L,70004432,ST,2006-01-07T14:35,2006-01-07T16:15,AJA,1507096884
NFAIZWLE,code,L,70004437,ST,2006-01-07T17:00,2006-01-07T18:40,ORY,1507096884
NFAIZWLE,code,L,70004434,ST,2006-01-07T19:30,2006-01-07T20:45,AJA,1507096884
CEHOJEQZ,code,L,70004643,ST,2006-01-07T05:15,2006-01-07T07:40,CDG,1507096884
CEHOJEQZ,code,L,70002972,ST,2006-01-07T09:10,2006-01-07T10:30,TLS,1507096884
CEHOJEQZ,code,L,70004431,ST,2006-01-07T11:40,2006-01-07T13:20,ORY,1507096884
CEHOJEQZ,code,L,70004432,ST,2006-01-07T14:35,2006-01-07T16:15,AJA,1507096884
CEHOJEQZ,code,L,70004437,ST,2006-01-07T17:00,2006-01-07T18:40,ORY,1507096884
CEHOJEQZ,code,L,70004434,ST,2006-01-07T19:30,2006-01-07T20:45,AJA,1507096884
UBGWNCCZ,code,L,70004643,ST,2006-01-07T05:15,2006-01-07T07:40,CDG,1507096884
UBGWNCCZ,code,L,70002972,ST,2006-01-07T09:10,2006-01-07T10:30,TLS,1507096884
UBGWNCCZ,code,L,70004431,ST,2006-01-07T11:40,2006-01-07T13:20,ORY,1507096884
UBGWNCCZ,code,L,70004432,ST,2006-01-07T14:35,2006-01-07T16:15,AJA,1507096884
UBGWNCCZ,code,L,70004437,ST,2006-01-07T17:00,2006-01-07T18:40,ORY,1507096884
UBGWNCCZ,code,L,70004434,ST,2006-01-07T19:30,2006-01-07T20:45,AJA,1507096884
AAPSHVAS,code,L,70004523,CP,2006-01-07T05:15,2006-01-07T07:40,CDG,585887566
AAPSHVAS,code,L,70004524,CP,2006-01-07T09:05,2006-01-07T11:20,MRS,585887566
QFOBGRBI,code,L,70004523,FO,2006-01-07T05:15,2006-01-07T07:40,CDG,585887566
QFOBGRBI,code,L,70004524,FO,2006-01-07T09:05,2006-01-07T11:20,MRS,585887566
SLLNJDKK,code,L,70004523,CS,2006-01-07T05:15,2006-01-07T07:40,CDG,585887566
SLLNJDKK,code,L,70004524,CS,2006-01-07T09:05,2006-01-07T11:20,MRS,585887566
WDDLGDAM,code,L,70004523,CS,2006-01-07T05:15,2006-01-07T07:40,CDG,585887566
WDDLGDAM,code,L,70004524,CS,2006-01-07T09:05,2006-01-07T11:20,MRS,585887566
UAIUZAAZ,code,L,70004523,ST,2006-01-07T05:15,2006-01-07T07:40,CDG,585887566
UAIUZAAZ,code,L,70004524,ST,2006-01-07T09:05,2006-01-07T11:20,MRS,585887566
BUIPZUXR,code,L,70004523,ST,2006-01-07T05:15,2006-01-07T07:40,CDG,585887566
BUIPZUXR,code,L,70004524,ST,2006-01-07T09:05,2006-01-07T11:20,MRS,585887566
CWYDUTVT,code,L,70004523,ST,2006-01-07T05:15,2006-01-07T07:40,CDG,585887566
CWYDUTVT,code,L,70004524,ST,2006-01-07T09:05,2006-01-07T11:20,MRS,585887566
MLFBGTDS,code,L,70004523,ST,2006-01-07T05:15,2006-01-07T07:40,CDG,585887566
MLFBGTDS,code,L,70004524,ST,2006-01-07T09:05,2006-01-07T11:20,MRS,585887566
GJAMRQOY,code,L,70004523,ST,2006-01-07T05:15,2006-01-07T07:40,CDG,585887566
GJAMRQOY,code,L,70004524,ST,2006-01-07T09:05,2006-01-07T11:20,MRS,585887566
NBJMYRVR,code,L,70004523,ST,2006-01-07T05:15,2006-01-07T07:40,CDG,585887566
NBJMYRVR,code,L,70004524,ST,2006-01-07T09:05,2006-01-07T11:20,MRS,585887566
IPUEGUKR,code,L,70004563,CP,2006-01-07T05:20,2006-01-07T07:55,CDG,485266100
IPUEGUKR,code,L,70004564,CP,2006-01-07T09:05,2006-01-07T11:25,NCE,485266100
WIQQFYWK,code,L,70004563,FO,2006-01-07T05:20,2006-01-07T07:55,CDG,485266100
WIQQFYWK,code,L,70004564,FO,2006-01-07T09:05,2006-01-07T11:25,NCE,485266100
PBEIKACQ,code,L,70004563,CS,2006-01-07T05:20,2006-01-07T07:55,CDG,485266100
PBEIKACQ,code,L,70004564,CS,2006-01-07T09:05,2006-01-07T11:25,NCE,485266100
MDJDQOCU,code,L,70004563,CS,2006-01-07T05:20,2006-01-07T07:55,CDG,485266100
MDJDQOCU,code,L,70004564,CS,2006-01-07T09:05,2006-01-07T11:25,NCE,485266100
HARSIWER,code,L,70004563,ST,2006-01-07T05:20,2006-01-07T07:55,CDG,485266100
HARSIWER,code,L,70004564,ST,2006-01-07T09:05,2006-01-07T11:25,NCE,485266100
LHCNUXIN,code,L,70004563,ST,2006-01-07T05:20,2006-01-07T07:55,CDG,485266100
LHCNUXIN,code,L,70004564,ST,2006-01-07T09:05,2006-01-07T11:25,NCE,485266100
AKNNTWHI,code,L,70004563,ST,2006-01-07T05:20,2006-01-07T07:55,CDG,485266100
AKNNTWHI,code,L,70004564,ST,2006-01-07T09:05,2006-01-07T11:25,NCE,485266100
SEOUBQEL,code,L,70004563,ST,2006-01-07T05:20,2006-01-07T07:55,CDG,485266100
SEOUBQEL,code,L,70004564,ST,2006-01-07T09:05,2006-01-07T11:25,NCE,485266100
YUGMHWTN,code,L,70004563,ST,2006-01-07T05:20,2006-01-07T07:55,CDG,485266100
YUGMHWTN,code,L,70004564,ST,2006-01-07T09:05,2006-01-07T11:25,NCE,485266100
YZMJJXPU,code,L,70004563,ST,2006-01-07T05:20,2006-01-07T07:55,CDG,485266100
YZMJJXPU,code,L,70004564,ST,2006-01-07T09:05,2006-01-07T11:25,NCE,485266100
YHOBLEZI,code,L,70004375,CP,2006-01-07T05:25,2006-01-07T07:50,ORY,2039633683
YHOBLEZI,code,L,70004376,CP,2006-01-07T08:35,2006-01-07T10:50,TLN,2039633683
IEYNEEGA,code,L,70004375,FO,2006-01-07T05:25,2006-01-07T07:50,ORY,2039633683
IEYNEEGA,code,L,70004376,FO,2006-01-07T08:35,2006-01-07T10:50,TLN,2039633683
CCWQCVMX,code,L,70004375,CS,2006-01-07T05:25,2006-01-07T07:50,ORY,2039633683
CCWQCVMX,code,L,70004376,CS,2006-01-07T08:35,2006-01-07T10:50,TLN,2039633683
FKHPXIKP,code,L,70004375,CS,2006-01-07T05:25,2006-01-07T07:50,ORY,2039633683
FKHPXIKP,code,L,70004376,CS,2006-01-07T08:35,2006-01-07T10:50,TLN,2039633683
BSANEDRQ,code,L,70004375,ST,2006-01-07T05:25,2006-01-07T07:50,ORY,2039633683
BSANEDRQ,code,L,70004376,ST,2006-01-07T08:35,2006-01-07T10:50,TLN,2039633683
FXZQMPIP,code,L,70004375,ST,2006-01-07T05:25,2006-01-07T07:50,ORY,2039633683
FXZQMPIP,code,L,70004376,ST,2006-01-07T08:35,2006-01-07T10:50,TLN,2039633683
QCMAECWF,code,L,70004375,ST,2006-01-07T05:25,2006-01-07T07:50,ORY,2039633683
QCMAECWF,code,L,70004376,ST,2006-01-07T08:35,2006-01-07T10:50,TLN,2039633683
RMMRGHZI,code,L,70004375,ST,2006-01-07T05:25,2006-01-07T07:50,ORY,2039633683
RMMRGHZI,code,L,70004376,ST,2006-01-07T08:35,2006-01-07T10:50,TLN,2039633683
ZGTUVHGC,code,L,70004375,ST,2006-01-07T05:25,2006-01-07T07:50,ORY,2039633683
ZGTUVHGC,code,L,70004376,ST,2006-01-07T08:35,2006-01-07T10:50,TLN,2039633683
LXNFHLNB,code,L,70004375,ST,2006-01-07T05:25,2006-01-07T07:50,ORY,2039633683
LXNFHLNB,code,L,70004376,ST,2006-01-07T08:35,2006-01-07T10:50,TLN,2039633683
YQWQGRUQ,code,L,70004514,CP,2006-01-07T05:25,2006-01-07T07:35,LYS,1484135457
YQWQGRUQ,code,L,70004503,CP,2006-01-07T08:30,2006-01-07T10:25,CDG,1484135457
BRRMTHRV,code,L,70004514,FO,2006-01-07T05:25,2006-01-07T07:35,LYS,1484135457
BRRMTHRV,code,L,70004503,FO,2006-01-07T08:30,2006-01-07T10:25,CDG,1484135457
KIDYQMDF,code,L,70004514,CS,2006-01-07T05:25,2006-01-07T07:35,LYS,1484135457
KIDYQMDF,code,L,70004503,CS,2006-01-07T08:30,2006-01-07T10:25,CDG,1484135457
TILFBPHR,code,L,70004514,CS,2006-01-07T05:25,2006-01-07T07:35,LYS,1484135457
TILFBPHR,code,L,70004503,CS,2006-01-07T08:30,2006-01-07T10:25,CDG,1484135457
IYRHXWUL,code,L,70004514,ST,2006-01-07T05:25,2006-01-07T07:35,LYS,1484135457
IYRHXWUL,code,L,70004503,ST,2006-01-07T08:30,2006-01-07T10:25,CDG,1484135457
NJLKLCXN,code,L,70004514,ST,2006-01-07T05:25,2006-01-07T07:35,LYS,1484135457
NJLKLCXN,code,L,70004503,ST,2006-01-07T08:30,2006-01-07T10:25,CDG,1484135457
HJDIDXPI,code,L,70004514,ST,2006-01-07T05:25,2006-01-07T07:35,LYS,1484135457
HJDIDXPI,code,L,70004503,ST,2006-01-07T08:30,2006-01-07T10:25,CDG,1484135457
YNXVBJAT,code,L,70004514,ST,2006-01-07T05:25,2006-01-07T07:35,LYS,1484135457
YNXVBJAT,code,L,70004503,ST,2006-01-07T08:30,2006-01-07T10:25,CDG,1484135457
LTDOXIRI,code,L,70004514,ST,2006-01-07T05:25,2006-01-07T07:35,LYS,1484135457
LTDOXIRI,code,L,70004503,ST,2006-01-07T08:30,2006-01-07T10:25,CDG,1484135457
RLJTUDQB,code,L,70004514,ST,2006-01-07T05:25,2006-01-07T07:35,LYS,1484135457
RLJTUDQB,code,L,70004503,ST,2006-01-07T08:30,2006-01-07T10:25,CDG,1484135457
XTWXUBYE,code,L,70004574,CP,2006-01-07T05:25,2006-01-07T08:00,NCE,16322739
XTWXUBYE,code,L,70004565,CP,2006-01-07T09:35,2006-01-07T11:55,CDG,16322739
GATIQKIW,code,L,70004574,FO,2006-01-07T05:25,2006-01-07T08:00,NCE,16322739
GATIQKIW,code,L,70004565,FO,2006-01-07T09:35,2006-01-07T11:55,CDG,16322739
FIUEYPSP,code,L,70004574,CS,2006-01-07T05:25,2006-01-07T08:00,NCE,16322739
FIUEYPSP,code,L,70004565,CS,2006-01-07T09:35,2006-01-07T11:55,CDG,16322739
SVFCDUOT,code,L,70004574,CS,2006-01-07T05:25,2006-01-07T08:00,NCE,16322739
SVFCDUOT,code,L,70004565,CS,2006-01-07T09:35,2006-01-07T11:55,CDG,16322739
SCWETWJJ,code,L,70004574,ST,2006-01-07T05:25,2006-01-07T08:00,NCE,16322739
SCWETWJJ,code,L,70004565,ST,2006-01-07T09:35,2006-01-07T11:55,CDG,16322739
WQAKVXMH,code,L,70004574,ST,2006-01-07T05:25,2006-01-07T08:00,NCE,16322739
WQAKVXMH,code,L,70004565,ST,2006-01-07T09:35,2006-01-07T11:55,CDG,16322739
WBSEMFDI,code,L,70004574,ST,2006-01-07T05:25,2006-01-07T08:00,NCE,16322739
WBSEMFDI,code,L,70004565,ST,2006-01-07T09:35,2006-01-07T11:55,CDG,16322739
AYQVONDG,code,L,70004574,ST,2006-01-07T05:25,2006-01-07T08:00,NCE,16322739
AYQVONDG,code,L,70004565,ST,2006-01-07T09:35,2006-01-07T11:55,CDG,16322739
XSDOQKTG,code,L,70004574,ST,2006-01-07T05:25,2006-01-07T08:00,NCE,16322739
XSDOQKTG,code,L,70004565,ST,2006-01-07T09:35,2006-01-07T11:55,CDG,16322739
IOUIFCQW,code,L,70004574,ST,2006-01-07T05:25,2006-01-07T08:00,NCE,16322739
IOUIFCQW,code,L,70004565,ST,2006-01-07T09:35,2006-01-07T11:55,CDG,16322739
OTMGRXLH,code,L,70004483,CP,2006-01-07T05:30,2006-01-07T07:50,CDG,659767626
OTMGRXLH,code,L,70004488,CP,2006-01-07T09:20,2006-01-07T11:30,BOD,659767626
BXIZCCZR,code,L,70004483,FO,2006-01-07T05:30,2006-01-07T07:50,CDG,659767626
BXIZCCZR,code,L,70004488,FO,2006-01-07T09:20,2006-01-07T11:30,BOD,659767626
ILZVYGQG,code,L,70004483,CS,2006-01-07T05:30,2006-01-07T07:50,CDG,659767626
ILZVYGQG,code,L,70004488,CS,2006-01-07T09:20,2006-01-07T11:30,BOD,659767626
UFTQDIRX,code,L,70004483,CS,2006-01-07T05:30,2006-01-07T07:50,CDG,659767626
UFTQDIRX,code,L,70004488,CS,2006-01-07T09:20,2006-01-07T11:30,BOD,659767626
PPHHTHIH,code,L,70004483,ST,2006-01-07T05:30,2006-01-07T07:50,CDG,659767626
PPHHTHIH,code,L,70004488,ST,2006-01-07T09:20,2006-01-07T11:30,BOD,659767626
PDFZGUFY,code,L,70004483,ST,2006-01-07T05:30,2006-01-07T07:50,CDG,659767626
PDFZGUFY,code,L,70004488,ST,2006-01-07T09:20,2006-01-07T11:30,BOD,659767626
YNPHFCPL,code,L,70004483,ST,2006-01-07T05:30,2006-01-07T07:50,CDG,659767626
YNPHFCPL,code,L,70004488,ST,2006-01-07T09:20,2006-01-07T11:30,BOD,659767626
QOKPKMSU,code,L,70004483,ST,2006-01-07T05:30,2006-01-07T07:50,CDG,659767626
QOKPKMSU,code,L,70004488,ST,2006-01-07T09:20,2006-01-07T11:30,BOD,659767626
PSBALROX,code,L,70004483,ST,2006-01-07T05:30,2006-01-07T07:50,CDG,659767626
PSBALROX,code,L,70004488,ST,2006-01-07T09:20,2006-01-07T11:30,BOD,659767626
LLRDQGUO,code,L,70004483,ST,2006-01-07T05:30,2006-01-07T07:50,CDG,659767626
LLRDQGUO,code,L,70004488,ST,2006-01-07T09:20,2006-01-07T11:30,BOD,659767626
PIKRTIUE,code,L,70003107,CP,2006-01-07T05:30,2006-01-07T07:50,ORY,1539174560
PIKRTIUE,code,L,70003108,CP,2006-01-07T08:35,2006-01-07T10:45,NCE,1539174560
GWJIUSPO,code,L,70003107,FO,2006-01-07T05:30,2006-01-07T07:50,ORY,1539174560
GWJIUSPO,code,L,70003108,FO,2006-01-07T08:35,2006-01-07T10:45,NCE,1539174560
PELASEHH,code,L,70003107,CS,2006-01-07T05:30,2006-01-07T07:50,ORY,1539174560
PELASEHH,code,L,70003108,CS,2006-01-07T08:35,2006-01-07T10:45,NCE,1539174560
CRZWLYXS,code,L,70003107,CS,2006-01-07T05:30,2006-01-07T07:50,ORY,1539174560
CRZWLYXS,code,L,70003108,CS,2006-01-07T08:35,2006-01-07T10:45,NCE,1539174560
VIMKIGVV,code,L,70003107,ST,2006-01-07T05:30,2006-01-07T07:50,ORY,1539174560
VIMKIGVV,code,L,70003108,ST,2006-01-07T08:35,2006-01-07T10:45,NCE,1539174560
NGEHUJPD,code,L,70003107,ST,2006-01-07T05:30,2006-01-07T07:50,ORY,1539174560
NGEHUJPD,code,L,70003108,ST,2006-01-07T08:35,2006-01-07T10:45,NCE,1539174560
BHOYPVWQ,code,L,70003107,ST,2006-01-07T05:30,2006-01-07T07:50,ORY,1539174560
BHOYPVWQ,code,L,70003108,ST,2006-01-07T08:35,2006-01-07T10:45,NCE,1539174560
KLSBTAFT,code,L,70003107,ST,2006-01-07T05:30,2006-01-07T07:50,ORY,1539174560
KLSBTAFT,code,L,70003108,ST,2006-01-07T08:35,2006-01-07T10:45,NCE,1539174560
PXYUVPXD,code,L,70003107,ST,2006-01-07T05:30,2006-01-07T07:50,ORY,1539174560
PXYUVPXD,code,L,70003108,ST,2006-01-07T08:35,2006-01-07T10:45,NCE,1539174560
TGATIRZD,code,L,70003107,ST,2006-01-07T05:30,2006-01-07T07:50,ORY,1539174560
TGATIRZD,code,L,70003108,ST,2006-01-07T08:35,2006-01-07T10:45,NCE,1539174560
DBMQLXED,code,L,70002872,CP,2006-01-07T05:30,2006-01-07T07:50,MRS,185012673
DBMQLXED,code,L,70002879,CP,2006-01-07T08:35,2006-01-07T10:35,ORY,185012673
BYTHVRUT,code,L,70002872,FO,2006-01-07T05:30,2006-01-07T07:50,MRS,185012673
BYTHVRUT,code,L,70002879,FO,2006-01-07T08:35,2006-01-07T10:35,ORY,185012673
WDTKRJST,code,L,70002872,CS,2006-01-07T05:30,2006-01-07T07:50,MRS,185012673
WDTKRJST,code,L,70002879,CS,2006-01-07T08:35,2006-01-07T10:35,ORY,185012673
SGSWHVPM,code,L,70002872,CS,2006-01-07T05:30,2006-01-07T07:50,MRS,185012673
SGSWHVPM,code,L,70002879,CS,2006-01-07T08:35,2006-01-07T10:35,ORY,185012673
YWQLXFEV,code,L,70002872,ST,2006-01-07T05:30,2006-01-07T07:50,MRS,185012673
YWQLXFEV,code,L,70002879,ST,2006-01-07T08:35,2006-01-07T10:35,ORY,185012673
XZXMKVRI,code,L,70002872,ST,2006-01-07T05:30,2006-01-07T07:50,MRS,185012673
XZXMKVRI,code,L,70002879,ST,2006-01-07T08:35,2006-01-07T10:35,ORY,185012673
PRVLAGIH,code,L,70002872,ST,2006-01-07T05:30,2006-01-07T07:50,MRS,185012673
PRVLAGIH,code,L,70002879,ST,2006-01-07T08:35,2006-01-07T10:35,ORY,185012673
FVJGKBJT,code,L,70002872,ST,2006-01-07T05:30,2006-01-07T07:50,MRS,185012673
FVJGKBJT,code,L,70002879,ST,2006-01-07T08:35,2006-01-07T10:35,ORY,185012673
YYRIRYQM,code,L,70002872,ST,2006-01-07T05:30,2006-01-07T07:50,MRS,185012673
YYRIRYQM,code,L,70002879,ST,2006-01-07T08:35,2006-01-07T10:35,ORY,185012673
XOXAJSLA,code,L,70002872,ST,2006-01-07T05:30,2006-01-07T07:50,MRS,185012673
XOXAJSLA,code,L,70002879,ST,2006-01-07T08:35,2006-01-07T10:35,ORY,185012673
DARLMQEJ,code,L,70004360,CP,2006-01-07T05:30,2006-01-07T07:55,LDE,1477521204
DARLMQEJ,code,L,70004359,CP,2006-01-07T08:45,2006-01-07T10:05,ORY,1477521204
DARLMQEJ,code,L,70004350,CP,2006-01-07T10:45,2006-01-07T12:10,LDE,1477521204
DARLMQEJ,code,L,70004349,CP,2006-01-07T12:55,2006-01-07T15:00,ORY,1477521204
CHSPXSHC,code,L,70004360,FO,2006-01-07T05:30,2006-01-07T07:55,LDE,1477521204
CHSPXSHC,code,L,70004359,FO,2006-01-07T08:45,2006-01-07T10:05,ORY,1477521204
CHSPXSHC,code,L,70004350,FO,2006-01-07T10:45,2006-01-07T12:10,LDE,1477521204
CHSPXSHC,code,L,70004349,FO,2006-01-07T12:55,2006-01-07T15:00,ORY,1477521204
CDEUGYEU,code,L,70004360,CSD,2006-01-07T05:30,2006-01-07T07:55,LDE,1477521204
CDEUGYEU,code,L,70004359,CSD,2006-01-07T08:45,2006-01-07T10:05,ORY,1477521204
CDEUGYEU,code,L,70004350,CSD,2006-01-07T10:45,2006-01-07T12:10,LDE,1477521204
CDEUGYEU,code,L,70004349,CSD,2006-01-07T12:55,2006-01-07T15:00,ORY,1477521204
AOWCGPXJ,code,L,70004360,ST,2006-01-07T05:30,2006-01-07T07:55,LDE,1477521204
AOWCGPXJ,code,L,70004359,ST,2006-01-07T08:45,2006-01-07T10:05,ORY,1477521204
AOWCGPXJ,code,L,70004350,ST,2006-01-07T10:45,2006-01-07T12:10,LDE,1477521204
AOWCGPXJ,code,L,70004349,ST,2006-01-07T12:55,2006-01-07T15:00,ORY,1477521204
YDAMPNQO,code,L,70004360,ST,2006-01-07T05:30,2006-01-07T07:55,LDE,1477521204
YDAMPNQO,code,L,70004359,ST,2006-01-07T08:45,2006-01-07T10:05,ORY,1477521204
YDAMPNQO,code,L,70004350,ST,2006-01-07T10:45,2006-01-07T12:10,LDE,1477521204
YDAMPNQO,code,L,70004349,ST,2006-01-07T12:55,2006-01-07T15:00,ORY,1477521204
RDYNEPIH,code,L,70004623,CP,2006-01-07T05:35,2006-01-07T07:35,ORY,744291659
RDYNEPIH,code,L,70004626,CP,2006-01-07T09:35,2006-01-07T10:45,SXB,744291659
RDYNEPIH,code,L,70004625,CP,2006-01-07T11:40,2006-01-07T12:50,CDG,744291659
RDYNEPIH,code,L,70004634,CP,2006-01-07T14:10,2006-01-07T15:20,SXB,744291659
RDYNEPIH,code,L,70004629,CP,2006-01-07T16:30,2006-01-07T17:40,CDG,744291659
RDYNEPIH,code,L,70004630,CP,2006-01-07T18:25,2006-01-07T19:35,SXB,744291659
RDYNEPIH,code,L,70004647,CP,2006-01-07T20:30,2006-01-07T22:25,CDG,744291659
TNFOWBSN,code,L,70004623,FO,2006-01-07T05:35,2006-01-07T07:35,ORY,744291659
TNFOWBSN,code,L,70004626,FO,2006-01-07T09:35,2006-01-07T10:45,SXB,744291659
TNFOWBSN,code,L,70004625,FO,2006-01-07T11:40,2006-01-07T12:50,CDG,744291659
TNFOWBSN,code,L,70004634,FO,2006-01-07T14:10,2006-01-07T15:20,SXB,744291659
TNFOWBSN,code,L,70004629,FO,2006-01-07T16:30,2006-01-07T17:40,CDG,744291659
TNFOWBSN,code,L,70004630,FO,2006-01-07T18:25,2006-01-07T19:35,SXB,744291659
TNFOWBSN,code,L,70004647,FO,2006-01-07T20:30,2006-01-07T22:25,CDG,744291659
PZJQTGXZ,code,L,70004623,CS,2006-01-07T05:35,2006-01-07T07:35,ORY,744291659
PZJQTGXZ,code,L,70004626,CS,2006-01-07T09:35,2006-01-07T10:45,SXB,744291659
PZJQTGXZ,code,L,70004625,CS,2006-01-07T11:40,2006-01-07T12:50,CDG,744291659
PZJQTGXZ,code,L,70004634,CS,2006-01-07T14:10,2006-01-07T15:20,SXB,744291659
PZJQTGXZ,code,L,70004629,CS,2006-01-07T16:30,2006-01-07T17:40,CDG,744291659
PZJQTGXZ,code,L,70004630,CS,2006-01-07T18:25,2006-01-07T19:35,SXB,744291659
PZJQTGXZ,code,L,70004647,CS,2006-01-07T20:30,2006-01-07T22:25,CDG,744291659
BKCWFJOL,code,L,70004623,CS,2006-01-07T05:35,2006-01-07T07:35,ORY,744291659
BKCWFJOL,code,L,70004626,CS,2006-01-07T09:35,2006-01-07T10:45,SXB,744291659
BKCWFJOL,code,L,70004625,CS,2006-01-07T11:40,2006-01-07T12:50,CDG,744291659
BKCWFJOL,code,L,70004634,CS,2006-01-07T14:10,2006-01-07T15:20,SXB,744291659
BKCWFJOL,code,L,70004629,CS,2006-01-07T16:30,2006-01-07T17:40,CDG,744291659
BKCWFJOL,code,L,70004630,CS,2006-01-07T18:25,2006-01-07T19:35,SXB,744291659
BKCWFJOL,code,L,70004647,CS,2006-01-07T20:30,2006-01-07T22:25,CDG,744291659
QYJTZMHQ,code,L,70004623,ST,2006-01-07T05:35,2006-01-07T07:35,ORY,744291659
QYJTZMHQ,code,L,70004626,ST,2006-01-07T09:35,2006-01-07T10:45,SXB,744291659
QYJTZMHQ,code,L,70004625,ST,2006-01-07T11:40,2006-01-07T12:50,CDG,744291659
QYJTZMHQ,code,L,70004634,ST,2006-01-07T14:10,2006-01-07T15:20,SXB,744291659
QYJTZMHQ,code,L,70004629,ST,2006-01-07T16:30,2006-01-07T17:40,CDG,744291659
QYJTZMHQ,code,L,70004630,ST,2006-01-07T18:25,2006-01-07T19:35,SXB,744291659
QYJTZMHQ,code,L,70004647,ST,2006-01-07T20:30,2006-01-07T22:25,CDG,744291659
DSENDHBC,code,L,70004623,ST,2006-01-07T05:35,2006-01-07T07:35,ORY,744291659
DSENDHBC,code,L,70004626,ST,2006-01-07T09:35,2006-01-07T10:45,SXB,744291659
DSENDHBC,code,L,70004625,ST,2006-01-07T11:40,2006-01-07T12:50,CDG,744291659
DSENDHBC,code,L,70004634,ST,2006-01-07T14:10,2006-01-07T15:20,SXB,744291659
DSENDHBC,code,L,70004629,ST,2006-01-07T16:30,2006-01-07T17:40,CDG,744291659
DSENDHBC,code,L,70004630,ST,2006-01-07T18:25,2006-01-07T19:35,SXB,744291659
DSENDHBC,code,L,70004647,ST,2006-01-07T20:30,2006-01-07T22:25,CDG,744291659
WDBLZLQE,code,L,70004623,ST,2006-01-07T05:35,2006-01-07T07:35,ORY,744291659
WDBLZLQE,code,L,70004626,ST,2006-01-07T09:35,2006-01-07T10:45,SXB,744291659
WDBLZLQE,code,L,70004625,ST,2006-01-07T11:40,2006-01-07T12:50,CDG,744291659
WDBLZLQE,code,L,70004634,ST,2006-01-07T14:10,2006-01-07T15:20,SXB,744291659
WDBLZLQE,code,L,70004629,ST,2006-01-07T16:30,2006-01-07T17:40,CDG,744291659
WDBLZLQE,code,L,70004630,ST,2006-01-07T18:25,2006-01-07T19:35,SXB,744291659
WDBLZLQE,code,L,70004647,ST,2006-01-07T20:30,2006-01-07T22:25,CDG,744291659
JLGYKQBY,code,L,70004623,ST,2006-01-07T05:35,2006-01-07T07:35,ORY,744291659
JLGYKQBY,code,L,70004626,ST,2006-01-07T09:35,2006-01-07T10:45,SXB,744291659
JLGYKQBY,code,L,70004625,ST,2006-01-07T11:40,2006-01-07T12:50,CDG,744291659
JLGYKQBY,code,L,70004634,ST,2006-01-07T14:10,2006-01-07T15:20,SXB,744291659
JLGYKQBY,code,L,70004629,ST,2006-01-07T16:30,2006-01-07T17:40,CDG,744291659
JLGYKQBY,code,L,70004630,ST,2006-01-07T18:25,2006-01-07T19:35,SXB,744291659
JLGYKQBY,code,L,70004647,ST,2006-01-07T20:30,2006-01-07T22:25,CDG,744291659
GFSKDSZU,code,L,70004623,ST,2006-01-07T05:35,2006-01-07T07:35,ORY,744291659
GFSKDSZU,code,L,70004626,ST,2006-01-07T09:35,2006-01-07T10:45,SXB,744291659
GFSKDSZU,code,L,70004625,ST,2006-01-07T11:40,2006-01-07T12:50,CDG,744291659
GFSKDSZU,code,L,70004634,ST,2006-01-07T14:10,2006-01-07T15:20,SXB,744291659
GFSKDSZU,code,L,70004629,ST,2006-01-07T16:30,2006-01-07T17:40,CDG,744291659
GFSKDSZU,code,L,70004630,ST,2006-01-07T18:25,2006-01-07T19:35,SXB,744291659
GFSKDSZU,code,L,70004647,ST,2006-01-07T20:30,2006-01-07T22:25,CDG,744291659
NFHVNCEG,code,L,70004623,ST,2006-01-07T05:35,2006-01-07T07:35,ORY,744291659
NFHVNCEG,code,L,70004626,ST,2006-01-07T09:35,2006-01-07T10:45,SXB,744291659
NFHVNCEG,code,L,70004625,ST,2006-01-07T11:40,2006-01-07T12:50,CDG,744291659
NFHVNCEG,code,L,70004634,ST,2006-01-07T14:10,2006-01-07T15:20,SXB,744291659
NFHVNCEG,code,L,70004629,ST,2006-01-07T16:30,2006-01-07T17:40,CDG,744291659
NFHVNCEG,code,L,70004630,ST,2006-01-07T18:25,2006-01-07T19:35,SXB,744291659
NFHVNCEG,code,L,70004647,ST,2006-01-07T20:30,2006-01-07T22:25,CDG,744291659
XOQNVBGS,code,L,70004536,CP,2006-01-07T05:35,2006-01-07T08:05,MRS,689146701
XOQNVBGS,code,L,70004525,CP,2006-01-07T09:30,2006-01-07T11:40,CDG,689146701
ZNALKSCL,code,L,70004536,FO,2006-01-07T05:35,2006-01-07T08:05,MRS,689146701
ZNALKSCL,code,L,70004525,FO,2006-01-07T09:30,2006-01-07T11:40,CDG,689146701
IVHVDYHZ,code,L,70004536,CS,2006-01-07T05:35,2006-01-07T08:05,MRS,689146701
IVHVDYHZ,code,L,70004525,CS,2006-01-07T09:30,2006-01-07T11:40,CDG,689146701
HFAMKOWD,code,L,70004536,CS,2006-01-07T05:35,2006-01-07T08:05,MRS,689146701
HFAMKOWD,code,L,70004525,CS,2006-01-07T09:30,2006-01-07T11:40,CDG,689146701
FBIQNJQE,code,L,70004536,ST,2006-01-07T05:35,2006-01-07T08:05,MRS,689146701
FBIQNJQE,code,L,70004525,ST,2006-01-07T09:30,2006-01-07T11:40,CDG,689146701
FGKPXEVC,code,L,70004536,ST,2006-01-07T05:35,2006-01-07T08:05,MRS,689146701
FGKPXEVC,code,L,70004525,ST,2006-01-07T09:30,2006-01-07T11:40,CDG,689146701
CHQUIJVC,code,L,70004536,ST,2006-01-07T05:35,2006-01-07T08:05,MRS,689146701
CHQUIJVC,code,L,70004525,ST,2006-01-07T09:30,2006-01-07T11:40,CDG,689146701
ZCMMECZN,code,L,70004536,ST,2006-01-07T05:35,2006-01-07T08:05,MRS,689146701
ZCMMECZN,code,L,70004525,ST,2006-01-07T09:30,2006-01-07T11:40,CDG,689146701
ZZOUQWYF,code,L,70004536,ST,2006-01-07T05:35,2006-01-07T08:05,MRS,689146701
ZZOUQWYF,code,L,70004525,ST,2006-01-07T09:30,2006-01-07T11:40,CDG,689146701
JAYBLLZZ,code,L,70004536,ST,2006-01-07T05:35,2006-01-07T08:05,MRS,689146701
JAYBLLZZ,code,L,70004525,ST,2006-01-07T09:30,2006-01-07T11:40,CDG,689146701
CQUULIKT,code,L,70002970,CP,2006-01-07T05:40,2006-01-07T08:00,TLS,100621466
CQUULIKT,code,L,70002975,CP,2006-01-07T08:50,2006-01-07T10:45,ORY,100621466
AULXJLYD,code,L,70002970,FO,2006-01-07T05:40,2006-01-07T08:00,TLS,100621466
AULXJLYD,code,L,70002975,FO,2006-01-07T08:50,2006-01-07T10:45,ORY,100621466
ACJZGLLZ,code,L,70002970,CS,2006-01-07T05:40,2006-01-07T08:00,TLS,100621466
ACJZGLLZ,code,L,70002975,CS,2006-01-07T08:50,2006-01-07T10:45,ORY,100621466
DHBRMWMG,code,L,70002970,CS,2006-01-07T05:40,2006-01-07T08:00,TLS,100621466
DHBRMWMG,code,L,70002975,CS,2006-01-07T08:50,2006-01-07T10:45,ORY,100621466
ELJRWTDX,code,L,70002970,ST,2006-01-07T05:40,2006-01-07T08:00,TLS,100621466
ELJRWTDX,code,L,70002975,ST,2006-01-07T08:50,2006-01-07T10:45,ORY,100621466
CJRJHRBW,code,L,70002970,ST,2006-01-07T05:40,2006-01-07T08:00,TLS,100621466
CJRJHRBW,code,L,70002975,ST,2006-01-07T08:50,2006-01-07T10:45,ORY,100621466
IXVMWCNS,code,L,70002970,ST,2006-01-07T05:40,2006-01-07T08:00,TLS,100621466
IXVMWCNS,code,L,70002975,ST,2006-01-07T08:50,2006-01-07T10:45,ORY,100621466
COQLYNYX,code,L,70002970,ST,2006-01-07T05:40,2006-01-07T08:00,TLS,100621466
COQLYNYX,code,L,70002975,ST,2006-01-07T08:50,2006-01-07T10:45,ORY,100621466
VQDFOTFW,code,L,70002970,ST,2006-01-07T05:40,2006-01-07T08:00,TLS,100621466
VQDFOTFW,code,L,70002975,ST,2006-01-07T08:50,2006-01-07T10:45,ORY,100621466
NPQNPJKN,code,L,70002970,ST,2006-01-07T05:40,2006-01-07T08:00,TLS,100621466
NPQNPJKN,code,L,70002975,ST,2006-01-07T08:50,2006-01-07T10:45,ORY,100621466
JIRQCVUK,code,L,70002605,CP,2006-01-07T05:40,2006-01-07T07:45,RNS,1617046705
JIRQCVUK,code,L,70002606,CP,2006-01-07T08:10,2006-01-07T10:05,TLS,1617046705
XZLRLDOL,code,L,70002605,FO,2006-01-07T05:40,2006-01-07T07:45,RNS,1617046705
XZLRLDOL,code,L,70002606,FO,2006-01-07T08:10,2006-01-07T10:05,TLS,1617046705
BKNXRLML,code,L,70002605,CS,2006-01-07T05:40,2006-01-07T07:45,RNS,1617046705
BKNXRLML,code,L,70002606,CS,2006-01-07T08:10,2006-01-07T10:05,TLS,1617046705
JKJIGSUB,code,L,70002605,ST,2006-01-07T05:40,2006-01-07T07:45,RNS,1617046705
JKJIGSUB,code,L,70002606,ST,2006-01-07T08:10,2006-01-07T10:05,TLS,1617046705
TPTNLOAS,code,L,70002605,ST,2006-01-07T05:40,2006-01-07T07:45,RNS,1617046705
TPTNLOAS,code,L,70002606,ST,2006-01-07T08:10,2006-01-07T10:05,TLS,1617046705
CEBSYBGZ,code,L,70002969,CP,2006-01-07T05:50,2006-01-07T08:00,ORY,1048083132
CEBSYBGZ,code,L,70002976,CP,2006-01-07T08:40,2006-01-07T10:45,TLS,1048083132
CMOGXCUX,code,L,70002969,FO,2006-01-07T05:50,2006-01-07T08:00,ORY,1048083132
CMOGXCUX,code,L,70002976,FO,2006-01-07T08:40,2006-01-07T10:45,TLS,1048083132
HUDUTPTN,code,L,70002969,CS,2006-01-07T05:50,2006-01-07T08:00,ORY,1048083132
HUDUTPTN,code,L,70002976,CS,2006-01-07T08:40,2006-01-07T10:45,TLS,1048083132
KYESJYDN,code,L,70002969,CS,2006-01-07T05:50,2006-01-07T08:00,ORY,1048083132
KYESJYDN,code,L,70002976,CS,2006-01-07T08:40,2006-01-07T10:45,TLS,1048083132
JAURLCTI,code,L,70002969,ST,2006-01-07T05:50,2006-01-07T08:00,ORY,1048083132
JAURLCTI,code,L,70002976,ST,2006-01-07T08:40,2006-01-07T10:45,TLS,1048083132
JVTFHOFN,code,L,70002969,ST,2006-01-07T05:50,2006-01-07T08:00,ORY,1048083132
JVTFHOFN,code,L,70002976,ST,2006-01-07T08:40,2006-01-07T10:45,TLS,1048083132
XJUNKSDC,code,L,70002969,ST,2006-01-07T05:50,2006-01-07T08:00,ORY,1048083132
XJUNKSDC,code,L,70002976,ST,2006-01-07T08:40,2006-01-07T10:45,TLS,1048083132
GNVNCIVR,code,L,70002969,ST,2006-01-07T05:50,2006-01-07T08:00,ORY,1048083132
GNVNCIVR,code,L,70002976,ST,2006-01-07T08:40,2006-01-07T10:45,TLS,1048083132
WJTKMPOC,code,L,70002969,ST,2006-01-07T05:50,2006-01-07T08:00,ORY,1048083132
WJTKMPOC,code,L,70002976,ST,2006-01-07T08:40,2006-01-07T10:45,TLS,1048083132
IKGKONSG,code,L,70002969,ST,2006-01-07T05:50,2006-01-07T08:00,ORY,1048083132
IKGKONSG,code,L,70002976,ST,2006-01-07T08:40,2006-01-07T10:45,TLS,1048083132
FSUKRIND,code,L,70004618,CP,2006-01-07T06:00,2006-01-07T08:10,ETZ,1002897798
FSUKRIND,code,L,70004617,CP,2006-01-07T08:40,2006-01-07T10:25,ORY,1002897798
PKPTIGUM,code,L,70004618,FO,2006-01-07T06:00,2006-01-07T08:10,ETZ,1002897798
PKPTIGUM,code,L,70004617,FO,2006-01-07T08:40,2006-01-07T10:25,ORY,1002897798
VFRDVUFO,code,L,70004618,CS,2006-01-07T06:00,2006-01-07T08:10,ETZ,1002897798
VFRDVUFO,code,L,70004617,CS,2006-01-07T08:40,2006-01-07T10:25,ORY,1002897798
GVLRIKQQ,code,L,70004618,CS,2006-01-07T06:00,2006-01-07T08:10,ETZ,1002897798
GVLRIKQQ,code,L,70004617,CS,2006-01-07T08:40,2006-01-07T10:25,ORY,1002897798
WCMHKKDN,code,L,70004618,ST,2006-01-07T06:00,2006-01-07T08:10,ETZ,1002897798
WCMHKKDN,code,L,70004617,ST,2006-01-07T08:40,2006-01-07T10:25,ORY,1002897798
SXBCEHSQ,code,L,70004618,ST,2006-01-07T06:00,2006-01-07T08:10,ETZ,1002897798
SXBCEHSQ,code,L,70004617,ST,2006-01-07T08:40,2006-01-07T10:25,ORY,1002897798
QTLURXNI,code,L,70004618,ST,2006-01-07T06:00,2006-01-07T08:10,ETZ,1002897798
QTLURXNI,code,L,70004617,ST,2006-01-07T08:40,2006-01-07T10:25,ORY,1002897798
SGMRBKTV,code,L,70004618,ST,2006-01-07T06:00,2006-01-07T08:10,ETZ,1002897798
SGMRBKTV,code,L,70004617,ST,2006-01-07T08:40,2006-01-07T10:25,ORY,1002897798
SMDUDWBD,code,L,70004618,ST,2006-01-07T06:00,2006-01-07T08:10,ETZ,1002897798
SMDUDWBD,code,L,70004617,ST,2006-01-07T08:40,2006-01-07T10:25,ORY,1002897798
ZFMDQHCG,code,L,70004618,ST,2006-01-07T06:00,2006-01-07T08:10,ETZ,1002897798
ZFMDQHCG,code,L,70004617,ST,2006-01-07T08:40,2006-01-07T10:25,ORY,1002897798
GNSAMSFJ,code,L,70003065,CP,2006-01-07T06:00,2006-01-07T08:20,ORY,2026928803
GNSAMSFJ,code,L,70003070,CP,2006-01-07T09:05,2006-01-07T11:15,NCE,2026928803
FPQLLOBK,code,L,70003065,FO,2006-01-07T06:00,2006-01-07T08:20,ORY,2026928803
FPQLLOBK,code,L,70003070,FO,2006-01-07T09:05,2006-01-07T11:15,NCE,2026928803
KYKCSTBF,code,L,70003065,CS,2006-01-07T06:00,2006-01-07T08:20,ORY,2026928803
KYKCSTBF,code,L,70003070,CS,2006-01-07T09:05,2006-01-07T11:15,NCE,2026928803
SXCHMYTD,code,L,70003065,CS,2006-01-07T06:00,2006-01-07T08:20,ORY,2026928803
SXCHMYTD,code,L,70003070,CS,2006-01-07T09:05,2006-01-07T11:15,NCE,2026928803
OWPUYFJU,code,L,70003065,ST,2006-01-07T06:00,2006-01-07T08:20,ORY,2026928803
OWPUYFJU,code,L,70003070,ST,2006-01-07T09:05,2006-01-07T11:15,NCE,2026928803
DSAQOPZP,code,L,70003065,ST,2006-01-07T06:00,2006-01-07T08:20,ORY,2026928803
DSAQOPZP,code,L,70003070,ST,2006-01-07T09:05,2006-01-07T11:15,NCE,2026928803
ZSEAJDEQ,code,L,70003065,ST,2006-01-07T06:00,2006-01-07T08:20,ORY,2026928803
ZSEAJDEQ,code,L,70003070,ST,2006-01-07T09:05,2006-01-07T11:15,NCE,2026928803
QNGGWQGK,code,L,70003065,ST,2006-01-07T06:00,2006-01-07T08:20,ORY,2026928803
QNGGWQGK,code,L,70003070,ST,2006-01-07T09:05,2006-01-07T11:15,NCE,2026928803
YTDKKWRD,code,L,70003065,ST,2006-01-07T06:00,2006-01-07T08:20,ORY,2026928803
YTDKKWRD,code,L,70003070,ST,2006-01-07T09:05,2006-01-07T11:15,NCE,2026928803
YZMRPSPC,code,L,70003065,ST,2006-01-07T06:00,2006-01-07T08:20,ORY,2026928803
YZMRPSPC,code,L,70003070,ST,2006-01-07T09:05,2006-01-07T11:15,NCE,2026928803
VVEUASVJ,code,L,70004164,CP,2006-01-07T06:00,2006-01-07T08:00,SXB,1704637349
VVEUASVJ,code,L,70002883,CP,2006-01-07T11:35,2006-01-07T12:50,ORY,1704637349
VVEUASVJ,code,L,70002892,CP,2006-01-07T13:30,2006-01-07T14:50,MRS,1704637349
VVEUASVJ,code,L,70002895,CP,2006-01-07T15:35,2006-01-07T16:50,ORY,1704637349
VVEUASVJ,code,L,70002908,CP,2006-01-07T17:30,2006-01-07T18:50,MRS,1704637349
VVEUASVJ,code,L,70004189,CP,2006-01-07T19:25,2006-01-07T21:10,ORY,1704637349
SIRSPCSQ,code,L,70004164,FO,2006-01-07T06:00,2006-01-07T08:00,SXB,1704637349
SIRSPCSQ,code,L,70002883,FO,2006-01-07T11:35,2006-01-07T12:50,ORY,1704637349
SIRSPCSQ,code,L,70002892,FO,2006-01-07T13:30,2006-01-07T14:50,MRS,1704637349
SIRSPCSQ,code,L,70002895,FO,2006-01-07T15:35,2006-01-07T16:50,ORY,1704637349
SIRSPCSQ,code,L,70002908,FO,2006-01-07T17:30,2006-01-07T18:50,MRS,1704637349
SIRSPCSQ,code,L,70004189,FO,2006-01-07T19:25,2006-01-07T21:10,ORY,1704637349
MFTQDZVW,code,L,70004164,CS,2006-01-07T06:00,2006-01-07T08:00,SXB,1704637349
MFTQDZVW,code,L,70002883,CS,2006-01-07T11:35,2006-01-07T12:50,ORY,1704637349
MFTQDZVW,code,L,70002892,CS,2006-01-07T13:30,2006-01-07T14:50,MRS,1704637349
MFTQDZVW,code,L,70002895,CS,2006-01-07T15:35,2006-01-07T16:50,ORY,1704637349
MFTQDZVW,code,L,70002908,CS,2006-01-07T17:30,2006-01-07T18:50,MRS,1704637349
MFTQDZVW,code,L,70004189,CS,2006-01-07T19:25,2006-01-07T21:10,ORY,1704637349
MXKKGLGO,code,L,70004164,CS,2006-01-07T06:00,2006-01-07T08:00,SXB,1704637349
MXKKGLGO,code,L,70002883,CS,2006-01-07T11:35,2006-01-07T12:50,ORY,1704637349
MXKKGLGO,code,L,70002892,CS,2006-01-07T13:30,2006-01-07T14:50,MRS,1704637349
MXKKGLGO,code,L,70002895,CS,2006-01-07T15:35,2006-01-07T16:50,ORY,1704637349
MXKKGLGO,code,L,70002908,CS,2006-01-07T17:30,2006-01-07T18:50,MRS,1704637349
MXKKGLGO,code,L,70004189,CS,2006-01-07T19:25,2006-01-07T21:10,ORY,1704637349
KFGTCHDW,code,L,70004164,ST,2006-01-07T06:00,2006-01-07T08:00,SXB,1704637349
KFGTCHDW,code,L,70002883,ST,2006-01-07T11:35,2006-01-07T12:50,ORY,1704637349
KFGTCHDW,code,L,70002892,ST,2006-01-07T13:30,2006-01-07T14:50,MRS,1704637349
KFGTCHDW,code,L,70002895,ST,2006-01-07T15:35,2006-01-07T16:50,ORY,1704637349
KFGTCHDW,code,L,70002908,ST,2006-01-07T17:30,2006-01-07T18:50,MRS,1704637349
KFGTCHDW,code,L,70004189,ST,2006-01-07T19:25,2006-01-07T21:10,ORY,1704637349
ULAUVCJG,code,L,70004164,ST,2006-01-07T06:00,2006-01-07T08:00,SXB,1704637349
ULAUVCJG,code,L,70002883,ST,2006-01-07T11:35,2006-01-07T12:50,ORY,1704637349
ULAUVCJG,code,L,70002892,ST,2006-01-07T13:30,2006-01-07T14:50,MRS,1704637349
ULAUVCJG,code,L,70002895,ST,2006-01-07T15:35,2006-01-07T16:50,ORY,1704637349
ULAUVCJG,code,L,70002908,ST,2006-01-07T17:30,2006-01-07T18:50,MRS,1704637349
ULAUVCJG,code,L,70004189,ST,2006-01-07T19:25,2006-01-07T21:10,ORY,1704637349
ASWXAZIB,code,L,70004164,ST,2006-01-07T06:00,2006-01-07T08:00,SXB,1704637349
ASWXAZIB,code,L,70002883,ST,2006-01-07T11:35,2006-01-07T12:50,ORY,1704637349
ASWXAZIB,code,L,70002892,ST,2006-01-07T13:30,2006-01-07T14:50,MRS,1704637349
ASWXAZIB,code,L,70002895,ST,2006-01-07T15:35,2006-01-07T16:50,ORY,1704637349
ASWXAZIB,code,L,70002908,ST,2006-01-07T17:30,2006-01-07T18:50,MRS,1704637349
ASWXAZIB,code,L,70004189,ST,2006-01-07T19:25,2006-01-07T21:10,ORY,1704637349
CYDAFBZE,code,L,70004164,ST,2006-01-07T06:00,2006-01-07T08:00,SXB,1704637349
CYDAFBZE,code,L,70002883,ST,2006-01-07T11:35,2006-01-07T12:50,ORY,1704637349
CYDAFBZE,code,L,70002892,ST,2006-01-07T13:30,2006-01-07T14:50,MRS,1704637349
CYDAFBZE,code,L,70002895,ST,2006-01-07T15:35,2006-01-07T16:50,ORY,1704637349
CYDAFBZE,code,L,70002908,ST,2006-01-07T17:30,2006-01-07T18:50,MRS,1704637349
CYDAFBZE,code,L,70004189,ST,2006-01-07T19:25,2006-01-07T21:10,ORY,1704637349
UVEHROOT,code,L,70004164,ST,2006-01-07T06:00,2006-01-07T08:00,SXB,1704637349
UVEHROOT,code,L,70002883,ST,2006-01-07T11:35,2006-01-07T12:50,ORY,1704637349
UVEHROOT,code,L,70002892,ST,2006-01-07T13:30,2006-01-07T14:50,MRS,1704637349
UVEHROOT,code,L,70002895,ST,2006-01-07T15:35,2006-01-07T16:50,ORY,1704637349
UVEHROOT,code,L,70002908,ST,2006-01-07T17:30,2006-01-07T18:50,MRS,1704637349
UVEHROOT,code,L,70004189,ST,2006-01-07T19:25,2006-01-07T21:10,ORY,1704637349
PITLYBCT,code,L,70004164,ST,2006-01-07T06:00,2006-01-07T08:00,SXB,1704637349
PITLYBCT,code,L,70002883,ST,2006-01-07T11:35,2006-01-07T12:50,ORY,1704637349
PITLYBCT,code,L,70002892,ST,2006-01-07T13:30,2006-01-07T14:50,MRS,1704637349
PITLYBCT,code,L,70002895,ST,2006-01-07T15:35,2006-01-07T16:50,ORY,1704637349
PITLYBCT,code,L,70002908,ST,2006-01-07T17:30,2006-01-07T18:50,MRS,1704637349
PITLYBCT,code,L,70004189,ST,2006-01-07T19:25,2006-01-07T21:10,ORY,1704637349
JVLETEBT,code,L,70002610,CP,2006-01-07T06:00,2006-01-07T08:35,RNS,272026514
JVLETEBT,code,L,70002661,CP,2006-01-07T09:10,2006-01-07T11:05,NCE,272026514
JVLETEBT,code,L,70002662,CP,2006-01-07T11:45,2006-01-07T13:35,BES,272026514
JVLETEBT,code,L,70002609,CP,2006-01-07T14:05,2006-01-07T16:30,NCE,272026514
NXJWNUFC,code,L,70002610,FO,2006-01-07T06:00,2006-01-07T08:35,RNS,272026514
NXJWNUFC,code,L,70002661,FO,2006-01-07T09:10,2006-01-07T11:05,NCE,272026514
NXJWNUFC,code,L,70002662,FO,2006-01-07T11:45,2006-01-07T13:35,BES,272026514
NXJWNUFC,code,L,70002609,FO,2006-01-07T14:05,2006-01-07T16:30,NCE,272026514
HZJFYHJD,code,L,70002610,CSD,2006-01-07T06:00,2006-01-07T08:35,RNS,272026514
HZJFYHJD,code,L,70002661,CSD,2006-01-07T09:10,2006-01-07T11:05,NCE,272026514
HZJFYHJD,code,L,70002662,CSD,2006-01-07T11:45,2006-01-07T13:35,BES,272026514
HZJFYHJD,code,L,70002609,CSD,2006-01-07T14:05,2006-01-07T16:30,NCE,272026514
RIKZOLEP,code,L,70002610,ST,2006-01-07T06:00,2006-01-07T08:35,RNS,272026514
RIKZOLEP,code,L,70002661,ST,2006-01-07T09:10,2006-01-07T11:05,NCE,272026514
RIKZOLEP,code,L,70002662,ST,2006-01-07T11:45,2006-01-07T13:35,BES,272026514
RIKZOLEP,code,L,70002609,ST,2006-01-07T14:05,2006-01-07T16:30,NCE,272026514
BMBUSOCL,code,L,70002610,ST,2006-01-07T06:00,2006-01-07T08:35,RNS,272026514
BMBUSOCL,code,L,70002661,ST,2006-01-07T09:10,2006-01-07T11:05,NCE,272026514
BMBUSOCL,code,L,70002662,ST,2006-01-07T11:45,2006-01-07T13:35,BES,272026514
BMBUSOCL,code,L,70002609,ST,2006-01-07T14:05,2006-01-07T16:30,NCE,272026514
PQROEWBZ,code,L,70002624,CP,2006-01-07T06:05,2006-01-07T08:25,NTE,1412011072
PQROEWBZ,code,L,70002623,CP,2006-01-07T09:00,2006-01-07T10:25,MRS,1412011072
PQROEWBZ,code,L,70002630,CP,2006-01-07T11:00,2006-01-07T12:20,NTE,1412011072
PQROEWBZ,code,L,70002629,CP,2006-01-07T12:55,2006-01-07T15:05,MRS,1412011072
RUUSMNYN,code,L,70002624,FO,2006-01-07T06:05,2006-01-07T08:25,NTE,1412011072
RUUSMNYN,code,L,70002623,FO,2006-01-07T09:00,2006-01-07T10:25,MRS,1412011072
RUUSMNYN,code,L,70002630,FO,2006-01-07T11:00,2006-01-07T12:20,NTE,1412011072
RUUSMNYN,code,L,70002629,FO,2006-01-07T12:55,2006-01-07T15:05,MRS,1412011072
OYZYATRT,code,L,70002624,CS,2006-01-07T06:05,2006-01-07T08:25,NTE,1412011072
OYZYATRT,code,L,70002623,CS,2006-01-07T09:00,2006-01-07T10:25,MRS,1412011072
OYZYATRT,code,L,70002630,CS,2006-01-07T11:00,2006-01-07T12:20,NTE,1412011072
OYZYATRT,code,L,70002629,CS,2006-01-07T12:55,2006-01-07T15:05,MRS,1412011072
ZLAXXJQA,code,L,70002624,CS,2006-01-07T06:05,2006-01-07T08:25,NTE,1412011072
ZLAXXJQA,code,L,70002623,CS,2006-01-07T09:00,2006-01-07T10:25,MRS,1412011072
ZLAXXJQA,code,L,70002630,CS,2006-01-07T11:00,2006-01-07T12:20,NTE,1412011072
ZLAXXJQA,code,L,70002629,CS,2006-01-07T12:55,2006-01-07T15:05,MRS,1412011072
HCJXTIMF,code,L,70002624,ST,2006-01-07T06:05,2006-01-07T08:25,NTE,1412011072
HCJXTIMF,code,L,70002623,ST,2006-01-07T09:00,2006-01-07T10:25,MRS,1412011072
HCJXTIMF,code,L,70002630,ST,2006-01-07T11:00,2006-01-07T12:20,NTE,1412011072
HCJXTIMF,code,L,70002629,ST,2006-01-07T12:55,2006-01-07T15:05,MRS,1412011072
HWCGQHRT,code,L,70002624,ST,2006-01-07T06:05,2006-01-07T08:25,NTE,1412011072
HWCGQHRT,code,L,70002623,ST,2006-01-07T09:00,2006-01-07T10:25,MRS,1412011072
HWCGQHRT,code,L,70002630,ST,2006-01-07T11:00,2006-01-07T12:20,NTE,1412011072
HWCGQHRT,code,L,70002629,ST,2006-01-07T12:55,2006-01-07T15:05,MRS,1412011072
QMBHBNHF,code,L,70002624,ST,2006-01-07T06:05,2006-01-07T08:25,NTE,1412011072
QMBHBNHF,code,L,70002623,ST,2006-01-07T09:00,2006-01-07T10:25,MRS,1412011072
QMBHBNHF,code,L,70002630,ST,2006-01-07T11:00,2006-01-07T12:20,NTE,1412011072
QMBHBNHF,code,L,70002629,ST,2006-01-07T12:55,2006-01-07T15:05,MRS,1412011072
DZLIFESH,code,L,70002624,ST,2006-01-07T06:05,2006-01-07T08:25,NTE,1412011072
DZLIFESH,code,L,70002623,ST,2006-01-07T09:00,2006-01-07T10:25,MRS,1412011072
DZLIFESH,code,L,70002630,ST,2006-01-07T11:00,2006-01-07T12:20,NTE,1412011072
DZLIFESH,code,L,70002629,ST,2006-01-07T12:55,2006-01-07T15:05,MRS,1412011072
CBDLJUCK,code,L,70002624,ST,2006-01-07T06:05,2006-01-07T08:25,NTE,1412011072
CBDLJUCK,code,L,70002623,ST,2006-01-07T09:00,2006-01-07T10:25,MRS,1412011072
CBDLJUCK,code,L,70002630,ST,2006-01-07T11:00,2006-01-07T12:20,NTE,1412011072
CBDLJUCK,code,L,70002629,ST,2006-01-07T12:55,2006-01-07T15:05,MRS,1412011072
BRLHGZZA,code,L,70002624,ST,2006-01-07T06:05,2006-01-07T08:25,NTE,1412011072
BRLHGZZA,code,L,70002623,ST,2006-01-07T09:00,2006-01-07T10:25,MRS,1412011072
BRLHGZZA,code,L,70002630,ST,2006-01-07T11:00,2006-01-07T12:20,NTE,1412011072
BRLHGZZA,code,L,70002629,ST,2006-01-07T12:55,2006-01-07T15:05,MRS,1412011072
PBIOEWVG,code,L,70003117,CP,2006-01-07T06:15,2006-01-07T08:20,ORY,1844137836
PBIOEWVG,code,L,70003144,CP,2006-01-07T09:10,2006-01-07T10:20,BOD,1844137836
PBIOEWVG,code,L,70002869,CP,2006-01-07T12:10,2006-01-07T13:25,ORY,1844137836
PBIOEWVG,code,L,70002878,CP,2006-01-07T14:55,2006-01-07T16:50,MRS,1844137836
EQGJPTFP,code,L,70003117,FO,2006-01-07T06:15,2006-01-07T08:20,ORY,1844137836
EQGJPTFP,code,L,70003144,FO,2006-01-07T09:10,2006-01-07T10:20,BOD,1844137836
EQGJPTFP,code,L,70002869,FO,2006-01-07T12:10,2006-01-07T13:25,ORY,1844137836
EQGJPTFP,code,L,70002878,FO,2006-01-07T14:55,2006-01-07T16:50,MRS,1844137836
IFZFMIHE,code,L,70003117,CS,2006-01-07T06:15,2006-01-07T08:20,ORY,1844137836
IFZFMIHE,code,L,70003144,CS,2006-01-07T09:10,2006-01-07T10:20,BOD,1844137836
IFZFMIHE,code,L,70002869,CS,2006-01-07T12:10,2006-01-07T13:25,ORY,1844137836
IFZFMIHE,code,L,70002878,CS,2006-01-07T14:55,2006-01-07T16:50,MRS,1844137836
PADHMRUD,code,L,70003117,CS,2006-01-07T06:15,2006-01-07T08:20,ORY,1844137836
PADHMRUD,code,L,70003144,CS,2006-01-07T09:10,2006-01-07T10:20,BOD,1844137836
PADHMRUD,code,L,70002869,CS,2006-01-07T12:10,2006-01-07T13:25,ORY,1844137836
PADHMRUD,code,L,70002878,CS,2006-01-07T14:55,2006-01-07T16:50,MRS,1844137836
MBSQWLOV,code,L,70003117,ST,2006-01-07T06:15,2006-01-07T08:20,ORY,1844137836
MBSQWLOV,code,L,70003144,ST,2006-01-07T09:10,2006-01-07T10:20,BOD,1844137836
MBSQWLOV,code,L,70002869,ST,2006-01-07T12:10,2006-01-07T13:25,ORY,1844137836
MBSQWLOV,code,L,70002878,ST,2006-01-07T14:55,2006-01-07T16:50,MRS,1844137836
GONJRKKG,code,L,70003117,ST,2006-01-07T06:15,2006-01-07T08:20,ORY,1844137836
GONJRKKG,code,L,70003144,ST,2006-01-07T09:10,2006-01-07T10:20,BOD,1844137836
GONJRKKG,code,L,70002869,ST,2006-01-07T12:10,2006-01-07T13:25,ORY,1844137836
GONJRKKG,code,L,70002878,ST,2006-01-07T14:55,2006-01-07T16:50,MRS,1844137836
PXZLGVTH,code,L,70003117,ST,2006-01-07T06:15,2006-01-07T08:20,ORY,1844137836
PXZLGVTH,code,L,70003144,ST,2006-01-07T09:10,2006-01-07T10:20,BOD,1844137836
PXZLGVTH,code,L,70002869,ST,2006-01-07T12:10,2006-01-07T13:25,ORY,1844137836
PXZLGVTH,code,L,70002878,ST,2006-01-07T14:55,2006-01-07T16:50,MRS,1844137836
ZWXUTAUG,code,L,70003117,ST,2006-01-07T06:15,2006-01-07T08:20,ORY,1844137836
ZWXUTAUG,code,L,70003144,ST,2006-01-07T09:10,2006-01-07T10:20,BOD,1844137836
ZWXUTAUG,code,L,70002869,ST,2006-01-07T12:10,2006-01-07T13:25,ORY,1844137836
ZWXUTAUG,code,L,70002878,ST,2006-01-07T14:55,2006-01-07T16:50,MRS,1844137836
REBUCISN,code,L,70003117,ST,2006-01-07T06:15,2006-01-07T08:20,ORY,1844137836
REBUCISN,code,L,70003144,ST,2006-01-07T09:10,2006-01-07T10:20,BOD,1844137836
REBUCISN,code,L,70002869,ST,2006-01-07T12:10,2006-01-07T13:25,ORY,1844137836
REBUCISN,code,L,70002878,ST,2006-01-07T14:55,2006-01-07T16:50,MRS,1844137836
BPTIYDHQ,code,L,70003117,ST,2006-01-07T06:15,2006-01-07T08:20,ORY,1844137836
BPTIYDHQ,code,L,70003144,ST,2006-01-07T09:10,2006-01-07T10:20,BOD,1844137836
BPTIYDHQ,code,L,70002869,ST,2006-01-07T12:10,2006-01-07T13:25,ORY,1844137836
BPTIYDHQ,code,L,70002878,ST,2006-01-07T14:55,2006-01-07T16:50,MRS,1844137836
YSUTCFWE,code,L,70004385,CP,2006-01-07T06:25,2006-01-07T08:45,ORY,1713579631
YSUTCFWE,code,L,70004386,CP,2006-01-07T09:35,2006-01-07T11:45,PGF,1713579631
GPDPANVX,code,L,70004385,FO,2006-01-07T06:25,2006-01-07T08:45,ORY,1713579631
GPDPANVX,code,L,70004386,FO,2006-01-07T09:35,2006-01-07T11:45,PGF,1713579631
ZUONLBKV,code,L,70004385,CS,2006-01-07T06:25,2006-01-07T08:45,ORY,1713579631
ZUONLBKV,code,L,70004386,CS,2006-01-07T09:35,2006-01-07T11:45,PGF,1713579631
YYHNFYRI,code,L,70004385,CS,2006-01-07T06:25,2006-01-07T08:45,ORY,1713579631
YYHNFYRI,code,L,70004386,CS,2006-01-07T09:35,2006-01-07T11:45,PGF,1713579631
EHVKPROZ,code,L,70004385,ST,2006-01-07T06:25,2006-01-07T08:45,ORY,1713579631
EHVKPROZ,code,L,70004386,ST,2006-01-07T09:35,2006-01-07T11:45,PGF,1713579631
ZMHLNSDG,code,L,70004385,ST,2006-01-07T06:25,2006-01-07T08:45,ORY,1713579631
ZMHLNSDG,code,L,70004386,ST,2006-01-07T09:35,2006-01-07T11:45,PGF,1713579631
WDPUZDXT,code,L,70004385,ST,2006-01-07T06:25,2006-01-07T08:45,ORY,1713579631
WDPUZDXT,code,L,70004386,ST,2006-01-07T09:35,2006-01-07T11:45,PGF,1713579631
LANHEHVN,code,L,70004385,ST,2006-01-07T06:25,2006-01-07T08:45,ORY,1713579631
LANHEHVN,code,L,70004386,ST,2006-01-07T09:35,2006-01-07T11:45,PGF,1713579631
PSDLCQPU,code,L,70004385,ST,2006-01-07T06:25,2006-01-07T08:45,ORY,1713579631
PSDLCQPU,code,L,70004386,ST,2006-01-07T09:35,2006-01-07T11:45,PGF,1713579631
DXIJIGDY,code,L,70004385,ST,2006-01-07T06:25,2006-01-07T08:45,ORY,1713579631
DXIJIGDY,code,L,70004386,ST,2006-01-07T09:35,2006-01-07T11:45,PGF,1713579631
WSHEDEKA,code,L,70004486,CP,2006-01-07T06:25,2006-01-07T08:50,BOD,216794175
WSHEDEKA,code,L,70004485,CP,2006-01-07T09:55,2006-01-07T12:00,CDG,216794175
MOYEQMPH,code,L,70004486,FO,2006-01-07T06:25,2006-01-07T08:50,BOD,216794175
MOYEQMPH,code,L,70004485,FO,2006-01-07T09:55,2006-01-07T12:00,CDG,216794175
QBMKAYJG,code,L,70004486,CS,2006-01-07T06:25,2006-01-07T08:50,BOD,216794175
QBMKAYJG,code,L,70004485,CS,2006-01-07T09:55,2006-01-07T12:00,CDG,216794175
THQLIVVE,code,L,70004486,CS,2006-01-07T06:25,2006-01-07T08:50,BOD,216794175
THQLIVVE,code,L,70004485,CS,2006-01-07T09:55,2006-01-07T12:00,CDG,216794175
UKTLJPIE,code,L,70004486,ST,2006-01-07T06:25,2006-01-07T08:50,BOD,216794175
UKTLJPIE,code,L,70004485,ST,2006-01-07T09:55,2006-01-07T12:00,CDG,216794175
PEOLJLDX,code,L,70004486,ST,2006-01-07T06:25,2006-01-07T08:50,BOD,216794175
PEOLJLDX,code,L,70004485,ST,2006-01-07T09:55,2006-01-07T12:00,CDG,216794175
MMCYDRKZ,code,L,70004486,ST,2006-01-07T06:25,2006-01-07T08:50,BOD,216794175
MMCYDRKZ,code,L,70004485,ST,2006-01-07T09:55,2006-01-07T12:00,CDG,216794175
WAETFEOC,code,L,70004486,ST,2006-01-07T06:25,2006-01-07T08:50,BOD,216794175
WAETFEOC,code,L,70004485,ST,2006-01-07T09:55,2006-01-07T12:00,CDG,216794175
ZPKVYXBV,code,L,70004486,ST,2006-01-07T06:25,2006-01-07T08:50,BOD,216794175
ZPKVYXBV,code,L,70004485,ST,2006-01-07T09:55,2006-01-07T12:00,CDG,216794175
JJFVOPJG,code,L,70004486,ST,2006-01-07T06:25,2006-01-07T08:50,BOD,216794175
JJFVOPJG,code,L,70004485,ST,2006-01-07T09:55,2006-01-07T12:00,CDG,216794175
JEOHLWRR,code,L,70002520,CP,2006-01-07T06:25,2006-01-07T08:25,NTE,1017541010
JEOHLWRR,code,L,70002519,CP,2006-01-07T08:55,2006-01-07T09:55,TLS,1017541010
JEOHLWRR,code,L,70002518,CP,2006-01-07T10:45,2006-01-07T11:45,NTE,1017541010
JEOHLWRR,code,L,70002517,CP,2006-01-07T12:15,2006-01-07T13:15,TLS,1017541010
JEOHLWRR,code,L,70002626,CP,2006-01-07T13:50,2006-01-07T15:10,NTE,1017541010
JEOHLWRR,code,L,70002625,CP,2006-01-07T15:45,2006-01-07T17:55,MRS,1017541010
IDZUYOPG,code,L,70002520,FO,2006-01-07T06:25,2006-01-07T08:25,NTE,1017541010
IDZUYOPG,code,L,70002519,FO,2006-01-07T08:55,2006-01-07T09:55,TLS,1017541010
IDZUYOPG,code,L,70002518,FO,2006-01-07T10:45,2006-01-07T11:45,NTE,1017541010
IDZUYOPG,code,L,70002517,FO,2006-01-07T12:15,2006-01-07T13:15,TLS,1017541010
IDZUYOPG,code,L,70002626,FO,2006-01-07T13:50,2006-01-07T15:10,NTE,1017541010
IDZUYOPG,code,L,70002625,FO,2006-01-07T15:45,2006-01-07T17:55,MRS,1017541010
AXCVCDLZ,code,L,70002520,CS,2006-01-07T06:25,2006-01-07T08:25,NTE,1017541010
AXCVCDLZ,code,L,70002519,CS,2006-01-07T08:55,2006-01-07T09:55,TLS,1017541010
AXCVCDLZ,code,L,70002518,CS,2006-01-07T10:45,2006-01-07T11:45,NTE,1017541010
AXCVCDLZ,code,L,70002517,CS,2006-01-07T12:15,2006-01-07T13:15,TLS,1017541010
AXCVCDLZ,code,L,70002626,CS,2006-01-07T13:50,2006-01-07T15:10,NTE,1017541010
AXCVCDLZ,code,L,70002625,CS,2006-01-07T15:45,2006-01-07T17:55,MRS,1017541010
FBSSIRGB,code,L,70002520,ST,2006-01-07T06:25,2006-01-07T08:25,NTE,1017541010
FBSSIRGB,code,L,70002519,ST,2006-01-07T08:55,2006-01-07T09:55,TLS,1017541010
FBSSIRGB,code,L,70002518,ST,2006-01-07T10:45,2006-01-07T11:45,NTE,1017541010
FBSSIRGB,code,L,70002517,ST,2006-01-07T12:15,2006-01-07T13:15,TLS,1017541010
FBSSIRGB,code,L,70002626,ST,2006-01-07T13:50,2006-01-07T15:10,NTE,1017541010
FBSSIRGB,code,L,70002625,ST,2006-01-07T15:45,2006-01-07T17:55,MRS,1017541010
GJFOZIEC,code,L,70002520,ST,2006-01-07T06:25,2006-01-07T08:25,NTE,1017541010
GJFOZIEC,code,L,70002519,ST,2006-01-07T08:55,2006-01-07T09:55,TLS,1017541010
GJFOZIEC,code,L,70002518,ST,2006-01-07T10:45,2006-01-07T11:45,NTE,1017541010
GJFOZIEC,code,L,70002517,ST,2006-01-07T12:15,2006-01-07T13:15,TLS,1017541010
GJFOZIEC,code,L,70002626,ST,2006-01-07T13:50,2006-01-07T15:10,NTE,1017541010
GJFOZIEC,code,L,70002625,ST,2006-01-07T15:45,2006-01-07T17:55,MRS,1017541010
WNALESIN,code,L,70002520,ST,2006-01-07T06:25,2006-01-07T08:25,NTE,1017541010
WNALESIN,code,L,70002519,ST,2006-01-07T08:55,2006-01-07T09:55,TLS,1017541010
WNALESIN,code,L,70002518,ST,2006-01-07T10:45,2006-01-07T11:45,NTE,1017541010
WNALESIN,code,L,70002517,ST,2006-01-07T12:15,2006-01-07T13:15,TLS,1017541010
WNALESIN,code,L,70002626,ST,2006-01-07T13:50,2006-01-07T15:10,NTE,1017541010
WNALESIN,code,L,70002625,ST,2006-01-07T15:45,2006-01-07T17:55,MRS,1017541010
QSLDXSYY,code,L,70002868,CP,2006-01-07T06:30,2006-01-07T08:50,MRS,921209318
QSLDXSYY,code,L,70002877,CP,2006-01-07T09:35,2006-01-07T11:35,ORY,921209318
IUZYMWCJ,code,L,70002868,FO,2006-01-07T06:30,2006-01-07T08:50,MRS,921209318
IUZYMWCJ,code,L,70002877,FO,2006-01-07T09:35,2006-01-07T11:35,ORY,921209318
SDNAVLVG,code,L,70002868,CS,2006-01-07T06:30,2006-01-07T08:50,MRS,921209318
SDNAVLVG,code,L,70002877,CS,2006-01-07T09:35,2006-01-07T11:35,ORY,921209318
DVWABQLU,code,L,70002868,CS,2006-01-07T06:30,2006-01-07T08:50,MRS,921209318
DVWABQLU,code,L,70002877,CS,2006-01-07T09:35,2006-01-07T11:35,ORY,921209318
YLEWCKSK,code,L,70002868,ST,2006-01-07T06:30,2006-01-07T08:50,MRS,921209318
YLEWCKSK,code,L,70002877,ST,2006-01-07T09:35,2006-01-07T11:35,ORY,921209318
PQYVWSRA,code,L,70002868,ST,2006-01-07T06:30,2006-01-07T08:50,MRS,921209318
PQYVWSRA,code,L,70002877,ST,2006-01-07T09:35,2006-01-07T11:35,ORY,921209318
PTQQIVKW,code,L,70002868,ST,2006-01-07T06:30,2006-01-07T08:50,MRS,921209318
PTQQIVKW,code,L,70002877,ST,2006-01-07T09:35,2006-01-07T11:35,ORY,921209318
THTGCNGL,code,L,70002868,ST,2006-01-07T06:30,2006-01-07T08:50,MRS,921209318
THTGCNGL,code,L,70002877,ST,2006-01-07T09:35,2006-01-07T11:35,ORY,921209318
EYFJBQDG,code,L,70002868,ST,2006-01-07T06:30,2006-01-07T08:50,MRS,921209318
EYFJBQDG,code,L,70002877,ST,2006-01-07T09:35,2006-01-07T11:35,ORY,921209318
AMRDXARR,code,L,70002868,ST,2006-01-07T06:30,2006-01-07T08:50,MRS,921209318
AMRDXARR,code,L,70002877,ST,2006-01-07T09:35,2006-01-07T11:35,ORY,921209318
SVMTYRMN,code,L,70004400,CP,2006-01-07T06:30,2006-01-07T09:15,FSC,943091072
SVMTYRMN,code,L,70004393,CP,2006-01-07T09:40,2006-01-07T12:10,ORY,943091072
BWHMVUBQ,code,L,70004400,FO,2006-01-07T06:30,2006-01-07T09:15,FSC,943091072
BWHMVUBQ,code,L,70004393,FO,2006-01-07T09:40,2006-01-07T12:10,ORY,943091072
WNGODJXZ,code,L,70004400,CS,2006-01-07T06:30,2006-01-07T09:15,FSC,943091072
WNGODJXZ,code,L,70004393,CS,2006-01-07T09:40,2006-01-07T12:10,ORY,943091072
UUHOCDFY,code,L,70004400,ST,2006-01-07T06:30,2006-01-07T09:15,FSC,943091072
UUHOCDFY,code,L,70004393,ST,2006-01-07T09:40,2006-01-07T12:10,ORY,943091072
FUZCYJVF,code,L,70004400,ST,2006-01-07T06:30,2006-01-07T09:15,FSC,943091072
FUZCYJVF,code,L,70004393,ST,2006-01-07T09:40,2006-01-07T12:10,ORY,943091072
RXNRBAQK,code,L,70003067,CP,2006-01-07T06:30,2006-01-07T08:50,ORY,1772116450
RXNRBAQK,code,L,70004784,CP,2006-01-07T10:00,2006-01-07T11:40,NCE,1772116450
RXNRBAQK,code,L,70004679,CP,2006-01-07T12:35,2006-01-07T13:50,LIL,1772116450
RXNRBAQK,code,L,70004678,CP,2006-01-07T14:45,2006-01-07T16:30,LYS,1772116450
JAKWKQJS,code,L,70003067,FO,2006-01-07T06:30,2006-01-07T08:50,ORY,1772116450
JAKWKQJS,code,L,70004784,FO,2006-01-07T10:00,2006-01-07T11:40,NCE,1772116450
JAKWKQJS,code,L,70004679,FO,2006-01-07T12:35,2006-01-07T13:50,LIL,1772116450
JAKWKQJS,code,L,70004678,FO,2006-01-07T14:45,2006-01-07T16:30,LYS,1772116450
EQVEAWKA,code,L,70003067,CS,2006-01-07T06:30,2006-01-07T08:50,ORY,1772116450
EQVEAWKA,code,L,70004784,CS,2006-01-07T10:00,2006-01-07T11:40,NCE,1772116450
EQVEAWKA,code,L,70004679,CS,2006-01-07T12:35,2006-01-07T13:50,LIL,1772116450
EQVEAWKA,code,L,70004678,CS,2006-01-07T14:45,2006-01-07T16:30,LYS,1772116450
HMMLOKKP,code,L,70003067,ST,2006-01-07T06:30,2006-01-07T08:50,ORY,1772116450
HMMLOKKP,code,L,70004784,ST,2006-01-07T10:00,2006-01-07T11:40,NCE,1772116450
HMMLOKKP,code,L,70004679,ST,2006-01-07T12:35,2006-01-07T13:50,LIL,1772116450
HMMLOKKP,code,L,70004678,ST,2006-01-07T14:45,2006-01-07T16:30,LYS,1772116450
PEIXRSDV,code,L,70003067,ST,2006-01-07T06:30,2006-01-07T08:50,ORY,1772116450
PEIXRSDV,code,L,70004784,ST,2006-01-07T10:00,2006-01-07T11:40,NCE,1772116450
PEIXRSDV,code,L,70004679,ST,2006-01-07T12:35,2006-01-07T13:50,LIL,1772116450
PEIXRSDV,code,L,70004678,ST,2006-01-07T14:45,2006-01-07T16:30,LYS,1772116450
GCEXPAQI,code,L,70003067,ST,2006-01-07T06:30,2006-01-07T08:50,ORY,1772116450
GCEXPAQI,code,L,70004784,ST,2006-01-07T10:00,2006-01-07T11:40,NCE,1772116450
GCEXPAQI,code,L,70004679,ST,2006-01-07T12:35,2006-01-07T13:50,LIL,1772116450
GCEXPAQI,code,L,70004678,ST,2006-01-07T14:45,2006-01-07T16:30,LYS,1772116450
BWALZXLZ,code,L,70004165,CP,2006-01-07T07:00,2006-01-07T09:00,ORY,29236707
BWALZXLZ,code,L,70004170,CP,2006-01-07T10:10,2006-01-07T11:10,SXB,29236707
BWALZXLZ,code,L,70004171,CP,2006-01-07T14:25,2006-01-07T15:25,ORY,29236707
BWALZXLZ,code,L,70004180,CP,2006-01-07T17:00,2006-01-07T18:45,SXB,29236707
KRMJCXKA,code,L,70004165,FO,2006-01-07T07:00,2006-01-07T09:00,ORY,29236707
KRMJCXKA,code,L,70004170,FO,2006-01-07T10:10,2006-01-07T11:10,SXB,29236707
KRMJCXKA,code,L,70004171,FO,2006-01-07T14:25,2006-01-07T15:25,ORY,29236707
KRMJCXKA,code,L,70004180,FO,2006-01-07T17:00,2006-01-07T18:45,SXB,29236707
FYXLASID,code,L,70004165,CS,2006-01-07T07:00,2006-01-07T09:00,ORY,29236707
FYXLASID,code,L,70004170,CS,2006-01-07T10:10,2006-01-07T11:10,SXB,29236707
FYXLASID,code,L,70004171,CS,2006-01-07T14:25,2006-01-07T15:25,ORY,29236707
FYXLASID,code,L,70004180,CS,2006-01-07T17:00,2006-01-07T18:45,SXB,29236707
PMABBFYJ,code,L,70004165,CS,2006-01-07T07:00,2006-01-07T09:00,ORY,29236707
PMABBFYJ,code,L,70004170,CS,2006-01-07T10:10,2006-01-07T11:10,SXB,29236707
PMABBFYJ,code,L,70004171,CS,2006-01-07T14:25,2006-01-07T15:25,ORY,29236707
PMABBFYJ,code,L,70004180,CS,2006-01-07T17:00,2006-01-07T18:45,SXB,29236707
FYAHIDDW,code,L,70004165,ST,2006-01-07T07:00,2006-01-07T09:00,ORY,29236707
FYAHIDDW,code,L,70004170,ST,2006-01-07T10:10,2006-01-07T11:10,SXB,29236707
FYAHIDDW,code,L,70004171,ST,2006-01-07T14:25,2006-01-07T15:25,ORY,29236707
FYAHIDDW,code,L,70004180,ST,2006-01-07T17:00,2006-01-07T18:45,SXB,29236707
HINXYGSA,code,L,70004165,ST,2006-01-07T07:00,2006-01-07T09:00,ORY,29236707
HINXYGSA,code,L,70004170,ST,2006-01-07T10:10,2006-01-07T11:10,SXB,29236707
HINXYGSA,code,L,70004171,ST,2006-01-07T14:25,2006-01-07T15:25,ORY,29236707
HINXYGSA,code,L,70004180,ST,2006-01-07T17:00,2006-01-07T18:45,SXB,29236707
KPWFIZSP,code,L,70004165,ST,2006-01-07T07:00,2006-01-07T09:00,ORY,29236707
KPWFIZSP,code,L,70004170,ST,2006-01-07T10:10,2006-01-07T11:10,SXB,29236707
KPWFIZSP,code,L,70004171,ST,2006-01-07T14:25,2006-01-07T15:25,ORY,29236707
KPWFIZSP,code,L,70004180,ST,2006-01-07T17:00,2006-01-07T18:45,SXB,29236707
IPLQSVSN,code,L,70004165,ST,2006-01-07T07:00,2006-01-07T09:00,ORY,29236707
IPLQSVSN,code,L,70004170,ST,2006-01-07T10:10,2006-01-07T11:10,SXB,29236707
IPLQSVSN,code,L,70004171,ST,2006-01-07T14:25,2006-01-07T15:25,ORY,29236707
IPLQSVSN,code,L,70004180,ST,2006-01-07T17:00,2006-01-07T18:45,SXB,29236707
BUDEWMVI,code,L,70004165,ST,2006-01-07T07:00,2006-01-07T09:00,ORY,29236707
BUDEWMVI,code,L,70004170,ST,2006-01-07T10:10,2006-01-07T11:10,SXB,29236707
BUDEWMVI,code,L,70004171,ST,2006-01-07T14:25,2006-01-07T15:25,ORY,29236707
BUDEWMVI,code,L,70004180,ST,2006-01-07T17:00,2006-01-07T18:45,SXB,29236707
TUGSVDUS,code,L,70004165,ST,2006-01-07T07:00,2006-01-07T09:00,ORY,29236707
TUGSVDUS,code,L,70004170,ST,2006-01-07T10:10,2006-01-07T11:10,SXB,29236707
TUGSVDUS,code,L,70004171,ST,2006-01-07T14:25,2006-01-07T15:25,ORY,29236707
TUGSVDUS,code,L,70004180,ST,2006-01-07T17:00,2006-01-07T18:45,SXB,29236707
SHZIJYZV,code,L,70003122,CP,2006-01-07T07:00,2006-01-07T09:10,BOD,863898425
SHZIJYZV,code,L,70003121,CP,2006-01-07T10:10,2006-01-07T12:00,ORY,863898425
LKGADUWU,code,L,70003122,FO,2006-01-07T07:00,2006-01-07T09:10,BOD,863898425
LKGADUWU,code,L,70003121,FO,2006-01-07T10:10,2006-01-07T12:00,ORY,863898425
ZEJFHOQM,code,L,70003122,CS,2006-01-07T07:00,2006-01-07T09:10,BOD,863898425
ZEJFHOQM,code,L,70003121,CS,2006-01-07T10:10,2006-01-07T12:00,ORY,863898425
HRLTPILF,code,L,70003122,CS,2006-01-07T07:00,2006-01-07T09:10,BOD,863898425
HRLTPILF,code,L,70003121,CS,2006-01-07T10:10,2006-01-07T12:00,ORY,863898425
XGKVAXCS,code,L,70003122,ST,2006-01-07T07:00,2006-01-07T09:10,BOD,863898425
XGKVAXCS,code,L,70003121,ST,2006-01-07T10:10,2006-01-07T12:00,ORY,863898425
IQLDHPML,code,L,70003122,ST,2006-01-07T07:00,2006-01-07T09:10,BOD,863898425
IQLDHPML,code,L,70003121,ST,2006-01-07T10:10,2006-01-07T12:00,ORY,863898425
UWTPNLHL,code,L,70003122,ST,2006-01-07T07:00,2006-01-07T09:10,BOD,863898425
UWTPNLHL,code,L,70003121,ST,2006-01-07T10:10,2006-01-07T12:00,ORY,863898425
WNIGCQYD,code,L,70003122,ST,2006-01-07T07:00,2006-01-07T09:10,BOD,863898425
WNIGCQYD,code,L,70003121,ST,2006-01-07T10:10,2006-01-07T12:00,ORY,863898425
OYXTXHPS,code,L,70003122,ST,2006-01-07T07:00,2006-01-07T09:10,BOD,863898425
OYXTXHPS,code,L,70003121,ST,2006-01-07T10:10,2006-01-07T12:00,ORY,863898425
BGMGZAKY,code,L,70003122,ST,2006-01-07T07:00,2006-01-07T09:10,BOD,863898425
BGMGZAKY,code,L,70003121,ST,2006-01-07T10:10,2006-01-07T12:00,ORY,863898425
XVSKXARL,code,L,70004406,CP,2006-01-07T07:05,2006-01-07T09:25,MPL,1022862599
XVSKXARL,code,L,70004409,CP,2006-01-07T10:15,2006-01-07T12:15,ORY,1022862599
SNNLIWXQ,code,L,70004406,FO,2006-01-07T07:05,2006-01-07T09:25,MPL,1022862599
SNNLIWXQ,code,L,70004409,FO,2006-01-07T10:15,2006-01-07T12:15,ORY,1022862599
YTOCZEPK,code,L,70004406,CS,2006-01-07T07:05,2006-01-07T09:25,MPL,1022862599
YTOCZEPK,code,L,70004409,CS,2006-01-07T10:15,2006-01-07T12:15,ORY,1022862599
DCFYVEAJ,code,L,70004406,CS,2006-01-07T07:05,2006-01-07T09:25,MPL,1022862599
DCFYVEAJ,code,L,70004409,CS,2006-01-07T10:15,2006-01-07T12:15,ORY,1022862599
ODUBKXOU,code,L,70004406,ST,2006-01-07T07:05,2006-01-07T09:25,MPL,1022862599
ODUBKXOU,code,L,70004409,ST,2006-01-07T10:15,2006-01-07T12:15,ORY,1022862599
ABDGTHDZ,code,L,70004406,ST,2006-01-07T07:05,2006-01-07T09:25,MPL,1022862599
ABDGTHDZ,code,L,70004409,ST,2006-01-07T10:15,2006-01-07T12:15,ORY,1022862599
YZIVANTW,code,L,70004406,ST,2006-01-07T07:05,2006-01-07T09:25,MPL,1022862599
YZIVANTW,code,L,70004409,ST,2006-01-07T10:15,2006-01-07T12:15,ORY,1022862599
DKLPAHBG,code,L,70004406,ST,2006-01-07T07:05,2006-01-07T09:25,MPL,1022862599
DKLPAHBG,code,L,70004409,ST,2006-01-07T10:15,2006-01-07T12:15,ORY,1022862599
UXWLUVPT,code,L,70004406,ST,2006-01-07T07:05,2006-01-07T09:25,MPL,1022862599
UXWLUVPT,code,L,70004409,ST,2006-01-07T10:15,2006-01-07T12:15,ORY,1022862599
ZELVLYFH,code,L,70004406,ST,2006-01-07T07:05,2006-01-07T09:25,MPL,1022862599
ZELVLYFH,code,L,70004409,ST,2006-01-07T10:15,2006-01-07T12:15,ORY,1022862599
GJRYMBIE,code,L,70002978,CP,2006-01-07T07:10,2006-01-07T09:30,TLS,461272858
GJRYMBIE,code,L,70004345,CP,2006-01-07T10:45,2006-01-07T12:00,ORY,461272858
GJRYMBIE,code,L,70004348,CP,2006-01-07T12:50,2006-01-07T14:10,BIQ,461272858
GJRYMBIE,code,L,70004351,CP,2006-01-07T15:55,2006-01-07T17:10,ORY,461272858
GJRYMBIE,code,L,70004354,CP,2006-01-07T18:00,2006-01-07T19:20,BIQ,461272858
GJRYMBIE,code,L,70004342,CP,2006-01-07T20:05,2006-01-07T21:50,ORY,461272858
ZEOHALLV,code,L,70002978,FO,2006-01-07T07:10,2006-01-07T09:30,TLS,461272858
ZEOHALLV,code,L,70004345,FO,2006-01-07T10:45,2006-01-07T12:00,ORY,461272858
ZEOHALLV,code,L,70004348,FO,2006-01-07T12:50,2006-01-07T14:10,BIQ,461272858
ZEOHALLV,code,L,70004351,FO,2006-01-07T15:55,2006-01-07T17:10,ORY,461272858
ZEOHALLV,code,L,70004354,FO,2006-01-07T18:00,2006-01-07T19:20,BIQ,461272858
ZEOHALLV,code,L,70004342,FO,2006-01-07T20:05,2006-01-07T21:50,ORY,461272858
HKYGBULJ,code,L,70002978,CS,2006-01-07T07:10,2006-01-07T09:30,TLS,461272858
HKYGBULJ,code,L,70004345,CS,2006-01-07T10:45,2006-01-07T12:00,ORY,461272858
HKYGBULJ,code,L,70004348,CS,2006-01-07T12:50,2006-01-07T14:10,BIQ,461272858
HKYGBULJ,code,L,70004351,CS,2006-01-07T15:55,2006-01-07T17:10,ORY,461272858
HKYGBULJ,code,L,70004354,CS,2006-01-07T18:00,2006-01-07T19:20,BIQ,461272858
HKYGBULJ,code,L,70004342,CS,2006-01-07T20:05,2006-01-07T21:50,ORY,461272858
JWLDZCQB,code,L,70002978,CS,2006-01-07T07:10,2006-01-07T09:30,TLS,461272858
JWLDZCQB,code,L,70004345,CS,2006-01-07T10:45,2006-01-07T12:00,ORY,461272858
JWLDZCQB,code,L,70004348,CS,2006-01-07T12:50,2006-01-07T14:10,BIQ,461272858
JWLDZCQB,code,L,70004351,CS,2006-01-07T15:55,2006-01-07T17:10,ORY,461272858
JWLDZCQB,code,L,70004354,CS,2006-01-07T18:00,2006-01-07T19:20,BIQ,461272858
JWLDZCQB,code,L,70004342,CS,2006-01-07T20:05,2006-01-07T21:50,ORY,461272858
ZBJVAADZ,code,L,70002978,ST,2006-01-07T07:10,2006-01-07T09:30,TLS,461272858
ZBJVAADZ,code,L,70004345,ST,2006-01-07T10:45,2006-01-07T12:00,ORY,461272858
ZBJVAADZ,code,L,70004348,ST,2006-01-07T12:50,2006-01-07T14:10,BIQ,461272858
ZBJVAADZ,code,L,70004351,ST,2006-01-07T15:55,2006-01-07T17:10,ORY,461272858
ZBJVAADZ,code,L,70004354,ST,2006-01-07T18:00,2006-01-07T19:20,BIQ,461272858
ZBJVAADZ,code,L,70004342,ST,2006-01-07T20:05,2006-01-07T21:50,ORY,461272858
KYEWEUCA,code,L,70002978,ST,2006-01-07T07:10,2006-01-07T09:30,TLS,461272858
KYEWEUCA,code,L,70004345,ST,2006-01-07T10:45,2006-01-07T12:00,ORY,461272858
KYEWEUCA,code,L,70004348,ST,2006-01-07T12:50,2006-01-07T14:10,BIQ,461272858
KYEWEUCA,code,L,70004351,ST,2006-01-07T15:55,2006-01-07T17:10,ORY,461272858
KYEWEUCA,code,L,70004354,ST,2006-01-07T18:00,2006-01-07T19:20,BIQ,461272858
KYEWEUCA,code,L,70004342,ST,2006-01-07T20:05,2006-01-07T21:50,ORY,461272858
ZUXCYWON,code,L,70002978,ST,2006-01-07T07:10,2006-01-07T09:30,TLS,461272858
ZUXCYWON,code,L,70004345,ST,2006-01-07T10:45,2006-01-07T12:00,ORY,461272858
ZUXCYWON,code,L,70004348,ST,2006-01-07T12:50,2006-01-07T14:10,BIQ,461272858
ZUXCYWON,code,L,70004351,ST,2006-01-07T15:55,2006-01-07T17:10,ORY,461272858
ZUXCYWON,code,L,70004354,ST,2006-01-07T18:00,2006-01-07T19:20,BIQ,461272858
ZUXCYWON,code,L,70004342,ST,2006-01-07T20:05,2006-01-07T21:50,ORY,461272858
VDPPQHYP,code,L,70002978,ST,2006-01-07T07:10,2006-01-07T09:30,TLS,461272858
VDPPQHYP,code,L,70004345,ST,2006-01-07T10:45,2006-01-07T12:00,ORY,461272858
VDPPQHYP,code,L,70004348,ST,2006-01-07T12:50,2006-01-07T14:10,BIQ,461272858
VDPPQHYP,code,L,70004351,ST,2006-01-07T15:55,2006-01-07T17:10,ORY,461272858
VDPPQHYP,code,L,70004354,ST,2006-01-07T18:00,2006-01-07T19:20,BIQ,461272858
VDPPQHYP,code,L,70004342,ST,2006-01-07T20:05,2006-01-07T21:50,ORY,461272858
NTBNLUHD,code,L,70002978,ST,2006-01-07T07:10,2006-01-07T09:30,TLS,461272858
NTBNLUHD,code,L,70004345,ST,2006-01-07T10:45,2006-01-07T12:00,ORY,461272858
NTBNLUHD,code,L,70004348,ST,2006-01-07T12:50,2006-01-07T14:10,BIQ,461272858
NTBNLUHD,code,L,70004351,ST,2006-01-07T15:55,2006-01-07T17:10,ORY,461272858
NTBNLUHD,code,L,70004354,ST,2006-01-07T18:00,2006-01-07T19:20,BIQ,461272858
NTBNLUHD,code,L,70004342,ST,2006-01-07T20:05,2006-01-07T21:50,ORY,461272858
OFDPOYXC,code,L,70002978,ST,2006-01-07T07:10,2006-01-07T09:30,TLS,461272858
OFDPOYXC,code,L,70004345,ST,2006-01-07T10:45,2006-01-07T12:00,ORY,461272858
OFDPOYXC,code,L,70004348,ST,2006-01-07T12:50,2006-01-07T14:10,BIQ,461272858
OFDPOYXC,code,L,70004351,ST,2006-01-07T15:55,2006-01-07T17:10,ORY,461272858
OFDPOYXC,code,L,70004354,ST,2006-01-07T18:00,2006-01-07T19:20,BIQ,461272858
OFDPOYXC,code,L,70004342,ST,2006-01-07T20:05,2006-01-07T21:50,ORY,461272858
XRHSULQC,code,L,70004168,CP,2006-01-07T07:10,2006-01-07T09:10,SXB,1178395817
XRHSULQC,code,L,70004167,CP,2006-01-07T10:25,2006-01-07T12:10,ORY,1178395817
VXFCFXKK,code,L,70004168,FO,2006-01-07T07:10,2006-01-07T09:10,SXB,1178395817
VXFCFXKK,code,L,70004167,FO,2006-01-07T10:25,2006-01-07T12:10,ORY,1178395817
BFVMDCHD,code,L,70004168,CS,2006-01-07T07:10,2006-01-07T09:10,SXB,1178395817
BFVMDCHD,code,L,70004167,CS,2006-01-07T10:25,2006-01-07T12:10,ORY,1178395817
FMXWMPVH,code,L,70004168,CS,2006-01-07T07:10,2006-01-07T09:10,SXB,1178395817
FMXWMPVH,code,L,70004167,CS,2006-01-07T10:25,2006-01-07T12:10,ORY,1178395817
PELUINPI,code,L,70004168,ST,2006-01-07T07:10,2006-01-07T09:10,SXB,1178395817
PELUINPI,code,L,70004167,ST,2006-01-07T10:25,2006-01-07T12:10,ORY,1178395817
HKSOZOSN,code,L,70004168,ST,2006-01-07T07:10,2006-01-07T09:10,SXB,1178395817
HKSOZOSN,code,L,70004167,ST,2006-01-07T10:25,2006-01-07T12:10,ORY,1178395817
HKYKOMJS,code,L,70004168,ST,2006-01-07T07:10,2006-01-07T09:10,SXB,1178395817
HKYKOMJS,code,L,70004167,ST,2006-01-07T10:25,2006-01-07T12:10,ORY,1178395817
HTMDTFEJ,code,L,70004168,ST,2006-01-07T07:10,2006-01-07T09:10,SXB,1178395817
HTMDTFEJ,code,L,70004167,ST,2006-01-07T10:25,2006-01-07T12:10,ORY,1178395817
UUGTIGVY,code,L,70004168,ST,2006-01-07T07:10,2006-01-07T09:10,SXB,1178395817
UUGTIGVY,code,L,70004167,ST,2006-01-07T10:25,2006-01-07T12:10,ORY,1178395817
BOSNMKAE,code,L,70004168,ST,2006-01-07T07:10,2006-01-07T09:10,SXB,1178395817
BOSNMKAE,code,L,70004167,ST,2006-01-07T10:25,2006-01-07T12:10,ORY,1178395817
TQEKJBBV,code,L,70004475,CP,2006-01-07T07:10,2006-01-07T09:45,ORY,2142954714
TQEKJBBV,code,L,70004476,CP,2006-01-07T10:45,2006-01-07T13:00,CLY,2142954714
RCFMKCFW,code,L,70004475,FO,2006-01-07T07:10,2006-01-07T09:45,ORY,2142954714
RCFMKCFW,code,L,70004476,FO,2006-01-07T10:45,2006-01-07T13:00,CLY,2142954714
WKHTGLCS,code,L,70004475,CS,2006-01-07T07:10,2006-01-07T09:45,ORY,2142954714
WKHTGLCS,code,L,70004476,CS,2006-01-07T10:45,2006-01-07T13:00,CLY,2142954714
QAJCBUWD,code,L,70004475,CS,2006-01-07T07:10,2006-01-07T09:45,ORY,2142954714
QAJCBUWD,code,L,70004476,CS,2006-01-07T10:45,2006-01-07T13:00,CLY,2142954714
XJZTCXGZ,code,L,70004475,ST,2006-01-07T07:10,2006-01-07T09:45,ORY,2142954714
XJZTCXGZ,code,L,70004476,ST,2006-01-07T10:45,2006-01-07T13:00,CLY,2142954714
MZLNQFVT,code,L,70004475,ST,2006-01-07T07:10,2006-01-07T09:45,ORY,2142954714
MZLNQFVT,code,L,70004476,ST,2006-01-07T10:45,2006-01-07T13:00,CLY,2142954714
CGSRALNW,code,L,70004475,ST,2006-01-07T07:10,2006-01-07T09:45,ORY,2142954714
CGSRALNW,code,L,70004476,ST,2006-01-07T10:45,2006-01-07T13:00,CLY,2142954714
ARMBUOXC,code,L,70004475,ST,2006-01-07T07:10,2006-01-07T09:45,ORY,2142954714
ARMBUOXC,code,L,70004476,ST,2006-01-07T10:45,2006-01-07T13:00,CLY,2142954714
XORHNNZW,code,L,70004475,ST,2006-01-07T07:10,2006-01-07T09:45,ORY,2142954714
XORHNNZW,code,L,70004476,ST,2006-01-07T10:45,2006-01-07T13:00,CLY,2142954714
HEAQZYXE,code,L,70004475,ST,2006-01-07T07:10,2006-01-07T09:45,ORY,2142954714
HEAQZYXE,code,L,70004476,ST,2006-01-07T10:45,2006-01-07T13:00,CLY,2142954714
GUIDJKYR,code,L,70004518,CP,2006-01-07T07:55,2006-01-07T10:00,CFE,41568198
GUIDJKYR,code,L,70002584,CP,2006-01-07T12:30,2006-01-07T13:35,CDG,41568198
GUIDJKYR,code,L,70002585,CP,2006-01-07T14:55,2006-01-07T15:55,RNS,41568198
GUIDJKYR,code,L,70004641,CP,2006-01-07T17:20,2006-01-07T18:50,CDG,41568198
GUIDJKYR,code,L,70004642,CP,2006-01-07T19:30,2006-01-07T21:15,PUF,41568198
LPJXSVKC,code,L,70004518,FO,2006-01-07T07:55,2006-01-07T10:00,CFE,41568198
LPJXSVKC,code,L,70002584,FO,2006-01-07T12:30,2006-01-07T13:35,CDG,41568198
LPJXSVKC,code,L,70002585,FO,2006-01-07T14:55,2006-01-07T15:55,RNS,41568198
LPJXSVKC,code,L,70004641,FO,2006-01-07T17:20,2006-01-07T18:50,CDG,41568198
LPJXSVKC,code,L,70004642,FO,2006-01-07T19:30,2006-01-07T21:15,PUF,41568198
KRXJXVFB,code,L,70004518,CSD,2006-01-07T07:55,2006-01-07T10:00,CFE,41568198
KRXJXVFB,code,L,70002584,CSD,2006-01-07T12:30,2006-01-07T13:35,CDG,41568198
KRXJXVFB,code,L,70002585,CSD,2006-01-07T14:55,2006-01-07T15:55,RNS,41568198
KRXJXVFB,code,L,70004641,CSD,2006-01-07T17:20,2006-01-07T18:50,CDG,41568198
KRXJXVFB,code,L,70004642,CSD,2006-01-07T19:30,2006-01-07T21:15,PUF,41568198
BAMFJQMY,code,L,70004518,ST,2006-01-07T07:55,2006-01-07T10:00,CFE,41568198
BAMFJQMY,code,L,70002584,ST,2006-01-07T12:30,2006-01-07T13:35,CDG,41568198
BAMFJQMY,code,L,70002585,ST,2006-01-07T14:55,2006-01-07T15:55,RNS,41568198
BAMFJQMY,code,L,70004641,ST,2006-01-07T17:20,2006-01-07T18:50,CDG,41568198
BAMFJQMY,code,L,70004642,ST,2006-01-07T19:30,2006-01-07T21:15,PUF,41568198
PSPNMOTQ,code,L,70004518,ST,2006-01-07T07:55,2006-01-07T10:00,CFE,41568198
PSPNMOTQ,code,L,70002584,ST,2006-01-07T12:30,2006-01-07T13:35,CDG,41568198
PSPNMOTQ,code,L,70002585,ST,2006-01-07T14:55,2006-01-07T15:55,RNS,41568198
PSPNMOTQ,code,L,70004641,ST,2006-01-07T17:20,2006-01-07T18:50,CDG,41568198
PSPNMOTQ,code,L,70004642,ST,2006-01-07T19:30,2006-01-07T21:15,PUF,41568198
BBNVLOBM,code,L,70004837,CP,2006-01-07T08:15,2006-01-07T10:35,SXB,1988519473
BBNVLOBM,code,L,70004838,CP,2006-01-07T11:15,2006-01-07T12:35,NCE,1988519473
BBNVLOBM,code,L,70002644,CP,2006-01-07T13:10,2006-01-07T14:10,SXB,1988519473
BBNVLOBM,code,L,70002643,CP,2006-01-07T15:00,2006-01-07T16:45,LYS,1988519473
LUMHLJMJ,code,L,70004837,FO,2006-01-07T08:15,2006-01-07T10:35,SXB,1988519473
LUMHLJMJ,code,L,70004838,FO,2006-01-07T11:15,2006-01-07T12:35,NCE,1988519473
LUMHLJMJ,code,L,70002644,FO,2006-01-07T13:10,2006-01-07T14:10,SXB,1988519473
LUMHLJMJ,code,L,70002643,FO,2006-01-07T15:00,2006-01-07T16:45,LYS,1988519473
KQICIVYX,code,L,70004837,CS,2006-01-07T08:15,2006-01-07T10:35,SXB,1988519473
KQICIVYX,code,L,70004838,CS,2006-01-07T11:15,2006-01-07T12:35,NCE,1988519473
KQICIVYX,code,L,70002644,CS,2006-01-07T13:10,2006-01-07T14:10,SXB,1988519473
KQICIVYX,code,L,70002643,CS,2006-01-07T15:00,2006-01-07T16:45,LYS,1988519473
EJYKRQOP,code,L,70004837,ST,2006-01-07T08:15,2006-01-07T10:35,SXB,1988519473
EJYKRQOP,code,L,70004838,ST,2006-01-07T11:15,2006-01-07T12:35,NCE,1988519473
EJYKRQOP,code,L,70002644,ST,2006-01-07T13:10,2006-01-07T14:10,SXB,1988519473
EJYKRQOP,code,L,70002643,ST,2006-01-07T15:00,2006-01-07T16:45,LYS,1988519473
SWUEOZCL,code,L,70004837,ST,2006-01-07T08:15,2006-01-07T10:35,SXB,1988519473
SWUEOZCL,code,L,70004838,ST,2006-01-07T11:15,2006-01-07T12:35,NCE,1988519473
SWUEOZCL,code,L,70002644,ST,2006-01-07T13:10,2006-01-07T14:10,SXB,1988519473
SWUEOZCL,code,L,70002643,ST,2006-01-07T15:00,2006-01-07T16:45,LYS,1988519473
SXQKCBRQ,code,L,70004837,ST,2006-01-07T08:15,2006-01-07T10:35,SXB,1988519473
SXQKCBRQ,code,L,70004838,ST,2006-01-07T11:15,2006-01-07T12:35,NCE,1988519473
SXQKCBRQ,code,L,70002644,ST,2006-01-07T13:10,2006-01-07T14:10,SXB,1988519473
SXQKCBRQ,code,L,70002643,ST,2006-01-07T15:00,2006-01-07T16:45,LYS,1988519473
FXOPBSPN,code,L,70004268,CP,2006-01-07T08:30,2006-01-07T10:35,LYS,190797265
FXOPBSPN,code,L,70004273,CP,2006-01-07T11:20,2006-01-07T12:25,ORY,190797265
FXOPBSPN,code,L,70004272,CP,2006-01-07T13:10,2006-01-07T14:15,LYS,190797265
FXOPBSPN,code,L,70004279,CP,2006-01-07T15:00,2006-01-07T16:05,ORY,190797265
FXOPBSPN,code,L,70004274,CP,2006-01-07T16:50,2006-01-07T17:55,LYS,190797265
FXOPBSPN,code,L,70004275,CP,2006-01-07T18:40,2006-01-07T20:30,ORY,190797265
CNTJIFXD,code,L,70004268,FO,2006-01-07T08:30,2006-01-07T10:35,LYS,190797265
CNTJIFXD,code,L,70004273,FO,2006-01-07T11:20,2006-01-07T12:25,ORY,190797265
CNTJIFXD,code,L,70004272,FO,2006-01-07T13:10,2006-01-07T14:15,LYS,190797265
CNTJIFXD,code,L,70004279,FO,2006-01-07T15:00,2006-01-07T16:05,ORY,190797265
CNTJIFXD,code,L,70004274,FO,2006-01-07T16:50,2006-01-07T17:55,LYS,190797265
CNTJIFXD,code,L,70004275,FO,2006-01-07T18:40,2006-01-07T20:30,ORY,190797265
TCROFOPY,code,L,70004268,CS,2006-01-07T08:30,2006-01-07T10:35,LYS,190797265
TCROFOPY,code,L,70004273,CS,2006-01-07T11:20,2006-01-07T12:25,ORY,190797265
TCROFOPY,code,L,70004272,CS,2006-01-07T13:10,2006-01-07T14:15,LYS,190797265
TCROFOPY,code,L,70004279,CS,2006-01-07T15:00,2006-01-07T16:05,ORY,190797265
TCROFOPY,code,L,70004274,CS,2006-01-07T16:50,2006-01-07T17:55,LYS,190797265
TCROFOPY,code,L,70004275,CS,2006-01-07T18:40,2006-01-07T20:30,ORY,190797265
GRJFAEQT,code,L,70004268,CS,2006-01-07T08:30,2006-01-07T10:35,LYS,190797265
GRJFAEQT,code,L,70004273,CS,2006-01-07T11:20,2006-01-07T12:25,ORY,190797265
GRJFAEQT,code,L,70004272,CS,2006-01-07T13:10,2006-01-07T14:15,LYS,190797265
GRJFAEQT,code,L,70004279,CS,2006-01-07T15:00,2006-01-07T16:05,ORY,190797265
GRJFAEQT,code,L,70004274,CS,2006-01-07T16:50,2006-01-07T17:55,LYS,190797265
GRJFAEQT,code,L,70004275,CS,2006-01-07T18:40,2006-01-07T20:30,ORY,190797265
BRZPPDKJ,code,L,70004268,ST,2006-01-07T08:30,2006-01-07T10:35,LYS,190797265
BRZPPDKJ,code,L,70004273,ST,2006-01-07T11:20,2006-01-07T12:25,ORY,190797265
BRZPPDKJ,code,L,70004272,ST,2006-01-07T13:10,2006-01-07T14:15,LYS,190797265
BRZPPDKJ,code,L,70004279,ST,2006-01-07T15:00,2006-01-07T16:05,ORY,190797265
BRZPPDKJ,code,L,70004274,ST,2006-01-07T16:50,2006-01-07T17:55,LYS,190797265
BRZPPDKJ,code,L,70004275,ST,2006-01-07T18:40,2006-01-07T20:30,ORY,190797265
DTVMENBA,code,L,70004268,ST,2006-01-07T08:30,2006-01-07T10:35,LYS,190797265
DTVMENBA,code,L,70004273,ST,2006-01-07T11:20,2006-01-07T12:25,ORY,190797265
DTVMENBA,code,L,70004272,ST,2006-01-07T13:10,2006-01-07T14:15,LYS,190797265
DTVMENBA,code,L,70004279,ST,2006-01-07T15:00,2006-01-07T16:05,ORY,190797265
DTVMENBA,code,L,70004274,ST,2006-01-07T16:50,2006-01-07T17:55,LYS,190797265
DTVMENBA,code,L,70004275,ST,2006-01-07T18:40,2006-01-07T20:30,ORY,190797265
CTLVZZTN,code,L,70004268,ST,2006-01-07T08:30,2006-01-07T10:35,LYS,190797265
CTLVZZTN,code,L,70004273,ST,2006-01-07T11:20,2006-01-07T12:25,ORY,190797265
CTLVZZTN,code,L,70004272,ST,2006-01-07T13:10,2006-01-07T14:15,LYS,190797265
CTLVZZTN,code,L,70004279,ST,2006-01-07T15:00,2006-01-07T16:05,ORY,190797265
CTLVZZTN,code,L,70004274,ST,2006-01-07T16:50,2006-01-07T17:55,LYS,190797265
CTLVZZTN,code,L,70004275,ST,2006-01-07T18:40,2006-01-07T20:30,ORY,190797265
TWDWVBSZ,code,L,70004268,ST,2006-01-07T08:30,2006-01-07T10:35,LYS,190797265
TWDWVBSZ,code,L,70004273,ST,2006-01-07T11:20,2006-01-07T12:25,ORY,190797265
TWDWVBSZ,code,L,70004272,ST,2006-01-07T13:10,2006-01-07T14:15,LYS,190797265
TWDWVBSZ,code,L,70004279,ST,2006-01-07T15:00,2006-01-07T16:05,ORY,190797265
TWDWVBSZ,code,L,70004274,ST,2006-01-07T16:50,2006-01-07T17:55,LYS,190797265
TWDWVBSZ,code,L,70004275,ST,2006-01-07T18:40,2006-01-07T20:30,ORY,190797265
DKDFBXYH,code,L,70004268,ST,2006-01-07T08:30,2006-01-07T10:35,LYS,190797265
DKDFBXYH,code,L,70004273,ST,2006-01-07T11:20,2006-01-07T12:25,ORY,190797265
DKDFBXYH,code,L,70004272,ST,2006-01-07T13:10,2006-01-07T14:15,LYS,190797265
DKDFBXYH,code,L,70004279,ST,2006-01-07T15:00,2006-01-07T16:05,ORY,190797265
DKDFBXYH,code,L,70004274,ST,2006-01-07T16:50,2006-01-07T17:55,LYS,190797265
DKDFBXYH,code,L,70004275,ST,2006-01-07T18:40,2006-01-07T20:30,ORY,190797265
EOAAFKEO,code,L,70004268,ST,2006-01-07T08:30,2006-01-07T10:35,LYS,190797265
EOAAFKEO,code,L,70004273,ST,2006-01-07T11:20,2006-01-07T12:25,ORY,190797265
EOAAFKEO,code,L,70004272,ST,2006-01-07T13:10,2006-01-07T14:15,LYS,190797265
EOAAFKEO,code,L,70004279,ST,2006-01-07T15:00,2006-01-07T16:05,ORY,190797265
EOAAFKEO,code,L,70004274,ST,2006-01-07T16:50,2006-01-07T17:55,LYS,190797265
EOAAFKEO,code,L,70004275,ST,2006-01-07T18:40,2006-01-07T20:30,ORY,190797265
JOGSHAZL,code,L,70004658,CP,2006-01-07T08:35,2006-01-07T11:05,TLS,1839244181
JOGSHAZL,code,L,70004657,CP,2006-01-07T11:55,2006-01-07T13:20,CDG,1839244181
JOGSHAZL,code,L,70004650,CP,2006-01-07T15:00,2006-01-07T16:30,TLS,1839244181
JOGSHAZL,code,L,70004651,CP,2006-01-07T17:25,2006-01-07T19:35,CDG,1839244181
KMWBXHMV,code,L,70004658,FO,2006-01-07T08:35,2006-01-07T11:05,TLS,1839244181
KMWBXHMV,code,L,70004657,FO,2006-01-07T11:55,2006-01-07T13:20,CDG,1839244181
KMWBXHMV,code,L,70004650,FO,2006-01-07T15:00,2006-01-07T16:30,TLS,1839244181
KMWBXHMV,code,L,70004651,FO,2006-01-07T17:25,2006-01-07T19:35,CDG,1839244181
TZXPCYFH,code,L,70004658,CS,2006-01-07T08:35,2006-01-07T11:05,TLS,1839244181
TZXPCYFH,code,L,70004657,CS,2006-01-07T11:55,2006-01-07T13:20,CDG,1839244181
TZXPCYFH,code,L,70004650,CS,2006-01-07T15:00,2006-01-07T16:30,TLS,1839244181
TZXPCYFH,code,L,70004651,CS,2006-01-07T17:25,2006-01-07T19:35,CDG,1839244181
XGUBXMYM,code,L,70004658,CS,2006-01-07T08:35,2006-01-07T11:05,TLS,1839244181
XGUBXMYM,code,L,70004657,CS,2006-01-07T11:55,2006-01-07T13:20,CDG,1839244181
XGUBXMYM,code,L,70004650,CS,2006-01-07T15:00,2006-01-07T16:30,TLS,1839244181
XGUBXMYM,code,L,70004651,CS,2006-01-07T17:25,2006-01-07T19:35,CDG,1839244181
JSUWEYUI,code,L,70004658,ST,2006-01-07T08:35,2006-01-07T11:05,TLS,1839244181
JSUWEYUI,code,L,70004657,ST,2006-01-07T11:55,2006-01-07T13:20,CDG,1839244181
JSUWEYUI,code,L,70004650,ST,2006-01-07T15:00,2006-01-07T16:30,TLS,1839244181
JSUWEYUI,code,L,70004651,ST,2006-01-07T17:25,2006-01-07T19:35,CDG,1839244181
XVLUBJRL,code,L,70004658,ST,2006-01-07T08:35,2006-01-07T11:05,TLS,1839244181
XVLUBJRL,code,L,70004657,ST,2006-01-07T11:55,2006-01-07T13:20,CDG,1839244181
XVLUBJRL,code,L,70004650,ST,2006-01-07T15:00,2006-01-07T16:30,TLS,1839244181
XVLUBJRL,code,L,70004651,ST,2006-01-07T17:25,2006-01-07T19:35,CDG,1839244181
ZUGMPHFR,code,L,70004658,ST,2006-01-07T08:35,2006-01-07T11:05,TLS,1839244181
ZUGMPHFR,code,L,70004657,ST,2006-01-07T11:55,2006-01-07T13:20,CDG,1839244181
ZUGMPHFR,code,L,70004650,ST,2006-01-07T15:00,2006-01-07T16:30,TLS,1839244181
ZUGMPHFR,code,L,70004651,ST,2006-01-07T17:25,2006-01-07T19:35,CDG,1839244181
PQDFTKYF,code,L,70004658,ST,2006-01-07T08:35,2006-01-07T11:05,TLS,1839244181
PQDFTKYF,code,L,70004657,ST,2006-01-07T11:55,2006-01-07T13:20,CDG,1839244181
PQDFTKYF,code,L,70004650,ST,2006-01-07T15:00,2006-01-07T16:30,TLS,1839244181
PQDFTKYF,code,L,70004651,ST,2006-01-07T17:25,2006-01-07T19:35,CDG,1839244181
PYORQLJJ,code,L,70004658,ST,2006-01-07T08:35,2006-01-07T11:05,TLS,1839244181
PYORQLJJ,code,L,70004657,ST,2006-01-07T11:55,2006-01-07T13:20,CDG,1839244181
PYORQLJJ,code,L,70004650,ST,2006-01-07T15:00,2006-01-07T16:30,TLS,1839244181
PYORQLJJ,code,L,70004651,ST,2006-01-07T17:25,2006-01-07T19:35,CDG,1839244181
XZHULIBT,code,L,70004658,ST,2006-01-07T08:35,2006-01-07T11:05,TLS,1839244181
XZHULIBT,code,L,70004657,ST,2006-01-07T11:55,2006-01-07T13:20,CDG,1839244181
XZHULIBT,code,L,70004650,ST,2006-01-07T15:00,2006-01-07T16:30,TLS,1839244181
XZHULIBT,code,L,70004651,ST,2006-01-07T17:25,2006-01-07T19:35,CDG,1839244181
XMIAPPQU,code,L,70002980,CP,2006-01-07T08:40,2006-01-07T11:00,TLS,2039758977
XMIAPPQU,code,L,70002983,CP,2006-01-07T11:50,2006-01-07T13:00,ORY,2039758977
XMIAPPQU,code,L,70002988,CP,2006-01-07T13:40,2006-01-07T15:00,TLS,2039758977
XMIAPPQU,code,L,70002995,CP,2006-01-07T15:50,2006-01-07T17:00,ORY,2039758977
XMIAPPQU,code,L,70003004,CP,2006-01-07T17:40,2006-01-07T19:00,TLS,2039758977
XMIAPPQU,code,L,70003011,CP,2006-01-07T19:50,2006-01-07T21:45,ORY,2039758977
GRYOKTUJ,code,L,70002980,FO,2006-01-07T08:40,2006-01-07T11:00,TLS,2039758977
GRYOKTUJ,code,L,70002983,FO,2006-01-07T11:50,2006-01-07T13:00,ORY,2039758977
GRYOKTUJ,code,L,70002988,FO,2006-01-07T13:40,2006-01-07T15:00,TLS,2039758977
GRYOKTUJ,code,L,70002995,FO,2006-01-07T15:50,2006-01-07T17:00,ORY,2039758977
GRYOKTUJ,code,L,70003004,FO,2006-01-07T17:40,2006-01-07T19:00,TLS,2039758977
GRYOKTUJ,code,L,70003011,FO,2006-01-07T19:50,2006-01-07T21:45,ORY,2039758977
RAULXAXO,code,L,70002980,CS,2006-01-07T08:40,2006-01-07T11:00,TLS,2039758977
RAULXAXO,code,L,70002983,CS,2006-01-07T11:50,2006-01-07T13:00,ORY,2039758977
RAULXAXO,code,L,70002988,CS,2006-01-07T13:40,2006-01-07T15:00,TLS,2039758977
RAULXAXO,code,L,70002995,CS,2006-01-07T15:50,2006-01-07T17:00,ORY,2039758977
RAULXAXO,code,L,70003004,CS,2006-01-07T17:40,2006-01-07T19:00,TLS,2039758977
RAULXAXO,code,L,70003011,CS,2006-01-07T19:50,2006-01-07T21:45,ORY,2039758977
FETFPKKD,code,L,70002980,CS,2006-01-07T08:40,2006-01-07T11:00,TLS,2039758977
FETFPKKD,code,L,70002983,CS,2006-01-07T11:50,2006-01-07T13:00,ORY,2039758977
FETFPKKD,code,L,70002988,CS,2006-01-07T13:40,2006-01-07T15:00,TLS,2039758977
FETFPKKD,code,L,70002995,CS,2006-01-07T15:50,2006-01-07T17:00,ORY,2039758977
FETFPKKD,code,L,70003004,CS,2006-01-07T17:40,2006-01-07T19:00,TLS,2039758977
FETFPKKD,code,L,70003011,CS,2006-01-07T19:50,2006-01-07T21:45,ORY,2039758977
USDZIHFG,code,L,70002980,ST,2006-01-07T08:40,2006-01-07T11:00,TLS,2039758977
USDZIHFG,code,L,70002983,ST,2006-01-07T11:50,2006-01-07T13:00,ORY,2039758977
USDZIHFG,code,L,70002988,ST,2006-01-07T13:40,2006-01-07T15:00,TLS,2039758977
USDZIHFG,code,L,70002995,ST,2006-01-07T15:50,2006-01-07T17:00,ORY,2039758977
USDZIHFG,code,L,70003004,ST,2006-01-07T17:40,2006-01-07T19:00,TLS,2039758977
USDZIHFG,code,L,70003011,ST,2006-01-07T19:50,2006-01-07T21:45,ORY,2039758977
RBYPDJIF,code,L,70002980,ST,2006-01-07T08:40,2006-01-07T11:00,TLS,2039758977
RBYPDJIF,code,L,70002983,ST,2006-01-07T11:50,2006-01-07T13:00,ORY,2039758977
RBYPDJIF,code,L,70002988,ST,2006-01-07T13:40,2006-01-07T15:00,TLS,2039758977
RBYPDJIF,code,L,70002995,ST,2006-01-07T15:50,2006-01-07T17:00,ORY,2039758977
RBYPDJIF,code,L,70003004,ST,2006-01-07T17:40,2006-01-07T19:00,TLS,2039758977
RBYPDJIF,code,L,70003011,ST,2006-01-07T19:50,2006-01-07T21:45,ORY,2039758977
HSJVFMLX,code,L,70002980,ST,2006-01-07T08:40,2006-01-07T11:00,TLS,2039758977
HSJVFMLX,code,L,70002983,ST,2006-01-07T11:50,2006-01-07T13:00,ORY,2039758977
HSJVFMLX,code,L,70002988,ST,2006-01-07T13:40,2006-01-07T15:00,TLS,2039758977
HSJVFMLX,code,L,70002995,ST,2006-01-07T15:50,2006-01-07T17:00,ORY,2039758977
HSJVFMLX,code,L,70003004,ST,2006-01-07T17:40,2006-01-07T19:00,TLS,2039758977
HSJVFMLX,code,L,70003011,ST,2006-01-07T19:50,2006-01-07T21:45,ORY,2039758977
HJWMCKUS,code,L,70002980,ST,2006-01-07T08:40,2006-01-07T11:00,TLS,2039758977
HJWMCKUS,code,L,70002983,ST,2006-01-07T11:50,2006-01-07T13:00,ORY,2039758977
HJWMCKUS,code,L,70002988,ST,2006-01-07T13:40,2006-01-07T15:00,TLS,2039758977
HJWMCKUS,code,L,70002995,ST,2006-01-07T15:50,2006-01-07T17:00,ORY,2039758977
HJWMCKUS,code,L,70003004,ST,2006-01-07T17:40,2006-01-07T19:00,TLS,2039758977
HJWMCKUS,code,L,70003011,ST,2006-01-07T19:50,2006-01-07T21:45,ORY,2039758977
OLOOKODN,code,L,70002980,ST,2006-01-07T08:40,2006-01-07T11:00,TLS,2039758977
OLOOKODN,code,L,70002983,ST,2006-01-07T11:50,2006-01-07T13:00,ORY,2039758977
OLOOKODN,code,L,70002988,ST,2006-01-07T13:40,2006-01-07T15:00,TLS,2039758977
OLOOKODN,code,L,70002995,ST,2006-01-07T15:50,2006-01-07T17:00,ORY,2039758977
OLOOKODN,code,L,70003004,ST,2006-01-07T17:40,2006-01-07T19:00,TLS,2039758977
OLOOKODN,code,L,70003011,ST,2006-01-07T19:50,2006-01-07T21:45,ORY,2039758977
CWQSCAAY,code,L,70002980,ST,2006-01-07T08:40,2006-01-07T11:00,TLS,2039758977
CWQSCAAY,code,L,70002983,ST,2006-01-07T11:50,2006-01-07T13:00,ORY,2039758977
CWQSCAAY,code,L,70002988,ST,2006-01-07T13:40,2006-01-07T15:00,TLS,2039758977
CWQSCAAY,code,L,70002995,ST,2006-01-07T15:50,2006-01-07T17:00,ORY,2039758977
CWQSCAAY,code,L,70003004,ST,2006-01-07T17:40,2006-01-07T19:00,TLS,2039758977
CWQSCAAY,code,L,70003011,ST,2006-01-07T19:50,2006-01-07T21:45,ORY,2039758977
CZUAGHWR,code,L,70002795,CP,2006-01-07T08:45,2006-01-07T10:50,LRT,1020019581
CZUAGHWR,code,L,70002796,CP,2006-01-07T12:10,2006-01-07T13:15,ORY,1020019581
CZUAGHWR,code,L,70002797,CP,2006-01-07T14:00,2006-01-07T15:05,LRT,1020019581
CZUAGHWR,code,L,70002525,CP,2006-01-07T16:35,2006-01-07T18:20,ORY,1020019581
APJQTERA,code,L,70002795,FO,2006-01-07T08:45,2006-01-07T10:50,LRT,1020019581
APJQTERA,code,L,70002796,FO,2006-01-07T12:10,2006-01-07T13:15,ORY,1020019581
APJQTERA,code,L,70002797,FO,2006-01-07T14:00,2006-01-07T15:05,LRT,1020019581
APJQTERA,code,L,70002525,FO,2006-01-07T16:35,2006-01-07T18:20,ORY,1020019581
CATGJTKJ,code,L,70002795,CSD,2006-01-07T08:45,2006-01-07T10:50,LRT,1020019581
CATGJTKJ,code,L,70002796,CSD,2006-01-07T12:10,2006-01-07T13:15,ORY,1020019581
CATGJTKJ,code,L,70002797,CSD,2006-01-07T14:00,2006-01-07T15:05,LRT,1020019581
CATGJTKJ,code,L,70002525,CSD,2006-01-07T16:35,2006-01-07T18:20,ORY,1020019581
IBAPEAAI,code,L,70002795,ST,2006-01-07T08:45,2006-01-07T10:50,LRT,1020019581
IBAPEAAI,code,L,70002796,ST,2006-01-07T12:10,2006-01-07T13:15,ORY,1020019581
IBAPEAAI,code,L,70002797,ST,2006-01-07T14:00,2006-01-07T15:05,LRT,1020019581
IBAPEAAI,code,L,70002525,ST,2006-01-07T16:35,2006-01-07T18:20,ORY,1020019581
VZJHSKOY,code,L,70002795,ST,2006-01-07T08:45,2006-01-07T10:50,LRT,1020019581
VZJHSKOY,code,L,70002796,ST,2006-01-07T12:10,2006-01-07T13:15,ORY,1020019581
VZJHSKOY,code,L,70002797,ST,2006-01-07T14:00,2006-01-07T15:05,LRT,1020019581
VZJHSKOY,code,L,70002525,ST,2006-01-07T16:35,2006-01-07T18:20,ORY,1020019581
FSYXRYGQ,code,L,70004638,CP,2006-01-07T08:45,2006-01-07T11:15,PUF,260274019
FSYXRYGQ,code,L,70004585,CP,2006-01-07T13:00,2006-01-07T14:05,CDG,260274019
FSYXRYGQ,code,L,70004586,CP,2006-01-07T15:15,2006-01-07T16:20,NTE,260274019
FSYXRYGQ,code,L,70004637,CP,2006-01-07T20:10,2006-01-07T22:20,CDG,260274019
FUMOLMGL,code,L,70004638,FO,2006-01-07T08:45,2006-01-07T11:15,PUF,260274019
FUMOLMGL,code,L,70004585,FO,2006-01-07T13:00,2006-01-07T14:05,CDG,260274019
FUMOLMGL,code,L,70004586,FO,2006-01-07T15:15,2006-01-07T16:20,NTE,260274019
FUMOLMGL,code,L,70004637,FO,2006-01-07T20:10,2006-01-07T22:20,CDG,260274019
GLSKMMQV,code,L,70004638,CS,2006-01-07T08:45,2006-01-07T11:15,PUF,260274019
GLSKMMQV,code,L,70004585,CS,2006-01-07T13:00,2006-01-07T14:05,CDG,260274019
GLSKMMQV,code,L,70004586,CS,2006-01-07T15:15,2006-01-07T16:20,NTE,260274019
GLSKMMQV,code,L,70004637,CS,2006-01-07T20:10,2006-01-07T22:20,CDG,260274019
HFOGSSUP,code,L,70004638,ST,2006-01-07T08:45,2006-01-07T11:15,PUF,260274019
HFOGSSUP,code,L,70004585,ST,2006-01-07T13:00,2006-01-07T14:05,CDG,260274019
HFOGSSUP,code,L,70004586,ST,2006-01-07T15:15,2006-01-07T16:20,NTE,260274019
HFOGSSUP,code,L,70004637,ST,2006-01-07T20:10,2006-01-07T22:20,CDG,260274019
MCJTGOQE,code,L,70004638,ST,2006-01-07T08:45,2006-01-07T11:15,PUF,260274019
MCJTGOQE,code,L,70004585,ST,2006-01-07T13:00,2006-01-07T14:05,CDG,260274019
MCJTGOQE,code,L,70004586,ST,2006-01-07T15:15,2006-01-07T16:20,NTE,260274019
MCJTGOQE,code,L,70004637,ST,2006-01-07T20:10,2006-01-07T22:20,CDG,260274019
WRTWKRGO,code,L,70004638,ST,2006-01-07T08:45,2006-01-07T11:15,PUF,260274019
WRTWKRGO,code,L,70004585,ST,2006-01-07T13:00,2006-01-07T14:05,CDG,260274019
WRTWKRGO,code,L,70004586,ST,2006-01-07T15:15,2006-01-07T16:20,NTE,260274019
WRTWKRGO,code,L,70004637,ST,2006-01-07T20:10,2006-01-07T22:20,CDG,260274019
GOLMVLKY,code,L,70004298,CP,2006-01-07T08:50,2006-01-07T10:45,CFE,237820880
GOLMVLKY,code,L,70004229,CP,2006-01-07T11:15,2006-01-07T12:25,ORY,237820880
GOLMVLKY,code,L,70004232,CP,2006-01-07T13:05,2006-01-07T14:20,BES,237820880
GOLMVLKY,code,L,70004301,CP,2006-01-07T16:55,2006-01-07T18:35,ORY,237820880
HXBKAXAH,code,L,70004298,FO,2006-01-07T08:50,2006-01-07T10:45,CFE,237820880
HXBKAXAH,code,L,70004229,FO,2006-01-07T11:15,2006-01-07T12:25,ORY,237820880
HXBKAXAH,code,L,70004232,FO,2006-01-07T13:05,2006-01-07T14:20,BES,237820880
HXBKAXAH,code,L,70004301,FO,2006-01-07T16:55,2006-01-07T18:35,ORY,237820880
VDAYDVZV,code,L,70004298,CS,2006-01-07T08:50,2006-01-07T10:45,CFE,237820880
VDAYDVZV,code,L,70004229,CS,2006-01-07T11:15,2006-01-07T12:25,ORY,237820880
VDAYDVZV,code,L,70004232,CS,2006-01-07T13:05,2006-01-07T14:20,BES,237820880
VDAYDVZV,code,L,70004301,CS,2006-01-07T16:55,2006-01-07T18:35,ORY,237820880
TKAROQIU,code,L,70004298,CS,2006-01-07T08:50,2006-01-07T10:45,CFE,237820880
TKAROQIU,code,L,70004229,CS,2006-01-07T11:15,2006-01-07T12:25,ORY,237820880
TKAROQIU,code,L,70004232,CS,2006-01-07T13:05,2006-01-07T14:20,BES,237820880
TKAROQIU,code,L,70004301,CS,2006-01-07T16:55,2006-01-07T18:35,ORY,237820880
NYUEDKMF,code,L,70004298,ST,2006-01-07T08:50,2006-01-07T10:45,CFE,237820880
NYUEDKMF,code,L,70004229,ST,2006-01-07T11:15,2006-01-07T12:25,ORY,237820880
NYUEDKMF,code,L,70004232,ST,2006-01-07T13:05,2006-01-07T14:20,BES,237820880
NYUEDKMF,code,L,70004301,ST,2006-01-07T16:55,2006-01-07T18:35,ORY,237820880
LBVEJNFF,code,L,70004298,ST,2006-01-07T08:50,2006-01-07T10:45,CFE,237820880
LBVEJNFF,code,L,70004229,ST,2006-01-07T11:15,2006-01-07T12:25,ORY,237820880
LBVEJNFF,code,L,70004232,ST,2006-01-07T13:05,2006-01-07T14:20,BES,237820880
LBVEJNFF,code,L,70004301,ST,2006-01-07T16:55,2006-01-07T18:35,ORY,237820880
KFYUJJRS,code,L,70004298,ST,2006-01-07T08:50,2006-01-07T10:45,CFE,237820880
KFYUJJRS,code,L,70004229,ST,2006-01-07T11:15,2006-01-07T12:25,ORY,237820880
KFYUJJRS,code,L,70004232,ST,2006-01-07T13:05,2006-01-07T14:20,BES,237820880
KFYUJJRS,code,L,70004301,ST,2006-01-07T16:55,2006-01-07T18:35,ORY,237820880
YRVDOZXP,code,L,70004298,ST,2006-01-07T08:50,2006-01-07T10:45,CFE,237820880
YRVDOZXP,code,L,70004229,ST,2006-01-07T11:15,2006-01-07T12:25,ORY,237820880
YRVDOZXP,code,L,70004232,ST,2006-01-07T13:05,2006-01-07T14:20,BES,237820880
YRVDOZXP,code,L,70004301,ST,2006-01-07T16:55,2006-01-07T18:35,ORY,237820880
ZVXBWYJK,code,L,70004298,ST,2006-01-07T08:50,2006-01-07T10:45,CFE,237820880
ZVXBWYJK,code,L,70004229,ST,2006-01-07T11:15,2006-01-07T12:25,ORY,237820880
ZVXBWYJK,code,L,70004232,ST,2006-01-07T13:05,2006-01-07T14:20,BES,237820880
ZVXBWYJK,code,L,70004301,ST,2006-01-07T16:55,2006-01-07T18:35,ORY,237820880
ODOEACDC,code,L,70004298,ST,2006-01-07T08:50,2006-01-07T10:45,CFE,237820880
ODOEACDC,code,L,70004229,ST,2006-01-07T11:15,2006-01-07T12:25,ORY,237820880
ODOEACDC,code,L,70004232,ST,2006-01-07T13:05,2006-01-07T14:20,BES,237820880
ODOEACDC,code,L,70004301,ST,2006-01-07T16:55,2006-01-07T18:35,ORY,237820880
JUECGUAH,code,L,70004408,CP,2006-01-07T08:50,2006-01-07T11:10,MPL,1512368656
JUECGUAH,code,L,70004411,CP,2006-01-07T12:15,2006-01-07T13:30,ORY,1512368656
JUECGUAH,code,L,70004412,CP,2006-01-07T14:20,2006-01-07T15:40,MPL,1512368656
JUECGUAH,code,L,70004415,CP,2006-01-07T16:15,2006-01-07T17:30,ORY,1512368656
JUECGUAH,code,L,70004416,CP,2006-01-07T18:20,2006-01-07T19:40,MPL,1512368656
JUECGUAH,code,L,70004421,CP,2006-01-07T20:15,2006-01-07T22:15,ORY,1512368656
ZRAFKADZ,code,L,70004408,FO,2006-01-07T08:50,2006-01-07T11:10,MPL,1512368656
ZRAFKADZ,code,L,70004411,FO,2006-01-07T12:15,2006-01-07T13:30,ORY,1512368656
ZRAFKADZ,code,L,70004412,FO,2006-01-07T14:20,2006-01-07T15:40,MPL,1512368656
ZRAFKADZ,code,L,70004415,FO,2006-01-07T16:15,2006-01-07T17:30,ORY,1512368656
ZRAFKADZ,code,L,70004416,FO,2006-01-07T18:20,2006-01-07T19:40,MPL,1512368656
ZRAFKADZ,code,L,70004421,FO,2006-01-07T20:15,2006-01-07T22:15,ORY,1512368656
WBKACJJW,code,L,70004408,CS,2006-01-07T08:50,2006-01-07T11:10,MPL,1512368656
WBKACJJW,code,L,70004411,CS,2006-01-07T12:15,2006-01-07T13:30,ORY,1512368656
WBKACJJW,code,L,70004412,CS,2006-01-07T14:20,2006-01-07T15:40,MPL,1512368656
WBKACJJW,code,L,70004415,CS,2006-01-07T16:15,2006-01-07T17:30,ORY,1512368656
WBKACJJW,code,L,70004416,CS,2006-01-07T18:20,2006-01-07T19:40,MPL,1512368656
WBKACJJW,code,L,70004421,CS,2006-01-07T20:15,2006-01-07T22:15,ORY,1512368656
FCFXXXLV,code,L,70004408,CS,2006-01-07T08:50,2006-01-07T11:10,MPL,1512368656
FCFXXXLV,code,L,70004411,CS,2006-01-07T12:15,2006-01-07T13:30,ORY,1512368656
FCFXXXLV,code,L,70004412,CS,2006-01-07T14:20,2006-01-07T15:40,MPL,1512368656
FCFXXXLV,code,L,70004415,CS,2006-01-07T16:15,2006-01-07T17:30,ORY,1512368656
FCFXXXLV,code,L,70004416,CS,2006-01-07T18:20,2006-01-07T19:40,MPL,1512368656
FCFXXXLV,code,L,70004421,CS,2006-01-07T20:15,2006-01-07T22:15,ORY,1512368656
TCMBQRTR,code,L,70004408,ST,2006-01-07T08:50,2006-01-07T11:10,MPL,1512368656
TCMBQRTR,code,L,70004411,ST,2006-01-07T12:15,2006-01-07T13:30,ORY,1512368656
TCMBQRTR,code,L,70004412,ST,2006-01-07T14:20,2006-01-07T15:40,MPL,1512368656
TCMBQRTR,code,L,70004415,ST,2006-01-07T16:15,2006-01-07T17:30,ORY,1512368656
TCMBQRTR,code,L,70004416,ST,2006-01-07T18:20,2006-01-07T19:40,MPL,1512368656
TCMBQRTR,code,L,70004421,ST,2006-01-07T20:15,2006-01-07T22:15,ORY,1512368656
LKOUNGGJ,code,L,70004408,ST,2006-01-07T08:50,2006-01-07T11:10,MPL,1512368656
LKOUNGGJ,code,L,70004411,ST,2006-01-07T12:15,2006-01-07T13:30,ORY,1512368656
LKOUNGGJ,code,L,70004412,ST,2006-01-07T14:20,2006-01-07T15:40,MPL,1512368656
LKOUNGGJ,code,L,70004415,ST,2006-01-07T16:15,2006-01-07T17:30,ORY,1512368656
LKOUNGGJ,code,L,70004416,ST,2006-01-07T18:20,2006-01-07T19:40,MPL,1512368656
LKOUNGGJ,code,L,70004421,ST,2006-01-07T20:15,2006-01-07T22:15,ORY,1512368656
RGVFNJAT,code,L,70004408,ST,2006-01-07T08:50,2006-01-07T11:10,MPL,1512368656
RGVFNJAT,code,L,70004411,ST,2006-01-07T12:15,2006-01-07T13:30,ORY,1512368656
RGVFNJAT,code,L,70004412,ST,2006-01-07T14:20,2006-01-07T15:40,MPL,1512368656
RGVFNJAT,code,L,70004415,ST,2006-01-07T16:15,2006-01-07T17:30,ORY,1512368656
RGVFNJAT,code,L,70004416,ST,2006-01-07T18:20,2006-01-07T19:40,MPL,1512368656
RGVFNJAT,code,L,70004421,ST,2006-01-07T20:15,2006-01-07T22:15,ORY,1512368656
NFNNOTMS,code,L,70004408,ST,2006-01-07T08:50,2006-01-07T11:10,MPL,1512368656
NFNNOTMS,code,L,70004411,ST,2006-01-07T12:15,2006-01-07T13:30,ORY,1512368656
NFNNOTMS,code,L,70004412,ST,2006-01-07T14:20,2006-01-07T15:40,MPL,1512368656
NFNNOTMS,code,L,70004415,ST,2006-01-07T16:15,2006-01-07T17:30,ORY,1512368656
NFNNOTMS,code,L,70004416,ST,2006-01-07T18:20,2006-01-07T19:40,MPL,1512368656
NFNNOTMS,code,L,70004421,ST,2006-01-07T20:15,2006-01-07T22:15,ORY,1512368656
MWRFWXBD,code,L,70004408,ST,2006-01-07T08:50,2006-01-07T11:10,MPL,1512368656
MWRFWXBD,code,L,70004411,ST,2006-01-07T12:15,2006-01-07T13:30,ORY,1512368656
MWRFWXBD,code,L,70004412,ST,2006-01-07T14:20,2006-01-07T15:40,MPL,1512368656
MWRFWXBD,code,L,70004415,ST,2006-01-07T16:15,2006-01-07T17:30,ORY,1512368656
MWRFWXBD,code,L,70004416,ST,2006-01-07T18:20,2006-01-07T19:40,MPL,1512368656
MWRFWXBD,code,L,70004421,ST,2006-01-07T20:15,2006-01-07T22:15,ORY,1512368656
EUDAHCTH,code,L,70004408,ST,2006-01-07T08:50,2006-01-07T11:10,MPL,1512368656
EUDAHCTH,code,L,70004411,ST,2006-01-07T12:15,2006-01-07T13:30,ORY,1512368656
EUDAHCTH,code,L,70004412,ST,2006-01-07T14:20,2006-01-07T15:40,MPL,1512368656
EUDAHCTH,code,L,70004415,ST,2006-01-07T16:15,2006-01-07T17:30,ORY,1512368656
EUDAHCTH,code,L,70004416,ST,2006-01-07T18:20,2006-01-07T19:40,MPL,1512368656
EUDAHCTH,code,L,70004421,ST,2006-01-07T20:15,2006-01-07T22:15,ORY,1512368656
JMFQSNII,code,L,70004791,CP,2006-01-07T08:50,2006-01-07T11:35,LIL,1731519511
JMFQSNII,code,L,70004768,CP,2006-01-07T13:05,2006-01-07T14:30,NCE,1731519511
JMFQSNII,code,L,70004763,CP,2006-01-07T15:05,2006-01-07T16:20,BOD,1731519511
JMFQSNII,code,L,70002663,CP,2006-01-07T17:30,2006-01-07T19:15,NCE,1731519511
EESNSWSZ,code,L,70004791,FO,2006-01-07T08:50,2006-01-07T11:35,LIL,1731519511
EESNSWSZ,code,L,70004768,FO,2006-01-07T13:05,2006-01-07T14:30,NCE,1731519511
EESNSWSZ,code,L,70004763,FO,2006-01-07T15:05,2006-01-07T16:20,BOD,1731519511
EESNSWSZ,code,L,70002663,FO,2006-01-07T17:30,2006-01-07T19:15,NCE,1731519511
OJPIHVVG,code,L,70004791,CS,2006-01-07T08:50,2006-01-07T11:35,LIL,1731519511
OJPIHVVG,code,L,70004768,CS,2006-01-07T13:05,2006-01-07T14:30,NCE,1731519511
OJPIHVVG,code,L,70004763,CS,2006-01-07T15:05,2006-01-07T16:20,BOD,1731519511
OJPIHVVG,code,L,70002663,CS,2006-01-07T17:30,2006-01-07T19:15,NCE,1731519511
AFWEAROK,code,L,70004791,CS,2006-01-07T08:50,2006-01-07T11:35,LIL,1731519511
AFWEAROK,code,L,70004768,CS,2006-01-07T13:05,2006-01-07T14:30,NCE,1731519511
AFWEAROK,code,L,70004763,CS,2006-01-07T15:05,2006-01-07T16:20,BOD,1731519511
AFWEAROK,code,L,70002663,CS,2006-01-07T17:30,2006-01-07T19:15,NCE,1731519511
ACQNQMTT,code,L,70004791,ST,2006-01-07T08:50,2006-01-07T11:35,LIL,1731519511
ACQNQMTT,code,L,70004768,ST,2006-01-07T13:05,2006-01-07T14:30,NCE,1731519511
ACQNQMTT,code,L,70004763,ST,2006-01-07T15:05,2006-01-07T16:20,BOD,1731519511
ACQNQMTT,code,L,70002663,ST,2006-01-07T17:30,2006-01-07T19:15,NCE,1731519511
FQMLWPBC,code,L,70004791,ST,2006-01-07T08:50,2006-01-07T11:35,LIL,1731519511
FQMLWPBC,code,L,70004768,ST,2006-01-07T13:05,2006-01-07T14:30,NCE,1731519511
FQMLWPBC,code,L,70004763,ST,2006-01-07T15:05,2006-01-07T16:20,BOD,1731519511
FQMLWPBC,code,L,70002663,ST,2006-01-07T17:30,2006-01-07T19:15,NCE,1731519511
LPIDYVUH,code,L,70004791,ST,2006-01-07T08:50,2006-01-07T11:35,LIL,1731519511
LPIDYVUH,code,L,70004768,ST,2006-01-07T13:05,2006-01-07T14:30,NCE,1731519511
LPIDYVUH,code,L,70004763,ST,2006-01-07T15:05,2006-01-07T16:20,BOD,1731519511
LPIDYVUH,code,L,70002663,ST,2006-01-07T17:30,2006-01-07T19:15,NCE,1731519511
AKFLHEXW,code,L,70004791,ST,2006-01-07T08:50,2006-01-07T11:35,LIL,1731519511
AKFLHEXW,code,L,70004768,ST,2006-01-07T13:05,2006-01-07T14:30,NCE,1731519511
AKFLHEXW,code,L,70004763,ST,2006-01-07T15:05,2006-01-07T16:20,BOD,1731519511
AKFLHEXW,code,L,70002663,ST,2006-01-07T17:30,2006-01-07T19:15,NCE,1731519511
LYIPPOQI,code,L,70004791,ST,2006-01-07T08:50,2006-01-07T11:35,LIL,1731519511
LYIPPOQI,code,L,70004768,ST,2006-01-07T13:05,2006-01-07T14:30,NCE,1731519511
LYIPPOQI,code,L,70004763,ST,2006-01-07T15:05,2006-01-07T16:20,BOD,1731519511
LYIPPOQI,code,L,70002663,ST,2006-01-07T17:30,2006-01-07T19:15,NCE,1731519511
XYDGGHTD,code,L,70004791,ST,2006-01-07T08:50,2006-01-07T11:35,LIL,1731519511
XYDGGHTD,code,L,70004768,ST,2006-01-07T13:05,2006-01-07T14:30,NCE,1731519511
XYDGGHTD,code,L,70004763,ST,2006-01-07T15:05,2006-01-07T16:20,BOD,1731519511
XYDGGHTD,code,L,70002663,ST,2006-01-07T17:30,2006-01-07T19:15,NCE,1731519511
ECIFWASC,code,L,70004526,CP,2006-01-07T08:50,2006-01-07T11:20,MRS,1127983490
ECIFWASC,code,L,70004533,CP,2006-01-07T20:20,2006-01-07T22:30,CDG,1127983490
QFMKWIPJ,code,L,70004526,FO,2006-01-07T08:50,2006-01-07T11:20,MRS,1127983490
QFMKWIPJ,code,L,70004533,FO,2006-01-07T20:20,2006-01-07T22:30,CDG,1127983490
WPTXAEIN,code,L,70004526,CS,2006-01-07T08:50,2006-01-07T11:20,MRS,1127983490
WPTXAEIN,code,L,70004533,CS,2006-01-07T20:20,2006-01-07T22:30,CDG,1127983490
FLRFKLAZ,code,L,70004526,CS,2006-01-07T08:50,2006-01-07T11:20,MRS,1127983490
FLRFKLAZ,code,L,70004533,CS,2006-01-07T20:20,2006-01-07T22:30,CDG,1127983490
IUBMKAIZ,code,L,70004526,ST,2006-01-07T08:50,2006-01-07T11:20,MRS,1127983490
IUBMKAIZ,code,L,70004533,ST,2006-01-07T20:20,2006-01-07T22:30,CDG,1127983490
PEYIQNEL,code,L,70004526,ST,2006-01-07T08:50,2006-01-07T11:20,MRS,1127983490
PEYIQNEL,code,L,70004533,ST,2006-01-07T20:20,2006-01-07T22:30,CDG,1127983490
PWQPAWAK,code,L,70004526,ST,2006-01-07T08:50,2006-01-07T11:20,MRS,1127983490
PWQPAWAK,code,L,70004533,ST,2006-01-07T20:20,2006-01-07T22:30,CDG,1127983490
ECMYGOLB,code,L,70004526,ST,2006-01-07T08:50,2006-01-07T11:20,MRS,1127983490
ECMYGOLB,code,L,70004533,ST,2006-01-07T20:20,2006-01-07T22:30,CDG,1127983490
YSBABSPX,code,L,70004526,ST,2006-01-07T08:50,2006-01-07T11:20,MRS,1127983490
YSBABSPX,code,L,70004533,ST,2006-01-07T20:20,2006-01-07T22:30,CDG,1127983490
RHMHZKNU,code,L,70004526,ST,2006-01-07T08:50,2006-01-07T11:20,MRS,1127983490
RHMHZKNU,code,L,70004533,ST,2006-01-07T20:20,2006-01-07T22:30,CDG,1127983490
XSQZJNVH,code,L,70002977,CP,2006-01-07T08:50,2006-01-07T11:00,ORY,2090911250
XSQZJNVH,code,L,70002984,CP,2006-01-07T11:40,2006-01-07T13:00,TLS,2090911250
XSQZJNVH,code,L,70002989,CP,2006-01-07T13:50,2006-01-07T15:00,ORY,2090911250
XSQZJNVH,code,L,70002996,CP,2006-01-07T15:40,2006-01-07T17:45,TLS,2090911250
SVBAMYXX,code,L,70002977,FO,2006-01-07T08:50,2006-01-07T11:00,ORY,2090911250
SVBAMYXX,code,L,70002984,FO,2006-01-07T11:40,2006-01-07T13:00,TLS,2090911250
SVBAMYXX,code,L,70002989,FO,2006-01-07T13:50,2006-01-07T15:00,ORY,2090911250
SVBAMYXX,code,L,70002996,FO,2006-01-07T15:40,2006-01-07T17:45,TLS,2090911250
NXIEWUOH,code,L,70002977,CS,2006-01-07T08:50,2006-01-07T11:00,ORY,2090911250
NXIEWUOH,code,L,70002984,CS,2006-01-07T11:40,2006-01-07T13:00,TLS,2090911250
NXIEWUOH,code,L,70002989,CS,2006-01-07T13:50,2006-01-07T15:00,ORY,2090911250
NXIEWUOH,code,L,70002996,CS,2006-01-07T15:40,2006-01-07T17:45,TLS,2090911250
UFSVTUPK,code,L,70002977,CS,2006-01-07T08:50,2006-01-07T11:00,ORY,2090911250
UFSVTUPK,code,L,70002984,CS,2006-01-07T11:40,2006-01-07T13:00,TLS,2090911250
UFSVTUPK,code,L,70002989,CS,2006-01-07T13:50,2006-01-07T15:00,ORY,2090911250
UFSVTUPK,code,L,70002996,CS,2006-01-07T15:40,2006-01-07T17:45,TLS,2090911250
DMRYMZBC,code,L,70002977,ST,2006-01-07T08:50,2006-01-07T11:00,ORY,2090911250
DMRYMZBC,code,L,70002984,ST,2006-01-07T11:40,2006-01-07T13:00,TLS,2090911250
DMRYMZBC,code,L,70002989,ST,2006-01-07T13:50,2006-01-07T15:00,ORY,2090911250
DMRYMZBC,code,L,70002996,ST,2006-01-07T15:40,2006-01-07T17:45,TLS,2090911250
ZNWNPKLA,code,L,70002977,ST,2006-01-07T08:50,2006-01-07T11:00,ORY,2090911250
ZNWNPKLA,code,L,70002984,ST,2006-01-07T11:40,2006-01-07T13:00,TLS,2090911250
ZNWNPKLA,code,L,70002989,ST,2006-01-07T13:50,2006-01-07T15:00,ORY,2090911250
ZNWNPKLA,code,L,70002996,ST,2006-01-07T15:40,2006-01-07T17:45,TLS,2090911250
SEHXZDJK,code,L,70002977,ST,2006-01-07T08:50,2006-01-07T11:00,ORY,2090911250
SEHXZDJK,code,L,70002984,ST,2006-01-07T11:40,2006-01-07T13:00,TLS,2090911250
SEHXZDJK,code,L,70002989,ST,2006-01-07T13:50,2006-01-07T15:00,ORY,2090911250
SEHXZDJK,code,L,70002996,ST,2006-01-07T15:40,2006-01-07T17:45,TLS,2090911250
LWCXNZUH,code,L,70002977,ST,2006-01-07T08:50,2006-01-07T11:00,ORY,2090911250
LWCXNZUH,code,L,70002984,ST,2006-01-07T11:40,2006-01-07T13:00,TLS,2090911250
LWCXNZUH,code,L,70002989,ST,2006-01-07T13:50,2006-01-07T15:00,ORY,2090911250
LWCXNZUH,code,L,70002996,ST,2006-01-07T15:40,2006-01-07T17:45,TLS,2090911250
MQUHJUBX,code,L,70002977,ST,2006-01-07T08:50,2006-01-07T11:00,ORY,2090911250
MQUHJUBX,code,L,70002984,ST,2006-01-07T11:40,2006-01-07T13:00,TLS,2090911250
MQUHJUBX,code,L,70002989,ST,2006-01-07T13:50,2006-01-07T15:00,ORY,2090911250
MQUHJUBX,code,L,70002996,ST,2006-01-07T15:40,2006-01-07T17:45,TLS,2090911250
POCVHCTQ,code,L,70002977,ST,2006-01-07T08:50,2006-01-07T11:00,ORY,2090911250
POCVHCTQ,code,L,70002984,ST,2006-01-07T11:40,2006-01-07T13:00,TLS,2090911250
POCVHCTQ,code,L,70002989,ST,2006-01-07T13:50,2006-01-07T15:00,ORY,2090911250
POCVHCTQ,code,L,70002996,ST,2006-01-07T15:40,2006-01-07T17:45,TLS,2090911250
NZJKRKHB,code,L,70004502,CP,2006-01-07T08:50,2006-01-07T11:20,BIQ,564194307
NZJKRKHB,code,L,70004501,CP,2006-01-07T12:35,2006-01-07T14:00,CDG,564194307
NZJKRKHB,code,L,70004352,CP,2006-01-07T16:20,2006-01-07T17:40,BIQ,564194307
NZJKRKHB,code,L,70004347,CP,2006-01-07T18:20,2006-01-07T20:20,ORY,564194307
AEVSPOYT,code,L,70004502,FO,2006-01-07T08:50,2006-01-07T11:20,BIQ,564194307
AEVSPOYT,code,L,70004501,FO,2006-01-07T12:35,2006-01-07T14:00,CDG,564194307
AEVSPOYT,code,L,70004352,FO,2006-01-07T16:20,2006-01-07T17:40,BIQ,564194307
AEVSPOYT,code,L,70004347,FO,2006-01-07T18:20,2006-01-07T20:20,ORY,564194307
QPCUJPGR,code,L,70004502,CS,2006-01-07T08:50,2006-01-07T11:20,BIQ,564194307
QPCUJPGR,code,L,70004501,CS,2006-01-07T12:35,2006-01-07T14:00,CDG,564194307
QPCUJPGR,code,L,70004352,CS,2006-01-07T16:20,2006-01-07T17:40,BIQ,564194307
QPCUJPGR,code,L,70004347,CS,2006-01-07T18:20,2006-01-07T20:20,ORY,564194307
REBJFGKO,code,L,70004502,ST,2006-01-07T08:50,2006-01-07T11:20,BIQ,564194307
REBJFGKO,code,L,70004501,ST,2006-01-07T12:35,2006-01-07T14:00,CDG,564194307
REBJFGKO,code,L,70004352,ST,2006-01-07T16:20,2006-01-07T17:40,BIQ,564194307
REBJFGKO,code,L,70004347,ST,2006-01-07T18:20,2006-01-07T20:20,ORY,564194307
YDZWYGXQ,code,L,70004502,ST,2006-01-07T08:50,2006-01-07T11:20,BIQ,564194307
YDZWYGXQ,code,L,70004501,ST,2006-01-07T12:35,2006-01-07T14:00,CDG,564194307
YDZWYGXQ,code,L,70004352,ST,2006-01-07T16:20,2006-01-07T17:40,BIQ,564194307
YDZWYGXQ,code,L,70004347,ST,2006-01-07T18:20,2006-01-07T20:20,ORY,564194307
JCGYNHYQ,code,L,70002521,CP,2006-01-07T08:50,2006-01-07T11:05,RNS,376980210
JCGYNHYQ,code,L,70002522,CP,2006-01-07T11:35,2006-01-07T12:55,MPL,376980210
JCGYNHYQ,code,L,70004213,CP,2006-01-07T14:00,2006-01-07T15:05,RNS,376980210
JCGYNHYQ,code,L,70004214,CP,2006-01-07T16:15,2006-01-07T18:00,ORY,376980210
ZKZMWWYX,code,L,70002521,FO,2006-01-07T08:50,2006-01-07T11:05,RNS,376980210
ZKZMWWYX,code,L,70002522,FO,2006-01-07T11:35,2006-01-07T12:55,MPL,376980210
ZKZMWWYX,code,L,70004213,FO,2006-01-07T14:00,2006-01-07T15:05,RNS,376980210
ZKZMWWYX,code,L,70004214,FO,2006-01-07T16:15,2006-01-07T18:00,ORY,376980210
ETJOWRDA,code,L,70002521,CS,2006-01-07T08:50,2006-01-07T11:05,RNS,376980210
ETJOWRDA,code,L,70002522,CS,2006-01-07T11:35,2006-01-07T12:55,MPL,376980210
ETJOWRDA,code,L,70004213,CS,2006-01-07T14:00,2006-01-07T15:05,RNS,376980210
ETJOWRDA,code,L,70004214,CS,2006-01-07T16:15,2006-01-07T18:00,ORY,376980210
EAKCCEFD,code,L,70002521,ST,2006-01-07T08:50,2006-01-07T11:05,RNS,376980210
EAKCCEFD,code,L,70002522,ST,2006-01-07T11:35,2006-01-07T12:55,MPL,376980210
EAKCCEFD,code,L,70004213,ST,2006-01-07T14:00,2006-01-07T15:05,RNS,376980210
EAKCCEFD,code,L,70004214,ST,2006-01-07T16:15,2006-01-07T18:00,ORY,376980210
TLXYSOQR,code,L,70002521,ST,2006-01-07T08:50,2006-01-07T11:05,RNS,376980210
TLXYSOQR,code,L,70002522,ST,2006-01-07T11:35,2006-01-07T12:55,MPL,376980210
TLXYSOQR,code,L,70004213,ST,2006-01-07T14:00,2006-01-07T15:05,RNS,376980210
TLXYSOQR,code,L,70004214,ST,2006-01-07T16:15,2006-01-07T18:00,ORY,376980210
TZNVMTIU,code,L,70004696,CP,2006-01-07T08:50,2006-01-07T10:45,NCE,628641533
TZNVMTIU,code,L,70004699,CP,2006-01-07T11:25,2006-01-07T12:25,LYS,628641533
TZNVMTIU,code,L,70004700,CP,2006-01-07T13:05,2006-01-07T14:00,NCE,628641533
TZNVMTIU,code,L,70004695,CP,2006-01-07T15:00,2006-01-07T16:45,LYS,628641533
NJGUPKLX,code,L,70004696,FO,2006-01-07T08:50,2006-01-07T10:45,NCE,628641533
NJGUPKLX,code,L,70004699,FO,2006-01-07T11:25,2006-01-07T12:25,LYS,628641533
NJGUPKLX,code,L,70004700,FO,2006-01-07T13:05,2006-01-07T14:00,NCE,628641533
NJGUPKLX,code,L,70004695,FO,2006-01-07T15:00,2006-01-07T16:45,LYS,628641533
WUSNPVKE,code,L,70004696,CSD,2006-01-07T08:50,2006-01-07T10:45,NCE,628641533
WUSNPVKE,code,L,70004699,CSD,2006-01-07T11:25,2006-01-07T12:25,LYS,628641533
WUSNPVKE,code,L,70004700,CSD,2006-01-07T13:05,2006-01-07T14:00,NCE,628641533
WUSNPVKE,code,L,70004695,CSD,2006-01-07T15:00,2006-01-07T16:45,LYS,628641533
BQXLCSYR,code,L,70004696,ST,2006-01-07T08:50,2006-01-07T10:45,NCE,628641533
BQXLCSYR,code,L,70004699,ST,2006-01-07T11:25,2006-01-07T12:25,LYS,628641533
BQXLCSYR,code,L,70004700,ST,2006-01-07T13:05,2006-01-07T14:00,NCE,628641533
BQXLCSYR,code,L,70004695,ST,2006-01-07T15:00,2006-01-07T16:45,LYS,628641533
VIIVVZGK,code,L,70004696,ST,2006-01-07T08:50,2006-01-07T10:45,NCE,628641533
VIIVVZGK,code,L,70004699,ST,2006-01-07T11:25,2006-01-07T12:25,LYS,628641533
VIIVVZGK,code,L,70004700,ST,2006-01-07T13:05,2006-01-07T14:00,NCE,628641533
VIIVVZGK,code,L,70004695,ST,2006-01-07T15:00,2006-01-07T16:45,LYS,628641533
NFNKEDEO,code,L,7000146,CP,2006-01-07T08:55,2006-01-07T11:10,MLH,363842328
NFNKEDEO,code,L,7000147,CP,2006-01-07T12:00,2006-01-07T13:10,CDG,363842328
NFNKEDEO,code,L,7000148,CP,2006-01-07T13:50,2006-01-07T15:05,MLH,363842328
NFNKEDEO,code,L,7000149,CP,2006-01-07T15:45,2006-01-07T16:55,CDG,363842328
NFNKEDEO,code,L,7000150,CP,2006-01-07T17:35,2006-01-07T18:50,MLH,363842328
NFNKEDEO,code,L,7000151,CP,2006-01-07T19:55,2006-01-07T21:50,CDG,363842328
MCKKQVMQ,code,L,7000146,FO,2006-01-07T08:55,2006-01-07T11:10,MLH,363842328
MCKKQVMQ,code,L,7000147,FO,2006-01-07T12:00,2006-01-07T13:10,CDG,363842328
MCKKQVMQ,code,L,7000148,FO,2006-01-07T13:50,2006-01-07T15:05,MLH,363842328
MCKKQVMQ,code,L,7000149,FO,2006-01-07T15:45,2006-01-07T16:55,CDG,363842328
MCKKQVMQ,code,L,7000150,FO,2006-01-07T17:35,2006-01-07T18:50,MLH,363842328
MCKKQVMQ,code,L,7000151,FO,2006-01-07T19:55,2006-01-07T21:50,CDG,363842328
EQSDIIUF,code,L,7000146,CS,2006-01-07T08:55,2006-01-07T11:10,MLH,363842328
EQSDIIUF,code,L,7000147,CS,2006-01-07T12:00,2006-01-07T13:10,CDG,363842328
EQSDIIUF,code,L,7000148,CS,2006-01-07T13:50,2006-01-07T15:05,MLH,363842328
EQSDIIUF,code,L,7000149,CS,2006-01-07T15:45,2006-01-07T16:55,CDG,363842328
EQSDIIUF,code,L,7000150,CS,2006-01-07T17:35,2006-01-07T18:50,MLH,363842328
EQSDIIUF,code,L,7000151,CS,2006-01-07T19:55,2006-01-07T21:50,CDG,363842328
RJXGFBIC,code,L,7000146,CS,2006-01-07T08:55,2006-01-07T11:10,MLH,363842328
RJXGFBIC,code,L,7000147,CS,2006-01-07T12:00,2006-01-07T13:10,CDG,363842328
RJXGFBIC,code,L,7000148,CS,2006-01-07T13:50,2006-01-07T15:05,MLH,363842328
RJXGFBIC,code,L,7000149,CS,2006-01-07T15:45,2006-01-07T16:55,CDG,363842328
RJXGFBIC,code,L,7000150,CS,2006-01-07T17:35,2006-01-07T18:50,MLH,363842328
RJXGFBIC,code,L,7000151,CS,2006-01-07T19:55,2006-01-07T21:50,CDG,363842328
ISSLBLYD,code,L,7000146,ST,2006-01-07T08:55,2006-01-07T11:10,MLH,363842328
ISSLBLYD,code,L,7000147,ST,2006-01-07T12:00,2006-01-07T13:10,CDG,363842328
ISSLBLYD,code,L,7000148,ST,2006-01-07T13:50,2006-01-07T15:05,MLH,363842328
ISSLBLYD,code,L,7000149,ST,2006-01-07T15:45,2006-01-07T16:55,CDG,363842328
ISSLBLYD,code,L,7000150,ST,2006-01-07T17:35,2006-01-07T18:50,MLH,363842328
ISSLBLYD,code,L,7000151,ST,2006-01-07T19:55,2006-01-07T21:50,CDG,363842328
NUPAKRJL,code,L,7000146,ST,2006-01-07T08:55,2006-01-07T11:10,MLH,363842328
NUPAKRJL,code,L,7000147,ST,2006-01-07T12:00,2006-01-07T13:10,CDG,363842328
NUPAKRJL,code,L,7000148,ST,2006-01-07T13:50,2006-01-07T15:05,MLH,363842328
NUPAKRJL,code,L,7000149,ST,2006-01-07T15:45,2006-01-07T16:55,CDG,363842328
NUPAKRJL,code,L,7000150,ST,2006-01-07T17:35,2006-01-07T18:50,MLH,363842328
NUPAKRJL,code,L,7000151,ST,2006-01-07T19:55,2006-01-07T21:50,CDG,363842328
SXINWHMT,code,L,7000146,ST,2006-01-07T08:55,2006-01-07T11:10,MLH,363842328
SXINWHMT,code,L,7000147,ST,2006-01-07T12:00,2006-01-07T13:10,CDG,363842328
SXINWHMT,code,L,7000148,ST,2006-01-07T13:50,2006-01-07T15:05,MLH,363842328
SXINWHMT,code,L,7000149,ST,2006-01-07T15:45,2006-01-07T16:55,CDG,363842328
SXINWHMT,code,L,7000150,ST,2006-01-07T17:35,2006-01-07T18:50,MLH,363842328
SXINWHMT,code,L,7000151,ST,2006-01-07T19:55,2006-01-07T21:50,CDG,363842328
DLQGOPNP,code,L,7000146,ST,2006-01-07T08:55,2006-01-07T11:10,MLH,363842328
DLQGOPNP,code,L,7000147,ST,2006-01-07T12:00,2006-01-07T13:10,CDG,363842328
DLQGOPNP,code,L,7000148,ST,2006-01-07T13:50,2006-01-07T15:05,MLH,363842328
DLQGOPNP,code,L,7000149,ST,2006-01-07T15:45,2006-01-07T16:55,CDG,363842328
DLQGOPNP,code,L,7000150,ST,2006-01-07T17:35,2006-01-07T18:50,MLH,363842328
DLQGOPNP,code,L,7000151,ST,2006-01-07T19:55,2006-01-07T21:50,CDG,363842328
HBLQBIUK,code,L,7000146,ST,2006-01-07T08:55,2006-01-07T11:10,MLH,363842328
HBLQBIUK,code,L,7000147,ST,2006-01-07T12:00,2006-01-07T13:10,CDG,363842328
HBLQBIUK,code,L,7000148,ST,2006-01-07T13:50,2006-01-07T15:05,MLH,363842328
HBLQBIUK,code,L,7000149,ST,2006-01-07T15:45,2006-01-07T16:55,CDG,363842328
HBLQBIUK,code,L,7000150,ST,2006-01-07T17:35,2006-01-07T18:50,MLH,363842328
HBLQBIUK,code,L,7000151,ST,2006-01-07T19:55,2006-01-07T21:50,CDG,363842328
ZBUMWVBC,code,L,7000146,ST,2006-01-07T08:55,2006-01-07T11:10,MLH,363842328
ZBUMWVBC,code,L,7000147,ST,2006-01-07T12:00,2006-01-07T13:10,CDG,363842328
ZBUMWVBC,code,L,7000148,ST,2006-01-07T13:50,2006-01-07T15:05,MLH,363842328
ZBUMWVBC,code,L,7000149,ST,2006-01-07T15:45,2006-01-07T16:55,CDG,363842328
ZBUMWVBC,code,L,7000150,ST,2006-01-07T17:35,2006-01-07T18:50,MLH,363842328
ZBUMWVBC,code,L,7000151,ST,2006-01-07T19:55,2006-01-07T21:50,CDG,363842328
WUPOYAUD,code,L,70003073,CP,2006-01-07T09:00,2006-01-07T11:20,ORY,687431273
WUPOYAUD,code,L,70003088,CP,2006-01-07T12:05,2006-01-07T13:30,NCE,687431273
WUPOYAUD,code,L,70003081,CP,2006-01-07T14:00,2006-01-07T15:20,ORY,687431273
WUPOYAUD,code,L,70003102,CP,2006-01-07T16:05,2006-01-07T18:15,NCE,687431273
LRUFIPAN,code,L,70003073,FO,2006-01-07T09:00,2006-01-07T11:20,ORY,687431273
LRUFIPAN,code,L,70003088,FO,2006-01-07T12:05,2006-01-07T13:30,NCE,687431273
LRUFIPAN,code,L,70003081,FO,2006-01-07T14:00,2006-01-07T15:20,ORY,687431273
LRUFIPAN,code,L,70003102,FO,2006-01-07T16:05,2006-01-07T18:15,NCE,687431273
KPHBRRVV,code,L,70003073,CS,2006-01-07T09:00,2006-01-07T11:20,ORY,687431273
KPHBRRVV,code,L,70003088,CS,2006-01-07T12:05,2006-01-07T13:30,NCE,687431273
KPHBRRVV,code,L,70003081,CS,2006-01-07T14:00,2006-01-07T15:20,ORY,687431273
KPHBRRVV,code,L,70003102,CS,2006-01-07T16:05,2006-01-07T18:15,NCE,687431273
EHKAEATZ,code,L,70003073,CS,2006-01-07T09:00,2006-01-07T11:20,ORY,687431273
EHKAEATZ,code,L,70003088,CS,2006-01-07T12:05,2006-01-07T13:30,NCE,687431273
EHKAEATZ,code,L,70003081,CS,2006-01-07T14:00,2006-01-07T15:20,ORY,687431273
EHKAEATZ,code,L,70003102,CS,2006-01-07T16:05,2006-01-07T18:15,NCE,687431273
SKCPEOFJ,code,L,70003073,ST,2006-01-07T09:00,2006-01-07T11:20,ORY,687431273
SKCPEOFJ,code,L,70003088,ST,2006-01-07T12:05,2006-01-07T13:30,NCE,687431273
SKCPEOFJ,code,L,70003081,ST,2006-01-07T14:00,2006-01-07T15:20,ORY,687431273
SKCPEOFJ,code,L,70003102,ST,2006-01-07T16:05,2006-01-07T18:15,NCE,687431273
XETPLZMS,code,L,70003073,ST,2006-01-07T09:00,2006-01-07T11:20,ORY,687431273
XETPLZMS,code,L,70003088,ST,2006-01-07T12:05,2006-01-07T13:30,NCE,687431273
XETPLZMS,code,L,70003081,ST,2006-01-07T14:00,2006-01-07T15:20,ORY,687431273
XETPLZMS,code,L,70003102,ST,2006-01-07T16:05,2006-01-07T18:15,NCE,687431273
ACFXBWYM,code,L,70003073,ST,2006-01-07T09:00,2006-01-07T11:20,ORY,687431273
ACFXBWYM,code,L,70003088,ST,2006-01-07T12:05,2006-01-07T13:30,NCE,687431273
ACFXBWYM,code,L,70003081,ST,2006-01-07T14:00,2006-01-07T15:20,ORY,687431273
ACFXBWYM,code,L,70003102,ST,2006-01-07T16:05,2006-01-07T18:15,NCE,687431273
XJUGQKXD,code,L,70003073,ST,2006-01-07T09:00,2006-01-07T11:20,ORY,687431273
XJUGQKXD,code,L,70003088,ST,2006-01-07T12:05,2006-01-07T13:30,NCE,687431273
XJUGQKXD,code,L,70003081,ST,2006-01-07T14:00,2006-01-07T15:20,ORY,687431273
XJUGQKXD,code,L,70003102,ST,2006-01-07T16:05,2006-01-07T18:15,NCE,687431273
THEQPOBR,code,L,70003073,ST,2006-01-07T09:00,2006-01-07T11:20,ORY,687431273
THEQPOBR,code,L,70003088,ST,2006-01-07T12:05,2006-01-07T13:30,NCE,687431273
THEQPOBR,code,L,70003081,ST,2006-01-07T14:00,2006-01-07T15:20,ORY,687431273
THEQPOBR,code,L,70003102,ST,2006-01-07T16:05,2006-01-07T18:15,NCE,687431273
HVMFEPOP,code,L,70003073,ST,2006-01-07T09:00,2006-01-07T11:20,ORY,687431273
HVMFEPOP,code,L,70003088,ST,2006-01-07T12:05,2006-01-07T13:30,NCE,687431273
HVMFEPOP,code,L,70003081,ST,2006-01-07T14:00,2006-01-07T15:20,ORY,687431273
HVMFEPOP,code,L,70003102,ST,2006-01-07T16:05,2006-01-07T18:15,NCE,687431273
QEMNSCRH,code,L,70004588,CP,2006-01-07T09:00,2006-01-07T11:05,NTE,848563345
QEMNSCRH,code,L,70004587,CP,2006-01-07T11:45,2006-01-07T12:50,CDG,848563345
QEMNSCRH,code,L,70004590,CP,2006-01-07T13:35,2006-01-07T14:40,NTE,848563345
QEMNSCRH,code,L,70004593,CP,2006-01-07T16:15,2006-01-07T17:20,CDG,848563345
QEMNSCRH,code,L,70004594,CP,2006-01-07T18:05,2006-01-07T19:10,NTE,848563345
QEMNSCRH,code,L,70004591,CP,2006-01-07T20:00,2006-01-07T21:50,CDG,848563345
LQFOAUDO,code,L,70004588,FO,2006-01-07T09:00,2006-01-07T11:05,NTE,848563345
LQFOAUDO,code,L,70004587,FO,2006-01-07T11:45,2006-01-07T12:50,CDG,848563345
LQFOAUDO,code,L,70004590,FO,2006-01-07T13:35,2006-01-07T14:40,NTE,848563345
LQFOAUDO,code,L,70004593,FO,2006-01-07T16:15,2006-01-07T17:20,CDG,848563345
LQFOAUDO,code,L,70004594,FO,2006-01-07T18:05,2006-01-07T19:10,NTE,848563345
LQFOAUDO,code,L,70004591,FO,2006-01-07T20:00,2006-01-07T21:50,CDG,848563345
TRXSYEOA,code,L,70004588,CS,2006-01-07T09:00,2006-01-07T11:05,NTE,848563345
TRXSYEOA,code,L,70004587,CS,2006-01-07T11:45,2006-01-07T12:50,CDG,848563345
TRXSYEOA,code,L,70004590,CS,2006-01-07T13:35,2006-01-07T14:40,NTE,848563345
TRXSYEOA,code,L,70004593,CS,2006-01-07T16:15,2006-01-07T17:20,CDG,848563345
TRXSYEOA,code,L,70004594,CS,2006-01-07T18:05,2006-01-07T19:10,NTE,848563345
TRXSYEOA,code,L,70004591,CS,2006-01-07T20:00,2006-01-07T21:50,CDG,848563345
NFHCKWWP,code,L,70004588,CS,2006-01-07T09:00,2006-01-07T11:05,NTE,848563345
NFHCKWWP,code,L,70004587,CS,2006-01-07T11:45,2006-01-07T12:50,CDG,848563345
NFHCKWWP,code,L,70004590,CS,2006-01-07T13:35,2006-01-07T14:40,NTE,848563345
NFHCKWWP,code,L,70004593,CS,2006-01-07T16:15,2006-01-07T17:20,CDG,848563345
NFHCKWWP,code,L,70004594,CS,2006-01-07T18:05,2006-01-07T19:10,NTE,848563345
NFHCKWWP,code,L,70004591,CS,2006-01-07T20:00,2006-01-07T21:50,CDG,848563345
VAARXWSS,code,L,70004588,ST,2006-01-07T09:00,2006-01-07T11:05,NTE,848563345
VAARXWSS,code,L,70004587,ST,2006-01-07T11:45,2006-01-07T12:50,CDG,848563345
VAARXWSS,code,L,70004590,ST,2006-01-07T13:35,2006-01-07T14:40,NTE,848563345
VAARXWSS,code,L,70004593,ST,2006-01-07T16:15,2006-01-07T17:20,CDG,848563345
VAARXWSS,code,L,70004594,ST,2006-01-07T18:05,2006-01-07T19:10,NTE,848563345
VAARXWSS,code,L,70004591,ST,2006-01-07T20:00,2006-01-07T21:50,CDG,848563345
JYMUDBNM,code,L,70004588,ST,2006-01-07T09:00,2006-01-07T11:05,NTE,848563345
JYMUDBNM,code,L,70004587,ST,2006-01-07T11:45,2006-01-07T12:50,CDG,848563345
JYMUDBNM,code,L,70004590,ST,2006-01-07T13:35,2006-01-07T14:40,NTE,848563345
JYMUDBNM,code,L,70004593,ST,2006-01-07T16:15,2006-01-07T17:20,CDG,848563345
JYMUDBNM,code,L,70004594,ST,2006-01-07T18:05,2006-01-07T19:10,NTE,848563345
JYMUDBNM,code,L,70004591,ST,2006-01-07T20:00,2006-01-07T21:50,CDG,848563345
MENMKNXI,code,L,70004588,ST,2006-01-07T09:00,2006-01-07T11:05,NTE,848563345
MENMKNXI,code,L,70004587,ST,2006-01-07T11:45,2006-01-07T12:50,CDG,848563345
MENMKNXI,code,L,70004590,ST,2006-01-07T13:35,2006-01-07T14:40,NTE,848563345
MENMKNXI,code,L,70004593,ST,2006-01-07T16:15,2006-01-07T17:20,CDG,848563345
MENMKNXI,code,L,70004594,ST,2006-01-07T18:05,2006-01-07T19:10,NTE,848563345
MENMKNXI,code,L,70004591,ST,2006-01-07T20:00,2006-01-07T21:50,CDG,848563345
IYYDDSUC,code,L,70004588,ST,2006-01-07T09:00,2006-01-07T11:05,NTE,848563345
IYYDDSUC,code,L,70004587,ST,2006-01-07T11:45,2006-01-07T12:50,CDG,848563345
IYYDDSUC,code,L,70004590,ST,2006-01-07T13:35,2006-01-07T14:40,NTE,848563345
IYYDDSUC,code,L,70004593,ST,2006-01-07T16:15,2006-01-07T17:20,CDG,848563345
IYYDDSUC,code,L,70004594,ST,2006-01-07T18:05,2006-01-07T19:10,NTE,848563345
IYYDDSUC,code,L,70004591,ST,2006-01-07T20:00,2006-01-07T21:50,CDG,848563345
QELJLRRW,code,L,70004588,ST,2006-01-07T09:00,2006-01-07T11:05,NTE,848563345
QELJLRRW,code,L,70004587,ST,2006-01-07T11:45,2006-01-07T12:50,CDG,848563345
QELJLRRW,code,L,70004590,ST,2006-01-07T13:35,2006-01-07T14:40,NTE,848563345
QELJLRRW,code,L,70004593,ST,2006-01-07T16:15,2006-01-07T17:20,CDG,848563345
QELJLRRW,code,L,70004594,ST,2006-01-07T18:05,2006-01-07T19:10,NTE,848563345
QELJLRRW,code,L,70004591,ST,2006-01-07T20:00,2006-01-07T21:50,CDG,848563345
DBDZJKOI,code,L,70004588,ST,2006-01-07T09:00,2006-01-07T11:05,NTE,848563345
DBDZJKOI,code,L,70004587,ST,2006-01-07T11:45,2006-01-07T12:50,CDG,848563345
DBDZJKOI,code,L,70004590,ST,2006-01-07T13:35,2006-01-07T14:40,NTE,848563345
DBDZJKOI,code,L,70004593,ST,2006-01-07T16:15,2006-01-07T17:20,CDG,848563345
DBDZJKOI,code,L,70004594,ST,2006-01-07T18:05,2006-01-07T19:10,NTE,848563345
DBDZJKOI,code,L,70004591,ST,2006-01-07T20:00,2006-01-07T21:50,CDG,848563345
EOQWXOVZ,code,L,70003074,CP,2006-01-07T09:05,2006-01-07T11:30,NCE,760389092
EOQWXOVZ,code,L,70003077,CP,2006-01-07T12:00,2006-01-07T13:20,ORY,760389092
EOQWXOVZ,code,L,70003082,CP,2006-01-07T14:05,2006-01-07T15:30,NCE,760389092
EOQWXOVZ,code,L,70003085,CP,2006-01-07T16:00,2006-01-07T17:20,ORY,760389092
EOQWXOVZ,code,L,70003092,CP,2006-01-07T18:05,2006-01-07T19:30,NCE,760389092
EOQWXOVZ,code,L,70003095,CP,2006-01-07T20:00,2006-01-07T22:05,ORY,760389092
QEAPMKHF,code,L,70003074,FO,2006-01-07T09:05,2006-01-07T11:30,NCE,760389092
QEAPMKHF,code,L,70003077,FO,2006-01-07T12:00,2006-01-07T13:20,ORY,760389092
QEAPMKHF,code,L,70003082,FO,2006-01-07T14:05,2006-01-07T15:30,NCE,760389092
QEAPMKHF,code,L,70003085,FO,2006-01-07T16:00,2006-01-07T17:20,ORY,760389092
QEAPMKHF,code,L,70003092,FO,2006-01-07T18:05,2006-01-07T19:30,NCE,760389092
QEAPMKHF,code,L,70003095,FO,2006-01-07T20:00,2006-01-07T22:05,ORY,760389092
PXQDLSYZ,code,L,70003074,CS,2006-01-07T09:05,2006-01-07T11:30,NCE,760389092
PXQDLSYZ,code,L,70003077,CS,2006-01-07T12:00,2006-01-07T13:20,ORY,760389092
PXQDLSYZ,code,L,70003082,CS,2006-01-07T14:05,2006-01-07T15:30,NCE,760389092
PXQDLSYZ,code,L,70003085,CS,2006-01-07T16:00,2006-01-07T17:20,ORY,760389092
PXQDLSYZ,code,L,70003092,CS,2006-01-07T18:05,2006-01-07T19:30,NCE,760389092
PXQDLSYZ,code,L,70003095,CS,2006-01-07T20:00,2006-01-07T22:05,ORY,760389092
SAYQZAZI,code,L,70003074,CS,2006-01-07T09:05,2006-01-07T11:30,NCE,760389092
SAYQZAZI,code,L,70003077,CS,2006-01-07T12:00,2006-01-07T13:20,ORY,760389092
SAYQZAZI,code,L,70003082,CS,2006-01-07T14:05,2006-01-07T15:30,NCE,760389092
SAYQZAZI,code,L,70003085,CS,2006-01-07T16:00,2006-01-07T17:20,ORY,760389092
SAYQZAZI,code,L,70003092,CS,2006-01-07T18:05,2006-01-07T19:30,NCE,760389092
SAYQZAZI,code,L,70003095,CS,2006-01-07T20:00,2006-01-07T22:05,ORY,760389092
BMIWPGTL,code,L,70003074,ST,2006-01-07T09:05,2006-01-07T11:30,NCE,760389092
BMIWPGTL,code,L,70003077,ST,2006-01-07T12:00,2006-01-07T13:20,ORY,760389092
BMIWPGTL,code,L,70003082,ST,2006-01-07T14:05,2006-01-07T15:30,NCE,760389092
BMIWPGTL,code,L,70003085,ST,2006-01-07T16:00,2006-01-07T17:20,ORY,760389092
BMIWPGTL,code,L,70003092,ST,2006-01-07T18:05,2006-01-07T19:30,NCE,760389092
BMIWPGTL,code,L,70003095,ST,2006-01-07T20:00,2006-01-07T22:05,ORY,760389092
TEVGYUZB,code,L,70003074,ST,2006-01-07T09:05,2006-01-07T11:30,NCE,760389092
TEVGYUZB,code,L,70003077,ST,2006-01-07T12:00,2006-01-07T13:20,ORY,760389092
TEVGYUZB,code,L,70003082,ST,2006-01-07T14:05,2006-01-07T15:30,NCE,760389092
TEVGYUZB,code,L,70003085,ST,2006-01-07T16:00,2006-01-07T17:20,ORY,760389092
TEVGYUZB,code,L,70003092,ST,2006-01-07T18:05,2006-01-07T19:30,NCE,760389092
TEVGYUZB,code,L,70003095,ST,2006-01-07T20:00,2006-01-07T22:05,ORY,760389092
ZJAJWDFC,code,L,70003074,ST,2006-01-07T09:05,2006-01-07T11:30,NCE,760389092
ZJAJWDFC,code,L,70003077,ST,2006-01-07T12:00,2006-01-07T13:20,ORY,760389092
ZJAJWDFC,code,L,70003082,ST,2006-01-07T14:05,2006-01-07T15:30,NCE,760389092
ZJAJWDFC,code,L,70003085,ST,2006-01-07T16:00,2006-01-07T17:20,ORY,760389092
ZJAJWDFC,code,L,70003092,ST,2006-01-07T18:05,2006-01-07T19:30,NCE,760389092
ZJAJWDFC,code,L,70003095,ST,2006-01-07T20:00,2006-01-07T22:05,ORY,760389092
KNTKOFVP,code,L,70003074,ST,2006-01-07T09:05,2006-01-07T11:30,NCE,760389092
KNTKOFVP,code,L,70003077,ST,2006-01-07T12:00,2006-01-07T13:20,ORY,760389092
KNTKOFVP,code,L,70003082,ST,2006-01-07T14:05,2006-01-07T15:30,NCE,760389092
KNTKOFVP,code,L,70003085,ST,2006-01-07T16:00,2006-01-07T17:20,ORY,760389092
KNTKOFVP,code,L,70003092,ST,2006-01-07T18:05,2006-01-07T19:30,NCE,760389092
KNTKOFVP,code,L,70003095,ST,2006-01-07T20:00,2006-01-07T22:05,ORY,760389092
KWHSZKXA,code,L,70003074,ST,2006-01-07T09:05,2006-01-07T11:30,NCE,760389092
KWHSZKXA,code,L,70003077,ST,2006-01-07T12:00,2006-01-07T13:20,ORY,760389092
KWHSZKXA,code,L,70003082,ST,2006-01-07T14:05,2006-01-07T15:30,NCE,760389092
KWHSZKXA,code,L,70003085,ST,2006-01-07T16:00,2006-01-07T17:20,ORY,760389092
KWHSZKXA,code,L,70003092,ST,2006-01-07T18:05,2006-01-07T19:30,NCE,760389092
KWHSZKXA,code,L,70003095,ST,2006-01-07T20:00,2006-01-07T22:05,ORY,760389092
MKMLDJIW,code,L,70003074,ST,2006-01-07T09:05,2006-01-07T11:30,NCE,760389092
MKMLDJIW,code,L,70003077,ST,2006-01-07T12:00,2006-01-07T13:20,ORY,760389092
MKMLDJIW,code,L,70003082,ST,2006-01-07T14:05,2006-01-07T15:30,NCE,760389092
MKMLDJIW,code,L,70003085,ST,2006-01-07T16:00,2006-01-07T17:20,ORY,760389092
MKMLDJIW,code,L,70003092,ST,2006-01-07T18:05,2006-01-07T19:30,NCE,760389092
MKMLDJIW,code,L,70003095,ST,2006-01-07T20:00,2006-01-07T22:05,ORY,760389092
BDZCUMTT,code,L,70004366,CP,2006-01-07T09:05,2006-01-07T11:30,TLN,820276643
BDZCUMTT,code,L,70004369,CP,2006-01-07T12:30,2006-01-07T13:50,ORY,820276643
BDZCUMTT,code,L,70004370,CP,2006-01-07T14:40,2006-01-07T16:05,TLN,820276643
BDZCUMTT,code,L,70004371,CP,2006-01-07T17:55,2006-01-07T20:00,ORY,820276643
FJHVGBKE,code,L,70004366,FO,2006-01-07T09:05,2006-01-07T11:30,TLN,820276643
FJHVGBKE,code,L,70004369,FO,2006-01-07T12:30,2006-01-07T13:50,ORY,820276643
FJHVGBKE,code,L,70004370,FO,2006-01-07T14:40,2006-01-07T16:05,TLN,820276643
FJHVGBKE,code,L,70004371,FO,2006-01-07T17:55,2006-01-07T20:00,ORY,820276643
LITNJZBA,code,L,70004366,CS,2006-01-07T09:05,2006-01-07T11:30,TLN,820276643
LITNJZBA,code,L,70004369,CS,2006-01-07T12:30,2006-01-07T13:50,ORY,820276643
LITNJZBA,code,L,70004370,CS,2006-01-07T14:40,2006-01-07T16:05,TLN,820276643
LITNJZBA,code,L,70004371,CS,2006-01-07T17:55,2006-01-07T20:00,ORY,820276643
PEHDCFON,code,L,70004366,CS,2006-01-07T09:05,2006-01-07T11:30,TLN,820276643
PEHDCFON,code,L,70004369,CS,2006-01-07T12:30,2006-01-07T13:50,ORY,820276643
PEHDCFON,code,L,70004370,CS,2006-01-07T14:40,2006-01-07T16:05,TLN,820276643
PEHDCFON,code,L,70004371,CS,2006-01-07T17:55,2006-01-07T20:00,ORY,820276643
JJGKPUTH,code,L,70004366,ST,2006-01-07T09:05,2006-01-07T11:30,TLN,820276643
JJGKPUTH,code,L,70004369,ST,2006-01-07T12:30,2006-01-07T13:50,ORY,820276643
JJGKPUTH,code,L,70004370,ST,2006-01-07T14:40,2006-01-07T16:05,TLN,820276643
JJGKPUTH,code,L,70004371,ST,2006-01-07T17:55,2006-01-07T20:00,ORY,820276643
COMULEHI,code,L,70004366,ST,2006-01-07T09:05,2006-01-07T11:30,TLN,820276643
COMULEHI,code,L,70004369,ST,2006-01-07T12:30,2006-01-07T13:50,ORY,820276643
COMULEHI,code,L,70004370,ST,2006-01-07T14:40,2006-01-07T16:05,TLN,820276643
COMULEHI,code,L,70004371,ST,2006-01-07T17:55,2006-01-07T20:00,ORY,820276643
PQNWOVXF,code,L,70004366,ST,2006-01-07T09:05,2006-01-07T11:30,TLN,820276643
PQNWOVXF,code,L,70004369,ST,2006-01-07T12:30,2006-01-07T13:50,ORY,820276643
PQNWOVXF,code,L,70004370,ST,2006-01-07T14:40,2006-01-07T16:05,TLN,820276643
PQNWOVXF,code,L,70004371,ST,2006-01-07T17:55,2006-01-07T20:00,ORY,820276643
AKJIOXTT,code,L,70004366,ST,2006-01-07T09:05,2006-01-07T11:30,TLN,820276643
AKJIOXTT,code,L,70004369,ST,2006-01-07T12:30,2006-01-07T13:50,ORY,820276643
AKJIOXTT,code,L,70004370,ST,2006-01-07T14:40,2006-01-07T16:05,TLN,820276643
AKJIOXTT,code,L,70004371,ST,2006-01-07T17:55,2006-01-07T20:00,ORY,820276643
KDSVMQYE,code,L,70004366,ST,2006-01-07T09:05,2006-01-07T11:30,TLN,820276643
KDSVMQYE,code,L,70004369,ST,2006-01-07T12:30,2006-01-07T13:50,ORY,820276643
KDSVMQYE,code,L,70004370,ST,2006-01-07T14:40,2006-01-07T16:05,TLN,820276643
KDSVMQYE,code,L,70004371,ST,2006-01-07T17:55,2006-01-07T20:00,ORY,820276643
MAIAJZMZ,code,L,70004366,ST,2006-01-07T09:05,2006-01-07T11:30,TLN,820276643
MAIAJZMZ,code,L,70004369,ST,2006-01-07T12:30,2006-01-07T13:50,ORY,820276643
MAIAJZMZ,code,L,70004370,ST,2006-01-07T14:40,2006-01-07T16:05,TLN,820276643
MAIAJZMZ,code,L,70004371,ST,2006-01-07T17:55,2006-01-07T20:00,ORY,820276643
XLTDOUAA,code,L,70004228,CP,2006-01-07T09:05,2006-01-07T11:20,BES,1450422331
XLTDOUAA,code,L,70004239,CP,2006-01-07T14:40,2006-01-07T15:50,ORY,1450422331
XLTDOUAA,code,L,70004238,CP,2006-01-07T16:35,2006-01-07T17:50,BES,1450422331
XLTDOUAA,code,L,70004237,CP,2006-01-07T20:20,2006-01-07T22:15,ORY,1450422331
TXDMGPKV,code,L,70004228,FO,2006-01-07T09:05,2006-01-07T11:20,BES,1450422331
TXDMGPKV,code,L,70004239,FO,2006-01-07T14:40,2006-01-07T15:50,ORY,1450422331
TXDMGPKV,code,L,70004238,FO,2006-01-07T16:35,2006-01-07T17:50,BES,1450422331
TXDMGPKV,code,L,70004237,FO,2006-01-07T20:20,2006-01-07T22:15,ORY,1450422331
XOGIKRKS,code,L,70004228,CS,2006-01-07T09:05,2006-01-07T11:20,BES,1450422331
XOGIKRKS,code,L,70004239,CS,2006-01-07T14:40,2006-01-07T15:50,ORY,1450422331
XOGIKRKS,code,L,70004238,CS,2006-01-07T16:35,2006-01-07T17:50,BES,1450422331
XOGIKRKS,code,L,70004237,CS,2006-01-07T20:20,2006-01-07T22:15,ORY,1450422331
BPQRVMJD,code,L,70004228,CS,2006-01-07T09:05,2006-01-07T11:20,BES,1450422331
BPQRVMJD,code,L,70004239,CS,2006-01-07T14:40,2006-01-07T15:50,ORY,1450422331
BPQRVMJD,code,L,70004238,CS,2006-01-07T16:35,2006-01-07T17:50,BES,1450422331
BPQRVMJD,code,L,70004237,CS,2006-01-07T20:20,2006-01-07T22:15,ORY,1450422331
QBLHDZAE,code,L,70004228,ST,2006-01-07T09:05,2006-01-07T11:20,BES,1450422331
QBLHDZAE,code,L,70004239,ST,2006-01-07T14:40,2006-01-07T15:50,ORY,1450422331
QBLHDZAE,code,L,70004238,ST,2006-01-07T16:35,2006-01-07T17:50,BES,1450422331
QBLHDZAE,code,L,70004237,ST,2006-01-07T20:20,2006-01-07T22:15,ORY,1450422331
ONLFCCIW,code,L,70004228,ST,2006-01-07T09:05,2006-01-07T11:20,BES,1450422331
ONLFCCIW,code,L,70004239,ST,2006-01-07T14:40,2006-01-07T15:50,ORY,1450422331
ONLFCCIW,code,L,70004238,ST,2006-01-07T16:35,2006-01-07T17:50,BES,1450422331
ONLFCCIW,code,L,70004237,ST,2006-01-07T20:20,2006-01-07T22:15,ORY,1450422331
NLSRYJTH,code,L,70004228,ST,2006-01-07T09:05,2006-01-07T11:20,BES,1450422331
NLSRYJTH,code,L,70004239,ST,2006-01-07T14:40,2006-01-07T15:50,ORY,1450422331
NLSRYJTH,code,L,70004238,ST,2006-01-07T16:35,2006-01-07T17:50,BES,1450422331
NLSRYJTH,code,L,70004237,ST,2006-01-07T20:20,2006-01-07T22:15,ORY,1450422331
FHZCHONJ,code,L,70004228,ST,2006-01-07T09:05,2006-01-07T11:20,BES,1450422331
FHZCHONJ,code,L,70004239,ST,2006-01-07T14:40,2006-01-07T15:50,ORY,1450422331
FHZCHONJ,code,L,70004238,ST,2006-01-07T16:35,2006-01-07T17:50,BES,1450422331
FHZCHONJ,code,L,70004237,ST,2006-01-07T20:20,2006-01-07T22:15,ORY,1450422331
YGQAOVSV,code,L,70004228,ST,2006-01-07T09:05,2006-01-07T11:20,BES,1450422331
YGQAOVSV,code,L,70004239,ST,2006-01-07T14:40,2006-01-07T15:50,ORY,1450422331
YGQAOVSV,code,L,70004238,ST,2006-01-07T16:35,2006-01-07T17:50,BES,1450422331
YGQAOVSV,code,L,70004237,ST,2006-01-07T20:20,2006-01-07T22:15,ORY,1450422331
CWHPCCSX,code,L,70004228,ST,2006-01-07T09:05,2006-01-07T11:20,BES,1450422331
CWHPCCSX,code,L,70004239,ST,2006-01-07T14:40,2006-01-07T15:50,ORY,1450422331
CWHPCCSX,code,L,70004238,ST,2006-01-07T16:35,2006-01-07T17:50,BES,1450422331
CWHPCCSX,code,L,70004237,ST,2006-01-07T20:20,2006-01-07T22:15,ORY,1450422331
QNHWSZSM,code,L,70004200,CP,2006-01-07T09:05,2006-01-07T11:15,MLH,472931517
QNHWSZSM,code,L,70004197,CP,2006-01-07T12:10,2006-01-07T13:10,ORY,472931517
QNHWSZSM,code,L,70004202,CP,2006-01-07T13:55,2006-01-07T15:05,MLH,472931517
QNHWSZSM,code,L,70004203,CP,2006-01-07T18:45,2006-01-07T20:30,ORY,472931517
OMJAVKWL,code,L,70004200,FO,2006-01-07T09:05,2006-01-07T11:15,MLH,472931517
OMJAVKWL,code,L,70004197,FO,2006-01-07T12:10,2006-01-07T13:10,ORY,472931517
OMJAVKWL,code,L,70004202,FO,2006-01-07T13:55,2006-01-07T15:05,MLH,472931517
OMJAVKWL,code,L,70004203,FO,2006-01-07T18:45,2006-01-07T20:30,ORY,472931517
JLJJAKUR,code,L,70004200,CS,2006-01-07T09:05,2006-01-07T11:15,MLH,472931517
JLJJAKUR,code,L,70004197,CS,2006-01-07T12:10,2006-01-07T13:10,ORY,472931517
JLJJAKUR,code,L,70004202,CS,2006-01-07T13:55,2006-01-07T15:05,MLH,472931517
JLJJAKUR,code,L,70004203,CS,2006-01-07T18:45,2006-01-07T20:30,ORY,472931517
SLDOQGIE,code,L,70004200,CS,2006-01-07T09:05,2006-01-07T11:15,MLH,472931517
SLDOQGIE,code,L,70004197,CS,2006-01-07T12:10,2006-01-07T13:10,ORY,472931517
SLDOQGIE,code,L,70004202,CS,2006-01-07T13:55,2006-01-07T15:05,MLH,472931517
SLDOQGIE,code,L,70004203,CS,2006-01-07T18:45,2006-01-07T20:30,ORY,472931517
OUXQGEEG,code,L,70004200,ST,2006-01-07T09:05,2006-01-07T11:15,MLH,472931517
OUXQGEEG,code,L,70004197,ST,2006-01-07T12:10,2006-01-07T13:10,ORY,472931517
OUXQGEEG,code,L,70004202,ST,2006-01-07T13:55,2006-01-07T15:05,MLH,472931517
OUXQGEEG,code,L,70004203,ST,2006-01-07T18:45,2006-01-07T20:30,ORY,472931517
JEIMJGAB,code,L,70004200,ST,2006-01-07T09:05,2006-01-07T11:15,MLH,472931517
JEIMJGAB,code,L,70004197,ST,2006-01-07T12:10,2006-01-07T13:10,ORY,472931517
JEIMJGAB,code,L,70004202,ST,2006-01-07T13:55,2006-01-07T15:05,MLH,472931517
JEIMJGAB,code,L,70004203,ST,2006-01-07T18:45,2006-01-07T20:30,ORY,472931517
CBUWUJPT,code,L,70004200,ST,2006-01-07T09:05,2006-01-07T11:15,MLH,472931517
CBUWUJPT,code,L,70004197,ST,2006-01-07T12:10,2006-01-07T13:10,ORY,472931517
CBUWUJPT,code,L,70004202,ST,2006-01-07T13:55,2006-01-07T15:05,MLH,472931517
CBUWUJPT,code,L,70004203,ST,2006-01-07T18:45,2006-01-07T20:30,ORY,472931517
LLDWEQVE,code,L,70004200,ST,2006-01-07T09:05,2006-01-07T11:15,MLH,472931517
LLDWEQVE,code,L,70004197,ST,2006-01-07T12:10,2006-01-07T13:10,ORY,472931517
LLDWEQVE,code,L,70004202,ST,2006-01-07T13:55,2006-01-07T15:05,MLH,472931517
LLDWEQVE,code,L,70004203,ST,2006-01-07T18:45,2006-01-07T20:30,ORY,472931517
QECGXGYD,code,L,70004200,ST,2006-01-07T09:05,2006-01-07T11:15,MLH,472931517
QECGXGYD,code,L,70004197,ST,2006-01-07T12:10,2006-01-07T13:10,ORY,472931517
QECGXGYD,code,L,70004202,ST,2006-01-07T13:55,2006-01-07T15:05,MLH,472931517
QECGXGYD,code,L,70004203,ST,2006-01-07T18:45,2006-01-07T20:30,ORY,472931517
MMLHGSQQ,code,L,70004200,ST,2006-01-07T09:05,2006-01-07T11:15,MLH,472931517
MMLHGSQQ,code,L,70004197,ST,2006-01-07T12:10,2006-01-07T13:10,ORY,472931517
MMLHGSQQ,code,L,70004202,ST,2006-01-07T13:55,2006-01-07T15:05,MLH,472931517
MMLHGSQQ,code,L,70004203,ST,2006-01-07T18:45,2006-01-07T20:30,ORY,472931517
ZUNQLMOO,code,L,70003124,CP,2006-01-07T09:05,2006-01-07T11:15,BOD,1903227280
ZUNQLMOO,code,L,70003123,CP,2006-01-07T12:10,2006-01-07T13:15,ORY,1903227280
ZUNQLMOO,code,L,70003128,CP,2006-01-07T14:05,2006-01-07T15:15,BOD,1903227280
ZUNQLMOO,code,L,70003131,CP,2006-01-07T17:25,2006-01-07T19:15,ORY,1903227280
BVHLFMQF,code,L,70003124,FO,2006-01-07T09:05,2006-01-07T11:15,BOD,1903227280
BVHLFMQF,code,L,70003123,FO,2006-01-07T12:10,2006-01-07T13:15,ORY,1903227280
BVHLFMQF,code,L,70003128,FO,2006-01-07T14:05,2006-01-07T15:15,BOD,1903227280
BVHLFMQF,code,L,70003131,FO,2006-01-07T17:25,2006-01-07T19:15,ORY,1903227280
IEXIOOFX,code,L,70003124,CS,2006-01-07T09:05,2006-01-07T11:15,BOD,1903227280
IEXIOOFX,code,L,70003123,CS,2006-01-07T12:10,2006-01-07T13:15,ORY,1903227280
IEXIOOFX,code,L,70003128,CS,2006-01-07T14:05,2006-01-07T15:15,BOD,1903227280
IEXIOOFX,code,L,70003131,CS,2006-01-07T17:25,2006-01-07T19:15,ORY,1903227280
DTNQZAFX,code,L,70003124,CS,2006-01-07T09:05,2006-01-07T11:15,BOD,1903227280
DTNQZAFX,code,L,70003123,CS,2006-01-07T12:10,2006-01-07T13:15,ORY,1903227280
DTNQZAFX,code,L,70003128,CS,2006-01-07T14:05,2006-01-07T15:15,BOD,1903227280
DTNQZAFX,code,L,70003131,CS,2006-01-07T17:25,2006-01-07T19:15,ORY,1903227280
LZKEPKHL,code,L,70003124,ST,2006-01-07T09:05,2006-01-07T11:15,BOD,1903227280
LZKEPKHL,code,L,70003123,ST,2006-01-07T12:10,2006-01-07T13:15,ORY,1903227280
LZKEPKHL,code,L,70003128,ST,2006-01-07T14:05,2006-01-07T15:15,BOD,1903227280
LZKEPKHL,code,L,70003131,ST,2006-01-07T17:25,2006-01-07T19:15,ORY,1903227280
KPUMJIEE,code,L,70003124,ST,2006-01-07T09:05,2006-01-07T11:15,BOD,1903227280
KPUMJIEE,code,L,70003123,ST,2006-01-07T12:10,2006-01-07T13:15,ORY,1903227280
KPUMJIEE,code,L,70003128,ST,2006-01-07T14:05,2006-01-07T15:15,BOD,1903227280
KPUMJIEE,code,L,70003131,ST,2006-01-07T17:25,2006-01-07T19:15,ORY,1903227280
WPRHVTQI,code,L,70003124,ST,2006-01-07T09:05,2006-01-07T11:15,BOD,1903227280
WPRHVTQI,code,L,70003123,ST,2006-01-07T12:10,2006-01-07T13:15,ORY,1903227280
WPRHVTQI,code,L,70003128,ST,2006-01-07T14:05,2006-01-07T15:15,BOD,1903227280
WPRHVTQI,code,L,70003131,ST,2006-01-07T17:25,2006-01-07T19:15,ORY,1903227280
KOICLSBP,code,L,70003124,ST,2006-01-07T09:05,2006-01-07T11:15,BOD,1903227280
KOICLSBP,code,L,70003123,ST,2006-01-07T12:10,2006-01-07T13:15,ORY,1903227280
KOICLSBP,code,L,70003128,ST,2006-01-07T14:05,2006-01-07T15:15,BOD,1903227280
KOICLSBP,code,L,70003131,ST,2006-01-07T17:25,2006-01-07T19:15,ORY,1903227280
UFTBCELB,code,L,70003124,ST,2006-01-07T09:05,2006-01-07T11:15,BOD,1903227280
UFTBCELB,code,L,70003123,ST,2006-01-07T12:10,2006-01-07T13:15,ORY,1903227280
UFTBCELB,code,L,70003128,ST,2006-01-07T14:05,2006-01-07T15:15,BOD,1903227280
UFTBCELB,code,L,70003131,ST,2006-01-07T17:25,2006-01-07T19:15,ORY,1903227280
USYSBWKF,code,L,70003124,ST,2006-01-07T09:05,2006-01-07T11:15,BOD,1903227280
USYSBWKF,code,L,70003123,ST,2006-01-07T12:10,2006-01-07T13:15,ORY,1903227280
USYSBWKF,code,L,70003128,ST,2006-01-07T14:05,2006-01-07T15:15,BOD,1903227280
USYSBWKF,code,L,70003131,ST,2006-01-07T17:25,2006-01-07T19:15,ORY,1903227280
JWLYIHZL,code,L,70004320,CP,2006-01-07T09:10,2006-01-07T11:30,PUF,607156385
JWLYIHZL,code,L,70004317,CP,2006-01-07T12:05,2006-01-07T13:20,ORY,607156385
JWLYIHZL,code,L,70004322,CP,2006-01-07T14:10,2006-01-07T15:30,PUF,607156385
JWLYIHZL,code,L,70004319,CP,2006-01-07T16:20,2006-01-07T17:35,ORY,607156385
JWLYIHZL,code,L,70004324,CP,2006-01-07T18:30,2006-01-07T19:50,PUF,607156385
JWLYIHZL,code,L,70004321,CP,2006-01-07T20:25,2006-01-07T22:25,ORY,607156385
JMXQOTVG,code,L,70004320,FO,2006-01-07T09:10,2006-01-07T11:30,PUF,607156385
JMXQOTVG,code,L,70004317,FO,2006-01-07T12:05,2006-01-07T13:20,ORY,607156385
JMXQOTVG,code,L,70004322,FO,2006-01-07T14:10,2006-01-07T15:30,PUF,607156385
JMXQOTVG,code,L,70004319,FO,2006-01-07T16:20,2006-01-07T17:35,ORY,607156385
JMXQOTVG,code,L,70004324,FO,2006-01-07T18:30,2006-01-07T19:50,PUF,607156385
JMXQOTVG,code,L,70004321,FO,2006-01-07T20:25,2006-01-07T22:25,ORY,607156385
ZXFZACQX,code,L,70004320,CS,2006-01-07T09:10,2006-01-07T11:30,PUF,607156385
ZXFZACQX,code,L,70004317,CS,2006-01-07T12:05,2006-01-07T13:20,ORY,607156385
ZXFZACQX,code,L,70004322,CS,2006-01-07T14:10,2006-01-07T15:30,PUF,607156385
ZXFZACQX,code,L,70004319,CS,2006-01-07T16:20,2006-01-07T17:35,ORY,607156385
ZXFZACQX,code,L,70004324,CS,2006-01-07T18:30,2006-01-07T19:50,PUF,607156385
ZXFZACQX,code,L,70004321,CS,2006-01-07T20:25,2006-01-07T22:25,ORY,607156385
VYBILVFC,code,L,70004320,CS,2006-01-07T09:10,2006-01-07T11:30,PUF,607156385
VYBILVFC,code,L,70004317,CS,2006-01-07T12:05,2006-01-07T13:20,ORY,607156385
VYBILVFC,code,L,70004322,CS,2006-01-07T14:10,2006-01-07T15:30,PUF,607156385
VYBILVFC,code,L,70004319,CS,2006-01-07T16:20,2006-01-07T17:35,ORY,607156385
VYBILVFC,code,L,70004324,CS,2006-01-07T18:30,2006-01-07T19:50,PUF,607156385
VYBILVFC,code,L,70004321,CS,2006-01-07T20:25,2006-01-07T22:25,ORY,607156385
TWJURRII,code,L,70004320,ST,2006-01-07T09:10,2006-01-07T11:30,PUF,607156385
TWJURRII,code,L,70004317,ST,2006-01-07T12:05,2006-01-07T13:20,ORY,607156385
TWJURRII,code,L,70004322,ST,2006-01-07T14:10,2006-01-07T15:30,PUF,607156385
TWJURRII,code,L,70004319,ST,2006-01-07T16:20,2006-01-07T17:35,ORY,607156385
TWJURRII,code,L,70004324,ST,2006-01-07T18:30,2006-01-07T19:50,PUF,607156385
TWJURRII,code,L,70004321,ST,2006-01-07T20:25,2006-01-07T22:25,ORY,607156385
DOWVLJYD,code,L,70004320,ST,2006-01-07T09:10,2006-01-07T11:30,PUF,607156385
DOWVLJYD,code,L,70004317,ST,2006-01-07T12:05,2006-01-07T13:20,ORY,607156385
DOWVLJYD,code,L,70004322,ST,2006-01-07T14:10,2006-01-07T15:30,PUF,607156385
DOWVLJYD,code,L,70004319,ST,2006-01-07T16:20,2006-01-07T17:35,ORY,607156385
DOWVLJYD,code,L,70004324,ST,2006-01-07T18:30,2006-01-07T19:50,PUF,607156385
DOWVLJYD,code,L,70004321,ST,2006-01-07T20:25,2006-01-07T22:25,ORY,607156385
SJWIIQCM,code,L,70004320,ST,2006-01-07T09:10,2006-01-07T11:30,PUF,607156385
SJWIIQCM,code,L,70004317,ST,2006-01-07T12:05,2006-01-07T13:20,ORY,607156385
SJWIIQCM,code,L,70004322,ST,2006-01-07T14:10,2006-01-07T15:30,PUF,607156385
SJWIIQCM,code,L,70004319,ST,2006-01-07T16:20,2006-01-07T17:35,ORY,607156385
SJWIIQCM,code,L,70004324,ST,2006-01-07T18:30,2006-01-07T19:50,PUF,607156385
SJWIIQCM,code,L,70004321,ST,2006-01-07T20:25,2006-01-07T22:25,ORY,607156385
UJGBIQAO,code,L,70004320,ST,2006-01-07T09:10,2006-01-07T11:30,PUF,607156385
UJGBIQAO,code,L,70004317,ST,2006-01-07T12:05,2006-01-07T13:20,ORY,607156385
UJGBIQAO,code,L,70004322,ST,2006-01-07T14:10,2006-01-07T15:30,PUF,607156385
UJGBIQAO,code,L,70004319,ST,2006-01-07T16:20,2006-01-07T17:35,ORY,607156385
UJGBIQAO,code,L,70004324,ST,2006-01-07T18:30,2006-01-07T19:50,PUF,607156385
UJGBIQAO,code,L,70004321,ST,2006-01-07T20:25,2006-01-07T22:25,ORY,607156385
XAYCSJEX,code,L,70004320,ST,2006-01-07T09:10,2006-01-07T11:30,PUF,607156385
XAYCSJEX,code,L,70004317,ST,2006-01-07T12:05,2006-01-07T13:20,ORY,607156385
XAYCSJEX,code,L,70004322,ST,2006-01-07T14:10,2006-01-07T15:30,PUF,607156385
XAYCSJEX,code,L,70004319,ST,2006-01-07T16:20,2006-01-07T17:35,ORY,607156385
XAYCSJEX,code,L,70004324,ST,2006-01-07T18:30,2006-01-07T19:50,PUF,607156385
XAYCSJEX,code,L,70004321,ST,2006-01-07T20:25,2006-01-07T22:25,ORY,607156385
PSTYJCFM,code,L,70004320,ST,2006-01-07T09:10,2006-01-07T11:30,PUF,607156385
PSTYJCFM,code,L,70004317,ST,2006-01-07T12:05,2006-01-07T13:20,ORY,607156385
PSTYJCFM,code,L,70004322,ST,2006-01-07T14:10,2006-01-07T15:30,PUF,607156385
PSTYJCFM,code,L,70004319,ST,2006-01-07T16:20,2006-01-07T17:35,ORY,607156385
PSTYJCFM,code,L,70004324,ST,2006-01-07T18:30,2006-01-07T19:50,PUF,607156385
PSTYJCFM,code,L,70004321,ST,2006-01-07T20:25,2006-01-07T22:25,ORY,607156385
GJGRFFJH,code,L,70004725,CP,2006-01-07T09:10,2006-01-07T11:25,NTE,1056745520
GJGRFFJH,code,L,70004705,CP,2006-01-07T15:00,2006-01-07T16:05,LYS,1056745520
GJGRFFJH,code,L,70004706,CP,2006-01-07T16:55,2006-01-07T17:55,TLS,1056745520
GJGRFFJH,code,L,70004730,CP,2006-01-07T18:45,2006-01-07T20:45,LYS,1056745520
PZDMJNAO,code,L,70004725,FO,2006-01-07T09:10,2006-01-07T11:25,NTE,1056745520
PZDMJNAO,code,L,70004705,FO,2006-01-07T15:00,2006-01-07T16:05,LYS,1056745520
PZDMJNAO,code,L,70004706,FO,2006-01-07T16:55,2006-01-07T17:55,TLS,1056745520
PZDMJNAO,code,L,70004730,FO,2006-01-07T18:45,2006-01-07T20:45,LYS,1056745520
GOOSPNWC,code,L,70004725,CS,2006-01-07T09:10,2006-01-07T11:25,NTE,1056745520
GOOSPNWC,code,L,70004705,CS,2006-01-07T15:00,2006-01-07T16:05,LYS,1056745520
GOOSPNWC,code,L,70004706,CS,2006-01-07T16:55,2006-01-07T17:55,TLS,1056745520
GOOSPNWC,code,L,70004730,CS,2006-01-07T18:45,2006-01-07T20:45,LYS,1056745520
CEIYTZKT,code,L,70004725,CS,2006-01-07T09:10,2006-01-07T11:25,NTE,1056745520
CEIYTZKT,code,L,70004705,CS,2006-01-07T15:00,2006-01-07T16:05,LYS,1056745520
CEIYTZKT,code,L,70004706,CS,2006-01-07T16:55,2006-01-07T17:55,TLS,1056745520
CEIYTZKT,code,L,70004730,CS,2006-01-07T18:45,2006-01-07T20:45,LYS,1056745520
SPSGGQYM,code,L,70004725,ST,2006-01-07T09:10,2006-01-07T11:25,NTE,1056745520
SPSGGQYM,code,L,70004705,ST,2006-01-07T15:00,2006-01-07T16:05,LYS,1056745520
SPSGGQYM,code,L,70004706,ST,2006-01-07T16:55,2006-01-07T17:55,TLS,1056745520
SPSGGQYM,code,L,70004730,ST,2006-01-07T18:45,2006-01-07T20:45,LYS,1056745520
POIQVWLQ,code,L,70004725,ST,2006-01-07T09:10,2006-01-07T11:25,NTE,1056745520
POIQVWLQ,code,L,70004705,ST,2006-01-07T15:00,2006-01-07T16:05,LYS,1056745520
POIQVWLQ,code,L,70004706,ST,2006-01-07T16:55,2006-01-07T17:55,TLS,1056745520
POIQVWLQ,code,L,70004730,ST,2006-01-07T18:45,2006-01-07T20:45,LYS,1056745520
WFOBRWVQ,code,L,70004725,ST,2006-01-07T09:10,2006-01-07T11:25,NTE,1056745520
WFOBRWVQ,code,L,70004705,ST,2006-01-07T15:00,2006-01-07T16:05,LYS,1056745520
WFOBRWVQ,code,L,70004706,ST,2006-01-07T16:55,2006-01-07T17:55,TLS,1056745520
WFOBRWVQ,code,L,70004730,ST,2006-01-07T18:45,2006-01-07T20:45,LYS,1056745520
AQOJBALV,code,L,70004725,ST,2006-01-07T09:10,2006-01-07T11:25,NTE,1056745520
AQOJBALV,code,L,70004705,ST,2006-01-07T15:00,2006-01-07T16:05,LYS,1056745520
AQOJBALV,code,L,70004706,ST,2006-01-07T16:55,2006-01-07T17:55,TLS,1056745520
AQOJBALV,code,L,70004730,ST,2006-01-07T18:45,2006-01-07T20:45,LYS,1056745520
XHOQZCOE,code,L,70004725,ST,2006-01-07T09:10,2006-01-07T11:25,NTE,1056745520
XHOQZCOE,code,L,70004705,ST,2006-01-07T15:00,2006-01-07T16:05,LYS,1056745520
XHOQZCOE,code,L,70004706,ST,2006-01-07T16:55,2006-01-07T17:55,TLS,1056745520
XHOQZCOE,code,L,70004730,ST,2006-01-07T18:45,2006-01-07T20:45,LYS,1056745520
GGNMLPXL,code,L,70004725,ST,2006-01-07T09:10,2006-01-07T11:25,NTE,1056745520
GGNMLPXL,code,L,70004705,ST,2006-01-07T15:00,2006-01-07T16:05,LYS,1056745520
GGNMLPXL,code,L,70004706,ST,2006-01-07T16:55,2006-01-07T17:55,TLS,1056745520
GGNMLPXL,code,L,70004730,ST,2006-01-07T18:45,2006-01-07T20:45,LYS,1056745520
PILKDFKR,code,L,70002886,CP,2006-01-07T09:30,2006-01-07T11:50,MRS,669806174
PILKDFKR,code,L,70002919,CP,2006-01-07T12:35,2006-01-07T13:50,ORY,669806174
PILKDFKR,code,L,70002896,CP,2006-01-07T14:30,2006-01-07T15:50,MRS,669806174
PILKDFKR,code,L,70002899,CP,2006-01-07T16:35,2006-01-07T18:35,ORY,669806174
OJLJBYQA,code,L,70002886,FO,2006-01-07T09:30,2006-01-07T11:50,MRS,669806174
OJLJBYQA,code,L,70002919,FO,2006-01-07T12:35,2006-01-07T13:50,ORY,669806174
OJLJBYQA,code,L,70002896,FO,2006-01-07T14:30,2006-01-07T15:50,MRS,669806174
OJLJBYQA,code,L,70002899,FO,2006-01-07T16:35,2006-01-07T18:35,ORY,669806174
SFHECIQT,code,L,70002886,CS,2006-01-07T09:30,2006-01-07T11:50,MRS,669806174
SFHECIQT,code,L,70002919,CS,2006-01-07T12:35,2006-01-07T13:50,ORY,669806174
SFHECIQT,code,L,70002896,CS,2006-01-07T14:30,2006-01-07T15:50,MRS,669806174
SFHECIQT,code,L,70002899,CS,2006-01-07T16:35,2006-01-07T18:35,ORY,669806174
SDMKTGWH,code,L,70002886,CS,2006-01-07T09:30,2006-01-07T11:50,MRS,669806174
SDMKTGWH,code,L,70002919,CS,2006-01-07T12:35,2006-01-07T13:50,ORY,669806174
SDMKTGWH,code,L,70002896,CS,2006-01-07T14:30,2006-01-07T15:50,MRS,669806174
SDMKTGWH,code,L,70002899,CS,2006-01-07T16:35,2006-01-07T18:35,ORY,669806174
EZBRXQZW,code,L,70002886,ST,2006-01-07T09:30,2006-01-07T11:50,MRS,669806174
EZBRXQZW,code,L,70002919,ST,2006-01-07T12:35,2006-01-07T13:50,ORY,669806174
EZBRXQZW,code,L,70002896,ST,2006-01-07T14:30,2006-01-07T15:50,MRS,669806174
EZBRXQZW,code,L,70002899,ST,2006-01-07T16:35,2006-01-07T18:35,ORY,669806174
APKBHJRU,code,L,70002886,ST,2006-01-07T09:30,2006-01-07T11:50,MRS,669806174
APKBHJRU,code,L,70002919,ST,2006-01-07T12:35,2006-01-07T13:50,ORY,669806174
APKBHJRU,code,L,70002896,ST,2006-01-07T14:30,2006-01-07T15:50,MRS,669806174
APKBHJRU,code,L,70002899,ST,2006-01-07T16:35,2006-01-07T18:35,ORY,669806174
FLHPDKUR,code,L,70002886,ST,2006-01-07T09:30,2006-01-07T11:50,MRS,669806174
FLHPDKUR,code,L,70002919,ST,2006-01-07T12:35,2006-01-07T13:50,ORY,669806174
FLHPDKUR,code,L,70002896,ST,2006-01-07T14:30,2006-01-07T15:50,MRS,669806174
FLHPDKUR,code,L,70002899,ST,2006-01-07T16:35,2006-01-07T18:35,ORY,669806174
MRQPCEOP,code,L,70002886,ST,2006-01-07T09:30,2006-01-07T11:50,MRS,669806174
MRQPCEOP,code,L,70002919,ST,2006-01-07T12:35,2006-01-07T13:50,ORY,669806174
MRQPCEOP,code,L,70002896,ST,2006-01-07T14:30,2006-01-07T15:50,MRS,669806174
MRQPCEOP,code,L,70002899,ST,2006-01-07T16:35,2006-01-07T18:35,ORY,669806174
SJZZZQKB,code,L,70002886,ST,2006-01-07T09:30,2006-01-07T11:50,MRS,669806174
SJZZZQKB,code,L,70002919,ST,2006-01-07T12:35,2006-01-07T13:50,ORY,669806174
SJZZZQKB,code,L,70002896,ST,2006-01-07T14:30,2006-01-07T15:50,MRS,669806174
SJZZZQKB,code,L,70002899,ST,2006-01-07T16:35,2006-01-07T18:35,ORY,669806174
HZEFUUGF,code,L,70002886,ST,2006-01-07T09:30,2006-01-07T11:50,MRS,669806174
HZEFUUGF,code,L,70002919,ST,2006-01-07T12:35,2006-01-07T13:50,ORY,669806174
HZEFUUGF,code,L,70002896,ST,2006-01-07T14:30,2006-01-07T15:50,MRS,669806174
HZEFUUGF,code,L,70002899,ST,2006-01-07T16:35,2006-01-07T18:35,ORY,669806174
CVHZQWRH,code,L,70004624,CP,2006-01-07T09:30,2006-01-07T11:40,SXB,147048153
CVHZQWRH,code,L,70004627,CP,2006-01-07T13:10,2006-01-07T14:20,CDG,147048153
CVHZQWRH,code,L,70004628,CP,2006-01-07T15:15,2006-01-07T16:25,SXB,147048153
CVHZQWRH,code,L,70004631,CP,2006-01-07T17:45,2006-01-07T19:35,CDG,147048153
SQWYLYFP,code,L,70004624,FO,2006-01-07T09:30,2006-01-07T11:40,SXB,147048153
SQWYLYFP,code,L,70004627,FO,2006-01-07T13:10,2006-01-07T14:20,CDG,147048153
SQWYLYFP,code,L,70004628,FO,2006-01-07T15:15,2006-01-07T16:25,SXB,147048153
SQWYLYFP,code,L,70004631,FO,2006-01-07T17:45,2006-01-07T19:35,CDG,147048153
WXPLZJDU,code,L,70004624,CSD,2006-01-07T09:30,2006-01-07T11:40,SXB,147048153
WXPLZJDU,code,L,70004627,CSD,2006-01-07T13:10,2006-01-07T14:20,CDG,147048153
WXPLZJDU,code,L,70004628,CSD,2006-01-07T15:15,2006-01-07T16:25,SXB,147048153
WXPLZJDU,code,L,70004631,CSD,2006-01-07T17:45,2006-01-07T19:35,CDG,147048153
ICUVGEYY,code,L,70004624,ST,2006-01-07T09:30,2006-01-07T11:40,SXB,147048153
ICUVGEYY,code,L,70004627,ST,2006-01-07T13:10,2006-01-07T14:20,CDG,147048153
ICUVGEYY,code,L,70004628,ST,2006-01-07T15:15,2006-01-07T16:25,SXB,147048153
ICUVGEYY,code,L,70004631,ST,2006-01-07T17:45,2006-01-07T19:35,CDG,147048153
BVKMLUCI,code,L,70004624,ST,2006-01-07T09:30,2006-01-07T11:40,SXB,147048153
BVKMLUCI,code,L,70004627,ST,2006-01-07T13:10,2006-01-07T14:20,CDG,147048153
BVKMLUCI,code,L,70004628,ST,2006-01-07T15:15,2006-01-07T16:25,SXB,147048153
BVKMLUCI,code,L,70004631,ST,2006-01-07T17:45,2006-01-07T19:35,CDG,147048153
WKLYLQRR,code,L,70003097,CP,2006-01-07T09:35,2006-01-07T11:55,ORY,1501726364
WKLYLQRR,code,L,70003086,CP,2006-01-07T12:35,2006-01-07T14:00,NCE,1501726364
WKLYLQRR,code,L,70003127,CP,2006-01-07T15:10,2006-01-07T16:15,ORY,1501726364
WKLYLQRR,code,L,70003134,CP,2006-01-07T17:05,2006-01-07T19:00,BOD,1501726364
VLOSYEQB,code,L,70003097,FO,2006-01-07T09:35,2006-01-07T11:55,ORY,1501726364
VLOSYEQB,code,L,70003086,FO,2006-01-07T12:35,2006-01-07T14:00,NCE,1501726364
VLOSYEQB,code,L,70003127,FO,2006-01-07T15:10,2006-01-07T16:15,ORY,1501726364
VLOSYEQB,code,L,70003134,FO,2006-01-07T17:05,2006-01-07T19:00,BOD,1501726364
DWDDQOEK,code,L,70003097,CS,2006-01-07T09:35,2006-01-07T11:55,ORY,1501726364
DWDDQOEK,code,L,70003086,CS,2006-01-07T12:35,2006-01-07T14:00,NCE,1501726364
DWDDQOEK,code,L,70003127,CS,2006-01-07T15:10,2006-01-07T16:15,ORY,1501726364
DWDDQOEK,code,L,70003134,CS,2006-01-07T17:05,2006-01-07T19:00,BOD,1501726364
VEBMEFQQ,code,L,70003097,CS,2006-01-07T09:35,2006-01-07T11:55,ORY,1501726364
VEBMEFQQ,code,L,70003086,CS,2006-01-07T12:35,2006-01-07T14:00,NCE,1501726364
VEBMEFQQ,code,L,70003127,CS,2006-01-07T15:10,2006-01-07T16:15,ORY,1501726364
VEBMEFQQ,code,L,70003134,CS,2006-01-07T17:05,2006-01-07T19:00,BOD,1501726364
YFVWJWTX,code,L,70003097,ST,2006-01-07T09:35,2006-01-07T11:55,ORY,1501726364
YFVWJWTX,code,L,70003086,ST,2006-01-07T12:35,2006-01-07T14:00,NCE,1501726364
YFVWJWTX,code,L,70003127,ST,2006-01-07T15:10,2006-01-07T16:15,ORY,1501726364
YFVWJWTX,code,L,70003134,ST,2006-01-07T17:05,2006-01-07T19:00,BOD,1501726364
PWHZRTIW,code,L,70003097,ST,2006-01-07T09:35,2006-01-07T11:55,ORY,1501726364
PWHZRTIW,code,L,70003086,ST,2006-01-07T12:35,2006-01-07T14:00,NCE,1501726364
PWHZRTIW,code,L,70003127,ST,2006-01-07T15:10,2006-01-07T16:15,ORY,1501726364
PWHZRTIW,code,L,70003134,ST,2006-01-07T17:05,2006-01-07T19:00,BOD,1501726364
VJKTQFXG,code,L,70003097,ST,2006-01-07T09:35,2006-01-07T11:55,ORY,1501726364
VJKTQFXG,code,L,70003086,ST,2006-01-07T12:35,2006-01-07T14:00,NCE,1501726364
VJKTQFXG,code,L,70003127,ST,2006-01-07T15:10,2006-01-07T16:15,ORY,1501726364
VJKTQFXG,code,L,70003134,ST,2006-01-07T17:05,2006-01-07T19:00,BOD,1501726364
ARILIJKP,code,L,70003097,ST,2006-01-07T09:35,2006-01-07T11:55,ORY,1501726364
ARILIJKP,code,L,70003086,ST,2006-01-07T12:35,2006-01-07T14:00,NCE,1501726364
ARILIJKP,code,L,70003127,ST,2006-01-07T15:10,2006-01-07T16:15,ORY,1501726364
ARILIJKP,code,L,70003134,ST,2006-01-07T17:05,2006-01-07T19:00,BOD,1501726364
IZNTBHBA,code,L,70003097,ST,2006-01-07T09:35,2006-01-07T11:55,ORY,1501726364
IZNTBHBA,code,L,70003086,ST,2006-01-07T12:35,2006-01-07T14:00,NCE,1501726364
IZNTBHBA,code,L,70003127,ST,2006-01-07T15:10,2006-01-07T16:15,ORY,1501726364
IZNTBHBA,code,L,70003134,ST,2006-01-07T17:05,2006-01-07T19:00,BOD,1501726364
SYTZBJME,code,L,70003097,ST,2006-01-07T09:35,2006-01-07T11:55,ORY,1501726364
SYTZBJME,code,L,70003086,ST,2006-01-07T12:35,2006-01-07T14:00,NCE,1501726364
SYTZBJME,code,L,70003127,ST,2006-01-07T15:10,2006-01-07T16:15,ORY,1501726364
SYTZBJME,code,L,70003134,ST,2006-01-07T17:05,2006-01-07T19:00,BOD,1501726364
FZTUGUFF,code,L,70002982,CP,2006-01-07T09:40,2006-01-07T12:00,TLS,259488708
FZTUGUFF,code,L,70002985,CP,2006-01-07T12:50,2006-01-07T14:00,ORY,259488708
FZTUGUFF,code,L,70002992,CP,2006-01-07T14:40,2006-01-07T16:00,TLS,259488708
FZTUGUFF,code,L,70002999,CP,2006-01-07T16:50,2006-01-07T18:45,ORY,259488708
YDFFPGWX,code,L,70002982,FO,2006-01-07T09:40,2006-01-07T12:00,TLS,259488708
YDFFPGWX,code,L,70002985,FO,2006-01-07T12:50,2006-01-07T14:00,ORY,259488708
YDFFPGWX,code,L,70002992,FO,2006-01-07T14:40,2006-01-07T16:00,TLS,259488708
YDFFPGWX,code,L,70002999,FO,2006-01-07T16:50,2006-01-07T18:45,ORY,259488708
RTKAWQFD,code,L,70002982,CS,2006-01-07T09:40,2006-01-07T12:00,TLS,259488708
RTKAWQFD,code,L,70002985,CS,2006-01-07T12:50,2006-01-07T14:00,ORY,259488708
RTKAWQFD,code,L,70002992,CS,2006-01-07T14:40,2006-01-07T16:00,TLS,259488708
RTKAWQFD,code,L,70002999,CS,2006-01-07T16:50,2006-01-07T18:45,ORY,259488708
QBPTOLHA,code,L,70002982,CS,2006-01-07T09:40,2006-01-07T12:00,TLS,259488708
QBPTOLHA,code,L,70002985,CS,2006-01-07T12:50,2006-01-07T14:00,ORY,259488708
QBPTOLHA,code,L,70002992,CS,2006-01-07T14:40,2006-01-07T16:00,TLS,259488708
QBPTOLHA,code,L,70002999,CS,2006-01-07T16:50,2006-01-07T18:45,ORY,259488708
LWUEEMFS,code,L,70002982,ST,2006-01-07T09:40,2006-01-07T12:00,TLS,259488708
LWUEEMFS,code,L,70002985,ST,2006-01-07T12:50,2006-01-07T14:00,ORY,259488708
LWUEEMFS,code,L,70002992,ST,2006-01-07T14:40,2006-01-07T16:00,TLS,259488708
LWUEEMFS,code,L,70002999,ST,2006-01-07T16:50,2006-01-07T18:45,ORY,259488708
DARKVXZE,code,L,70002982,ST,2006-01-07T09:40,2006-01-07T12:00,TLS,259488708
DARKVXZE,code,L,70002985,ST,2006-01-07T12:50,2006-01-07T14:00,ORY,259488708
DARKVXZE,code,L,70002992,ST,2006-01-07T14:40,2006-01-07T16:00,TLS,259488708
DARKVXZE,code,L,70002999,ST,2006-01-07T16:50,2006-01-07T18:45,ORY,259488708
MCFCBEPC,code,L,70002982,ST,2006-01-07T09:40,2006-01-07T12:00,TLS,259488708
MCFCBEPC,code,L,70002985,ST,2006-01-07T12:50,2006-01-07T14:00,ORY,259488708
MCFCBEPC,code,L,70002992,ST,2006-01-07T14:40,2006-01-07T16:00,TLS,259488708
MCFCBEPC,code,L,70002999,ST,2006-01-07T16:50,2006-01-07T18:45,ORY,259488708
IVPWXIOE,code,L,70002982,ST,2006-01-07T09:40,2006-01-07T12:00,TLS,259488708
IVPWXIOE,code,L,70002985,ST,2006-01-07T12:50,2006-01-07T14:00,ORY,259488708
IVPWXIOE,code,L,70002992,ST,2006-01-07T14:40,2006-01-07T16:00,TLS,259488708
IVPWXIOE,code,L,70002999,ST,2006-01-07T16:50,2006-01-07T18:45,ORY,259488708
QZNZTLOY,code,L,70002982,ST,2006-01-07T09:40,2006-01-07T12:00,TLS,259488708
QZNZTLOY,code,L,70002985,ST,2006-01-07T12:50,2006-01-07T14:00,ORY,259488708
QZNZTLOY,code,L,70002992,ST,2006-01-07T14:40,2006-01-07T16:00,TLS,259488708
QZNZTLOY,code,L,70002999,ST,2006-01-07T16:50,2006-01-07T18:45,ORY,259488708
VMFCZFJQ,code,L,70002982,ST,2006-01-07T09:40,2006-01-07T12:00,TLS,259488708
VMFCZFJQ,code,L,70002985,ST,2006-01-07T12:50,2006-01-07T14:00,ORY,259488708
VMFCZFJQ,code,L,70002992,ST,2006-01-07T14:40,2006-01-07T16:00,TLS,259488708
VMFCZFJQ,code,L,70002999,ST,2006-01-07T16:50,2006-01-07T18:45,ORY,259488708
AHVQYTHX,code,L,70002981,CP,2006-01-07T09:50,2006-01-07T12:00,ORY,1372239857
AHVQYTHX,code,L,70002986,CP,2006-01-07T12:40,2006-01-07T14:00,TLS,1372239857
AHVQYTHX,code,L,70002991,CP,2006-01-07T14:50,2006-01-07T16:00,ORY,1372239857
AHVQYTHX,code,L,70003000,CP,2006-01-07T16:40,2006-01-07T18:45,TLS,1372239857
IBHIRYGK,code,L,70002981,FO,2006-01-07T09:50,2006-01-07T12:00,ORY,1372239857
IBHIRYGK,code,L,70002986,FO,2006-01-07T12:40,2006-01-07T14:00,TLS,1372239857
IBHIRYGK,code,L,70002991,FO,2006-01-07T14:50,2006-01-07T16:00,ORY,1372239857
IBHIRYGK,code,L,70003000,FO,2006-01-07T16:40,2006-01-07T18:45,TLS,1372239857
EVFIZYYP,code,L,70002981,CS,2006-01-07T09:50,2006-01-07T12:00,ORY,1372239857
EVFIZYYP,code,L,70002986,CS,2006-01-07T12:40,2006-01-07T14:00,TLS,1372239857
EVFIZYYP,code,L,70002991,CS,2006-01-07T14:50,2006-01-07T16:00,ORY,1372239857
EVFIZYYP,code,L,70003000,CS,2006-01-07T16:40,2006-01-07T18:45,TLS,1372239857
CKSVJGFR,code,L,70002981,CS,2006-01-07T09:50,2006-01-07T12:00,ORY,1372239857
CKSVJGFR,code,L,70002986,CS,2006-01-07T12:40,2006-01-07T14:00,TLS,1372239857
CKSVJGFR,code,L,70002991,CS,2006-01-07T14:50,2006-01-07T16:00,ORY,1372239857
CKSVJGFR,code,L,70003000,CS,2006-01-07T16:40,2006-01-07T18:45,TLS,1372239857
TMPIMHQC,code,L,70002981,ST,2006-01-07T09:50,2006-01-07T12:00,ORY,1372239857
TMPIMHQC,code,L,70002986,ST,2006-01-07T12:40,2006-01-07T14:00,TLS,1372239857
TMPIMHQC,code,L,70002991,ST,2006-01-07T14:50,2006-01-07T16:00,ORY,1372239857
TMPIMHQC,code,L,70003000,ST,2006-01-07T16:40,2006-01-07T18:45,TLS,1372239857
GAQAGKMP,code,L,70002981,ST,2006-01-07T09:50,2006-01-07T12:00,ORY,1372239857
GAQAGKMP,code,L,70002986,ST,2006-01-07T12:40,2006-01-07T14:00,TLS,1372239857
GAQAGKMP,code,L,70002991,ST,2006-01-07T14:50,2006-01-07T16:00,ORY,1372239857
GAQAGKMP,code,L,70003000,ST,2006-01-07T16:40,2006-01-07T18:45,TLS,1372239857
TGYTWECK,code,L,70002981,ST,2006-01-07T09:50,2006-01-07T12:00,ORY,1372239857
TGYTWECK,code,L,70002986,ST,2006-01-07T12:40,2006-01-07T14:00,TLS,1372239857
TGYTWECK,code,L,70002991,ST,2006-01-07T14:50,2006-01-07T16:00,ORY,1372239857
TGYTWECK,code,L,70003000,ST,2006-01-07T16:40,2006-01-07T18:45,TLS,1372239857
LMPBPLEL,code,L,70002981,ST,2006-01-07T09:50,2006-01-07T12:00,ORY,1372239857
LMPBPLEL,code,L,70002986,ST,2006-01-07T12:40,2006-01-07T14:00,TLS,1372239857
LMPBPLEL,code,L,70002991,ST,2006-01-07T14:50,2006-01-07T16:00,ORY,1372239857
LMPBPLEL,code,L,70003000,ST,2006-01-07T16:40,2006-01-07T18:45,TLS,1372239857
FUTOOCJS,code,L,70002981,ST,2006-01-07T09:50,2006-01-07T12:00,ORY,1372239857
FUTOOCJS,code,L,70002986,ST,2006-01-07T12:40,2006-01-07T14:00,TLS,1372239857
FUTOOCJS,code,L,70002991,ST,2006-01-07T14:50,2006-01-07T16:00,ORY,1372239857
FUTOOCJS,code,L,70003000,ST,2006-01-07T16:40,2006-01-07T18:45,TLS,1372239857
RCETAFHJ,code,L,70002981,ST,2006-01-07T09:50,2006-01-07T12:00,ORY,1372239857
RCETAFHJ,code,L,70002986,ST,2006-01-07T12:40,2006-01-07T14:00,TLS,1372239857
RCETAFHJ,code,L,70002991,ST,2006-01-07T14:50,2006-01-07T16:00,ORY,1372239857
RCETAFHJ,code,L,70003000,ST,2006-01-07T16:40,2006-01-07T18:45,TLS,1372239857
YYBONEDB,code,L,70004516,CP,2006-01-07T09:55,2006-01-07T12:05,LYS,830250430
YYBONEDB,code,L,70004509,CP,2006-01-07T13:10,2006-01-07T14:20,CDG,830250430
YYBONEDB,code,L,70004510,CP,2006-01-07T16:15,2006-01-07T17:25,LYS,830250430
YYBONEDB,code,L,70004513,CP,2006-01-07T20:30,2006-01-07T22:25,CDG,830250430
KKLFMNBP,code,L,70004516,FO,2006-01-07T09:55,2006-01-07T12:05,LYS,830250430
KKLFMNBP,code,L,70004509,FO,2006-01-07T13:10,2006-01-07T14:20,CDG,830250430
KKLFMNBP,code,L,70004510,FO,2006-01-07T16:15,2006-01-07T17:25,LYS,830250430
KKLFMNBP,code,L,70004513,FO,2006-01-07T20:30,2006-01-07T22:25,CDG,830250430
LKEOEKQV,code,L,70004516,CS,2006-01-07T09:55,2006-01-07T12:05,LYS,830250430
LKEOEKQV,code,L,70004509,CS,2006-01-07T13:10,2006-01-07T14:20,CDG,830250430
LKEOEKQV,code,L,70004510,CS,2006-01-07T16:15,2006-01-07T17:25,LYS,830250430
LKEOEKQV,code,L,70004513,CS,2006-01-07T20:30,2006-01-07T22:25,CDG,830250430
IFYNFABT,code,L,70004516,CS,2006-01-07T09:55,2006-01-07T12:05,LYS,830250430
IFYNFABT,code,L,70004509,CS,2006-01-07T13:10,2006-01-07T14:20,CDG,830250430
IFYNFABT,code,L,70004510,CS,2006-01-07T16:15,2006-01-07T17:25,LYS,830250430
IFYNFABT,code,L,70004513,CS,2006-01-07T20:30,2006-01-07T22:25,CDG,830250430
LECDIKYM,code,L,70004516,ST,2006-01-07T09:55,2006-01-07T12:05,LYS,830250430
LECDIKYM,code,L,70004509,ST,2006-01-07T13:10,2006-01-07T14:20,CDG,830250430
LECDIKYM,code,L,70004510,ST,2006-01-07T16:15,2006-01-07T17:25,LYS,830250430
LECDIKYM,code,L,70004513,ST,2006-01-07T20:30,2006-01-07T22:25,CDG,830250430
TLVQPZPX,code,L,70004516,ST,2006-01-07T09:55,2006-01-07T12:05,LYS,830250430
TLVQPZPX,code,L,70004509,ST,2006-01-07T13:10,2006-01-07T14:20,CDG,830250430
TLVQPZPX,code,L,70004510,ST,2006-01-07T16:15,2006-01-07T17:25,LYS,830250430
TLVQPZPX,code,L,70004513,ST,2006-01-07T20:30,2006-01-07T22:25,CDG,830250430
WEWMYBDC,code,L,70004516,ST,2006-01-07T09:55,2006-01-07T12:05,LYS,830250430
WEWMYBDC,code,L,70004509,ST,2006-01-07T13:10,2006-01-07T14:20,CDG,830250430
WEWMYBDC,code,L,70004510,ST,2006-01-07T16:15,2006-01-07T17:25,LYS,830250430
WEWMYBDC,code,L,70004513,ST,2006-01-07T20:30,2006-01-07T22:25,CDG,830250430
RXTDXDPH,code,L,70004516,ST,2006-01-07T09:55,2006-01-07T12:05,LYS,830250430
RXTDXDPH,code,L,70004509,ST,2006-01-07T13:10,2006-01-07T14:20,CDG,830250430
RXTDXDPH,code,L,70004510,ST,2006-01-07T16:15,2006-01-07T17:25,LYS,830250430
RXTDXDPH,code,L,70004513,ST,2006-01-07T20:30,2006-01-07T22:25,CDG,830250430
YCTFPEFB,code,L,70004516,ST,2006-01-07T09:55,2006-01-07T12:05,LYS,830250430
YCTFPEFB,code,L,70004509,ST,2006-01-07T13:10,2006-01-07T14:20,CDG,830250430
YCTFPEFB,code,L,70004510,ST,2006-01-07T16:15,2006-01-07T17:25,LYS,830250430
YCTFPEFB,code,L,70004513,ST,2006-01-07T20:30,2006-01-07T22:25,CDG,830250430
GEVZHIDT,code,L,70004516,ST,2006-01-07T09:55,2006-01-07T12:05,LYS,830250430
GEVZHIDT,code,L,70004509,ST,2006-01-07T13:10,2006-01-07T14:20,CDG,830250430
GEVZHIDT,code,L,70004510,ST,2006-01-07T16:15,2006-01-07T17:25,LYS,830250430
GEVZHIDT,code,L,70004513,ST,2006-01-07T20:30,2006-01-07T22:25,CDG,830250430
CUBDPQTH,code,L,70003075,CP,2006-01-07T10:00,2006-01-07T12:20,ORY,217468053
CUBDPQTH,code,L,70003080,CP,2006-01-07T13:05,2006-01-07T14:30,NCE,217468053
CUBDPQTH,code,L,70003083,CP,2006-01-07T15:00,2006-01-07T16:20,ORY,217468053
CUBDPQTH,code,L,70003090,CP,2006-01-07T17:05,2006-01-07T19:15,NCE,217468053
BLQEQAON,code,L,70003075,FO,2006-01-07T10:00,2006-01-07T12:20,ORY,217468053
BLQEQAON,code,L,70003080,FO,2006-01-07T13:05,2006-01-07T14:30,NCE,217468053
BLQEQAON,code,L,70003083,FO,2006-01-07T15:00,2006-01-07T16:20,ORY,217468053
BLQEQAON,code,L,70003090,FO,2006-01-07T17:05,2006-01-07T19:15,NCE,217468053
ZYXJMZCT,code,L,70003075,CS,2006-01-07T10:00,2006-01-07T12:20,ORY,217468053
ZYXJMZCT,code,L,70003080,CS,2006-01-07T13:05,2006-01-07T14:30,NCE,217468053
ZYXJMZCT,code,L,70003083,CS,2006-01-07T15:00,2006-01-07T16:20,ORY,217468053
ZYXJMZCT,code,L,70003090,CS,2006-01-07T17:05,2006-01-07T19:15,NCE,217468053
EPGSPAQB,code,L,70003075,CS,2006-01-07T10:00,2006-01-07T12:20,ORY,217468053
EPGSPAQB,code,L,70003080,CS,2006-01-07T13:05,2006-01-07T14:30,NCE,217468053
EPGSPAQB,code,L,70003083,CS,2006-01-07T15:00,2006-01-07T16:20,ORY,217468053
EPGSPAQB,code,L,70003090,CS,2006-01-07T17:05,2006-01-07T19:15,NCE,217468053
ZVADXZOD,code,L,70003075,ST,2006-01-07T10:00,2006-01-07T12:20,ORY,217468053
ZVADXZOD,code,L,70003080,ST,2006-01-07T13:05,2006-01-07T14:30,NCE,217468053
ZVADXZOD,code,L,70003083,ST,2006-01-07T15:00,2006-01-07T16:20,ORY,217468053
ZVADXZOD,code,L,70003090,ST,2006-01-07T17:05,2006-01-07T19:15,NCE,217468053
YYZQYNAV,code,L,70003075,ST,2006-01-07T10:00,2006-01-07T12:20,ORY,217468053
YYZQYNAV,code,L,70003080,ST,2006-01-07T13:05,2006-01-07T14:30,NCE,217468053
YYZQYNAV,code,L,70003083,ST,2006-01-07T15:00,2006-01-07T16:20,ORY,217468053
YYZQYNAV,code,L,70003090,ST,2006-01-07T17:05,2006-01-07T19:15,NCE,217468053
MCFTVSUB,code,L,70003075,ST,2006-01-07T10:00,2006-01-07T12:20,ORY,217468053
MCFTVSUB,code,L,70003080,ST,2006-01-07T13:05,2006-01-07T14:30,NCE,217468053
MCFTVSUB,code,L,70003083,ST,2006-01-07T15:00,2006-01-07T16:20,ORY,217468053
MCFTVSUB,code,L,70003090,ST,2006-01-07T17:05,2006-01-07T19:15,NCE,217468053
NTMDQXOX,code,L,70003075,ST,2006-01-07T10:00,2006-01-07T12:20,ORY,217468053
NTMDQXOX,code,L,70003080,ST,2006-01-07T13:05,2006-01-07T14:30,NCE,217468053
NTMDQXOX,code,L,70003083,ST,2006-01-07T15:00,2006-01-07T16:20,ORY,217468053
NTMDQXOX,code,L,70003090,ST,2006-01-07T17:05,2006-01-07T19:15,NCE,217468053
JSONISWV,code,L,70003075,ST,2006-01-07T10:00,2006-01-07T12:20,ORY,217468053
JSONISWV,code,L,70003080,ST,2006-01-07T13:05,2006-01-07T14:30,NCE,217468053
JSONISWV,code,L,70003083,ST,2006-01-07T15:00,2006-01-07T16:20,ORY,217468053
JSONISWV,code,L,70003090,ST,2006-01-07T17:05,2006-01-07T19:15,NCE,217468053
YLKPRVVI,code,L,70003075,ST,2006-01-07T10:00,2006-01-07T12:20,ORY,217468053
YLKPRVVI,code,L,70003080,ST,2006-01-07T13:05,2006-01-07T14:30,NCE,217468053
YLKPRVVI,code,L,70003083,ST,2006-01-07T15:00,2006-01-07T16:20,ORY,217468053
YLKPRVVI,code,L,70003090,ST,2006-01-07T17:05,2006-01-07T19:15,NCE,217468053
JMBRQRKT,code,L,70001378,CP,2006-01-07T10:00,2006-01-07T12:35,BIA,759101347
JMBRQRKT,code,L,70001375,CP,2006-01-07T13:25,2006-01-07T15:00,ORY,759101347
JMBRQRKT,code,L,70001380,CP,2006-01-07T15:50,2006-01-07T17:25,BIA,759101347
JMBRQRKT,code,L,70001377,CP,2006-01-07T19:00,2006-01-07T21:20,ORY,759101347
RUPUJUNH,code,L,70001378,FO,2006-01-07T10:00,2006-01-07T12:35,BIA,759101347
RUPUJUNH,code,L,70001375,FO,2006-01-07T13:25,2006-01-07T15:00,ORY,759101347
RUPUJUNH,code,L,70001380,FO,2006-01-07T15:50,2006-01-07T17:25,BIA,759101347
RUPUJUNH,code,L,70001377,FO,2006-01-07T19:00,2006-01-07T21:20,ORY,759101347
ZGONKRPC,code,L,70001378,CS,2006-01-07T10:00,2006-01-07T12:35,BIA,759101347
ZGONKRPC,code,L,70001375,CS,2006-01-07T13:25,2006-01-07T15:00,ORY,759101347
ZGONKRPC,code,L,70001380,CS,2006-01-07T15:50,2006-01-07T17:25,BIA,759101347
ZGONKRPC,code,L,70001377,CS,2006-01-07T19:00,2006-01-07T21:20,ORY,759101347
KLHTNVRA,code,L,70001378,CS,2006-01-07T10:00,2006-01-07T12:35,BIA,759101347
KLHTNVRA,code,L,70001375,CS,2006-01-07T13:25,2006-01-07T15:00,ORY,759101347
KLHTNVRA,code,L,70001380,CS,2006-01-07T15:50,2006-01-07T17:25,BIA,759101347
KLHTNVRA,code,L,70001377,CS,2006-01-07T19:00,2006-01-07T21:20,ORY,759101347
ZZSWYXED,code,L,70001378,ST,2006-01-07T10:00,2006-01-07T12:35,BIA,759101347
ZZSWYXED,code,L,70001375,ST,2006-01-07T13:25,2006-01-07T15:00,ORY,759101347
ZZSWYXED,code,L,70001380,ST,2006-01-07T15:50,2006-01-07T17:25,BIA,759101347
ZZSWYXED,code,L,70001377,ST,2006-01-07T19:00,2006-01-07T21:20,ORY,759101347
VPTLCVND,code,L,70001378,ST,2006-01-07T10:00,2006-01-07T12:35,BIA,759101347
VPTLCVND,code,L,70001375,ST,2006-01-07T13:25,2006-01-07T15:00,ORY,759101347
VPTLCVND,code,L,70001380,ST,2006-01-07T15:50,2006-01-07T17:25,BIA,759101347
VPTLCVND,code,L,70001377,ST,2006-01-07T19:00,2006-01-07T21:20,ORY,759101347
OAEURGMK,code,L,70001378,ST,2006-01-07T10:00,2006-01-07T12:35,BIA,759101347
OAEURGMK,code,L,70001375,ST,2006-01-07T13:25,2006-01-07T15:00,ORY,759101347
OAEURGMK,code,L,70001380,ST,2006-01-07T15:50,2006-01-07T17:25,BIA,759101347
OAEURGMK,code,L,70001377,ST,2006-01-07T19:00,2006-01-07T21:20,ORY,759101347
BCEYLBDT,code,L,70001378,ST,2006-01-07T10:00,2006-01-07T12:35,BIA,759101347
BCEYLBDT,code,L,70001375,ST,2006-01-07T13:25,2006-01-07T15:00,ORY,759101347
BCEYLBDT,code,L,70001380,ST,2006-01-07T15:50,2006-01-07T17:25,BIA,759101347
BCEYLBDT,code,L,70001377,ST,2006-01-07T19:00,2006-01-07T21:20,ORY,759101347
RMERVJQF,code,L,70001378,ST,2006-01-07T10:00,2006-01-07T12:35,BIA,759101347
RMERVJQF,code,L,70001375,ST,2006-01-07T13:25,2006-01-07T15:00,ORY,759101347
RMERVJQF,code,L,70001380,ST,2006-01-07T15:50,2006-01-07T17:25,BIA,759101347
RMERVJQF,code,L,70001377,ST,2006-01-07T19:00,2006-01-07T21:20,ORY,759101347
KJXRHBJH,code,L,70001378,ST,2006-01-07T10:00,2006-01-07T12:35,BIA,759101347
KJXRHBJH,code,L,70001375,ST,2006-01-07T13:25,2006-01-07T15:00,ORY,759101347
KJXRHBJH,code,L,70001380,ST,2006-01-07T15:50,2006-01-07T17:25,BIA,759101347
KJXRHBJH,code,L,70001377,ST,2006-01-07T19:00,2006-01-07T21:20,ORY,759101347
ELPRIBNN,code,L,70005125,CP,2006-01-07T10:00,2006-01-07T13:10,TLS,683093156
ELPRIBNN,code,L,70005126,CP,2006-01-07T14:30,2006-01-07T16:25,AMS,683093156
ELPRIBNN,code,L,70005127,CP,2006-01-07T17:05,2006-01-07T19:15,TLS,683093156
ELPRIBNN,code,L,70005128,CP,2006-01-07T20:05,2006-01-07T22:45,AMS,683093156
MSYJBQQB,code,L,70005125,FO,2006-01-07T10:00,2006-01-07T13:10,TLS,683093156
MSYJBQQB,code,L,70005126,FO,2006-01-07T14:30,2006-01-07T16:25,AMS,683093156
MSYJBQQB,code,L,70005127,FO,2006-01-07T17:05,2006-01-07T19:15,TLS,683093156
MSYJBQQB,code,L,70005128,FO,2006-01-07T20:05,2006-01-07T22:45,AMS,683093156
PPPKXVGS,code,L,70005125,CS,2006-01-07T10:00,2006-01-07T13:10,TLS,683093156
PPPKXVGS,code,L,70005126,CS,2006-01-07T14:30,2006-01-07T16:25,AMS,683093156
PPPKXVGS,code,L,70005127,CS,2006-01-07T17:05,2006-01-07T19:15,TLS,683093156
PPPKXVGS,code,L,70005128,CS,2006-01-07T20:05,2006-01-07T22:45,AMS,683093156
TOSJGXZJ,code,L,70005125,ST,2006-01-07T10:00,2006-01-07T13:10,TLS,683093156
TOSJGXZJ,code,L,70005126,ST,2006-01-07T14:30,2006-01-07T16:25,AMS,683093156
TOSJGXZJ,code,L,70005127,ST,2006-01-07T17:05,2006-01-07T19:15,TLS,683093156
TOSJGXZJ,code,L,70005128,ST,2006-01-07T20:05,2006-01-07T22:45,AMS,683093156
NTOQHIRI,code,L,70005125,ST,2006-01-07T10:00,2006-01-07T13:10,TLS,683093156
NTOQHIRI,code,L,70005126,ST,2006-01-07T14:30,2006-01-07T16:25,AMS,683093156
NTOQHIRI,code,L,70005127,ST,2006-01-07T17:05,2006-01-07T19:15,TLS,683093156
NTOQHIRI,code,L,70005128,ST,2006-01-07T20:05,2006-01-07T22:45,AMS,683093156
QLCKRPYM,code,L,70005165,CP,2006-01-07T10:25,2006-01-07T13:15,BOD,1827753950
QLCKRPYM,code,L,70005093,CP,2006-01-07T14:00,2006-01-07T15:30,AMS,1827753950
QLCKRPYM,code,L,70005094,CP,2006-01-07T16:40,2006-01-07T18:15,CFE,1827753950
QLCKRPYM,code,L,70005166,CP,2006-01-07T19:00,2006-01-07T21:35,AMS,1827753950
BCTRFMWC,code,L,70005165,FO,2006-01-07T10:25,2006-01-07T13:15,BOD,1827753950
BCTRFMWC,code,L,70005093,FO,2006-01-07T14:00,2006-01-07T15:30,AMS,1827753950
BCTRFMWC,code,L,70005094,FO,2006-01-07T16:40,2006-01-07T18:15,CFE,1827753950
BCTRFMWC,code,L,70005166,FO,2006-01-07T19:00,2006-01-07T21:35,AMS,1827753950
PXKRHLUV,code,L,70005165,CS,2006-01-07T10:25,2006-01-07T13:15,BOD,1827753950
PXKRHLUV,code,L,70005093,CS,2006-01-07T14:00,2006-01-07T15:30,AMS,1827753950
PXKRHLUV,code,L,70005094,CS,2006-01-07T16:40,2006-01-07T18:15,CFE,1827753950
PXKRHLUV,code,L,70005166,CS,2006-01-07T19:00,2006-01-07T21:35,AMS,1827753950
OYWVPBZS,code,L,70005165,ST,2006-01-07T10:25,2006-01-07T13:15,BOD,1827753950
OYWVPBZS,code,L,70005093,ST,2006-01-07T14:00,2006-01-07T15:30,AMS,1827753950
OYWVPBZS,code,L,70005094,ST,2006-01-07T16:40,2006-01-07T18:15,CFE,1827753950
OYWVPBZS,code,L,70005166,ST,2006-01-07T19:00,2006-01-07T21:35,AMS,1827753950
SGKAUCPQ,code,L,70005165,ST,2006-01-07T10:25,2006-01-07T13:15,BOD,1827753950
SGKAUCPQ,code,L,70005093,ST,2006-01-07T14:00,2006-01-07T15:30,AMS,1827753950
SGKAUCPQ,code,L,70005094,ST,2006-01-07T16:40,2006-01-07T18:15,CFE,1827753950
SGKAUCPQ,code,L,70005166,ST,2006-01-07T19:00,2006-01-07T21:35,AMS,1827753950
EPVFEDDJ,code,L,70003111,CP,2006-01-07T10:30,2006-01-07T12:50,ORY,200550235
EPVFEDDJ,code,L,70003112,CP,2006-01-07T13:35,2006-01-07T15:00,NCE,200550235
EPVFEDDJ,code,L,70004365,CP,2006-01-07T15:35,2006-01-07T16:55,ORY,200550235
EPVFEDDJ,code,L,70004368,CP,2006-01-07T17:35,2006-01-07T19:45,TLN,200550235
ETPUWWTC,code,L,70003111,FO,2006-01-07T10:30,2006-01-07T12:50,ORY,200550235
ETPUWWTC,code,L,70003112,FO,2006-01-07T13:35,2006-01-07T15:00,NCE,200550235
ETPUWWTC,code,L,70004365,FO,2006-01-07T15:35,2006-01-07T16:55,ORY,200550235
ETPUWWTC,code,L,70004368,FO,2006-01-07T17:35,2006-01-07T19:45,TLN,200550235
FPRYUCKG,code,L,70003111,CS,2006-01-07T10:30,2006-01-07T12:50,ORY,200550235
FPRYUCKG,code,L,70003112,CS,2006-01-07T13:35,2006-01-07T15:00,NCE,200550235
FPRYUCKG,code,L,70004365,CS,2006-01-07T15:35,2006-01-07T16:55,ORY,200550235
FPRYUCKG,code,L,70004368,CS,2006-01-07T17:35,2006-01-07T19:45,TLN,200550235
LJVRWTHL,code,L,70003111,CS,2006-01-07T10:30,2006-01-07T12:50,ORY,200550235
LJVRWTHL,code,L,70003112,CS,2006-01-07T13:35,2006-01-07T15:00,NCE,200550235
LJVRWTHL,code,L,70004365,CS,2006-01-07T15:35,2006-01-07T16:55,ORY,200550235
LJVRWTHL,code,L,70004368,CS,2006-01-07T17:35,2006-01-07T19:45,TLN,200550235
JOSBJKZU,code,L,70003111,ST,2006-01-07T10:30,2006-01-07T12:50,ORY,200550235
JOSBJKZU,code,L,70003112,ST,2006-01-07T13:35,2006-01-07T15:00,NCE,200550235
JOSBJKZU,code,L,70004365,ST,2006-01-07T15:35,2006-01-07T16:55,ORY,200550235
JOSBJKZU,code,L,70004368,ST,2006-01-07T17:35,2006-01-07T19:45,TLN,200550235
PNSRFEUQ,code,L,70003111,ST,2006-01-07T10:30,2006-01-07T12:50,ORY,200550235
PNSRFEUQ,code,L,70003112,ST,2006-01-07T13:35,2006-01-07T15:00,NCE,200550235
PNSRFEUQ,code,L,70004365,ST,2006-01-07T15:35,2006-01-07T16:55,ORY,200550235
PNSRFEUQ,code,L,70004368,ST,2006-01-07T17:35,2006-01-07T19:45,TLN,200550235
JNIUFDKH,code,L,70003111,ST,2006-01-07T10:30,2006-01-07T12:50,ORY,200550235
JNIUFDKH,code,L,70003112,ST,2006-01-07T13:35,2006-01-07T15:00,NCE,200550235
JNIUFDKH,code,L,70004365,ST,2006-01-07T15:35,2006-01-07T16:55,ORY,200550235
JNIUFDKH,code,L,70004368,ST,2006-01-07T17:35,2006-01-07T19:45,TLN,200550235
NSMULBSF,code,L,70003111,ST,2006-01-07T10:30,2006-01-07T12:50,ORY,200550235
NSMULBSF,code,L,70003112,ST,2006-01-07T13:35,2006-01-07T15:00,NCE,200550235
NSMULBSF,code,L,70004365,ST,2006-01-07T15:35,2006-01-07T16:55,ORY,200550235
NSMULBSF,code,L,70004368,ST,2006-01-07T17:35,2006-01-07T19:45,TLN,200550235
UBGFZEYC,code,L,70003111,ST,2006-01-07T10:30,2006-01-07T12:50,ORY,200550235
UBGFZEYC,code,L,70003112,ST,2006-01-07T13:35,2006-01-07T15:00,NCE,200550235
UBGFZEYC,code,L,70004365,ST,2006-01-07T15:35,2006-01-07T16:55,ORY,200550235
UBGFZEYC,code,L,70004368,ST,2006-01-07T17:35,2006-01-07T19:45,TLN,200550235
RZVTYFHR,code,L,70003111,ST,2006-01-07T10:30,2006-01-07T12:50,ORY,200550235
RZVTYFHR,code,L,70003112,ST,2006-01-07T13:35,2006-01-07T15:00,NCE,200550235
RZVTYFHR,code,L,70004365,ST,2006-01-07T15:35,2006-01-07T16:55,ORY,200550235
RZVTYFHR,code,L,70004368,ST,2006-01-07T17:35,2006-01-07T19:45,TLN,200550235
TBJLZLVO,code,L,70002888,CP,2006-01-07T10:30,2006-01-07T12:50,MRS,2052955920
TBJLZLVO,code,L,70002889,CP,2006-01-07T13:35,2006-01-07T14:50,ORY,2052955920
TBJLZLVO,code,L,70002900,CP,2006-01-07T15:30,2006-01-07T16:50,MRS,2052955920
TBJLZLVO,code,L,70002903,CP,2006-01-07T17:35,2006-01-07T19:35,ORY,2052955920
FWVVXMQZ,code,L,70002888,FO,2006-01-07T10:30,2006-01-07T12:50,MRS,2052955920
FWVVXMQZ,code,L,70002889,FO,2006-01-07T13:35,2006-01-07T14:50,ORY,2052955920
FWVVXMQZ,code,L,70002900,FO,2006-01-07T15:30,2006-01-07T16:50,MRS,2052955920
FWVVXMQZ,code,L,70002903,FO,2006-01-07T17:35,2006-01-07T19:35,ORY,2052955920
BIKAQYOT,code,L,70002888,CS,2006-01-07T10:30,2006-01-07T12:50,MRS,2052955920
BIKAQYOT,code,L,70002889,CS,2006-01-07T13:35,2006-01-07T14:50,ORY,2052955920
BIKAQYOT,code,L,70002900,CS,2006-01-07T15:30,2006-01-07T16:50,MRS,2052955920
BIKAQYOT,code,L,70002903,CS,2006-01-07T17:35,2006-01-07T19:35,ORY,2052955920
QRABTLUC,code,L,70002888,CS,2006-01-07T10:30,2006-01-07T12:50,MRS,2052955920
QRABTLUC,code,L,70002889,CS,2006-01-07T13:35,2006-01-07T14:50,ORY,2052955920
QRABTLUC,code,L,70002900,CS,2006-01-07T15:30,2006-01-07T16:50,MRS,2052955920
QRABTLUC,code,L,70002903,CS,2006-01-07T17:35,2006-01-07T19:35,ORY,2052955920
DMAUNHNC,code,L,70002888,ST,2006-01-07T10:30,2006-01-07T12:50,MRS,2052955920
DMAUNHNC,code,L,70002889,ST,2006-01-07T13:35,2006-01-07T14:50,ORY,2052955920
DMAUNHNC,code,L,70002900,ST,2006-01-07T15:30,2006-01-07T16:50,MRS,2052955920
DMAUNHNC,code,L,70002903,ST,2006-01-07T17:35,2006-01-07T19:35,ORY,2052955920
MNTWOEJU,code,L,70002888,ST,2006-01-07T10:30,2006-01-07T12:50,MRS,2052955920
MNTWOEJU,code,L,70002889,ST,2006-01-07T13:35,2006-01-07T14:50,ORY,2052955920
MNTWOEJU,code,L,70002900,ST,2006-01-07T15:30,2006-01-07T16:50,MRS,2052955920
MNTWOEJU,code,L,70002903,ST,2006-01-07T17:35,2006-01-07T19:35,ORY,2052955920
PZOVQISC,code,L,70002888,ST,2006-01-07T10:30,2006-01-07T12:50,MRS,2052955920
PZOVQISC,code,L,70002889,ST,2006-01-07T13:35,2006-01-07T14:50,ORY,2052955920
PZOVQISC,code,L,70002900,ST,2006-01-07T15:30,2006-01-07T16:50,MRS,2052955920
PZOVQISC,code,L,70002903,ST,2006-01-07T17:35,2006-01-07T19:35,ORY,2052955920
LXRXGKLJ,code,L,70002888,ST,2006-01-07T10:30,2006-01-07T12:50,MRS,2052955920
LXRXGKLJ,code,L,70002889,ST,2006-01-07T13:35,2006-01-07T14:50,ORY,2052955920
LXRXGKLJ,code,L,70002900,ST,2006-01-07T15:30,2006-01-07T16:50,MRS,2052955920
LXRXGKLJ,code,L,70002903,ST,2006-01-07T17:35,2006-01-07T19:35,ORY,2052955920
MMTYSAZA,code,L,70002888,ST,2006-01-07T10:30,2006-01-07T12:50,MRS,2052955920
MMTYSAZA,code,L,70002889,ST,2006-01-07T13:35,2006-01-07T14:50,ORY,2052955920
MMTYSAZA,code,L,70002900,ST,2006-01-07T15:30,2006-01-07T16:50,MRS,2052955920
MMTYSAZA,code,L,70002903,ST,2006-01-07T17:35,2006-01-07T19:35,ORY,2052955920
YCYZSBIX,code,L,70002888,ST,2006-01-07T10:30,2006-01-07T12:50,MRS,2052955920
YCYZSBIX,code,L,70002889,ST,2006-01-07T13:35,2006-01-07T14:50,ORY,2052955920
YCYZSBIX,code,L,70002900,ST,2006-01-07T15:30,2006-01-07T16:50,MRS,2052955920
YCYZSBIX,code,L,70002903,ST,2006-01-07T17:35,2006-01-07T19:35,ORY,2052955920
RPGWCIXA,code,L,70004527,CP,2006-01-07T10:35,2006-01-07T13:00,CDG,2134161410
RPGWCIXA,code,L,70004530,CP,2006-01-07T15:20,2006-01-07T16:50,MRS,2134161410
RPGWCIXA,code,L,70004531,CP,2006-01-07T17:35,2006-01-07T19:00,CDG,2134161410
RPGWCIXA,code,L,70004534,CP,2006-01-07T19:45,2006-01-07T22:00,MRS,2134161410
DHJPYDHP,code,L,70004527,FO,2006-01-07T10:35,2006-01-07T13:00,CDG,2134161410
DHJPYDHP,code,L,70004530,FO,2006-01-07T15:20,2006-01-07T16:50,MRS,2134161410
DHJPYDHP,code,L,70004531,FO,2006-01-07T17:35,2006-01-07T19:00,CDG,2134161410
DHJPYDHP,code,L,70004534,FO,2006-01-07T19:45,2006-01-07T22:00,MRS,2134161410
JBTOERTM,code,L,70004527,CS,2006-01-07T10:35,2006-01-07T13:00,CDG,2134161410
JBTOERTM,code,L,70004530,CS,2006-01-07T15:20,2006-01-07T16:50,MRS,2134161410
JBTOERTM,code,L,70004531,CS,2006-01-07T17:35,2006-01-07T19:00,CDG,2134161410
JBTOERTM,code,L,70004534,CS,2006-01-07T19:45,2006-01-07T22:00,MRS,2134161410
TCZTLSPL,code,L,70004527,CS,2006-01-07T10:35,2006-01-07T13:00,CDG,2134161410
TCZTLSPL,code,L,70004530,CS,2006-01-07T15:20,2006-01-07T16:50,MRS,2134161410
TCZTLSPL,code,L,70004531,CS,2006-01-07T17:35,2006-01-07T19:00,CDG,2134161410
TCZTLSPL,code,L,70004534,CS,2006-01-07T19:45,2006-01-07T22:00,MRS,2134161410
ZQMCPSFL,code,L,70004527,ST,2006-01-07T10:35,2006-01-07T13:00,CDG,2134161410
ZQMCPSFL,code,L,70004530,ST,2006-01-07T15:20,2006-01-07T16:50,MRS,2134161410
ZQMCPSFL,code,L,70004531,ST,2006-01-07T17:35,2006-01-07T19:00,CDG,2134161410
ZQMCPSFL,code,L,70004534,ST,2006-01-07T19:45,2006-01-07T22:00,MRS,2134161410
NAATZPDV,code,L,70004527,ST,2006-01-07T10:35,2006-01-07T13:00,CDG,2134161410
NAATZPDV,code,L,70004530,ST,2006-01-07T15:20,2006-01-07T16:50,MRS,2134161410
NAATZPDV,code,L,70004531,ST,2006-01-07T17:35,2006-01-07T19:00,CDG,2134161410
NAATZPDV,code,L,70004534,ST,2006-01-07T19:45,2006-01-07T22:00,MRS,2134161410
YUKDGZJP,code,L,70004527,ST,2006-01-07T10:35,2006-01-07T13:00,CDG,2134161410
YUKDGZJP,code,L,70004530,ST,2006-01-07T15:20,2006-01-07T16:50,MRS,2134161410
YUKDGZJP,code,L,70004531,ST,2006-01-07T17:35,2006-01-07T19:00,CDG,2134161410
YUKDGZJP,code,L,70004534,ST,2006-01-07T19:45,2006-01-07T22:00,MRS,2134161410
NULHOQTZ,code,L,70004527,ST,2006-01-07T10:35,2006-01-07T13:00,CDG,2134161410
NULHOQTZ,code,L,70004530,ST,2006-01-07T15:20,2006-01-07T16:50,MRS,2134161410
NULHOQTZ,code,L,70004531,ST,2006-01-07T17:35,2006-01-07T19:00,CDG,2134161410
NULHOQTZ,code,L,70004534,ST,2006-01-07T19:45,2006-01-07T22:00,MRS,2134161410
VYWPHCMH,code,L,70004527,ST,2006-01-07T10:35,2006-01-07T13:00,CDG,2134161410
VYWPHCMH,code,L,70004530,ST,2006-01-07T15:20,2006-01-07T16:50,MRS,2134161410
VYWPHCMH,code,L,70004531,ST,2006-01-07T17:35,2006-01-07T19:00,CDG,2134161410
VYWPHCMH,code,L,70004534,ST,2006-01-07T19:45,2006-01-07T22:00,MRS,2134161410
LDTUTBZH,code,L,70004527,ST,2006-01-07T10:35,2006-01-07T13:00,CDG,2134161410
LDTUTBZH,code,L,70004530,ST,2006-01-07T15:20,2006-01-07T16:50,MRS,2134161410
LDTUTBZH,code,L,70004531,ST,2006-01-07T17:35,2006-01-07T19:00,CDG,2134161410
LDTUTBZH,code,L,70004534,ST,2006-01-07T19:45,2006-01-07T22:00,MRS,2134161410
TTWEDTXA,code,L,70004567,CP,2006-01-07T10:35,2006-01-07T13:10,CDG,1874672702
TTWEDTXA,code,L,70004568,CP,2006-01-07T13:55,2006-01-07T15:30,NCE,1874672702
TTWEDTXA,code,L,70004571,CP,2006-01-07T17:25,2006-01-07T19:00,CDG,1874672702
TTWEDTXA,code,L,70004572,CP,2006-01-07T19:50,2006-01-07T21:05,NCE,1874672702
EYARIOFH,code,L,70004567,FO,2006-01-07T10:35,2006-01-07T13:10,CDG,1874672702
EYARIOFH,code,L,70004568,FO,2006-01-07T13:55,2006-01-07T15:30,NCE,1874672702
EYARIOFH,code,L,70004571,FO,2006-01-07T17:25,2006-01-07T19:00,CDG,1874672702
EYARIOFH,code,L,70004572,FO,2006-01-07T19:50,2006-01-07T21:05,NCE,1874672702
QGCYQACA,code,L,70004567,CS,2006-01-07T10:35,2006-01-07T13:10,CDG,1874672702
QGCYQACA,code,L,70004568,CS,2006-01-07T13:55,2006-01-07T15:30,NCE,1874672702
QGCYQACA,code,L,70004571,CS,2006-01-07T17:25,2006-01-07T19:00,CDG,1874672702
QGCYQACA,code,L,70004572,CS,2006-01-07T19:50,2006-01-07T21:05,NCE,1874672702
DLVGBQPX,code,L,70004567,CS,2006-01-07T10:35,2006-01-07T13:10,CDG,1874672702
DLVGBQPX,code,L,70004568,CS,2006-01-07T13:55,2006-01-07T15:30,NCE,1874672702
DLVGBQPX,code,L,70004571,CS,2006-01-07T17:25,2006-01-07T19:00,CDG,1874672702
DLVGBQPX,code,L,70004572,CS,2006-01-07T19:50,2006-01-07T21:05,NCE,1874672702
BDDZVIEA,code,L,70004567,ST,2006-01-07T10:35,2006-01-07T13:10,CDG,1874672702
BDDZVIEA,code,L,70004568,ST,2006-01-07T13:55,2006-01-07T15:30,NCE,1874672702
BDDZVIEA,code,L,70004571,ST,2006-01-07T17:25,2006-01-07T19:00,CDG,1874672702
BDDZVIEA,code,L,70004572,ST,2006-01-07T19:50,2006-01-07T21:05,NCE,1874672702
NQLWQDXO,code,L,70004567,ST,2006-01-07T10:35,2006-01-07T13:10,CDG,1874672702
NQLWQDXO,code,L,70004568,ST,2006-01-07T13:55,2006-01-07T15:30,NCE,1874672702
NQLWQDXO,code,L,70004571,ST,2006-01-07T17:25,2006-01-07T19:00,CDG,1874672702
NQLWQDXO,code,L,70004572,ST,2006-01-07T19:50,2006-01-07T21:05,NCE,1874672702
RTZMGUDR,code,L,70004567,ST,2006-01-07T10:35,2006-01-07T13:10,CDG,1874672702
RTZMGUDR,code,L,70004568,ST,2006-01-07T13:55,2006-01-07T15:30,NCE,1874672702
RTZMGUDR,code,L,70004571,ST,2006-01-07T17:25,2006-01-07T19:00,CDG,1874672702
RTZMGUDR,code,L,70004572,ST,2006-01-07T19:50,2006-01-07T21:05,NCE,1874672702
UYCQKKGM,code,L,70004567,ST,2006-01-07T10:35,2006-01-07T13:10,CDG,1874672702
UYCQKKGM,code,L,70004568,ST,2006-01-07T13:55,2006-01-07T15:30,NCE,1874672702
UYCQKKGM,code,L,70004571,ST,2006-01-07T17:25,2006-01-07T19:00,CDG,1874672702
UYCQKKGM,code,L,70004572,ST,2006-01-07T19:50,2006-01-07T21:05,NCE,1874672702
JVBPOHJL,code,L,70004567,ST,2006-01-07T10:35,2006-01-07T13:10,CDG,1874672702
JVBPOHJL,code,L,70004568,ST,2006-01-07T13:55,2006-01-07T15:30,NCE,1874672702
JVBPOHJL,code,L,70004571,ST,2006-01-07T17:25,2006-01-07T19:00,CDG,1874672702
JVBPOHJL,code,L,70004572,ST,2006-01-07T19:50,2006-01-07T21:05,NCE,1874672702
OUTXKHVU,code,L,70004567,ST,2006-01-07T10:35,2006-01-07T13:10,CDG,1874672702
OUTXKHVU,code,L,70004568,ST,2006-01-07T13:55,2006-01-07T15:30,NCE,1874672702
OUTXKHVU,code,L,70004571,ST,2006-01-07T17:25,2006-01-07T19:00,CDG,1874672702
OUTXKHVU,code,L,70004572,ST,2006-01-07T19:50,2006-01-07T21:05,NCE,1874672702
YHQMIWSY,code,L,70004648,CP,2006-01-07T10:55,2006-01-07T13:25,TLS,1194650126
YHQMIWSY,code,L,70004649,CP,2006-01-07T15:00,2006-01-07T16:25,CDG,1194650126
YHQMIWSY,code,L,70004652,CP,2006-01-07T17:15,2006-01-07T18:45,TLS,1194650126
YHQMIWSY,code,L,70004655,CP,2006-01-07T19:25,2006-01-07T21:35,CDG,1194650126
ZEYXSUBU,code,L,70004648,FO,2006-01-07T10:55,2006-01-07T13:25,TLS,1194650126
ZEYXSUBU,code,L,70004649,FO,2006-01-07T15:00,2006-01-07T16:25,CDG,1194650126
ZEYXSUBU,code,L,70004652,FO,2006-01-07T17:15,2006-01-07T18:45,TLS,1194650126
ZEYXSUBU,code,L,70004655,FO,2006-01-07T19:25,2006-01-07T21:35,CDG,1194650126
HWXMMXGF,code,L,70004648,CS,2006-01-07T10:55,2006-01-07T13:25,TLS,1194650126
HWXMMXGF,code,L,70004649,CS,2006-01-07T15:00,2006-01-07T16:25,CDG,1194650126
HWXMMXGF,code,L,70004652,CS,2006-01-07T17:15,2006-01-07T18:45,TLS,1194650126
HWXMMXGF,code,L,70004655,CS,2006-01-07T19:25,2006-01-07T21:35,CDG,1194650126
OVPHOCTX,code,L,70004648,CS,2006-01-07T10:55,2006-01-07T13:25,TLS,1194650126
OVPHOCTX,code,L,70004649,CS,2006-01-07T15:00,2006-01-07T16:25,CDG,1194650126
OVPHOCTX,code,L,70004652,CS,2006-01-07T17:15,2006-01-07T18:45,TLS,1194650126
OVPHOCTX,code,L,70004655,CS,2006-01-07T19:25,2006-01-07T21:35,CDG,1194650126
IOJISOYL,code,L,70004648,ST,2006-01-07T10:55,2006-01-07T13:25,TLS,1194650126
IOJISOYL,code,L,70004649,ST,2006-01-07T15:00,2006-01-07T16:25,CDG,1194650126
IOJISOYL,code,L,70004652,ST,2006-01-07T17:15,2006-01-07T18:45,TLS,1194650126
IOJISOYL,code,L,70004655,ST,2006-01-07T19:25,2006-01-07T21:35,CDG,1194650126
VEXPVWPF,code,L,70004648,ST,2006-01-07T10:55,2006-01-07T13:25,TLS,1194650126
VEXPVWPF,code,L,70004649,ST,2006-01-07T15:00,2006-01-07T16:25,CDG,1194650126
VEXPVWPF,code,L,70004652,ST,2006-01-07T17:15,2006-01-07T18:45,TLS,1194650126
VEXPVWPF,code,L,70004655,ST,2006-01-07T19:25,2006-01-07T21:35,CDG,1194650126
ZGBTYILW,code,L,70004648,ST,2006-01-07T10:55,2006-01-07T13:25,TLS,1194650126
ZGBTYILW,code,L,70004649,ST,2006-01-07T15:00,2006-01-07T16:25,CDG,1194650126
ZGBTYILW,code,L,70004652,ST,2006-01-07T17:15,2006-01-07T18:45,TLS,1194650126
ZGBTYILW,code,L,70004655,ST,2006-01-07T19:25,2006-01-07T21:35,CDG,1194650126
YCIDBEQX,code,L,70004648,ST,2006-01-07T10:55,2006-01-07T13:25,TLS,1194650126
YCIDBEQX,code,L,70004649,ST,2006-01-07T15:00,2006-01-07T16:25,CDG,1194650126
YCIDBEQX,code,L,70004652,ST,2006-01-07T17:15,2006-01-07T18:45,TLS,1194650126
YCIDBEQX,code,L,70004655,ST,2006-01-07T19:25,2006-01-07T21:35,CDG,1194650126
XVHLZIWR,code,L,70004648,ST,2006-01-07T10:55,2006-01-07T13:25,TLS,1194650126
XVHLZIWR,code,L,70004649,ST,2006-01-07T15:00,2006-01-07T16:25,CDG,1194650126
XVHLZIWR,code,L,70004652,ST,2006-01-07T17:15,2006-01-07T18:45,TLS,1194650126
XVHLZIWR,code,L,70004655,ST,2006-01-07T19:25,2006-01-07T21:35,CDG,1194650126
IEQXLAQI,code,L,70004648,ST,2006-01-07T10:55,2006-01-07T13:25,TLS,1194650126
IEQXLAQI,code,L,70004649,ST,2006-01-07T15:00,2006-01-07T16:25,CDG,1194650126
IEQXLAQI,code,L,70004652,ST,2006-01-07T17:15,2006-01-07T18:45,TLS,1194650126
IEQXLAQI,code,L,70004655,ST,2006-01-07T19:25,2006-01-07T21:35,CDG,1194650126
GIXXNSHT,code,L,70004387,CP,2006-01-07T11:00,2006-01-07T13:20,ORY,363927940
GIXXNSHT,code,L,70004388,CP,2006-01-07T14:05,2006-01-07T15:30,PGF,363927940
GIXXNSHT,code,L,70004459,CP,2006-01-07T17:10,2006-01-07T18:45,ORY,363927940
GIXXNSHT,code,L,70004454,CP,2006-01-07T19:35,2006-01-07T21:55,BIA,363927940
FOIRQWGL,code,L,70004387,FO,2006-01-07T11:00,2006-01-07T13:20,ORY,363927940
FOIRQWGL,code,L,70004388,FO,2006-01-07T14:05,2006-01-07T15:30,PGF,363927940
FOIRQWGL,code,L,70004459,FO,2006-01-07T17:10,2006-01-07T18:45,ORY,363927940
FOIRQWGL,code,L,70004454,FO,2006-01-07T19:35,2006-01-07T21:55,BIA,363927940
ASWGKOFJ,code,L,70004387,CS,2006-01-07T11:00,2006-01-07T13:20,ORY,363927940
ASWGKOFJ,code,L,70004388,CS,2006-01-07T14:05,2006-01-07T15:30,PGF,363927940
ASWGKOFJ,code,L,70004459,CS,2006-01-07T17:10,2006-01-07T18:45,ORY,363927940
ASWGKOFJ,code,L,70004454,CS,2006-01-07T19:35,2006-01-07T21:55,BIA,363927940
JKRJLZTK,code,L,70004387,CS,2006-01-07T11:00,2006-01-07T13:20,ORY,363927940
JKRJLZTK,code,L,70004388,CS,2006-01-07T14:05,2006-01-07T15:30,PGF,363927940
JKRJLZTK,code,L,70004459,CS,2006-01-07T17:10,2006-01-07T18:45,ORY,363927940
JKRJLZTK,code,L,70004454,CS,2006-01-07T19:35,2006-01-07T21:55,BIA,363927940
WWWWXDXK,code,L,70004387,ST,2006-01-07T11:00,2006-01-07T13:20,ORY,363927940
WWWWXDXK,code,L,70004388,ST,2006-01-07T14:05,2006-01-07T15:30,PGF,363927940
WWWWXDXK,code,L,70004459,ST,2006-01-07T17:10,2006-01-07T18:45,ORY,363927940
WWWWXDXK,code,L,70004454,ST,2006-01-07T19:35,2006-01-07T21:55,BIA,363927940
UINDHCGH,code,L,70004387,ST,2006-01-07T11:00,2006-01-07T13:20,ORY,363927940
UINDHCGH,code,L,70004388,ST,2006-01-07T14:05,2006-01-07T15:30,PGF,363927940
UINDHCGH,code,L,70004459,ST,2006-01-07T17:10,2006-01-07T18:45,ORY,363927940
UINDHCGH,code,L,70004454,ST,2006-01-07T19:35,2006-01-07T21:55,BIA,363927940
GWPTGJYK,code,L,70004387,ST,2006-01-07T11:00,2006-01-07T13:20,ORY,363927940
GWPTGJYK,code,L,70004388,ST,2006-01-07T14:05,2006-01-07T15:30,PGF,363927940
GWPTGJYK,code,L,70004459,ST,2006-01-07T17:10,2006-01-07T18:45,ORY,363927940
GWPTGJYK,code,L,70004454,ST,2006-01-07T19:35,2006-01-07T21:55,BIA,363927940
NNAXGEOL,code,L,70004387,ST,2006-01-07T11:00,2006-01-07T13:20,ORY,363927940
NNAXGEOL,code,L,70004388,ST,2006-01-07T14:05,2006-01-07T15:30,PGF,363927940
NNAXGEOL,code,L,70004459,ST,2006-01-07T17:10,2006-01-07T18:45,ORY,363927940
NNAXGEOL,code,L,70004454,ST,2006-01-07T19:35,2006-01-07T21:55,BIA,363927940
PRJKTHRZ,code,L,70004387,ST,2006-01-07T11:00,2006-01-07T13:20,ORY,363927940
PRJKTHRZ,code,L,70004388,ST,2006-01-07T14:05,2006-01-07T15:30,PGF,363927940
PRJKTHRZ,code,L,70004459,ST,2006-01-07T17:10,2006-01-07T18:45,ORY,363927940
PRJKTHRZ,code,L,70004454,ST,2006-01-07T19:35,2006-01-07T21:55,BIA,363927940
PXDRVGPG,code,L,70004387,ST,2006-01-07T11:00,2006-01-07T13:20,ORY,363927940
PXDRVGPG,code,L,70004388,ST,2006-01-07T14:05,2006-01-07T15:30,PGF,363927940
PXDRVGPG,code,L,70004459,ST,2006-01-07T17:10,2006-01-07T18:45,ORY,363927940
PXDRVGPG,code,L,70004454,ST,2006-01-07T19:35,2006-01-07T21:55,BIA,363927940
AKHYYEXJ,code,L,70004566,CP,2006-01-07T11:00,2006-01-07T13:35,NCE,1328157009
AKHYYEXJ,code,L,70004569,CP,2006-01-07T14:40,2006-01-07T16:15,CDG,1328157009
AKHYYEXJ,code,L,70003106,CP,2006-01-07T17:05,2006-01-07T18:30,NCE,1328157009
AKHYYEXJ,code,L,70003071,CP,2006-01-07T19:20,2006-01-07T21:05,ORY,1328157009
WBEREANX,code,L,70004566,FO,2006-01-07T11:00,2006-01-07T13:35,NCE,1328157009
WBEREANX,code,L,70004569,FO,2006-01-07T14:40,2006-01-07T16:15,CDG,1328157009
WBEREANX,code,L,70003106,FO,2006-01-07T17:05,2006-01-07T18:30,NCE,1328157009
WBEREANX,code,L,70003071,FO,2006-01-07T19:20,2006-01-07T21:05,ORY,1328157009
PNAFLLOO,code,L,70004566,CS,2006-01-07T11:00,2006-01-07T13:35,NCE,1328157009
PNAFLLOO,code,L,70004569,CS,2006-01-07T14:40,2006-01-07T16:15,CDG,1328157009
PNAFLLOO,code,L,70003106,CS,2006-01-07T17:05,2006-01-07T18:30,NCE,1328157009
PNAFLLOO,code,L,70003071,CS,2006-01-07T19:20,2006-01-07T21:05,ORY,1328157009
KIGUZEUB,code,L,70004566,CS,2006-01-07T11:00,2006-01-07T13:35,NCE,1328157009
KIGUZEUB,code,L,70004569,CS,2006-01-07T14:40,2006-01-07T16:15,CDG,1328157009
KIGUZEUB,code,L,70003106,CS,2006-01-07T17:05,2006-01-07T18:30,NCE,1328157009
KIGUZEUB,code,L,70003071,CS,2006-01-07T19:20,2006-01-07T21:05,ORY,1328157009
SZKUIVXQ,code,L,70004566,ST,2006-01-07T11:00,2006-01-07T13:35,NCE,1328157009
SZKUIVXQ,code,L,70004569,ST,2006-01-07T14:40,2006-01-07T16:15,CDG,1328157009
SZKUIVXQ,code,L,70003106,ST,2006-01-07T17:05,2006-01-07T18:30,NCE,1328157009
SZKUIVXQ,code,L,70003071,ST,2006-01-07T19:20,2006-01-07T21:05,ORY,1328157009
MERHUVKB,code,L,70004566,ST,2006-01-07T11:00,2006-01-07T13:35,NCE,1328157009
MERHUVKB,code,L,70004569,ST,2006-01-07T14:40,2006-01-07T16:15,CDG,1328157009
MERHUVKB,code,L,70003106,ST,2006-01-07T17:05,2006-01-07T18:30,NCE,1328157009
MERHUVKB,code,L,70003071,ST,2006-01-07T19:20,2006-01-07T21:05,ORY,1328157009
KCQVYOBN,code,L,70004566,ST,2006-01-07T11:00,2006-01-07T13:35,NCE,1328157009
KCQVYOBN,code,L,70004569,ST,2006-01-07T14:40,2006-01-07T16:15,CDG,1328157009
KCQVYOBN,code,L,70003106,ST,2006-01-07T17:05,2006-01-07T18:30,NCE,1328157009
KCQVYOBN,code,L,70003071,ST,2006-01-07T19:20,2006-01-07T21:05,ORY,1328157009
FRZVPIKN,code,L,70004566,ST,2006-01-07T11:00,2006-01-07T13:35,NCE,1328157009
FRZVPIKN,code,L,70004569,ST,2006-01-07T14:40,2006-01-07T16:15,CDG,1328157009
FRZVPIKN,code,L,70003106,ST,2006-01-07T17:05,2006-01-07T18:30,NCE,1328157009
FRZVPIKN,code,L,70003071,ST,2006-01-07T19:20,2006-01-07T21:05,ORY,1328157009
FDJASGSI,code,L,70004566,ST,2006-01-07T11:00,2006-01-07T13:35,NCE,1328157009
FDJASGSI,code,L,70004569,ST,2006-01-07T14:40,2006-01-07T16:15,CDG,1328157009
FDJASGSI,code,L,70003106,ST,2006-01-07T17:05,2006-01-07T18:30,NCE,1328157009
FDJASGSI,code,L,70003071,ST,2006-01-07T19:20,2006-01-07T21:05,ORY,1328157009
WDLGYWMW,code,L,70004566,ST,2006-01-07T11:00,2006-01-07T13:35,NCE,1328157009
WDLGYWMW,code,L,70004569,ST,2006-01-07T14:40,2006-01-07T16:15,CDG,1328157009
WDLGYWMW,code,L,70003106,ST,2006-01-07T17:05,2006-01-07T18:30,NCE,1328157009
WDLGYWMW,code,L,70003071,ST,2006-01-07T19:20,2006-01-07T21:05,ORY,1328157009
DMHAKRHZ,code,L,70004528,CP,2006-01-07T11:05,2006-01-07T13:35,MRS,134667610
DMHAKRHZ,code,L,70004529,CP,2006-01-07T14:35,2006-01-07T16:00,CDG,134667610
DMHAKRHZ,code,L,70002870,CP,2006-01-07T17:00,2006-01-07T18:20,MRS,134667610
DMHAKRHZ,code,L,70002867,CP,2006-01-07T19:10,2006-01-07T21:10,ORY,134667610
DMJPSAMP,code,L,70004528,FO,2006-01-07T11:05,2006-01-07T13:35,MRS,134667610
DMJPSAMP,code,L,70004529,FO,2006-01-07T14:35,2006-01-07T16:00,CDG,134667610
DMJPSAMP,code,L,70002870,FO,2006-01-07T17:00,2006-01-07T18:20,MRS,134667610
DMJPSAMP,code,L,70002867,FO,2006-01-07T19:10,2006-01-07T21:10,ORY,134667610
ZTYJNXAS,code,L,70004528,CS,2006-01-07T11:05,2006-01-07T13:35,MRS,134667610
ZTYJNXAS,code,L,70004529,CS,2006-01-07T14:35,2006-01-07T16:00,CDG,134667610
ZTYJNXAS,code,L,70002870,CS,2006-01-07T17:00,2006-01-07T18:20,MRS,134667610
ZTYJNXAS,code,L,70002867,CS,2006-01-07T19:10,2006-01-07T21:10,ORY,134667610
VDCSMYRP,code,L,70004528,CS,2006-01-07T11:05,2006-01-07T13:35,MRS,134667610
VDCSMYRP,code,L,70004529,CS,2006-01-07T14:35,2006-01-07T16:00,CDG,134667610
VDCSMYRP,code,L,70002870,CS,2006-01-07T17:00,2006-01-07T18:20,MRS,134667610
VDCSMYRP,code,L,70002867,CS,2006-01-07T19:10,2006-01-07T21:10,ORY,134667610
QCEOLORR,code,L,70004528,ST,2006-01-07T11:05,2006-01-07T13:35,MRS,134667610
QCEOLORR,code,L,70004529,ST,2006-01-07T14:35,2006-01-07T16:00,CDG,134667610
QCEOLORR,code,L,70002870,ST,2006-01-07T17:00,2006-01-07T18:20,MRS,134667610
QCEOLORR,code,L,70002867,ST,2006-01-07T19:10,2006-01-07T21:10,ORY,134667610
DGFXMGBQ,code,L,70004528,ST,2006-01-07T11:05,2006-01-07T13:35,MRS,134667610
DGFXMGBQ,code,L,70004529,ST,2006-01-07T14:35,2006-01-07T16:00,CDG,134667610
DGFXMGBQ,code,L,70002870,ST,2006-01-07T17:00,2006-01-07T18:20,MRS,134667610
DGFXMGBQ,code,L,70002867,ST,2006-01-07T19:10,2006-01-07T21:10,ORY,134667610
NZWBIQWG,code,L,70004528,ST,2006-01-07T11:05,2006-01-07T13:35,MRS,134667610
NZWBIQWG,code,L,70004529,ST,2006-01-07T14:35,2006-01-07T16:00,CDG,134667610
NZWBIQWG,code,L,70002870,ST,2006-01-07T17:00,2006-01-07T18:20,MRS,134667610
NZWBIQWG,code,L,70002867,ST,2006-01-07T19:10,2006-01-07T21:10,ORY,134667610
CYQXPALH,code,L,70004528,ST,2006-01-07T11:05,2006-01-07T13:35,MRS,134667610
CYQXPALH,code,L,70004529,ST,2006-01-07T14:35,2006-01-07T16:00,CDG,134667610
CYQXPALH,code,L,70002870,ST,2006-01-07T17:00,2006-01-07T18:20,MRS,134667610
CYQXPALH,code,L,70002867,ST,2006-01-07T19:10,2006-01-07T21:10,ORY,134667610
VKNEKQPL,code,L,70004528,ST,2006-01-07T11:05,2006-01-07T13:35,MRS,134667610
VKNEKQPL,code,L,70004529,ST,2006-01-07T14:35,2006-01-07T16:00,CDG,134667610
VKNEKQPL,code,L,70002870,ST,2006-01-07T17:00,2006-01-07T18:20,MRS,134667610
VKNEKQPL,code,L,70002867,ST,2006-01-07T19:10,2006-01-07T21:10,ORY,134667610
OCQWIWVJ,code,L,70004528,ST,2006-01-07T11:05,2006-01-07T13:35,MRS,134667610
OCQWIWVJ,code,L,70004529,ST,2006-01-07T14:35,2006-01-07T16:00,CDG,134667610
OCQWIWVJ,code,L,70002870,ST,2006-01-07T17:00,2006-01-07T18:20,MRS,134667610
OCQWIWVJ,code,L,70002867,ST,2006-01-07T19:10,2006-01-07T21:10,ORY,134667610
VYLHYWLK,code,L,70004602,CP,2006-01-07T11:15,2006-01-07T13:35,BES,1464848243
VYLHYWLK,code,L,70004601,CP,2006-01-07T14:45,2006-01-07T16:00,CDG,1464848243
VYLHYWLK,code,L,70004596,CP,2006-01-07T17:00,2006-01-07T18:20,BES,1464848243
VYLHYWLK,code,L,70004595,CP,2006-01-07T20:00,2006-01-07T22:00,CDG,1464848243
ZQHHBNJO,code,L,70004602,FO,2006-01-07T11:15,2006-01-07T13:35,BES,1464848243
ZQHHBNJO,code,L,70004601,FO,2006-01-07T14:45,2006-01-07T16:00,CDG,1464848243
ZQHHBNJO,code,L,70004596,FO,2006-01-07T17:00,2006-01-07T18:20,BES,1464848243
ZQHHBNJO,code,L,70004595,FO,2006-01-07T20:00,2006-01-07T22:00,CDG,1464848243
KBDGBHBO,code,L,70004602,CS,2006-01-07T11:15,2006-01-07T13:35,BES,1464848243
KBDGBHBO,code,L,70004601,CS,2006-01-07T14:45,2006-01-07T16:00,CDG,1464848243
KBDGBHBO,code,L,70004596,CS,2006-01-07T17:00,2006-01-07T18:20,BES,1464848243
KBDGBHBO,code,L,70004595,CS,2006-01-07T20:00,2006-01-07T22:00,CDG,1464848243
GFNKEZOU,code,L,70004602,CS,2006-01-07T11:15,2006-01-07T13:35,BES,1464848243
GFNKEZOU,code,L,70004601,CS,2006-01-07T14:45,2006-01-07T16:00,CDG,1464848243
GFNKEZOU,code,L,70004596,CS,2006-01-07T17:00,2006-01-07T18:20,BES,1464848243
GFNKEZOU,code,L,70004595,CS,2006-01-07T20:00,2006-01-07T22:00,CDG,1464848243
RPFRKWPR,code,L,70004602,ST,2006-01-07T11:15,2006-01-07T13:35,BES,1464848243
RPFRKWPR,code,L,70004601,ST,2006-01-07T14:45,2006-01-07T16:00,CDG,1464848243
RPFRKWPR,code,L,70004596,ST,2006-01-07T17:00,2006-01-07T18:20,BES,1464848243
RPFRKWPR,code,L,70004595,ST,2006-01-07T20:00,2006-01-07T22:00,CDG,1464848243
AFKBLTQF,code,L,70004602,ST,2006-01-07T11:15,2006-01-07T13:35,BES,1464848243
AFKBLTQF,code,L,70004601,ST,2006-01-07T14:45,2006-01-07T16:00,CDG,1464848243
AFKBLTQF,code,L,70004596,ST,2006-01-07T17:00,2006-01-07T18:20,BES,1464848243
AFKBLTQF,code,L,70004595,ST,2006-01-07T20:00,2006-01-07T22:00,CDG,1464848243
UOVOXCVW,code,L,70004602,ST,2006-01-07T11:15,2006-01-07T13:35,BES,1464848243
UOVOXCVW,code,L,70004601,ST,2006-01-07T14:45,2006-01-07T16:00,CDG,1464848243
UOVOXCVW,code,L,70004596,ST,2006-01-07T17:00,2006-01-07T18:20,BES,1464848243
UOVOXCVW,code,L,70004595,ST,2006-01-07T20:00,2006-01-07T22:00,CDG,1464848243
YOQFEIDI,code,L,70004602,ST,2006-01-07T11:15,2006-01-07T13:35,BES,1464848243
YOQFEIDI,code,L,70004601,ST,2006-01-07T14:45,2006-01-07T16:00,CDG,1464848243
YOQFEIDI,code,L,70004596,ST,2006-01-07T17:00,2006-01-07T18:20,BES,1464848243
YOQFEIDI,code,L,70004595,ST,2006-01-07T20:00,2006-01-07T22:00,CDG,1464848243
JDHXFTRI,code,L,70004602,ST,2006-01-07T11:15,2006-01-07T13:35,BES,1464848243
JDHXFTRI,code,L,70004601,ST,2006-01-07T14:45,2006-01-07T16:00,CDG,1464848243
JDHXFTRI,code,L,70004596,ST,2006-01-07T17:00,2006-01-07T18:20,BES,1464848243
JDHXFTRI,code,L,70004595,ST,2006-01-07T20:00,2006-01-07T22:00,CDG,1464848243
YDVUYUCQ,code,L,70004602,ST,2006-01-07T11:15,2006-01-07T13:35,BES,1464848243
YDVUYUCQ,code,L,70004601,ST,2006-01-07T14:45,2006-01-07T16:00,CDG,1464848243
YDVUYUCQ,code,L,70004596,ST,2006-01-07T17:00,2006-01-07T18:20,BES,1464848243
YDVUYUCQ,code,L,70004595,ST,2006-01-07T20:00,2006-01-07T22:00,CDG,1464848243
VITPZFRK,code,L,70004410,CP,2006-01-07T11:20,2006-01-07T13:40,MPL,645237757
VITPZFRK,code,L,70004413,CP,2006-01-07T14:25,2006-01-07T15:40,ORY,645237757
VITPZFRK,code,L,70004414,CP,2006-01-07T16:25,2006-01-07T17:45,MPL,645237757
VITPZFRK,code,L,70004407,CP,2006-01-07T18:30,2006-01-07T20:20,ORY,645237757
NPLUXSMB,code,L,70004410,FO,2006-01-07T11:20,2006-01-07T13:40,MPL,645237757
NPLUXSMB,code,L,70004413,FO,2006-01-07T14:25,2006-01-07T15:40,ORY,645237757
NPLUXSMB,code,L,70004414,FO,2006-01-07T16:25,2006-01-07T17:45,MPL,645237757
NPLUXSMB,code,L,70004407,FO,2006-01-07T18:30,2006-01-07T20:20,ORY,645237757
KQFURRLT,code,L,70004410,CS,2006-01-07T11:20,2006-01-07T13:40,MPL,645237757
KQFURRLT,code,L,70004413,CS,2006-01-07T14:25,2006-01-07T15:40,ORY,645237757
KQFURRLT,code,L,70004414,CS,2006-01-07T16:25,2006-01-07T17:45,MPL,645237757
KQFURRLT,code,L,70004407,CS,2006-01-07T18:30,2006-01-07T20:20,ORY,645237757
FIWKEBGQ,code,L,70004410,CS,2006-01-07T11:20,2006-01-07T13:40,MPL,645237757
FIWKEBGQ,code,L,70004413,CS,2006-01-07T14:25,2006-01-07T15:40,ORY,645237757
FIWKEBGQ,code,L,70004414,CS,2006-01-07T16:25,2006-01-07T17:45,MPL,645237757
FIWKEBGQ,code,L,70004407,CS,2006-01-07T18:30,2006-01-07T20:20,ORY,645237757
OUWHRFPU,code,L,70004410,ST,2006-01-07T11:20,2006-01-07T13:40,MPL,645237757
OUWHRFPU,code,L,70004413,ST,2006-01-07T14:25,2006-01-07T15:40,ORY,645237757
OUWHRFPU,code,L,70004414,ST,2006-01-07T16:25,2006-01-07T17:45,MPL,645237757
OUWHRFPU,code,L,70004407,ST,2006-01-07T18:30,2006-01-07T20:20,ORY,645237757
JLOMNCJU,code,L,70004410,ST,2006-01-07T11:20,2006-01-07T13:40,MPL,645237757
JLOMNCJU,code,L,70004413,ST,2006-01-07T14:25,2006-01-07T15:40,ORY,645237757
JLOMNCJU,code,L,70004414,ST,2006-01-07T16:25,2006-01-07T17:45,MPL,645237757
JLOMNCJU,code,L,70004407,ST,2006-01-07T18:30,2006-01-07T20:20,ORY,645237757
UTPVMADI,code,L,70004410,ST,2006-01-07T11:20,2006-01-07T13:40,MPL,645237757
UTPVMADI,code,L,70004413,ST,2006-01-07T14:25,2006-01-07T15:40,ORY,645237757
UTPVMADI,code,L,70004414,ST,2006-01-07T16:25,2006-01-07T17:45,MPL,645237757
UTPVMADI,code,L,70004407,ST,2006-01-07T18:30,2006-01-07T20:20,ORY,645237757
DMGTERBM,code,L,70004410,ST,2006-01-07T11:20,2006-01-07T13:40,MPL,645237757
DMGTERBM,code,L,70004413,ST,2006-01-07T14:25,2006-01-07T15:40,ORY,645237757
DMGTERBM,code,L,70004414,ST,2006-01-07T16:25,2006-01-07T17:45,MPL,645237757
DMGTERBM,code,L,70004407,ST,2006-01-07T18:30,2006-01-07T20:20,ORY,645237757
TCLXWQLI,code,L,70004410,ST,2006-01-07T11:20,2006-01-07T13:40,MPL,645237757
TCLXWQLI,code,L,70004413,ST,2006-01-07T14:25,2006-01-07T15:40,ORY,645237757
TCLXWQLI,code,L,70004414,ST,2006-01-07T16:25,2006-01-07T17:45,MPL,645237757
TCLXWQLI,code,L,70004407,ST,2006-01-07T18:30,2006-01-07T20:20,ORY,645237757
NTMYFNGX,code,L,70004410,ST,2006-01-07T11:20,2006-01-07T13:40,MPL,645237757
NTMYFNGX,code,L,70004413,ST,2006-01-07T14:25,2006-01-07T15:40,ORY,645237757
NTMYFNGX,code,L,70004414,ST,2006-01-07T16:25,2006-01-07T17:45,MPL,645237757
NTMYFNGX,code,L,70004407,ST,2006-01-07T18:30,2006-01-07T20:20,ORY,645237757
AXSIDFHG,code,L,70004487,CP,2006-01-07T11:25,2006-01-07T13:45,CDG,1767440095
AXSIDFHG,code,L,70004492,CP,2006-01-07T15:30,2006-01-07T17:40,BOD,1767440095
LWINTBUN,code,L,70004487,FO,2006-01-07T11:25,2006-01-07T13:45,CDG,1767440095
LWINTBUN,code,L,70004492,FO,2006-01-07T15:30,2006-01-07T17:40,BOD,1767440095
XSEVDBEU,code,L,70004487,CS,2006-01-07T11:25,2006-01-07T13:45,CDG,1767440095
XSEVDBEU,code,L,70004492,CS,2006-01-07T15:30,2006-01-07T17:40,BOD,1767440095
EWNFWDXW,code,L,70004487,CS,2006-01-07T11:25,2006-01-07T13:45,CDG,1767440095
EWNFWDXW,code,L,70004492,CS,2006-01-07T15:30,2006-01-07T17:40,BOD,1767440095
RSUFERRM,code,L,70004487,ST,2006-01-07T11:25,2006-01-07T13:45,CDG,1767440095
RSUFERRM,code,L,70004492,ST,2006-01-07T15:30,2006-01-07T17:40,BOD,1767440095
CAZZQTVT,code,L,70004487,ST,2006-01-07T11:25,2006-01-07T13:45,CDG,1767440095
CAZZQTVT,code,L,70004492,ST,2006-01-07T15:30,2006-01-07T17:40,BOD,1767440095
OHUBTBRY,code,L,70004487,ST,2006-01-07T11:25,2006-01-07T13:45,CDG,1767440095
OHUBTBRY,code,L,70004492,ST,2006-01-07T15:30,2006-01-07T17:40,BOD,1767440095
RZUUNVTK,code,L,70004487,ST,2006-01-07T11:25,2006-01-07T13:45,CDG,1767440095
RZUUNVTK,code,L,70004492,ST,2006-01-07T15:30,2006-01-07T17:40,BOD,1767440095
SHIRJNIL,code,L,70004487,ST,2006-01-07T11:25,2006-01-07T13:45,CDG,1767440095
SHIRJNIL,code,L,70004492,ST,2006-01-07T15:30,2006-01-07T17:40,BOD,1767440095
OFFNHBON,code,L,70004487,ST,2006-01-07T11:25,2006-01-07T13:45,CDG,1767440095
OFFNHBON,code,L,70004492,ST,2006-01-07T15:30,2006-01-07T17:40,BOD,1767440095
DRSCIHPQ,code,L,70002595,CP,2006-01-07T11:30,2006-01-07T13:40,CFR,282134252
DRSCIHPQ,code,L,70002596,CP,2006-01-07T15:00,2006-01-07T17:00,LYS,282134252
PXZVUFTZ,code,L,70002595,FO,2006-01-07T11:30,2006-01-07T13:40,CFR,282134252
PXZVUFTZ,code,L,70002596,FO,2006-01-07T15:00,2006-01-07T17:00,LYS,282134252
EYBLWVYJ,code,L,70002595,CSD,2006-01-07T11:30,2006-01-07T13:40,CFR,282134252
EYBLWVYJ,code,L,70002596,CSD,2006-01-07T15:00,2006-01-07T17:00,LYS,282134252
QRJTMVAC,code,L,70002595,ST,2006-01-07T11:30,2006-01-07T13:40,CFR,282134252
QRJTMVAC,code,L,70002596,ST,2006-01-07T15:00,2006-01-07T17:00,LYS,282134252
NQXZCFRH,code,L,70002595,ST,2006-01-07T11:30,2006-01-07T13:40,CFR,282134252
NQXZCFRH,code,L,70002596,ST,2006-01-07T15:00,2006-01-07T17:00,LYS,282134252
SMLVLGZM,code,L,70004490,CP,2006-01-07T11:35,2006-01-07T14:00,BOD,384385166
SMLVLGZM,code,L,70004549,CP,2006-01-07T17:45,2006-01-07T19:10,CDG,384385166
SMLVLGZM,code,L,70004548,CP,2006-01-07T20:00,2006-01-07T22:05,MPL,384385166
PVQXSXNT,code,L,70004490,FO,2006-01-07T11:35,2006-01-07T14:00,BOD,384385166
PVQXSXNT,code,L,70004549,FO,2006-01-07T17:45,2006-01-07T19:10,CDG,384385166
PVQXSXNT,code,L,70004548,FO,2006-01-07T20:00,2006-01-07T22:05,MPL,384385166
YYCBLHCO,code,L,70004490,CS,2006-01-07T11:35,2006-01-07T14:00,BOD,384385166
YYCBLHCO,code,L,70004549,CS,2006-01-07T17:45,2006-01-07T19:10,CDG,384385166
YYCBLHCO,code,L,70004548,CS,2006-01-07T20:00,2006-01-07T22:05,MPL,384385166
FBAOSBTZ,code,L,70004490,CS,2006-01-07T11:35,2006-01-07T14:00,BOD,384385166
FBAOSBTZ,code,L,70004549,CS,2006-01-07T17:45,2006-01-07T19:10,CDG,384385166
FBAOSBTZ,code,L,70004548,CS,2006-01-07T20:00,2006-01-07T22:05,MPL,384385166
JGDFTAZQ,code,L,70004490,ST,2006-01-07T11:35,2006-01-07T14:00,BOD,384385166
JGDFTAZQ,code,L,70004549,ST,2006-01-07T17:45,2006-01-07T19:10,CDG,384385166
JGDFTAZQ,code,L,70004548,ST,2006-01-07T20:00,2006-01-07T22:05,MPL,384385166
OOVKEGBI,code,L,70004490,ST,2006-01-07T11:35,2006-01-07T14:00,BOD,384385166
OOVKEGBI,code,L,70004549,ST,2006-01-07T17:45,2006-01-07T19:10,CDG,384385166
OOVKEGBI,code,L,70004548,ST,2006-01-07T20:00,2006-01-07T22:05,MPL,384385166
SCVAMLZR,code,L,70004490,ST,2006-01-07T11:35,2006-01-07T14:00,BOD,384385166
SCVAMLZR,code,L,70004549,ST,2006-01-07T17:45,2006-01-07T19:10,CDG,384385166
SCVAMLZR,code,L,70004548,ST,2006-01-07T20:00,2006-01-07T22:05,MPL,384385166
LSJDCARO,code,L,70004490,ST,2006-01-07T11:35,2006-01-07T14:00,BOD,384385166
LSJDCARO,code,L,70004549,ST,2006-01-07T17:45,2006-01-07T19:10,CDG,384385166
LSJDCARO,code,L,70004548,ST,2006-01-07T20:00,2006-01-07T22:05,MPL,384385166
OQPQFXIT,code,L,70004490,ST,2006-01-07T11:35,2006-01-07T14:00,BOD,384385166
OQPQFXIT,code,L,70004549,ST,2006-01-07T17:45,2006-01-07T19:10,CDG,384385166
OQPQFXIT,code,L,70004548,ST,2006-01-07T20:00,2006-01-07T22:05,MPL,384385166
VBSPHVTP,code,L,70004490,ST,2006-01-07T11:35,2006-01-07T14:00,BOD,384385166
VBSPHVTP,code,L,70004549,ST,2006-01-07T17:45,2006-01-07T19:10,CDG,384385166
VBSPHVTP,code,L,70004548,ST,2006-01-07T20:00,2006-01-07T22:05,MPL,384385166
KNSWPHFQ,code,L,70002619,CP,2006-01-07T11:35,2006-01-07T13:50,RNS,1398633607
KNSWPHFQ,code,L,70002620,CP,2006-01-07T14:45,2006-01-07T16:50,LYS,1398633607
HAHIQILV,code,L,70002619,FO,2006-01-07T11:35,2006-01-07T13:50,RNS,1398633607
HAHIQILV,code,L,70002620,FO,2006-01-07T14:45,2006-01-07T16:50,LYS,1398633607
XXTLWZNQ,code,L,70002619,CS,2006-01-07T11:35,2006-01-07T13:50,RNS,1398633607
XXTLWZNQ,code,L,70002620,CS,2006-01-07T14:45,2006-01-07T16:50,LYS,1398633607
QESPFOXO,code,L,70002619,ST,2006-01-07T11:35,2006-01-07T13:50,RNS,1398633607
QESPFOXO,code,L,70002620,ST,2006-01-07T14:45,2006-01-07T16:50,LYS,1398633607
UVLTOGQD,code,L,70002619,ST,2006-01-07T11:35,2006-01-07T13:50,RNS,1398633607
UVLTOGQD,code,L,70002620,ST,2006-01-07T14:45,2006-01-07T16:50,LYS,1398633607
WTKWSVLP,code,L,70004668,CP,2006-01-07T11:45,2006-01-07T13:55,BOD,1662778767
WTKWSVLP,code,L,70004669,CP,2006-01-07T14:55,2006-01-07T16:00,LYS,1662778767
WTKWSVLP,code,L,70004664,CP,2006-01-07T16:55,2006-01-07T18:05,BOD,1662778767
WTKWSVLP,code,L,70004665,CP,2006-01-07T19:00,2006-01-07T20:50,LYS,1662778767
OPYMOIGD,code,L,70004668,FO,2006-01-07T11:45,2006-01-07T13:55,BOD,1662778767
OPYMOIGD,code,L,70004669,FO,2006-01-07T14:55,2006-01-07T16:00,LYS,1662778767
OPYMOIGD,code,L,70004664,FO,2006-01-07T16:55,2006-01-07T18:05,BOD,1662778767
OPYMOIGD,code,L,70004665,FO,2006-01-07T19:00,2006-01-07T20:50,LYS,1662778767
OPEEXVLU,code,L,70004668,CS,2006-01-07T11:45,2006-01-07T13:55,BOD,1662778767
OPEEXVLU,code,L,70004669,CS,2006-01-07T14:55,2006-01-07T16:00,LYS,1662778767
OPEEXVLU,code,L,70004664,CS,2006-01-07T16:55,2006-01-07T18:05,BOD,1662778767
OPEEXVLU,code,L,70004665,CS,2006-01-07T19:00,2006-01-07T20:50,LYS,1662778767
IRFCDWKQ,code,L,70004668,CS,2006-01-07T11:45,2006-01-07T13:55,BOD,1662778767
IRFCDWKQ,code,L,70004669,CS,2006-01-07T14:55,2006-01-07T16:00,LYS,1662778767
IRFCDWKQ,code,L,70004664,CS,2006-01-07T16:55,2006-01-07T18:05,BOD,1662778767
IRFCDWKQ,code,L,70004665,CS,2006-01-07T19:00,2006-01-07T20:50,LYS,1662778767
NNTPJFAS,code,L,70004668,ST,2006-01-07T11:45,2006-01-07T13:55,BOD,1662778767
NNTPJFAS,code,L,70004669,ST,2006-01-07T14:55,2006-01-07T16:00,LYS,1662778767
NNTPJFAS,code,L,70004664,ST,2006-01-07T16:55,2006-01-07T18:05,BOD,1662778767
NNTPJFAS,code,L,70004665,ST,2006-01-07T19:00,2006-01-07T20:50,LYS,1662778767
ZMXGMRRG,code,L,70004668,ST,2006-01-07T11:45,2006-01-07T13:55,BOD,1662778767
ZMXGMRRG,code,L,70004669,ST,2006-01-07T14:55,2006-01-07T16:00,LYS,1662778767
ZMXGMRRG,code,L,70004664,ST,2006-01-07T16:55,2006-01-07T18:05,BOD,1662778767
ZMXGMRRG,code,L,70004665,ST,2006-01-07T19:00,2006-01-07T20:50,LYS,1662778767
EAJORNYO,code,L,70004668,ST,2006-01-07T11:45,2006-01-07T13:55,BOD,1662778767
EAJORNYO,code,L,70004669,ST,2006-01-07T14:55,2006-01-07T16:00,LYS,1662778767
EAJORNYO,code,L,70004664,ST,2006-01-07T16:55,2006-01-07T18:05,BOD,1662778767
EAJORNYO,code,L,70004665,ST,2006-01-07T19:00,2006-01-07T20:50,LYS,1662778767
JCPVSQPH,code,L,70004668,ST,2006-01-07T11:45,2006-01-07T13:55,BOD,1662778767
JCPVSQPH,code,L,70004669,ST,2006-01-07T14:55,2006-01-07T16:00,LYS,1662778767
JCPVSQPH,code,L,70004664,ST,2006-01-07T16:55,2006-01-07T18:05,BOD,1662778767
JCPVSQPH,code,L,70004665,ST,2006-01-07T19:00,2006-01-07T20:50,LYS,1662778767
QYHHCRGN,code,L,70004668,ST,2006-01-07T11:45,2006-01-07T13:55,BOD,1662778767
QYHHCRGN,code,L,70004669,ST,2006-01-07T14:55,2006-01-07T16:00,LYS,1662778767
QYHHCRGN,code,L,70004664,ST,2006-01-07T16:55,2006-01-07T18:05,BOD,1662778767
QYHHCRGN,code,L,70004665,ST,2006-01-07T19:00,2006-01-07T20:50,LYS,1662778767
JOIQZUON,code,L,70004668,ST,2006-01-07T11:45,2006-01-07T13:55,BOD,1662778767
JOIQZUON,code,L,70004669,ST,2006-01-07T14:55,2006-01-07T16:00,LYS,1662778767
JOIQZUON,code,L,70004664,ST,2006-01-07T16:55,2006-01-07T18:05,BOD,1662778767
JOIQZUON,code,L,70004665,ST,2006-01-07T19:00,2006-01-07T20:50,LYS,1662778767
VLCQGKIJ,code,L,70003091,CP,2006-01-07T12:00,2006-01-07T14:20,ORY,1880812379
VLCQGKIJ,code,L,70003084,CP,2006-01-07T15:05,2006-01-07T16:30,NCE,1880812379
VLCQGKIJ,code,L,70003099,CP,2006-01-07T17:10,2006-01-07T18:30,ORY,1880812379
VLCQGKIJ,code,L,70003094,CP,2006-01-07T19:25,2006-01-07T21:05,NCE,1880812379
KBBSZOFK,code,L,70003091,FO,2006-01-07T12:00,2006-01-07T14:20,ORY,1880812379
KBBSZOFK,code,L,70003084,FO,2006-01-07T15:05,2006-01-07T16:30,NCE,1880812379
KBBSZOFK,code,L,70003099,FO,2006-01-07T17:10,2006-01-07T18:30,ORY,1880812379
KBBSZOFK,code,L,70003094,FO,2006-01-07T19:25,2006-01-07T21:05,NCE,1880812379
GSGRFACX,code,L,70003091,CS,2006-01-07T12:00,2006-01-07T14:20,ORY,1880812379
GSGRFACX,code,L,70003084,CS,2006-01-07T15:05,2006-01-07T16:30,NCE,1880812379
GSGRFACX,code,L,70003099,CS,2006-01-07T17:10,2006-01-07T18:30,ORY,1880812379
GSGRFACX,code,L,70003094,CS,2006-01-07T19:25,2006-01-07T21:05,NCE,1880812379
ZWRTHRTZ,code,L,70003091,CS,2006-01-07T12:00,2006-01-07T14:20,ORY,1880812379
ZWRTHRTZ,code,L,70003084,CS,2006-01-07T15:05,2006-01-07T16:30,NCE,1880812379
ZWRTHRTZ,code,L,70003099,CS,2006-01-07T17:10,2006-01-07T18:30,ORY,1880812379
ZWRTHRTZ,code,L,70003094,CS,2006-01-07T19:25,2006-01-07T21:05,NCE,1880812379
RBSXTCSP,code,L,70003091,ST,2006-01-07T12:00,2006-01-07T14:20,ORY,1880812379
RBSXTCSP,code,L,70003084,ST,2006-01-07T15:05,2006-01-07T16:30,NCE,1880812379
RBSXTCSP,code,L,70003099,ST,2006-01-07T17:10,2006-01-07T18:30,ORY,1880812379
RBSXTCSP,code,L,70003094,ST,2006-01-07T19:25,2006-01-07T21:05,NCE,1880812379
AHEHYOBA,code,L,70003091,ST,2006-01-07T12:00,2006-01-07T14:20,ORY,1880812379
AHEHYOBA,code,L,70003084,ST,2006-01-07T15:05,2006-01-07T16:30,NCE,1880812379
AHEHYOBA,code,L,70003099,ST,2006-01-07T17:10,2006-01-07T18:30,ORY,1880812379
AHEHYOBA,code,L,70003094,ST,2006-01-07T19:25,2006-01-07T21:05,NCE,1880812379
GDHYSXLI,code,L,70003091,ST,2006-01-07T12:00,2006-01-07T14:20,ORY,1880812379
GDHYSXLI,code,L,70003084,ST,2006-01-07T15:05,2006-01-07T16:30,NCE,1880812379
GDHYSXLI,code,L,70003099,ST,2006-01-07T17:10,2006-01-07T18:30,ORY,1880812379
GDHYSXLI,code,L,70003094,ST,2006-01-07T19:25,2006-01-07T21:05,NCE,1880812379
YVRNLJCZ,code,L,70003091,ST,2006-01-07T12:00,2006-01-07T14:20,ORY,1880812379
YVRNLJCZ,code,L,70003084,ST,2006-01-07T15:05,2006-01-07T16:30,NCE,1880812379
YVRNLJCZ,code,L,70003099,ST,2006-01-07T17:10,2006-01-07T18:30,ORY,1880812379
YVRNLJCZ,code,L,70003094,ST,2006-01-07T19:25,2006-01-07T21:05,NCE,1880812379
DSXTLVUI,code,L,70003091,ST,2006-01-07T12:00,2006-01-07T14:20,ORY,1880812379
DSXTLVUI,code,L,70003084,ST,2006-01-07T15:05,2006-01-07T16:30,NCE,1880812379
DSXTLVUI,code,L,70003099,ST,2006-01-07T17:10,2006-01-07T18:30,ORY,1880812379
DSXTLVUI,code,L,70003094,ST,2006-01-07T19:25,2006-01-07T21:05,NCE,1880812379
GJAGNIWY,code,L,70003091,ST,2006-01-07T12:00,2006-01-07T14:20,ORY,1880812379
GJAGNIWY,code,L,70003084,ST,2006-01-07T15:05,2006-01-07T16:30,NCE,1880812379
GJAGNIWY,code,L,70003099,ST,2006-01-07T17:10,2006-01-07T18:30,ORY,1880812379
GJAGNIWY,code,L,70003094,ST,2006-01-07T19:25,2006-01-07T21:05,NCE,1880812379
DVDFDMOS,code,L,70004174,CP,2006-01-07T12:35,2006-01-07T14:35,SXB,658194566
DVDFDMOS,code,L,70004389,CP,2006-01-07T15:35,2006-01-07T17:00,ORY,658194566
DVDFDMOS,code,L,70004390,CP,2006-01-07T17:50,2006-01-07T19:15,PGF,658194566
DVDFDMOS,code,L,70004169,CP,2006-01-07T20:00,2006-01-07T21:45,ORY,658194566
KFUNSKJJ,code,L,70004174,FO,2006-01-07T12:35,2006-01-07T14:35,SXB,658194566
KFUNSKJJ,code,L,70004389,FO,2006-01-07T15:35,2006-01-07T17:00,ORY,658194566
KFUNSKJJ,code,L,70004390,FO,2006-01-07T17:50,2006-01-07T19:15,PGF,658194566
KFUNSKJJ,code,L,70004169,FO,2006-01-07T20:00,2006-01-07T21:45,ORY,658194566
WTXJAQRK,code,L,70004174,CS,2006-01-07T12:35,2006-01-07T14:35,SXB,658194566
WTXJAQRK,code,L,70004389,CS,2006-01-07T15:35,2006-01-07T17:00,ORY,658194566
WTXJAQRK,code,L,70004390,CS,2006-01-07T17:50,2006-01-07T19:15,PGF,658194566
WTXJAQRK,code,L,70004169,CS,2006-01-07T20:00,2006-01-07T21:45,ORY,658194566
WHQQUOCU,code,L,70004174,CS,2006-01-07T12:35,2006-01-07T14:35,SXB,658194566
WHQQUOCU,code,L,70004389,CS,2006-01-07T15:35,2006-01-07T17:00,ORY,658194566
WHQQUOCU,code,L,70004390,CS,2006-01-07T17:50,2006-01-07T19:15,PGF,658194566
WHQQUOCU,code,L,70004169,CS,2006-01-07T20:00,2006-01-07T21:45,ORY,658194566
YSFOHYGG,code,L,70004174,ST,2006-01-07T12:35,2006-01-07T14:35,SXB,658194566
YSFOHYGG,code,L,70004389,ST,2006-01-07T15:35,2006-01-07T17:00,ORY,658194566
YSFOHYGG,code,L,70004390,ST,2006-01-07T17:50,2006-01-07T19:15,PGF,658194566
YSFOHYGG,code,L,70004169,ST,2006-01-07T20:00,2006-01-07T21:45,ORY,658194566
OEKUNGIE,code,L,70004174,ST,2006-01-07T12:35,2006-01-07T14:35,SXB,658194566
OEKUNGIE,code,L,70004389,ST,2006-01-07T15:35,2006-01-07T17:00,ORY,658194566
OEKUNGIE,code,L,70004390,ST,2006-01-07T17:50,2006-01-07T19:15,PGF,658194566
OEKUNGIE,code,L,70004169,ST,2006-01-07T20:00,2006-01-07T21:45,ORY,658194566
MLTOJIGE,code,L,70004174,ST,2006-01-07T12:35,2006-01-07T14:35,SXB,658194566
MLTOJIGE,code,L,70004389,ST,2006-01-07T15:35,2006-01-07T17:00,ORY,658194566
MLTOJIGE,code,L,70004390,ST,2006-01-07T17:50,2006-01-07T19:15,PGF,658194566
MLTOJIGE,code,L,70004169,ST,2006-01-07T20:00,2006-01-07T21:45,ORY,658194566
EKBPEBEP,code,L,70004174,ST,2006-01-07T12:35,2006-01-07T14:35,SXB,658194566
EKBPEBEP,code,L,70004389,ST,2006-01-07T15:35,2006-01-07T17:00,ORY,658194566
EKBPEBEP,code,L,70004390,ST,2006-01-07T17:50,2006-01-07T19:15,PGF,658194566
EKBPEBEP,code,L,70004169,ST,2006-01-07T20:00,2006-01-07T21:45,ORY,658194566
COZARXYX,code,L,70004174,ST,2006-01-07T12:35,2006-01-07T14:35,SXB,658194566
COZARXYX,code,L,70004389,ST,2006-01-07T15:35,2006-01-07T17:00,ORY,658194566
COZARXYX,code,L,70004390,ST,2006-01-07T17:50,2006-01-07T19:15,PGF,658194566
COZARXYX,code,L,70004169,ST,2006-01-07T20:00,2006-01-07T21:45,ORY,658194566
YZFWTYHI,code,L,70004174,ST,2006-01-07T12:35,2006-01-07T14:35,SXB,658194566
YZFWTYHI,code,L,70004389,ST,2006-01-07T15:35,2006-01-07T17:00,ORY,658194566
YZFWTYHI,code,L,70004390,ST,2006-01-07T17:50,2006-01-07T19:15,PGF,658194566
YZFWTYHI,code,L,70004169,ST,2006-01-07T20:00,2006-01-07T21:45,ORY,658194566
XZULZZBI,code,L,70002874,CP,2006-01-07T13:00,2006-01-07T15:20,MRS,794882901
XZULZZBI,code,L,70002907,CP,2006-01-07T18:35,2006-01-07T20:35,ORY,794882901
DJKEDLYJ,code,L,70002874,FO,2006-01-07T13:00,2006-01-07T15:20,MRS,794882901
DJKEDLYJ,code,L,70002907,FO,2006-01-07T18:35,2006-01-07T20:35,ORY,794882901
VDQSVXBN,code,L,70002874,CS,2006-01-07T13:00,2006-01-07T15:20,MRS,794882901
VDQSVXBN,code,L,70002907,CS,2006-01-07T18:35,2006-01-07T20:35,ORY,794882901
MREHPLBZ,code,L,70002874,CS,2006-01-07T13:00,2006-01-07T15:20,MRS,794882901
MREHPLBZ,code,L,70002907,CS,2006-01-07T18:35,2006-01-07T20:35,ORY,794882901
IKPKQEIC,code,L,70002874,ST,2006-01-07T13:00,2006-01-07T15:20,MRS,794882901
IKPKQEIC,code,L,70002907,ST,2006-01-07T18:35,2006-01-07T20:35,ORY,794882901
HRURXWPB,code,L,70002874,ST,2006-01-07T13:00,2006-01-07T15:20,MRS,794882901
HRURXWPB,code,L,70002907,ST,2006-01-07T18:35,2006-01-07T20:35,ORY,794882901
PSIUHIEE,code,L,70002874,ST,2006-01-07T13:00,2006-01-07T15:20,MRS,794882901
PSIUHIEE,code,L,70002907,ST,2006-01-07T18:35,2006-01-07T20:35,ORY,794882901
HJZETZCR,code,L,70002874,ST,2006-01-07T13:00,2006-01-07T15:20,MRS,794882901
HJZETZCR,code,L,70002907,ST,2006-01-07T18:35,2006-01-07T20:35,ORY,794882901
BBJHLTME,code,L,70002874,ST,2006-01-07T13:00,2006-01-07T15:20,MRS,794882901
BBJHLTME,code,L,70002907,ST,2006-01-07T18:35,2006-01-07T20:35,ORY,794882901
DPPILMZV,code,L,70002874,ST,2006-01-07T13:00,2006-01-07T15:20,MRS,794882901
DPPILMZV,code,L,70002907,ST,2006-01-07T18:35,2006-01-07T20:35,ORY,794882901
WIWVWDDF,code,L,70004619,CP,2006-01-07T13:30,2006-01-07T16:10,ETZ,1657007234
WIWVWDDF,code,L,70004620,CP,2006-01-07T18:50,2006-01-07T21:15,MRS,1657007234
MFUIDSIO,code,L,70004619,FO,2006-01-07T13:30,2006-01-07T16:10,ETZ,1657007234
MFUIDSIO,code,L,70004620,FO,2006-01-07T18:50,2006-01-07T21:15,MRS,1657007234
TRWGXJOP,code,L,70004619,CS,2006-01-07T13:30,2006-01-07T16:10,ETZ,1657007234
TRWGXJOP,code,L,70004620,CS,2006-01-07T18:50,2006-01-07T21:15,MRS,1657007234
ZJCOWECO,code,L,70004619,CS,2006-01-07T13:30,2006-01-07T16:10,ETZ,1657007234
ZJCOWECO,code,L,70004620,CS,2006-01-07T18:50,2006-01-07T21:15,MRS,1657007234
ZHIBMQBO,code,L,70004619,ST,2006-01-07T13:30,2006-01-07T16:10,ETZ,1657007234
ZHIBMQBO,code,L,70004620,ST,2006-01-07T18:50,2006-01-07T21:15,MRS,1657007234
QQTMZXUZ,code,L,70004619,ST,2006-01-07T13:30,2006-01-07T16:10,ETZ,1657007234
QQTMZXUZ,code,L,70004620,ST,2006-01-07T18:50,2006-01-07T21:15,MRS,1657007234
MJHLGHYE,code,L,70004619,ST,2006-01-07T13:30,2006-01-07T16:10,ETZ,1657007234
MJHLGHYE,code,L,70004620,ST,2006-01-07T18:50,2006-01-07T21:15,MRS,1657007234
BCPGKGIW,code,L,70004619,ST,2006-01-07T13:30,2006-01-07T16:10,ETZ,1657007234
BCPGKGIW,code,L,70004620,ST,2006-01-07T18:50,2006-01-07T21:15,MRS,1657007234
RZDIMDDE,code,L,70004619,ST,2006-01-07T13:30,2006-01-07T16:10,ETZ,1657007234
RZDIMDDE,code,L,70004620,ST,2006-01-07T18:50,2006-01-07T21:15,MRS,1657007234
MMJMJHDX,code,L,70004619,ST,2006-01-07T13:30,2006-01-07T16:10,ETZ,1657007234
MMJMJHDX,code,L,70004620,ST,2006-01-07T18:50,2006-01-07T21:15,MRS,1657007234
LOACFBUL,code,L,70004435,CP,2006-01-07T13:40,2006-01-07T16:20,AJA,1015490648
LOACFBUL,code,L,70004436,CP,2006-01-07T17:10,2006-01-07T19:35,ORY,1015490648
OATZISRL,code,L,70004435,FO,2006-01-07T13:40,2006-01-07T16:20,AJA,1015490648
OATZISRL,code,L,70004436,FO,2006-01-07T17:10,2006-01-07T19:35,ORY,1015490648
WJVBGMZZ,code,L,70004435,CS,2006-01-07T13:40,2006-01-07T16:20,AJA,1015490648
WJVBGMZZ,code,L,70004436,CS,2006-01-07T17:10,2006-01-07T19:35,ORY,1015490648
PTRVGNUI,code,L,70004435,CS,2006-01-07T13:40,2006-01-07T16:20,AJA,1015490648
PTRVGNUI,code,L,70004436,CS,2006-01-07T17:10,2006-01-07T19:35,ORY,1015490648
XGPPEKNF,code,L,70004435,ST,2006-01-07T13:40,2006-01-07T16:20,AJA,1015490648
XGPPEKNF,code,L,70004436,ST,2006-01-07T17:10,2006-01-07T19:35,ORY,1015490648
UNDDIMTZ,code,L,70004435,ST,2006-01-07T13:40,2006-01-07T16:20,AJA,1015490648
UNDDIMTZ,code,L,70004436,ST,2006-01-07T17:10,2006-01-07T19:35,ORY,1015490648
XOHUIJGU,code,L,70004435,ST,2006-01-07T13:40,2006-01-07T16:20,AJA,1015490648
XOHUIJGU,code,L,70004436,ST,2006-01-07T17:10,2006-01-07T19:35,ORY,1015490648
QWCFEPZR,code,L,70004435,ST,2006-01-07T13:40,2006-01-07T16:20,AJA,1015490648
QWCFEPZR,code,L,70004436,ST,2006-01-07T17:10,2006-01-07T19:35,ORY,1015490648
YOCPILFV,code,L,70004435,ST,2006-01-07T13:40,2006-01-07T16:20,AJA,1015490648
YOCPILFV,code,L,70004436,ST,2006-01-07T17:10,2006-01-07T19:35,ORY,1015490648
SAWCTABG,code,L,70004435,ST,2006-01-07T13:40,2006-01-07T16:20,AJA,1015490648
SAWCTABG,code,L,70004436,ST,2006-01-07T17:10,2006-01-07T19:35,ORY,1015490648
BCYMGDTN,code,L,70004578,CP,2006-01-07T14:35,2006-01-07T17:10,NCE,773559890
BCYMGDTN,code,L,70004575,CP,2006-01-07T18:30,2006-01-07T20:50,CDG,773559890
PFPKYFPZ,code,L,70004578,FO,2006-01-07T14:35,2006-01-07T17:10,NCE,773559890
PFPKYFPZ,code,L,70004575,FO,2006-01-07T18:30,2006-01-07T20:50,CDG,773559890
OCEJSCHT,code,L,70004578,CS,2006-01-07T14:35,2006-01-07T17:10,NCE,773559890
OCEJSCHT,code,L,70004575,CS,2006-01-07T18:30,2006-01-07T20:50,CDG,773559890
IIDFRDWN,code,L,70004578,CS,2006-01-07T14:35,2006-01-07T17:10,NCE,773559890
IIDFRDWN,code,L,70004575,CS,2006-01-07T18:30,2006-01-07T20:50,CDG,773559890
KLYIYDPX,code,L,70004578,ST,2006-01-07T14:35,2006-01-07T17:10,NCE,773559890
KLYIYDPX,code,L,70004575,ST,2006-01-07T18:30,2006-01-07T20:50,CDG,773559890
EWHDBFRB,code,L,70004578,ST,2006-01-07T14:35,2006-01-07T17:10,NCE,773559890
EWHDBFRB,code,L,70004575,ST,2006-01-07T18:30,2006-01-07T20:50,CDG,773559890
HLZYQUMQ,code,L,70004578,ST,2006-01-07T14:35,2006-01-07T17:10,NCE,773559890
HLZYQUMQ,code,L,70004575,ST,2006-01-07T18:30,2006-01-07T20:50,CDG,773559890
BMOEXIKX,code,L,70004578,ST,2006-01-07T14:35,2006-01-07T17:10,NCE,773559890
BMOEXIKX,code,L,70004575,ST,2006-01-07T18:30,2006-01-07T20:50,CDG,773559890
UERXHQUE,code,L,70004578,ST,2006-01-07T14:35,2006-01-07T17:10,NCE,773559890
UERXHQUE,code,L,70004575,ST,2006-01-07T18:30,2006-01-07T20:50,CDG,773559890
IPTXOPAX,code,L,70004578,ST,2006-01-07T14:35,2006-01-07T17:10,NCE,773559890
IPTXOPAX,code,L,70004575,ST,2006-01-07T18:30,2006-01-07T20:50,CDG,773559890
