crew_id,code,type,leg_id,rank,start,finish,airport,pairing
SQUZXEUQ,code,L,70002597,CP,2006-01-07T04:00,2006-01-07T05:20,LEH,1501688522
SQUZXEUQ,code,L,70002598,CP,2006-01-07T05:40,2006-01-07T07:00,URO,1501688522
SQUZXEUQ,code,L,70002599,CP,2006-01-07T07:40,2006-01-07T09:10,LYS,1501688522
SQUZXEUQ,code,L,70002600,CP,2006-01-07T09:30,2006-01-07T09:50,LEH,1501688522
SQUZXEUQ,code,L,70002601,CP,2006-01-07T15:00,2006-01-07T15:20,URO,1501688522
SQUZXEUQ,code,L,70002602,CP,2006-01-07T15:40,2006-01-07T17:10,LEH,1501688522
SQUZXEUQ,code,L,70002603,CP,2006-01-07T17:50,2006-01-07T19:10,LYS,1501688522
SQUZXEUQ,code,L,70002604,CP,2006-01-07T19:30,2006-01-07T20:35,URO,1501688522
TMTBPOGJ,code,L,70002597,FO,2006-01-07T04:00,2006-01-07T05:20,LEH,1501688522
TMTBPOGJ,code,L,70002598,FO,2006-01-07T05:40,2006-01-07T07:00,URO,1501688522
TMTBPOGJ,code,L,70002599,FO,2006-01-07T07:40,2006-01-07T09:10,LYS,1501688522
TMTBPOGJ,code,L,70002600,FO,2006-01-07T09:30,2006-01-07T09:50,LEH,1501688522
TMTBPOGJ,code,L,70002601,FO,2006-01-07T15:00,2006-01-07T15:20,URO,1501688522
TMTBPOGJ,code,L,70002602,FO,2006-01-07T15:40,2006-01-07T17:10,LEH,1501688522
TMTBPOGJ,code,L,70002603,FO,2006-01-07T17:50,2006-01-07T19:10,LYS,1501688522
TMTBPOGJ,code,L,70002604,FO,2006-01-07T19:30,2006-01-07T20:35,URO,1501688522
VLVDDKYH,code,L,70002597,CS,2006-01-07T04:00,2006-01-07T05:20,LEH,1501688522
VLVDDKYH,code,L,70002598,CS,2006-01-07T05:40,2006-01-07T07:00,URO,1501688522
VLVDDKYH,code,L,70002599,CS,2006-01-07T07:40,2006-01-07T09:10,LYS,1501688522
VLVDDKYH,code,L,70002600,CS,2006-01-07T09:30,2006-01-07T09:50,LEH,1501688522
VLVDDKYH,code,L,70002601,CS,2006-01-07T15:00,2006-01-07T15:20,URO,1501688522
VLVDDKYH,code,L,70002602,CS,2006-01-07T15:40,2006-01-07T17:10,LEH,1501688522
VLVDDKYH,code,L,70002603,CS,2006-01-07T17:50,2006-01-07T19:10,LYS,1501688522
VLVDDKYH,code,L,70002604,CS,2006-01-07T19:30,2006-01-07T20:35,URO,1501688522
MLXWMOOB,code,L,70002597,ST,2006-01-07T04:00,2006-01-07T05:20,LEH,1501688522
MLXWMOOB,code,L,70002598,ST,2006-01-07T05:40,2006-01-07T07:00,URO,1501688522
MLXWMOOB,code,L,70002599,ST,2006-01-07T07:40,2006-01-07T09:10,LYS,1501688522
MLXWMOOB,code,L,70002600,ST,2006-01-07T09:30,2006-01-07T09:50,LEH,1501688522
MLXWMOOB,code,L,70002601,ST,2006-01-07T15:00,2006-01-07T15:20,URO,1501688522
MLXWMOOB,code,L,70002602,ST,2006-01-07T15:40,2006-01-07T17:10,LEH,1501688522
MLXWMOOB,code,L,70002603,ST,2006-01-07T17:50,2006-01-07T19:10,LYS,1501688522
MLXWMOOB,code,L,70002604,ST,2006-01-07T19:30,2006-01-07T20:35,URO,1501688522
CMZKKAKI,code,L,70002597,ST,2006-01-07T04:00,2006-01-07T05:20,LEH,1501688522
CMZKKAKI,code,L,70002598,ST,2006-01-07T05:40,2006-01-07T07:00,URO,1501688522
CMZKKAKI,code,L,70002599,ST,2006-01-07T07:40,2006-01-07T09:10,LYS,1501688522
CMZKKAKI,code,L,70002600,ST,2006-01-07T09:30,2006-01-07T09:50,LEH,1501688522
CMZKKAKI,code,L,70002601,ST,2006-01-07T15:00,2006-01-07T15:20,URO,1501688522
CMZKKAKI,code,L,70002602,ST,2006-01-07T15:40,2006-01-07T17:10,LEH,1501688522
CMZKKAKI,code,L,70002603,ST,2006-01-07T17:50,2006-01-07T19:10,LYS,1501688522
CMZKKAKI,code,L,70002604,ST,2006-01-07T19:30,2006-01-07T20:35,URO,1501688522
IATOYJBH,code,L,70002597,ST,2006-01-07T04:00,2006-01-07T05:20,LEH,1501688522
IATOYJBH,code,L,70002598,ST,2006-01-07T05:40,2006-01-07T07:00,URO,1501688522
IATOYJBH,code,L,70002599,ST,2006-01-07T07:40,2006-01-07T09:10,LYS,1501688522
IATOYJBH,code,L,70002600,ST,2006-01-07T09:30,2006-01-07T09:50,LEH,1501688522
IATOYJBH,code,L,70002601,ST,2006-01-07T15:00,2006-01-07T15:20,URO,1501688522
IATOYJBH,code,L,70002602,ST,2006-01-07T15:40,2006-01-07T17:10,LEH,1501688522
IATOYJBH,code,L,70002603,ST,2006-01-07T17:50,2006-01-07T19:10,LYS,1501688522
IATOYJBH,code,L,70002604,ST,2006-01-07T19:30,2006-01-07T20:35,URO,1501688522
XXWDWPHY,code,L,70005123,CP,2006-01-07T04:05,2006-01-07T07:20,TLS,2138821259
XXWDWPHY,code,L,70005124,CP,2006-01-07T08:25,2006-01-07T11:05,AMS,2138821259
FZICTRSL,code,L,70005123,FO,2006-01-07T04:05,2006-01-07T07:20,TLS,2138821259
FZICTRSL,code,L,70005124,FO,2006-01-07T08:25,2006-01-07T11:05,AMS,2138821259
FFQJPKXB,code,L,70005123,CSD,2006-01-07T04:05,2006-01-07T07:20,TLS,2138821259
FFQJPKXB,code,L,70005124,CSD,2006-01-07T08:25,2006-01-07T11:05,AMS,2138821259
MRXERQMV,code,L,70005123,ST,2006-01-07T04:05,2006-01-07T07:20,TLS,2138821259
MRXERQMV,code,L,70005124,ST,2006-01-07T08:25,2006-01-07T11:05,AMS,2138821259
QAUQHGAL,code,L,70005123,ST,2006-01-07T04:05,2006-01-07T07:20,TLS,2138821259
QAUQHGAL,code,L,70005124,ST,2006-01-07T08:25,2006-01-07T11:05,AMS,2138821259
YRFWELWK,code,L,70004600,CP,2006-01-07T04:25,2006-01-07T06:45,BES,1464848243
YRFWELWK,code,L,70004599,CP,2006-01-07T09:30,2006-01-07T11:30,CDG,1464848243
BSSNFFDK,code,L,70004600,FO,2006-01-07T04:25,2006-01-07T06:45,BES,1464848243
BSSNFFDK,code,L,70004599,FO,2006-01-07T09:30,2006-01-07T11:30,CDG,1464848243
ZYTSWFAP,code,L,70004600,CSD,2006-01-07T04:25,2006-01-07T06:45,BES,1464848243
ZYTSWFAP,code,L,70004599,CSD,2006-01-07T09:30,2006-01-07T11:30,CDG,1464848243
PIVSADWO,code,L,70004600,CSD,2006-01-07T04:25,2006-01-07T06:45,BES,1464848243
PIVSADWO,code,L,70004599,CSD,2006-01-07T09:30,2006-01-07T11:30,CDG,1464848243
OBOBLXZT,code,L,70004600,ST,2006-01-07T04:25,2006-01-07T06:45,BES,1464848243
OBOBLXZT,code,L,70004599,ST,2006-01-07T09:30,2006-01-07T11:30,CDG,1464848243
BJHOLWHP,code,L,70004600,ST,2006-01-07T04:25,2006-01-07T06:45,BES,1464848243
BJHOLWHP,code,L,70004599,ST,2006-01-07T09:30,2006-01-07T11:30,CDG,1464848243
RYKBDRAZ,code,L,70004600,ST,2006-01-07T04:25,2006-01-07T06:45,BES,1464848243
RYKBDRAZ,code,L,70004599,ST,2006-01-07T09:30,2006-01-07T11:30,CDG,1464848243
ZHFUKAWO,code,L,70004600,ST,2006-01-07T04:25,2006-01-07T06:45,BES,1464848243
ZHFUKAWO,code,L,70004599,ST,2006-01-07T09:30,2006-01-07T11:30,CDG,1464848243
NHWDMCTO,code,L,70004600,ST,2006-01-07T04:25,2006-01-07T06:45,BES,1464848243
NHWDMCTO,code,L,70004599,ST,2006-01-07T09:30,2006-01-07T11:30,CDG,1464848243
YPKKQTXI,code,L,70004600,ST,2006-01-07T04:25,2006-01-07T06:45,BES,1464848243
YPKKQTXI,code,L,70004599,ST,2006-01-07T09:30,2006-01-07T11:30,CDG,1464848243
HHEXDRFV,code,L,70002583,CP,2006-01-07T04:25,2006-01-07T06:25,RNS,2113437503
HHEXDRFV,code,L,70004543,CP,2006-01-07T10:25,2006-01-07T11:50,CDG,2113437503
HHEXDRFV,code,L,70004546,CP,2006-01-07T12:40,2006-01-07T14:10,MPL,2113437503
HHEXDRFV,code,L,70002586,CP,2006-01-07T19:00,2006-01-07T20:40,CDG,2113437503
ONFPHNVA,code,L,70002583,FO,2006-01-07T04:25,2006-01-07T06:25,RNS,2113437503
ONFPHNVA,code,L,70004543,FO,2006-01-07T10:25,2006-01-07T11:50,CDG,2113437503
ONFPHNVA,code,L,70004546,FO,2006-01-07T12:40,2006-01-07T14:10,MPL,2113437503
ONFPHNVA,code,L,70002586,FO,2006-01-07T19:00,2006-01-07T20:40,CDG,2113437503
CSVATBQF,code,L,70002583,CSD,2006-01-07T04:25,2006-01-07T06:25,RNS,2113437503
CSVATBQF,code,L,70004543,CSD,2006-01-07T10:25,2006-01-07T11:50,CDG,2113437503
CSVATBQF,code,L,70004546,CSD,2006-01-07T12:40,2006-01-07T14:10,MPL,2113437503
CSVATBQF,code,L,70002586,CSD,2006-01-07T19:00,2006-01-07T20:40,CDG,2113437503
LYSRSESM,code,L,70002583,ST,2006-01-07T04:25,2006-01-07T06:25,RNS,2113437503
LYSRSESM,code,L,70004543,ST,2006-01-07T10:25,2006-01-07T11:50,CDG,2113437503
LYSRSESM,code,L,70004546,ST,2006-01-07T12:40,2006-01-07T14:10,MPL,2113437503
LYSRSESM,code,L,70002586,ST,2006-01-07T19:00,2006-01-07T20:40,CDG,2113437503
OPPPOZVY,code,L,70002583,ST,2006-01-07T04:25,2006-01-07T06:25,RNS,2113437503
OPPPOZVY,code,L,70004543,ST,2006-01-07T10:25,2006-01-07T11:50,CDG,2113437503
OPPPOZVY,code,L,70004546,ST,2006-01-07T12:40,2006-01-07T14:10,MPL,2113437503
OPPPOZVY,code,L,70002586,ST,2006-01-07T19:00,2006-01-07T20:40,CDG,2113437503
OCGDWLEY,code,L,70002587,CP,2006-01-07T04:25,2006-01-07T06:35,CFR,41568198
OCGDWLEY,code,L,70002588,CP,2006-01-07T07:40,2006-01-07T09:40,LYS,41568198
HBUXSXMA,code,L,70002587,FO,2006-01-07T04:25,2006-01-07T06:35,CFR,41568198
HBUXSXMA,code,L,70002588,FO,2006-01-07T07:40,2006-01-07T09:40,LYS,41568198
QDDNDPXJ,code,L,70002587,CS,2006-01-07T04:25,2006-01-07T06:35,CFR,41568198
QDDNDPXJ,code,L,70002588,CS,2006-01-07T07:40,2006-01-07T09:40,LYS,41568198
TXVAVKFJ,code,L,70002587,ST,2006-01-07T04:25,2006-01-07T06:35,CFR,41568198
TXVAVKFJ,code,L,70002588,ST,2006-01-07T07:40,2006-01-07T09:40,LYS,41568198
BTFOUFUY,code,L,70002587,ST,2006-01-07T04:25,2006-01-07T06:35,CFR,41568198
BTFOUFUY,code,L,70002588,ST,2006-01-07T07:40,2006-01-07T09:40,LYS,41568198
MGGTKWNS,code,L,70002587,ST,2006-01-07T04:25,2006-01-07T06:35,CFR,41568198
MGGTKWNS,code,L,70002588,ST,2006-01-07T07:40,2006-01-07T09:40,LYS,41568198
QMNOCOSQ,code,L,70002653,CP,2006-01-07T04:25,2006-01-07T06:55,BES,1017541010
QMNOCOSQ,code,L,70002654,CP,2006-01-07T07:40,2006-01-07T09:15,LYS,1017541010
QMNOCOSQ,code,L,70002657,CP,2006-01-07T10:05,2006-01-07T11:45,BES,1017541010
QMNOCOSQ,code,L,70002658,CP,2006-01-07T12:25,2006-01-07T14:50,MRS,1017541010
UPYSIZEJ,code,L,70002653,FO,2006-01-07T04:25,2006-01-07T06:55,BES,1017541010
UPYSIZEJ,code,L,70002654,FO,2006-01-07T07:40,2006-01-07T09:15,LYS,1017541010
UPYSIZEJ,code,L,70002657,FO,2006-01-07T10:05,2006-01-07T11:45,BES,1017541010
UPYSIZEJ,code,L,70002658,FO,2006-01-07T12:25,2006-01-07T14:50,MRS,1017541010
YAGQGMDS,code,L,70002653,CS,2006-01-07T04:25,2006-01-07T06:55,BES,1017541010
YAGQGMDS,code,L,70002654,CS,2006-01-07T07:40,2006-01-07T09:15,LYS,1017541010
YAGQGMDS,code,L,70002657,CS,2006-01-07T10:05,2006-01-07T11:45,BES,1017541010
YAGQGMDS,code,L,70002658,CS,2006-01-07T12:25,2006-01-07T14:50,MRS,1017541010
MYSCOBHK,code,L,70002653,ST,2006-01-07T04:25,2006-01-07T06:55,BES,1017541010
MYSCOBHK,code,L,70002654,ST,2006-01-07T07:40,2006-01-07T09:15,LYS,1017541010
MYSCOBHK,code,L,70002657,ST,2006-01-07T10:05,2006-01-07T11:45,BES,1017541010
MYSCOBHK,code,L,70002658,ST,2006-01-07T12:25,2006-01-07T14:50,MRS,1017541010
USVJUZHG,code,L,70002653,ST,2006-01-07T04:25,2006-01-07T06:55,BES,1017541010
USVJUZHG,code,L,70002654,ST,2006-01-07T07:40,2006-01-07T09:15,LYS,1017541010
USVJUZHG,code,L,70002657,ST,2006-01-07T10:05,2006-01-07T11:45,BES,1017541010
USVJUZHG,code,L,70002658,ST,2006-01-07T12:25,2006-01-07T14:50,MRS,1017541010
SQENHXDX,code,L,70002653,ST,2006-01-07T04:25,2006-01-07T06:55,BES,1017541010
SQENHXDX,code,L,70002654,ST,2006-01-07T07:40,2006-01-07T09:15,LYS,1017541010
SQENHXDX,code,L,70002657,ST,2006-01-07T10:05,2006-01-07T11:45,BES,1017541010
SQENHXDX,code,L,70002658,ST,2006-01-07T12:25,2006-01-07T14:50,MRS,1017541010
NVUYHSQS,code,L,70004636,CP,2006-01-07T04:25,2006-01-07T06:55,PUF,1772116450
NVUYHSQS,code,L,70004639,CP,2006-01-07T07:30,2006-01-07T09:45,CDG,1772116450
OIWPKPTV,code,L,70004636,FO,2006-01-07T04:25,2006-01-07T06:55,PUF,1772116450
OIWPKPTV,code,L,70004639,FO,2006-01-07T07:30,2006-01-07T09:45,CDG,1772116450
MMCIMIFC,code,L,70004636,CS,2006-01-07T04:25,2006-01-07T06:55,PUF,1772116450
MMCIMIFC,code,L,70004639,CS,2006-01-07T07:30,2006-01-07T09:45,CDG,1772116450
YJCTXSMT,code,L,70004636,ST,2006-01-07T04:25,2006-01-07T06:55,PUF,1772116450
YJCTXSMT,code,L,70004639,ST,2006-01-07T07:30,2006-01-07T09:45,CDG,1772116450
WLZOLOEG,code,L,70004636,ST,2006-01-07T04:25,2006-01-07T06:55,PUF,1772116450
WLZOLOEG,code,L,70004639,ST,2006-01-07T07:30,2006-01-07T09:45,CDG,1772116450
LNWHLQKH,code,L,70004636,ST,2006-01-07T04:25,2006-01-07T06:55,PUF,1772116450
LNWHLQKH,code,L,70004639,ST,2006-01-07T07:30,2006-01-07T09:45,CDG,1772116450
EUFSYLVW,code,L,70004194,CP,2006-01-07T04:30,2006-01-07T06:40,MLH,1709706839
EUFSYLVW,code,L,70004195,CP,2006-01-07T08:15,2006-01-07T10:00,ORY,1709706839
TPCZUYMN,code,L,70004194,FO,2006-01-07T04:30,2006-01-07T06:40,MLH,1709706839
TPCZUYMN,code,L,70004195,FO,2006-01-07T08:15,2006-01-07T10:00,ORY,1709706839
HAHMEPUS,code,L,70004194,CSD,2006-01-07T04:30,2006-01-07T06:40,MLH,1709706839
HAHMEPUS,code,L,70004195,CSD,2006-01-07T08:15,2006-01-07T10:00,ORY,1709706839
SMDRCJQO,code,L,70004194,CSD,2006-01-07T04:30,2006-01-07T06:40,MLH,1709706839
SMDRCJQO,code,L,70004195,CSD,2006-01-07T08:15,2006-01-07T10:00,ORY,1709706839
QSRNIRKV,code,L,70004194,ST,2006-01-07T04:30,2006-01-07T06:40,MLH,1709706839
QSRNIRKV,code,L,70004195,ST,2006-01-07T08:15,2006-01-07T10:00,ORY,1709706839
BVUSVSNU,code,L,70004194,ST,2006-01-07T04:30,2006-01-07T06:40,MLH,1709706839
BVUSVSNU,code,L,70004195,ST,2006-01-07T08:15,2006-01-07T10:00,ORY,1709706839
TNRKPVVV,code,L,70004194,ST,2006-01-07T04:30,2006-01-07T06:40,MLH,1709706839
TNRKPVVV,code,L,70004195,ST,2006-01-07T08:15,2006-01-07T10:00,ORY,1709706839
SXGSOCBD,code,L,70004194,ST,2006-01-07T04:30,2006-01-07T06:40,MLH,1709706839
SXGSOCBD,code,L,70004195,ST,2006-01-07T08:15,2006-01-07T10:00,ORY,1709706839
EKJNYUBZ,code,L,70004194,ST,2006-01-07T04:30,2006-01-07T06:40,MLH,1709706839
EKJNYUBZ,code,L,70004195,ST,2006-01-07T08:15,2006-01-07T10:00,ORY,1709706839
TGEBYDJI,code,L,70004194,ST,2006-01-07T04:30,2006-01-07T06:40,MLH,1709706839
TGEBYDJI,code,L,70004195,ST,2006-01-07T08:15,2006-01-07T10:00,ORY,1709706839
WFWTLCAB,code,L,70002866,CP,2006-01-07T04:30,2006-01-07T06:50,MRS,830807798
WFWTLCAB,code,L,70002873,CP,2006-01-07T07:35,2006-01-07T09:35,ORY,830807798
MVNZCBLH,code,L,70002866,FO,2006-01-07T04:30,2006-01-07T06:50,MRS,830807798
MVNZCBLH,code,L,70002873,FO,2006-01-07T07:35,2006-01-07T09:35,ORY,830807798
ASRMWQLR,code,L,70002866,CSD,2006-01-07T04:30,2006-01-07T06:50,MRS,830807798
ASRMWQLR,code,L,70002873,CSD,2006-01-07T07:35,2006-01-07T09:35,ORY,830807798
DGSVDCIY,code,L,70002866,CSD,2006-01-07T04:30,2006-01-07T06:50,MRS,830807798
DGSVDCIY,code,L,70002873,CSD,2006-01-07T07:35,2006-01-07T09:35,ORY,830807798
UQCIGAUF,code,L,70002866,ST,2006-01-07T04:30,2006-01-07T06:50,MRS,830807798
UQCIGAUF,code,L,70002873,ST,2006-01-07T07:35,2006-01-07T09:35,ORY,830807798
MYXOZYXL,code,L,70002866,ST,2006-01-07T04:30,2006-01-07T06:50,MRS,830807798
MYXOZYXL,code,L,70002873,ST,2006-01-07T07:35,2006-01-07T09:35,ORY,830807798
JHKHTBKB,code,L,70002866,ST,2006-01-07T04:30,2006-01-07T06:50,MRS,830807798
JHKHTBKB,code,L,70002873,ST,2006-01-07T07:35,2006-01-07T09:35,ORY,830807798
VYMPUKHG,code,L,70002866,ST,2006-01-07T04:30,2006-01-07T06:50,MRS,830807798
VYMPUKHG,code,L,70002873,ST,2006-01-07T07:35,2006-01-07T09:35,ORY,830807798
NJRDCAGM,code,L,70002866,ST,2006-01-07T04:30,2006-01-07T06:50,MRS,830807798
NJRDCAGM,code,L,70002873,ST,2006-01-07T07:35,2006-01-07T09:35,ORY,830807798
YWWPNKOR,code,L,70002866,ST,2006-01-07T04:30,2006-01-07T06:50,MRS,830807798
YWWPNKOR,code,L,70002873,ST,2006-01-07T07:35,2006-01-07T09:35,ORY,830807798
MRXIPSCA,code,L,70002573,CP,2006-01-07T04:30,2006-01-07T06:35,LIG,791771284
MRXIPSCA,code,L,70002574,CP,2006-01-07T08:00,2006-01-07T09:00,ORY,791771284
MRXIPSCA,code,L,70002581,CP,2006-01-07T10:05,2006-01-07T11:20,LIG,791771284
MRXIPSCA,code,L,70002582,CP,2006-01-07T12:30,2006-01-07T14:30,CDG,791771284
HOYPHRBC,code,L,70002573,FO,2006-01-07T04:30,2006-01-07T06:35,LIG,791771284
HOYPHRBC,code,L,70002574,FO,2006-01-07T08:00,2006-01-07T09:00,ORY,791771284
HOYPHRBC,code,L,70002581,FO,2006-01-07T10:05,2006-01-07T11:20,LIG,791771284
HOYPHRBC,code,L,70002582,FO,2006-01-07T12:30,2006-01-07T14:30,CDG,791771284
MMZZWYHX,code,L,70002573,CS,2006-01-07T04:30,2006-01-07T06:35,LIG,791771284
MMZZWYHX,code,L,70002574,CS,2006-01-07T08:00,2006-01-07T09:00,ORY,791771284
MMZZWYHX,code,L,70002581,CS,2006-01-07T10:05,2006-01-07T11:20,LIG,791771284
MMZZWYHX,code,L,70002582,CS,2006-01-07T12:30,2006-01-07T14:30,CDG,791771284
BNHUPSXH,code,L,70002573,ST,2006-01-07T04:30,2006-01-07T06:35,LIG,791771284
BNHUPSXH,code,L,70002574,ST,2006-01-07T08:00,2006-01-07T09:00,ORY,791771284
BNHUPSXH,code,L,70002581,ST,2006-01-07T10:05,2006-01-07T11:20,LIG,791771284
BNHUPSXH,code,L,70002582,ST,2006-01-07T12:30,2006-01-07T14:30,CDG,791771284
TXOVRKII,code,L,70002573,ST,2006-01-07T04:30,2006-01-07T06:35,LIG,791771284
TXOVRKII,code,L,70002574,ST,2006-01-07T08:00,2006-01-07T09:00,ORY,791771284
TXOVRKII,code,L,70002581,ST,2006-01-07T10:05,2006-01-07T11:20,LIG,791771284
TXOVRKII,code,L,70002582,ST,2006-01-07T12:30,2006-01-07T14:30,CDG,791771284
NOBPQHLD,code,L,70004334,CP,2006-01-07T04:30,2006-01-07T06:45,AVN,2022406920
NOBPQHLD,code,L,70004333,CP,2006-01-07T08:15,2006-01-07T09:30,ORY,2022406920
NOBPQHLD,code,L,70004336,CP,2006-01-07T10:05,2006-01-07T11:20,AVN,2022406920
NOBPQHLD,code,L,70004337,CP,2006-01-07T12:20,2006-01-07T14:20,ORY,2022406920
TIYUCIJM,code,L,70004334,FO,2006-01-07T04:30,2006-01-07T06:45,AVN,2022406920
TIYUCIJM,code,L,70004333,FO,2006-01-07T08:15,2006-01-07T09:30,ORY,2022406920
TIYUCIJM,code,L,70004336,FO,2006-01-07T10:05,2006-01-07T11:20,AVN,2022406920
TIYUCIJM,code,L,70004337,FO,2006-01-07T12:20,2006-01-07T14:20,ORY,2022406920
DMCLLWAR,code,L,70004334,CS,2006-01-07T04:30,2006-01-07T06:45,AVN,2022406920
DMCLLWAR,code,L,70004333,CS,2006-01-07T08:15,2006-01-07T09:30,ORY,2022406920
DMCLLWAR,code,L,70004336,CS,2006-01-07T10:05,2006-01-07T11:20,AVN,2022406920
DMCLLWAR,code,L,70004337,CS,2006-01-07T12:20,2006-01-07T14:20,ORY,2022406920
IQPUMJOF,code,L,70004334,ST,2006-01-07T04:30,2006-01-07T06:45,AVN,2022406920
IQPUMJOF,code,L,70004333,ST,2006-01-07T08:15,2006-01-07T09:30,ORY,2022406920
IQPUMJOF,code,L,70004336,ST,2006-01-07T10:05,2006-01-07T11:20,AVN,2022406920
IQPUMJOF,code,L,70004337,ST,2006-01-07T12:20,2006-01-07T14:20,ORY,2022406920
EXPYLKAQ,code,L,70004334,ST,2006-01-07T04:30,2006-01-07T06:45,AVN,2022406920
EXPYLKAQ,code,L,70004333,ST,2006-01-07T08:15,2006-01-07T09:30,ORY,2022406920
EXPYLKAQ,code,L,70004336,ST,2006-01-07T10:05,2006-01-07T11:20,AVN,2022406920
EXPYLKAQ,code,L,70004337,ST,2006-01-07T12:20,2006-01-07T14:20,ORY,2022406920
NTSNXLUN,code,L,70004334,ST,2006-01-07T04:30,2006-01-07T06:45,AVN,2022406920
NTSNXLUN,code,L,70004333,ST,2006-01-07T08:15,2006-01-07T09:30,ORY,2022406920
NTSNXLUN,code,L,70004336,ST,2006-01-07T10:05,2006-01-07T11:20,AVN,2022406920
NTSNXLUN,code,L,70004337,ST,2006-01-07T12:20,2006-01-07T14:20,ORY,2022406920
SMRFMWRV,code,L,70002613,CP,2006-01-07T04:30,2006-01-07T06:45,RNS,260274019
SMRFMWRV,code,L,70002614,CP,2006-01-07T07:45,2006-01-07T09:50,LYS,260274019
LUZIWYCP,code,L,70002613,FO,2006-01-07T04:30,2006-01-07T06:45,RNS,260274019
LUZIWYCP,code,L,70002614,FO,2006-01-07T07:45,2006-01-07T09:50,LYS,260274019
ZCFHYMIC,code,L,70002613,CS,2006-01-07T04:30,2006-01-07T06:45,RNS,260274019
ZCFHYMIC,code,L,70002614,CS,2006-01-07T07:45,2006-01-07T09:50,LYS,260274019
FIKKEPZW,code,L,70002613,ST,2006-01-07T04:30,2006-01-07T06:45,RNS,260274019
FIKKEPZW,code,L,70002614,ST,2006-01-07T07:45,2006-01-07T09:50,LYS,260274019
BSSFCZAU,code,L,70002613,ST,2006-01-07T04:30,2006-01-07T06:45,RNS,260274019
BSSFCZAU,code,L,70002614,ST,2006-01-07T07:45,2006-01-07T09:50,LYS,260274019
UOOGNBAK,code,L,70002613,ST,2006-01-07T04:30,2006-01-07T06:45,RNS,260274019
UOOGNBAK,code,L,70002614,ST,2006-01-07T07:45,2006-01-07T09:50,LYS,260274019
OQIRRAFT,code,L,70004684,CP,2006-01-07T04:35,2006-01-07T06:35,MRS,1104652174
OQIRRAFT,code,L,70004685,CP,2006-01-07T07:30,2006-01-07T09:15,LYS,1104652174
MJQRWXQQ,code,L,70004684,FO,2006-01-07T04:35,2006-01-07T06:35,MRS,1104652174
MJQRWXQQ,code,L,70004685,FO,2006-01-07T07:30,2006-01-07T09:15,LYS,1104652174
FKJPLTOF,code,L,70004684,CSD,2006-01-07T04:35,2006-01-07T06:35,MRS,1104652174
FKJPLTOF,code,L,70004685,CSD,2006-01-07T07:30,2006-01-07T09:15,LYS,1104652174
ZWZROXHE,code,L,70004684,CSD,2006-01-07T04:35,2006-01-07T06:35,MRS,1104652174
ZWZROXHE,code,L,70004685,CSD,2006-01-07T07:30,2006-01-07T09:15,LYS,1104652174
RZLFWLGT,code,L,70004684,ST,2006-01-07T04:35,2006-01-07T06:35,MRS,1104652174
RZLFWLGT,code,L,70004685,ST,2006-01-07T07:30,2006-01-07T09:15,LYS,1104652174
BFJMXBPU,code,L,70004684,ST,2006-01-07T04:35,2006-01-07T06:35,MRS,1104652174
BFJMXBPU,code,L,70004685,ST,2006-01-07T07:30,2006-01-07T09:15,LYS,1104652174
WJRUDKCQ,code,L,70004684,ST,2006-01-07T04:35,2006-01-07T06:35,MRS,1104652174
WJRUDKCQ,code,L,70004685,ST,2006-01-07T07:30,2006-01-07T09:15,LYS,1104652174
SWNEWBNM,code,L,70004684,ST,2006-01-07T04:35,2006-01-07T06:35,MRS,1104652174
SWNEWBNM,code,L,70004685,ST,2006-01-07T07:30,2006-01-07T09:15,LYS,1104652174
JTKRDPVG,code,L,70004684,ST,2006-01-07T04:35,2006-01-07T06:35,MRS,1104652174
JTKRDPVG,code,L,70004685,ST,2006-01-07T07:30,2006-01-07T09:15,LYS,1104652174
YNGTUJHM,code,L,70004684,ST,2006-01-07T04:35,2006-01-07T06:35,MRS,1104652174
YNGTUJHM,code,L,70004685,ST,2006-01-07T07:30,2006-01-07T09:15,LYS,1104652174
JTKZZUCU,code,L,70004224,CP,2006-01-07T04:35,2006-01-07T06:50,BES,932725007
JTKZZUCU,code,L,70004225,CP,2006-01-07T08:10,2006-01-07T10:05,ORY,932725007
INQSDBHM,code,L,70004224,FO,2006-01-07T04:35,2006-01-07T06:50,BES,932725007
INQSDBHM,code,L,70004225,FO,2006-01-07T08:10,2006-01-07T10:05,ORY,932725007
PLELPMMH,code,L,70004224,CSD,2006-01-07T04:35,2006-01-07T06:50,BES,932725007
PLELPMMH,code,L,70004225,CSD,2006-01-07T08:10,2006-01-07T10:05,ORY,932725007
PEVZQQHH,code,L,70004224,CSD,2006-01-07T04:35,2006-01-07T06:50,BES,932725007
PEVZQQHH,code,L,70004225,CSD,2006-01-07T08:10,2006-01-07T10:05,ORY,932725007
DLGFYASP,code,L,70004224,ST,2006-01-07T04:35,2006-01-07T06:50,BES,932725007
DLGFYASP,code,L,70004225,ST,2006-01-07T08:10,2006-01-07T10:05,ORY,932725007
QQCAERMI,code,L,70004224,ST,2006-01-07T04:35,2006-01-07T06:50,BES,932725007
QQCAERMI,code,L,70004225,ST,2006-01-07T08:10,2006-01-07T10:05,ORY,932725007
HBWLMKAX,code,L,70004224,ST,2006-01-07T04:35,2006-01-07T06:50,BES,932725007
HBWLMKAX,code,L,70004225,ST,2006-01-07T08:10,2006-01-07T10:05,ORY,932725007
NLKZOZDY,code,L,70004224,ST,2006-01-07T04:35,2006-01-07T06:50,BES,932725007
NLKZOZDY,code,L,70004225,ST,2006-01-07T08:10,2006-01-07T10:05,ORY,932725007
SDBMJRQC,code,L,70004224,ST,2006-01-07T04:35,2006-01-07T06:50,BES,932725007
SDBMJRQC,code,L,70004225,ST,2006-01-07T08:10,2006-01-07T10:05,ORY,932725007
KGBAIHYO,code,L,70004224,ST,2006-01-07T04:35,2006-01-07T06:50,BES,932725007
KGBAIHYO,code,L,70004225,ST,2006-01-07T08:10,2006-01-07T10:05,ORY,932725007
KOIHXXXQ,code,L,70004584,CP,2006-01-07T04:35,2006-01-07T06:40,NTE,848563345
KOIHXXXQ,code,L,70004583,CP,2006-01-07T08:05,2006-01-07T09:55,CDG,848563345
PFWMTUSK,code,L,70004584,FO,2006-01-07T04:35,2006-01-07T06:40,NTE,848563345
PFWMTUSK,code,L,70004583,FO,2006-01-07T08:05,2006-01-07T09:55,CDG,848563345
JLQFOSZD,code,L,70004584,CSD,2006-01-07T04:35,2006-01-07T06:40,NTE,848563345
JLQFOSZD,code,L,70004583,CSD,2006-01-07T08:05,2006-01-07T09:55,CDG,848563345
VYYXJWXG,code,L,70004584,CSD,2006-01-07T04:35,2006-01-07T06:40,NTE,848563345
VYYXJWXG,code,L,70004583,CSD,2006-01-07T08:05,2006-01-07T09:55,CDG,848563345
YPPNBXUO,code,L,70004584,ST,2006-01-07T04:35,2006-01-07T06:40,NTE,848563345
YPPNBXUO,code,L,70004583,ST,2006-01-07T08:05,2006-01-07T09:55,CDG,848563345
BOLBAQGL,code,L,70004584,ST,2006-01-07T04:35,2006-01-07T06:40,NTE,848563345
BOLBAQGL,code,L,70004583,ST,2006-01-07T08:05,2006-01-07T09:55,CDG,848563345
OYYTLVAO,code,L,70004584,ST,2006-01-07T04:35,2006-01-07T06:40,NTE,848563345
OYYTLVAO,code,L,70004583,ST,2006-01-07T08:05,2006-01-07T09:55,CDG,848563345
DVDAGYSN,code,L,70004584,ST,2006-01-07T04:35,2006-01-07T06:40,NTE,848563345
DVDAGYSN,code,L,70004583,ST,2006-01-07T08:05,2006-01-07T09:55,CDG,848563345
IPUAKBAU,code,L,70004584,ST,2006-01-07T04:35,2006-01-07T06:40,NTE,848563345
IPUAKBAU,code,L,70004583,ST,2006-01-07T08:05,2006-01-07T09:55,CDG,848563345
IWQKBPTG,code,L,70004584,ST,2006-01-07T04:35,2006-01-07T06:40,NTE,848563345
IWQKBPTG,code,L,70004583,ST,2006-01-07T08:05,2006-01-07T09:55,CDG,848563345
CVAISFYN,code,L,70002593,CP,2006-01-07T04:35,2006-01-07T06:35,LIG,1880812379
CVAISFYN,code,L,70004504,CP,2006-01-07T10:00,2006-01-07T11:10,LYS,1880812379
CVAISFYN,code,L,70004507,CP,2006-01-07T12:15,2006-01-07T13:25,CDG,1880812379
CVAISFYN,code,L,70004508,CP,2006-01-07T16:00,2006-01-07T17:10,LYS,1880812379
CVAISFYN,code,L,70004511,CP,2006-01-07T17:55,2006-01-07T19:05,CDG,1880812379
CVAISFYN,code,L,70004512,CP,2006-01-07T19:55,2006-01-07T21:40,LYS,1880812379
KFFOMDZC,code,L,70002593,FO,2006-01-07T04:35,2006-01-07T06:35,LIG,1880812379
KFFOMDZC,code,L,70004504,FO,2006-01-07T10:00,2006-01-07T11:10,LYS,1880812379
KFFOMDZC,code,L,70004507,FO,2006-01-07T12:15,2006-01-07T13:25,CDG,1880812379
KFFOMDZC,code,L,70004508,FO,2006-01-07T16:00,2006-01-07T17:10,LYS,1880812379
KFFOMDZC,code,L,70004511,FO,2006-01-07T17:55,2006-01-07T19:05,CDG,1880812379
KFFOMDZC,code,L,70004512,FO,2006-01-07T19:55,2006-01-07T21:40,LYS,1880812379
COZBYFBH,code,L,70002593,CSD,2006-01-07T04:35,2006-01-07T06:35,LIG,1880812379
COZBYFBH,code,L,70004504,CSD,2006-01-07T10:00,2006-01-07T11:10,LYS,1880812379
COZBYFBH,code,L,70004507,CSD,2006-01-07T12:15,2006-01-07T13:25,CDG,1880812379
COZBYFBH,code,L,70004508,CSD,2006-01-07T16:00,2006-01-07T17:10,LYS,1880812379
COZBYFBH,code,L,70004511,CSD,2006-01-07T17:55,2006-01-07T19:05,CDG,1880812379
COZBYFBH,code,L,70004512,CSD,2006-01-07T19:55,2006-01-07T21:40,LYS,1880812379
ZOIHFUBY,code,L,70002593,CSD,2006-01-07T04:35,2006-01-07T06:35,LIG,1880812379
ZOIHFUBY,code,L,70004504,CSD,2006-01-07T10:00,2006-01-07T11:10,LYS,1880812379
ZOIHFUBY,code,L,70004507,CSD,2006-01-07T12:15,2006-01-07T13:25,CDG,1880812379
ZOIHFUBY,code,L,70004508,CSD,2006-01-07T16:00,2006-01-07T17:10,LYS,1880812379
ZOIHFUBY,code,L,70004511,CSD,2006-01-07T17:55,2006-01-07T19:05,CDG,1880812379
ZOIHFUBY,code,L,70004512,CSD,2006-01-07T19:55,2006-01-07T21:40,LYS,1880812379
HFKYPSRJ,code,L,70002593,ST,2006-01-07T04:35,2006-01-07T06:35,LIG,1880812379
HFKYPSRJ,code,L,70004504,ST,2006-01-07T10:00,2006-01-07T11:10,LYS,1880812379
HFKYPSRJ,code,L,70004507,ST,2006-01-07T12:15,2006-01-07T13:25,CDG,1880812379
HFKYPSRJ,code,L,70004508,ST,2006-01-07T16:00,2006-01-07T17:10,LYS,1880812379
HFKYPSRJ,code,L,70004511,ST,2006-01-07T17:55,2006-01-07T19:05,CDG,1880812379
HFKYPSRJ,code,L,70004512,ST,2006-01-07T19:55,2006-01-07T21:40,LYS,1880812379
BAQCMSJG,code,L,70002593,ST,2006-01-07T04:35,2006-01-07T06:35,LIG,1880812379
BAQCMSJG,code,L,70004504,ST,2006-01-07T10:00,2006-01-07T11:10,LYS,1880812379
BAQCMSJG,code,L,70004507,ST,2006-01-07T12:15,2006-01-07T13:25,CDG,1880812379
BAQCMSJG,code,L,70004508,ST,2006-01-07T16:00,2006-01-07T17:10,LYS,1880812379
BAQCMSJG,code,L,70004511,ST,2006-01-07T17:55,2006-01-07T19:05,CDG,1880812379
BAQCMSJG,code,L,70004512,ST,2006-01-07T19:55,2006-01-07T21:40,LYS,1880812379
JDMCNPMV,code,L,70002593,ST,2006-01-07T04:35,2006-01-07T06:35,LIG,1880812379
JDMCNPMV,code,L,70004504,ST,2006-01-07T10:00,2006-01-07T11:10,LYS,1880812379
JDMCNPMV,code,L,70004507,ST,2006-01-07T12:15,2006-01-07T13:25,CDG,1880812379
JDMCNPMV,code,L,70004508,ST,2006-01-07T16:00,2006-01-07T17:10,LYS,1880812379
JDMCNPMV,code,L,70004511,ST,2006-01-07T17:55,2006-01-07T19:05,CDG,1880812379
JDMCNPMV,code,L,70004512,ST,2006-01-07T19:55,2006-01-07T21:40,LYS,1880812379
HKPZSXZI,code,L,70002593,ST,2006-01-07T04:35,2006-01-07T06:35,LIG,1880812379
HKPZSXZI,code,L,70004504,ST,2006-01-07T10:00,2006-01-07T11:10,LYS,1880812379
HKPZSXZI,code,L,70004507,ST,2006-01-07T12:15,2006-01-07T13:25,CDG,1880812379
HKPZSXZI,code,L,70004508,ST,2006-01-07T16:00,2006-01-07T17:10,LYS,1880812379
HKPZSXZI,code,L,70004511,ST,2006-01-07T17:55,2006-01-07T19:05,CDG,1880812379
HKPZSXZI,code,L,70004512,ST,2006-01-07T19:55,2006-01-07T21:40,LYS,1880812379
ZYMRDZPV,code,L,70002593,ST,2006-01-07T04:35,2006-01-07T06:35,LIG,1880812379
ZYMRDZPV,code,L,70004504,ST,2006-01-07T10:00,2006-01-07T11:10,LYS,1880812379
ZYMRDZPV,code,L,70004507,ST,2006-01-07T12:15,2006-01-07T13:25,CDG,1880812379
ZYMRDZPV,code,L,70004508,ST,2006-01-07T16:00,2006-01-07T17:10,LYS,1880812379
ZYMRDZPV,code,L,70004511,ST,2006-01-07T17:55,2006-01-07T19:05,CDG,1880812379
ZYMRDZPV,code,L,70004512,ST,2006-01-07T19:55,2006-01-07T21:40,LYS,1880812379
WSLDQVRO,code,L,70002593,ST,2006-01-07T04:35,2006-01-07T06:35,LIG,1880812379
WSLDQVRO,code,L,70004504,ST,2006-01-07T10:00,2006-01-07T11:10,LYS,1880812379
WSLDQVRO,code,L,70004507,ST,2006-01-07T12:15,2006-01-07T13:25,CDG,1880812379
WSLDQVRO,code,L,70004508,ST,2006-01-07T16:00,2006-01-07T17:10,LYS,1880812379
WSLDQVRO,code,L,70004511,ST,2006-01-07T17:55,2006-01-07T19:05,CDG,1880812379
WSLDQVRO,code,L,70004512,ST,2006-01-07T19:55,2006-01-07T21:40,LYS,1880812379
NJOINSCH,code,L,70004522,CP,2006-01-07T04:35,2006-01-07T06:40,CFE,1477521204
NJOINSCH,code,L,70004517,CP,2006-01-07T07:15,2006-01-07T09:00,CDG,1477521204
RRGGUPFT,code,L,70004522,FO,2006-01-07T04:35,2006-01-07T06:40,CFE,1477521204
RRGGUPFT,code,L,70004517,FO,2006-01-07T07:15,2006-01-07T09:00,CDG,1477521204
FRKITIMM,code,L,70004522,CS,2006-01-07T04:35,2006-01-07T06:40,CFE,1477521204
FRKITIMM,code,L,70004517,CS,2006-01-07T07:15,2006-01-07T09:00,CDG,1477521204
WKYYMPRL,code,L,70004522,ST,2006-01-07T04:35,2006-01-07T06:40,CFE,1477521204
WKYYMPRL,code,L,70004517,ST,2006-01-07T07:15,2006-01-07T09:00,CDG,1477521204
EHQNYJUS,code,L,70004522,ST,2006-01-07T04:35,2006-01-07T06:40,CFE,1477521204
EHQNYJUS,code,L,70004517,ST,2006-01-07T07:15,2006-01-07T09:00,CDG,1477521204
EPYBOOPR,code,L,70004522,ST,2006-01-07T04:35,2006-01-07T06:40,CFE,1477521204
EPYBOOPR,code,L,70004517,ST,2006-01-07T07:15,2006-01-07T09:00,CDG,1477521204
UCAOYRNB,code,L,70004296,CP,2006-01-07T04:40,2006-01-07T06:35,CFE,534011718
UCAOYRNB,code,L,70004295,CP,2006-01-07T08:10,2006-01-07T09:50,ORY,534011718
VMVRHAGB,code,L,70004296,FO,2006-01-07T04:40,2006-01-07T06:35,CFE,534011718
VMVRHAGB,code,L,70004295,FO,2006-01-07T08:10,2006-01-07T09:50,ORY,534011718
TOSGNTQG,code,L,70004296,CSD,2006-01-07T04:40,2006-01-07T06:35,CFE,534011718
TOSGNTQG,code,L,70004295,CSD,2006-01-07T08:10,2006-01-07T09:50,ORY,534011718
LPRPKGIW,code,L,70004296,CSD,2006-01-07T04:40,2006-01-07T06:35,CFE,534011718
LPRPKGIW,code,L,70004295,CSD,2006-01-07T08:10,2006-01-07T09:50,ORY,534011718
USJZQDHN,code,L,70004296,ST,2006-01-07T04:40,2006-01-07T06:35,CFE,534011718
USJZQDHN,code,L,70004295,ST,2006-01-07T08:10,2006-01-07T09:50,ORY,534011718
ITSRAXJJ,code,L,70004296,ST,2006-01-07T04:40,2006-01-07T06:35,CFE,534011718
ITSRAXJJ,code,L,70004295,ST,2006-01-07T08:10,2006-01-07T09:50,ORY,534011718
KRTCRVGD,code,L,70004296,ST,2006-01-07T04:40,2006-01-07T06:35,CFE,534011718
KRTCRVGD,code,L,70004295,ST,2006-01-07T08:10,2006-01-07T09:50,ORY,534011718
BMPGGSSO,code,L,70004296,ST,2006-01-07T04:40,2006-01-07T06:35,CFE,534011718
BMPGGSSO,code,L,70004295,ST,2006-01-07T08:10,2006-01-07T09:50,ORY,534011718
PJUPFRWD,code,L,70004296,ST,2006-01-07T04:40,2006-01-07T06:35,CFE,534011718
PJUPFRWD,code,L,70004295,ST,2006-01-07T08:10,2006-01-07T09:50,ORY,534011718
BRUWDNPK,code,L,70004296,ST,2006-01-07T04:40,2006-01-07T06:35,CFE,534011718
BRUWDNPK,code,L,70004295,ST,2006-01-07T08:10,2006-01-07T09:50,ORY,534011718
APIEXILG,code,L,70004314,CP,2006-01-07T04:40,2006-01-07T07:00,PUF,607156385
APIEXILG,code,L,70004315,CP,2006-01-07T08:00,2006-01-07T10:00,ORY,607156385
UCPRVTER,code,L,70004314,FO,2006-01-07T04:40,2006-01-07T07:00,PUF,607156385
UCPRVTER,code,L,70004315,FO,2006-01-07T08:00,2006-01-07T10:00,ORY,607156385
NTHOROLN,code,L,70004314,CSD,2006-01-07T04:40,2006-01-07T07:00,PUF,607156385
NTHOROLN,code,L,70004315,CSD,2006-01-07T08:00,2006-01-07T10:00,ORY,607156385
WOOLJGGH,code,L,70004314,CSD,2006-01-07T04:40,2006-01-07T07:00,PUF,607156385
WOOLJGGH,code,L,70004315,CSD,2006-01-07T08:00,2006-01-07T10:00,ORY,607156385
PRDFTFYG,code,L,70004314,ST,2006-01-07T04:40,2006-01-07T07:00,PUF,607156385
PRDFTFYG,code,L,70004315,ST,2006-01-07T08:00,2006-01-07T10:00,ORY,607156385
QYIRSERE,code,L,70004314,ST,2006-01-07T04:40,2006-01-07T07:00,PUF,607156385
QYIRSERE,code,L,70004315,ST,2006-01-07T08:00,2006-01-07T10:00,ORY,607156385
QSDZQBAW,code,L,70004314,ST,2006-01-07T04:40,2006-01-07T07:00,PUF,607156385
QSDZQBAW,code,L,70004315,ST,2006-01-07T08:00,2006-01-07T10:00,ORY,607156385
BWOYDESV,code,L,70004314,ST,2006-01-07T04:40,2006-01-07T07:00,PUF,607156385
BWOYDESV,code,L,70004315,ST,2006-01-07T08:00,2006-01-07T10:00,ORY,607156385
MOABBMXI,code,L,70004314,ST,2006-01-07T04:40,2006-01-07T07:00,PUF,607156385
MOABBMXI,code,L,70004315,ST,2006-01-07T08:00,2006-01-07T10:00,ORY,607156385
FSKHXKAQ,code,L,70004314,ST,2006-01-07T04:40,2006-01-07T07:00,PUF,607156385
FSKHXKAQ,code,L,70004315,ST,2006-01-07T08:00,2006-01-07T10:00,ORY,607156385
KCSESROI,code,L,70004404,CP,2006-01-07T04:40,2006-01-07T07:05,MPL,1512368656
KCSESROI,code,L,70004405,CP,2006-01-07T07:45,2006-01-07T09:45,ORY,1512368656
YGQOTQWR,code,L,70004404,FO,2006-01-07T04:40,2006-01-07T07:05,MPL,1512368656
YGQOTQWR,code,L,70004405,FO,2006-01-07T07:45,2006-01-07T09:45,ORY,1512368656
QACJJQYC,code,L,70004404,CSD,2006-01-07T04:40,2006-01-07T07:05,MPL,1512368656
QACJJQYC,code,L,70004405,CSD,2006-01-07T07:45,2006-01-07T09:45,ORY,1512368656
AOTREEMR,code,L,70004404,CSD,2006-01-07T04:40,2006-01-07T07:05,MPL,1512368656
AOTREEMR,code,L,70004405,CSD,2006-01-07T07:45,2006-01-07T09:45,ORY,1512368656
TFLGNMHP,code,L,70004404,ST,2006-01-07T04:40,2006-01-07T07:05,MPL,1512368656
TFLGNMHP,code,L,70004405,ST,2006-01-07T07:45,2006-01-07T09:45,ORY,1512368656
HQAIFVBM,code,L,70004404,ST,2006-01-07T04:40,2006-01-07T07:05,MPL,1512368656
HQAIFVBM,code,L,70004405,ST,2006-01-07T07:45,2006-01-07T09:45,ORY,1512368656
HNLBDKNL,code,L,70004404,ST,2006-01-07T04:40,2006-01-07T07:05,MPL,1512368656
HNLBDKNL,code,L,70004405,ST,2006-01-07T07:45,2006-01-07T09:45,ORY,1512368656
QPPATPWV,code,L,70004404,ST,2006-01-07T04:40,2006-01-07T07:05,MPL,1512368656
QPPATPWV,code,L,70004405,ST,2006-01-07T07:45,2006-01-07T09:45,ORY,1512368656
YZBPETFH,code,L,70004404,ST,2006-01-07T04:40,2006-01-07T07:05,MPL,1512368656
YZBPETFH,code,L,70004405,ST,2006-01-07T07:45,2006-01-07T09:45,ORY,1512368656
YYBOBYCY,code,L,70004404,ST,2006-01-07T04:40,2006-01-07T07:05,MPL,1512368656
YYBOBYCY,code,L,70004405,ST,2006-01-07T07:45,2006-01-07T09:45,ORY,1512368656
UQWICVWX,code,L,70002966,CP,2006-01-07T04:40,2006-01-07T07:00,TLS,2039758977
UQWICVWX,code,L,70002973,CP,2006-01-07T07:50,2006-01-07T09:45,ORY,2039758977
DCOTHAGF,code,L,70002966,FO,2006-01-07T04:40,2006-01-07T07:00,TLS,2039758977
DCOTHAGF,code,L,70002973,FO,2006-01-07T07:50,2006-01-07T09:45,ORY,2039758977
ANMRBGGW,code,L,70002966,CSD,2006-01-07T04:40,2006-01-07T07:00,TLS,2039758977
ANMRBGGW,code,L,70002973,CSD,2006-01-07T07:50,2006-01-07T09:45,ORY,2039758977
UKSZBRPU,code,L,70002966,CSD,2006-01-07T04:40,2006-01-07T07:00,TLS,2039758977
UKSZBRPU,code,L,70002973,CSD,2006-01-07T07:50,2006-01-07T09:45,ORY,2039758977
QPTVKXWL,code,L,70002966,ST,2006-01-07T04:40,2006-01-07T07:00,TLS,2039758977
QPTVKXWL,code,L,70002973,ST,2006-01-07T07:50,2006-01-07T09:45,ORY,2039758977
YYCNNFNX,code,L,70002966,ST,2006-01-07T04:40,2006-01-07T07:00,TLS,2039758977
YYCNNFNX,code,L,70002973,ST,2006-01-07T07:50,2006-01-07T09:45,ORY,2039758977
JLXQMTIN,code,L,70002966,ST,2006-01-07T04:40,2006-01-07T07:00,TLS,2039758977
JLXQMTIN,code,L,70002973,ST,2006-01-07T07:50,2006-01-07T09:45,ORY,2039758977
VMOOJFYQ,code,L,70002966,ST,2006-01-07T04:40,2006-01-07T07:00,TLS,2039758977
VMOOJFYQ,code,L,70002973,ST,2006-01-07T07:50,2006-01-07T09:45,ORY,2039758977
KUHQTDEZ,code,L,70002966,ST,2006-01-07T04:40,2006-01-07T07:00,TLS,2039758977
KUHQTDEZ,code,L,70002973,ST,2006-01-07T07:50,2006-01-07T09:45,ORY,2039758977
WDTFPYZE,code,L,70002966,ST,2006-01-07T04:40,2006-01-07T07:00,TLS,2039758977
WDTFPYZE,code,L,70002973,ST,2006-01-07T07:50,2006-01-07T09:45,ORY,2039758977
GQNBMPVI,code,L,70004576,CP,2006-01-07T04:40,2006-01-07T07:15,NCE,1008338748
GQNBMPVI,code,L,70004551,CP,2006-01-07T08:10,2006-01-07T09:35,CDG,1008338748
GQNBMPVI,code,L,70004552,CP,2006-01-07T10:30,2006-01-07T12:00,MPL,1008338748
GQNBMPVI,code,L,70004577,CP,2006-01-07T12:50,2006-01-07T14:10,CDG,1008338748
ZTFYIQOX,code,L,70004576,FO,2006-01-07T04:40,2006-01-07T07:15,NCE,1008338748
ZTFYIQOX,code,L,70004551,FO,2006-01-07T08:10,2006-01-07T09:35,CDG,1008338748
ZTFYIQOX,code,L,70004552,FO,2006-01-07T10:30,2006-01-07T12:00,MPL,1008338748
ZTFYIQOX,code,L,70004577,FO,2006-01-07T12:50,2006-01-07T14:10,CDG,1008338748
SMHQKFDQ,code,L,70004576,CSD,2006-01-07T04:40,2006-01-07T07:15,NCE,1008338748
SMHQKFDQ,code,L,70004551,CSD,2006-01-07T08:10,2006-01-07T09:35,CDG,1008338748
SMHQKFDQ,code,L,70004552,CSD,2006-01-07T10:30,2006-01-07T12:00,MPL,1008338748
SMHQKFDQ,code,L,70004577,CSD,2006-01-07T12:50,2006-01-07T14:10,CDG,1008338748
GIEQFWOV,code,L,70004576,CSD,2006-01-07T04:40,2006-01-07T07:15,NCE,1008338748
GIEQFWOV,code,L,70004551,CSD,2006-01-07T08:10,2006-01-07T09:35,CDG,1008338748
GIEQFWOV,code,L,70004552,CSD,2006-01-07T10:30,2006-01-07T12:00,MPL,1008338748
GIEQFWOV,code,L,70004577,CSD,2006-01-07T12:50,2006-01-07T14:10,CDG,1008338748
HTGQLDJT,code,L,70004576,ST,2006-01-07T04:40,2006-01-07T07:15,NCE,1008338748
HTGQLDJT,code,L,70004551,ST,2006-01-07T08:10,2006-01-07T09:35,CDG,1008338748
HTGQLDJT,code,L,70004552,ST,2006-01-07T10:30,2006-01-07T12:00,MPL,1008338748
HTGQLDJT,code,L,70004577,ST,2006-01-07T12:50,2006-01-07T14:10,CDG,1008338748
RBBNXARM,code,L,70004576,ST,2006-01-07T04:40,2006-01-07T07:15,NCE,1008338748
RBBNXARM,code,L,70004551,ST,2006-01-07T08:10,2006-01-07T09:35,CDG,1008338748
RBBNXARM,code,L,70004552,ST,2006-01-07T10:30,2006-01-07T12:00,MPL,1008338748
RBBNXARM,code,L,70004577,ST,2006-01-07T12:50,2006-01-07T14:10,CDG,1008338748
YSZXHPPG,code,L,70004576,ST,2006-01-07T04:40,2006-01-07T07:15,NCE,1008338748
YSZXHPPG,code,L,70004551,ST,2006-01-07T08:10,2006-01-07T09:35,CDG,1008338748
YSZXHPPG,code,L,70004552,ST,2006-01-07T10:30,2006-01-07T12:00,MPL,1008338748
YSZXHPPG,code,L,70004577,ST,2006-01-07T12:50,2006-01-07T14:10,CDG,1008338748
SQTZQFOE,code,L,70004576,ST,2006-01-07T04:40,2006-01-07T07:15,NCE,1008338748
SQTZQFOE,code,L,70004551,ST,2006-01-07T08:10,2006-01-07T09:35,CDG,1008338748
SQTZQFOE,code,L,70004552,ST,2006-01-07T10:30,2006-01-07T12:00,MPL,1008338748
SQTZQFOE,code,L,70004577,ST,2006-01-07T12:50,2006-01-07T14:10,CDG,1008338748
GXCZQDKY,code,L,70004576,ST,2006-01-07T04:40,2006-01-07T07:15,NCE,1008338748
GXCZQDKY,code,L,70004551,ST,2006-01-07T08:10,2006-01-07T09:35,CDG,1008338748
GXCZQDKY,code,L,70004552,ST,2006-01-07T10:30,2006-01-07T12:00,MPL,1008338748
GXCZQDKY,code,L,70004577,ST,2006-01-07T12:50,2006-01-07T14:10,CDG,1008338748
STHXDAGV,code,L,70004576,ST,2006-01-07T04:40,2006-01-07T07:15,NCE,1008338748
STHXDAGV,code,L,70004551,ST,2006-01-07T08:10,2006-01-07T09:35,CDG,1008338748
STHXDAGV,code,L,70004552,ST,2006-01-07T10:30,2006-01-07T12:00,MPL,1008338748
STHXDAGV,code,L,70004577,ST,2006-01-07T12:50,2006-01-07T14:10,CDG,1008338748
PCKLBIAX,code,L,70002543,CP,2006-01-07T04:40,2006-01-07T06:50,RDZ,262918833
PCKLBIAX,code,L,70002544,CP,2006-01-07T07:25,2006-01-07T09:15,ORY,262918833
CGLQWMAJ,code,L,70002543,FO,2006-01-07T04:40,2006-01-07T06:50,RDZ,262918833
CGLQWMAJ,code,L,70002544,FO,2006-01-07T07:25,2006-01-07T09:15,ORY,262918833
ALKZEYQN,code,L,70002543,CS,2006-01-07T04:40,2006-01-07T06:50,RDZ,262918833
ALKZEYQN,code,L,70002544,CS,2006-01-07T07:25,2006-01-07T09:15,ORY,262918833
WVPMXXJA,code,L,70002543,ST,2006-01-07T04:40,2006-01-07T06:50,RDZ,262918833
WVPMXXJA,code,L,70002544,ST,2006-01-07T07:25,2006-01-07T09:15,ORY,262918833
GZDPNNCM,code,L,70002543,ST,2006-01-07T04:40,2006-01-07T06:50,RDZ,262918833
GZDPNNCM,code,L,70002544,ST,2006-01-07T07:25,2006-01-07T09:15,ORY,262918833
JMLSDLSN,code,L,70004694,CP,2006-01-07T04:40,2006-01-07T06:35,NCE,282134252
JMLSDLSN,code,L,70004693,CP,2006-01-07T07:50,2006-01-07T09:35,LYS,282134252
JVVUGUDZ,code,L,70004694,FO,2006-01-07T04:40,2006-01-07T06:35,NCE,282134252
JVVUGUDZ,code,L,70004693,FO,2006-01-07T07:50,2006-01-07T09:35,LYS,282134252
MUVKQBAV,code,L,70004694,CS,2006-01-07T04:40,2006-01-07T06:35,NCE,282134252
MUVKQBAV,code,L,70004693,CS,2006-01-07T07:50,2006-01-07T09:35,LYS,282134252
VXFLKZDH,code,L,70004694,ST,2006-01-07T04:40,2006-01-07T06:35,NCE,282134252
VXFLKZDH,code,L,70004693,ST,2006-01-07T07:50,2006-01-07T09:35,LYS,282134252
CXAFVAIV,code,L,70004694,ST,2006-01-07T04:40,2006-01-07T06:35,NCE,282134252
CXAFVAIV,code,L,70004693,ST,2006-01-07T07:50,2006-01-07T09:35,LYS,282134252
UOJIHSZZ,code,L,70004694,ST,2006-01-07T04:40,2006-01-07T06:35,NCE,282134252
UOJIHSZZ,code,L,70004693,ST,2006-01-07T07:50,2006-01-07T09:35,LYS,282134252
FJZTTLVE,code,L,70004364,CP,2006-01-07T04:45,2006-01-07T07:10,TLN,820276643
FJZTTLVE,code,L,70004363,CP,2006-01-07T07:55,2006-01-07T10:00,ORY,820276643
QDTVMWNK,code,L,70004364,FO,2006-01-07T04:45,2006-01-07T07:10,TLN,820276643
QDTVMWNK,code,L,70004363,FO,2006-01-07T07:55,2006-01-07T10:00,ORY,820276643
UXYMJDFA,code,L,70004364,CSD,2006-01-07T04:45,2006-01-07T07:10,TLN,820276643
UXYMJDFA,code,L,70004363,CSD,2006-01-07T07:55,2006-01-07T10:00,ORY,820276643
MPGOODIS,code,L,70004364,CSD,2006-01-07T04:45,2006-01-07T07:10,TLN,820276643
MPGOODIS,code,L,70004363,CSD,2006-01-07T07:55,2006-01-07T10:00,ORY,820276643
VJHIGKJL,code,L,70004364,ST,2006-01-07T04:45,2006-01-07T07:10,TLN,820276643
VJHIGKJL,code,L,70004363,ST,2006-01-07T07:55,2006-01-07T10:00,ORY,820276643
GJRIUWDV,code,L,70004364,ST,2006-01-07T04:45,2006-01-07T07:10,TLN,820276643
GJRIUWDV,code,L,70004363,ST,2006-01-07T07:55,2006-01-07T10:00,ORY,820276643
CMFVYDBV,code,L,70004364,ST,2006-01-07T04:45,2006-01-07T07:10,TLN,820276643
CMFVYDBV,code,L,70004363,ST,2006-01-07T07:55,2006-01-07T10:00,ORY,820276643
QKTBUCUJ,code,L,70004364,ST,2006-01-07T04:45,2006-01-07T07:10,TLN,820276643
QKTBUCUJ,code,L,70004363,ST,2006-01-07T07:55,2006-01-07T10:00,ORY,820276643
YTGURHKT,code,L,70004364,ST,2006-01-07T04:45,2006-01-07T07:10,TLN,820276643
YTGURHKT,code,L,70004363,ST,2006-01-07T07:55,2006-01-07T10:00,ORY,820276643
ZKAKQVVI,code,L,70004364,ST,2006-01-07T04:45,2006-01-07T07:10,TLN,820276643
ZKAKQVVI,code,L,70004363,ST,2006-01-07T07:55,2006-01-07T10:00,ORY,820276643
KZZRKRQX,code,L,70004723,CP,2006-01-07T04:45,2006-01-07T07:00,NTE,263157300
KZZRKRQX,code,L,70004726,CP,2006-01-07T07:55,2006-01-07T09:55,LYS,263157300
LHCLHERO,code,L,70004723,FO,2006-01-07T04:45,2006-01-07T07:00,NTE,263157300
LHCLHERO,code,L,70004726,FO,2006-01-07T07:55,2006-01-07T09:55,LYS,263157300
QRKSDMVL,code,L,70004723,CSD,2006-01-07T04:45,2006-01-07T07:00,NTE,263157300
QRKSDMVL,code,L,70004726,CSD,2006-01-07T07:55,2006-01-07T09:55,LYS,263157300
NLRVIGUK,code,L,70004723,CSD,2006-01-07T04:45,2006-01-07T07:00,NTE,263157300
NLRVIGUK,code,L,70004726,CSD,2006-01-07T07:55,2006-01-07T09:55,LYS,263157300
KAXDSDMY,code,L,70004723,ST,2006-01-07T04:45,2006-01-07T07:00,NTE,263157300
KAXDSDMY,code,L,70004726,ST,2006-01-07T07:55,2006-01-07T09:55,LYS,263157300
BKPEERAB,code,L,70004723,ST,2006-01-07T04:45,2006-01-07T07:00,NTE,263157300
BKPEERAB,code,L,70004726,ST,2006-01-07T07:55,2006-01-07T09:55,LYS,263157300
QRLUQKST,code,L,70004723,ST,2006-01-07T04:45,2006-01-07T07:00,NTE,263157300
QRLUQKST,code,L,70004726,ST,2006-01-07T07:55,2006-01-07T09:55,LYS,263157300
HDZYKLGN,code,L,70004723,ST,2006-01-07T04:45,2006-01-07T07:00,NTE,263157300
HDZYKLGN,code,L,70004726,ST,2006-01-07T07:55,2006-01-07T09:55,LYS,263157300
DSIPJAOG,code,L,70004723,ST,2006-01-07T04:45,2006-01-07T07:00,NTE,263157300
DSIPJAOG,code,L,70004726,ST,2006-01-07T07:55,2006-01-07T09:55,LYS,263157300
ZVEBUZQN,code,L,70004723,ST,2006-01-07T04:45,2006-01-07T07:00,NTE,263157300
ZVEBUZQN,code,L,70004726,ST,2006-01-07T07:55,2006-01-07T09:55,LYS,263157300
WHKIYZBC,code,L,70002524,CP,2006-01-07T04:45,2006-01-07T06:55,UIP,1196878155
WHKIYZBC,code,L,70002523,CP,2006-01-07T07:45,2006-01-07T08:50,ORY,1196878155
WHKIYZBC,code,L,70002526,CP,2006-01-07T09:45,2006-01-07T10:55,UIP,1196878155
WHKIYZBC,code,L,70002798,CP,2006-01-07T13:00,2006-01-07T14:45,ORY,1196878155
BWEYMYZT,code,L,70002524,FO,2006-01-07T04:45,2006-01-07T06:55,UIP,1196878155
BWEYMYZT,code,L,70002523,FO,2006-01-07T07:45,2006-01-07T08:50,ORY,1196878155
BWEYMYZT,code,L,70002526,FO,2006-01-07T09:45,2006-01-07T10:55,UIP,1196878155
BWEYMYZT,code,L,70002798,FO,2006-01-07T13:00,2006-01-07T14:45,ORY,1196878155
VMIFJVUO,code,L,70002524,CS,2006-01-07T04:45,2006-01-07T06:55,UIP,1196878155
VMIFJVUO,code,L,70002523,CS,2006-01-07T07:45,2006-01-07T08:50,ORY,1196878155
VMIFJVUO,code,L,70002526,CS,2006-01-07T09:45,2006-01-07T10:55,UIP,1196878155
VMIFJVUO,code,L,70002798,CS,2006-01-07T13:00,2006-01-07T14:45,ORY,1196878155
UXKIRDTP,code,L,70002524,ST,2006-01-07T04:45,2006-01-07T06:55,UIP,1196878155
UXKIRDTP,code,L,70002523,ST,2006-01-07T07:45,2006-01-07T08:50,ORY,1196878155
UXKIRDTP,code,L,70002526,ST,2006-01-07T09:45,2006-01-07T10:55,UIP,1196878155
UXKIRDTP,code,L,70002798,ST,2006-01-07T13:00,2006-01-07T14:45,ORY,1196878155
VLPBTDEZ,code,L,70002524,ST,2006-01-07T04:45,2006-01-07T06:55,UIP,1196878155
VLPBTDEZ,code,L,70002523,ST,2006-01-07T07:45,2006-01-07T08:50,ORY,1196878155
VLPBTDEZ,code,L,70002526,ST,2006-01-07T09:45,2006-01-07T10:55,UIP,1196878155
VLPBTDEZ,code,L,70002798,ST,2006-01-07T13:00,2006-01-07T14:45,ORY,1196878155
FGOHKXFD,code,L,70004673,CP,2006-01-07T04:45,2006-01-07T07:00,LIL,564194307
FGOHKXFD,code,L,70004676,CP,2006-01-07T07:40,2006-01-07T09:40,LYS,564194307
VMGBOJAO,code,L,70004673,FO,2006-01-07T04:45,2006-01-07T07:00,LIL,564194307
VMGBOJAO,code,L,70004676,FO,2006-01-07T07:40,2006-01-07T09:40,LYS,564194307
UJKCCEEO,code,L,70004673,CSD,2006-01-07T04:45,2006-01-07T07:00,LIL,564194307
UJKCCEEO,code,L,70004676,CSD,2006-01-07T07:40,2006-01-07T09:40,LYS,564194307
LFDZSQQN,code,L,70004673,ST,2006-01-07T04:45,2006-01-07T07:00,LIL,564194307
LFDZSQQN,code,L,70004676,ST,2006-01-07T07:40,2006-01-07T09:40,LYS,564194307
WYCYMRZF,code,L,70004673,ST,2006-01-07T04:45,2006-01-07T07:00,LIL,564194307
WYCYMRZF,code,L,70004676,ST,2006-01-07T07:40,2006-01-07T09:40,LYS,564194307
TVQZJGOP,code,L,70004764,CP,2006-01-07T04:45,2006-01-07T07:10,NCE,1398633607
TVQZJGOP,code,L,70004765,CP,2006-01-07T07:45,2006-01-07T09:00,BOD,1398633607
TVQZJGOP,code,L,70003076,CP,2006-01-07T11:35,2006-01-07T13:00,NCE,1398633607
TVQZJGOP,code,L,70003063,CP,2006-01-07T14:00,2006-01-07T16:10,ORY,1398633607
MXUPAFQP,code,L,70004764,FO,2006-01-07T04:45,2006-01-07T07:10,NCE,1398633607
MXUPAFQP,code,L,70004765,FO,2006-01-07T07:45,2006-01-07T09:00,BOD,1398633607
MXUPAFQP,code,L,70003076,FO,2006-01-07T11:35,2006-01-07T13:00,NCE,1398633607
MXUPAFQP,code,L,70003063,FO,2006-01-07T14:00,2006-01-07T16:10,ORY,1398633607
PQRYYMBO,code,L,70004764,CSD,2006-01-07T04:45,2006-01-07T07:10,NCE,1398633607
PQRYYMBO,code,L,70004765,CSD,2006-01-07T07:45,2006-01-07T09:00,BOD,1398633607
PQRYYMBO,code,L,70003076,CSD,2006-01-07T11:35,2006-01-07T13:00,NCE,1398633607
PQRYYMBO,code,L,70003063,CSD,2006-01-07T14:00,2006-01-07T16:10,ORY,1398633607
OLGVWHTK,code,L,70004764,ST,2006-01-07T04:45,2006-01-07T07:10,NCE,1398633607
OLGVWHTK,code,L,70004765,ST,2006-01-07T07:45,2006-01-07T09:00,BOD,1398633607
OLGVWHTK,code,L,70003076,ST,2006-01-07T11:35,2006-01-07T13:00,NCE,1398633607
OLGVWHTK,code,L,70003063,ST,2006-01-07T14:00,2006-01-07T16:10,ORY,1398633607
PUBLEKDU,code,L,70004764,ST,2006-01-07T04:45,2006-01-07T07:10,NCE,1398633607
PUBLEKDU,code,L,70004765,ST,2006-01-07T07:45,2006-01-07T09:00,BOD,1398633607
PUBLEKDU,code,L,70003076,ST,2006-01-07T11:35,2006-01-07T13:00,NCE,1398633607
PUBLEKDU,code,L,70003063,ST,2006-01-07T14:00,2006-01-07T16:10,ORY,1398633607
PYMLKVJZ,code,L,70002965,CP,2006-01-07T04:50,2006-01-07T07:00,ORY,2090911250
PYMLKVJZ,code,L,70002974,CP,2006-01-07T07:40,2006-01-07T09:45,TLS,2090911250
OGCMUNGS,code,L,70002965,FO,2006-01-07T04:50,2006-01-07T07:00,ORY,2090911250
OGCMUNGS,code,L,70002974,FO,2006-01-07T07:40,2006-01-07T09:45,TLS,2090911250
SBTPSBPS,code,L,70002965,CSD,2006-01-07T04:50,2006-01-07T07:00,ORY,2090911250
SBTPSBPS,code,L,70002974,CSD,2006-01-07T07:40,2006-01-07T09:45,TLS,2090911250
RINNIMEV,code,L,70002965,CSD,2006-01-07T04:50,2006-01-07T07:00,ORY,2090911250
RINNIMEV,code,L,70002974,CSD,2006-01-07T07:40,2006-01-07T09:45,TLS,2090911250
LGAHFTAG,code,L,70002965,ST,2006-01-07T04:50,2006-01-07T07:00,ORY,2090911250
LGAHFTAG,code,L,70002974,ST,2006-01-07T07:40,2006-01-07T09:45,TLS,2090911250
HOOXYNLM,code,L,70002965,ST,2006-01-07T04:50,2006-01-07T07:00,ORY,2090911250
HOOXYNLM,code,L,70002974,ST,2006-01-07T07:40,2006-01-07T09:45,TLS,2090911250
MNZIVKCR,code,L,70002965,ST,2006-01-07T04:50,2006-01-07T07:00,ORY,2090911250
MNZIVKCR,code,L,70002974,ST,2006-01-07T07:40,2006-01-07T09:45,TLS,2090911250
IRANYGKU,code,L,70002965,ST,2006-01-07T04:50,2006-01-07T07:00,ORY,2090911250
IRANYGKU,code,L,70002974,ST,2006-01-07T07:40,2006-01-07T09:45,TLS,2090911250
JVUHELFC,code,L,70002965,ST,2006-01-07T04:50,2006-01-07T07:00,ORY,2090911250
JVUHELFC,code,L,70002974,ST,2006-01-07T07:40,2006-01-07T09:45,TLS,2090911250
MMJXVMRO,code,L,70002965,ST,2006-01-07T04:50,2006-01-07T07:00,ORY,2090911250
MMJXVMRO,code,L,70002974,ST,2006-01-07T07:40,2006-01-07T09:45,TLS,2090911250
VCDQUSLG,code,L,70004344,CP,2006-01-07T04:50,2006-01-07T07:10,BIQ,669806174
VCDQUSLG,code,L,70004343,CP,2006-01-07T07:55,2006-01-07T09:55,ORY,669806174
ASLQVSAG,code,L,70004344,FO,2006-01-07T04:50,2006-01-07T07:10,BIQ,669806174
ASLQVSAG,code,L,70004343,FO,2006-01-07T07:55,2006-01-07T09:55,ORY,669806174
XGKRFVDK,code,L,70004344,CSD,2006-01-07T04:50,2006-01-07T07:10,BIQ,669806174
XGKRFVDK,code,L,70004343,CSD,2006-01-07T07:55,2006-01-07T09:55,ORY,669806174
KRCOQKTJ,code,L,70004344,CSD,2006-01-07T04:50,2006-01-07T07:10,BIQ,669806174
KRCOQKTJ,code,L,70004343,CSD,2006-01-07T07:55,2006-01-07T09:55,ORY,669806174
ZMPPLAFL,code,L,70004344,ST,2006-01-07T04:50,2006-01-07T07:10,BIQ,669806174
ZMPPLAFL,code,L,70004343,ST,2006-01-07T07:55,2006-01-07T09:55,ORY,669806174
CXYHXMLO,code,L,70004344,ST,2006-01-07T04:50,2006-01-07T07:10,BIQ,669806174
CXYHXMLO,code,L,70004343,ST,2006-01-07T07:55,2006-01-07T09:55,ORY,669806174
GQIRRPBO,code,L,70004344,ST,2006-01-07T04:50,2006-01-07T07:10,BIQ,669806174
GQIRRPBO,code,L,70004343,ST,2006-01-07T07:55,2006-01-07T09:55,ORY,669806174
SZCBWWCK,code,L,70004344,ST,2006-01-07T04:50,2006-01-07T07:10,BIQ,669806174
SZCBWWCK,code,L,70004343,ST,2006-01-07T07:55,2006-01-07T09:55,ORY,669806174
VXTWGDYY,code,L,70004344,ST,2006-01-07T04:50,2006-01-07T07:10,BIQ,669806174
VXTWGDYY,code,L,70004343,ST,2006-01-07T07:55,2006-01-07T09:55,ORY,669806174
EXBGKDMT,code,L,70004344,ST,2006-01-07T04:50,2006-01-07T07:10,BIQ,669806174
EXBGKDMT,code,L,70004343,ST,2006-01-07T07:55,2006-01-07T09:55,ORY,669806174
TILUBZJQ,code,L,70004704,CP,2006-01-07T04:50,2006-01-07T06:50,TLS,1796576214
TILUBZJQ,code,L,70004703,CP,2006-01-07T07:45,2006-01-07T09:35,LYS,1796576214
YQESXHMS,code,L,70004704,FO,2006-01-07T04:50,2006-01-07T06:50,TLS,1796576214
YQESXHMS,code,L,70004703,FO,2006-01-07T07:45,2006-01-07T09:35,LYS,1796576214
MPMNNALO,code,L,70004704,CSD,2006-01-07T04:50,2006-01-07T06:50,TLS,1796576214
MPMNNALO,code,L,70004703,CSD,2006-01-07T07:45,2006-01-07T09:35,LYS,1796576214
UJLSFLDK,code,L,70004704,CSD,2006-01-07T04:50,2006-01-07T06:50,TLS,1796576214
UJLSFLDK,code,L,70004703,CSD,2006-01-07T07:45,2006-01-07T09:35,LYS,1796576214
IMQXSZMX,code,L,70004704,ST,2006-01-07T04:50,2006-01-07T06:50,TLS,1796576214
IMQXSZMX,code,L,70004703,ST,2006-01-07T07:45,2006-01-07T09:35,LYS,1796576214
WLJMXLXT,code,L,70004704,ST,2006-01-07T04:50,2006-01-07T06:50,TLS,1796576214
WLJMXLXT,code,L,70004703,ST,2006-01-07T07:45,2006-01-07T09:35,LYS,1796576214
DTAXZYOY,code,L,70004704,ST,2006-01-07T04:50,2006-01-07T06:50,TLS,1796576214
DTAXZYOY,code,L,70004703,ST,2006-01-07T07:45,2006-01-07T09:35,LYS,1796576214
IPQFMWNW,code,L,70004704,ST,2006-01-07T04:50,2006-01-07T06:50,TLS,1796576214
IPQFMWNW,code,L,70004703,ST,2006-01-07T07:45,2006-01-07T09:35,LYS,1796576214
QUWRNRHT,code,L,70004704,ST,2006-01-07T04:50,2006-01-07T06:50,TLS,1796576214
QUWRNRHT,code,L,70004703,ST,2006-01-07T07:45,2006-01-07T09:35,LYS,1796576214
MWELPNYS,code,L,70004704,ST,2006-01-07T04:50,2006-01-07T06:50,TLS,1796576214
MWELPNYS,code,L,70004703,ST,2006-01-07T07:45,2006-01-07T09:35,LYS,1796576214
DXQZAGXN,code,L,70004264,CP,2006-01-07T04:50,2006-01-07T06:55,LYS,1661516681
DXQZAGXN,code,L,70004265,CP,2006-01-07T07:40,2006-01-07T09:30,ORY,1661516681
WHCRCYKR,code,L,70004264,FO,2006-01-07T04:50,2006-01-07T06:55,LYS,1661516681
WHCRCYKR,code,L,70004265,FO,2006-01-07T07:40,2006-01-07T09:30,ORY,1661516681
VVXTGGSM,code,L,70004264,CSD,2006-01-07T04:50,2006-01-07T06:55,LYS,1661516681
VVXTGGSM,code,L,70004265,CSD,2006-01-07T07:40,2006-01-07T09:30,ORY,1661516681
SQGSPKOU,code,L,70004264,CSD,2006-01-07T04:50,2006-01-07T06:55,LYS,1661516681
SQGSPKOU,code,L,70004265,CSD,2006-01-07T07:40,2006-01-07T09:30,ORY,1661516681
RNVRUWPR,code,L,70004264,ST,2006-01-07T04:50,2006-01-07T06:55,LYS,1661516681
RNVRUWPR,code,L,70004265,ST,2006-01-07T07:40,2006-01-07T09:30,ORY,1661516681
NTTSFBXO,code,L,70004264,ST,2006-01-07T04:50,2006-01-07T06:55,LYS,1661516681
NTTSFBXO,code,L,70004265,ST,2006-01-07T07:40,2006-01-07T09:30,ORY,1661516681
ZEAWXTDN,code,L,70004264,ST,2006-01-07T04:50,2006-01-07T06:55,LYS,1661516681
ZEAWXTDN,code,L,70004265,ST,2006-01-07T07:40,2006-01-07T09:30,ORY,1661516681
WVTHSFOH,code,L,70004264,ST,2006-01-07T04:50,2006-01-07T06:55,LYS,1661516681
WVTHSFOH,code,L,70004265,ST,2006-01-07T07:40,2006-01-07T09:30,ORY,1661516681
QISUQOCU,code,L,70004264,ST,2006-01-07T04:50,2006-01-07T06:55,LYS,1661516681
QISUQOCU,code,L,70004265,ST,2006-01-07T07:40,2006-01-07T09:30,ORY,1661516681
EAUSIEZE,code,L,70004264,ST,2006-01-07T04:50,2006-01-07T06:55,LYS,1661516681
EAUSIEZE,code,L,70004265,ST,2006-01-07T07:40,2006-01-07T09:30,ORY,1661516681
NAEDYWIM,code,L,70005163,CP,2006-01-07T04:50,2006-01-07T07:40,BOD,295069519
NAEDYWIM,code,L,70005164,CP,2006-01-07T08:55,2006-01-07T11:30,AMS,295069519
ZDXAYEQY,code,L,70005163,FO,2006-01-07T04:50,2006-01-07T07:40,BOD,295069519
ZDXAYEQY,code,L,70005164,FO,2006-01-07T08:55,2006-01-07T11:30,AMS,295069519
WTWXXGOT,code,L,70005163,CSD,2006-01-07T04:50,2006-01-07T07:40,BOD,295069519
WTWXXGOT,code,L,70005164,CSD,2006-01-07T08:55,2006-01-07T11:30,AMS,295069519
TXVZUEQZ,code,L,70005163,ST,2006-01-07T04:50,2006-01-07T07:40,BOD,295069519
TXVZUEQZ,code,L,70005164,ST,2006-01-07T08:55,2006-01-07T11:30,AMS,295069519
PFNSUYZA,code,L,70005163,ST,2006-01-07T04:50,2006-01-07T07:40,BOD,295069519
PFNSUYZA,code,L,70005164,ST,2006-01-07T08:55,2006-01-07T11:30,AMS,295069519
DRPIFAFS,code,L,70002648,CP,2006-01-07T04:50,2006-01-07T06:50,SXB,435943218
DRPIFAFS,code,L,70002647,CP,2006-01-07T07:40,2006-01-07T09:25,LYS,435943218
ATIRRBSP,code,L,70002648,FO,2006-01-07T04:50,2006-01-07T06:50,SXB,435943218
ATIRRBSP,code,L,70002647,FO,2006-01-07T07:40,2006-01-07T09:25,LYS,435943218
FKRWHLCH,code,L,70002648,CS,2006-01-07T04:50,2006-01-07T06:50,SXB,435943218
FKRWHLCH,code,L,70002647,CS,2006-01-07T07:40,2006-01-07T09:25,LYS,435943218
FCWTLFGS,code,L,70002648,ST,2006-01-07T04:50,2006-01-07T06:50,SXB,435943218
FCWTLFGS,code,L,70002647,ST,2006-01-07T07:40,2006-01-07T09:25,LYS,435943218
JBWVKSFE,code,L,70002648,ST,2006-01-07T04:50,2006-01-07T06:50,SXB,435943218
JBWVKSFE,code,L,70002647,ST,2006-01-07T07:40,2006-01-07T09:25,LYS,435943218
FXCAJKUV,code,L,70002648,ST,2006-01-07T04:50,2006-01-07T06:50,SXB,435943218
FXCAJKUV,code,L,70002647,ST,2006-01-07T07:40,2006-01-07T09:25,LYS,435943218
NWNYHUJO,code,L,70004544,CP,2006-01-07T04:55,2006-01-07T07:25,MPL,134224868
NWNYHUJO,code,L,70004547,CP,2006-01-07T19:50,2006-01-07T22:00,CDG,134224868
LNUZZYPX,code,L,70004544,FO,2006-01-07T04:55,2006-01-07T07:25,MPL,134224868
LNUZZYPX,code,L,70004547,FO,2006-01-07T19:50,2006-01-07T22:00,CDG,134224868
TITKWNVQ,code,L,70004544,CSD,2006-01-07T04:55,2006-01-07T07:25,MPL,134224868
TITKWNVQ,code,L,70004547,CSD,2006-01-07T19:50,2006-01-07T22:00,CDG,134224868
WYHTXVVJ,code,L,70004544,CSD,2006-01-07T04:55,2006-01-07T07:25,MPL,134224868
WYHTXVVJ,code,L,70004547,CSD,2006-01-07T19:50,2006-01-07T22:00,CDG,134224868
VPYDVYOC,code,L,70004544,ST,2006-01-07T04:55,2006-01-07T07:25,MPL,134224868
VPYDVYOC,code,L,70004547,ST,2006-01-07T19:50,2006-01-07T22:00,CDG,134224868
GPDABHQW,code,L,70004544,ST,2006-01-07T04:55,2006-01-07T07:25,MPL,134224868
GPDABHQW,code,L,70004547,ST,2006-01-07T19:50,2006-01-07T22:00,CDG,134224868
SEIANDFR,code,L,70004544,ST,2006-01-07T04:55,2006-01-07T07:25,MPL,134224868
SEIANDFR,code,L,70004547,ST,2006-01-07T19:50,2006-01-07T22:00,CDG,134224868
VZYMDVHS,code,L,70004544,ST,2006-01-07T04:55,2006-01-07T07:25,MPL,134224868
VZYMDVHS,code,L,70004547,ST,2006-01-07T19:50,2006-01-07T22:00,CDG,134224868
MTHOGZIE,code,L,70004544,ST,2006-01-07T04:55,2006-01-07T07:25,MPL,134224868
MTHOGZIE,code,L,70004547,ST,2006-01-07T19:50,2006-01-07T22:00,CDG,134224868
AZPLZNIF,code,L,70004544,ST,2006-01-07T04:55,2006-01-07T07:25,MPL,134224868
AZPLZNIF,code,L,70004547,ST,2006-01-07T19:50,2006-01-07T22:00,CDG,134224868
QGOZILOE,code,L,70001364,CP,2006-01-07T04:55,2006-01-07T07:35,AJA,1454666067
QGOZILOE,code,L,70001363,CP,2006-01-07T08:25,2006-01-07T10:50,ORY,1454666067
CNLVJPZP,code,L,70001364,FO,2006-01-07T04:55,2006-01-07T07:35,AJA,1454666067
CNLVJPZP,code,L,70001363,FO,2006-01-07T08:25,2006-01-07T10:50,ORY,1454666067
BSWRXRCA,code,L,70001364,CSD,2006-01-07T04:55,2006-01-07T07:35,AJA,1454666067
BSWRXRCA,code,L,70001363,CSD,2006-01-07T08:25,2006-01-07T10:50,ORY,1454666067
NQHSBWOL,code,L,70001364,CSD,2006-01-07T04:55,2006-01-07T07:35,AJA,1454666067
NQHSBWOL,code,L,70001363,CSD,2006-01-07T08:25,2006-01-07T10:50,ORY,1454666067
CRHQIGLE,code,L,70001364,ST,2006-01-07T04:55,2006-01-07T07:35,AJA,1454666067
CRHQIGLE,code,L,70001363,ST,2006-01-07T08:25,2006-01-07T10:50,ORY,1454666067
WHCNQOAH,code,L,70001364,ST,2006-01-07T04:55,2006-01-07T07:35,AJA,1454666067
WHCNQOAH,code,L,70001363,ST,2006-01-07T08:25,2006-01-07T10:50,ORY,1454666067
WNOGOABT,code,L,70001364,ST,2006-01-07T04:55,2006-01-07T07:35,AJA,1454666067
WNOGOABT,code,L,70001363,ST,2006-01-07T08:25,2006-01-07T10:50,ORY,1454666067
WMZCZMPH,code,L,70001364,ST,2006-01-07T04:55,2006-01-07T07:35,AJA,1454666067
WMZCZMPH,code,L,70001363,ST,2006-01-07T08:25,2006-01-07T10:50,ORY,1454666067
FCEJOOWZ,code,L,70001364,ST,2006-01-07T04:55,2006-01-07T07:35,AJA,1454666067
FCEJOOWZ,code,L,70001363,ST,2006-01-07T08:25,2006-01-07T10:50,ORY,1454666067
PKCYUPQY,code,L,70001364,ST,2006-01-07T04:55,2006-01-07T07:35,AJA,1454666067
PKCYUPQY,code,L,70001363,ST,2006-01-07T08:25,2006-01-07T10:50,ORY,1454666067
MNDCGZYU,code,L,70001374,CP,2006-01-07T04:55,2006-01-07T07:30,BIA,525100016
MNDCGZYU,code,L,70001379,CP,2006-01-07T08:30,2006-01-07T10:50,ORY,525100016
KJJFNEIR,code,L,70001374,FO,2006-01-07T04:55,2006-01-07T07:30,BIA,525100016
KJJFNEIR,code,L,70001379,FO,2006-01-07T08:30,2006-01-07T10:50,ORY,525100016
VEHSFNHD,code,L,70001374,CSD,2006-01-07T04:55,2006-01-07T07:30,BIA,525100016
VEHSFNHD,code,L,70001379,CSD,2006-01-07T08:30,2006-01-07T10:50,ORY,525100016
GTNMUTDV,code,L,70001374,CSD,2006-01-07T04:55,2006-01-07T07:30,BIA,525100016
GTNMUTDV,code,L,70001379,CSD,2006-01-07T08:30,2006-01-07T10:50,ORY,525100016
JHPAEWSD,code,L,70001374,ST,2006-01-07T04:55,2006-01-07T07:30,BIA,525100016
JHPAEWSD,code,L,70001379,ST,2006-01-07T08:30,2006-01-07T10:50,ORY,525100016
GSMCPOFR,code,L,70001374,ST,2006-01-07T04:55,2006-01-07T07:30,BIA,525100016
GSMCPOFR,code,L,70001379,ST,2006-01-07T08:30,2006-01-07T10:50,ORY,525100016
JUNRSWAJ,code,L,70001374,ST,2006-01-07T04:55,2006-01-07T07:30,BIA,525100016
JUNRSWAJ,code,L,70001379,ST,2006-01-07T08:30,2006-01-07T10:50,ORY,525100016
VAUVQYNH,code,L,70001374,ST,2006-01-07T04:55,2006-01-07T07:30,BIA,525100016
VAUVQYNH,code,L,70001379,ST,2006-01-07T08:30,2006-01-07T10:50,ORY,525100016
AWCNZTCL,code,L,70001374,ST,2006-01-07T04:55,2006-01-07T07:30,BIA,525100016
AWCNZTCL,code,L,70001379,ST,2006-01-07T08:30,2006-01-07T10:50,ORY,525100016
AOJPDHQA,code,L,70001374,ST,2006-01-07T04:55,2006-01-07T07:30,BIA,525100016
AOJPDHQA,code,L,70001379,ST,2006-01-07T08:30,2006-01-07T10:50,ORY,525100016
HAXOLWVC,code,L,70002673,CP,2006-01-07T04:55,2006-01-07T07:20,SXB,657187435
HAXOLWVC,code,L,70002674,CP,2006-01-07T07:55,2006-01-07T10:10,LGW,657187435
DCRRSAYV,code,L,70002673,FO,2006-01-07T04:55,2006-01-07T07:20,SXB,657187435
DCRRSAYV,code,L,70002674,FO,2006-01-07T07:55,2006-01-07T10:10,LGW,657187435
BKHJPRGV,code,L,70002673,CS,2006-01-07T04:55,2006-01-07T07:20,SXB,657187435
BKHJPRGV,code,L,70002674,CS,2006-01-07T07:55,2006-01-07T10:10,LGW,657187435
FARRBXQI,code,L,70002673,ST,2006-01-07T04:55,2006-01-07T07:20,SXB,657187435
FARRBXQI,code,L,70002674,ST,2006-01-07T07:55,2006-01-07T10:10,LGW,657187435
MMOMSVZZ,code,L,70002673,ST,2006-01-07T04:55,2006-01-07T07:20,SXB,657187435
MMOMSVZZ,code,L,70002674,ST,2006-01-07T07:55,2006-01-07T10:10,LGW,657187435
POAQMULL,code,L,70003103,CP,2006-01-07T05:00,2006-01-07T07:20,ORY,687431273
POAQMULL,code,L,70003068,CP,2006-01-07T08:05,2006-01-07T10:15,NCE,687431273
JAMFXDPP,code,L,70003103,FO,2006-01-07T05:00,2006-01-07T07:20,ORY,687431273
JAMFXDPP,code,L,70003068,FO,2006-01-07T08:05,2006-01-07T10:15,NCE,687431273
UWNMOQEC,code,L,70003103,CSD,2006-01-07T05:00,2006-01-07T07:20,ORY,687431273
UWNMOQEC,code,L,70003068,CSD,2006-01-07T08:05,2006-01-07T10:15,NCE,687431273
TLGJMFGX,code,L,70003103,CSD,2006-01-07T05:00,2006-01-07T07:20,ORY,687431273
TLGJMFGX,code,L,70003068,CSD,2006-01-07T08:05,2006-01-07T10:15,NCE,687431273
DGNVWKAV,code,L,70003103,ST,2006-01-07T05:00,2006-01-07T07:20,ORY,687431273
DGNVWKAV,code,L,70003068,ST,2006-01-07T08:05,2006-01-07T10:15,NCE,687431273
EVOPRTCL,code,L,70003103,ST,2006-01-07T05:00,2006-01-07T07:20,ORY,687431273
EVOPRTCL,code,L,70003068,ST,2006-01-07T08:05,2006-01-07T10:15,NCE,687431273
EONCCPIW,code,L,70003103,ST,2006-01-07T05:00,2006-01-07T07:20,ORY,687431273
EONCCPIW,code,L,70003068,ST,2006-01-07T08:05,2006-01-07T10:15,NCE,687431273
PHUZYQPF,code,L,70003103,ST,2006-01-07T05:00,2006-01-07T07:20,ORY,687431273
PHUZYQPF,code,L,70003068,ST,2006-01-07T08:05,2006-01-07T10:15,NCE,687431273
EGCHRQRA,code,L,70003103,ST,2006-01-07T05:00,2006-01-07T07:20,ORY,687431273
EGCHRQRA,code,L,70003068,ST,2006-01-07T08:05,2006-01-07T10:15,NCE,687431273
WGVMFFGP,code,L,70003103,ST,2006-01-07T05:00,2006-01-07T07:20,ORY,687431273
WGVMFFGP,code,L,70003068,ST,2006-01-07T08:05,2006-01-07T10:15,NCE,687431273
XKQGABSA,code,L,70002793,CP,2006-01-07T05:00,2006-01-07T07:10,LRT,796471501
XKQGABSA,code,L,70002794,CP,2006-01-07T07:55,2006-01-07T09:45,ORY,796471501
JQIRMZDK,code,L,70002793,FO,2006-01-07T05:00,2006-01-07T07:10,LRT,796471501
JQIRMZDK,code,L,70002794,FO,2006-01-07T07:55,2006-01-07T09:45,ORY,796471501
PTSJIMKJ,code,L,70002793,CS,2006-01-07T05:00,2006-01-07T07:10,LRT,796471501
PTSJIMKJ,code,L,70002794,CS,2006-01-07T07:55,2006-01-07T09:45,ORY,796471501
JIOXIEWW,code,L,70002793,ST,2006-01-07T05:00,2006-01-07T07:10,LRT,796471501
JIOXIEWW,code,L,70002794,ST,2006-01-07T07:55,2006-01-07T09:45,ORY,796471501
NIWCEBAC,code,L,70002793,ST,2006-01-07T05:00,2006-01-07T07:10,LRT,796471501
NIWCEBAC,code,L,70002794,ST,2006-01-07T07:55,2006-01-07T09:45,ORY,796471501
ZPKWRAOF,code,L,70002534,CP,2006-01-07T05:00,2006-01-07T06:45,BES,628641533
ZPKWRAOF,code,L,70002634,CP,2006-01-07T07:15,2006-01-07T08:35,NTE,628641533
ZPKWRAOF,code,L,70002633,CP,2006-01-07T09:05,2006-01-07T10:25,SXB,628641533
ZPKWRAOF,code,L,70002533,CP,2006-01-07T10:55,2006-01-07T11:35,NTE,628641533
ZPKWRAOF,code,L,70002655,CP,2006-01-07T12:20,2006-01-07T13:50,BES,628641533
ZPKWRAOF,code,L,70002656,CP,2006-01-07T14:30,2006-01-07T16:40,LYS,628641533
TMPJYEJH,code,L,70002534,FO,2006-01-07T05:00,2006-01-07T06:45,BES,628641533
TMPJYEJH,code,L,70002634,FO,2006-01-07T07:15,2006-01-07T08:35,NTE,628641533
TMPJYEJH,code,L,70002633,FO,2006-01-07T09:05,2006-01-07T10:25,SXB,628641533
TMPJYEJH,code,L,70002533,FO,2006-01-07T10:55,2006-01-07T11:35,NTE,628641533
TMPJYEJH,code,L,70002655,FO,2006-01-07T12:20,2006-01-07T13:50,BES,628641533
TMPJYEJH,code,L,70002656,FO,2006-01-07T14:30,2006-01-07T16:40,LYS,628641533
GKSCGFZH,code,L,70002534,CS,2006-01-07T05:00,2006-01-07T06:45,BES,628641533
GKSCGFZH,code,L,70002634,CS,2006-01-07T07:15,2006-01-07T08:35,NTE,628641533
GKSCGFZH,code,L,70002633,CS,2006-01-07T09:05,2006-01-07T10:25,SXB,628641533
GKSCGFZH,code,L,70002533,CS,2006-01-07T10:55,2006-01-07T11:35,NTE,628641533
GKSCGFZH,code,L,70002655,CS,2006-01-07T12:20,2006-01-07T13:50,BES,628641533
GKSCGFZH,code,L,70002656,CS,2006-01-07T14:30,2006-01-07T16:40,LYS,628641533
LQZDGDGF,code,L,70002534,ST,2006-01-07T05:00,2006-01-07T06:45,BES,628641533
LQZDGDGF,code,L,70002634,ST,2006-01-07T07:15,2006-01-07T08:35,NTE,628641533
LQZDGDGF,code,L,70002633,ST,2006-01-07T09:05,2006-01-07T10:25,SXB,628641533
LQZDGDGF,code,L,70002533,ST,2006-01-07T10:55,2006-01-07T11:35,NTE,628641533
LQZDGDGF,code,L,70002655,ST,2006-01-07T12:20,2006-01-07T13:50,BES,628641533
LQZDGDGF,code,L,70002656,ST,2006-01-07T14:30,2006-01-07T16:40,LYS,628641533
LAXEEMOI,code,L,70002534,ST,2006-01-07T05:00,2006-01-07T06:45,BES,628641533
LAXEEMOI,code,L,70002634,ST,2006-01-07T07:15,2006-01-07T08:35,NTE,628641533
LAXEEMOI,code,L,70002633,ST,2006-01-07T09:05,2006-01-07T10:25,SXB,628641533
LAXEEMOI,code,L,70002533,ST,2006-01-07T10:55,2006-01-07T11:35,NTE,628641533
LAXEEMOI,code,L,70002655,ST,2006-01-07T12:20,2006-01-07T13:50,BES,628641533
LAXEEMOI,code,L,70002656,ST,2006-01-07T14:30,2006-01-07T16:40,LYS,628641533
XTLXSGIQ,code,L,70002534,ST,2006-01-07T05:00,2006-01-07T06:45,BES,628641533
XTLXSGIQ,code,L,70002634,ST,2006-01-07T07:15,2006-01-07T08:35,NTE,628641533
XTLXSGIQ,code,L,70002633,ST,2006-01-07T09:05,2006-01-07T10:25,SXB,628641533
XTLXSGIQ,code,L,70002533,ST,2006-01-07T10:55,2006-01-07T11:35,NTE,628641533
XTLXSGIQ,code,L,70002655,ST,2006-01-07T12:20,2006-01-07T13:50,BES,628641533
XTLXSGIQ,code,L,70002656,ST,2006-01-07T14:30,2006-01-07T16:40,LYS,628641533
HMFXCVNZ,code,L,70003064,CP,2006-01-07T05:05,2006-01-07T07:30,NCE,929393559
HMFXCVNZ,code,L,70003069,CP,2006-01-07T08:00,2006-01-07T10:05,ORY,929393559
EXOWFVZF,code,L,70003064,FO,2006-01-07T05:05,2006-01-07T07:30,NCE,929393559
EXOWFVZF,code,L,70003069,FO,2006-01-07T08:00,2006-01-07T10:05,ORY,929393559
LRFLSAXS,code,L,70003064,CSD,2006-01-07T05:05,2006-01-07T07:30,NCE,929393559
LRFLSAXS,code,L,70003069,CSD,2006-01-07T08:00,2006-01-07T10:05,ORY,929393559
WMWDEBGD,code,L,70003064,CSD,2006-01-07T05:05,2006-01-07T07:30,NCE,929393559
WMWDEBGD,code,L,70003069,CSD,2006-01-07T08:00,2006-01-07T10:05,ORY,929393559
OXALHSUV,code,L,70003064,ST,2006-01-07T05:05,2006-01-07T07:30,NCE,929393559
OXALHSUV,code,L,70003069,ST,2006-01-07T08:00,2006-01-07T10:05,ORY,929393559
FBIWVWOU,code,L,70003064,ST,2006-01-07T05:05,2006-01-07T07:30,NCE,929393559
FBIWVWOU,code,L,70003069,ST,2006-01-07T08:00,2006-01-07T10:05,ORY,929393559
CWJXYEEG,code,L,70003064,ST,2006-01-07T05:05,2006-01-07T07:30,NCE,929393559
CWJXYEEG,code,L,70003069,ST,2006-01-07T08:00,2006-01-07T10:05,ORY,929393559
HDSYSWDV,code,L,70003064,ST,2006-01-07T05:05,2006-01-07T07:30,NCE,929393559
HDSYSWDV,code,L,70003069,ST,2006-01-07T08:00,2006-01-07T10:05,ORY,929393559
WTMCFTWH,code,L,70003064,ST,2006-01-07T05:05,2006-01-07T07:30,NCE,929393559
WTMCFTWH,code,L,70003069,ST,2006-01-07T08:00,2006-01-07T10:05,ORY,929393559
AZPJDZRK,code,L,70003064,ST,2006-01-07T05:05,2006-01-07T07:30,NCE,929393559
AZPJDZRK,code,L,70003069,ST,2006-01-07T08:00,2006-01-07T10:05,ORY,929393559
NRINUWWL,code,L,70004656,CP,2006-01-07T05:05,2006-01-07T07:35,TLS,1194650126
NRINUWWL,code,L,70004645,CP,2006-01-07T09:30,2006-01-07T11:40,CDG,1194650126
HFDWFMLV,code,L,70004656,FO,2006-01-07T05:05,2006-01-07T07:35,TLS,1194650126
HFDWFMLV,code,L,70004645,FO,2006-01-07T09:30,2006-01-07T11:40,CDG,1194650126
RWCAPSMB,code,L,70004656,CSD,2006-01-07T05:05,2006-01-07T07:35,TLS,1194650126
RWCAPSMB,code,L,70004645,CSD,2006-01-07T09:30,2006-01-07T11:40,CDG,1194650126
LSIKQQKX,code,L,70004656,CSD,2006-01-07T05:05,2006-01-07T07:35,TLS,1194650126
LSIKQQKX,code,L,70004645,CSD,2006-01-07T09:30,2006-01-07T11:40,CDG,1194650126
JERHYHHU,code,L,70004656,ST,2006-01-07T05:05,2006-01-07T07:35,TLS,1194650126
JERHYHHU,code,L,70004645,ST,2006-01-07T09:30,2006-01-07T11:40,CDG,1194650126
SCCCBPJZ,code,L,70004656,ST,2006-01-07T05:05,2006-01-07T07:35,TLS,1194650126
SCCCBPJZ,code,L,70004645,ST,2006-01-07T09:30,2006-01-07T11:40,CDG,1194650126
HHRQUKIC,code,L,70004656,ST,2006-01-07T05:05,2006-01-07T07:35,TLS,1194650126
HHRQUKIC,code,L,70004645,ST,2006-01-07T09:30,2006-01-07T11:40,CDG,1194650126
GTUUNLQQ,code,L,70004656,ST,2006-01-07T05:05,2006-01-07T07:35,TLS,1194650126
GTUUNLQQ,code,L,70004645,ST,2006-01-07T09:30,2006-01-07T11:40,CDG,1194650126
FINBYKUK,code,L,70004656,ST,2006-01-07T05:05,2006-01-07T07:35,TLS,1194650126
FINBYKUK,code,L,70004645,ST,2006-01-07T09:30,2006-01-07T11:40,CDG,1194650126
TFEWBXNW,code,L,70004656,ST,2006-01-07T05:05,2006-01-07T07:35,TLS,1194650126
TFEWBXNW,code,L,70004645,ST,2006-01-07T09:30,2006-01-07T11:40,CDG,1194650126
TPJBVUEX,code,L,7000152,CP,2006-01-07T05:05,2006-01-07T07:20,MLH,1130118952
TPJBVUEX,code,L,7000145,CP,2006-01-07T08:05,2006-01-07T10:00,CDG,1130118952
KSVZGZDP,code,L,7000152,FO,2006-01-07T05:05,2006-01-07T07:20,MLH,1130118952
KSVZGZDP,code,L,7000145,FO,2006-01-07T08:05,2006-01-07T10:00,CDG,1130118952
CFRGWXWL,code,L,7000152,CSD,2006-01-07T05:05,2006-01-07T07:20,MLH,1130118952
CFRGWXWL,code,L,7000145,CSD,2006-01-07T08:05,2006-01-07T10:00,CDG,1130118952
NNKFYAVF,code,L,7000152,CSD,2006-01-07T05:05,2006-01-07T07:20,MLH,1130118952
NNKFYAVF,code,L,7000145,CSD,2006-01-07T08:05,2006-01-07T10:00,CDG,1130118952
WBSOBRHC,code,L,7000152,ST,2006-01-07T05:05,2006-01-07T07:20,MLH,1130118952
WBSOBRHC,code,L,7000145,ST,2006-01-07T08:05,2006-01-07T10:00,CDG,1130118952
TCQMZIPS,code,L,7000152,ST,2006-01-07T05:05,2006-01-07T07:20,MLH,1130118952
TCQMZIPS,code,L,7000145,ST,2006-01-07T08:05,2006-01-07T10:00,CDG,1130118952
UHXTQHNU,code,L,7000152,ST,2006-01-07T05:05,2006-01-07T07:20,MLH,1130118952
UHXTQHNU,code,L,7000145,ST,2006-01-07T08:05,2006-01-07T10:00,CDG,1130118952
GXIRDVNG,code,L,7000152,ST,2006-01-07T05:05,2006-01-07T07:20,MLH,1130118952
GXIRDVNG,code,L,7000145,ST,2006-01-07T08:05,2006-01-07T10:00,CDG,1130118952
QBHEKXOH,code,L,7000152,ST,2006-01-07T05:05,2006-01-07T07:20,MLH,1130118952
QBHEKXOH,code,L,7000145,ST,2006-01-07T08:05,2006-01-07T10:00,CDG,1130118952
WDOUACES,code,L,7000152,ST,2006-01-07T05:05,2006-01-07T07:20,MLH,1130118952
WDOUACES,code,L,7000145,ST,2006-01-07T08:05,2006-01-07T10:00,CDG,1130118952
LVNVVXOJ,code,L,70003118,CP,2006-01-07T05:10,2006-01-07T07:20,BOD,1379662799
LVNVVXOJ,code,L,70003119,CP,2006-01-07T08:10,2006-01-07T10:00,ORY,1379662799
ACXKADJF,code,L,70003118,FO,2006-01-07T05:10,2006-01-07T07:20,BOD,1379662799
ACXKADJF,code,L,70003119,FO,2006-01-07T08:10,2006-01-07T10:00,ORY,1379662799
EGIEECWN,code,L,70003118,CSD,2006-01-07T05:10,2006-01-07T07:20,BOD,1379662799
EGIEECWN,code,L,70003119,CSD,2006-01-07T08:10,2006-01-07T10:00,ORY,1379662799
JXQXWEBZ,code,L,70003118,CSD,2006-01-07T05:10,2006-01-07T07:20,BOD,1379662799
JXQXWEBZ,code,L,70003119,CSD,2006-01-07T08:10,2006-01-07T10:00,ORY,1379662799
ZJDUCOCQ,code,L,70003118,ST,2006-01-07T05:10,2006-01-07T07:20,BOD,1379662799
ZJDUCOCQ,code,L,70003119,ST,2006-01-07T08:10,2006-01-07T10:00,ORY,1379662799
PXYFMTAX,code,L,70003118,ST,2006-01-07T05:10,2006-01-07T07:20,BOD,1379662799
PXYFMTAX,code,L,70003119,ST,2006-01-07T08:10,2006-01-07T10:00,ORY,1379662799
VRCTRNBZ,code,L,70003118,ST,2006-01-07T05:10,2006-01-07T07:20,BOD,1379662799
VRCTRNBZ,code,L,70003119,ST,2006-01-07T08:10,2006-01-07T10:00,ORY,1379662799
AKNELYBM,code,L,70003118,ST,2006-01-07T05:10,2006-01-07T07:20,BOD,1379662799
AKNELYBM,code,L,70003119,ST,2006-01-07T08:10,2006-01-07T10:00,ORY,1379662799
AGTVHWTR,code,L,70003118,ST,2006-01-07T05:10,2006-01-07T07:20,BOD,1379662799
AGTVHWTR,code,L,70003119,ST,2006-01-07T08:10,2006-01-07T10:00,ORY,1379662799
WEBEKRXJ,code,L,70003118,ST,2006-01-07T05:10,2006-01-07T07:20,BOD,1379662799
WEBEKRXJ,code,L,70003119,ST,2006-01-07T08:10,2006-01-07T10:00,ORY,1379662799
JFTBHBDP,code,L,70002968,CP,2006-01-07T05:10,2006-01-07T07:30,TLS,259488708
JFTBHBDP,code,L,70002975,CP,2006-01-07T08:50,2006-01-07T10:45,ORY,259488708
OGUTQSRW,code,L,70002968,FO,2006-01-07T05:10,2006-01-07T07:30,TLS,259488708
OGUTQSRW,code,L,70002975,FO,2006-01-07T08:50,2006-01-07T10:45,ORY,259488708
PDREEZDV,code,L,70002968,CSD,2006-01-07T05:10,2006-01-07T07:30,TLS,259488708
PDREEZDV,code,L,70002975,CSD,2006-01-07T08:50,2006-01-07T10:45,ORY,259488708
QGGBEXMV,code,L,70002968,CSD,2006-01-07T05:10,2006-01-07T07:30,TLS,259488708
QGGBEXMV,code,L,70002975,CSD,2006-01-07T08:50,2006-01-07T10:45,ORY,259488708
JKNBTCGG,code,L,70002968,ST,2006-01-07T05:10,2006-01-07T07:30,TLS,259488708
JKNBTCGG,code,L,70002975,ST,2006-01-07T08:50,2006-01-07T10:45,ORY,259488708
KLSTTWVY,code,L,70002968,ST,2006-01-07T05:10,2006-01-07T07:30,TLS,259488708
KLSTTWVY,code,L,70002975,ST,2006-01-07T08:50,2006-01-07T10:45,ORY,259488708
QPPVMFUU,code,L,70002968,ST,2006-01-07T05:10,2006-01-07T07:30,TLS,259488708
QPPVMFUU,code,L,70002975,ST,2006-01-07T08:50,2006-01-07T10:45,ORY,259488708
DSRDLSIB,code,L,70002968,ST,2006-01-07T05:10,2006-01-07T07:30,TLS,259488708
DSRDLSIB,code,L,70002975,ST,2006-01-07T08:50,2006-01-07T10:45,ORY,259488708
VZBKNCZL,code,L,70002968,ST,2006-01-07T05:10,2006-01-07T07:30,TLS,259488708
VZBKNCZL,code,L,70002975,ST,2006-01-07T08:50,2006-01-07T10:45,ORY,259488708
GGAGUXYJ,code,L,70002968,ST,2006-01-07T05:10,2006-01-07T07:30,TLS,259488708
GGAGUXYJ,code,L,70002975,ST,2006-01-07T08:50,2006-01-07T10:45,ORY,259488708
IRXHSJQP,code,L,70004498,CP,2006-01-07T05:15,2006-01-07T07:45,BIQ,532638534
IRXHSJQP,code,L,70004515,CP,2006-01-07T08:35,2006-01-07T09:45,CDG,532638534
IRXHSJQP,code,L,70004506,CP,2006-01-07T12:40,2006-01-07T13:50,LYS,532638534
IRXHSJQP,code,L,70004519,CP,2006-01-07T14:25,2006-01-07T15:25,CDG,532638534
IRXHSJQP,code,L,70004520,CP,2006-01-07T16:05,2006-01-07T17:10,CFE,532638534
IRXHSJQP,code,L,70004499,CP,2006-01-07T20:25,2006-01-07T22:35,CDG,532638534
JMNMVQAN,code,L,70004498,FO,2006-01-07T05:15,2006-01-07T07:45,BIQ,532638534
JMNMVQAN,code,L,70004515,FO,2006-01-07T08:35,2006-01-07T09:45,CDG,532638534
JMNMVQAN,code,L,70004506,FO,2006-01-07T12:40,2006-01-07T13:50,LYS,532638534
JMNMVQAN,code,L,70004519,FO,2006-01-07T14:25,2006-01-07T15:25,CDG,532638534
JMNMVQAN,code,L,70004520,FO,2006-01-07T16:05,2006-01-07T17:10,CFE,532638534
JMNMVQAN,code,L,70004499,FO,2006-01-07T20:25,2006-01-07T22:35,CDG,532638534
QIZUAOTE,code,L,70004498,CSD,2006-01-07T05:15,2006-01-07T07:45,BIQ,532638534
QIZUAOTE,code,L,70004515,CSD,2006-01-07T08:35,2006-01-07T09:45,CDG,532638534
QIZUAOTE,code,L,70004506,CSD,2006-01-07T12:40,2006-01-07T13:50,LYS,532638534
QIZUAOTE,code,L,70004519,CSD,2006-01-07T14:25,2006-01-07T15:25,CDG,532638534
QIZUAOTE,code,L,70004520,CSD,2006-01-07T16:05,2006-01-07T17:10,CFE,532638534
QIZUAOTE,code,L,70004499,CSD,2006-01-07T20:25,2006-01-07T22:35,CDG,532638534
NMENQFLK,code,L,70004498,CSD,2006-01-07T05:15,2006-01-07T07:45,BIQ,532638534
NMENQFLK,code,L,70004515,CSD,2006-01-07T08:35,2006-01-07T09:45,CDG,532638534
NMENQFLK,code,L,70004506,CSD,2006-01-07T12:40,2006-01-07T13:50,LYS,532638534
NMENQFLK,code,L,70004519,CSD,2006-01-07T14:25,2006-01-07T15:25,CDG,532638534
NMENQFLK,code,L,70004520,CSD,2006-01-07T16:05,2006-01-07T17:10,CFE,532638534
NMENQFLK,code,L,70004499,CSD,2006-01-07T20:25,2006-01-07T22:35,CDG,532638534
ALKQXBGD,code,L,70004498,ST,2006-01-07T05:15,2006-01-07T07:45,BIQ,532638534
ALKQXBGD,code,L,70004515,ST,2006-01-07T08:35,2006-01-07T09:45,CDG,532638534
ALKQXBGD,code,L,70004506,ST,2006-01-07T12:40,2006-01-07T13:50,LYS,532638534
ALKQXBGD,code,L,70004519,ST,2006-01-07T14:25,2006-01-07T15:25,CDG,532638534
ALKQXBGD,code,L,70004520,ST,2006-01-07T16:05,2006-01-07T17:10,CFE,532638534
ALKQXBGD,code,L,70004499,ST,2006-01-07T20:25,2006-01-07T22:35,CDG,532638534
GWHSMAPN,code,L,70004498,ST,2006-01-07T05:15,2006-01-07T07:45,BIQ,532638534
GWHSMAPN,code,L,70004515,ST,2006-01-07T08:35,2006-01-07T09:45,CDG,532638534
GWHSMAPN,code,L,70004506,ST,2006-01-07T12:40,2006-01-07T13:50,LYS,532638534
GWHSMAPN,code,L,70004519,ST,2006-01-07T14:25,2006-01-07T15:25,CDG,532638534
GWHSMAPN,code,L,70004520,ST,2006-01-07T16:05,2006-01-07T17:10,CFE,532638534
GWHSMAPN,code,L,70004499,ST,2006-01-07T20:25,2006-01-07T22:35,CDG,532638534
GPUTMFVG,code,L,70004498,ST,2006-01-07T05:15,2006-01-07T07:45,BIQ,532638534
GPUTMFVG,code,L,70004515,ST,2006-01-07T08:35,2006-01-07T09:45,CDG,532638534
GPUTMFVG,code,L,70004506,ST,2006-01-07T12:40,2006-01-07T13:50,LYS,532638534
GPUTMFVG,code,L,70004519,ST,2006-01-07T14:25,2006-01-07T15:25,CDG,532638534
GPUTMFVG,code,L,70004520,ST,2006-01-07T16:05,2006-01-07T17:10,CFE,532638534
GPUTMFVG,code,L,70004499,ST,2006-01-07T20:25,2006-01-07T22:35,CDG,532638534
RHOGUZXP,code,L,70004498,ST,2006-01-07T05:15,2006-01-07T07:45,BIQ,532638534
RHOGUZXP,code,L,70004515,ST,2006-01-07T08:35,2006-01-07T09:45,CDG,532638534
RHOGUZXP,code,L,70004506,ST,2006-01-07T12:40,2006-01-07T13:50,LYS,532638534
RHOGUZXP,code,L,70004519,ST,2006-01-07T14:25,2006-01-07T15:25,CDG,532638534
RHOGUZXP,code,L,70004520,ST,2006-01-07T16:05,2006-01-07T17:10,CFE,532638534
RHOGUZXP,code,L,70004499,ST,2006-01-07T20:25,2006-01-07T22:35,CDG,532638534
XWCXTPJD,code,L,70004498,ST,2006-01-07T05:15,2006-01-07T07:45,BIQ,532638534
XWCXTPJD,code,L,70004515,ST,2006-01-07T08:35,2006-01-07T09:45,CDG,532638534
XWCXTPJD,code,L,70004506,ST,2006-01-07T12:40,2006-01-07T13:50,LYS,532638534
XWCXTPJD,code,L,70004519,ST,2006-01-07T14:25,2006-01-07T15:25,CDG,532638534
XWCXTPJD,code,L,70004520,ST,2006-01-07T16:05,2006-01-07T17:10,CFE,532638534
XWCXTPJD,code,L,70004499,ST,2006-01-07T20:25,2006-01-07T22:35,CDG,532638534
ITNUJZQD,code,L,70004498,ST,2006-01-07T05:15,2006-01-07T07:45,BIQ,532638534
ITNUJZQD,code,L,70004515,ST,2006-01-07T08:35,2006-01-07T09:45,CDG,532638534
ITNUJZQD,code,L,70004506,ST,2006-01-07T12:40,2006-01-07T13:50,LYS,532638534
ITNUJZQD,code,L,70004519,ST,2006-01-07T14:25,2006-01-07T15:25,CDG,532638534
ITNUJZQD,code,L,70004520,ST,2006-01-07T16:05,2006-01-07T17:10,CFE,532638534
ITNUJZQD,code,L,70004499,ST,2006-01-07T20:25,2006-01-07T22:35,CDG,532638534
EFQOBRBV,code,L,70004643,CP,2006-01-07T05:15,2006-01-07T07:40,CDG,2039633683
EFQOBRBV,code,L,70002972,CP,2006-01-07T09:10,2006-01-07T10:30,TLS,2039633683
EFQOBRBV,code,L,70004431,CP,2006-01-07T11:40,2006-01-07T13:20,ORY,2039633683
EFQOBRBV,code,L,70004432,CP,2006-01-07T14:35,2006-01-07T16:15,AJA,2039633683
EFQOBRBV,code,L,70004437,CP,2006-01-07T17:00,2006-01-07T18:40,ORY,2039633683
EFQOBRBV,code,L,70004434,CP,2006-01-07T19:30,2006-01-07T20:45,AJA,2039633683
UFUFOBDM,code,L,70004643,FO,2006-01-07T05:15,2006-01-07T07:40,CDG,2039633683
UFUFOBDM,code,L,70002972,FO,2006-01-07T09:10,2006-01-07T10:30,TLS,2039633683
UFUFOBDM,code,L,70004431,FO,2006-01-07T11:40,2006-01-07T13:20,ORY,2039633683
UFUFOBDM,code,L,70004432,FO,2006-01-07T14:35,2006-01-07T16:15,AJA,2039633683
UFUFOBDM,code,L,70004437,FO,2006-01-07T17:00,2006-01-07T18:40,ORY,2039633683
UFUFOBDM,code,L,70004434,FO,2006-01-07T19:30,2006-01-07T20:45,AJA,2039633683
EVSGUNLV,code,L,70004643,CSD,2006-01-07T05:15,2006-01-07T07:40,CDG,2039633683
EVSGUNLV,code,L,70002972,CSD,2006-01-07T09:10,2006-01-07T10:30,TLS,2039633683
EVSGUNLV,code,L,70004431,CSD,2006-01-07T11:40,2006-01-07T13:20,ORY,2039633683
EVSGUNLV,code,L,70004432,CSD,2006-01-07T14:35,2006-01-07T16:15,AJA,2039633683
EVSGUNLV,code,L,70004437,CSD,2006-01-07T17:00,2006-01-07T18:40,ORY,2039633683
EVSGUNLV,code,L,70004434,CSD,2006-01-07T19:30,2006-01-07T20:45,AJA,2039633683
JCWDAUEW,code,L,70004643,CSD,2006-01-07T05:15,2006-01-07T07:40,CDG,2039633683
JCWDAUEW,code,L,70002972,CSD,2006-01-07T09:10,2006-01-07T10:30,TLS,2039633683
JCWDAUEW,code,L,70004431,CSD,2006-01-07T11:40,2006-01-07T13:20,ORY,2039633683
JCWDAUEW,code,L,70004432,CSD,2006-01-07T14:35,2006-01-07T16:15,AJA,2039633683
JCWDAUEW,code,L,70004437,CSD,2006-01-07T17:00,2006-01-07T18:40,ORY,2039633683
JCWDAUEW,code,L,70004434,CSD,2006-01-07T19:30,2006-01-07T20:45,AJA,2039633683
IUCEMUPH,code,L,70004643,ST,2006-01-07T05:15,2006-01-07T07:40,CDG,2039633683
IUCEMUPH,code,L,70002972,ST,2006-01-07T09:10,2006-01-07T10:30,TLS,2039633683
IUCEMUPH,code,L,70004431,ST,2006-01-07T11:40,2006-01-07T13:20,ORY,2039633683
IUCEMUPH,code,L,70004432,ST,2006-01-07T14:35,2006-01-07T16:15,AJA,2039633683
IUCEMUPH,code,L,70004437,ST,2006-01-07T17:00,2006-01-07T18:40,ORY,2039633683
IUCEMUPH,code,L,70004434,ST,2006-01-07T19:30,2006-01-07T20:45,AJA,2039633683
NCIEXPYS,code,L,70004643,ST,2006-01-07T05:15,2006-01-07T07:40,CDG,2039633683
NCIEXPYS,code,L,70002972,ST,2006-01-07T09:10,2006-01-07T10:30,TLS,2039633683
NCIEXPYS,code,L,70004431,ST,2006-01-07T11:40,2006-01-07T13:20,ORY,2039633683
NCIEXPYS,code,L,70004432,ST,2006-01-07T14:35,2006-01-07T16:15,AJA,2039633683
NCIEXPYS,code,L,70004437,ST,2006-01-07T17:00,2006-01-07T18:40,ORY,2039633683
NCIEXPYS,code,L,70004434,ST,2006-01-07T19:30,2006-01-07T20:45,AJA,2039633683
DPYZTRKU,code,L,70004643,ST,2006-01-07T05:15,2006-01-07T07:40,CDG,2039633683
DPYZTRKU,code,L,70002972,ST,2006-01-07T09:10,2006-01-07T10:30,TLS,2039633683
DPYZTRKU,code,L,70004431,ST,2006-01-07T11:40,2006-01-07T13:20,ORY,2039633683
DPYZTRKU,code,L,70004432,ST,2006-01-07T14:35,2006-01-07T16:15,AJA,2039633683
DPYZTRKU,code,L,70004437,ST,2006-01-07T17:00,2006-01-07T18:40,ORY,2039633683
DPYZTRKU,code,L,70004434,ST,2006-01-07T19:30,2006-01-07T20:45,AJA,2039633683
BUQWZSGE,code,L,70004643,ST,2006-01-07T05:15,2006-01-07T07:40,CDG,2039633683
BUQWZSGE,code,L,70002972,ST,2006-01-07T09:10,2006-01-07T10:30,TLS,2039633683
BUQWZSGE,code,L,70004431,ST,2006-01-07T11:40,2006-01-07T13:20,ORY,2039633683
BUQWZSGE,code,L,70004432,ST,2006-01-07T14:35,2006-01-07T16:15,AJA,2039633683
BUQWZSGE,code,L,70004437,ST,2006-01-07T17:00,2006-01-07T18:40,ORY,2039633683
BUQWZSGE,code,L,70004434,ST,2006-01-07T19:30,2006-01-07T20:45,AJA,2039633683
TJNBAVBF,code,L,70004643,ST,2006-01-07T05:15,2006-01-07T07:40,CDG,2039633683
TJNBAVBF,code,L,70002972,ST,2006-01-07T09:10,2006-01-07T10:30,TLS,2039633683
TJNBAVBF,code,L,70004431,ST,2006-01-07T11:40,2006-01-07T13:20,ORY,2039633683
TJNBAVBF,code,L,70004432,ST,2006-01-07T14:35,2006-01-07T16:15,AJA,2039633683
TJNBAVBF,code,L,70004437,ST,2006-01-07T17:00,2006-01-07T18:40,ORY,2039633683
TJNBAVBF,code,L,70004434,ST,2006-01-07T19:30,2006-01-07T20:45,AJA,2039633683
REPQIIMY,code,L,70004643,ST,2006-01-07T05:15,2006-01-07T07:40,CDG,2039633683
REPQIIMY,code,L,70002972,ST,2006-01-07T09:10,2006-01-07T10:30,TLS,2039633683
REPQIIMY,code,L,70004431,ST,2006-01-07T11:40,2006-01-07T13:20,ORY,2039633683
REPQIIMY,code,L,70004432,ST,2006-01-07T14:35,2006-01-07T16:15,AJA,2039633683
REPQIIMY,code,L,70004437,ST,2006-01-07T17:00,2006-01-07T18:40,ORY,2039633683
REPQIIMY,code,L,70004434,ST,2006-01-07T19:30,2006-01-07T20:45,AJA,2039633683
DMNBEFTC,code,L,70004523,CP,2006-01-07T05:15,2006-01-07T07:40,CDG,585887566
DMNBEFTC,code,L,70004524,CP,2006-01-07T09:05,2006-01-07T11:20,MRS,585887566
UTWSFWDC,code,L,70004523,FO,2006-01-07T05:15,2006-01-07T07:40,CDG,585887566
UTWSFWDC,code,L,70004524,FO,2006-01-07T09:05,2006-01-07T11:20,MRS,585887566
ZOSCVEEM,code,L,70004523,CSD,2006-01-07T05:15,2006-01-07T07:40,CDG,585887566
ZOSCVEEM,code,L,70004524,CSD,2006-01-07T09:05,2006-01-07T11:20,MRS,585887566
VHOZZWDD,code,L,70004523,CSD,2006-01-07T05:15,2006-01-07T07:40,CDG,585887566
VHOZZWDD,code,L,70004524,CSD,2006-01-07T09:05,2006-01-07T11:20,MRS,585887566
DWLSIQOT,code,L,70004523,ST,2006-01-07T05:15,2006-01-07T07:40,CDG,585887566
DWLSIQOT,code,L,70004524,ST,2006-01-07T09:05,2006-01-07T11:20,MRS,585887566
IFIXHDNR,code,L,70004523,ST,2006-01-07T05:15,2006-01-07T07:40,CDG,585887566
IFIXHDNR,code,L,70004524,ST,2006-01-07T09:05,2006-01-07T11:20,MRS,585887566
DDYEGAXV,code,L,70004523,ST,2006-01-07T05:15,2006-01-07T07:40,CDG,585887566
DDYEGAXV,code,L,70004524,ST,2006-01-07T09:05,2006-01-07T11:20,MRS,585887566
SREHNURY,code,L,70004523,ST,2006-01-07T05:15,2006-01-07T07:40,CDG,585887566
SREHNURY,code,L,70004524,ST,2006-01-07T09:05,2006-01-07T11:20,MRS,585887566
DWNEBELO,code,L,70004523,ST,2006-01-07T05:15,2006-01-07T07:40,CDG,585887566
DWNEBELO,code,L,70004524,ST,2006-01-07T09:05,2006-01-07T11:20,MRS,585887566
PRZOZSYS,code,L,70004523,ST,2006-01-07T05:15,2006-01-07T07:40,CDG,585887566
PRZOZSYS,code,L,70004524,ST,2006-01-07T09:05,2006-01-07T11:20,MRS,585887566
QNIFHMYL,code,L,70004563,CP,2006-01-07T05:20,2006-01-07T07:55,CDG,485266100
QNIFHMYL,code,L,70004564,CP,2006-01-07T09:05,2006-01-07T11:25,NCE,485266100
UJJJUQIT,code,L,70004563,FO,2006-01-07T05:20,2006-01-07T07:55,CDG,485266100
UJJJUQIT,code,L,70004564,FO,2006-01-07T09:05,2006-01-07T11:25,NCE,485266100
COJBCXJC,code,L,70004563,CSD,2006-01-07T05:20,2006-01-07T07:55,CDG,485266100
COJBCXJC,code,L,70004564,CSD,2006-01-07T09:05,2006-01-07T11:25,NCE,485266100
MIULHTKR,code,L,70004563,CSD,2006-01-07T05:20,2006-01-07T07:55,CDG,485266100
MIULHTKR,code,L,70004564,CSD,2006-01-07T09:05,2006-01-07T11:25,NCE,485266100
JXPFVUMA,code,L,70004563,ST,2006-01-07T05:20,2006-01-07T07:55,CDG,485266100
JXPFVUMA,code,L,70004564,ST,2006-01-07T09:05,2006-01-07T11:25,NCE,485266100
OLTHNRWS,code,L,70004563,ST,2006-01-07T05:20,2006-01-07T07:55,CDG,485266100
OLTHNRWS,code,L,70004564,ST,2006-01-07T09:05,2006-01-07T11:25,NCE,485266100
FGGADUQH,code,L,70004563,ST,2006-01-07T05:20,2006-01-07T07:55,CDG,485266100
FGGADUQH,code,L,70004564,ST,2006-01-07T09:05,2006-01-07T11:25,NCE,485266100
FVALLXFJ,code,L,70004563,ST,2006-01-07T05:20,2006-01-07T07:55,CDG,485266100
FVALLXFJ,code,L,70004564,ST,2006-01-07T09:05,2006-01-07T11:25,NCE,485266100
DVXOIMMI,code,L,70004563,ST,2006-01-07T05:20,2006-01-07T07:55,CDG,485266100
DVXOIMMI,code,L,70004564,ST,2006-01-07T09:05,2006-01-07T11:25,NCE,485266100
GHJRTFGM,code,L,70004563,ST,2006-01-07T05:20,2006-01-07T07:55,CDG,485266100
GHJRTFGM,code,L,70004564,ST,2006-01-07T09:05,2006-01-07T11:25,NCE,485266100
UBOAXDTK,code,L,70004375,CP,2006-01-07T05:25,2006-01-07T07:50,ORY,200550235
UBOAXDTK,code,L,70004376,CP,2006-01-07T08:35,2006-01-07T10:50,TLN,200550235
KKKTCIXK,code,L,70004375,FO,2006-01-07T05:25,2006-01-07T07:50,ORY,200550235
KKKTCIXK,code,L,70004376,FO,2006-01-07T08:35,2006-01-07T10:50,TLN,200550235
LSWSGRXX,code,L,70004375,CSD,2006-01-07T05:25,2006-01-07T07:50,ORY,200550235
LSWSGRXX,code,L,70004376,CSD,2006-01-07T08:35,2006-01-07T10:50,TLN,200550235
PFGPMECP,code,L,70004375,CSD,2006-01-07T05:25,2006-01-07T07:50,ORY,200550235
PFGPMECP,code,L,70004376,CSD,2006-01-07T08:35,2006-01-07T10:50,TLN,200550235
BAFIHGHL,code,L,70004375,ST,2006-01-07T05:25,2006-01-07T07:50,ORY,200550235
BAFIHGHL,code,L,70004376,ST,2006-01-07T08:35,2006-01-07T10:50,TLN,200550235
VJSYJIFH,code,L,70004375,ST,2006-01-07T05:25,2006-01-07T07:50,ORY,200550235
VJSYJIFH,code,L,70004376,ST,2006-01-07T08:35,2006-01-07T10:50,TLN,200550235
BRDLLPMQ,code,L,70004375,ST,2006-01-07T05:25,2006-01-07T07:50,ORY,200550235
BRDLLPMQ,code,L,70004376,ST,2006-01-07T08:35,2006-01-07T10:50,TLN,200550235
IHALONQC,code,L,70004375,ST,2006-01-07T05:25,2006-01-07T07:50,ORY,200550235
IHALONQC,code,L,70004376,ST,2006-01-07T08:35,2006-01-07T10:50,TLN,200550235
SYJGMZOT,code,L,70004375,ST,2006-01-07T05:25,2006-01-07T07:50,ORY,200550235
SYJGMZOT,code,L,70004376,ST,2006-01-07T08:35,2006-01-07T10:50,TLN,200550235
WXQZEQDE,code,L,70004375,ST,2006-01-07T05:25,2006-01-07T07:50,ORY,200550235
WXQZEQDE,code,L,70004376,ST,2006-01-07T08:35,2006-01-07T10:50,TLN,200550235
QOGFLMYS,code,L,70004514,CP,2006-01-07T05:25,2006-01-07T07:35,LYS,1484135457
QOGFLMYS,code,L,70004503,CP,2006-01-07T08:30,2006-01-07T10:25,CDG,1484135457
YLVESQRL,code,L,70004514,FO,2006-01-07T05:25,2006-01-07T07:35,LYS,1484135457
YLVESQRL,code,L,70004503,FO,2006-01-07T08:30,2006-01-07T10:25,CDG,1484135457
PGQELXKK,code,L,70004514,CSD,2006-01-07T05:25,2006-01-07T07:35,LYS,1484135457
PGQELXKK,code,L,70004503,CSD,2006-01-07T08:30,2006-01-07T10:25,CDG,1484135457
NWWLHDBN,code,L,70004514,CSD,2006-01-07T05:25,2006-01-07T07:35,LYS,1484135457
NWWLHDBN,code,L,70004503,CSD,2006-01-07T08:30,2006-01-07T10:25,CDG,1484135457
HQTLXAWF,code,L,70004514,ST,2006-01-07T05:25,2006-01-07T07:35,LYS,1484135457
HQTLXAWF,code,L,70004503,ST,2006-01-07T08:30,2006-01-07T10:25,CDG,1484135457
TDTEDNKG,code,L,70004514,ST,2006-01-07T05:25,2006-01-07T07:35,LYS,1484135457
TDTEDNKG,code,L,70004503,ST,2006-01-07T08:30,2006-01-07T10:25,CDG,1484135457
FCRDMWKJ,code,L,70004514,ST,2006-01-07T05:25,2006-01-07T07:35,LYS,1484135457
FCRDMWKJ,code,L,70004503,ST,2006-01-07T08:30,2006-01-07T10:25,CDG,1484135457
ERIHFTSI,code,L,70004514,ST,2006-01-07T05:25,2006-01-07T07:35,LYS,1484135457
ERIHFTSI,code,L,70004503,ST,2006-01-07T08:30,2006-01-07T10:25,CDG,1484135457
CWUFRXOU,code,L,70004514,ST,2006-01-07T05:25,2006-01-07T07:35,LYS,1484135457
CWUFRXOU,code,L,70004503,ST,2006-01-07T08:30,2006-01-07T10:25,CDG,1484135457
WXGCIKZH,code,L,70004514,ST,2006-01-07T05:25,2006-01-07T07:35,LYS,1484135457
WXGCIKZH,code,L,70004503,ST,2006-01-07T08:30,2006-01-07T10:25,CDG,1484135457
DRPKKPWN,code,L,70004574,CP,2006-01-07T05:25,2006-01-07T08:00,NCE,16322739
DRPKKPWN,code,L,70004565,CP,2006-01-07T09:35,2006-01-07T11:55,CDG,16322739
CXXOMPJZ,code,L,70004574,FO,2006-01-07T05:25,2006-01-07T08:00,NCE,16322739
CXXOMPJZ,code,L,70004565,FO,2006-01-07T09:35,2006-01-07T11:55,CDG,16322739
RDQRRFXU,code,L,70004574,CSD,2006-01-07T05:25,2006-01-07T08:00,NCE,16322739
RDQRRFXU,code,L,70004565,CSD,2006-01-07T09:35,2006-01-07T11:55,CDG,16322739
COLKSIWX,code,L,70004574,CSD,2006-01-07T05:25,2006-01-07T08:00,NCE,16322739
COLKSIWX,code,L,70004565,CSD,2006-01-07T09:35,2006-01-07T11:55,CDG,16322739
BDKBGRLN,code,L,70004574,ST,2006-01-07T05:25,2006-01-07T08:00,NCE,16322739
BDKBGRLN,code,L,70004565,ST,2006-01-07T09:35,2006-01-07T11:55,CDG,16322739
JIFTSYKP,code,L,70004574,ST,2006-01-07T05:25,2006-01-07T08:00,NCE,16322739
JIFTSYKP,code,L,70004565,ST,2006-01-07T09:35,2006-01-07T11:55,CDG,16322739
JNZUXODC,code,L,70004574,ST,2006-01-07T05:25,2006-01-07T08:00,NCE,16322739
JNZUXODC,code,L,70004565,ST,2006-01-07T09:35,2006-01-07T11:55,CDG,16322739
XHDVCBLS,code,L,70004574,ST,2006-01-07T05:25,2006-01-07T08:00,NCE,16322739
XHDVCBLS,code,L,70004565,ST,2006-01-07T09:35,2006-01-07T11:55,CDG,16322739
PDLUOIZL,code,L,70004574,ST,2006-01-07T05:25,2006-01-07T08:00,NCE,16322739
PDLUOIZL,code,L,70004565,ST,2006-01-07T09:35,2006-01-07T11:55,CDG,16322739
VSYUDDFC,code,L,70004574,ST,2006-01-07T05:25,2006-01-07T08:00,NCE,16322739
VSYUDDFC,code,L,70004565,ST,2006-01-07T09:35,2006-01-07T11:55,CDG,16322739
ZLXKOQKR,code,L,70003107,CP,2006-01-07T05:30,2006-01-07T07:50,ORY,1501726364
ZLXKOQKR,code,L,70003108,CP,2006-01-07T08:35,2006-01-07T10:45,NCE,1501726364
PGAGOJKQ,code,L,70003107,FO,2006-01-07T05:30,2006-01-07T07:50,ORY,1501726364
PGAGOJKQ,code,L,70003108,FO,2006-01-07T08:35,2006-01-07T10:45,NCE,1501726364
IBKOYDZJ,code,L,70003107,CSD,2006-01-07T05:30,2006-01-07T07:50,ORY,1501726364
IBKOYDZJ,code,L,70003108,CSD,2006-01-07T08:35,2006-01-07T10:45,NCE,1501726364
XCYSJWVR,code,L,70003107,CSD,2006-01-07T05:30,2006-01-07T07:50,ORY,1501726364
XCYSJWVR,code,L,70003108,CSD,2006-01-07T08:35,2006-01-07T10:45,NCE,1501726364
OIBNNINS,code,L,70003107,ST,2006-01-07T05:30,2006-01-07T07:50,ORY,1501726364
OIBNNINS,code,L,70003108,ST,2006-01-07T08:35,2006-01-07T10:45,NCE,1501726364
ZHKVIJMR,code,L,70003107,ST,2006-01-07T05:30,2006-01-07T07:50,ORY,1501726364
ZHKVIJMR,code,L,70003108,ST,2006-01-07T08:35,2006-01-07T10:45,NCE,1501726364
RORZMPSU,code,L,70003107,ST,2006-01-07T05:30,2006-01-07T07:50,ORY,1501726364
RORZMPSU,code,L,70003108,ST,2006-01-07T08:35,2006-01-07T10:45,NCE,1501726364
CCZOVBHN,code,L,70003107,ST,2006-01-07T05:30,2006-01-07T07:50,ORY,1501726364
CCZOVBHN,code,L,70003108,ST,2006-01-07T08:35,2006-01-07T10:45,NCE,1501726364
IDMTDPGC,code,L,70003107,ST,2006-01-07T05:30,2006-01-07T07:50,ORY,1501726364
IDMTDPGC,code,L,70003108,ST,2006-01-07T08:35,2006-01-07T10:45,NCE,1501726364
JOMVBNHS,code,L,70003107,ST,2006-01-07T05:30,2006-01-07T07:50,ORY,1501726364
JOMVBNHS,code,L,70003108,ST,2006-01-07T08:35,2006-01-07T10:45,NCE,1501726364
QNWTLQUT,code,L,70002872,CP,2006-01-07T05:30,2006-01-07T07:50,MRS,744291659
QNWTLQUT,code,L,70002879,CP,2006-01-07T08:35,2006-01-07T10:35,ORY,744291659
NQUGBSPO,code,L,70002872,FO,2006-01-07T05:30,2006-01-07T07:50,MRS,744291659
NQUGBSPO,code,L,70002879,FO,2006-01-07T08:35,2006-01-07T10:35,ORY,744291659
SDSXGNGG,code,L,70002872,CSD,2006-01-07T05:30,2006-01-07T07:50,MRS,744291659
SDSXGNGG,code,L,70002879,CSD,2006-01-07T08:35,2006-01-07T10:35,ORY,744291659
GEPJCYTD,code,L,70002872,CSD,2006-01-07T05:30,2006-01-07T07:50,MRS,744291659
GEPJCYTD,code,L,70002879,CSD,2006-01-07T08:35,2006-01-07T10:35,ORY,744291659
VDFTTCNC,code,L,70002872,ST,2006-01-07T05:30,2006-01-07T07:50,MRS,744291659
VDFTTCNC,code,L,70002879,ST,2006-01-07T08:35,2006-01-07T10:35,ORY,744291659
NESRFLCP,code,L,70002872,ST,2006-01-07T05:30,2006-01-07T07:50,MRS,744291659
NESRFLCP,code,L,70002879,ST,2006-01-07T08:35,2006-01-07T10:35,ORY,744291659
UQSMMKHY,code,L,70002872,ST,2006-01-07T05:30,2006-01-07T07:50,MRS,744291659
UQSMMKHY,code,L,70002879,ST,2006-01-07T08:35,2006-01-07T10:35,ORY,744291659
MYHHQYEB,code,L,70002872,ST,2006-01-07T05:30,2006-01-07T07:50,MRS,744291659
MYHHQYEB,code,L,70002879,ST,2006-01-07T08:35,2006-01-07T10:35,ORY,744291659
PSFDWTZS,code,L,70002872,ST,2006-01-07T05:30,2006-01-07T07:50,MRS,744291659
PSFDWTZS,code,L,70002879,ST,2006-01-07T08:35,2006-01-07T10:35,ORY,744291659
DMJDGFZJ,code,L,70002872,ST,2006-01-07T05:30,2006-01-07T07:50,MRS,744291659
DMJDGFZJ,code,L,70002879,ST,2006-01-07T08:35,2006-01-07T10:35,ORY,744291659
RSKMSMEB,code,L,70004483,CP,2006-01-07T05:30,2006-01-07T07:50,CDG,56569042
RSKMSMEB,code,L,70004488,CP,2006-01-07T09:20,2006-01-07T11:30,BOD,56569042
ZEHTPIDD,code,L,70004483,FO,2006-01-07T05:30,2006-01-07T07:50,CDG,56569042
ZEHTPIDD,code,L,70004488,FO,2006-01-07T09:20,2006-01-07T11:30,BOD,56569042
WYOPEMFD,code,L,70004483,CSD,2006-01-07T05:30,2006-01-07T07:50,CDG,56569042
WYOPEMFD,code,L,70004488,CSD,2006-01-07T09:20,2006-01-07T11:30,BOD,56569042
YHTFEVRS,code,L,70004483,CSD,2006-01-07T05:30,2006-01-07T07:50,CDG,56569042
YHTFEVRS,code,L,70004488,CSD,2006-01-07T09:20,2006-01-07T11:30,BOD,56569042
OSHITZDM,code,L,70004483,ST,2006-01-07T05:30,2006-01-07T07:50,CDG,56569042
OSHITZDM,code,L,70004488,ST,2006-01-07T09:20,2006-01-07T11:30,BOD,56569042
SRNXIQTX,code,L,70004483,ST,2006-01-07T05:30,2006-01-07T07:50,CDG,56569042
SRNXIQTX,code,L,70004488,ST,2006-01-07T09:20,2006-01-07T11:30,BOD,56569042
JYZFBXJO,code,L,70004483,ST,2006-01-07T05:30,2006-01-07T07:50,CDG,56569042
JYZFBXJO,code,L,70004488,ST,2006-01-07T09:20,2006-01-07T11:30,BOD,56569042
UFKATKVJ,code,L,70004483,ST,2006-01-07T05:30,2006-01-07T07:50,CDG,56569042
UFKATKVJ,code,L,70004488,ST,2006-01-07T09:20,2006-01-07T11:30,BOD,56569042
VNIGLJAT,code,L,70004483,ST,2006-01-07T05:30,2006-01-07T07:50,CDG,56569042
VNIGLJAT,code,L,70004488,ST,2006-01-07T09:20,2006-01-07T11:30,BOD,56569042
GBBKOKNG,code,L,70004483,ST,2006-01-07T05:30,2006-01-07T07:50,CDG,56569042
GBBKOKNG,code,L,70004488,ST,2006-01-07T09:20,2006-01-07T11:30,BOD,56569042
FKHJGGPO,code,L,70004360,CP,2006-01-07T05:30,2006-01-07T07:55,LDE,1162073078
FKHJGGPO,code,L,70004359,CP,2006-01-07T08:45,2006-01-07T10:05,ORY,1162073078
FKHJGGPO,code,L,70004350,CP,2006-01-07T10:45,2006-01-07T12:10,LDE,1162073078
FKHJGGPO,code,L,70004349,CP,2006-01-07T12:55,2006-01-07T15:00,ORY,1162073078
VMEIXIXI,code,L,70004360,FO,2006-01-07T05:30,2006-01-07T07:55,LDE,1162073078
VMEIXIXI,code,L,70004359,FO,2006-01-07T08:45,2006-01-07T10:05,ORY,1162073078
VMEIXIXI,code,L,70004350,FO,2006-01-07T10:45,2006-01-07T12:10,LDE,1162073078
VMEIXIXI,code,L,70004349,FO,2006-01-07T12:55,2006-01-07T15:00,ORY,1162073078
TDTTUQDY,code,L,70004360,CS,2006-01-07T05:30,2006-01-07T07:55,LDE,1162073078
TDTTUQDY,code,L,70004359,CS,2006-01-07T08:45,2006-01-07T10:05,ORY,1162073078
TDTTUQDY,code,L,70004350,CS,2006-01-07T10:45,2006-01-07T12:10,LDE,1162073078
TDTTUQDY,code,L,70004349,CS,2006-01-07T12:55,2006-01-07T15:00,ORY,1162073078
PIPVDOND,code,L,70004360,ST,2006-01-07T05:30,2006-01-07T07:55,LDE,1162073078
PIPVDOND,code,L,70004359,ST,2006-01-07T08:45,2006-01-07T10:05,ORY,1162073078
PIPVDOND,code,L,70004350,ST,2006-01-07T10:45,2006-01-07T12:10,LDE,1162073078
PIPVDOND,code,L,70004349,ST,2006-01-07T12:55,2006-01-07T15:00,ORY,1162073078
GTYYVGXK,code,L,70004360,ST,2006-01-07T05:30,2006-01-07T07:55,LDE,1162073078
GTYYVGXK,code,L,70004359,ST,2006-01-07T08:45,2006-01-07T10:05,ORY,1162073078
GTYYVGXK,code,L,70004350,ST,2006-01-07T10:45,2006-01-07T12:10,LDE,1162073078
GTYYVGXK,code,L,70004349,ST,2006-01-07T12:55,2006-01-07T15:00,ORY,1162073078
DBFTAWCF,code,L,70004360,ST,2006-01-07T05:30,2006-01-07T07:55,LDE,1162073078
DBFTAWCF,code,L,70004359,ST,2006-01-07T08:45,2006-01-07T10:05,ORY,1162073078
DBFTAWCF,code,L,70004350,ST,2006-01-07T10:45,2006-01-07T12:10,LDE,1162073078
DBFTAWCF,code,L,70004349,ST,2006-01-07T12:55,2006-01-07T15:00,ORY,1162073078
ZAZSSKMS,code,L,70004623,CP,2006-01-07T05:35,2006-01-07T07:35,ORY,2035035283
ZAZSSKMS,code,L,70004626,CP,2006-01-07T09:35,2006-01-07T10:45,SXB,2035035283
ZAZSSKMS,code,L,70004625,CP,2006-01-07T11:40,2006-01-07T12:50,CDG,2035035283
ZAZSSKMS,code,L,70004634,CP,2006-01-07T14:10,2006-01-07T15:20,SXB,2035035283
ZAZSSKMS,code,L,70004629,CP,2006-01-07T16:30,2006-01-07T17:40,CDG,2035035283
ZAZSSKMS,code,L,70004630,CP,2006-01-07T18:25,2006-01-07T19:35,SXB,2035035283
ZAZSSKMS,code,L,70004647,CP,2006-01-07T20:30,2006-01-07T22:25,CDG,2035035283
OEJHBJXQ,code,L,70004623,FO,2006-01-07T05:35,2006-01-07T07:35,ORY,2035035283
OEJHBJXQ,code,L,70004626,FO,2006-01-07T09:35,2006-01-07T10:45,SXB,2035035283
OEJHBJXQ,code,L,70004625,FO,2006-01-07T11:40,2006-01-07T12:50,CDG,2035035283
OEJHBJXQ,code,L,70004634,FO,2006-01-07T14:10,2006-01-07T15:20,SXB,2035035283
OEJHBJXQ,code,L,70004629,FO,2006-01-07T16:30,2006-01-07T17:40,CDG,2035035283
OEJHBJXQ,code,L,70004630,FO,2006-01-07T18:25,2006-01-07T19:35,SXB,2035035283
OEJHBJXQ,code,L,70004647,FO,2006-01-07T20:30,2006-01-07T22:25,CDG,2035035283
BSNJHSWU,code,L,70004623,CSD,2006-01-07T05:35,2006-01-07T07:35,ORY,2035035283
BSNJHSWU,code,L,70004626,CSD,2006-01-07T09:35,2006-01-07T10:45,SXB,2035035283
BSNJHSWU,code,L,70004625,CSD,2006-01-07T11:40,2006-01-07T12:50,CDG,2035035283
BSNJHSWU,code,L,70004634,CSD,2006-01-07T14:10,2006-01-07T15:20,SXB,2035035283
BSNJHSWU,code,L,70004629,CSD,2006-01-07T16:30,2006-01-07T17:40,CDG,2035035283
BSNJHSWU,code,L,70004630,CSD,2006-01-07T18:25,2006-01-07T19:35,SXB,2035035283
BSNJHSWU,code,L,70004647,CSD,2006-01-07T20:30,2006-01-07T22:25,CDG,2035035283
DZAIEATJ,code,L,70004623,CSD,2006-01-07T05:35,2006-01-07T07:35,ORY,2035035283
DZAIEATJ,code,L,70004626,CSD,2006-01-07T09:35,2006-01-07T10:45,SXB,2035035283
DZAIEATJ,code,L,70004625,CSD,2006-01-07T11:40,2006-01-07T12:50,CDG,2035035283
DZAIEATJ,code,L,70004634,CSD,2006-01-07T14:10,2006-01-07T15:20,SXB,2035035283
DZAIEATJ,code,L,70004629,CSD,2006-01-07T16:30,2006-01-07T17:40,CDG,2035035283
DZAIEATJ,code,L,70004630,CSD,2006-01-07T18:25,2006-01-07T19:35,SXB,2035035283
DZAIEATJ,code,L,70004647,CSD,2006-01-07T20:30,2006-01-07T22:25,CDG,2035035283
ATWWSVIL,code,L,70004623,ST,2006-01-07T05:35,2006-01-07T07:35,ORY,2035035283
ATWWSVIL,code,L,70004626,ST,2006-01-07T09:35,2006-01-07T10:45,SXB,2035035283
ATWWSVIL,code,L,70004625,ST,2006-01-07T11:40,2006-01-07T12:50,CDG,2035035283
ATWWSVIL,code,L,70004634,ST,2006-01-07T14:10,2006-01-07T15:20,SXB,2035035283
ATWWSVIL,code,L,70004629,ST,2006-01-07T16:30,2006-01-07T17:40,CDG,2035035283
ATWWSVIL,code,L,70004630,ST,2006-01-07T18:25,2006-01-07T19:35,SXB,2035035283
ATWWSVIL,code,L,70004647,ST,2006-01-07T20:30,2006-01-07T22:25,CDG,2035035283
BWWKSEEJ,code,L,70004623,ST,2006-01-07T05:35,2006-01-07T07:35,ORY,2035035283
BWWKSEEJ,code,L,70004626,ST,2006-01-07T09:35,2006-01-07T10:45,SXB,2035035283
BWWKSEEJ,code,L,70004625,ST,2006-01-07T11:40,2006-01-07T12:50,CDG,2035035283
BWWKSEEJ,code,L,70004634,ST,2006-01-07T14:10,2006-01-07T15:20,SXB,2035035283
BWWKSEEJ,code,L,70004629,ST,2006-01-07T16:30,2006-01-07T17:40,CDG,2035035283
BWWKSEEJ,code,L,70004630,ST,2006-01-07T18:25,2006-01-07T19:35,SXB,2035035283
BWWKSEEJ,code,L,70004647,ST,2006-01-07T20:30,2006-01-07T22:25,CDG,2035035283
HHUABLFI,code,L,70004623,ST,2006-01-07T05:35,2006-01-07T07:35,ORY,2035035283
HHUABLFI,code,L,70004626,ST,2006-01-07T09:35,2006-01-07T10:45,SXB,2035035283
HHUABLFI,code,L,70004625,ST,2006-01-07T11:40,2006-01-07T12:50,CDG,2035035283
HHUABLFI,code,L,70004634,ST,2006-01-07T14:10,2006-01-07T15:20,SXB,2035035283
HHUABLFI,code,L,70004629,ST,2006-01-07T16:30,2006-01-07T17:40,CDG,2035035283
HHUABLFI,code,L,70004630,ST,2006-01-07T18:25,2006-01-07T19:35,SXB,2035035283
HHUABLFI,code,L,70004647,ST,2006-01-07T20:30,2006-01-07T22:25,CDG,2035035283
EVKWRKPK,code,L,70004623,ST,2006-01-07T05:35,2006-01-07T07:35,ORY,2035035283
EVKWRKPK,code,L,70004626,ST,2006-01-07T09:35,2006-01-07T10:45,SXB,2035035283
EVKWRKPK,code,L,70004625,ST,2006-01-07T11:40,2006-01-07T12:50,CDG,2035035283
EVKWRKPK,code,L,70004634,ST,2006-01-07T14:10,2006-01-07T15:20,SXB,2035035283
EVKWRKPK,code,L,70004629,ST,2006-01-07T16:30,2006-01-07T17:40,CDG,2035035283
EVKWRKPK,code,L,70004630,ST,2006-01-07T18:25,2006-01-07T19:35,SXB,2035035283
EVKWRKPK,code,L,70004647,ST,2006-01-07T20:30,2006-01-07T22:25,CDG,2035035283
PISEPLWB,code,L,70004623,ST,2006-01-07T05:35,2006-01-07T07:35,ORY,2035035283
PISEPLWB,code,L,70004626,ST,2006-01-07T09:35,2006-01-07T10:45,SXB,2035035283
PISEPLWB,code,L,70004625,ST,2006-01-07T11:40,2006-01-07T12:50,CDG,2035035283
PISEPLWB,code,L,70004634,ST,2006-01-07T14:10,2006-01-07T15:20,SXB,2035035283
PISEPLWB,code,L,70004629,ST,2006-01-07T16:30,2006-01-07T17:40,CDG,2035035283
PISEPLWB,code,L,70004630,ST,2006-01-07T18:25,2006-01-07T19:35,SXB,2035035283
PISEPLWB,code,L,70004647,ST,2006-01-07T20:30,2006-01-07T22:25,CDG,2035035283
ZJUCWYVG,code,L,70004623,ST,2006-01-07T05:35,2006-01-07T07:35,ORY,2035035283
ZJUCWYVG,code,L,70004626,ST,2006-01-07T09:35,2006-01-07T10:45,SXB,2035035283
ZJUCWYVG,code,L,70004625,ST,2006-01-07T11:40,2006-01-07T12:50,CDG,2035035283
ZJUCWYVG,code,L,70004634,ST,2006-01-07T14:10,2006-01-07T15:20,SXB,2035035283
ZJUCWYVG,code,L,70004629,ST,2006-01-07T16:30,2006-01-07T17:40,CDG,2035035283
ZJUCWYVG,code,L,70004630,ST,2006-01-07T18:25,2006-01-07T19:35,SXB,2035035283
ZJUCWYVG,code,L,70004647,ST,2006-01-07T20:30,2006-01-07T22:25,CDG,2035035283
EZAPTYPL,code,L,70004536,CP,2006-01-07T05:35,2006-01-07T08:05,MRS,689146701
EZAPTYPL,code,L,70004525,CP,2006-01-07T09:30,2006-01-07T11:40,CDG,689146701
UVOEWEGD,code,L,70004536,FO,2006-01-07T05:35,2006-01-07T08:05,MRS,689146701
UVOEWEGD,code,L,70004525,FO,2006-01-07T09:30,2006-01-07T11:40,CDG,689146701
WGPUTZEP,code,L,70004536,CSD,2006-01-07T05:35,2006-01-07T08:05,MRS,689146701
WGPUTZEP,code,L,70004525,CSD,2006-01-07T09:30,2006-01-07T11:40,CDG,689146701
NQFOZPXZ,code,L,70004536,CSD,2006-01-07T05:35,2006-01-07T08:05,MRS,689146701
NQFOZPXZ,code,L,70004525,CSD,2006-01-07T09:30,2006-01-07T11:40,CDG,689146701
PHDGAACP,code,L,70004536,ST,2006-01-07T05:35,2006-01-07T08:05,MRS,689146701
PHDGAACP,code,L,70004525,ST,2006-01-07T09:30,2006-01-07T11:40,CDG,689146701
ZBYKPNLO,code,L,70004536,ST,2006-01-07T05:35,2006-01-07T08:05,MRS,689146701
ZBYKPNLO,code,L,70004525,ST,2006-01-07T09:30,2006-01-07T11:40,CDG,689146701
XGBLPUIK,code,L,70004536,ST,2006-01-07T05:35,2006-01-07T08:05,MRS,689146701
XGBLPUIK,code,L,70004525,ST,2006-01-07T09:30,2006-01-07T11:40,CDG,689146701
ZUMLLROM,code,L,70004536,ST,2006-01-07T05:35,2006-01-07T08:05,MRS,689146701
ZUMLLROM,code,L,70004525,ST,2006-01-07T09:30,2006-01-07T11:40,CDG,689146701
HVBEWQRI,code,L,70004536,ST,2006-01-07T05:35,2006-01-07T08:05,MRS,689146701
HVBEWQRI,code,L,70004525,ST,2006-01-07T09:30,2006-01-07T11:40,CDG,689146701
SIMWWVOM,code,L,70004536,ST,2006-01-07T05:35,2006-01-07T08:05,MRS,689146701
SIMWWVOM,code,L,70004525,ST,2006-01-07T09:30,2006-01-07T11:40,CDG,689146701
LMXOECHE,code,L,70002970,CP,2006-01-07T05:40,2006-01-07T08:00,TLS,185012673
LMXOECHE,code,L,70004269,CP,2006-01-07T09:30,2006-01-07T10:35,ORY,185012673
LMXOECHE,code,L,70004270,CP,2006-01-07T11:20,2006-01-07T12:25,LYS,185012673
LMXOECHE,code,L,70004271,CP,2006-01-07T13:40,2006-01-07T14:45,ORY,185012673
LMXOECHE,code,L,70004276,CP,2006-01-07T16:10,2006-01-07T17:15,LYS,185012673
LMXOECHE,code,L,70002967,CP,2006-01-07T18:25,2006-01-07T20:30,ORY,185012673
AGQXORCV,code,L,70002970,FO,2006-01-07T05:40,2006-01-07T08:00,TLS,185012673
AGQXORCV,code,L,70004269,FO,2006-01-07T09:30,2006-01-07T10:35,ORY,185012673
AGQXORCV,code,L,70004270,FO,2006-01-07T11:20,2006-01-07T12:25,LYS,185012673
AGQXORCV,code,L,70004271,FO,2006-01-07T13:40,2006-01-07T14:45,ORY,185012673
AGQXORCV,code,L,70004276,FO,2006-01-07T16:10,2006-01-07T17:15,LYS,185012673
AGQXORCV,code,L,70002967,FO,2006-01-07T18:25,2006-01-07T20:30,ORY,185012673
ZOMXBAXR,code,L,70002970,CSD,2006-01-07T05:40,2006-01-07T08:00,TLS,185012673
ZOMXBAXR,code,L,70004269,CSD,2006-01-07T09:30,2006-01-07T10:35,ORY,185012673
ZOMXBAXR,code,L,70004270,CSD,2006-01-07T11:20,2006-01-07T12:25,LYS,185012673
ZOMXBAXR,code,L,70004271,CSD,2006-01-07T13:40,2006-01-07T14:45,ORY,185012673
ZOMXBAXR,code,L,70004276,CSD,2006-01-07T16:10,2006-01-07T17:15,LYS,185012673
ZOMXBAXR,code,L,70002967,CSD,2006-01-07T18:25,2006-01-07T20:30,ORY,185012673
BRMKHPKK,code,L,70002970,CSD,2006-01-07T05:40,2006-01-07T08:00,TLS,185012673
BRMKHPKK,code,L,70004269,CSD,2006-01-07T09:30,2006-01-07T10:35,ORY,185012673
BRMKHPKK,code,L,70004270,CSD,2006-01-07T11:20,2006-01-07T12:25,LYS,185012673
BRMKHPKK,code,L,70004271,CSD,2006-01-07T13:40,2006-01-07T14:45,ORY,185012673
BRMKHPKK,code,L,70004276,CSD,2006-01-07T16:10,2006-01-07T17:15,LYS,185012673
BRMKHPKK,code,L,70002967,CSD,2006-01-07T18:25,2006-01-07T20:30,ORY,185012673
WBBFALSP,code,L,70002970,ST,2006-01-07T05:40,2006-01-07T08:00,TLS,185012673
WBBFALSP,code,L,70004269,ST,2006-01-07T09:30,2006-01-07T10:35,ORY,185012673
WBBFALSP,code,L,70004270,ST,2006-01-07T11:20,2006-01-07T12:25,LYS,185012673
WBBFALSP,code,L,70004271,ST,2006-01-07T13:40,2006-01-07T14:45,ORY,185012673
WBBFALSP,code,L,70004276,ST,2006-01-07T16:10,2006-01-07T17:15,LYS,185012673
WBBFALSP,code,L,70002967,ST,2006-01-07T18:25,2006-01-07T20:30,ORY,185012673
JVMUVXVT,code,L,70002970,ST,2006-01-07T05:40,2006-01-07T08:00,TLS,185012673
JVMUVXVT,code,L,70004269,ST,2006-01-07T09:30,2006-01-07T10:35,ORY,185012673
JVMUVXVT,code,L,70004270,ST,2006-01-07T11:20,2006-01-07T12:25,LYS,185012673
JVMUVXVT,code,L,70004271,ST,2006-01-07T13:40,2006-01-07T14:45,ORY,185012673
JVMUVXVT,code,L,70004276,ST,2006-01-07T16:10,2006-01-07T17:15,LYS,185012673
JVMUVXVT,code,L,70002967,ST,2006-01-07T18:25,2006-01-07T20:30,ORY,185012673
MSHFPWNU,code,L,70002970,ST,2006-01-07T05:40,2006-01-07T08:00,TLS,185012673
MSHFPWNU,code,L,70004269,ST,2006-01-07T09:30,2006-01-07T10:35,ORY,185012673
MSHFPWNU,code,L,70004270,ST,2006-01-07T11:20,2006-01-07T12:25,LYS,185012673
MSHFPWNU,code,L,70004271,ST,2006-01-07T13:40,2006-01-07T14:45,ORY,185012673
MSHFPWNU,code,L,70004276,ST,2006-01-07T16:10,2006-01-07T17:15,LYS,185012673
MSHFPWNU,code,L,70002967,ST,2006-01-07T18:25,2006-01-07T20:30,ORY,185012673
GORYETKU,code,L,70002970,ST,2006-01-07T05:40,2006-01-07T08:00,TLS,185012673
GORYETKU,code,L,70004269,ST,2006-01-07T09:30,2006-01-07T10:35,ORY,185012673
GORYETKU,code,L,70004270,ST,2006-01-07T11:20,2006-01-07T12:25,LYS,185012673
GORYETKU,code,L,70004271,ST,2006-01-07T13:40,2006-01-07T14:45,ORY,185012673
GORYETKU,code,L,70004276,ST,2006-01-07T16:10,2006-01-07T17:15,LYS,185012673
GORYETKU,code,L,70002967,ST,2006-01-07T18:25,2006-01-07T20:30,ORY,185012673
VZTNEHOL,code,L,70002970,ST,2006-01-07T05:40,2006-01-07T08:00,TLS,185012673
VZTNEHOL,code,L,70004269,ST,2006-01-07T09:30,2006-01-07T10:35,ORY,185012673
VZTNEHOL,code,L,70004270,ST,2006-01-07T11:20,2006-01-07T12:25,LYS,185012673
VZTNEHOL,code,L,70004271,ST,2006-01-07T13:40,2006-01-07T14:45,ORY,185012673
VZTNEHOL,code,L,70004276,ST,2006-01-07T16:10,2006-01-07T17:15,LYS,185012673
VZTNEHOL,code,L,70002967,ST,2006-01-07T18:25,2006-01-07T20:30,ORY,185012673
JXITAPHY,code,L,70002970,ST,2006-01-07T05:40,2006-01-07T08:00,TLS,185012673
JXITAPHY,code,L,70004269,ST,2006-01-07T09:30,2006-01-07T10:35,ORY,185012673
JXITAPHY,code,L,70004270,ST,2006-01-07T11:20,2006-01-07T12:25,LYS,185012673
JXITAPHY,code,L,70004271,ST,2006-01-07T13:40,2006-01-07T14:45,ORY,185012673
JXITAPHY,code,L,70004276,ST,2006-01-07T16:10,2006-01-07T17:15,LYS,185012673
JXITAPHY,code,L,70002967,ST,2006-01-07T18:25,2006-01-07T20:30,ORY,185012673
NGZKAOJL,code,L,70002605,CP,2006-01-07T05:40,2006-01-07T07:45,RNS,1617046705
NGZKAOJL,code,L,70002606,CP,2006-01-07T08:10,2006-01-07T10:05,TLS,1617046705
SFNKYJUL,code,L,70002605,FO,2006-01-07T05:40,2006-01-07T07:45,RNS,1617046705
SFNKYJUL,code,L,70002606,FO,2006-01-07T08:10,2006-01-07T10:05,TLS,1617046705
CBNYVDCJ,code,L,70002605,CSD,2006-01-07T05:40,2006-01-07T07:45,RNS,1617046705
CBNYVDCJ,code,L,70002606,CSD,2006-01-07T08:10,2006-01-07T10:05,TLS,1617046705
QAOTOBTU,code,L,70002605,ST,2006-01-07T05:40,2006-01-07T07:45,RNS,1617046705
QAOTOBTU,code,L,70002606,ST,2006-01-07T08:10,2006-01-07T10:05,TLS,1617046705
WOQSBGWW,code,L,70002605,ST,2006-01-07T05:40,2006-01-07T07:45,RNS,1617046705
WOQSBGWW,code,L,70002606,ST,2006-01-07T08:10,2006-01-07T10:05,TLS,1617046705
TZHQGIIC,code,L,70002969,CP,2006-01-07T05:50,2006-01-07T08:00,ORY,1372239857
TZHQGIIC,code,L,70002976,CP,2006-01-07T08:40,2006-01-07T10:45,TLS,1372239857
OIBWOCLR,code,L,70002969,FO,2006-01-07T05:50,2006-01-07T08:00,ORY,1372239857
OIBWOCLR,code,L,70002976,FO,2006-01-07T08:40,2006-01-07T10:45,TLS,1372239857
OWQKBVXS,code,L,70002969,CSD,2006-01-07T05:50,2006-01-07T08:00,ORY,1372239857
OWQKBVXS,code,L,70002976,CSD,2006-01-07T08:40,2006-01-07T10:45,TLS,1372239857
NDUWMCKL,code,L,70002969,CSD,2006-01-07T05:50,2006-01-07T08:00,ORY,1372239857
NDUWMCKL,code,L,70002976,CSD,2006-01-07T08:40,2006-01-07T10:45,TLS,1372239857
FDVNGICX,code,L,70002969,ST,2006-01-07T05:50,2006-01-07T08:00,ORY,1372239857
FDVNGICX,code,L,70002976,ST,2006-01-07T08:40,2006-01-07T10:45,TLS,1372239857
RLICJMZX,code,L,70002969,ST,2006-01-07T05:50,2006-01-07T08:00,ORY,1372239857
RLICJMZX,code,L,70002976,ST,2006-01-07T08:40,2006-01-07T10:45,TLS,1372239857
YKVMAMDT,code,L,70002969,ST,2006-01-07T05:50,2006-01-07T08:00,ORY,1372239857
YKVMAMDT,code,L,70002976,ST,2006-01-07T08:40,2006-01-07T10:45,TLS,1372239857
KVRKHFYA,code,L,70002969,ST,2006-01-07T05:50,2006-01-07T08:00,ORY,1372239857
KVRKHFYA,code,L,70002976,ST,2006-01-07T08:40,2006-01-07T10:45,TLS,1372239857
PJAYPQHM,code,L,70002969,ST,2006-01-07T05:50,2006-01-07T08:00,ORY,1372239857
PJAYPQHM,code,L,70002976,ST,2006-01-07T08:40,2006-01-07T10:45,TLS,1372239857
AHXHPWYC,code,L,70002969,ST,2006-01-07T05:50,2006-01-07T08:00,ORY,1372239857
AHXHPWYC,code,L,70002976,ST,2006-01-07T08:40,2006-01-07T10:45,TLS,1372239857
OOPTOQSM,code,L,70004618,CP,2006-01-07T06:00,2006-01-07T08:10,ETZ,1002897798
OOPTOQSM,code,L,70004617,CP,2006-01-07T08:40,2006-01-07T10:25,ORY,1002897798
MKSTQUHX,code,L,70004618,FO,2006-01-07T06:00,2006-01-07T08:10,ETZ,1002897798
MKSTQUHX,code,L,70004617,FO,2006-01-07T08:40,2006-01-07T10:25,ORY,1002897798
GFJKMDRN,code,L,70004618,CSD,2006-01-07T06:00,2006-01-07T08:10,ETZ,1002897798
GFJKMDRN,code,L,70004617,CSD,2006-01-07T08:40,2006-01-07T10:25,ORY,1002897798
YUFSJACE,code,L,70004618,CSD,2006-01-07T06:00,2006-01-07T08:10,ETZ,1002897798
YUFSJACE,code,L,70004617,CSD,2006-01-07T08:40,2006-01-07T10:25,ORY,1002897798
KVDGCMTJ,code,L,70004618,ST,2006-01-07T06:00,2006-01-07T08:10,ETZ,1002897798
KVDGCMTJ,code,L,70004617,ST,2006-01-07T08:40,2006-01-07T10:25,ORY,1002897798
FETTKJRM,code,L,70004618,ST,2006-01-07T06:00,2006-01-07T08:10,ETZ,1002897798
FETTKJRM,code,L,70004617,ST,2006-01-07T08:40,2006-01-07T10:25,ORY,1002897798
CFUCAGSH,code,L,70004618,ST,2006-01-07T06:00,2006-01-07T08:10,ETZ,1002897798
CFUCAGSH,code,L,70004617,ST,2006-01-07T08:40,2006-01-07T10:25,ORY,1002897798
RJWCUJAW,code,L,70004618,ST,2006-01-07T06:00,2006-01-07T08:10,ETZ,1002897798
RJWCUJAW,code,L,70004617,ST,2006-01-07T08:40,2006-01-07T10:25,ORY,1002897798
MMTOENVC,code,L,70004618,ST,2006-01-07T06:00,2006-01-07T08:10,ETZ,1002897798
MMTOENVC,code,L,70004617,ST,2006-01-07T08:40,2006-01-07T10:25,ORY,1002897798
YZJWLNOQ,code,L,70004618,ST,2006-01-07T06:00,2006-01-07T08:10,ETZ,1002897798
YZJWLNOQ,code,L,70004617,ST,2006-01-07T08:40,2006-01-07T10:25,ORY,1002897798
ZEGNLUAA,code,L,70003065,CP,2006-01-07T06:00,2006-01-07T08:20,ORY,2026928803
ZEGNLUAA,code,L,70003070,CP,2006-01-07T09:05,2006-01-07T11:15,NCE,2026928803
EDRUHKBK,code,L,70003065,FO,2006-01-07T06:00,2006-01-07T08:20,ORY,2026928803
EDRUHKBK,code,L,70003070,FO,2006-01-07T09:05,2006-01-07T11:15,NCE,2026928803
NJAYEHNW,code,L,70003065,CSD,2006-01-07T06:00,2006-01-07T08:20,ORY,2026928803
NJAYEHNW,code,L,70003070,CSD,2006-01-07T09:05,2006-01-07T11:15,NCE,2026928803
LKWTEGJP,code,L,70003065,CSD,2006-01-07T06:00,2006-01-07T08:20,ORY,2026928803
LKWTEGJP,code,L,70003070,CSD,2006-01-07T09:05,2006-01-07T11:15,NCE,2026928803
MNTRGNAU,code,L,70003065,ST,2006-01-07T06:00,2006-01-07T08:20,ORY,2026928803
MNTRGNAU,code,L,70003070,ST,2006-01-07T09:05,2006-01-07T11:15,NCE,2026928803
PRDIAQIQ,code,L,70003065,ST,2006-01-07T06:00,2006-01-07T08:20,ORY,2026928803
PRDIAQIQ,code,L,70003070,ST,2006-01-07T09:05,2006-01-07T11:15,NCE,2026928803
PMRLFZGB,code,L,70003065,ST,2006-01-07T06:00,2006-01-07T08:20,ORY,2026928803
PMRLFZGB,code,L,70003070,ST,2006-01-07T09:05,2006-01-07T11:15,NCE,2026928803
JHSFGXSD,code,L,70003065,ST,2006-01-07T06:00,2006-01-07T08:20,ORY,2026928803
JHSFGXSD,code,L,70003070,ST,2006-01-07T09:05,2006-01-07T11:15,NCE,2026928803
XWTJZJGQ,code,L,70003065,ST,2006-01-07T06:00,2006-01-07T08:20,ORY,2026928803
XWTJZJGQ,code,L,70003070,ST,2006-01-07T09:05,2006-01-07T11:15,NCE,2026928803
DQFMMPEA,code,L,70003065,ST,2006-01-07T06:00,2006-01-07T08:20,ORY,2026928803
DQFMMPEA,code,L,70003070,ST,2006-01-07T09:05,2006-01-07T11:15,NCE,2026928803
HLBGBINO,code,L,70004164,CP,2006-01-07T06:00,2006-01-07T08:00,SXB,659767626
HLBGBINO,code,L,70002883,CP,2006-01-07T11:35,2006-01-07T12:50,ORY,659767626
HLBGBINO,code,L,70002892,CP,2006-01-07T13:30,2006-01-07T14:50,MRS,659767626
HLBGBINO,code,L,70002895,CP,2006-01-07T15:35,2006-01-07T16:50,ORY,659767626
HLBGBINO,code,L,70002908,CP,2006-01-07T17:30,2006-01-07T18:50,MRS,659767626
HLBGBINO,code,L,70004189,CP,2006-01-07T19:25,2006-01-07T21:10,ORY,659767626
SMWBBSTI,code,L,70004164,FO,2006-01-07T06:00,2006-01-07T08:00,SXB,659767626
SMWBBSTI,code,L,70002883,FO,2006-01-07T11:35,2006-01-07T12:50,ORY,659767626
SMWBBSTI,code,L,70002892,FO,2006-01-07T13:30,2006-01-07T14:50,MRS,659767626
SMWBBSTI,code,L,70002895,FO,2006-01-07T15:35,2006-01-07T16:50,ORY,659767626
SMWBBSTI,code,L,70002908,FO,2006-01-07T17:30,2006-01-07T18:50,MRS,659767626
SMWBBSTI,code,L,70004189,FO,2006-01-07T19:25,2006-01-07T21:10,ORY,659767626
FJOJXZAP,code,L,70004164,CSD,2006-01-07T06:00,2006-01-07T08:00,SXB,659767626
FJOJXZAP,code,L,70002883,CSD,2006-01-07T11:35,2006-01-07T12:50,ORY,659767626
FJOJXZAP,code,L,70002892,CSD,2006-01-07T13:30,2006-01-07T14:50,MRS,659767626
FJOJXZAP,code,L,70002895,CSD,2006-01-07T15:35,2006-01-07T16:50,ORY,659767626
FJOJXZAP,code,L,70002908,CSD,2006-01-07T17:30,2006-01-07T18:50,MRS,659767626
FJOJXZAP,code,L,70004189,CSD,2006-01-07T19:25,2006-01-07T21:10,ORY,659767626
ODRLEXBA,code,L,70004164,CSD,2006-01-07T06:00,2006-01-07T08:00,SXB,659767626
ODRLEXBA,code,L,70002883,CSD,2006-01-07T11:35,2006-01-07T12:50,ORY,659767626
ODRLEXBA,code,L,70002892,CSD,2006-01-07T13:30,2006-01-07T14:50,MRS,659767626
ODRLEXBA,code,L,70002895,CSD,2006-01-07T15:35,2006-01-07T16:50,ORY,659767626
ODRLEXBA,code,L,70002908,CSD,2006-01-07T17:30,2006-01-07T18:50,MRS,659767626
ODRLEXBA,code,L,70004189,CSD,2006-01-07T19:25,2006-01-07T21:10,ORY,659767626
TJDVSCIS,code,L,70004164,ST,2006-01-07T06:00,2006-01-07T08:00,SXB,659767626
TJDVSCIS,code,L,70002883,ST,2006-01-07T11:35,2006-01-07T12:50,ORY,659767626
TJDVSCIS,code,L,70002892,ST,2006-01-07T13:30,2006-01-07T14:50,MRS,659767626
TJDVSCIS,code,L,70002895,ST,2006-01-07T15:35,2006-01-07T16:50,ORY,659767626
TJDVSCIS,code,L,70002908,ST,2006-01-07T17:30,2006-01-07T18:50,MRS,659767626
TJDVSCIS,code,L,70004189,ST,2006-01-07T19:25,2006-01-07T21:10,ORY,659767626
JMEPWPFO,code,L,70004164,ST,2006-01-07T06:00,2006-01-07T08:00,SXB,659767626
JMEPWPFO,code,L,70002883,ST,2006-01-07T11:35,2006-01-07T12:50,ORY,659767626
JMEPWPFO,code,L,70002892,ST,2006-01-07T13:30,2006-01-07T14:50,MRS,659767626
JMEPWPFO,code,L,70002895,ST,2006-01-07T15:35,2006-01-07T16:50,ORY,659767626
JMEPWPFO,code,L,70002908,ST,2006-01-07T17:30,2006-01-07T18:50,MRS,659767626
JMEPWPFO,code,L,70004189,ST,2006-01-07T19:25,2006-01-07T21:10,ORY,659767626
KYSHHNJG,code,L,70004164,ST,2006-01-07T06:00,2006-01-07T08:00,SXB,659767626
KYSHHNJG,code,L,70002883,ST,2006-01-07T11:35,2006-01-07T12:50,ORY,659767626
KYSHHNJG,code,L,70002892,ST,2006-01-07T13:30,2006-01-07T14:50,MRS,659767626
KYSHHNJG,code,L,70002895,ST,2006-01-07T15:35,2006-01-07T16:50,ORY,659767626
KYSHHNJG,code,L,70002908,ST,2006-01-07T17:30,2006-01-07T18:50,MRS,659767626
KYSHHNJG,code,L,70004189,ST,2006-01-07T19:25,2006-01-07T21:10,ORY,659767626
CTXTUPLP,code,L,70004164,ST,2006-01-07T06:00,2006-01-07T08:00,SXB,659767626
CTXTUPLP,code,L,70002883,ST,2006-01-07T11:35,2006-01-07T12:50,ORY,659767626
CTXTUPLP,code,L,70002892,ST,2006-01-07T13:30,2006-01-07T14:50,MRS,659767626
CTXTUPLP,code,L,70002895,ST,2006-01-07T15:35,2006-01-07T16:50,ORY,659767626
CTXTUPLP,code,L,70002908,ST,2006-01-07T17:30,2006-01-07T18:50,MRS,659767626
CTXTUPLP,code,L,70004189,ST,2006-01-07T19:25,2006-01-07T21:10,ORY,659767626
XPALRKXR,code,L,70004164,ST,2006-01-07T06:00,2006-01-07T08:00,SXB,659767626
XPALRKXR,code,L,70002883,ST,2006-01-07T11:35,2006-01-07T12:50,ORY,659767626
XPALRKXR,code,L,70002892,ST,2006-01-07T13:30,2006-01-07T14:50,MRS,659767626
XPALRKXR,code,L,70002895,ST,2006-01-07T15:35,2006-01-07T16:50,ORY,659767626
XPALRKXR,code,L,70002908,ST,2006-01-07T17:30,2006-01-07T18:50,MRS,659767626
XPALRKXR,code,L,70004189,ST,2006-01-07T19:25,2006-01-07T21:10,ORY,659767626
GWBSGFTE,code,L,70004164,ST,2006-01-07T06:00,2006-01-07T08:00,SXB,659767626
GWBSGFTE,code,L,70002883,ST,2006-01-07T11:35,2006-01-07T12:50,ORY,659767626
GWBSGFTE,code,L,70002892,ST,2006-01-07T13:30,2006-01-07T14:50,MRS,659767626
GWBSGFTE,code,L,70002895,ST,2006-01-07T15:35,2006-01-07T16:50,ORY,659767626
GWBSGFTE,code,L,70002908,ST,2006-01-07T17:30,2006-01-07T18:50,MRS,659767626
GWBSGFTE,code,L,70004189,ST,2006-01-07T19:25,2006-01-07T21:10,ORY,659767626
MFRHDDXF,code,L,70002610,CP,2006-01-07T06:00,2006-01-07T08:35,RNS,272026514
MFRHDDXF,code,L,70002661,CP,2006-01-07T09:10,2006-01-07T11:05,NCE,272026514
MFRHDDXF,code,L,70002662,CP,2006-01-07T11:45,2006-01-07T13:35,BES,272026514
MFRHDDXF,code,L,70002609,CP,2006-01-07T14:05,2006-01-07T16:30,NCE,272026514
ZJWYCDWN,code,L,70002610,FO,2006-01-07T06:00,2006-01-07T08:35,RNS,272026514
ZJWYCDWN,code,L,70002661,FO,2006-01-07T09:10,2006-01-07T11:05,NCE,272026514
ZJWYCDWN,code,L,70002662,FO,2006-01-07T11:45,2006-01-07T13:35,BES,272026514
ZJWYCDWN,code,L,70002609,FO,2006-01-07T14:05,2006-01-07T16:30,NCE,272026514
CCZYBFYV,code,L,70002610,CS,2006-01-07T06:00,2006-01-07T08:35,RNS,272026514
CCZYBFYV,code,L,70002661,CS,2006-01-07T09:10,2006-01-07T11:05,NCE,272026514
CCZYBFYV,code,L,70002662,CS,2006-01-07T11:45,2006-01-07T13:35,BES,272026514
CCZYBFYV,code,L,70002609,CS,2006-01-07T14:05,2006-01-07T16:30,NCE,272026514
OYSUVIVI,code,L,70002610,ST,2006-01-07T06:00,2006-01-07T08:35,RNS,272026514
OYSUVIVI,code,L,70002661,ST,2006-01-07T09:10,2006-01-07T11:05,NCE,272026514
OYSUVIVI,code,L,70002662,ST,2006-01-07T11:45,2006-01-07T13:35,BES,272026514
OYSUVIVI,code,L,70002609,ST,2006-01-07T14:05,2006-01-07T16:30,NCE,272026514
YCGFCXEI,code,L,70002610,ST,2006-01-07T06:00,2006-01-07T08:35,RNS,272026514
YCGFCXEI,code,L,70002661,ST,2006-01-07T09:10,2006-01-07T11:05,NCE,272026514
YCGFCXEI,code,L,70002662,ST,2006-01-07T11:45,2006-01-07T13:35,BES,272026514
YCGFCXEI,code,L,70002609,ST,2006-01-07T14:05,2006-01-07T16:30,NCE,272026514
XUMFZGGB,code,L,70002624,CP,2006-01-07T06:05,2006-01-07T08:25,NTE,1412011072
XUMFZGGB,code,L,70002623,CP,2006-01-07T09:00,2006-01-07T10:25,MRS,1412011072
XUMFZGGB,code,L,70002630,CP,2006-01-07T11:00,2006-01-07T12:20,NTE,1412011072
XUMFZGGB,code,L,70002629,CP,2006-01-07T12:55,2006-01-07T15:05,MRS,1412011072
BOUDVKSJ,code,L,70002624,FO,2006-01-07T06:05,2006-01-07T08:25,NTE,1412011072
BOUDVKSJ,code,L,70002623,FO,2006-01-07T09:00,2006-01-07T10:25,MRS,1412011072
BOUDVKSJ,code,L,70002630,FO,2006-01-07T11:00,2006-01-07T12:20,NTE,1412011072
BOUDVKSJ,code,L,70002629,FO,2006-01-07T12:55,2006-01-07T15:05,MRS,1412011072
IHFTTCWD,code,L,70002624,CSD,2006-01-07T06:05,2006-01-07T08:25,NTE,1412011072
IHFTTCWD,code,L,70002623,CSD,2006-01-07T09:00,2006-01-07T10:25,MRS,1412011072
IHFTTCWD,code,L,70002630,CSD,2006-01-07T11:00,2006-01-07T12:20,NTE,1412011072
IHFTTCWD,code,L,70002629,CSD,2006-01-07T12:55,2006-01-07T15:05,MRS,1412011072
GXGMAEPM,code,L,70002624,CSD,2006-01-07T06:05,2006-01-07T08:25,NTE,1412011072
GXGMAEPM,code,L,70002623,CSD,2006-01-07T09:00,2006-01-07T10:25,MRS,1412011072
GXGMAEPM,code,L,70002630,CSD,2006-01-07T11:00,2006-01-07T12:20,NTE,1412011072
GXGMAEPM,code,L,70002629,CSD,2006-01-07T12:55,2006-01-07T15:05,MRS,1412011072
CNBKCDJW,code,L,70002624,ST,2006-01-07T06:05,2006-01-07T08:25,NTE,1412011072
CNBKCDJW,code,L,70002623,ST,2006-01-07T09:00,2006-01-07T10:25,MRS,1412011072
CNBKCDJW,code,L,70002630,ST,2006-01-07T11:00,2006-01-07T12:20,NTE,1412011072
CNBKCDJW,code,L,70002629,ST,2006-01-07T12:55,2006-01-07T15:05,MRS,1412011072
PYWYQDUE,code,L,70002624,ST,2006-01-07T06:05,2006-01-07T08:25,NTE,1412011072
PYWYQDUE,code,L,70002623,ST,2006-01-07T09:00,2006-01-07T10:25,MRS,1412011072
PYWYQDUE,code,L,70002630,ST,2006-01-07T11:00,2006-01-07T12:20,NTE,1412011072
PYWYQDUE,code,L,70002629,ST,2006-01-07T12:55,2006-01-07T15:05,MRS,1412011072
NIYYPAQJ,code,L,70002624,ST,2006-01-07T06:05,2006-01-07T08:25,NTE,1412011072
NIYYPAQJ,code,L,70002623,ST,2006-01-07T09:00,2006-01-07T10:25,MRS,1412011072
NIYYPAQJ,code,L,70002630,ST,2006-01-07T11:00,2006-01-07T12:20,NTE,1412011072
NIYYPAQJ,code,L,70002629,ST,2006-01-07T12:55,2006-01-07T15:05,MRS,1412011072
SDHROEPG,code,L,70002624,ST,2006-01-07T06:05,2006-01-07T08:25,NTE,1412011072
SDHROEPG,code,L,70002623,ST,2006-01-07T09:00,2006-01-07T10:25,MRS,1412011072
SDHROEPG,code,L,70002630,ST,2006-01-07T11:00,2006-01-07T12:20,NTE,1412011072
SDHROEPG,code,L,70002629,ST,2006-01-07T12:55,2006-01-07T15:05,MRS,1412011072
ZOAWNWEX,code,L,70002624,ST,2006-01-07T06:05,2006-01-07T08:25,NTE,1412011072
ZOAWNWEX,code,L,70002623,ST,2006-01-07T09:00,2006-01-07T10:25,MRS,1412011072
ZOAWNWEX,code,L,70002630,ST,2006-01-07T11:00,2006-01-07T12:20,NTE,1412011072
ZOAWNWEX,code,L,70002629,ST,2006-01-07T12:55,2006-01-07T15:05,MRS,1412011072
FHQJDLBG,code,L,70002624,ST,2006-01-07T06:05,2006-01-07T08:25,NTE,1412011072
FHQJDLBG,code,L,70002623,ST,2006-01-07T09:00,2006-01-07T10:25,MRS,1412011072
FHQJDLBG,code,L,70002630,ST,2006-01-07T11:00,2006-01-07T12:20,NTE,1412011072
FHQJDLBG,code,L,70002629,ST,2006-01-07T12:55,2006-01-07T15:05,MRS,1412011072
CQTXNITZ,code,L,70003117,CP,2006-01-07T06:15,2006-01-07T08:20,ORY,1844137836
CQTXNITZ,code,L,70003144,CP,2006-01-07T09:10,2006-01-07T10:20,BOD,1844137836
CQTXNITZ,code,L,70002869,CP,2006-01-07T12:10,2006-01-07T13:25,ORY,1844137836
CQTXNITZ,code,L,70002878,CP,2006-01-07T14:55,2006-01-07T16:50,MRS,1844137836
STACBHUY,code,L,70003117,FO,2006-01-07T06:15,2006-01-07T08:20,ORY,1844137836
STACBHUY,code,L,70003144,FO,2006-01-07T09:10,2006-01-07T10:20,BOD,1844137836
STACBHUY,code,L,70002869,FO,2006-01-07T12:10,2006-01-07T13:25,ORY,1844137836
STACBHUY,code,L,70002878,FO,2006-01-07T14:55,2006-01-07T16:50,MRS,1844137836
BBSLEMCH,code,L,70003117,CSD,2006-01-07T06:15,2006-01-07T08:20,ORY,1844137836
BBSLEMCH,code,L,70003144,CSD,2006-01-07T09:10,2006-01-07T10:20,BOD,1844137836
BBSLEMCH,code,L,70002869,CSD,2006-01-07T12:10,2006-01-07T13:25,ORY,1844137836
BBSLEMCH,code,L,70002878,CSD,2006-01-07T14:55,2006-01-07T16:50,MRS,1844137836
WIKMAFTX,code,L,70003117,CSD,2006-01-07T06:15,2006-01-07T08:20,ORY,1844137836
WIKMAFTX,code,L,70003144,CSD,2006-01-07T09:10,2006-01-07T10:20,BOD,1844137836
WIKMAFTX,code,L,70002869,CSD,2006-01-07T12:10,2006-01-07T13:25,ORY,1844137836
WIKMAFTX,code,L,70002878,CSD,2006-01-07T14:55,2006-01-07T16:50,MRS,1844137836
KRIGZRBN,code,L,70003117,ST,2006-01-07T06:15,2006-01-07T08:20,ORY,1844137836
KRIGZRBN,code,L,70003144,ST,2006-01-07T09:10,2006-01-07T10:20,BOD,1844137836
KRIGZRBN,code,L,70002869,ST,2006-01-07T12:10,2006-01-07T13:25,ORY,1844137836
KRIGZRBN,code,L,70002878,ST,2006-01-07T14:55,2006-01-07T16:50,MRS,1844137836
HRQECCGY,code,L,70003117,ST,2006-01-07T06:15,2006-01-07T08:20,ORY,1844137836
HRQECCGY,code,L,70003144,ST,2006-01-07T09:10,2006-01-07T10:20,BOD,1844137836
HRQECCGY,code,L,70002869,ST,2006-01-07T12:10,2006-01-07T13:25,ORY,1844137836
HRQECCGY,code,L,70002878,ST,2006-01-07T14:55,2006-01-07T16:50,MRS,1844137836
SLPBNMCD,code,L,70003117,ST,2006-01-07T06:15,2006-01-07T08:20,ORY,1844137836
SLPBNMCD,code,L,70003144,ST,2006-01-07T09:10,2006-01-07T10:20,BOD,1844137836
SLPBNMCD,code,L,70002869,ST,2006-01-07T12:10,2006-01-07T13:25,ORY,1844137836
SLPBNMCD,code,L,70002878,ST,2006-01-07T14:55,2006-01-07T16:50,MRS,1844137836
DBOSGDWK,code,L,70003117,ST,2006-01-07T06:15,2006-01-07T08:20,ORY,1844137836
DBOSGDWK,code,L,70003144,ST,2006-01-07T09:10,2006-01-07T10:20,BOD,1844137836
DBOSGDWK,code,L,70002869,ST,2006-01-07T12:10,2006-01-07T13:25,ORY,1844137836
DBOSGDWK,code,L,70002878,ST,2006-01-07T14:55,2006-01-07T16:50,MRS,1844137836
HJKYTVBA,code,L,70003117,ST,2006-01-07T06:15,2006-01-07T08:20,ORY,1844137836
HJKYTVBA,code,L,70003144,ST,2006-01-07T09:10,2006-01-07T10:20,BOD,1844137836
HJKYTVBA,code,L,70002869,ST,2006-01-07T12:10,2006-01-07T13:25,ORY,1844137836
HJKYTVBA,code,L,70002878,ST,2006-01-07T14:55,2006-01-07T16:50,MRS,1844137836
ONAMIJNL,code,L,70003117,ST,2006-01-07T06:15,2006-01-07T08:20,ORY,1844137836
ONAMIJNL,code,L,70003144,ST,2006-01-07T09:10,2006-01-07T10:20,BOD,1844137836
ONAMIJNL,code,L,70002869,ST,2006-01-07T12:10,2006-01-07T13:25,ORY,1844137836
ONAMIJNL,code,L,70002878,ST,2006-01-07T14:55,2006-01-07T16:50,MRS,1844137836
JEDXNRDI,code,L,70004385,CP,2006-01-07T06:25,2006-01-07T08:45,ORY,363927940
JEDXNRDI,code,L,70004386,CP,2006-01-07T09:35,2006-01-07T11:45,PGF,363927940
BOVVEUJU,code,L,70004385,FO,2006-01-07T06:25,2006-01-07T08:45,ORY,363927940
BOVVEUJU,code,L,70004386,FO,2006-01-07T09:35,2006-01-07T11:45,PGF,363927940
WNLCYGFF,code,L,70004385,CSD,2006-01-07T06:25,2006-01-07T08:45,ORY,363927940
WNLCYGFF,code,L,70004386,CSD,2006-01-07T09:35,2006-01-07T11:45,PGF,363927940
EIQXAXSI,code,L,70004385,CSD,2006-01-07T06:25,2006-01-07T08:45,ORY,363927940
EIQXAXSI,code,L,70004386,CSD,2006-01-07T09:35,2006-01-07T11:45,PGF,363927940
EMUJVFAE,code,L,70004385,ST,2006-01-07T06:25,2006-01-07T08:45,ORY,363927940
EMUJVFAE,code,L,70004386,ST,2006-01-07T09:35,2006-01-07T11:45,PGF,363927940
NJUXUKGU,code,L,70004385,ST,2006-01-07T06:25,2006-01-07T08:45,ORY,363927940
NJUXUKGU,code,L,70004386,ST,2006-01-07T09:35,2006-01-07T11:45,PGF,363927940
CQVWTZME,code,L,70004385,ST,2006-01-07T06:25,2006-01-07T08:45,ORY,363927940
CQVWTZME,code,L,70004386,ST,2006-01-07T09:35,2006-01-07T11:45,PGF,363927940
GSINPXRU,code,L,70004385,ST,2006-01-07T06:25,2006-01-07T08:45,ORY,363927940
GSINPXRU,code,L,70004386,ST,2006-01-07T09:35,2006-01-07T11:45,PGF,363927940
DOOXPAZZ,code,L,70004385,ST,2006-01-07T06:25,2006-01-07T08:45,ORY,363927940
DOOXPAZZ,code,L,70004386,ST,2006-01-07T09:35,2006-01-07T11:45,PGF,363927940
OREKBUCP,code,L,70004385,ST,2006-01-07T06:25,2006-01-07T08:45,ORY,363927940
OREKBUCP,code,L,70004386,ST,2006-01-07T09:35,2006-01-07T11:45,PGF,363927940
XEAYHBYL,code,L,70004486,CP,2006-01-07T06:25,2006-01-07T08:50,BOD,216794175
XEAYHBYL,code,L,70004485,CP,2006-01-07T09:55,2006-01-07T12:00,CDG,216794175
XBRFMUJZ,code,L,70004486,FO,2006-01-07T06:25,2006-01-07T08:50,BOD,216794175
XBRFMUJZ,code,L,70004485,FO,2006-01-07T09:55,2006-01-07T12:00,CDG,216794175
WSOYKMFE,code,L,70004486,CSD,2006-01-07T06:25,2006-01-07T08:50,BOD,216794175
WSOYKMFE,code,L,70004485,CSD,2006-01-07T09:55,2006-01-07T12:00,CDG,216794175
MVOCGIDV,code,L,70004486,CSD,2006-01-07T06:25,2006-01-07T08:50,BOD,216794175
MVOCGIDV,code,L,70004485,CSD,2006-01-07T09:55,2006-01-07T12:00,CDG,216794175
GRIGKZYY,code,L,70004486,ST,2006-01-07T06:25,2006-01-07T08:50,BOD,216794175
GRIGKZYY,code,L,70004485,ST,2006-01-07T09:55,2006-01-07T12:00,CDG,216794175
WQFLTDAM,code,L,70004486,ST,2006-01-07T06:25,2006-01-07T08:50,BOD,216794175
WQFLTDAM,code,L,70004485,ST,2006-01-07T09:55,2006-01-07T12:00,CDG,216794175
XOCHVEJB,code,L,70004486,ST,2006-01-07T06:25,2006-01-07T08:50,BOD,216794175
XOCHVEJB,code,L,70004485,ST,2006-01-07T09:55,2006-01-07T12:00,CDG,216794175
YIRYPVGF,code,L,70004486,ST,2006-01-07T06:25,2006-01-07T08:50,BOD,216794175
YIRYPVGF,code,L,70004485,ST,2006-01-07T09:55,2006-01-07T12:00,CDG,216794175
MXGSYNBW,code,L,70004486,ST,2006-01-07T06:25,2006-01-07T08:50,BOD,216794175
MXGSYNBW,code,L,70004485,ST,2006-01-07T09:55,2006-01-07T12:00,CDG,216794175
LIVQGHOQ,code,L,70004486,ST,2006-01-07T06:25,2006-01-07T08:50,BOD,216794175
LIVQGHOQ,code,L,70004485,ST,2006-01-07T09:55,2006-01-07T12:00,CDG,216794175
YCHLHMXM,code,L,70002520,CP,2006-01-07T06:25,2006-01-07T08:25,NTE,1988519473
YCHLHMXM,code,L,70002519,CP,2006-01-07T08:55,2006-01-07T09:55,TLS,1988519473
YCHLHMXM,code,L,70002518,CP,2006-01-07T10:45,2006-01-07T11:45,NTE,1988519473
YCHLHMXM,code,L,70002517,CP,2006-01-07T12:15,2006-01-07T13:15,TLS,1988519473
YCHLHMXM,code,L,70002626,CP,2006-01-07T13:50,2006-01-07T15:10,NTE,1988519473
YCHLHMXM,code,L,70002625,CP,2006-01-07T15:45,2006-01-07T17:55,MRS,1988519473
DPAEEQAM,code,L,70002520,FO,2006-01-07T06:25,2006-01-07T08:25,NTE,1988519473
DPAEEQAM,code,L,70002519,FO,2006-01-07T08:55,2006-01-07T09:55,TLS,1988519473
DPAEEQAM,code,L,70002518,FO,2006-01-07T10:45,2006-01-07T11:45,NTE,1988519473
DPAEEQAM,code,L,70002517,FO,2006-01-07T12:15,2006-01-07T13:15,TLS,1988519473
DPAEEQAM,code,L,70002626,FO,2006-01-07T13:50,2006-01-07T15:10,NTE,1988519473
DPAEEQAM,code,L,70002625,FO,2006-01-07T15:45,2006-01-07T17:55,MRS,1988519473
XPKZZDVH,code,L,70002520,CS,2006-01-07T06:25,2006-01-07T08:25,NTE,1988519473
XPKZZDVH,code,L,70002519,CS,2006-01-07T08:55,2006-01-07T09:55,TLS,1988519473
XPKZZDVH,code,L,70002518,CS,2006-01-07T10:45,2006-01-07T11:45,NTE,1988519473
XPKZZDVH,code,L,70002517,CS,2006-01-07T12:15,2006-01-07T13:15,TLS,1988519473
XPKZZDVH,code,L,70002626,CS,2006-01-07T13:50,2006-01-07T15:10,NTE,1988519473
XPKZZDVH,code,L,70002625,CS,2006-01-07T15:45,2006-01-07T17:55,MRS,1988519473
AFNEPYSO,code,L,70002520,ST,2006-01-07T06:25,2006-01-07T08:25,NTE,1988519473
AFNEPYSO,code,L,70002519,ST,2006-01-07T08:55,2006-01-07T09:55,TLS,1988519473
AFNEPYSO,code,L,70002518,ST,2006-01-07T10:45,2006-01-07T11:45,NTE,1988519473
AFNEPYSO,code,L,70002517,ST,2006-01-07T12:15,2006-01-07T13:15,TLS,1988519473
AFNEPYSO,code,L,70002626,ST,2006-01-07T13:50,2006-01-07T15:10,NTE,1988519473
AFNEPYSO,code,L,70002625,ST,2006-01-07T15:45,2006-01-07T17:55,MRS,1988519473
NMMUISPA,code,L,70002520,ST,2006-01-07T06:25,2006-01-07T08:25,NTE,1988519473
NMMUISPA,code,L,70002519,ST,2006-01-07T08:55,2006-01-07T09:55,TLS,1988519473
NMMUISPA,code,L,70002518,ST,2006-01-07T10:45,2006-01-07T11:45,NTE,1988519473
NMMUISPA,code,L,70002517,ST,2006-01-07T12:15,2006-01-07T13:15,TLS,1988519473
NMMUISPA,code,L,70002626,ST,2006-01-07T13:50,2006-01-07T15:10,NTE,1988519473
NMMUISPA,code,L,70002625,ST,2006-01-07T15:45,2006-01-07T17:55,MRS,1988519473
FLBCKKHC,code,L,70002520,ST,2006-01-07T06:25,2006-01-07T08:25,NTE,1988519473
FLBCKKHC,code,L,70002519,ST,2006-01-07T08:55,2006-01-07T09:55,TLS,1988519473
FLBCKKHC,code,L,70002518,ST,2006-01-07T10:45,2006-01-07T11:45,NTE,1988519473
FLBCKKHC,code,L,70002517,ST,2006-01-07T12:15,2006-01-07T13:15,TLS,1988519473
FLBCKKHC,code,L,70002626,ST,2006-01-07T13:50,2006-01-07T15:10,NTE,1988519473
FLBCKKHC,code,L,70002625,ST,2006-01-07T15:45,2006-01-07T17:55,MRS,1988519473
VSOZDEMP,code,L,70003067,CP,2006-01-07T06:30,2006-01-07T08:50,ORY,1731519511
VSOZDEMP,code,L,70004784,CP,2006-01-07T10:00,2006-01-07T11:40,NCE,1731519511
VSOZDEMP,code,L,70004679,CP,2006-01-07T12:35,2006-01-07T13:50,LIL,1731519511
VSOZDEMP,code,L,70004678,CP,2006-01-07T14:45,2006-01-07T16:30,LYS,1731519511
GITOTRSZ,code,L,70003067,FO,2006-01-07T06:30,2006-01-07T08:50,ORY,1731519511
GITOTRSZ,code,L,70004784,FO,2006-01-07T10:00,2006-01-07T11:40,NCE,1731519511
GITOTRSZ,code,L,70004679,FO,2006-01-07T12:35,2006-01-07T13:50,LIL,1731519511
GITOTRSZ,code,L,70004678,FO,2006-01-07T14:45,2006-01-07T16:30,LYS,1731519511
HNLEHCKR,code,L,70003067,CSD,2006-01-07T06:30,2006-01-07T08:50,ORY,1731519511
HNLEHCKR,code,L,70004784,CSD,2006-01-07T10:00,2006-01-07T11:40,NCE,1731519511
HNLEHCKR,code,L,70004679,CSD,2006-01-07T12:35,2006-01-07T13:50,LIL,1731519511
HNLEHCKR,code,L,70004678,CSD,2006-01-07T14:45,2006-01-07T16:30,LYS,1731519511
PFHBLQCM,code,L,70003067,CSD,2006-01-07T06:30,2006-01-07T08:50,ORY,1731519511
PFHBLQCM,code,L,70004784,CSD,2006-01-07T10:00,2006-01-07T11:40,NCE,1731519511
PFHBLQCM,code,L,70004679,CSD,2006-01-07T12:35,2006-01-07T13:50,LIL,1731519511
PFHBLQCM,code,L,70004678,CSD,2006-01-07T14:45,2006-01-07T16:30,LYS,1731519511
ELVKKEZQ,code,L,70003067,ST,2006-01-07T06:30,2006-01-07T08:50,ORY,1731519511
ELVKKEZQ,code,L,70004784,ST,2006-01-07T10:00,2006-01-07T11:40,NCE,1731519511
ELVKKEZQ,code,L,70004679,ST,2006-01-07T12:35,2006-01-07T13:50,LIL,1731519511
ELVKKEZQ,code,L,70004678,ST,2006-01-07T14:45,2006-01-07T16:30,LYS,1731519511
SERALVIZ,code,L,70003067,ST,2006-01-07T06:30,2006-01-07T08:50,ORY,1731519511
SERALVIZ,code,L,70004784,ST,2006-01-07T10:00,2006-01-07T11:40,NCE,1731519511
SERALVIZ,code,L,70004679,ST,2006-01-07T12:35,2006-01-07T13:50,LIL,1731519511
SERALVIZ,code,L,70004678,ST,2006-01-07T14:45,2006-01-07T16:30,LYS,1731519511
EVWNOPJR,code,L,70003067,ST,2006-01-07T06:30,2006-01-07T08:50,ORY,1731519511
EVWNOPJR,code,L,70004784,ST,2006-01-07T10:00,2006-01-07T11:40,NCE,1731519511
EVWNOPJR,code,L,70004679,ST,2006-01-07T12:35,2006-01-07T13:50,LIL,1731519511
EVWNOPJR,code,L,70004678,ST,2006-01-07T14:45,2006-01-07T16:30,LYS,1731519511
BBSLZXJC,code,L,70003067,ST,2006-01-07T06:30,2006-01-07T08:50,ORY,1731519511
BBSLZXJC,code,L,70004784,ST,2006-01-07T10:00,2006-01-07T11:40,NCE,1731519511
BBSLZXJC,code,L,70004679,ST,2006-01-07T12:35,2006-01-07T13:50,LIL,1731519511
BBSLZXJC,code,L,70004678,ST,2006-01-07T14:45,2006-01-07T16:30,LYS,1731519511
JBDGYPMD,code,L,70003067,ST,2006-01-07T06:30,2006-01-07T08:50,ORY,1731519511
JBDGYPMD,code,L,70004784,ST,2006-01-07T10:00,2006-01-07T11:40,NCE,1731519511
JBDGYPMD,code,L,70004679,ST,2006-01-07T12:35,2006-01-07T13:50,LIL,1731519511
JBDGYPMD,code,L,70004678,ST,2006-01-07T14:45,2006-01-07T16:30,LYS,1731519511
WEMOVBFJ,code,L,70003067,ST,2006-01-07T06:30,2006-01-07T08:50,ORY,1731519511
WEMOVBFJ,code,L,70004784,ST,2006-01-07T10:00,2006-01-07T11:40,NCE,1731519511
WEMOVBFJ,code,L,70004679,ST,2006-01-07T12:35,2006-01-07T13:50,LIL,1731519511
WEMOVBFJ,code,L,70004678,ST,2006-01-07T14:45,2006-01-07T16:30,LYS,1731519511
SLJQLBZK,code,L,70002868,CP,2006-01-07T06:30,2006-01-07T08:50,MRS,921209318
SLJQLBZK,code,L,70002877,CP,2006-01-07T09:35,2006-01-07T11:35,ORY,921209318
LZDRFPLO,code,L,70002868,FO,2006-01-07T06:30,2006-01-07T08:50,MRS,921209318
LZDRFPLO,code,L,70002877,FO,2006-01-07T09:35,2006-01-07T11:35,ORY,921209318
ETGWVQEW,code,L,70002868,CSD,2006-01-07T06:30,2006-01-07T08:50,MRS,921209318
ETGWVQEW,code,L,70002877,CSD,2006-01-07T09:35,2006-01-07T11:35,ORY,921209318
PAKBVAYI,code,L,70002868,CSD,2006-01-07T06:30,2006-01-07T08:50,MRS,921209318
PAKBVAYI,code,L,70002877,CSD,2006-01-07T09:35,2006-01-07T11:35,ORY,921209318
IPHXLYWH,code,L,70002868,ST,2006-01-07T06:30,2006-01-07T08:50,MRS,921209318
IPHXLYWH,code,L,70002877,ST,2006-01-07T09:35,2006-01-07T11:35,ORY,921209318
RZFTRYHI,code,L,70002868,ST,2006-01-07T06:30,2006-01-07T08:50,MRS,921209318
RZFTRYHI,code,L,70002877,ST,2006-01-07T09:35,2006-01-07T11:35,ORY,921209318
YJNPVCPE,code,L,70002868,ST,2006-01-07T06:30,2006-01-07T08:50,MRS,921209318
YJNPVCPE,code,L,70002877,ST,2006-01-07T09:35,2006-01-07T11:35,ORY,921209318
WJXFIKQH,code,L,70002868,ST,2006-01-07T06:30,2006-01-07T08:50,MRS,921209318
WJXFIKQH,code,L,70002877,ST,2006-01-07T09:35,2006-01-07T11:35,ORY,921209318
BPZRSIII,code,L,70002868,ST,2006-01-07T06:30,2006-01-07T08:50,MRS,921209318
BPZRSIII,code,L,70002877,ST,2006-01-07T09:35,2006-01-07T11:35,ORY,921209318
JKMRCYQV,code,L,70002868,ST,2006-01-07T06:30,2006-01-07T08:50,MRS,921209318
JKMRCYQV,code,L,70002877,ST,2006-01-07T09:35,2006-01-07T11:35,ORY,921209318
SGCONQUJ,code,L,70004400,CP,2006-01-07T06:30,2006-01-07T09:15,FSC,1835196615
SGCONQUJ,code,L,70004393,CP,2006-01-07T09:40,2006-01-07T12:10,ORY,1835196615
ZENZMOTX,code,L,70004400,FO,2006-01-07T06:30,2006-01-07T09:15,FSC,1835196615
ZENZMOTX,code,L,70004393,FO,2006-01-07T09:40,2006-01-07T12:10,ORY,1835196615
ZGTAYVWV,code,L,70004400,CS,2006-01-07T06:30,2006-01-07T09:15,FSC,1835196615
ZGTAYVWV,code,L,70004393,CS,2006-01-07T09:40,2006-01-07T12:10,ORY,1835196615
FIDIQSNI,code,L,70004400,ST,2006-01-07T06:30,2006-01-07T09:15,FSC,1835196615
FIDIQSNI,code,L,70004393,ST,2006-01-07T09:40,2006-01-07T12:10,ORY,1835196615
ZJDYBFZP,code,L,70004400,ST,2006-01-07T06:30,2006-01-07T09:15,FSC,1835196615
ZJDYBFZP,code,L,70004393,ST,2006-01-07T09:40,2006-01-07T12:10,ORY,1835196615
ZKWNUSWD,code,L,70004400,ST,2006-01-07T06:30,2006-01-07T09:15,FSC,1835196615
ZKWNUSWD,code,L,70004393,ST,2006-01-07T09:40,2006-01-07T12:10,ORY,1835196615
BLFONJPO,code,L,70004165,CP,2006-01-07T07:00,2006-01-07T09:00,ORY,2130037697
BLFONJPO,code,L,70004170,CP,2006-01-07T10:10,2006-01-07T11:10,SXB,2130037697
BLFONJPO,code,L,70004171,CP,2006-01-07T14:25,2006-01-07T15:25,ORY,2130037697
BLFONJPO,code,L,70004180,CP,2006-01-07T17:00,2006-01-07T18:45,SXB,2130037697
LCBZSCJT,code,L,70004165,FO,2006-01-07T07:00,2006-01-07T09:00,ORY,2130037697
LCBZSCJT,code,L,70004170,FO,2006-01-07T10:10,2006-01-07T11:10,SXB,2130037697
LCBZSCJT,code,L,70004171,FO,2006-01-07T14:25,2006-01-07T15:25,ORY,2130037697
LCBZSCJT,code,L,70004180,FO,2006-01-07T17:00,2006-01-07T18:45,SXB,2130037697
HESEBKXQ,code,L,70004165,CSD,2006-01-07T07:00,2006-01-07T09:00,ORY,2130037697
HESEBKXQ,code,L,70004170,CSD,2006-01-07T10:10,2006-01-07T11:10,SXB,2130037697
HESEBKXQ,code,L,70004171,CSD,2006-01-07T14:25,2006-01-07T15:25,ORY,2130037697
HESEBKXQ,code,L,70004180,CSD,2006-01-07T17:00,2006-01-07T18:45,SXB,2130037697
QHBZWOJQ,code,L,70004165,CSD,2006-01-07T07:00,2006-01-07T09:00,ORY,2130037697
QHBZWOJQ,code,L,70004170,CSD,2006-01-07T10:10,2006-01-07T11:10,SXB,2130037697
QHBZWOJQ,code,L,70004171,CSD,2006-01-07T14:25,2006-01-07T15:25,ORY,2130037697
QHBZWOJQ,code,L,70004180,CSD,2006-01-07T17:00,2006-01-07T18:45,SXB,2130037697
ZQPXQAKF,code,L,70004165,ST,2006-01-07T07:00,2006-01-07T09:00,ORY,2130037697
ZQPXQAKF,code,L,70004170,ST,2006-01-07T10:10,2006-01-07T11:10,SXB,2130037697
ZQPXQAKF,code,L,70004171,ST,2006-01-07T14:25,2006-01-07T15:25,ORY,2130037697
ZQPXQAKF,code,L,70004180,ST,2006-01-07T17:00,2006-01-07T18:45,SXB,2130037697
JZMWEOUT,code,L,70004165,ST,2006-01-07T07:00,2006-01-07T09:00,ORY,2130037697
JZMWEOUT,code,L,70004170,ST,2006-01-07T10:10,2006-01-07T11:10,SXB,2130037697
JZMWEOUT,code,L,70004171,ST,2006-01-07T14:25,2006-01-07T15:25,ORY,2130037697
JZMWEOUT,code,L,70004180,ST,2006-01-07T17:00,2006-01-07T18:45,SXB,2130037697
TMGVSZUR,code,L,70004165,ST,2006-01-07T07:00,2006-01-07T09:00,ORY,2130037697
TMGVSZUR,code,L,70004170,ST,2006-01-07T10:10,2006-01-07T11:10,SXB,2130037697
TMGVSZUR,code,L,70004171,ST,2006-01-07T14:25,2006-01-07T15:25,ORY,2130037697
TMGVSZUR,code,L,70004180,ST,2006-01-07T17:00,2006-01-07T18:45,SXB,2130037697
TWEEWVFD,code,L,70004165,ST,2006-01-07T07:00,2006-01-07T09:00,ORY,2130037697
TWEEWVFD,code,L,70004170,ST,2006-01-07T10:10,2006-01-07T11:10,SXB,2130037697
TWEEWVFD,code,L,70004171,ST,2006-01-07T14:25,2006-01-07T15:25,ORY,2130037697
TWEEWVFD,code,L,70004180,ST,2006-01-07T17:00,2006-01-07T18:45,SXB,2130037697
PTYRDPPZ,code,L,70004165,ST,2006-01-07T07:00,2006-01-07T09:00,ORY,2130037697
PTYRDPPZ,code,L,70004170,ST,2006-01-07T10:10,2006-01-07T11:10,SXB,2130037697
PTYRDPPZ,code,L,70004171,ST,2006-01-07T14:25,2006-01-07T15:25,ORY,2130037697
PTYRDPPZ,code,L,70004180,ST,2006-01-07T17:00,2006-01-07T18:45,SXB,2130037697
HMLPEHYY,code,L,70004165,ST,2006-01-07T07:00,2006-01-07T09:00,ORY,2130037697
HMLPEHYY,code,L,70004170,ST,2006-01-07T10:10,2006-01-07T11:10,SXB,2130037697
HMLPEHYY,code,L,70004171,ST,2006-01-07T14:25,2006-01-07T15:25,ORY,2130037697
HMLPEHYY,code,L,70004180,ST,2006-01-07T17:00,2006-01-07T18:45,SXB,2130037697
BPNYKPHC,code,L,70003122,CP,2006-01-07T07:00,2006-01-07T09:10,BOD,863898425
BPNYKPHC,code,L,70003121,CP,2006-01-07T10:10,2006-01-07T12:00,ORY,863898425
CRMEZMOE,code,L,70003122,FO,2006-01-07T07:00,2006-01-07T09:10,BOD,863898425
CRMEZMOE,code,L,70003121,FO,2006-01-07T10:10,2006-01-07T12:00,ORY,863898425
EJVVIJFN,code,L,70003122,CSD,2006-01-07T07:00,2006-01-07T09:10,BOD,863898425
EJVVIJFN,code,L,70003121,CSD,2006-01-07T10:10,2006-01-07T12:00,ORY,863898425
MYMVSOZN,code,L,70003122,CSD,2006-01-07T07:00,2006-01-07T09:10,BOD,863898425
MYMVSOZN,code,L,70003121,CSD,2006-01-07T10:10,2006-01-07T12:00,ORY,863898425
PQBHTURG,code,L,70003122,ST,2006-01-07T07:00,2006-01-07T09:10,BOD,863898425
PQBHTURG,code,L,70003121,ST,2006-01-07T10:10,2006-01-07T12:00,ORY,863898425
GSRNMENY,code,L,70003122,ST,2006-01-07T07:00,2006-01-07T09:10,BOD,863898425
GSRNMENY,code,L,70003121,ST,2006-01-07T10:10,2006-01-07T12:00,ORY,863898425
KDRDROKD,code,L,70003122,ST,2006-01-07T07:00,2006-01-07T09:10,BOD,863898425
KDRDROKD,code,L,70003121,ST,2006-01-07T10:10,2006-01-07T12:00,ORY,863898425
WJWEPPDX,code,L,70003122,ST,2006-01-07T07:00,2006-01-07T09:10,BOD,863898425
WJWEPPDX,code,L,70003121,ST,2006-01-07T10:10,2006-01-07T12:00,ORY,863898425
AVCKUGRZ,code,L,70003122,ST,2006-01-07T07:00,2006-01-07T09:10,BOD,863898425
AVCKUGRZ,code,L,70003121,ST,2006-01-07T10:10,2006-01-07T12:00,ORY,863898425
TYFQTKOF,code,L,70003122,ST,2006-01-07T07:00,2006-01-07T09:10,BOD,863898425
TYFQTKOF,code,L,70003121,ST,2006-01-07T10:10,2006-01-07T12:00,ORY,863898425
NOZRCQAX,code,L,70004406,CP,2006-01-07T07:05,2006-01-07T09:25,MPL,1022862599
NOZRCQAX,code,L,70004409,CP,2006-01-07T10:15,2006-01-07T12:15,ORY,1022862599
HWFLWUWO,code,L,70004406,FO,2006-01-07T07:05,2006-01-07T09:25,MPL,1022862599
HWFLWUWO,code,L,70004409,FO,2006-01-07T10:15,2006-01-07T12:15,ORY,1022862599
OLZNLIZL,code,L,70004406,CSD,2006-01-07T07:05,2006-01-07T09:25,MPL,1022862599
OLZNLIZL,code,L,70004409,CSD,2006-01-07T10:15,2006-01-07T12:15,ORY,1022862599
NSAZQAGI,code,L,70004406,CSD,2006-01-07T07:05,2006-01-07T09:25,MPL,1022862599
NSAZQAGI,code,L,70004409,CSD,2006-01-07T10:15,2006-01-07T12:15,ORY,1022862599
POCSYOON,code,L,70004406,ST,2006-01-07T07:05,2006-01-07T09:25,MPL,1022862599
POCSYOON,code,L,70004409,ST,2006-01-07T10:15,2006-01-07T12:15,ORY,1022862599
RPMHBSOL,code,L,70004406,ST,2006-01-07T07:05,2006-01-07T09:25,MPL,1022862599
RPMHBSOL,code,L,70004409,ST,2006-01-07T10:15,2006-01-07T12:15,ORY,1022862599
QQLYQRUG,code,L,70004406,ST,2006-01-07T07:05,2006-01-07T09:25,MPL,1022862599
QQLYQRUG,code,L,70004409,ST,2006-01-07T10:15,2006-01-07T12:15,ORY,1022862599
CLUPFNTF,code,L,70004406,ST,2006-01-07T07:05,2006-01-07T09:25,MPL,1022862599
CLUPFNTF,code,L,70004409,ST,2006-01-07T10:15,2006-01-07T12:15,ORY,1022862599
FLRSKDPM,code,L,70004406,ST,2006-01-07T07:05,2006-01-07T09:25,MPL,1022862599
FLRSKDPM,code,L,70004409,ST,2006-01-07T10:15,2006-01-07T12:15,ORY,1022862599
SDJVZAXI,code,L,70004406,ST,2006-01-07T07:05,2006-01-07T09:25,MPL,1022862599
SDJVZAXI,code,L,70004409,ST,2006-01-07T10:15,2006-01-07T12:15,ORY,1022862599
MGFIWLNU,code,L,70004475,CP,2006-01-07T07:10,2006-01-07T09:45,ORY,1767440095
MGFIWLNU,code,L,70004476,CP,2006-01-07T10:45,2006-01-07T13:00,CLY,1767440095
DNFIBYQO,code,L,70004475,FO,2006-01-07T07:10,2006-01-07T09:45,ORY,1767440095
DNFIBYQO,code,L,70004476,FO,2006-01-07T10:45,2006-01-07T13:00,CLY,1767440095
VTUCCNKE,code,L,70004475,CSD,2006-01-07T07:10,2006-01-07T09:45,ORY,1767440095
VTUCCNKE,code,L,70004476,CSD,2006-01-07T10:45,2006-01-07T13:00,CLY,1767440095
KLGASOTZ,code,L,70004475,CSD,2006-01-07T07:10,2006-01-07T09:45,ORY,1767440095
KLGASOTZ,code,L,70004476,CSD,2006-01-07T10:45,2006-01-07T13:00,CLY,1767440095
JMUDOVQI,code,L,70004475,ST,2006-01-07T07:10,2006-01-07T09:45,ORY,1767440095
JMUDOVQI,code,L,70004476,ST,2006-01-07T10:45,2006-01-07T13:00,CLY,1767440095
HFYDSLDP,code,L,70004475,ST,2006-01-07T07:10,2006-01-07T09:45,ORY,1767440095
HFYDSLDP,code,L,70004476,ST,2006-01-07T10:45,2006-01-07T13:00,CLY,1767440095
KSHNYNOJ,code,L,70004475,ST,2006-01-07T07:10,2006-01-07T09:45,ORY,1767440095
KSHNYNOJ,code,L,70004476,ST,2006-01-07T10:45,2006-01-07T13:00,CLY,1767440095
KDPBGAJT,code,L,70004475,ST,2006-01-07T07:10,2006-01-07T09:45,ORY,1767440095
KDPBGAJT,code,L,70004476,ST,2006-01-07T10:45,2006-01-07T13:00,CLY,1767440095
JOAWUZWS,code,L,70004475,ST,2006-01-07T07:10,2006-01-07T09:45,ORY,1767440095
JOAWUZWS,code,L,70004476,ST,2006-01-07T10:45,2006-01-07T13:00,CLY,1767440095
IKWVLLXI,code,L,70004475,ST,2006-01-07T07:10,2006-01-07T09:45,ORY,1767440095
IKWVLLXI,code,L,70004476,ST,2006-01-07T10:45,2006-01-07T13:00,CLY,1767440095
HKXKASWA,code,L,70004168,CP,2006-01-07T07:10,2006-01-07T09:10,SXB,658194566
HKXKASWA,code,L,70004167,CP,2006-01-07T10:25,2006-01-07T12:10,ORY,658194566
VXMNGEUH,code,L,70004168,FO,2006-01-07T07:10,2006-01-07T09:10,SXB,658194566
VXMNGEUH,code,L,70004167,FO,2006-01-07T10:25,2006-01-07T12:10,ORY,658194566
CJDNFYMH,code,L,70004168,CSD,2006-01-07T07:10,2006-01-07T09:10,SXB,658194566
CJDNFYMH,code,L,70004167,CSD,2006-01-07T10:25,2006-01-07T12:10,ORY,658194566
DBLJMKUS,code,L,70004168,CSD,2006-01-07T07:10,2006-01-07T09:10,SXB,658194566
DBLJMKUS,code,L,70004167,CSD,2006-01-07T10:25,2006-01-07T12:10,ORY,658194566
UCOUGJCY,code,L,70004168,ST,2006-01-07T07:10,2006-01-07T09:10,SXB,658194566
UCOUGJCY,code,L,70004167,ST,2006-01-07T10:25,2006-01-07T12:10,ORY,658194566
RXPCVFMW,code,L,70004168,ST,2006-01-07T07:10,2006-01-07T09:10,SXB,658194566
RXPCVFMW,code,L,70004167,ST,2006-01-07T10:25,2006-01-07T12:10,ORY,658194566
QFUYRJXL,code,L,70004168,ST,2006-01-07T07:10,2006-01-07T09:10,SXB,658194566
QFUYRJXL,code,L,70004167,ST,2006-01-07T10:25,2006-01-07T12:10,ORY,658194566
CDANIFYA,code,L,70004168,ST,2006-01-07T07:10,2006-01-07T09:10,SXB,658194566
CDANIFYA,code,L,70004167,ST,2006-01-07T10:25,2006-01-07T12:10,ORY,658194566
RRXAPWPR,code,L,70004168,ST,2006-01-07T07:10,2006-01-07T09:10,SXB,658194566
RRXAPWPR,code,L,70004167,ST,2006-01-07T10:25,2006-01-07T12:10,ORY,658194566
SRDQIEGH,code,L,70004168,ST,2006-01-07T07:10,2006-01-07T09:10,SXB,658194566
SRDQIEGH,code,L,70004167,ST,2006-01-07T10:25,2006-01-07T12:10,ORY,658194566
FGTMEKMD,code,L,70002978,CP,2006-01-07T07:10,2006-01-07T09:30,TLS,359906493
FGTMEKMD,code,L,70004345,CP,2006-01-07T10:45,2006-01-07T12:00,ORY,359906493
FGTMEKMD,code,L,70004348,CP,2006-01-07T12:50,2006-01-07T14:10,BIQ,359906493
FGTMEKMD,code,L,70004351,CP,2006-01-07T15:55,2006-01-07T17:10,ORY,359906493
FGTMEKMD,code,L,70004354,CP,2006-01-07T18:00,2006-01-07T19:20,BIQ,359906493
FGTMEKMD,code,L,70004342,CP,2006-01-07T20:05,2006-01-07T21:50,ORY,359906493
KZNXLKRE,code,L,70002978,FO,2006-01-07T07:10,2006-01-07T09:30,TLS,359906493
KZNXLKRE,code,L,70004345,FO,2006-01-07T10:45,2006-01-07T12:00,ORY,359906493
KZNXLKRE,code,L,70004348,FO,2006-01-07T12:50,2006-01-07T14:10,BIQ,359906493
KZNXLKRE,code,L,70004351,FO,2006-01-07T15:55,2006-01-07T17:10,ORY,359906493
KZNXLKRE,code,L,70004354,FO,2006-01-07T18:00,2006-01-07T19:20,BIQ,359906493
KZNXLKRE,code,L,70004342,FO,2006-01-07T20:05,2006-01-07T21:50,ORY,359906493
FOTMFPRJ,code,L,70002978,CSD,2006-01-07T07:10,2006-01-07T09:30,TLS,359906493
FOTMFPRJ,code,L,70004345,CSD,2006-01-07T10:45,2006-01-07T12:00,ORY,359906493
FOTMFPRJ,code,L,70004348,CSD,2006-01-07T12:50,2006-01-07T14:10,BIQ,359906493
FOTMFPRJ,code,L,70004351,CSD,2006-01-07T15:55,2006-01-07T17:10,ORY,359906493
FOTMFPRJ,code,L,70004354,CSD,2006-01-07T18:00,2006-01-07T19:20,BIQ,359906493
FOTMFPRJ,code,L,70004342,CSD,2006-01-07T20:05,2006-01-07T21:50,ORY,359906493
KNRNKHLR,code,L,70002978,ST,2006-01-07T07:10,2006-01-07T09:30,TLS,359906493
KNRNKHLR,code,L,70004345,ST,2006-01-07T10:45,2006-01-07T12:00,ORY,359906493
KNRNKHLR,code,L,70004348,ST,2006-01-07T12:50,2006-01-07T14:10,BIQ,359906493
KNRNKHLR,code,L,70004351,ST,2006-01-07T15:55,2006-01-07T17:10,ORY,359906493
KNRNKHLR,code,L,70004354,ST,2006-01-07T18:00,2006-01-07T19:20,BIQ,359906493
KNRNKHLR,code,L,70004342,ST,2006-01-07T20:05,2006-01-07T21:50,ORY,359906493
IQOCAIOY,code,L,70002978,ST,2006-01-07T07:10,2006-01-07T09:30,TLS,359906493
IQOCAIOY,code,L,70004345,ST,2006-01-07T10:45,2006-01-07T12:00,ORY,359906493
IQOCAIOY,code,L,70004348,ST,2006-01-07T12:50,2006-01-07T14:10,BIQ,359906493
IQOCAIOY,code,L,70004351,ST,2006-01-07T15:55,2006-01-07T17:10,ORY,359906493
IQOCAIOY,code,L,70004354,ST,2006-01-07T18:00,2006-01-07T19:20,BIQ,359906493
IQOCAIOY,code,L,70004342,ST,2006-01-07T20:05,2006-01-07T21:50,ORY,359906493
DAFKSIIA,code,L,70004518,CP,2006-01-07T07:55,2006-01-07T10:00,CFE,346378500
DAFKSIIA,code,L,70002584,CP,2006-01-07T12:30,2006-01-07T13:35,CDG,346378500
DAFKSIIA,code,L,70002585,CP,2006-01-07T14:55,2006-01-07T15:55,RNS,346378500
DAFKSIIA,code,L,70004641,CP,2006-01-07T17:20,2006-01-07T18:50,CDG,346378500
DAFKSIIA,code,L,70004642,CP,2006-01-07T19:30,2006-01-07T21:15,PUF,346378500
NLGLHRBY,code,L,70004518,FO,2006-01-07T07:55,2006-01-07T10:00,CFE,346378500
NLGLHRBY,code,L,70002584,FO,2006-01-07T12:30,2006-01-07T13:35,CDG,346378500
NLGLHRBY,code,L,70002585,FO,2006-01-07T14:55,2006-01-07T15:55,RNS,346378500
NLGLHRBY,code,L,70004641,FO,2006-01-07T17:20,2006-01-07T18:50,CDG,346378500
NLGLHRBY,code,L,70004642,FO,2006-01-07T19:30,2006-01-07T21:15,PUF,346378500
DHWBWONR,code,L,70004518,CS,2006-01-07T07:55,2006-01-07T10:00,CFE,346378500
DHWBWONR,code,L,70002584,CS,2006-01-07T12:30,2006-01-07T13:35,CDG,346378500
DHWBWONR,code,L,70002585,CS,2006-01-07T14:55,2006-01-07T15:55,RNS,346378500
DHWBWONR,code,L,70004641,CS,2006-01-07T17:20,2006-01-07T18:50,CDG,346378500
DHWBWONR,code,L,70004642,CS,2006-01-07T19:30,2006-01-07T21:15,PUF,346378500
YNXGCFIO,code,L,70004518,ST,2006-01-07T07:55,2006-01-07T10:00,CFE,346378500
YNXGCFIO,code,L,70002584,ST,2006-01-07T12:30,2006-01-07T13:35,CDG,346378500
YNXGCFIO,code,L,70002585,ST,2006-01-07T14:55,2006-01-07T15:55,RNS,346378500
YNXGCFIO,code,L,70004641,ST,2006-01-07T17:20,2006-01-07T18:50,CDG,346378500
YNXGCFIO,code,L,70004642,ST,2006-01-07T19:30,2006-01-07T21:15,PUF,346378500
SRNKIKXH,code,L,70004518,ST,2006-01-07T07:55,2006-01-07T10:00,CFE,346378500
SRNKIKXH,code,L,70002584,ST,2006-01-07T12:30,2006-01-07T13:35,CDG,346378500
SRNKIKXH,code,L,70002585,ST,2006-01-07T14:55,2006-01-07T15:55,RNS,346378500
SRNKIKXH,code,L,70004641,ST,2006-01-07T17:20,2006-01-07T18:50,CDG,346378500
SRNKIKXH,code,L,70004642,ST,2006-01-07T19:30,2006-01-07T21:15,PUF,346378500
UJICCXYT,code,L,70004518,ST,2006-01-07T07:55,2006-01-07T10:00,CFE,346378500
UJICCXYT,code,L,70002584,ST,2006-01-07T12:30,2006-01-07T13:35,CDG,346378500
UJICCXYT,code,L,70002585,ST,2006-01-07T14:55,2006-01-07T15:55,RNS,346378500
UJICCXYT,code,L,70004641,ST,2006-01-07T17:20,2006-01-07T18:50,CDG,346378500
UJICCXYT,code,L,70004642,ST,2006-01-07T19:30,2006-01-07T21:15,PUF,346378500
SNEDRMIX,code,L,70004837,CP,2006-01-07T08:15,2006-01-07T10:35,SXB,178283218
SNEDRMIX,code,L,70004838,CP,2006-01-07T11:15,2006-01-07T12:35,NCE,178283218
SNEDRMIX,code,L,70002644,CP,2006-01-07T13:10,2006-01-07T14:10,SXB,178283218
SNEDRMIX,code,L,70002643,CP,2006-01-07T15:00,2006-01-07T16:45,LYS,178283218
EANPLMLQ,code,L,70004837,FO,2006-01-07T08:15,2006-01-07T10:35,SXB,178283218
EANPLMLQ,code,L,70004838,FO,2006-01-07T11:15,2006-01-07T12:35,NCE,178283218
EANPLMLQ,code,L,70002644,FO,2006-01-07T13:10,2006-01-07T14:10,SXB,178283218
EANPLMLQ,code,L,70002643,FO,2006-01-07T15:00,2006-01-07T16:45,LYS,178283218
GBDDRVLD,code,L,70004837,CS,2006-01-07T08:15,2006-01-07T10:35,SXB,178283218
GBDDRVLD,code,L,70004838,CS,2006-01-07T11:15,2006-01-07T12:35,NCE,178283218
GBDDRVLD,code,L,70002644,CS,2006-01-07T13:10,2006-01-07T14:10,SXB,178283218
GBDDRVLD,code,L,70002643,CS,2006-01-07T15:00,2006-01-07T16:45,LYS,178283218
SEWRTLCN,code,L,70004837,ST,2006-01-07T08:15,2006-01-07T10:35,SXB,178283218
SEWRTLCN,code,L,70004838,ST,2006-01-07T11:15,2006-01-07T12:35,NCE,178283218
SEWRTLCN,code,L,70002644,ST,2006-01-07T13:10,2006-01-07T14:10,SXB,178283218
SEWRTLCN,code,L,70002643,ST,2006-01-07T15:00,2006-01-07T16:45,LYS,178283218
CKWUZOKI,code,L,70004837,ST,2006-01-07T08:15,2006-01-07T10:35,SXB,178283218
CKWUZOKI,code,L,70004838,ST,2006-01-07T11:15,2006-01-07T12:35,NCE,178283218
CKWUZOKI,code,L,70002644,ST,2006-01-07T13:10,2006-01-07T14:10,SXB,178283218
CKWUZOKI,code,L,70002643,ST,2006-01-07T15:00,2006-01-07T16:45,LYS,178283218
YITKXIME,code,L,70004837,ST,2006-01-07T08:15,2006-01-07T10:35,SXB,178283218
YITKXIME,code,L,70004838,ST,2006-01-07T11:15,2006-01-07T12:35,NCE,178283218
YITKXIME,code,L,70002644,ST,2006-01-07T13:10,2006-01-07T14:10,SXB,178283218
YITKXIME,code,L,70002643,ST,2006-01-07T15:00,2006-01-07T16:45,LYS,178283218
ELUFCMXZ,code,L,70004268,CP,2006-01-07T08:30,2006-01-07T10:35,LYS,190797265
ELUFCMXZ,code,L,70004273,CP,2006-01-07T11:20,2006-01-07T12:25,ORY,190797265
ELUFCMXZ,code,L,70004272,CP,2006-01-07T13:10,2006-01-07T14:15,LYS,190797265
ELUFCMXZ,code,L,70004279,CP,2006-01-07T15:00,2006-01-07T16:05,ORY,190797265
ELUFCMXZ,code,L,70004274,CP,2006-01-07T16:50,2006-01-07T17:55,LYS,190797265
ELUFCMXZ,code,L,70004275,CP,2006-01-07T18:40,2006-01-07T20:30,ORY,190797265
QGIWDKHB,code,L,70004268,FO,2006-01-07T08:30,2006-01-07T10:35,LYS,190797265
QGIWDKHB,code,L,70004273,FO,2006-01-07T11:20,2006-01-07T12:25,ORY,190797265
QGIWDKHB,code,L,70004272,FO,2006-01-07T13:10,2006-01-07T14:15,LYS,190797265
QGIWDKHB,code,L,70004279,FO,2006-01-07T15:00,2006-01-07T16:05,ORY,190797265
QGIWDKHB,code,L,70004274,FO,2006-01-07T16:50,2006-01-07T17:55,LYS,190797265
QGIWDKHB,code,L,70004275,FO,2006-01-07T18:40,2006-01-07T20:30,ORY,190797265
VSLPBUQY,code,L,70004268,CSD,2006-01-07T08:30,2006-01-07T10:35,LYS,190797265
VSLPBUQY,code,L,70004273,CSD,2006-01-07T11:20,2006-01-07T12:25,ORY,190797265
VSLPBUQY,code,L,70004272,CSD,2006-01-07T13:10,2006-01-07T14:15,LYS,190797265
VSLPBUQY,code,L,70004279,CSD,2006-01-07T15:00,2006-01-07T16:05,ORY,190797265
VSLPBUQY,code,L,70004274,CSD,2006-01-07T16:50,2006-01-07T17:55,LYS,190797265
VSLPBUQY,code,L,70004275,CSD,2006-01-07T18:40,2006-01-07T20:30,ORY,190797265
TELGHLAY,code,L,70004268,CSD,2006-01-07T08:30,2006-01-07T10:35,LYS,190797265
TELGHLAY,code,L,70004273,CSD,2006-01-07T11:20,2006-01-07T12:25,ORY,190797265
TELGHLAY,code,L,70004272,CSD,2006-01-07T13:10,2006-01-07T14:15,LYS,190797265
TELGHLAY,code,L,70004279,CSD,2006-01-07T15:00,2006-01-07T16:05,ORY,190797265
TELGHLAY,code,L,70004274,CSD,2006-01-07T16:50,2006-01-07T17:55,LYS,190797265
TELGHLAY,code,L,70004275,CSD,2006-01-07T18:40,2006-01-07T20:30,ORY,190797265
YGEFVMDZ,code,L,70004268,ST,2006-01-07T08:30,2006-01-07T10:35,LYS,190797265
YGEFVMDZ,code,L,70004273,ST,2006-01-07T11:20,2006-01-07T12:25,ORY,190797265
YGEFVMDZ,code,L,70004272,ST,2006-01-07T13:10,2006-01-07T14:15,LYS,190797265
YGEFVMDZ,code,L,70004279,ST,2006-01-07T15:00,2006-01-07T16:05,ORY,190797265
YGEFVMDZ,code,L,70004274,ST,2006-01-07T16:50,2006-01-07T17:55,LYS,190797265
YGEFVMDZ,code,L,70004275,ST,2006-01-07T18:40,2006-01-07T20:30,ORY,190797265
ZZPDRIFX,code,L,70004268,ST,2006-01-07T08:30,2006-01-07T10:35,LYS,190797265
ZZPDRIFX,code,L,70004273,ST,2006-01-07T11:20,2006-01-07T12:25,ORY,190797265
ZZPDRIFX,code,L,70004272,ST,2006-01-07T13:10,2006-01-07T14:15,LYS,190797265
ZZPDRIFX,code,L,70004279,ST,2006-01-07T15:00,2006-01-07T16:05,ORY,190797265
ZZPDRIFX,code,L,70004274,ST,2006-01-07T16:50,2006-01-07T17:55,LYS,190797265
ZZPDRIFX,code,L,70004275,ST,2006-01-07T18:40,2006-01-07T20:30,ORY,190797265
SSBNOEVG,code,L,70004268,ST,2006-01-07T08:30,2006-01-07T10:35,LYS,190797265
SSBNOEVG,code,L,70004273,ST,2006-01-07T11:20,2006-01-07T12:25,ORY,190797265
SSBNOEVG,code,L,70004272,ST,2006-01-07T13:10,2006-01-07T14:15,LYS,190797265
SSBNOEVG,code,L,70004279,ST,2006-01-07T15:00,2006-01-07T16:05,ORY,190797265
SSBNOEVG,code,L,70004274,ST,2006-01-07T16:50,2006-01-07T17:55,LYS,190797265
SSBNOEVG,code,L,70004275,ST,2006-01-07T18:40,2006-01-07T20:30,ORY,190797265
RWTHSOYT,code,L,70004268,ST,2006-01-07T08:30,2006-01-07T10:35,LYS,190797265
RWTHSOYT,code,L,70004273,ST,2006-01-07T11:20,2006-01-07T12:25,ORY,190797265
RWTHSOYT,code,L,70004272,ST,2006-01-07T13:10,2006-01-07T14:15,LYS,190797265
RWTHSOYT,code,L,70004279,ST,2006-01-07T15:00,2006-01-07T16:05,ORY,190797265
RWTHSOYT,code,L,70004274,ST,2006-01-07T16:50,2006-01-07T17:55,LYS,190797265
RWTHSOYT,code,L,70004275,ST,2006-01-07T18:40,2006-01-07T20:30,ORY,190797265
OZZMQTXL,code,L,70004268,ST,2006-01-07T08:30,2006-01-07T10:35,LYS,190797265
OZZMQTXL,code,L,70004273,ST,2006-01-07T11:20,2006-01-07T12:25,ORY,190797265
OZZMQTXL,code,L,70004272,ST,2006-01-07T13:10,2006-01-07T14:15,LYS,190797265
OZZMQTXL,code,L,70004279,ST,2006-01-07T15:00,2006-01-07T16:05,ORY,190797265
OZZMQTXL,code,L,70004274,ST,2006-01-07T16:50,2006-01-07T17:55,LYS,190797265
OZZMQTXL,code,L,70004275,ST,2006-01-07T18:40,2006-01-07T20:30,ORY,190797265
NLCILRLP,code,L,70004268,ST,2006-01-07T08:30,2006-01-07T10:35,LYS,190797265
NLCILRLP,code,L,70004273,ST,2006-01-07T11:20,2006-01-07T12:25,ORY,190797265
NLCILRLP,code,L,70004272,ST,2006-01-07T13:10,2006-01-07T14:15,LYS,190797265
NLCILRLP,code,L,70004279,ST,2006-01-07T15:00,2006-01-07T16:05,ORY,190797265
NLCILRLP,code,L,70004274,ST,2006-01-07T16:50,2006-01-07T17:55,LYS,190797265
NLCILRLP,code,L,70004275,ST,2006-01-07T18:40,2006-01-07T20:30,ORY,190797265
XTPTNRYG,code,L,70004658,CP,2006-01-07T08:35,2006-01-07T11:05,TLS,1839244181
XTPTNRYG,code,L,70004657,CP,2006-01-07T11:55,2006-01-07T13:20,CDG,1839244181
XTPTNRYG,code,L,70004650,CP,2006-01-07T15:00,2006-01-07T16:30,TLS,1839244181
XTPTNRYG,code,L,70004651,CP,2006-01-07T17:25,2006-01-07T19:35,CDG,1839244181
QNHNWHFW,code,L,70004658,FO,2006-01-07T08:35,2006-01-07T11:05,TLS,1839244181
QNHNWHFW,code,L,70004657,FO,2006-01-07T11:55,2006-01-07T13:20,CDG,1839244181
QNHNWHFW,code,L,70004650,FO,2006-01-07T15:00,2006-01-07T16:30,TLS,1839244181
QNHNWHFW,code,L,70004651,FO,2006-01-07T17:25,2006-01-07T19:35,CDG,1839244181
VUDVXNGL,code,L,70004658,CSD,2006-01-07T08:35,2006-01-07T11:05,TLS,1839244181
VUDVXNGL,code,L,70004657,CSD,2006-01-07T11:55,2006-01-07T13:20,CDG,1839244181
VUDVXNGL,code,L,70004650,CSD,2006-01-07T15:00,2006-01-07T16:30,TLS,1839244181
VUDVXNGL,code,L,70004651,CSD,2006-01-07T17:25,2006-01-07T19:35,CDG,1839244181
WDQBMTTH,code,L,70004658,CSD,2006-01-07T08:35,2006-01-07T11:05,TLS,1839244181
WDQBMTTH,code,L,70004657,CSD,2006-01-07T11:55,2006-01-07T13:20,CDG,1839244181
WDQBMTTH,code,L,70004650,CSD,2006-01-07T15:00,2006-01-07T16:30,TLS,1839244181
WDQBMTTH,code,L,70004651,CSD,2006-01-07T17:25,2006-01-07T19:35,CDG,1839244181
SJBXJPNQ,code,L,70004658,ST,2006-01-07T08:35,2006-01-07T11:05,TLS,1839244181
SJBXJPNQ,code,L,70004657,ST,2006-01-07T11:55,2006-01-07T13:20,CDG,1839244181
SJBXJPNQ,code,L,70004650,ST,2006-01-07T15:00,2006-01-07T16:30,TLS,1839244181
SJBXJPNQ,code,L,70004651,ST,2006-01-07T17:25,2006-01-07T19:35,CDG,1839244181
LVCYLWHI,code,L,70004658,ST,2006-01-07T08:35,2006-01-07T11:05,TLS,1839244181
LVCYLWHI,code,L,70004657,ST,2006-01-07T11:55,2006-01-07T13:20,CDG,1839244181
LVCYLWHI,code,L,70004650,ST,2006-01-07T15:00,2006-01-07T16:30,TLS,1839244181
LVCYLWHI,code,L,70004651,ST,2006-01-07T17:25,2006-01-07T19:35,CDG,1839244181
DTDSBPTM,code,L,70004658,ST,2006-01-07T08:35,2006-01-07T11:05,TLS,1839244181
DTDSBPTM,code,L,70004657,ST,2006-01-07T11:55,2006-01-07T13:20,CDG,1839244181
DTDSBPTM,code,L,70004650,ST,2006-01-07T15:00,2006-01-07T16:30,TLS,1839244181
DTDSBPTM,code,L,70004651,ST,2006-01-07T17:25,2006-01-07T19:35,CDG,1839244181
IOLRTKOD,code,L,70004658,ST,2006-01-07T08:35,2006-01-07T11:05,TLS,1839244181
IOLRTKOD,code,L,70004657,ST,2006-01-07T11:55,2006-01-07T13:20,CDG,1839244181
IOLRTKOD,code,L,70004650,ST,2006-01-07T15:00,2006-01-07T16:30,TLS,1839244181
IOLRTKOD,code,L,70004651,ST,2006-01-07T17:25,2006-01-07T19:35,CDG,1839244181
UXUQWWOZ,code,L,70004658,ST,2006-01-07T08:35,2006-01-07T11:05,TLS,1839244181
UXUQWWOZ,code,L,70004657,ST,2006-01-07T11:55,2006-01-07T13:20,CDG,1839244181
UXUQWWOZ,code,L,70004650,ST,2006-01-07T15:00,2006-01-07T16:30,TLS,1839244181
UXUQWWOZ,code,L,70004651,ST,2006-01-07T17:25,2006-01-07T19:35,CDG,1839244181
RKHLJYAK,code,L,70004658,ST,2006-01-07T08:35,2006-01-07T11:05,TLS,1839244181
RKHLJYAK,code,L,70004657,ST,2006-01-07T11:55,2006-01-07T13:20,CDG,1839244181
RKHLJYAK,code,L,70004650,ST,2006-01-07T15:00,2006-01-07T16:30,TLS,1839244181
RKHLJYAK,code,L,70004651,ST,2006-01-07T17:25,2006-01-07T19:35,CDG,1839244181
DVGNQGBJ,code,L,70002980,CP,2006-01-07T08:40,2006-01-07T11:00,TLS,182621155
DVGNQGBJ,code,L,70002983,CP,2006-01-07T11:50,2006-01-07T13:00,ORY,182621155
DVGNQGBJ,code,L,70002988,CP,2006-01-07T13:40,2006-01-07T15:00,TLS,182621155
DVGNQGBJ,code,L,70002995,CP,2006-01-07T15:50,2006-01-07T17:00,ORY,182621155
DVGNQGBJ,code,L,70003004,CP,2006-01-07T17:40,2006-01-07T19:00,TLS,182621155
DVGNQGBJ,code,L,70003011,CP,2006-01-07T19:50,2006-01-07T21:45,ORY,182621155
NJTFKUXB,code,L,70002980,FO,2006-01-07T08:40,2006-01-07T11:00,TLS,182621155
NJTFKUXB,code,L,70002983,FO,2006-01-07T11:50,2006-01-07T13:00,ORY,182621155
NJTFKUXB,code,L,70002988,FO,2006-01-07T13:40,2006-01-07T15:00,TLS,182621155
NJTFKUXB,code,L,70002995,FO,2006-01-07T15:50,2006-01-07T17:00,ORY,182621155
NJTFKUXB,code,L,70003004,FO,2006-01-07T17:40,2006-01-07T19:00,TLS,182621155
NJTFKUXB,code,L,70003011,FO,2006-01-07T19:50,2006-01-07T21:45,ORY,182621155
ZWWWZFJU,code,L,70002980,CSD,2006-01-07T08:40,2006-01-07T11:00,TLS,182621155
ZWWWZFJU,code,L,70002983,CSD,2006-01-07T11:50,2006-01-07T13:00,ORY,182621155
ZWWWZFJU,code,L,70002988,CSD,2006-01-07T13:40,2006-01-07T15:00,TLS,182621155
ZWWWZFJU,code,L,70002995,CSD,2006-01-07T15:50,2006-01-07T17:00,ORY,182621155
ZWWWZFJU,code,L,70003004,CSD,2006-01-07T17:40,2006-01-07T19:00,TLS,182621155
ZWWWZFJU,code,L,70003011,CSD,2006-01-07T19:50,2006-01-07T21:45,ORY,182621155
HHISMCNP,code,L,70002980,CSD,2006-01-07T08:40,2006-01-07T11:00,TLS,182621155
HHISMCNP,code,L,70002983,CSD,2006-01-07T11:50,2006-01-07T13:00,ORY,182621155
HHISMCNP,code,L,70002988,CSD,2006-01-07T13:40,2006-01-07T15:00,TLS,182621155
HHISMCNP,code,L,70002995,CSD,2006-01-07T15:50,2006-01-07T17:00,ORY,182621155
HHISMCNP,code,L,70003004,CSD,2006-01-07T17:40,2006-01-07T19:00,TLS,182621155
HHISMCNP,code,L,70003011,CSD,2006-01-07T19:50,2006-01-07T21:45,ORY,182621155
ELCVLMYW,code,L,70002980,ST,2006-01-07T08:40,2006-01-07T11:00,TLS,182621155
ELCVLMYW,code,L,70002983,ST,2006-01-07T11:50,2006-01-07T13:00,ORY,182621155
ELCVLMYW,code,L,70002988,ST,2006-01-07T13:40,2006-01-07T15:00,TLS,182621155
ELCVLMYW,code,L,70002995,ST,2006-01-07T15:50,2006-01-07T17:00,ORY,182621155
ELCVLMYW,code,L,70003004,ST,2006-01-07T17:40,2006-01-07T19:00,TLS,182621155
ELCVLMYW,code,L,70003011,ST,2006-01-07T19:50,2006-01-07T21:45,ORY,182621155
SOONAORN,code,L,70002980,ST,2006-01-07T08:40,2006-01-07T11:00,TLS,182621155
SOONAORN,code,L,70002983,ST,2006-01-07T11:50,2006-01-07T13:00,ORY,182621155
SOONAORN,code,L,70002988,ST,2006-01-07T13:40,2006-01-07T15:00,TLS,182621155
SOONAORN,code,L,70002995,ST,2006-01-07T15:50,2006-01-07T17:00,ORY,182621155
SOONAORN,code,L,70003004,ST,2006-01-07T17:40,2006-01-07T19:00,TLS,182621155
SOONAORN,code,L,70003011,ST,2006-01-07T19:50,2006-01-07T21:45,ORY,182621155
IRTWUBKO,code,L,70002980,ST,2006-01-07T08:40,2006-01-07T11:00,TLS,182621155
IRTWUBKO,code,L,70002983,ST,2006-01-07T11:50,2006-01-07T13:00,ORY,182621155
IRTWUBKO,code,L,70002988,ST,2006-01-07T13:40,2006-01-07T15:00,TLS,182621155
IRTWUBKO,code,L,70002995,ST,2006-01-07T15:50,2006-01-07T17:00,ORY,182621155
IRTWUBKO,code,L,70003004,ST,2006-01-07T17:40,2006-01-07T19:00,TLS,182621155
IRTWUBKO,code,L,70003011,ST,2006-01-07T19:50,2006-01-07T21:45,ORY,182621155
TPPDTATL,code,L,70002980,ST,2006-01-07T08:40,2006-01-07T11:00,TLS,182621155
TPPDTATL,code,L,70002983,ST,2006-01-07T11:50,2006-01-07T13:00,ORY,182621155
TPPDTATL,code,L,70002988,ST,2006-01-07T13:40,2006-01-07T15:00,TLS,182621155
TPPDTATL,code,L,70002995,ST,2006-01-07T15:50,2006-01-07T17:00,ORY,182621155
TPPDTATL,code,L,70003004,ST,2006-01-07T17:40,2006-01-07T19:00,TLS,182621155
TPPDTATL,code,L,70003011,ST,2006-01-07T19:50,2006-01-07T21:45,ORY,182621155
XERSGATC,code,L,70002980,ST,2006-01-07T08:40,2006-01-07T11:00,TLS,182621155
XERSGATC,code,L,70002983,ST,2006-01-07T11:50,2006-01-07T13:00,ORY,182621155
XERSGATC,code,L,70002988,ST,2006-01-07T13:40,2006-01-07T15:00,TLS,182621155
XERSGATC,code,L,70002995,ST,2006-01-07T15:50,2006-01-07T17:00,ORY,182621155
XERSGATC,code,L,70003004,ST,2006-01-07T17:40,2006-01-07T19:00,TLS,182621155
XERSGATC,code,L,70003011,ST,2006-01-07T19:50,2006-01-07T21:45,ORY,182621155
OBSCKWEL,code,L,70002980,ST,2006-01-07T08:40,2006-01-07T11:00,TLS,182621155
OBSCKWEL,code,L,70002983,ST,2006-01-07T11:50,2006-01-07T13:00,ORY,182621155
OBSCKWEL,code,L,70002988,ST,2006-01-07T13:40,2006-01-07T15:00,TLS,182621155
OBSCKWEL,code,L,70002995,ST,2006-01-07T15:50,2006-01-07T17:00,ORY,182621155
OBSCKWEL,code,L,70003004,ST,2006-01-07T17:40,2006-01-07T19:00,TLS,182621155
OBSCKWEL,code,L,70003011,ST,2006-01-07T19:50,2006-01-07T21:45,ORY,182621155
GIOOJDCH,code,L,70002795,CP,2006-01-07T08:45,2006-01-07T10:50,LRT,1020019581
GIOOJDCH,code,L,70002796,CP,2006-01-07T12:10,2006-01-07T13:15,ORY,1020019581
GIOOJDCH,code,L,70002797,CP,2006-01-07T14:00,2006-01-07T15:05,LRT,1020019581
GIOOJDCH,code,L,70002525,CP,2006-01-07T16:35,2006-01-07T18:20,ORY,1020019581
VHFGXJYZ,code,L,70002795,FO,2006-01-07T08:45,2006-01-07T10:50,LRT,1020019581
VHFGXJYZ,code,L,70002796,FO,2006-01-07T12:10,2006-01-07T13:15,ORY,1020019581
VHFGXJYZ,code,L,70002797,FO,2006-01-07T14:00,2006-01-07T15:05,LRT,1020019581
VHFGXJYZ,code,L,70002525,FO,2006-01-07T16:35,2006-01-07T18:20,ORY,1020019581
IOFDJVIJ,code,L,70002795,CS,2006-01-07T08:45,2006-01-07T10:50,LRT,1020019581
IOFDJVIJ,code,L,70002796,CS,2006-01-07T12:10,2006-01-07T13:15,ORY,1020019581
IOFDJVIJ,code,L,70002797,CS,2006-01-07T14:00,2006-01-07T15:05,LRT,1020019581
IOFDJVIJ,code,L,70002525,CS,2006-01-07T16:35,2006-01-07T18:20,ORY,1020019581
VUKAMMXJ,code,L,70002795,ST,2006-01-07T08:45,2006-01-07T10:50,LRT,1020019581
VUKAMMXJ,code,L,70002796,ST,2006-01-07T12:10,2006-01-07T13:15,ORY,1020019581
VUKAMMXJ,code,L,70002797,ST,2006-01-07T14:00,2006-01-07T15:05,LRT,1020019581
VUKAMMXJ,code,L,70002525,ST,2006-01-07T16:35,2006-01-07T18:20,ORY,1020019581
JDFITPPE,code,L,70002795,ST,2006-01-07T08:45,2006-01-07T10:50,LRT,1020019581
JDFITPPE,code,L,70002796,ST,2006-01-07T12:10,2006-01-07T13:15,ORY,1020019581
JDFITPPE,code,L,70002797,ST,2006-01-07T14:00,2006-01-07T15:05,LRT,1020019581
JDFITPPE,code,L,70002525,ST,2006-01-07T16:35,2006-01-07T18:20,ORY,1020019581
QTVIPLQN,code,L,70004638,CP,2006-01-07T08:45,2006-01-07T11:15,PUF,2138614433
QTVIPLQN,code,L,70004585,CP,2006-01-07T13:00,2006-01-07T14:05,CDG,2138614433
QTVIPLQN,code,L,70004586,CP,2006-01-07T15:15,2006-01-07T16:20,NTE,2138614433
QTVIPLQN,code,L,70004637,CP,2006-01-07T20:10,2006-01-07T22:20,CDG,2138614433
DPZVPWND,code,L,70004638,FO,2006-01-07T08:45,2006-01-07T11:15,PUF,2138614433
DPZVPWND,code,L,70004585,FO,2006-01-07T13:00,2006-01-07T14:05,CDG,2138614433
DPZVPWND,code,L,70004586,FO,2006-01-07T15:15,2006-01-07T16:20,NTE,2138614433
DPZVPWND,code,L,70004637,FO,2006-01-07T20:10,2006-01-07T22:20,CDG,2138614433
SDRMKMWE,code,L,70004638,CS,2006-01-07T08:45,2006-01-07T11:15,PUF,2138614433
SDRMKMWE,code,L,70004585,CS,2006-01-07T13:00,2006-01-07T14:05,CDG,2138614433
SDRMKMWE,code,L,70004586,CS,2006-01-07T15:15,2006-01-07T16:20,NTE,2138614433
SDRMKMWE,code,L,70004637,CS,2006-01-07T20:10,2006-01-07T22:20,CDG,2138614433
RUNVPLHG,code,L,70004638,ST,2006-01-07T08:45,2006-01-07T11:15,PUF,2138614433
RUNVPLHG,code,L,70004585,ST,2006-01-07T13:00,2006-01-07T14:05,CDG,2138614433
RUNVPLHG,code,L,70004586,ST,2006-01-07T15:15,2006-01-07T16:20,NTE,2138614433
RUNVPLHG,code,L,70004637,ST,2006-01-07T20:10,2006-01-07T22:20,CDG,2138614433
SIXQONIA,code,L,70004638,ST,2006-01-07T08:45,2006-01-07T11:15,PUF,2138614433
SIXQONIA,code,L,70004585,ST,2006-01-07T13:00,2006-01-07T14:05,CDG,2138614433
SIXQONIA,code,L,70004586,ST,2006-01-07T15:15,2006-01-07T16:20,NTE,2138614433
SIXQONIA,code,L,70004637,ST,2006-01-07T20:10,2006-01-07T22:20,CDG,2138614433
XKZTVZYV,code,L,70004638,ST,2006-01-07T08:45,2006-01-07T11:15,PUF,2138614433
XKZTVZYV,code,L,70004585,ST,2006-01-07T13:00,2006-01-07T14:05,CDG,2138614433
XKZTVZYV,code,L,70004586,ST,2006-01-07T15:15,2006-01-07T16:20,NTE,2138614433
XKZTVZYV,code,L,70004637,ST,2006-01-07T20:10,2006-01-07T22:20,CDG,2138614433
VUQOAZFA,code,L,70004298,CP,2006-01-07T08:50,2006-01-07T10:45,CFE,237820880
VUQOAZFA,code,L,70004229,CP,2006-01-07T11:15,2006-01-07T12:25,ORY,237820880
VUQOAZFA,code,L,70004232,CP,2006-01-07T13:05,2006-01-07T14:20,BES,237820880
VUQOAZFA,code,L,70004301,CP,2006-01-07T16:55,2006-01-07T18:35,ORY,237820880
WWAZUCDQ,code,L,70004298,FO,2006-01-07T08:50,2006-01-07T10:45,CFE,237820880
WWAZUCDQ,code,L,70004229,FO,2006-01-07T11:15,2006-01-07T12:25,ORY,237820880
WWAZUCDQ,code,L,70004232,FO,2006-01-07T13:05,2006-01-07T14:20,BES,237820880
WWAZUCDQ,code,L,70004301,FO,2006-01-07T16:55,2006-01-07T18:35,ORY,237820880
KAZCJNMR,code,L,70004298,CSD,2006-01-07T08:50,2006-01-07T10:45,CFE,237820880
KAZCJNMR,code,L,70004229,CSD,2006-01-07T11:15,2006-01-07T12:25,ORY,237820880
KAZCJNMR,code,L,70004232,CSD,2006-01-07T13:05,2006-01-07T14:20,BES,237820880
KAZCJNMR,code,L,70004301,CSD,2006-01-07T16:55,2006-01-07T18:35,ORY,237820880
XMFUJOXM,code,L,70004298,CSD,2006-01-07T08:50,2006-01-07T10:45,CFE,237820880
XMFUJOXM,code,L,70004229,CSD,2006-01-07T11:15,2006-01-07T12:25,ORY,237820880
XMFUJOXM,code,L,70004232,CSD,2006-01-07T13:05,2006-01-07T14:20,BES,237820880
XMFUJOXM,code,L,70004301,CSD,2006-01-07T16:55,2006-01-07T18:35,ORY,237820880
ALQHAAAH,code,L,70004298,ST,2006-01-07T08:50,2006-01-07T10:45,CFE,237820880
ALQHAAAH,code,L,70004229,ST,2006-01-07T11:15,2006-01-07T12:25,ORY,237820880
ALQHAAAH,code,L,70004232,ST,2006-01-07T13:05,2006-01-07T14:20,BES,237820880
ALQHAAAH,code,L,70004301,ST,2006-01-07T16:55,2006-01-07T18:35,ORY,237820880
VIGNKRYK,code,L,70004298,ST,2006-01-07T08:50,2006-01-07T10:45,CFE,237820880
VIGNKRYK,code,L,70004229,ST,2006-01-07T11:15,2006-01-07T12:25,ORY,237820880
VIGNKRYK,code,L,70004232,ST,2006-01-07T13:05,2006-01-07T14:20,BES,237820880
VIGNKRYK,code,L,70004301,ST,2006-01-07T16:55,2006-01-07T18:35,ORY,237820880
CNHDTVLO,code,L,70004298,ST,2006-01-07T08:50,2006-01-07T10:45,CFE,237820880
CNHDTVLO,code,L,70004229,ST,2006-01-07T11:15,2006-01-07T12:25,ORY,237820880
CNHDTVLO,code,L,70004232,ST,2006-01-07T13:05,2006-01-07T14:20,BES,237820880
CNHDTVLO,code,L,70004301,ST,2006-01-07T16:55,2006-01-07T18:35,ORY,237820880
PSWIDVPZ,code,L,70004298,ST,2006-01-07T08:50,2006-01-07T10:45,CFE,237820880
PSWIDVPZ,code,L,70004229,ST,2006-01-07T11:15,2006-01-07T12:25,ORY,237820880
PSWIDVPZ,code,L,70004232,ST,2006-01-07T13:05,2006-01-07T14:20,BES,237820880
PSWIDVPZ,code,L,70004301,ST,2006-01-07T16:55,2006-01-07T18:35,ORY,237820880
WFMMBBWG,code,L,70004298,ST,2006-01-07T08:50,2006-01-07T10:45,CFE,237820880
WFMMBBWG,code,L,70004229,ST,2006-01-07T11:15,2006-01-07T12:25,ORY,237820880
WFMMBBWG,code,L,70004232,ST,2006-01-07T13:05,2006-01-07T14:20,BES,237820880
WFMMBBWG,code,L,70004301,ST,2006-01-07T16:55,2006-01-07T18:35,ORY,237820880
PVLIQGUH,code,L,70004298,ST,2006-01-07T08:50,2006-01-07T10:45,CFE,237820880
PVLIQGUH,code,L,70004229,ST,2006-01-07T11:15,2006-01-07T12:25,ORY,237820880
PVLIQGUH,code,L,70004232,ST,2006-01-07T13:05,2006-01-07T14:20,BES,237820880
PVLIQGUH,code,L,70004301,ST,2006-01-07T16:55,2006-01-07T18:35,ORY,237820880
HAZJKTMM,code,L,70004408,CP,2006-01-07T08:50,2006-01-07T11:10,MPL,1507096884
HAZJKTMM,code,L,70004411,CP,2006-01-07T12:15,2006-01-07T13:30,ORY,1507096884
HAZJKTMM,code,L,70004412,CP,2006-01-07T14:20,2006-01-07T15:40,MPL,1507096884
HAZJKTMM,code,L,70004415,CP,2006-01-07T16:15,2006-01-07T17:30,ORY,1507096884
HAZJKTMM,code,L,70004416,CP,2006-01-07T18:20,2006-01-07T19:40,MPL,1507096884
HAZJKTMM,code,L,70004421,CP,2006-01-07T20:15,2006-01-07T22:15,ORY,1507096884
CRCNYOOZ,code,L,70004408,FO,2006-01-07T08:50,2006-01-07T11:10,MPL,1507096884
CRCNYOOZ,code,L,70004411,FO,2006-01-07T12:15,2006-01-07T13:30,ORY,1507096884
CRCNYOOZ,code,L,70004412,FO,2006-01-07T14:20,2006-01-07T15:40,MPL,1507096884
CRCNYOOZ,code,L,70004415,FO,2006-01-07T16:15,2006-01-07T17:30,ORY,1507096884
CRCNYOOZ,code,L,70004416,FO,2006-01-07T18:20,2006-01-07T19:40,MPL,1507096884
CRCNYOOZ,code,L,70004421,FO,2006-01-07T20:15,2006-01-07T22:15,ORY,1507096884
HSRMNASM,code,L,70004408,CSD,2006-01-07T08:50,2006-01-07T11:10,MPL,1507096884
HSRMNASM,code,L,70004411,CSD,2006-01-07T12:15,2006-01-07T13:30,ORY,1507096884
HSRMNASM,code,L,70004412,CSD,2006-01-07T14:20,2006-01-07T15:40,MPL,1507096884
HSRMNASM,code,L,70004415,CSD,2006-01-07T16:15,2006-01-07T17:30,ORY,1507096884
HSRMNASM,code,L,70004416,CSD,2006-01-07T18:20,2006-01-07T19:40,MPL,1507096884
HSRMNASM,code,L,70004421,CSD,2006-01-07T20:15,2006-01-07T22:15,ORY,1507096884
MQWJBJHA,code,L,70004408,CSD,2006-01-07T08:50,2006-01-07T11:10,MPL,1507096884
MQWJBJHA,code,L,70004411,CSD,2006-01-07T12:15,2006-01-07T13:30,ORY,1507096884
MQWJBJHA,code,L,70004412,CSD,2006-01-07T14:20,2006-01-07T15:40,MPL,1507096884
MQWJBJHA,code,L,70004415,CSD,2006-01-07T16:15,2006-01-07T17:30,ORY,1507096884
MQWJBJHA,code,L,70004416,CSD,2006-01-07T18:20,2006-01-07T19:40,MPL,1507096884
MQWJBJHA,code,L,70004421,CSD,2006-01-07T20:15,2006-01-07T22:15,ORY,1507096884
RTLJLGTO,code,L,70004408,ST,2006-01-07T08:50,2006-01-07T11:10,MPL,1507096884
RTLJLGTO,code,L,70004411,ST,2006-01-07T12:15,2006-01-07T13:30,ORY,1507096884
RTLJLGTO,code,L,70004412,ST,2006-01-07T14:20,2006-01-07T15:40,MPL,1507096884
RTLJLGTO,code,L,70004415,ST,2006-01-07T16:15,2006-01-07T17:30,ORY,1507096884
RTLJLGTO,code,L,70004416,ST,2006-01-07T18:20,2006-01-07T19:40,MPL,1507096884
RTLJLGTO,code,L,70004421,ST,2006-01-07T20:15,2006-01-07T22:15,ORY,1507096884
QVPMPCYH,code,L,70004408,ST,2006-01-07T08:50,2006-01-07T11:10,MPL,1507096884
QVPMPCYH,code,L,70004411,ST,2006-01-07T12:15,2006-01-07T13:30,ORY,1507096884
QVPMPCYH,code,L,70004412,ST,2006-01-07T14:20,2006-01-07T15:40,MPL,1507096884
QVPMPCYH,code,L,70004415,ST,2006-01-07T16:15,2006-01-07T17:30,ORY,1507096884
QVPMPCYH,code,L,70004416,ST,2006-01-07T18:20,2006-01-07T19:40,MPL,1507096884
QVPMPCYH,code,L,70004421,ST,2006-01-07T20:15,2006-01-07T22:15,ORY,1507096884
TGJMEVJY,code,L,70004408,ST,2006-01-07T08:50,2006-01-07T11:10,MPL,1507096884
TGJMEVJY,code,L,70004411,ST,2006-01-07T12:15,2006-01-07T13:30,ORY,1507096884
TGJMEVJY,code,L,70004412,ST,2006-01-07T14:20,2006-01-07T15:40,MPL,1507096884
TGJMEVJY,code,L,70004415,ST,2006-01-07T16:15,2006-01-07T17:30,ORY,1507096884
TGJMEVJY,code,L,70004416,ST,2006-01-07T18:20,2006-01-07T19:40,MPL,1507096884
TGJMEVJY,code,L,70004421,ST,2006-01-07T20:15,2006-01-07T22:15,ORY,1507096884
NTTOJQFY,code,L,70004408,ST,2006-01-07T08:50,2006-01-07T11:10,MPL,1507096884
NTTOJQFY,code,L,70004411,ST,2006-01-07T12:15,2006-01-07T13:30,ORY,1507096884
NTTOJQFY,code,L,70004412,ST,2006-01-07T14:20,2006-01-07T15:40,MPL,1507096884
NTTOJQFY,code,L,70004415,ST,2006-01-07T16:15,2006-01-07T17:30,ORY,1507096884
NTTOJQFY,code,L,70004416,ST,2006-01-07T18:20,2006-01-07T19:40,MPL,1507096884
NTTOJQFY,code,L,70004421,ST,2006-01-07T20:15,2006-01-07T22:15,ORY,1507096884
FEJSZEYC,code,L,70004408,ST,2006-01-07T08:50,2006-01-07T11:10,MPL,1507096884
FEJSZEYC,code,L,70004411,ST,2006-01-07T12:15,2006-01-07T13:30,ORY,1507096884
FEJSZEYC,code,L,70004412,ST,2006-01-07T14:20,2006-01-07T15:40,MPL,1507096884
FEJSZEYC,code,L,70004415,ST,2006-01-07T16:15,2006-01-07T17:30,ORY,1507096884
FEJSZEYC,code,L,70004416,ST,2006-01-07T18:20,2006-01-07T19:40,MPL,1507096884
FEJSZEYC,code,L,70004421,ST,2006-01-07T20:15,2006-01-07T22:15,ORY,1507096884
CJTTLQSR,code,L,70004408,ST,2006-01-07T08:50,2006-01-07T11:10,MPL,1507096884
CJTTLQSR,code,L,70004411,ST,2006-01-07T12:15,2006-01-07T13:30,ORY,1507096884
CJTTLQSR,code,L,70004412,ST,2006-01-07T14:20,2006-01-07T15:40,MPL,1507096884
CJTTLQSR,code,L,70004415,ST,2006-01-07T16:15,2006-01-07T17:30,ORY,1507096884
CJTTLQSR,code,L,70004416,ST,2006-01-07T18:20,2006-01-07T19:40,MPL,1507096884
CJTTLQSR,code,L,70004421,ST,2006-01-07T20:15,2006-01-07T22:15,ORY,1507096884
VLPLYMUJ,code,L,70004526,CP,2006-01-07T08:50,2006-01-07T11:20,MRS,1127983490
VLPLYMUJ,code,L,70004533,CP,2006-01-07T20:20,2006-01-07T22:30,CDG,1127983490
FHNCCBXC,code,L,70004526,FO,2006-01-07T08:50,2006-01-07T11:20,MRS,1127983490
FHNCCBXC,code,L,70004533,FO,2006-01-07T20:20,2006-01-07T22:30,CDG,1127983490
XECKZZFY,code,L,70004526,CSD,2006-01-07T08:50,2006-01-07T11:20,MRS,1127983490
XECKZZFY,code,L,70004533,CSD,2006-01-07T20:20,2006-01-07T22:30,CDG,1127983490
MAQNOKEE,code,L,70004526,CSD,2006-01-07T08:50,2006-01-07T11:20,MRS,1127983490
MAQNOKEE,code,L,70004533,CSD,2006-01-07T20:20,2006-01-07T22:30,CDG,1127983490
HUKBRTJM,code,L,70004526,ST,2006-01-07T08:50,2006-01-07T11:20,MRS,1127983490
HUKBRTJM,code,L,70004533,ST,2006-01-07T20:20,2006-01-07T22:30,CDG,1127983490
LTYNQHTX,code,L,70004526,ST,2006-01-07T08:50,2006-01-07T11:20,MRS,1127983490
LTYNQHTX,code,L,70004533,ST,2006-01-07T20:20,2006-01-07T22:30,CDG,1127983490
IUWDQTMH,code,L,70004526,ST,2006-01-07T08:50,2006-01-07T11:20,MRS,1127983490
IUWDQTMH,code,L,70004533,ST,2006-01-07T20:20,2006-01-07T22:30,CDG,1127983490
WJLMCJQK,code,L,70004526,ST,2006-01-07T08:50,2006-01-07T11:20,MRS,1127983490
WJLMCJQK,code,L,70004533,ST,2006-01-07T20:20,2006-01-07T22:30,CDG,1127983490
FZLUGLAS,code,L,70004526,ST,2006-01-07T08:50,2006-01-07T11:20,MRS,1127983490
FZLUGLAS,code,L,70004533,ST,2006-01-07T20:20,2006-01-07T22:30,CDG,1127983490
ZLWUJEWS,code,L,70004526,ST,2006-01-07T08:50,2006-01-07T11:20,MRS,1127983490
ZLWUJEWS,code,L,70004533,ST,2006-01-07T20:20,2006-01-07T22:30,CDG,1127983490
BIIEIKWV,code,L,70002977,CP,2006-01-07T08:50,2006-01-07T11:00,ORY,1048083132
BIIEIKWV,code,L,70002984,CP,2006-01-07T11:40,2006-01-07T13:00,TLS,1048083132
BIIEIKWV,code,L,70002989,CP,2006-01-07T13:50,2006-01-07T15:00,ORY,1048083132
BIIEIKWV,code,L,70002996,CP,2006-01-07T15:40,2006-01-07T17:45,TLS,1048083132
YMPULSJY,code,L,70002977,FO,2006-01-07T08:50,2006-01-07T11:00,ORY,1048083132
YMPULSJY,code,L,70002984,FO,2006-01-07T11:40,2006-01-07T13:00,TLS,1048083132
YMPULSJY,code,L,70002989,FO,2006-01-07T13:50,2006-01-07T15:00,ORY,1048083132
YMPULSJY,code,L,70002996,FO,2006-01-07T15:40,2006-01-07T17:45,TLS,1048083132
RVSEMNOF,code,L,70002977,CSD,2006-01-07T08:50,2006-01-07T11:00,ORY,1048083132
RVSEMNOF,code,L,70002984,CSD,2006-01-07T11:40,2006-01-07T13:00,TLS,1048083132
RVSEMNOF,code,L,70002989,CSD,2006-01-07T13:50,2006-01-07T15:00,ORY,1048083132
RVSEMNOF,code,L,70002996,CSD,2006-01-07T15:40,2006-01-07T17:45,TLS,1048083132
PIKJZTYB,code,L,70002977,CSD,2006-01-07T08:50,2006-01-07T11:00,ORY,1048083132
PIKJZTYB,code,L,70002984,CSD,2006-01-07T11:40,2006-01-07T13:00,TLS,1048083132
PIKJZTYB,code,L,70002989,CSD,2006-01-07T13:50,2006-01-07T15:00,ORY,1048083132
PIKJZTYB,code,L,70002996,CSD,2006-01-07T15:40,2006-01-07T17:45,TLS,1048083132
IGJYBHSF,code,L,70002977,ST,2006-01-07T08:50,2006-01-07T11:00,ORY,1048083132
IGJYBHSF,code,L,70002984,ST,2006-01-07T11:40,2006-01-07T13:00,TLS,1048083132
IGJYBHSF,code,L,70002989,ST,2006-01-07T13:50,2006-01-07T15:00,ORY,1048083132
IGJYBHSF,code,L,70002996,ST,2006-01-07T15:40,2006-01-07T17:45,TLS,1048083132
RTKGNMNH,code,L,70002977,ST,2006-01-07T08:50,2006-01-07T11:00,ORY,1048083132
RTKGNMNH,code,L,70002984,ST,2006-01-07T11:40,2006-01-07T13:00,TLS,1048083132
RTKGNMNH,code,L,70002989,ST,2006-01-07T13:50,2006-01-07T15:00,ORY,1048083132
RTKGNMNH,code,L,70002996,ST,2006-01-07T15:40,2006-01-07T17:45,TLS,1048083132
YGTOJYKF,code,L,70002977,ST,2006-01-07T08:50,2006-01-07T11:00,ORY,1048083132
YGTOJYKF,code,L,70002984,ST,2006-01-07T11:40,2006-01-07T13:00,TLS,1048083132
YGTOJYKF,code,L,70002989,ST,2006-01-07T13:50,2006-01-07T15:00,ORY,1048083132
YGTOJYKF,code,L,70002996,ST,2006-01-07T15:40,2006-01-07T17:45,TLS,1048083132
QPQAIHPT,code,L,70002977,ST,2006-01-07T08:50,2006-01-07T11:00,ORY,1048083132
QPQAIHPT,code,L,70002984,ST,2006-01-07T11:40,2006-01-07T13:00,TLS,1048083132
QPQAIHPT,code,L,70002989,ST,2006-01-07T13:50,2006-01-07T15:00,ORY,1048083132
QPQAIHPT,code,L,70002996,ST,2006-01-07T15:40,2006-01-07T17:45,TLS,1048083132
QYAULYLI,code,L,70002977,ST,2006-01-07T08:50,2006-01-07T11:00,ORY,1048083132
QYAULYLI,code,L,70002984,ST,2006-01-07T11:40,2006-01-07T13:00,TLS,1048083132
QYAULYLI,code,L,70002989,ST,2006-01-07T13:50,2006-01-07T15:00,ORY,1048083132
QYAULYLI,code,L,70002996,ST,2006-01-07T15:40,2006-01-07T17:45,TLS,1048083132
HYSWGRNB,code,L,70002977,ST,2006-01-07T08:50,2006-01-07T11:00,ORY,1048083132
HYSWGRNB,code,L,70002984,ST,2006-01-07T11:40,2006-01-07T13:00,TLS,1048083132
HYSWGRNB,code,L,70002989,ST,2006-01-07T13:50,2006-01-07T15:00,ORY,1048083132
HYSWGRNB,code,L,70002996,ST,2006-01-07T15:40,2006-01-07T17:45,TLS,1048083132
ZUXTXAAX,code,L,70004502,CP,2006-01-07T08:50,2006-01-07T11:20,BIQ,1178395817
ZUXTXAAX,code,L,70004501,CP,2006-01-07T12:35,2006-01-07T14:00,CDG,1178395817
ZUXTXAAX,code,L,70004352,CP,2006-01-07T16:20,2006-01-07T17:40,BIQ,1178395817
ZUXTXAAX,code,L,70004347,CP,2006-01-07T18:20,2006-01-07T20:20,ORY,1178395817
KPYZVPWW,code,L,70004502,FO,2006-01-07T08:50,2006-01-07T11:20,BIQ,1178395817
KPYZVPWW,code,L,70004501,FO,2006-01-07T12:35,2006-01-07T14:00,CDG,1178395817
KPYZVPWW,code,L,70004352,FO,2006-01-07T16:20,2006-01-07T17:40,BIQ,1178395817
KPYZVPWW,code,L,70004347,FO,2006-01-07T18:20,2006-01-07T20:20,ORY,1178395817
FRQWRXMP,code,L,70004502,CSD,2006-01-07T08:50,2006-01-07T11:20,BIQ,1178395817
FRQWRXMP,code,L,70004501,CSD,2006-01-07T12:35,2006-01-07T14:00,CDG,1178395817
FRQWRXMP,code,L,70004352,CSD,2006-01-07T16:20,2006-01-07T17:40,BIQ,1178395817
FRQWRXMP,code,L,70004347,CSD,2006-01-07T18:20,2006-01-07T20:20,ORY,1178395817
DMMHKVNR,code,L,70004502,CSD,2006-01-07T08:50,2006-01-07T11:20,BIQ,1178395817
DMMHKVNR,code,L,70004501,CSD,2006-01-07T12:35,2006-01-07T14:00,CDG,1178395817
DMMHKVNR,code,L,70004352,CSD,2006-01-07T16:20,2006-01-07T17:40,BIQ,1178395817
DMMHKVNR,code,L,70004347,CSD,2006-01-07T18:20,2006-01-07T20:20,ORY,1178395817
OXODCLDA,code,L,70004502,ST,2006-01-07T08:50,2006-01-07T11:20,BIQ,1178395817
OXODCLDA,code,L,70004501,ST,2006-01-07T12:35,2006-01-07T14:00,CDG,1178395817
OXODCLDA,code,L,70004352,ST,2006-01-07T16:20,2006-01-07T17:40,BIQ,1178395817
OXODCLDA,code,L,70004347,ST,2006-01-07T18:20,2006-01-07T20:20,ORY,1178395817
ZKONCLBW,code,L,70004502,ST,2006-01-07T08:50,2006-01-07T11:20,BIQ,1178395817
ZKONCLBW,code,L,70004501,ST,2006-01-07T12:35,2006-01-07T14:00,CDG,1178395817
ZKONCLBW,code,L,70004352,ST,2006-01-07T16:20,2006-01-07T17:40,BIQ,1178395817
ZKONCLBW,code,L,70004347,ST,2006-01-07T18:20,2006-01-07T20:20,ORY,1178395817
BLVRGBUJ,code,L,70004502,ST,2006-01-07T08:50,2006-01-07T11:20,BIQ,1178395817
BLVRGBUJ,code,L,70004501,ST,2006-01-07T12:35,2006-01-07T14:00,CDG,1178395817
BLVRGBUJ,code,L,70004352,ST,2006-01-07T16:20,2006-01-07T17:40,BIQ,1178395817
BLVRGBUJ,code,L,70004347,ST,2006-01-07T18:20,2006-01-07T20:20,ORY,1178395817
VVDNKIKI,code,L,70004502,ST,2006-01-07T08:50,2006-01-07T11:20,BIQ,1178395817
VVDNKIKI,code,L,70004501,ST,2006-01-07T12:35,2006-01-07T14:00,CDG,1178395817
VVDNKIKI,code,L,70004352,ST,2006-01-07T16:20,2006-01-07T17:40,BIQ,1178395817
VVDNKIKI,code,L,70004347,ST,2006-01-07T18:20,2006-01-07T20:20,ORY,1178395817
VFQHTBLL,code,L,70004502,ST,2006-01-07T08:50,2006-01-07T11:20,BIQ,1178395817
VFQHTBLL,code,L,70004501,ST,2006-01-07T12:35,2006-01-07T14:00,CDG,1178395817
VFQHTBLL,code,L,70004352,ST,2006-01-07T16:20,2006-01-07T17:40,BIQ,1178395817
VFQHTBLL,code,L,70004347,ST,2006-01-07T18:20,2006-01-07T20:20,ORY,1178395817
LSVFTTKO,code,L,70004502,ST,2006-01-07T08:50,2006-01-07T11:20,BIQ,1178395817
LSVFTTKO,code,L,70004501,ST,2006-01-07T12:35,2006-01-07T14:00,CDG,1178395817
LSVFTTKO,code,L,70004352,ST,2006-01-07T16:20,2006-01-07T17:40,BIQ,1178395817
LSVFTTKO,code,L,70004347,ST,2006-01-07T18:20,2006-01-07T20:20,ORY,1178395817
XUVQABRO,code,L,70004791,CP,2006-01-07T08:50,2006-01-07T11:35,LIL,943091072
XUVQABRO,code,L,70004768,CP,2006-01-07T13:05,2006-01-07T14:30,NCE,943091072
XUVQABRO,code,L,70004763,CP,2006-01-07T15:05,2006-01-07T16:20,BOD,943091072
XUVQABRO,code,L,70002663,CP,2006-01-07T17:30,2006-01-07T19:15,NCE,943091072
VICJMSRX,code,L,70004791,FO,2006-01-07T08:50,2006-01-07T11:35,LIL,943091072
VICJMSRX,code,L,70004768,FO,2006-01-07T13:05,2006-01-07T14:30,NCE,943091072
VICJMSRX,code,L,70004763,FO,2006-01-07T15:05,2006-01-07T16:20,BOD,943091072
VICJMSRX,code,L,70002663,FO,2006-01-07T17:30,2006-01-07T19:15,NCE,943091072
UHRRVARF,code,L,70004791,CSD,2006-01-07T08:50,2006-01-07T11:35,LIL,943091072
UHRRVARF,code,L,70004768,CSD,2006-01-07T13:05,2006-01-07T14:30,NCE,943091072
UHRRVARF,code,L,70004763,CSD,2006-01-07T15:05,2006-01-07T16:20,BOD,943091072
UHRRVARF,code,L,70002663,CSD,2006-01-07T17:30,2006-01-07T19:15,NCE,943091072
HYMFNDXX,code,L,70004791,ST,2006-01-07T08:50,2006-01-07T11:35,LIL,943091072
HYMFNDXX,code,L,70004768,ST,2006-01-07T13:05,2006-01-07T14:30,NCE,943091072
HYMFNDXX,code,L,70004763,ST,2006-01-07T15:05,2006-01-07T16:20,BOD,943091072
HYMFNDXX,code,L,70002663,ST,2006-01-07T17:30,2006-01-07T19:15,NCE,943091072
KLAJPDTX,code,L,70004791,ST,2006-01-07T08:50,2006-01-07T11:35,LIL,943091072
KLAJPDTX,code,L,70004768,ST,2006-01-07T13:05,2006-01-07T14:30,NCE,943091072
KLAJPDTX,code,L,70004763,ST,2006-01-07T15:05,2006-01-07T16:20,BOD,943091072
KLAJPDTX,code,L,70002663,ST,2006-01-07T17:30,2006-01-07T19:15,NCE,943091072
REJYJXAF,code,L,70002521,CP,2006-01-07T08:50,2006-01-07T11:05,RNS,376980210
REJYJXAF,code,L,70002522,CP,2006-01-07T11:35,2006-01-07T12:55,MPL,376980210
REJYJXAF,code,L,70004213,CP,2006-01-07T14:00,2006-01-07T15:05,RNS,376980210
REJYJXAF,code,L,70004214,CP,2006-01-07T16:15,2006-01-07T18:00,ORY,376980210
UANNUOQT,code,L,70002521,FO,2006-01-07T08:50,2006-01-07T11:05,RNS,376980210
UANNUOQT,code,L,70002522,FO,2006-01-07T11:35,2006-01-07T12:55,MPL,376980210
UANNUOQT,code,L,70004213,FO,2006-01-07T14:00,2006-01-07T15:05,RNS,376980210
UANNUOQT,code,L,70004214,FO,2006-01-07T16:15,2006-01-07T18:00,ORY,376980210
SRDRDYAL,code,L,70002521,CSD,2006-01-07T08:50,2006-01-07T11:05,RNS,376980210
SRDRDYAL,code,L,70002522,CSD,2006-01-07T11:35,2006-01-07T12:55,MPL,376980210
SRDRDYAL,code,L,70004213,CSD,2006-01-07T14:00,2006-01-07T15:05,RNS,376980210
SRDRDYAL,code,L,70004214,CSD,2006-01-07T16:15,2006-01-07T18:00,ORY,376980210
YZJGJJAT,code,L,70002521,ST,2006-01-07T08:50,2006-01-07T11:05,RNS,376980210
YZJGJJAT,code,L,70002522,ST,2006-01-07T11:35,2006-01-07T12:55,MPL,376980210
YZJGJJAT,code,L,70004213,ST,2006-01-07T14:00,2006-01-07T15:05,RNS,376980210
YZJGJJAT,code,L,70004214,ST,2006-01-07T16:15,2006-01-07T18:00,ORY,376980210
NKLLHMVT,code,L,70002521,ST,2006-01-07T08:50,2006-01-07T11:05,RNS,376980210
NKLLHMVT,code,L,70002522,ST,2006-01-07T11:35,2006-01-07T12:55,MPL,376980210
NKLLHMVT,code,L,70004213,ST,2006-01-07T14:00,2006-01-07T15:05,RNS,376980210
NKLLHMVT,code,L,70004214,ST,2006-01-07T16:15,2006-01-07T18:00,ORY,376980210
TFLGZPVZ,code,L,70004696,CP,2006-01-07T08:50,2006-01-07T10:45,NCE,160225133
TFLGZPVZ,code,L,70004699,CP,2006-01-07T11:25,2006-01-07T12:25,LYS,160225133
TFLGZPVZ,code,L,70004700,CP,2006-01-07T13:05,2006-01-07T14:00,NCE,160225133
TFLGZPVZ,code,L,70004695,CP,2006-01-07T15:00,2006-01-07T16:45,LYS,160225133
QFGSGQJI,code,L,70004696,FO,2006-01-07T08:50,2006-01-07T10:45,NCE,160225133
QFGSGQJI,code,L,70004699,FO,2006-01-07T11:25,2006-01-07T12:25,LYS,160225133
QFGSGQJI,code,L,70004700,FO,2006-01-07T13:05,2006-01-07T14:00,NCE,160225133
QFGSGQJI,code,L,70004695,FO,2006-01-07T15:00,2006-01-07T16:45,LYS,160225133
HBGDCUIR,code,L,70004696,CS,2006-01-07T08:50,2006-01-07T10:45,NCE,160225133
HBGDCUIR,code,L,70004699,CS,2006-01-07T11:25,2006-01-07T12:25,LYS,160225133
HBGDCUIR,code,L,70004700,CS,2006-01-07T13:05,2006-01-07T14:00,NCE,160225133
HBGDCUIR,code,L,70004695,CS,2006-01-07T15:00,2006-01-07T16:45,LYS,160225133
GCNWJUCY,code,L,70004696,ST,2006-01-07T08:50,2006-01-07T10:45,NCE,160225133
GCNWJUCY,code,L,70004699,ST,2006-01-07T11:25,2006-01-07T12:25,LYS,160225133
GCNWJUCY,code,L,70004700,ST,2006-01-07T13:05,2006-01-07T14:00,NCE,160225133
GCNWJUCY,code,L,70004695,ST,2006-01-07T15:00,2006-01-07T16:45,LYS,160225133
SXHTBNAW,code,L,70004696,ST,2006-01-07T08:50,2006-01-07T10:45,NCE,160225133
SXHTBNAW,code,L,70004699,ST,2006-01-07T11:25,2006-01-07T12:25,LYS,160225133
SXHTBNAW,code,L,70004700,ST,2006-01-07T13:05,2006-01-07T14:00,NCE,160225133
SXHTBNAW,code,L,70004695,ST,2006-01-07T15:00,2006-01-07T16:45,LYS,160225133
JQKBVNNJ,code,L,70004696,ST,2006-01-07T08:50,2006-01-07T10:45,NCE,160225133
JQKBVNNJ,code,L,70004699,ST,2006-01-07T11:25,2006-01-07T12:25,LYS,160225133
JQKBVNNJ,code,L,70004700,ST,2006-01-07T13:05,2006-01-07T14:00,NCE,160225133
JQKBVNNJ,code,L,70004695,ST,2006-01-07T15:00,2006-01-07T16:45,LYS,160225133
AKMMVGEX,code,L,7000146,CP,2006-01-07T08:55,2006-01-07T11:10,MLH,363842328
AKMMVGEX,code,L,7000147,CP,2006-01-07T12:00,2006-01-07T13:10,CDG,363842328
AKMMVGEX,code,L,7000148,CP,2006-01-07T13:50,2006-01-07T15:05,MLH,363842328
AKMMVGEX,code,L,7000149,CP,2006-01-07T15:45,2006-01-07T16:55,CDG,363842328
AKMMVGEX,code,L,7000150,CP,2006-01-07T17:35,2006-01-07T18:50,MLH,363842328
AKMMVGEX,code,L,7000151,CP,2006-01-07T19:55,2006-01-07T21:50,CDG,363842328
NCSESSJQ,code,L,7000146,FO,2006-01-07T08:55,2006-01-07T11:10,MLH,363842328
NCSESSJQ,code,L,7000147,FO,2006-01-07T12:00,2006-01-07T13:10,CDG,363842328
NCSESSJQ,code,L,7000148,FO,2006-01-07T13:50,2006-01-07T15:05,MLH,363842328
NCSESSJQ,code,L,7000149,FO,2006-01-07T15:45,2006-01-07T16:55,CDG,363842328
NCSESSJQ,code,L,7000150,FO,2006-01-07T17:35,2006-01-07T18:50,MLH,363842328
NCSESSJQ,code,L,7000151,FO,2006-01-07T19:55,2006-01-07T21:50,CDG,363842328
POMQMEJI,code,L,7000146,CSD,2006-01-07T08:55,2006-01-07T11:10,MLH,363842328
POMQMEJI,code,L,7000147,CSD,2006-01-07T12:00,2006-01-07T13:10,CDG,363842328
POMQMEJI,code,L,7000148,CSD,2006-01-07T13:50,2006-01-07T15:05,MLH,363842328
POMQMEJI,code,L,7000149,CSD,2006-01-07T15:45,2006-01-07T16:55,CDG,363842328
POMQMEJI,code,L,7000150,CSD,2006-01-07T17:35,2006-01-07T18:50,MLH,363842328
POMQMEJI,code,L,7000151,CSD,2006-01-07T19:55,2006-01-07T21:50,CDG,363842328
TIAIEAHU,code,L,7000146,CSD,2006-01-07T08:55,2006-01-07T11:10,MLH,363842328
TIAIEAHU,code,L,7000147,CSD,2006-01-07T12:00,2006-01-07T13:10,CDG,363842328
TIAIEAHU,code,L,7000148,CSD,2006-01-07T13:50,2006-01-07T15:05,MLH,363842328
TIAIEAHU,code,L,7000149,CSD,2006-01-07T15:45,2006-01-07T16:55,CDG,363842328
TIAIEAHU,code,L,7000150,CSD,2006-01-07T17:35,2006-01-07T18:50,MLH,363842328
TIAIEAHU,code,L,7000151,CSD,2006-01-07T19:55,2006-01-07T21:50,CDG,363842328
TOSZHDDZ,code,L,7000146,ST,2006-01-07T08:55,2006-01-07T11:10,MLH,363842328
TOSZHDDZ,code,L,7000147,ST,2006-01-07T12:00,2006-01-07T13:10,CDG,363842328
TOSZHDDZ,code,L,7000148,ST,2006-01-07T13:50,2006-01-07T15:05,MLH,363842328
TOSZHDDZ,code,L,7000149,ST,2006-01-07T15:45,2006-01-07T16:55,CDG,363842328
TOSZHDDZ,code,L,7000150,ST,2006-01-07T17:35,2006-01-07T18:50,MLH,363842328
TOSZHDDZ,code,L,7000151,ST,2006-01-07T19:55,2006-01-07T21:50,CDG,363842328
JSEZJFDD,code,L,7000146,ST,2006-01-07T08:55,2006-01-07T11:10,MLH,363842328
JSEZJFDD,code,L,7000147,ST,2006-01-07T12:00,2006-01-07T13:10,CDG,363842328
JSEZJFDD,code,L,7000148,ST,2006-01-07T13:50,2006-01-07T15:05,MLH,363842328
JSEZJFDD,code,L,7000149,ST,2006-01-07T15:45,2006-01-07T16:55,CDG,363842328
JSEZJFDD,code,L,7000150,ST,2006-01-07T17:35,2006-01-07T18:50,MLH,363842328
JSEZJFDD,code,L,7000151,ST,2006-01-07T19:55,2006-01-07T21:50,CDG,363842328
AXTSNAKQ,code,L,7000146,ST,2006-01-07T08:55,2006-01-07T11:10,MLH,363842328
AXTSNAKQ,code,L,7000147,ST,2006-01-07T12:00,2006-01-07T13:10,CDG,363842328
AXTSNAKQ,code,L,7000148,ST,2006-01-07T13:50,2006-01-07T15:05,MLH,363842328
AXTSNAKQ,code,L,7000149,ST,2006-01-07T15:45,2006-01-07T16:55,CDG,363842328
AXTSNAKQ,code,L,7000150,ST,2006-01-07T17:35,2006-01-07T18:50,MLH,363842328
AXTSNAKQ,code,L,7000151,ST,2006-01-07T19:55,2006-01-07T21:50,CDG,363842328
SZCRBJET,code,L,7000146,ST,2006-01-07T08:55,2006-01-07T11:10,MLH,363842328
SZCRBJET,code,L,7000147,ST,2006-01-07T12:00,2006-01-07T13:10,CDG,363842328
SZCRBJET,code,L,7000148,ST,2006-01-07T13:50,2006-01-07T15:05,MLH,363842328
SZCRBJET,code,L,7000149,ST,2006-01-07T15:45,2006-01-07T16:55,CDG,363842328
SZCRBJET,code,L,7000150,ST,2006-01-07T17:35,2006-01-07T18:50,MLH,363842328
SZCRBJET,code,L,7000151,ST,2006-01-07T19:55,2006-01-07T21:50,CDG,363842328
AXEKNWOB,code,L,7000146,ST,2006-01-07T08:55,2006-01-07T11:10,MLH,363842328
AXEKNWOB,code,L,7000147,ST,2006-01-07T12:00,2006-01-07T13:10,CDG,363842328
AXEKNWOB,code,L,7000148,ST,2006-01-07T13:50,2006-01-07T15:05,MLH,363842328
AXEKNWOB,code,L,7000149,ST,2006-01-07T15:45,2006-01-07T16:55,CDG,363842328
AXEKNWOB,code,L,7000150,ST,2006-01-07T17:35,2006-01-07T18:50,MLH,363842328
AXEKNWOB,code,L,7000151,ST,2006-01-07T19:55,2006-01-07T21:50,CDG,363842328
POOFRWGR,code,L,7000146,ST,2006-01-07T08:55,2006-01-07T11:10,MLH,363842328
POOFRWGR,code,L,7000147,ST,2006-01-07T12:00,2006-01-07T13:10,CDG,363842328
POOFRWGR,code,L,7000148,ST,2006-01-07T13:50,2006-01-07T15:05,MLH,363842328
POOFRWGR,code,L,7000149,ST,2006-01-07T15:45,2006-01-07T16:55,CDG,363842328
POOFRWGR,code,L,7000150,ST,2006-01-07T17:35,2006-01-07T18:50,MLH,363842328
POOFRWGR,code,L,7000151,ST,2006-01-07T19:55,2006-01-07T21:50,CDG,363842328
HOTNCTVN,code,L,70003073,CP,2006-01-07T09:00,2006-01-07T11:20,ORY,2125508764
HOTNCTVN,code,L,70003088,CP,2006-01-07T12:05,2006-01-07T13:30,NCE,2125508764
HOTNCTVN,code,L,70003081,CP,2006-01-07T14:00,2006-01-07T15:20,ORY,2125508764
HOTNCTVN,code,L,70003102,CP,2006-01-07T16:05,2006-01-07T18:15,NCE,2125508764
ANRUJBCB,code,L,70003073,FO,2006-01-07T09:00,2006-01-07T11:20,ORY,2125508764
ANRUJBCB,code,L,70003088,FO,2006-01-07T12:05,2006-01-07T13:30,NCE,2125508764
ANRUJBCB,code,L,70003081,FO,2006-01-07T14:00,2006-01-07T15:20,ORY,2125508764
ANRUJBCB,code,L,70003102,FO,2006-01-07T16:05,2006-01-07T18:15,NCE,2125508764
MLTKQROW,code,L,70003073,CSD,2006-01-07T09:00,2006-01-07T11:20,ORY,2125508764
MLTKQROW,code,L,70003088,CSD,2006-01-07T12:05,2006-01-07T13:30,NCE,2125508764
MLTKQROW,code,L,70003081,CSD,2006-01-07T14:00,2006-01-07T15:20,ORY,2125508764
MLTKQROW,code,L,70003102,CSD,2006-01-07T16:05,2006-01-07T18:15,NCE,2125508764
JUESDPOO,code,L,70003073,CSD,2006-01-07T09:00,2006-01-07T11:20,ORY,2125508764
JUESDPOO,code,L,70003088,CSD,2006-01-07T12:05,2006-01-07T13:30,NCE,2125508764
JUESDPOO,code,L,70003081,CSD,2006-01-07T14:00,2006-01-07T15:20,ORY,2125508764
JUESDPOO,code,L,70003102,CSD,2006-01-07T16:05,2006-01-07T18:15,NCE,2125508764
VNARSMCN,code,L,70003073,ST,2006-01-07T09:00,2006-01-07T11:20,ORY,2125508764
VNARSMCN,code,L,70003088,ST,2006-01-07T12:05,2006-01-07T13:30,NCE,2125508764
VNARSMCN,code,L,70003081,ST,2006-01-07T14:00,2006-01-07T15:20,ORY,2125508764
VNARSMCN,code,L,70003102,ST,2006-01-07T16:05,2006-01-07T18:15,NCE,2125508764
IUDJGGYF,code,L,70003073,ST,2006-01-07T09:00,2006-01-07T11:20,ORY,2125508764
IUDJGGYF,code,L,70003088,ST,2006-01-07T12:05,2006-01-07T13:30,NCE,2125508764
IUDJGGYF,code,L,70003081,ST,2006-01-07T14:00,2006-01-07T15:20,ORY,2125508764
IUDJGGYF,code,L,70003102,ST,2006-01-07T16:05,2006-01-07T18:15,NCE,2125508764
CJRURYQK,code,L,70003073,ST,2006-01-07T09:00,2006-01-07T11:20,ORY,2125508764
CJRURYQK,code,L,70003088,ST,2006-01-07T12:05,2006-01-07T13:30,NCE,2125508764
CJRURYQK,code,L,70003081,ST,2006-01-07T14:00,2006-01-07T15:20,ORY,2125508764
CJRURYQK,code,L,70003102,ST,2006-01-07T16:05,2006-01-07T18:15,NCE,2125508764
YUCAFSEB,code,L,70003073,ST,2006-01-07T09:00,2006-01-07T11:20,ORY,2125508764
YUCAFSEB,code,L,70003088,ST,2006-01-07T12:05,2006-01-07T13:30,NCE,2125508764
YUCAFSEB,code,L,70003081,ST,2006-01-07T14:00,2006-01-07T15:20,ORY,2125508764
YUCAFSEB,code,L,70003102,ST,2006-01-07T16:05,2006-01-07T18:15,NCE,2125508764
FTIUVBVY,code,L,70003073,ST,2006-01-07T09:00,2006-01-07T11:20,ORY,2125508764
FTIUVBVY,code,L,70003088,ST,2006-01-07T12:05,2006-01-07T13:30,NCE,2125508764
FTIUVBVY,code,L,70003081,ST,2006-01-07T14:00,2006-01-07T15:20,ORY,2125508764
FTIUVBVY,code,L,70003102,ST,2006-01-07T16:05,2006-01-07T18:15,NCE,2125508764
JAYGYRCT,code,L,70003073,ST,2006-01-07T09:00,2006-01-07T11:20,ORY,2125508764
JAYGYRCT,code,L,70003088,ST,2006-01-07T12:05,2006-01-07T13:30,NCE,2125508764
JAYGYRCT,code,L,70003081,ST,2006-01-07T14:00,2006-01-07T15:20,ORY,2125508764
JAYGYRCT,code,L,70003102,ST,2006-01-07T16:05,2006-01-07T18:15,NCE,2125508764
FUDEOAAP,code,L,70004588,CP,2006-01-07T09:00,2006-01-07T11:05,NTE,333461483
FUDEOAAP,code,L,70004587,CP,2006-01-07T11:45,2006-01-07T12:50,CDG,333461483
FUDEOAAP,code,L,70004590,CP,2006-01-07T13:35,2006-01-07T14:40,NTE,333461483
FUDEOAAP,code,L,70004593,CP,2006-01-07T16:15,2006-01-07T17:20,CDG,333461483
FUDEOAAP,code,L,70004594,CP,2006-01-07T18:05,2006-01-07T19:10,NTE,333461483
FUDEOAAP,code,L,70004591,CP,2006-01-07T20:00,2006-01-07T21:50,CDG,333461483
PZMRYQTQ,code,L,70004588,FO,2006-01-07T09:00,2006-01-07T11:05,NTE,333461483
PZMRYQTQ,code,L,70004587,FO,2006-01-07T11:45,2006-01-07T12:50,CDG,333461483
PZMRYQTQ,code,L,70004590,FO,2006-01-07T13:35,2006-01-07T14:40,NTE,333461483
PZMRYQTQ,code,L,70004593,FO,2006-01-07T16:15,2006-01-07T17:20,CDG,333461483
PZMRYQTQ,code,L,70004594,FO,2006-01-07T18:05,2006-01-07T19:10,NTE,333461483
PZMRYQTQ,code,L,70004591,FO,2006-01-07T20:00,2006-01-07T21:50,CDG,333461483
KPUPBFOK,code,L,70004588,CSD,2006-01-07T09:00,2006-01-07T11:05,NTE,333461483
KPUPBFOK,code,L,70004587,CSD,2006-01-07T11:45,2006-01-07T12:50,CDG,333461483
KPUPBFOK,code,L,70004590,CSD,2006-01-07T13:35,2006-01-07T14:40,NTE,333461483
KPUPBFOK,code,L,70004593,CSD,2006-01-07T16:15,2006-01-07T17:20,CDG,333461483
KPUPBFOK,code,L,70004594,CSD,2006-01-07T18:05,2006-01-07T19:10,NTE,333461483
KPUPBFOK,code,L,70004591,CSD,2006-01-07T20:00,2006-01-07T21:50,CDG,333461483
ZNKGDVBP,code,L,70004588,CSD,2006-01-07T09:00,2006-01-07T11:05,NTE,333461483
ZNKGDVBP,code,L,70004587,CSD,2006-01-07T11:45,2006-01-07T12:50,CDG,333461483
ZNKGDVBP,code,L,70004590,CSD,2006-01-07T13:35,2006-01-07T14:40,NTE,333461483
ZNKGDVBP,code,L,70004593,CSD,2006-01-07T16:15,2006-01-07T17:20,CDG,333461483
ZNKGDVBP,code,L,70004594,CSD,2006-01-07T18:05,2006-01-07T19:10,NTE,333461483
ZNKGDVBP,code,L,70004591,CSD,2006-01-07T20:00,2006-01-07T21:50,CDG,333461483
YKRZHPKT,code,L,70004588,ST,2006-01-07T09:00,2006-01-07T11:05,NTE,333461483
YKRZHPKT,code,L,70004587,ST,2006-01-07T11:45,2006-01-07T12:50,CDG,333461483
YKRZHPKT,code,L,70004590,ST,2006-01-07T13:35,2006-01-07T14:40,NTE,333461483
YKRZHPKT,code,L,70004593,ST,2006-01-07T16:15,2006-01-07T17:20,CDG,333461483
YKRZHPKT,code,L,70004594,ST,2006-01-07T18:05,2006-01-07T19:10,NTE,333461483
YKRZHPKT,code,L,70004591,ST,2006-01-07T20:00,2006-01-07T21:50,CDG,333461483
NFVKUNXQ,code,L,70004588,ST,2006-01-07T09:00,2006-01-07T11:05,NTE,333461483
NFVKUNXQ,code,L,70004587,ST,2006-01-07T11:45,2006-01-07T12:50,CDG,333461483
NFVKUNXQ,code,L,70004590,ST,2006-01-07T13:35,2006-01-07T14:40,NTE,333461483
NFVKUNXQ,code,L,70004593,ST,2006-01-07T16:15,2006-01-07T17:20,CDG,333461483
NFVKUNXQ,code,L,70004594,ST,2006-01-07T18:05,2006-01-07T19:10,NTE,333461483
NFVKUNXQ,code,L,70004591,ST,2006-01-07T20:00,2006-01-07T21:50,CDG,333461483
XHHPLKLP,code,L,70004588,ST,2006-01-07T09:00,2006-01-07T11:05,NTE,333461483
XHHPLKLP,code,L,70004587,ST,2006-01-07T11:45,2006-01-07T12:50,CDG,333461483
XHHPLKLP,code,L,70004590,ST,2006-01-07T13:35,2006-01-07T14:40,NTE,333461483
XHHPLKLP,code,L,70004593,ST,2006-01-07T16:15,2006-01-07T17:20,CDG,333461483
XHHPLKLP,code,L,70004594,ST,2006-01-07T18:05,2006-01-07T19:10,NTE,333461483
XHHPLKLP,code,L,70004591,ST,2006-01-07T20:00,2006-01-07T21:50,CDG,333461483
RFEKCTAM,code,L,70004588,ST,2006-01-07T09:00,2006-01-07T11:05,NTE,333461483
RFEKCTAM,code,L,70004587,ST,2006-01-07T11:45,2006-01-07T12:50,CDG,333461483
RFEKCTAM,code,L,70004590,ST,2006-01-07T13:35,2006-01-07T14:40,NTE,333461483
RFEKCTAM,code,L,70004593,ST,2006-01-07T16:15,2006-01-07T17:20,CDG,333461483
RFEKCTAM,code,L,70004594,ST,2006-01-07T18:05,2006-01-07T19:10,NTE,333461483
RFEKCTAM,code,L,70004591,ST,2006-01-07T20:00,2006-01-07T21:50,CDG,333461483
QDSVLLLU,code,L,70004588,ST,2006-01-07T09:00,2006-01-07T11:05,NTE,333461483
QDSVLLLU,code,L,70004587,ST,2006-01-07T11:45,2006-01-07T12:50,CDG,333461483
QDSVLLLU,code,L,70004590,ST,2006-01-07T13:35,2006-01-07T14:40,NTE,333461483
QDSVLLLU,code,L,70004593,ST,2006-01-07T16:15,2006-01-07T17:20,CDG,333461483
QDSVLLLU,code,L,70004594,ST,2006-01-07T18:05,2006-01-07T19:10,NTE,333461483
QDSVLLLU,code,L,70004591,ST,2006-01-07T20:00,2006-01-07T21:50,CDG,333461483
FFJQRKOL,code,L,70004588,ST,2006-01-07T09:00,2006-01-07T11:05,NTE,333461483
FFJQRKOL,code,L,70004587,ST,2006-01-07T11:45,2006-01-07T12:50,CDG,333461483
FFJQRKOL,code,L,70004590,ST,2006-01-07T13:35,2006-01-07T14:40,NTE,333461483
FFJQRKOL,code,L,70004593,ST,2006-01-07T16:15,2006-01-07T17:20,CDG,333461483
FFJQRKOL,code,L,70004594,ST,2006-01-07T18:05,2006-01-07T19:10,NTE,333461483
FFJQRKOL,code,L,70004591,ST,2006-01-07T20:00,2006-01-07T21:50,CDG,333461483
NYBQBQDH,code,L,70003074,CP,2006-01-07T09:05,2006-01-07T11:30,NCE,760389092
NYBQBQDH,code,L,70003077,CP,2006-01-07T12:00,2006-01-07T13:20,ORY,760389092
NYBQBQDH,code,L,70003082,CP,2006-01-07T14:05,2006-01-07T15:30,NCE,760389092
NYBQBQDH,code,L,70003085,CP,2006-01-07T16:00,2006-01-07T17:20,ORY,760389092
NYBQBQDH,code,L,70003092,CP,2006-01-07T18:05,2006-01-07T19:30,NCE,760389092
NYBQBQDH,code,L,70003095,CP,2006-01-07T20:00,2006-01-07T22:05,ORY,760389092
FZJTCTLS,code,L,70003074,FO,2006-01-07T09:05,2006-01-07T11:30,NCE,760389092
FZJTCTLS,code,L,70003077,FO,2006-01-07T12:00,2006-01-07T13:20,ORY,760389092
FZJTCTLS,code,L,70003082,FO,2006-01-07T14:05,2006-01-07T15:30,NCE,760389092
FZJTCTLS,code,L,70003085,FO,2006-01-07T16:00,2006-01-07T17:20,ORY,760389092
FZJTCTLS,code,L,70003092,FO,2006-01-07T18:05,2006-01-07T19:30,NCE,760389092
FZJTCTLS,code,L,70003095,FO,2006-01-07T20:00,2006-01-07T22:05,ORY,760389092
FQSPSZWG,code,L,70003074,CSD,2006-01-07T09:05,2006-01-07T11:30,NCE,760389092
FQSPSZWG,code,L,70003077,CSD,2006-01-07T12:00,2006-01-07T13:20,ORY,760389092
FQSPSZWG,code,L,70003082,CSD,2006-01-07T14:05,2006-01-07T15:30,NCE,760389092
FQSPSZWG,code,L,70003085,CSD,2006-01-07T16:00,2006-01-07T17:20,ORY,760389092
FQSPSZWG,code,L,70003092,CSD,2006-01-07T18:05,2006-01-07T19:30,NCE,760389092
FQSPSZWG,code,L,70003095,CSD,2006-01-07T20:00,2006-01-07T22:05,ORY,760389092
RZHPUATC,code,L,70003074,CSD,2006-01-07T09:05,2006-01-07T11:30,NCE,760389092
RZHPUATC,code,L,70003077,CSD,2006-01-07T12:00,2006-01-07T13:20,ORY,760389092
RZHPUATC,code,L,70003082,CSD,2006-01-07T14:05,2006-01-07T15:30,NCE,760389092
RZHPUATC,code,L,70003085,CSD,2006-01-07T16:00,2006-01-07T17:20,ORY,760389092
RZHPUATC,code,L,70003092,CSD,2006-01-07T18:05,2006-01-07T19:30,NCE,760389092
RZHPUATC,code,L,70003095,CSD,2006-01-07T20:00,2006-01-07T22:05,ORY,760389092
NFXRXTNV,code,L,70003074,ST,2006-01-07T09:05,2006-01-07T11:30,NCE,760389092
NFXRXTNV,code,L,70003077,ST,2006-01-07T12:00,2006-01-07T13:20,ORY,760389092
NFXRXTNV,code,L,70003082,ST,2006-01-07T14:05,2006-01-07T15:30,NCE,760389092
NFXRXTNV,code,L,70003085,ST,2006-01-07T16:00,2006-01-07T17:20,ORY,760389092
NFXRXTNV,code,L,70003092,ST,2006-01-07T18:05,2006-01-07T19:30,NCE,760389092
NFXRXTNV,code,L,70003095,ST,2006-01-07T20:00,2006-01-07T22:05,ORY,760389092
FLEMIWIA,code,L,70003074,ST,2006-01-07T09:05,2006-01-07T11:30,NCE,760389092
FLEMIWIA,code,L,70003077,ST,2006-01-07T12:00,2006-01-07T13:20,ORY,760389092
FLEMIWIA,code,L,70003082,ST,2006-01-07T14:05,2006-01-07T15:30,NCE,760389092
FLEMIWIA,code,L,70003085,ST,2006-01-07T16:00,2006-01-07T17:20,ORY,760389092
FLEMIWIA,code,L,70003092,ST,2006-01-07T18:05,2006-01-07T19:30,NCE,760389092
FLEMIWIA,code,L,70003095,ST,2006-01-07T20:00,2006-01-07T22:05,ORY,760389092
MQJUTBKT,code,L,70003074,ST,2006-01-07T09:05,2006-01-07T11:30,NCE,760389092
MQJUTBKT,code,L,70003077,ST,2006-01-07T12:00,2006-01-07T13:20,ORY,760389092
MQJUTBKT,code,L,70003082,ST,2006-01-07T14:05,2006-01-07T15:30,NCE,760389092
MQJUTBKT,code,L,70003085,ST,2006-01-07T16:00,2006-01-07T17:20,ORY,760389092
MQJUTBKT,code,L,70003092,ST,2006-01-07T18:05,2006-01-07T19:30,NCE,760389092
MQJUTBKT,code,L,70003095,ST,2006-01-07T20:00,2006-01-07T22:05,ORY,760389092
WGTGDTAJ,code,L,70003074,ST,2006-01-07T09:05,2006-01-07T11:30,NCE,760389092
WGTGDTAJ,code,L,70003077,ST,2006-01-07T12:00,2006-01-07T13:20,ORY,760389092
WGTGDTAJ,code,L,70003082,ST,2006-01-07T14:05,2006-01-07T15:30,NCE,760389092
WGTGDTAJ,code,L,70003085,ST,2006-01-07T16:00,2006-01-07T17:20,ORY,760389092
WGTGDTAJ,code,L,70003092,ST,2006-01-07T18:05,2006-01-07T19:30,NCE,760389092
WGTGDTAJ,code,L,70003095,ST,2006-01-07T20:00,2006-01-07T22:05,ORY,760389092
XHQXXWTK,code,L,70003074,ST,2006-01-07T09:05,2006-01-07T11:30,NCE,760389092
XHQXXWTK,code,L,70003077,ST,2006-01-07T12:00,2006-01-07T13:20,ORY,760389092
XHQXXWTK,code,L,70003082,ST,2006-01-07T14:05,2006-01-07T15:30,NCE,760389092
XHQXXWTK,code,L,70003085,ST,2006-01-07T16:00,2006-01-07T17:20,ORY,760389092
XHQXXWTK,code,L,70003092,ST,2006-01-07T18:05,2006-01-07T19:30,NCE,760389092
XHQXXWTK,code,L,70003095,ST,2006-01-07T20:00,2006-01-07T22:05,ORY,760389092
TJVCHSMB,code,L,70003074,ST,2006-01-07T09:05,2006-01-07T11:30,NCE,760389092
TJVCHSMB,code,L,70003077,ST,2006-01-07T12:00,2006-01-07T13:20,ORY,760389092
TJVCHSMB,code,L,70003082,ST,2006-01-07T14:05,2006-01-07T15:30,NCE,760389092
TJVCHSMB,code,L,70003085,ST,2006-01-07T16:00,2006-01-07T17:20,ORY,760389092
TJVCHSMB,code,L,70003092,ST,2006-01-07T18:05,2006-01-07T19:30,NCE,760389092
TJVCHSMB,code,L,70003095,ST,2006-01-07T20:00,2006-01-07T22:05,ORY,760389092
NVNCQNLZ,code,L,70003124,CP,2006-01-07T09:05,2006-01-07T11:15,BOD,61497087
NVNCQNLZ,code,L,70003123,CP,2006-01-07T12:10,2006-01-07T13:15,ORY,61497087
NVNCQNLZ,code,L,70003128,CP,2006-01-07T14:05,2006-01-07T15:15,BOD,61497087
NVNCQNLZ,code,L,70003131,CP,2006-01-07T17:25,2006-01-07T19:15,ORY,61497087
YWCEAACA,code,L,70003124,FO,2006-01-07T09:05,2006-01-07T11:15,BOD,61497087
YWCEAACA,code,L,70003123,FO,2006-01-07T12:10,2006-01-07T13:15,ORY,61497087
YWCEAACA,code,L,70003128,FO,2006-01-07T14:05,2006-01-07T15:15,BOD,61497087
YWCEAACA,code,L,70003131,FO,2006-01-07T17:25,2006-01-07T19:15,ORY,61497087
VTBLZYVF,code,L,70003124,CSD,2006-01-07T09:05,2006-01-07T11:15,BOD,61497087
VTBLZYVF,code,L,70003123,CSD,2006-01-07T12:10,2006-01-07T13:15,ORY,61497087
VTBLZYVF,code,L,70003128,CSD,2006-01-07T14:05,2006-01-07T15:15,BOD,61497087
VTBLZYVF,code,L,70003131,CSD,2006-01-07T17:25,2006-01-07T19:15,ORY,61497087
DMHHGFNI,code,L,70003124,CSD,2006-01-07T09:05,2006-01-07T11:15,BOD,61497087
DMHHGFNI,code,L,70003123,CSD,2006-01-07T12:10,2006-01-07T13:15,ORY,61497087
DMHHGFNI,code,L,70003128,CSD,2006-01-07T14:05,2006-01-07T15:15,BOD,61497087
DMHHGFNI,code,L,70003131,CSD,2006-01-07T17:25,2006-01-07T19:15,ORY,61497087
MLLNBOCJ,code,L,70003124,ST,2006-01-07T09:05,2006-01-07T11:15,BOD,61497087
MLLNBOCJ,code,L,70003123,ST,2006-01-07T12:10,2006-01-07T13:15,ORY,61497087
MLLNBOCJ,code,L,70003128,ST,2006-01-07T14:05,2006-01-07T15:15,BOD,61497087
MLLNBOCJ,code,L,70003131,ST,2006-01-07T17:25,2006-01-07T19:15,ORY,61497087
OLTVKSRM,code,L,70003124,ST,2006-01-07T09:05,2006-01-07T11:15,BOD,61497087
OLTVKSRM,code,L,70003123,ST,2006-01-07T12:10,2006-01-07T13:15,ORY,61497087
OLTVKSRM,code,L,70003128,ST,2006-01-07T14:05,2006-01-07T15:15,BOD,61497087
OLTVKSRM,code,L,70003131,ST,2006-01-07T17:25,2006-01-07T19:15,ORY,61497087
RBNAZDCZ,code,L,70003124,ST,2006-01-07T09:05,2006-01-07T11:15,BOD,61497087
RBNAZDCZ,code,L,70003123,ST,2006-01-07T12:10,2006-01-07T13:15,ORY,61497087
RBNAZDCZ,code,L,70003128,ST,2006-01-07T14:05,2006-01-07T15:15,BOD,61497087
RBNAZDCZ,code,L,70003131,ST,2006-01-07T17:25,2006-01-07T19:15,ORY,61497087
CCIGMJJG,code,L,70003124,ST,2006-01-07T09:05,2006-01-07T11:15,BOD,61497087
CCIGMJJG,code,L,70003123,ST,2006-01-07T12:10,2006-01-07T13:15,ORY,61497087
CCIGMJJG,code,L,70003128,ST,2006-01-07T14:05,2006-01-07T15:15,BOD,61497087
CCIGMJJG,code,L,70003131,ST,2006-01-07T17:25,2006-01-07T19:15,ORY,61497087
MJGACLVK,code,L,70003124,ST,2006-01-07T09:05,2006-01-07T11:15,BOD,61497087
MJGACLVK,code,L,70003123,ST,2006-01-07T12:10,2006-01-07T13:15,ORY,61497087
MJGACLVK,code,L,70003128,ST,2006-01-07T14:05,2006-01-07T15:15,BOD,61497087
MJGACLVK,code,L,70003131,ST,2006-01-07T17:25,2006-01-07T19:15,ORY,61497087
XWOZWMRA,code,L,70003124,ST,2006-01-07T09:05,2006-01-07T11:15,BOD,61497087
XWOZWMRA,code,L,70003123,ST,2006-01-07T12:10,2006-01-07T13:15,ORY,61497087
XWOZWMRA,code,L,70003128,ST,2006-01-07T14:05,2006-01-07T15:15,BOD,61497087
XWOZWMRA,code,L,70003131,ST,2006-01-07T17:25,2006-01-07T19:15,ORY,61497087
SCWCQVFA,code,L,70004366,CP,2006-01-07T09:05,2006-01-07T11:30,TLN,1713579631
SCWCQVFA,code,L,70004369,CP,2006-01-07T12:30,2006-01-07T13:50,ORY,1713579631
SCWCQVFA,code,L,70004370,CP,2006-01-07T14:40,2006-01-07T16:05,TLN,1713579631
SCWCQVFA,code,L,70004371,CP,2006-01-07T17:55,2006-01-07T20:00,ORY,1713579631
TFJQQPKK,code,L,70004366,FO,2006-01-07T09:05,2006-01-07T11:30,TLN,1713579631
TFJQQPKK,code,L,70004369,FO,2006-01-07T12:30,2006-01-07T13:50,ORY,1713579631
TFJQQPKK,code,L,70004370,FO,2006-01-07T14:40,2006-01-07T16:05,TLN,1713579631
TFJQQPKK,code,L,70004371,FO,2006-01-07T17:55,2006-01-07T20:00,ORY,1713579631
GQNSNEKQ,code,L,70004366,CSD,2006-01-07T09:05,2006-01-07T11:30,TLN,1713579631
GQNSNEKQ,code,L,70004369,CSD,2006-01-07T12:30,2006-01-07T13:50,ORY,1713579631
GQNSNEKQ,code,L,70004370,CSD,2006-01-07T14:40,2006-01-07T16:05,TLN,1713579631
GQNSNEKQ,code,L,70004371,CSD,2006-01-07T17:55,2006-01-07T20:00,ORY,1713579631
OMMLDZYH,code,L,70004366,CSD,2006-01-07T09:05,2006-01-07T11:30,TLN,1713579631
OMMLDZYH,code,L,70004369,CSD,2006-01-07T12:30,2006-01-07T13:50,ORY,1713579631
OMMLDZYH,code,L,70004370,CSD,2006-01-07T14:40,2006-01-07T16:05,TLN,1713579631
OMMLDZYH,code,L,70004371,CSD,2006-01-07T17:55,2006-01-07T20:00,ORY,1713579631
BQJBYOPY,code,L,70004366,ST,2006-01-07T09:05,2006-01-07T11:30,TLN,1713579631
BQJBYOPY,code,L,70004369,ST,2006-01-07T12:30,2006-01-07T13:50,ORY,1713579631
BQJBYOPY,code,L,70004370,ST,2006-01-07T14:40,2006-01-07T16:05,TLN,1713579631
BQJBYOPY,code,L,70004371,ST,2006-01-07T17:55,2006-01-07T20:00,ORY,1713579631
MXPYAUJR,code,L,70004366,ST,2006-01-07T09:05,2006-01-07T11:30,TLN,1713579631
MXPYAUJR,code,L,70004369,ST,2006-01-07T12:30,2006-01-07T13:50,ORY,1713579631
MXPYAUJR,code,L,70004370,ST,2006-01-07T14:40,2006-01-07T16:05,TLN,1713579631
MXPYAUJR,code,L,70004371,ST,2006-01-07T17:55,2006-01-07T20:00,ORY,1713579631
IIIPYIPQ,code,L,70004366,ST,2006-01-07T09:05,2006-01-07T11:30,TLN,1713579631
IIIPYIPQ,code,L,70004369,ST,2006-01-07T12:30,2006-01-07T13:50,ORY,1713579631
IIIPYIPQ,code,L,70004370,ST,2006-01-07T14:40,2006-01-07T16:05,TLN,1713579631
IIIPYIPQ,code,L,70004371,ST,2006-01-07T17:55,2006-01-07T20:00,ORY,1713579631
MKECEEYC,code,L,70004366,ST,2006-01-07T09:05,2006-01-07T11:30,TLN,1713579631
MKECEEYC,code,L,70004369,ST,2006-01-07T12:30,2006-01-07T13:50,ORY,1713579631
MKECEEYC,code,L,70004370,ST,2006-01-07T14:40,2006-01-07T16:05,TLN,1713579631
MKECEEYC,code,L,70004371,ST,2006-01-07T17:55,2006-01-07T20:00,ORY,1713579631
UTBGWOHD,code,L,70004366,ST,2006-01-07T09:05,2006-01-07T11:30,TLN,1713579631
UTBGWOHD,code,L,70004369,ST,2006-01-07T12:30,2006-01-07T13:50,ORY,1713579631
UTBGWOHD,code,L,70004370,ST,2006-01-07T14:40,2006-01-07T16:05,TLN,1713579631
UTBGWOHD,code,L,70004371,ST,2006-01-07T17:55,2006-01-07T20:00,ORY,1713579631
WHNXAQRP,code,L,70004366,ST,2006-01-07T09:05,2006-01-07T11:30,TLN,1713579631
WHNXAQRP,code,L,70004369,ST,2006-01-07T12:30,2006-01-07T13:50,ORY,1713579631
WHNXAQRP,code,L,70004370,ST,2006-01-07T14:40,2006-01-07T16:05,TLN,1713579631
WHNXAQRP,code,L,70004371,ST,2006-01-07T17:55,2006-01-07T20:00,ORY,1713579631
DHVMBJDJ,code,L,70004228,CP,2006-01-07T09:05,2006-01-07T11:20,BES,1450422331
DHVMBJDJ,code,L,70004239,CP,2006-01-07T14:40,2006-01-07T15:50,ORY,1450422331
DHVMBJDJ,code,L,70004238,CP,2006-01-07T16:35,2006-01-07T17:50,BES,1450422331
DHVMBJDJ,code,L,70004237,CP,2006-01-07T20:20,2006-01-07T22:15,ORY,1450422331
MKOLKAZA,code,L,70004228,FO,2006-01-07T09:05,2006-01-07T11:20,BES,1450422331
MKOLKAZA,code,L,70004239,FO,2006-01-07T14:40,2006-01-07T15:50,ORY,1450422331
MKOLKAZA,code,L,70004238,FO,2006-01-07T16:35,2006-01-07T17:50,BES,1450422331
MKOLKAZA,code,L,70004237,FO,2006-01-07T20:20,2006-01-07T22:15,ORY,1450422331
KQUMVFLF,code,L,70004228,CSD,2006-01-07T09:05,2006-01-07T11:20,BES,1450422331
KQUMVFLF,code,L,70004239,CSD,2006-01-07T14:40,2006-01-07T15:50,ORY,1450422331
KQUMVFLF,code,L,70004238,CSD,2006-01-07T16:35,2006-01-07T17:50,BES,1450422331
KQUMVFLF,code,L,70004237,CSD,2006-01-07T20:20,2006-01-07T22:15,ORY,1450422331
ZCXODAQH,code,L,70004228,CSD,2006-01-07T09:05,2006-01-07T11:20,BES,1450422331
ZCXODAQH,code,L,70004239,CSD,2006-01-07T14:40,2006-01-07T15:50,ORY,1450422331
ZCXODAQH,code,L,70004238,CSD,2006-01-07T16:35,2006-01-07T17:50,BES,1450422331
ZCXODAQH,code,L,70004237,CSD,2006-01-07T20:20,2006-01-07T22:15,ORY,1450422331
UFCGFEIW,code,L,70004228,ST,2006-01-07T09:05,2006-01-07T11:20,BES,1450422331
UFCGFEIW,code,L,70004239,ST,2006-01-07T14:40,2006-01-07T15:50,ORY,1450422331
UFCGFEIW,code,L,70004238,ST,2006-01-07T16:35,2006-01-07T17:50,BES,1450422331
UFCGFEIW,code,L,70004237,ST,2006-01-07T20:20,2006-01-07T22:15,ORY,1450422331
PVXLBLTJ,code,L,70004228,ST,2006-01-07T09:05,2006-01-07T11:20,BES,1450422331
PVXLBLTJ,code,L,70004239,ST,2006-01-07T14:40,2006-01-07T15:50,ORY,1450422331
PVXLBLTJ,code,L,70004238,ST,2006-01-07T16:35,2006-01-07T17:50,BES,1450422331
PVXLBLTJ,code,L,70004237,ST,2006-01-07T20:20,2006-01-07T22:15,ORY,1450422331
RJDFXGBM,code,L,70004228,ST,2006-01-07T09:05,2006-01-07T11:20,BES,1450422331
RJDFXGBM,code,L,70004239,ST,2006-01-07T14:40,2006-01-07T15:50,ORY,1450422331
RJDFXGBM,code,L,70004238,ST,2006-01-07T16:35,2006-01-07T17:50,BES,1450422331
RJDFXGBM,code,L,70004237,ST,2006-01-07T20:20,2006-01-07T22:15,ORY,1450422331
UVVCRSRX,code,L,70004228,ST,2006-01-07T09:05,2006-01-07T11:20,BES,1450422331
UVVCRSRX,code,L,70004239,ST,2006-01-07T14:40,2006-01-07T15:50,ORY,1450422331
UVVCRSRX,code,L,70004238,ST,2006-01-07T16:35,2006-01-07T17:50,BES,1450422331
UVVCRSRX,code,L,70004237,ST,2006-01-07T20:20,2006-01-07T22:15,ORY,1450422331
IUDKHZOB,code,L,70004228,ST,2006-01-07T09:05,2006-01-07T11:20,BES,1450422331
IUDKHZOB,code,L,70004239,ST,2006-01-07T14:40,2006-01-07T15:50,ORY,1450422331
IUDKHZOB,code,L,70004238,ST,2006-01-07T16:35,2006-01-07T17:50,BES,1450422331
IUDKHZOB,code,L,70004237,ST,2006-01-07T20:20,2006-01-07T22:15,ORY,1450422331
MMKPRSWO,code,L,70004228,ST,2006-01-07T09:05,2006-01-07T11:20,BES,1450422331
MMKPRSWO,code,L,70004239,ST,2006-01-07T14:40,2006-01-07T15:50,ORY,1450422331
MMKPRSWO,code,L,70004238,ST,2006-01-07T16:35,2006-01-07T17:50,BES,1450422331
MMKPRSWO,code,L,70004237,ST,2006-01-07T20:20,2006-01-07T22:15,ORY,1450422331
LUVUDMKH,code,L,70004200,CP,2006-01-07T09:05,2006-01-07T11:15,MLH,472931517
LUVUDMKH,code,L,70004197,CP,2006-01-07T12:10,2006-01-07T13:10,ORY,472931517
LUVUDMKH,code,L,70004202,CP,2006-01-07T13:55,2006-01-07T15:05,MLH,472931517
LUVUDMKH,code,L,70004203,CP,2006-01-07T18:45,2006-01-07T20:30,ORY,472931517
DDPRUTLE,code,L,70004200,FO,2006-01-07T09:05,2006-01-07T11:15,MLH,472931517
DDPRUTLE,code,L,70004197,FO,2006-01-07T12:10,2006-01-07T13:10,ORY,472931517
DDPRUTLE,code,L,70004202,FO,2006-01-07T13:55,2006-01-07T15:05,MLH,472931517
DDPRUTLE,code,L,70004203,FO,2006-01-07T18:45,2006-01-07T20:30,ORY,472931517
DVWWZTVI,code,L,70004200,CSD,2006-01-07T09:05,2006-01-07T11:15,MLH,472931517
DVWWZTVI,code,L,70004197,CSD,2006-01-07T12:10,2006-01-07T13:10,ORY,472931517
DVWWZTVI,code,L,70004202,CSD,2006-01-07T13:55,2006-01-07T15:05,MLH,472931517
DVWWZTVI,code,L,70004203,CSD,2006-01-07T18:45,2006-01-07T20:30,ORY,472931517
VQPSMWFG,code,L,70004200,CSD,2006-01-07T09:05,2006-01-07T11:15,MLH,472931517
VQPSMWFG,code,L,70004197,CSD,2006-01-07T12:10,2006-01-07T13:10,ORY,472931517
VQPSMWFG,code,L,70004202,CSD,2006-01-07T13:55,2006-01-07T15:05,MLH,472931517
VQPSMWFG,code,L,70004203,CSD,2006-01-07T18:45,2006-01-07T20:30,ORY,472931517
KUWOCRSS,code,L,70004200,ST,2006-01-07T09:05,2006-01-07T11:15,MLH,472931517
KUWOCRSS,code,L,70004197,ST,2006-01-07T12:10,2006-01-07T13:10,ORY,472931517
KUWOCRSS,code,L,70004202,ST,2006-01-07T13:55,2006-01-07T15:05,MLH,472931517
KUWOCRSS,code,L,70004203,ST,2006-01-07T18:45,2006-01-07T20:30,ORY,472931517
SAXCUPZT,code,L,70004200,ST,2006-01-07T09:05,2006-01-07T11:15,MLH,472931517
SAXCUPZT,code,L,70004197,ST,2006-01-07T12:10,2006-01-07T13:10,ORY,472931517
SAXCUPZT,code,L,70004202,ST,2006-01-07T13:55,2006-01-07T15:05,MLH,472931517
SAXCUPZT,code,L,70004203,ST,2006-01-07T18:45,2006-01-07T20:30,ORY,472931517
WGFYHZAH,code,L,70004200,ST,2006-01-07T09:05,2006-01-07T11:15,MLH,472931517
WGFYHZAH,code,L,70004197,ST,2006-01-07T12:10,2006-01-07T13:10,ORY,472931517
WGFYHZAH,code,L,70004202,ST,2006-01-07T13:55,2006-01-07T15:05,MLH,472931517
WGFYHZAH,code,L,70004203,ST,2006-01-07T18:45,2006-01-07T20:30,ORY,472931517
HYBRFYEJ,code,L,70004200,ST,2006-01-07T09:05,2006-01-07T11:15,MLH,472931517
HYBRFYEJ,code,L,70004197,ST,2006-01-07T12:10,2006-01-07T13:10,ORY,472931517
HYBRFYEJ,code,L,70004202,ST,2006-01-07T13:55,2006-01-07T15:05,MLH,472931517
HYBRFYEJ,code,L,70004203,ST,2006-01-07T18:45,2006-01-07T20:30,ORY,472931517
TEWYUZBY,code,L,70004200,ST,2006-01-07T09:05,2006-01-07T11:15,MLH,472931517
TEWYUZBY,code,L,70004197,ST,2006-01-07T12:10,2006-01-07T13:10,ORY,472931517
TEWYUZBY,code,L,70004202,ST,2006-01-07T13:55,2006-01-07T15:05,MLH,472931517
TEWYUZBY,code,L,70004203,ST,2006-01-07T18:45,2006-01-07T20:30,ORY,472931517
MSWKSWQT,code,L,70004200,ST,2006-01-07T09:05,2006-01-07T11:15,MLH,472931517
MSWKSWQT,code,L,70004197,ST,2006-01-07T12:10,2006-01-07T13:10,ORY,472931517
MSWKSWQT,code,L,70004202,ST,2006-01-07T13:55,2006-01-07T15:05,MLH,472931517
MSWKSWQT,code,L,70004203,ST,2006-01-07T18:45,2006-01-07T20:30,ORY,472931517
LPWJFJJC,code,L,70004320,CP,2006-01-07T09:10,2006-01-07T11:30,PUF,1321446349
LPWJFJJC,code,L,70004317,CP,2006-01-07T12:05,2006-01-07T13:20,ORY,1321446349
LPWJFJJC,code,L,70004322,CP,2006-01-07T14:10,2006-01-07T15:30,PUF,1321446349
LPWJFJJC,code,L,70004319,CP,2006-01-07T16:20,2006-01-07T17:35,ORY,1321446349
LPWJFJJC,code,L,70004324,CP,2006-01-07T18:30,2006-01-07T19:50,PUF,1321446349
LPWJFJJC,code,L,70004321,CP,2006-01-07T20:25,2006-01-07T22:25,ORY,1321446349
NPLVBNUI,code,L,70004320,FO,2006-01-07T09:10,2006-01-07T11:30,PUF,1321446349
NPLVBNUI,code,L,70004317,FO,2006-01-07T12:05,2006-01-07T13:20,ORY,1321446349
NPLVBNUI,code,L,70004322,FO,2006-01-07T14:10,2006-01-07T15:30,PUF,1321446349
NPLVBNUI,code,L,70004319,FO,2006-01-07T16:20,2006-01-07T17:35,ORY,1321446349
NPLVBNUI,code,L,70004324,FO,2006-01-07T18:30,2006-01-07T19:50,PUF,1321446349
NPLVBNUI,code,L,70004321,FO,2006-01-07T20:25,2006-01-07T22:25,ORY,1321446349
JOSIDQNS,code,L,70004320,CSD,2006-01-07T09:10,2006-01-07T11:30,PUF,1321446349
JOSIDQNS,code,L,70004317,CSD,2006-01-07T12:05,2006-01-07T13:20,ORY,1321446349
JOSIDQNS,code,L,70004322,CSD,2006-01-07T14:10,2006-01-07T15:30,PUF,1321446349
JOSIDQNS,code,L,70004319,CSD,2006-01-07T16:20,2006-01-07T17:35,ORY,1321446349
JOSIDQNS,code,L,70004324,CSD,2006-01-07T18:30,2006-01-07T19:50,PUF,1321446349
JOSIDQNS,code,L,70004321,CSD,2006-01-07T20:25,2006-01-07T22:25,ORY,1321446349
SLPLMKGE,code,L,70004320,CSD,2006-01-07T09:10,2006-01-07T11:30,PUF,1321446349
SLPLMKGE,code,L,70004317,CSD,2006-01-07T12:05,2006-01-07T13:20,ORY,1321446349
SLPLMKGE,code,L,70004322,CSD,2006-01-07T14:10,2006-01-07T15:30,PUF,1321446349
SLPLMKGE,code,L,70004319,CSD,2006-01-07T16:20,2006-01-07T17:35,ORY,1321446349
SLPLMKGE,code,L,70004324,CSD,2006-01-07T18:30,2006-01-07T19:50,PUF,1321446349
SLPLMKGE,code,L,70004321,CSD,2006-01-07T20:25,2006-01-07T22:25,ORY,1321446349
MRVUVMGC,code,L,70004320,ST,2006-01-07T09:10,2006-01-07T11:30,PUF,1321446349
MRVUVMGC,code,L,70004317,ST,2006-01-07T12:05,2006-01-07T13:20,ORY,1321446349
MRVUVMGC,code,L,70004322,ST,2006-01-07T14:10,2006-01-07T15:30,PUF,1321446349
MRVUVMGC,code,L,70004319,ST,2006-01-07T16:20,2006-01-07T17:35,ORY,1321446349
MRVUVMGC,code,L,70004324,ST,2006-01-07T18:30,2006-01-07T19:50,PUF,1321446349
MRVUVMGC,code,L,70004321,ST,2006-01-07T20:25,2006-01-07T22:25,ORY,1321446349
FHCGFSBT,code,L,70004320,ST,2006-01-07T09:10,2006-01-07T11:30,PUF,1321446349
FHCGFSBT,code,L,70004317,ST,2006-01-07T12:05,2006-01-07T13:20,ORY,1321446349
FHCGFSBT,code,L,70004322,ST,2006-01-07T14:10,2006-01-07T15:30,PUF,1321446349
FHCGFSBT,code,L,70004319,ST,2006-01-07T16:20,2006-01-07T17:35,ORY,1321446349
FHCGFSBT,code,L,70004324,ST,2006-01-07T18:30,2006-01-07T19:50,PUF,1321446349
FHCGFSBT,code,L,70004321,ST,2006-01-07T20:25,2006-01-07T22:25,ORY,1321446349
KRFQRVHY,code,L,70004320,ST,2006-01-07T09:10,2006-01-07T11:30,PUF,1321446349
KRFQRVHY,code,L,70004317,ST,2006-01-07T12:05,2006-01-07T13:20,ORY,1321446349
KRFQRVHY,code,L,70004322,ST,2006-01-07T14:10,2006-01-07T15:30,PUF,1321446349
KRFQRVHY,code,L,70004319,ST,2006-01-07T16:20,2006-01-07T17:35,ORY,1321446349
KRFQRVHY,code,L,70004324,ST,2006-01-07T18:30,2006-01-07T19:50,PUF,1321446349
KRFQRVHY,code,L,70004321,ST,2006-01-07T20:25,2006-01-07T22:25,ORY,1321446349
ECBEZBVF,code,L,70004320,ST,2006-01-07T09:10,2006-01-07T11:30,PUF,1321446349
ECBEZBVF,code,L,70004317,ST,2006-01-07T12:05,2006-01-07T13:20,ORY,1321446349
ECBEZBVF,code,L,70004322,ST,2006-01-07T14:10,2006-01-07T15:30,PUF,1321446349
ECBEZBVF,code,L,70004319,ST,2006-01-07T16:20,2006-01-07T17:35,ORY,1321446349
ECBEZBVF,code,L,70004324,ST,2006-01-07T18:30,2006-01-07T19:50,PUF,1321446349
ECBEZBVF,code,L,70004321,ST,2006-01-07T20:25,2006-01-07T22:25,ORY,1321446349
XKTJIPLK,code,L,70004320,ST,2006-01-07T09:10,2006-01-07T11:30,PUF,1321446349
XKTJIPLK,code,L,70004317,ST,2006-01-07T12:05,2006-01-07T13:20,ORY,1321446349
XKTJIPLK,code,L,70004322,ST,2006-01-07T14:10,2006-01-07T15:30,PUF,1321446349
XKTJIPLK,code,L,70004319,ST,2006-01-07T16:20,2006-01-07T17:35,ORY,1321446349
XKTJIPLK,code,L,70004324,ST,2006-01-07T18:30,2006-01-07T19:50,PUF,1321446349
XKTJIPLK,code,L,70004321,ST,2006-01-07T20:25,2006-01-07T22:25,ORY,1321446349
MSZEEVEB,code,L,70004320,ST,2006-01-07T09:10,2006-01-07T11:30,PUF,1321446349
MSZEEVEB,code,L,70004317,ST,2006-01-07T12:05,2006-01-07T13:20,ORY,1321446349
MSZEEVEB,code,L,70004322,ST,2006-01-07T14:10,2006-01-07T15:30,PUF,1321446349
MSZEEVEB,code,L,70004319,ST,2006-01-07T16:20,2006-01-07T17:35,ORY,1321446349
MSZEEVEB,code,L,70004324,ST,2006-01-07T18:30,2006-01-07T19:50,PUF,1321446349
MSZEEVEB,code,L,70004321,ST,2006-01-07T20:25,2006-01-07T22:25,ORY,1321446349
OYHSEKQG,code,L,70004725,CP,2006-01-07T09:10,2006-01-07T11:25,NTE,1056745520
OYHSEKQG,code,L,70004705,CP,2006-01-07T15:00,2006-01-07T16:05,LYS,1056745520
OYHSEKQG,code,L,70004706,CP,2006-01-07T16:55,2006-01-07T17:55,TLS,1056745520
OYHSEKQG,code,L,70004730,CP,2006-01-07T18:45,2006-01-07T20:45,LYS,1056745520
IKCHLSEM,code,L,70004725,FO,2006-01-07T09:10,2006-01-07T11:25,NTE,1056745520
IKCHLSEM,code,L,70004705,FO,2006-01-07T15:00,2006-01-07T16:05,LYS,1056745520
IKCHLSEM,code,L,70004706,FO,2006-01-07T16:55,2006-01-07T17:55,TLS,1056745520
IKCHLSEM,code,L,70004730,FO,2006-01-07T18:45,2006-01-07T20:45,LYS,1056745520
ISPOSBOU,code,L,70004725,CSD,2006-01-07T09:10,2006-01-07T11:25,NTE,1056745520
ISPOSBOU,code,L,70004705,CSD,2006-01-07T15:00,2006-01-07T16:05,LYS,1056745520
ISPOSBOU,code,L,70004706,CSD,2006-01-07T16:55,2006-01-07T17:55,TLS,1056745520
ISPOSBOU,code,L,70004730,CSD,2006-01-07T18:45,2006-01-07T20:45,LYS,1056745520
QNWEJXQF,code,L,70004725,CSD,2006-01-07T09:10,2006-01-07T11:25,NTE,1056745520
QNWEJXQF,code,L,70004705,CSD,2006-01-07T15:00,2006-01-07T16:05,LYS,1056745520
QNWEJXQF,code,L,70004706,CSD,2006-01-07T16:55,2006-01-07T17:55,TLS,1056745520
QNWEJXQF,code,L,70004730,CSD,2006-01-07T18:45,2006-01-07T20:45,LYS,1056745520
KBMNQBLI,code,L,70004725,ST,2006-01-07T09:10,2006-01-07T11:25,NTE,1056745520
KBMNQBLI,code,L,70004705,ST,2006-01-07T15:00,2006-01-07T16:05,LYS,1056745520
KBMNQBLI,code,L,70004706,ST,2006-01-07T16:55,2006-01-07T17:55,TLS,1056745520
KBMNQBLI,code,L,70004730,ST,2006-01-07T18:45,2006-01-07T20:45,LYS,1056745520
BEWJXGSF,code,L,70004725,ST,2006-01-07T09:10,2006-01-07T11:25,NTE,1056745520
BEWJXGSF,code,L,70004705,ST,2006-01-07T15:00,2006-01-07T16:05,LYS,1056745520
BEWJXGSF,code,L,70004706,ST,2006-01-07T16:55,2006-01-07T17:55,TLS,1056745520
BEWJXGSF,code,L,70004730,ST,2006-01-07T18:45,2006-01-07T20:45,LYS,1056745520
FLSUHNYN,code,L,70004725,ST,2006-01-07T09:10,2006-01-07T11:25,NTE,1056745520
FLSUHNYN,code,L,70004705,ST,2006-01-07T15:00,2006-01-07T16:05,LYS,1056745520
FLSUHNYN,code,L,70004706,ST,2006-01-07T16:55,2006-01-07T17:55,TLS,1056745520
FLSUHNYN,code,L,70004730,ST,2006-01-07T18:45,2006-01-07T20:45,LYS,1056745520
ZWIXPGTT,code,L,70004725,ST,2006-01-07T09:10,2006-01-07T11:25,NTE,1056745520
ZWIXPGTT,code,L,70004705,ST,2006-01-07T15:00,2006-01-07T16:05,LYS,1056745520
ZWIXPGTT,code,L,70004706,ST,2006-01-07T16:55,2006-01-07T17:55,TLS,1056745520
ZWIXPGTT,code,L,70004730,ST,2006-01-07T18:45,2006-01-07T20:45,LYS,1056745520
WEGGOQMB,code,L,70004725,ST,2006-01-07T09:10,2006-01-07T11:25,NTE,1056745520
WEGGOQMB,code,L,70004705,ST,2006-01-07T15:00,2006-01-07T16:05,LYS,1056745520
WEGGOQMB,code,L,70004706,ST,2006-01-07T16:55,2006-01-07T17:55,TLS,1056745520
WEGGOQMB,code,L,70004730,ST,2006-01-07T18:45,2006-01-07T20:45,LYS,1056745520
EWQOJUVE,code,L,70004725,ST,2006-01-07T09:10,2006-01-07T11:25,NTE,1056745520
EWQOJUVE,code,L,70004705,ST,2006-01-07T15:00,2006-01-07T16:05,LYS,1056745520
EWQOJUVE,code,L,70004706,ST,2006-01-07T16:55,2006-01-07T17:55,TLS,1056745520
EWQOJUVE,code,L,70004730,ST,2006-01-07T18:45,2006-01-07T20:45,LYS,1056745520
GFNSQPQI,code,L,70002886,CP,2006-01-07T09:30,2006-01-07T11:50,MRS,1485403625
GFNSQPQI,code,L,70002919,CP,2006-01-07T12:35,2006-01-07T13:50,ORY,1485403625
GFNSQPQI,code,L,70002896,CP,2006-01-07T14:30,2006-01-07T15:50,MRS,1485403625
GFNSQPQI,code,L,70002899,CP,2006-01-07T16:35,2006-01-07T18:35,ORY,1485403625
KVXAMZEE,code,L,70002886,FO,2006-01-07T09:30,2006-01-07T11:50,MRS,1485403625
KVXAMZEE,code,L,70002919,FO,2006-01-07T12:35,2006-01-07T13:50,ORY,1485403625
KVXAMZEE,code,L,70002896,FO,2006-01-07T14:30,2006-01-07T15:50,MRS,1485403625
KVXAMZEE,code,L,70002899,FO,2006-01-07T16:35,2006-01-07T18:35,ORY,1485403625
LWZYVPQB,code,L,70002886,CSD,2006-01-07T09:30,2006-01-07T11:50,MRS,1485403625
LWZYVPQB,code,L,70002919,CSD,2006-01-07T12:35,2006-01-07T13:50,ORY,1485403625
LWZYVPQB,code,L,70002896,CSD,2006-01-07T14:30,2006-01-07T15:50,MRS,1485403625
LWZYVPQB,code,L,70002899,CSD,2006-01-07T16:35,2006-01-07T18:35,ORY,1485403625
CGGTXOBM,code,L,70002886,CSD,2006-01-07T09:30,2006-01-07T11:50,MRS,1485403625
CGGTXOBM,code,L,70002919,CSD,2006-01-07T12:35,2006-01-07T13:50,ORY,1485403625
CGGTXOBM,code,L,70002896,CSD,2006-01-07T14:30,2006-01-07T15:50,MRS,1485403625
CGGTXOBM,code,L,70002899,CSD,2006-01-07T16:35,2006-01-07T18:35,ORY,1485403625
DJOPUNMG,code,L,70002886,ST,2006-01-07T09:30,2006-01-07T11:50,MRS,1485403625
DJOPUNMG,code,L,70002919,ST,2006-01-07T12:35,2006-01-07T13:50,ORY,1485403625
DJOPUNMG,code,L,70002896,ST,2006-01-07T14:30,2006-01-07T15:50,MRS,1485403625
DJOPUNMG,code,L,70002899,ST,2006-01-07T16:35,2006-01-07T18:35,ORY,1485403625
NWQLBSBU,code,L,70002886,ST,2006-01-07T09:30,2006-01-07T11:50,MRS,1485403625
NWQLBSBU,code,L,70002919,ST,2006-01-07T12:35,2006-01-07T13:50,ORY,1485403625
NWQLBSBU,code,L,70002896,ST,2006-01-07T14:30,2006-01-07T15:50,MRS,1485403625
NWQLBSBU,code,L,70002899,ST,2006-01-07T16:35,2006-01-07T18:35,ORY,1485403625
CMVSOUHT,code,L,70002886,ST,2006-01-07T09:30,2006-01-07T11:50,MRS,1485403625
CMVSOUHT,code,L,70002919,ST,2006-01-07T12:35,2006-01-07T13:50,ORY,1485403625
CMVSOUHT,code,L,70002896,ST,2006-01-07T14:30,2006-01-07T15:50,MRS,1485403625
CMVSOUHT,code,L,70002899,ST,2006-01-07T16:35,2006-01-07T18:35,ORY,1485403625
IKGSXZHS,code,L,70002886,ST,2006-01-07T09:30,2006-01-07T11:50,MRS,1485403625
IKGSXZHS,code,L,70002919,ST,2006-01-07T12:35,2006-01-07T13:50,ORY,1485403625
IKGSXZHS,code,L,70002896,ST,2006-01-07T14:30,2006-01-07T15:50,MRS,1485403625
IKGSXZHS,code,L,70002899,ST,2006-01-07T16:35,2006-01-07T18:35,ORY,1485403625
MUQWEIDY,code,L,70002886,ST,2006-01-07T09:30,2006-01-07T11:50,MRS,1485403625
MUQWEIDY,code,L,70002919,ST,2006-01-07T12:35,2006-01-07T13:50,ORY,1485403625
MUQWEIDY,code,L,70002896,ST,2006-01-07T14:30,2006-01-07T15:50,MRS,1485403625
MUQWEIDY,code,L,70002899,ST,2006-01-07T16:35,2006-01-07T18:35,ORY,1485403625
TEAMKYJU,code,L,70002886,ST,2006-01-07T09:30,2006-01-07T11:50,MRS,1485403625
TEAMKYJU,code,L,70002919,ST,2006-01-07T12:35,2006-01-07T13:50,ORY,1485403625
TEAMKYJU,code,L,70002896,ST,2006-01-07T14:30,2006-01-07T15:50,MRS,1485403625
TEAMKYJU,code,L,70002899,ST,2006-01-07T16:35,2006-01-07T18:35,ORY,1485403625
FZJSAMQP,code,L,70004624,CP,2006-01-07T09:30,2006-01-07T11:40,SXB,147048153
FZJSAMQP,code,L,70004627,CP,2006-01-07T13:10,2006-01-07T14:20,CDG,147048153
FZJSAMQP,code,L,70004628,CP,2006-01-07T15:15,2006-01-07T16:25,SXB,147048153
FZJSAMQP,code,L,70004631,CP,2006-01-07T17:45,2006-01-07T19:35,CDG,147048153
YBDSJXCJ,code,L,70004624,FO,2006-01-07T09:30,2006-01-07T11:40,SXB,147048153
YBDSJXCJ,code,L,70004627,FO,2006-01-07T13:10,2006-01-07T14:20,CDG,147048153
YBDSJXCJ,code,L,70004628,FO,2006-01-07T15:15,2006-01-07T16:25,SXB,147048153
YBDSJXCJ,code,L,70004631,FO,2006-01-07T17:45,2006-01-07T19:35,CDG,147048153
FSBGAWHT,code,L,70004624,CS,2006-01-07T09:30,2006-01-07T11:40,SXB,147048153
FSBGAWHT,code,L,70004627,CS,2006-01-07T13:10,2006-01-07T14:20,CDG,147048153
FSBGAWHT,code,L,70004628,CS,2006-01-07T15:15,2006-01-07T16:25,SXB,147048153
FSBGAWHT,code,L,70004631,CS,2006-01-07T17:45,2006-01-07T19:35,CDG,147048153
BZZCSEWL,code,L,70004624,ST,2006-01-07T09:30,2006-01-07T11:40,SXB,147048153
BZZCSEWL,code,L,70004627,ST,2006-01-07T13:10,2006-01-07T14:20,CDG,147048153
BZZCSEWL,code,L,70004628,ST,2006-01-07T15:15,2006-01-07T16:25,SXB,147048153
BZZCSEWL,code,L,70004631,ST,2006-01-07T17:45,2006-01-07T19:35,CDG,147048153
EJFVZETO,code,L,70004624,ST,2006-01-07T09:30,2006-01-07T11:40,SXB,147048153
EJFVZETO,code,L,70004627,ST,2006-01-07T13:10,2006-01-07T14:20,CDG,147048153
EJFVZETO,code,L,70004628,ST,2006-01-07T15:15,2006-01-07T16:25,SXB,147048153
EJFVZETO,code,L,70004631,ST,2006-01-07T17:45,2006-01-07T19:35,CDG,147048153
LIBXPDGC,code,L,70003097,CP,2006-01-07T09:35,2006-01-07T11:55,ORY,29236707
LIBXPDGC,code,L,70003086,CP,2006-01-07T12:35,2006-01-07T14:00,NCE,29236707
LIBXPDGC,code,L,70003127,CP,2006-01-07T15:10,2006-01-07T16:15,ORY,29236707
LIBXPDGC,code,L,70003134,CP,2006-01-07T17:05,2006-01-07T19:00,BOD,29236707
EHSQBGAC,code,L,70003097,FO,2006-01-07T09:35,2006-01-07T11:55,ORY,29236707
EHSQBGAC,code,L,70003086,FO,2006-01-07T12:35,2006-01-07T14:00,NCE,29236707
EHSQBGAC,code,L,70003127,FO,2006-01-07T15:10,2006-01-07T16:15,ORY,29236707
EHSQBGAC,code,L,70003134,FO,2006-01-07T17:05,2006-01-07T19:00,BOD,29236707
SDUNJMVE,code,L,70003097,CSD,2006-01-07T09:35,2006-01-07T11:55,ORY,29236707
SDUNJMVE,code,L,70003086,CSD,2006-01-07T12:35,2006-01-07T14:00,NCE,29236707
SDUNJMVE,code,L,70003127,CSD,2006-01-07T15:10,2006-01-07T16:15,ORY,29236707
SDUNJMVE,code,L,70003134,CSD,2006-01-07T17:05,2006-01-07T19:00,BOD,29236707
YMPLOHTP,code,L,70003097,CSD,2006-01-07T09:35,2006-01-07T11:55,ORY,29236707
YMPLOHTP,code,L,70003086,CSD,2006-01-07T12:35,2006-01-07T14:00,NCE,29236707
YMPLOHTP,code,L,70003127,CSD,2006-01-07T15:10,2006-01-07T16:15,ORY,29236707
YMPLOHTP,code,L,70003134,CSD,2006-01-07T17:05,2006-01-07T19:00,BOD,29236707
OIFFDEIG,code,L,70003097,ST,2006-01-07T09:35,2006-01-07T11:55,ORY,29236707
OIFFDEIG,code,L,70003086,ST,2006-01-07T12:35,2006-01-07T14:00,NCE,29236707
OIFFDEIG,code,L,70003127,ST,2006-01-07T15:10,2006-01-07T16:15,ORY,29236707
OIFFDEIG,code,L,70003134,ST,2006-01-07T17:05,2006-01-07T19:00,BOD,29236707
PTOEAUAE,code,L,70003097,ST,2006-01-07T09:35,2006-01-07T11:55,ORY,29236707
PTOEAUAE,code,L,70003086,ST,2006-01-07T12:35,2006-01-07T14:00,NCE,29236707
PTOEAUAE,code,L,70003127,ST,2006-01-07T15:10,2006-01-07T16:15,ORY,29236707
PTOEAUAE,code,L,70003134,ST,2006-01-07T17:05,2006-01-07T19:00,BOD,29236707
NLHVEHIJ,code,L,70003097,ST,2006-01-07T09:35,2006-01-07T11:55,ORY,29236707
NLHVEHIJ,code,L,70003086,ST,2006-01-07T12:35,2006-01-07T14:00,NCE,29236707
NLHVEHIJ,code,L,70003127,ST,2006-01-07T15:10,2006-01-07T16:15,ORY,29236707
NLHVEHIJ,code,L,70003134,ST,2006-01-07T17:05,2006-01-07T19:00,BOD,29236707
SFIRHFNB,code,L,70003097,ST,2006-01-07T09:35,2006-01-07T11:55,ORY,29236707
SFIRHFNB,code,L,70003086,ST,2006-01-07T12:35,2006-01-07T14:00,NCE,29236707
SFIRHFNB,code,L,70003127,ST,2006-01-07T15:10,2006-01-07T16:15,ORY,29236707
SFIRHFNB,code,L,70003134,ST,2006-01-07T17:05,2006-01-07T19:00,BOD,29236707
SOFLEBOT,code,L,70003097,ST,2006-01-07T09:35,2006-01-07T11:55,ORY,29236707
SOFLEBOT,code,L,70003086,ST,2006-01-07T12:35,2006-01-07T14:00,NCE,29236707
SOFLEBOT,code,L,70003127,ST,2006-01-07T15:10,2006-01-07T16:15,ORY,29236707
SOFLEBOT,code,L,70003134,ST,2006-01-07T17:05,2006-01-07T19:00,BOD,29236707
HUCWJEGL,code,L,70003097,ST,2006-01-07T09:35,2006-01-07T11:55,ORY,29236707
HUCWJEGL,code,L,70003086,ST,2006-01-07T12:35,2006-01-07T14:00,NCE,29236707
HUCWJEGL,code,L,70003127,ST,2006-01-07T15:10,2006-01-07T16:15,ORY,29236707
HUCWJEGL,code,L,70003134,ST,2006-01-07T17:05,2006-01-07T19:00,BOD,29236707
KJZCDEUT,code,L,70002982,CP,2006-01-07T09:40,2006-01-07T12:00,TLS,461272858
KJZCDEUT,code,L,70002985,CP,2006-01-07T12:50,2006-01-07T14:00,ORY,461272858
KJZCDEUT,code,L,70002992,CP,2006-01-07T14:40,2006-01-07T16:00,TLS,461272858
KJZCDEUT,code,L,70002999,CP,2006-01-07T16:50,2006-01-07T18:45,ORY,461272858
ZQTQIIZR,code,L,70002982,FO,2006-01-07T09:40,2006-01-07T12:00,TLS,461272858
ZQTQIIZR,code,L,70002985,FO,2006-01-07T12:50,2006-01-07T14:00,ORY,461272858
ZQTQIIZR,code,L,70002992,FO,2006-01-07T14:40,2006-01-07T16:00,TLS,461272858
ZQTQIIZR,code,L,70002999,FO,2006-01-07T16:50,2006-01-07T18:45,ORY,461272858
SLNTKENB,code,L,70002982,CSD,2006-01-07T09:40,2006-01-07T12:00,TLS,461272858
SLNTKENB,code,L,70002985,CSD,2006-01-07T12:50,2006-01-07T14:00,ORY,461272858
SLNTKENB,code,L,70002992,CSD,2006-01-07T14:40,2006-01-07T16:00,TLS,461272858
SLNTKENB,code,L,70002999,CSD,2006-01-07T16:50,2006-01-07T18:45,ORY,461272858
GAUQKPTH,code,L,70002982,CSD,2006-01-07T09:40,2006-01-07T12:00,TLS,461272858
GAUQKPTH,code,L,70002985,CSD,2006-01-07T12:50,2006-01-07T14:00,ORY,461272858
GAUQKPTH,code,L,70002992,CSD,2006-01-07T14:40,2006-01-07T16:00,TLS,461272858
GAUQKPTH,code,L,70002999,CSD,2006-01-07T16:50,2006-01-07T18:45,ORY,461272858
XPGXPYBS,code,L,70002982,ST,2006-01-07T09:40,2006-01-07T12:00,TLS,461272858
XPGXPYBS,code,L,70002985,ST,2006-01-07T12:50,2006-01-07T14:00,ORY,461272858
XPGXPYBS,code,L,70002992,ST,2006-01-07T14:40,2006-01-07T16:00,TLS,461272858
XPGXPYBS,code,L,70002999,ST,2006-01-07T16:50,2006-01-07T18:45,ORY,461272858
FUIWLGMF,code,L,70002982,ST,2006-01-07T09:40,2006-01-07T12:00,TLS,461272858
FUIWLGMF,code,L,70002985,ST,2006-01-07T12:50,2006-01-07T14:00,ORY,461272858
FUIWLGMF,code,L,70002992,ST,2006-01-07T14:40,2006-01-07T16:00,TLS,461272858
FUIWLGMF,code,L,70002999,ST,2006-01-07T16:50,2006-01-07T18:45,ORY,461272858
WBQBUHAA,code,L,70002982,ST,2006-01-07T09:40,2006-01-07T12:00,TLS,461272858
WBQBUHAA,code,L,70002985,ST,2006-01-07T12:50,2006-01-07T14:00,ORY,461272858
WBQBUHAA,code,L,70002992,ST,2006-01-07T14:40,2006-01-07T16:00,TLS,461272858
WBQBUHAA,code,L,70002999,ST,2006-01-07T16:50,2006-01-07T18:45,ORY,461272858
KDFUXZXY,code,L,70002982,ST,2006-01-07T09:40,2006-01-07T12:00,TLS,461272858
KDFUXZXY,code,L,70002985,ST,2006-01-07T12:50,2006-01-07T14:00,ORY,461272858
KDFUXZXY,code,L,70002992,ST,2006-01-07T14:40,2006-01-07T16:00,TLS,461272858
KDFUXZXY,code,L,70002999,ST,2006-01-07T16:50,2006-01-07T18:45,ORY,461272858
AVBNGLST,code,L,70002982,ST,2006-01-07T09:40,2006-01-07T12:00,TLS,461272858
AVBNGLST,code,L,70002985,ST,2006-01-07T12:50,2006-01-07T14:00,ORY,461272858
AVBNGLST,code,L,70002992,ST,2006-01-07T14:40,2006-01-07T16:00,TLS,461272858
AVBNGLST,code,L,70002999,ST,2006-01-07T16:50,2006-01-07T18:45,ORY,461272858
EKALGYBH,code,L,70002982,ST,2006-01-07T09:40,2006-01-07T12:00,TLS,461272858
EKALGYBH,code,L,70002985,ST,2006-01-07T12:50,2006-01-07T14:00,ORY,461272858
EKALGYBH,code,L,70002992,ST,2006-01-07T14:40,2006-01-07T16:00,TLS,461272858
EKALGYBH,code,L,70002999,ST,2006-01-07T16:50,2006-01-07T18:45,ORY,461272858
ONYEEOPO,code,L,70002981,CP,2006-01-07T09:50,2006-01-07T12:00,ORY,100621466
ONYEEOPO,code,L,70002986,CP,2006-01-07T12:40,2006-01-07T14:00,TLS,100621466
ONYEEOPO,code,L,70002991,CP,2006-01-07T14:50,2006-01-07T16:00,ORY,100621466
ONYEEOPO,code,L,70003000,CP,2006-01-07T16:40,2006-01-07T18:45,TLS,100621466
QKZKSVJJ,code,L,70002981,FO,2006-01-07T09:50,2006-01-07T12:00,ORY,100621466
QKZKSVJJ,code,L,70002986,FO,2006-01-07T12:40,2006-01-07T14:00,TLS,100621466
QKZKSVJJ,code,L,70002991,FO,2006-01-07T14:50,2006-01-07T16:00,ORY,100621466
QKZKSVJJ,code,L,70003000,FO,2006-01-07T16:40,2006-01-07T18:45,TLS,100621466
EENUZAWT,code,L,70002981,CSD,2006-01-07T09:50,2006-01-07T12:00,ORY,100621466
EENUZAWT,code,L,70002986,CSD,2006-01-07T12:40,2006-01-07T14:00,TLS,100621466
EENUZAWT,code,L,70002991,CSD,2006-01-07T14:50,2006-01-07T16:00,ORY,100621466
EENUZAWT,code,L,70003000,CSD,2006-01-07T16:40,2006-01-07T18:45,TLS,100621466
RBFXQCLP,code,L,70002981,CSD,2006-01-07T09:50,2006-01-07T12:00,ORY,100621466
RBFXQCLP,code,L,70002986,CSD,2006-01-07T12:40,2006-01-07T14:00,TLS,100621466
RBFXQCLP,code,L,70002991,CSD,2006-01-07T14:50,2006-01-07T16:00,ORY,100621466
RBFXQCLP,code,L,70003000,CSD,2006-01-07T16:40,2006-01-07T18:45,TLS,100621466
OYQMRVGU,code,L,70002981,ST,2006-01-07T09:50,2006-01-07T12:00,ORY,100621466
OYQMRVGU,code,L,70002986,ST,2006-01-07T12:40,2006-01-07T14:00,TLS,100621466
OYQMRVGU,code,L,70002991,ST,2006-01-07T14:50,2006-01-07T16:00,ORY,100621466
OYQMRVGU,code,L,70003000,ST,2006-01-07T16:40,2006-01-07T18:45,TLS,100621466
WVUIAMYV,code,L,70002981,ST,2006-01-07T09:50,2006-01-07T12:00,ORY,100621466
WVUIAMYV,code,L,70002986,ST,2006-01-07T12:40,2006-01-07T14:00,TLS,100621466
WVUIAMYV,code,L,70002991,ST,2006-01-07T14:50,2006-01-07T16:00,ORY,100621466
WVUIAMYV,code,L,70003000,ST,2006-01-07T16:40,2006-01-07T18:45,TLS,100621466
TJGMWMIF,code,L,70002981,ST,2006-01-07T09:50,2006-01-07T12:00,ORY,100621466
TJGMWMIF,code,L,70002986,ST,2006-01-07T12:40,2006-01-07T14:00,TLS,100621466
TJGMWMIF,code,L,70002991,ST,2006-01-07T14:50,2006-01-07T16:00,ORY,100621466
TJGMWMIF,code,L,70003000,ST,2006-01-07T16:40,2006-01-07T18:45,TLS,100621466
QHTFXRJK,code,L,70002981,ST,2006-01-07T09:50,2006-01-07T12:00,ORY,100621466
QHTFXRJK,code,L,70002986,ST,2006-01-07T12:40,2006-01-07T14:00,TLS,100621466
QHTFXRJK,code,L,70002991,ST,2006-01-07T14:50,2006-01-07T16:00,ORY,100621466
QHTFXRJK,code,L,70003000,ST,2006-01-07T16:40,2006-01-07T18:45,TLS,100621466
MMAAWLMV,code,L,70002981,ST,2006-01-07T09:50,2006-01-07T12:00,ORY,100621466
MMAAWLMV,code,L,70002986,ST,2006-01-07T12:40,2006-01-07T14:00,TLS,100621466
MMAAWLMV,code,L,70002991,ST,2006-01-07T14:50,2006-01-07T16:00,ORY,100621466
MMAAWLMV,code,L,70003000,ST,2006-01-07T16:40,2006-01-07T18:45,TLS,100621466
TNAPRKCA,code,L,70002981,ST,2006-01-07T09:50,2006-01-07T12:00,ORY,100621466
TNAPRKCA,code,L,70002986,ST,2006-01-07T12:40,2006-01-07T14:00,TLS,100621466
TNAPRKCA,code,L,70002991,ST,2006-01-07T14:50,2006-01-07T16:00,ORY,100621466
TNAPRKCA,code,L,70003000,ST,2006-01-07T16:40,2006-01-07T18:45,TLS,100621466
GSURGGAK,code,L,70004516,CP,2006-01-07T09:55,2006-01-07T12:05,LYS,830250430
GSURGGAK,code,L,70004509,CP,2006-01-07T13:10,2006-01-07T14:20,CDG,830250430
GSURGGAK,code,L,70004510,CP,2006-01-07T16:15,2006-01-07T17:25,LYS,830250430
GSURGGAK,code,L,70004513,CP,2006-01-07T20:30,2006-01-07T22:25,CDG,830250430
JGOLRGJE,code,L,70004516,FO,2006-01-07T09:55,2006-01-07T12:05,LYS,830250430
JGOLRGJE,code,L,70004509,FO,2006-01-07T13:10,2006-01-07T14:20,CDG,830250430
JGOLRGJE,code,L,70004510,FO,2006-01-07T16:15,2006-01-07T17:25,LYS,830250430
JGOLRGJE,code,L,70004513,FO,2006-01-07T20:30,2006-01-07T22:25,CDG,830250430
HRXTVUIZ,code,L,70004516,CSD,2006-01-07T09:55,2006-01-07T12:05,LYS,830250430
HRXTVUIZ,code,L,70004509,CSD,2006-01-07T13:10,2006-01-07T14:20,CDG,830250430
HRXTVUIZ,code,L,70004510,CSD,2006-01-07T16:15,2006-01-07T17:25,LYS,830250430
HRXTVUIZ,code,L,70004513,CSD,2006-01-07T20:30,2006-01-07T22:25,CDG,830250430
WBASTJXU,code,L,70004516,CSD,2006-01-07T09:55,2006-01-07T12:05,LYS,830250430
WBASTJXU,code,L,70004509,CSD,2006-01-07T13:10,2006-01-07T14:20,CDG,830250430
WBASTJXU,code,L,70004510,CSD,2006-01-07T16:15,2006-01-07T17:25,LYS,830250430
WBASTJXU,code,L,70004513,CSD,2006-01-07T20:30,2006-01-07T22:25,CDG,830250430
SGHVFAFU,code,L,70004516,ST,2006-01-07T09:55,2006-01-07T12:05,LYS,830250430
SGHVFAFU,code,L,70004509,ST,2006-01-07T13:10,2006-01-07T14:20,CDG,830250430
SGHVFAFU,code,L,70004510,ST,2006-01-07T16:15,2006-01-07T17:25,LYS,830250430
SGHVFAFU,code,L,70004513,ST,2006-01-07T20:30,2006-01-07T22:25,CDG,830250430
GNZRQLXB,code,L,70004516,ST,2006-01-07T09:55,2006-01-07T12:05,LYS,830250430
GNZRQLXB,code,L,70004509,ST,2006-01-07T13:10,2006-01-07T14:20,CDG,830250430
GNZRQLXB,code,L,70004510,ST,2006-01-07T16:15,2006-01-07T17:25,LYS,830250430
GNZRQLXB,code,L,70004513,ST,2006-01-07T20:30,2006-01-07T22:25,CDG,830250430
BHKXODEP,code,L,70004516,ST,2006-01-07T09:55,2006-01-07T12:05,LYS,830250430
BHKXODEP,code,L,70004509,ST,2006-01-07T13:10,2006-01-07T14:20,CDG,830250430
BHKXODEP,code,L,70004510,ST,2006-01-07T16:15,2006-01-07T17:25,LYS,830250430
BHKXODEP,code,L,70004513,ST,2006-01-07T20:30,2006-01-07T22:25,CDG,830250430
HPOTNWAX,code,L,70004516,ST,2006-01-07T09:55,2006-01-07T12:05,LYS,830250430
HPOTNWAX,code,L,70004509,ST,2006-01-07T13:10,2006-01-07T14:20,CDG,830250430
HPOTNWAX,code,L,70004510,ST,2006-01-07T16:15,2006-01-07T17:25,LYS,830250430
HPOTNWAX,code,L,70004513,ST,2006-01-07T20:30,2006-01-07T22:25,CDG,830250430
ALGYEIYO,code,L,70004516,ST,2006-01-07T09:55,2006-01-07T12:05,LYS,830250430
ALGYEIYO,code,L,70004509,ST,2006-01-07T13:10,2006-01-07T14:20,CDG,830250430
ALGYEIYO,code,L,70004510,ST,2006-01-07T16:15,2006-01-07T17:25,LYS,830250430
ALGYEIYO,code,L,70004513,ST,2006-01-07T20:30,2006-01-07T22:25,CDG,830250430
KIPNUXVU,code,L,70004516,ST,2006-01-07T09:55,2006-01-07T12:05,LYS,830250430
KIPNUXVU,code,L,70004509,ST,2006-01-07T13:10,2006-01-07T14:20,CDG,830250430
KIPNUXVU,code,L,70004510,ST,2006-01-07T16:15,2006-01-07T17:25,LYS,830250430
KIPNUXVU,code,L,70004513,ST,2006-01-07T20:30,2006-01-07T22:25,CDG,830250430
LTAZUMGX,code,L,70003075,CP,2006-01-07T10:00,2006-01-07T12:20,ORY,217468053
LTAZUMGX,code,L,70003080,CP,2006-01-07T13:05,2006-01-07T14:30,NCE,217468053
LTAZUMGX,code,L,70003083,CP,2006-01-07T15:00,2006-01-07T16:20,ORY,217468053
LTAZUMGX,code,L,70003090,CP,2006-01-07T17:05,2006-01-07T19:15,NCE,217468053
XCWMMPBJ,code,L,70003075,FO,2006-01-07T10:00,2006-01-07T12:20,ORY,217468053
XCWMMPBJ,code,L,70003080,FO,2006-01-07T13:05,2006-01-07T14:30,NCE,217468053
XCWMMPBJ,code,L,70003083,FO,2006-01-07T15:00,2006-01-07T16:20,ORY,217468053
XCWMMPBJ,code,L,70003090,FO,2006-01-07T17:05,2006-01-07T19:15,NCE,217468053
PPYJNTPB,code,L,70003075,CSD,2006-01-07T10:00,2006-01-07T12:20,ORY,217468053
PPYJNTPB,code,L,70003080,CSD,2006-01-07T13:05,2006-01-07T14:30,NCE,217468053
PPYJNTPB,code,L,70003083,CSD,2006-01-07T15:00,2006-01-07T16:20,ORY,217468053
PPYJNTPB,code,L,70003090,CSD,2006-01-07T17:05,2006-01-07T19:15,NCE,217468053
PIZWNIVX,code,L,70003075,CSD,2006-01-07T10:00,2006-01-07T12:20,ORY,217468053
PIZWNIVX,code,L,70003080,CSD,2006-01-07T13:05,2006-01-07T14:30,NCE,217468053
PIZWNIVX,code,L,70003083,CSD,2006-01-07T15:00,2006-01-07T16:20,ORY,217468053
PIZWNIVX,code,L,70003090,CSD,2006-01-07T17:05,2006-01-07T19:15,NCE,217468053
ACPHPUUG,code,L,70003075,ST,2006-01-07T10:00,2006-01-07T12:20,ORY,217468053
ACPHPUUG,code,L,70003080,ST,2006-01-07T13:05,2006-01-07T14:30,NCE,217468053
ACPHPUUG,code,L,70003083,ST,2006-01-07T15:00,2006-01-07T16:20,ORY,217468053
ACPHPUUG,code,L,70003090,ST,2006-01-07T17:05,2006-01-07T19:15,NCE,217468053
OVULHLXP,code,L,70003075,ST,2006-01-07T10:00,2006-01-07T12:20,ORY,217468053
OVULHLXP,code,L,70003080,ST,2006-01-07T13:05,2006-01-07T14:30,NCE,217468053
OVULHLXP,code,L,70003083,ST,2006-01-07T15:00,2006-01-07T16:20,ORY,217468053
OVULHLXP,code,L,70003090,ST,2006-01-07T17:05,2006-01-07T19:15,NCE,217468053
FAWXYNJG,code,L,70003075,ST,2006-01-07T10:00,2006-01-07T12:20,ORY,217468053
FAWXYNJG,code,L,70003080,ST,2006-01-07T13:05,2006-01-07T14:30,NCE,217468053
FAWXYNJG,code,L,70003083,ST,2006-01-07T15:00,2006-01-07T16:20,ORY,217468053
FAWXYNJG,code,L,70003090,ST,2006-01-07T17:05,2006-01-07T19:15,NCE,217468053
EPSJRCYN,code,L,70003075,ST,2006-01-07T10:00,2006-01-07T12:20,ORY,217468053
EPSJRCYN,code,L,70003080,ST,2006-01-07T13:05,2006-01-07T14:30,NCE,217468053
EPSJRCYN,code,L,70003083,ST,2006-01-07T15:00,2006-01-07T16:20,ORY,217468053
EPSJRCYN,code,L,70003090,ST,2006-01-07T17:05,2006-01-07T19:15,NCE,217468053
OELOPJVV,code,L,70003075,ST,2006-01-07T10:00,2006-01-07T12:20,ORY,217468053
OELOPJVV,code,L,70003080,ST,2006-01-07T13:05,2006-01-07T14:30,NCE,217468053
OELOPJVV,code,L,70003083,ST,2006-01-07T15:00,2006-01-07T16:20,ORY,217468053
OELOPJVV,code,L,70003090,ST,2006-01-07T17:05,2006-01-07T19:15,NCE,217468053
WCGVPFNA,code,L,70003075,ST,2006-01-07T10:00,2006-01-07T12:20,ORY,217468053
WCGVPFNA,code,L,70003080,ST,2006-01-07T13:05,2006-01-07T14:30,NCE,217468053
WCGVPFNA,code,L,70003083,ST,2006-01-07T15:00,2006-01-07T16:20,ORY,217468053
WCGVPFNA,code,L,70003090,ST,2006-01-07T17:05,2006-01-07T19:15,NCE,217468053
LMOQRQGZ,code,L,70001378,CP,2006-01-07T10:00,2006-01-07T12:35,BIA,759101347
LMOQRQGZ,code,L,70001375,CP,2006-01-07T13:25,2006-01-07T15:00,ORY,759101347
LMOQRQGZ,code,L,70001380,CP,2006-01-07T15:50,2006-01-07T17:25,BIA,759101347
LMOQRQGZ,code,L,70001377,CP,2006-01-07T19:00,2006-01-07T21:20,ORY,759101347
KAVYJEAF,code,L,70001378,FO,2006-01-07T10:00,2006-01-07T12:35,BIA,759101347
KAVYJEAF,code,L,70001375,FO,2006-01-07T13:25,2006-01-07T15:00,ORY,759101347
KAVYJEAF,code,L,70001380,FO,2006-01-07T15:50,2006-01-07T17:25,BIA,759101347
KAVYJEAF,code,L,70001377,FO,2006-01-07T19:00,2006-01-07T21:20,ORY,759101347
MEPATYTZ,code,L,70001378,CSD,2006-01-07T10:00,2006-01-07T12:35,BIA,759101347
MEPATYTZ,code,L,70001375,CSD,2006-01-07T13:25,2006-01-07T15:00,ORY,759101347
MEPATYTZ,code,L,70001380,CSD,2006-01-07T15:50,2006-01-07T17:25,BIA,759101347
MEPATYTZ,code,L,70001377,CSD,2006-01-07T19:00,2006-01-07T21:20,ORY,759101347
AWGRTFCQ,code,L,70001378,CSD,2006-01-07T10:00,2006-01-07T12:35,BIA,759101347
AWGRTFCQ,code,L,70001375,CSD,2006-01-07T13:25,2006-01-07T15:00,ORY,759101347
AWGRTFCQ,code,L,70001380,CSD,2006-01-07T15:50,2006-01-07T17:25,BIA,759101347
AWGRTFCQ,code,L,70001377,CSD,2006-01-07T19:00,2006-01-07T21:20,ORY,759101347
MQCXKMYM,code,L,70001378,ST,2006-01-07T10:00,2006-01-07T12:35,BIA,759101347
MQCXKMYM,code,L,70001375,ST,2006-01-07T13:25,2006-01-07T15:00,ORY,759101347
MQCXKMYM,code,L,70001380,ST,2006-01-07T15:50,2006-01-07T17:25,BIA,759101347
MQCXKMYM,code,L,70001377,ST,2006-01-07T19:00,2006-01-07T21:20,ORY,759101347
SGPQROTQ,code,L,70001378,ST,2006-01-07T10:00,2006-01-07T12:35,BIA,759101347
SGPQROTQ,code,L,70001375,ST,2006-01-07T13:25,2006-01-07T15:00,ORY,759101347
SGPQROTQ,code,L,70001380,ST,2006-01-07T15:50,2006-01-07T17:25,BIA,759101347
SGPQROTQ,code,L,70001377,ST,2006-01-07T19:00,2006-01-07T21:20,ORY,759101347
SFWBGQLU,code,L,70001378,ST,2006-01-07T10:00,2006-01-07T12:35,BIA,759101347
SFWBGQLU,code,L,70001375,ST,2006-01-07T13:25,2006-01-07T15:00,ORY,759101347
SFWBGQLU,code,L,70001380,ST,2006-01-07T15:50,2006-01-07T17:25,BIA,759101347
SFWBGQLU,code,L,70001377,ST,2006-01-07T19:00,2006-01-07T21:20,ORY,759101347
XMMZFZDP,code,L,70001378,ST,2006-01-07T10:00,2006-01-07T12:35,BIA,759101347
XMMZFZDP,code,L,70001375,ST,2006-01-07T13:25,2006-01-07T15:00,ORY,759101347
XMMZFZDP,code,L,70001380,ST,2006-01-07T15:50,2006-01-07T17:25,BIA,759101347
XMMZFZDP,code,L,70001377,ST,2006-01-07T19:00,2006-01-07T21:20,ORY,759101347
HHBICAOA,code,L,70001378,ST,2006-01-07T10:00,2006-01-07T12:35,BIA,759101347
HHBICAOA,code,L,70001375,ST,2006-01-07T13:25,2006-01-07T15:00,ORY,759101347
HHBICAOA,code,L,70001380,ST,2006-01-07T15:50,2006-01-07T17:25,BIA,759101347
HHBICAOA,code,L,70001377,ST,2006-01-07T19:00,2006-01-07T21:20,ORY,759101347
EXXDZOTI,code,L,70001378,ST,2006-01-07T10:00,2006-01-07T12:35,BIA,759101347
EXXDZOTI,code,L,70001375,ST,2006-01-07T13:25,2006-01-07T15:00,ORY,759101347
EXXDZOTI,code,L,70001380,ST,2006-01-07T15:50,2006-01-07T17:25,BIA,759101347
EXXDZOTI,code,L,70001377,ST,2006-01-07T19:00,2006-01-07T21:20,ORY,759101347
ZIOHOQYO,code,L,70005125,CP,2006-01-07T10:00,2006-01-07T13:10,TLS,683093156
ZIOHOQYO,code,L,70005126,CP,2006-01-07T14:30,2006-01-07T16:25,AMS,683093156
ZIOHOQYO,code,L,70005127,CP,2006-01-07T17:05,2006-01-07T19:15,TLS,683093156
ZIOHOQYO,code,L,70005128,CP,2006-01-07T20:05,2006-01-07T22:45,AMS,683093156
PJTJXNFD,code,L,70005125,FO,2006-01-07T10:00,2006-01-07T13:10,TLS,683093156
PJTJXNFD,code,L,70005126,FO,2006-01-07T14:30,2006-01-07T16:25,AMS,683093156
PJTJXNFD,code,L,70005127,FO,2006-01-07T17:05,2006-01-07T19:15,TLS,683093156
PJTJXNFD,code,L,70005128,FO,2006-01-07T20:05,2006-01-07T22:45,AMS,683093156
QWEVLBHO,code,L,70005125,CSD,2006-01-07T10:00,2006-01-07T13:10,TLS,683093156
QWEVLBHO,code,L,70005126,CSD,2006-01-07T14:30,2006-01-07T16:25,AMS,683093156
QWEVLBHO,code,L,70005127,CSD,2006-01-07T17:05,2006-01-07T19:15,TLS,683093156
QWEVLBHO,code,L,70005128,CSD,2006-01-07T20:05,2006-01-07T22:45,AMS,683093156
UOMMQSWR,code,L,70005125,ST,2006-01-07T10:00,2006-01-07T13:10,TLS,683093156
UOMMQSWR,code,L,70005126,ST,2006-01-07T14:30,2006-01-07T16:25,AMS,683093156
UOMMQSWR,code,L,70005127,ST,2006-01-07T17:05,2006-01-07T19:15,TLS,683093156
UOMMQSWR,code,L,70005128,ST,2006-01-07T20:05,2006-01-07T22:45,AMS,683093156
BBBXWLSG,code,L,70005125,ST,2006-01-07T10:00,2006-01-07T13:10,TLS,683093156
BBBXWLSG,code,L,70005126,ST,2006-01-07T14:30,2006-01-07T16:25,AMS,683093156
BBBXWLSG,code,L,70005127,ST,2006-01-07T17:05,2006-01-07T19:15,TLS,683093156
BBBXWLSG,code,L,70005128,ST,2006-01-07T20:05,2006-01-07T22:45,AMS,683093156
NXSAXFLZ,code,L,70005165,CP,2006-01-07T10:25,2006-01-07T13:15,BOD,1827753950
NXSAXFLZ,code,L,70005093,CP,2006-01-07T14:00,2006-01-07T15:30,AMS,1827753950
NXSAXFLZ,code,L,70005094,CP,2006-01-07T16:40,2006-01-07T18:15,CFE,1827753950
NXSAXFLZ,code,L,70005166,CP,2006-01-07T19:00,2006-01-07T21:35,AMS,1827753950
UHUKUUGX,code,L,70005165,FO,2006-01-07T10:25,2006-01-07T13:15,BOD,1827753950
UHUKUUGX,code,L,70005093,FO,2006-01-07T14:00,2006-01-07T15:30,AMS,1827753950
UHUKUUGX,code,L,70005094,FO,2006-01-07T16:40,2006-01-07T18:15,CFE,1827753950
UHUKUUGX,code,L,70005166,FO,2006-01-07T19:00,2006-01-07T21:35,AMS,1827753950
UNEIDCKS,code,L,70005165,CSD,2006-01-07T10:25,2006-01-07T13:15,BOD,1827753950
UNEIDCKS,code,L,70005093,CSD,2006-01-07T14:00,2006-01-07T15:30,AMS,1827753950
UNEIDCKS,code,L,70005094,CSD,2006-01-07T16:40,2006-01-07T18:15,CFE,1827753950
UNEIDCKS,code,L,70005166,CSD,2006-01-07T19:00,2006-01-07T21:35,AMS,1827753950
LXXGJBMA,code,L,70005165,ST,2006-01-07T10:25,2006-01-07T13:15,BOD,1827753950
LXXGJBMA,code,L,70005093,ST,2006-01-07T14:00,2006-01-07T15:30,AMS,1827753950
LXXGJBMA,code,L,70005094,ST,2006-01-07T16:40,2006-01-07T18:15,CFE,1827753950
LXXGJBMA,code,L,70005166,ST,2006-01-07T19:00,2006-01-07T21:35,AMS,1827753950
IMQINMHX,code,L,70005165,ST,2006-01-07T10:25,2006-01-07T13:15,BOD,1827753950
IMQINMHX,code,L,70005093,ST,2006-01-07T14:00,2006-01-07T15:30,AMS,1827753950
IMQINMHX,code,L,70005094,ST,2006-01-07T16:40,2006-01-07T18:15,CFE,1827753950
IMQINMHX,code,L,70005166,ST,2006-01-07T19:00,2006-01-07T21:35,AMS,1827753950
TQYBWKVM,code,L,70003111,CP,2006-01-07T10:30,2006-01-07T12:50,ORY,345545550
TQYBWKVM,code,L,70003112,CP,2006-01-07T13:35,2006-01-07T15:00,NCE,345545550
TQYBWKVM,code,L,70004365,CP,2006-01-07T15:35,2006-01-07T16:55,ORY,345545550
TQYBWKVM,code,L,70004368,CP,2006-01-07T17:35,2006-01-07T19:45,TLN,345545550
BFUVQNED,code,L,70003111,FO,2006-01-07T10:30,2006-01-07T12:50,ORY,345545550
BFUVQNED,code,L,70003112,FO,2006-01-07T13:35,2006-01-07T15:00,NCE,345545550
BFUVQNED,code,L,70004365,FO,2006-01-07T15:35,2006-01-07T16:55,ORY,345545550
BFUVQNED,code,L,70004368,FO,2006-01-07T17:35,2006-01-07T19:45,TLN,345545550
HKGFIXIS,code,L,70003111,CSD,2006-01-07T10:30,2006-01-07T12:50,ORY,345545550
HKGFIXIS,code,L,70003112,CSD,2006-01-07T13:35,2006-01-07T15:00,NCE,345545550
HKGFIXIS,code,L,70004365,CSD,2006-01-07T15:35,2006-01-07T16:55,ORY,345545550
HKGFIXIS,code,L,70004368,CSD,2006-01-07T17:35,2006-01-07T19:45,TLN,345545550
HPIXJFRD,code,L,70003111,CSD,2006-01-07T10:30,2006-01-07T12:50,ORY,345545550
HPIXJFRD,code,L,70003112,CSD,2006-01-07T13:35,2006-01-07T15:00,NCE,345545550
HPIXJFRD,code,L,70004365,CSD,2006-01-07T15:35,2006-01-07T16:55,ORY,345545550
HPIXJFRD,code,L,70004368,CSD,2006-01-07T17:35,2006-01-07T19:45,TLN,345545550
KGGUEACQ,code,L,70003111,ST,2006-01-07T10:30,2006-01-07T12:50,ORY,345545550
KGGUEACQ,code,L,70003112,ST,2006-01-07T13:35,2006-01-07T15:00,NCE,345545550
KGGUEACQ,code,L,70004365,ST,2006-01-07T15:35,2006-01-07T16:55,ORY,345545550
KGGUEACQ,code,L,70004368,ST,2006-01-07T17:35,2006-01-07T19:45,TLN,345545550
QRDAJDBG,code,L,70003111,ST,2006-01-07T10:30,2006-01-07T12:50,ORY,345545550
QRDAJDBG,code,L,70003112,ST,2006-01-07T13:35,2006-01-07T15:00,NCE,345545550
QRDAJDBG,code,L,70004365,ST,2006-01-07T15:35,2006-01-07T16:55,ORY,345545550
QRDAJDBG,code,L,70004368,ST,2006-01-07T17:35,2006-01-07T19:45,TLN,345545550
AJQJBRCJ,code,L,70003111,ST,2006-01-07T10:30,2006-01-07T12:50,ORY,345545550
AJQJBRCJ,code,L,70003112,ST,2006-01-07T13:35,2006-01-07T15:00,NCE,345545550
AJQJBRCJ,code,L,70004365,ST,2006-01-07T15:35,2006-01-07T16:55,ORY,345545550
AJQJBRCJ,code,L,70004368,ST,2006-01-07T17:35,2006-01-07T19:45,TLN,345545550
PPDQSGEG,code,L,70003111,ST,2006-01-07T10:30,2006-01-07T12:50,ORY,345545550
PPDQSGEG,code,L,70003112,ST,2006-01-07T13:35,2006-01-07T15:00,NCE,345545550
PPDQSGEG,code,L,70004365,ST,2006-01-07T15:35,2006-01-07T16:55,ORY,345545550
PPDQSGEG,code,L,70004368,ST,2006-01-07T17:35,2006-01-07T19:45,TLN,345545550
TECWJJFE,code,L,70003111,ST,2006-01-07T10:30,2006-01-07T12:50,ORY,345545550
TECWJJFE,code,L,70003112,ST,2006-01-07T13:35,2006-01-07T15:00,NCE,345545550
TECWJJFE,code,L,70004365,ST,2006-01-07T15:35,2006-01-07T16:55,ORY,345545550
TECWJJFE,code,L,70004368,ST,2006-01-07T17:35,2006-01-07T19:45,TLN,345545550
JISZCDIT,code,L,70003111,ST,2006-01-07T10:30,2006-01-07T12:50,ORY,345545550
JISZCDIT,code,L,70003112,ST,2006-01-07T13:35,2006-01-07T15:00,NCE,345545550
JISZCDIT,code,L,70004365,ST,2006-01-07T15:35,2006-01-07T16:55,ORY,345545550
JISZCDIT,code,L,70004368,ST,2006-01-07T17:35,2006-01-07T19:45,TLN,345545550
FOLKWJZE,code,L,70002888,CP,2006-01-07T10:30,2006-01-07T12:50,MRS,2052955920
FOLKWJZE,code,L,70002889,CP,2006-01-07T13:35,2006-01-07T14:50,ORY,2052955920
FOLKWJZE,code,L,70002900,CP,2006-01-07T15:30,2006-01-07T16:50,MRS,2052955920
FOLKWJZE,code,L,70002903,CP,2006-01-07T17:35,2006-01-07T19:35,ORY,2052955920
UPMMQUJE,code,L,70002888,FO,2006-01-07T10:30,2006-01-07T12:50,MRS,2052955920
UPMMQUJE,code,L,70002889,FO,2006-01-07T13:35,2006-01-07T14:50,ORY,2052955920
UPMMQUJE,code,L,70002900,FO,2006-01-07T15:30,2006-01-07T16:50,MRS,2052955920
UPMMQUJE,code,L,70002903,FO,2006-01-07T17:35,2006-01-07T19:35,ORY,2052955920
XCEEFDRI,code,L,70002888,CSD,2006-01-07T10:30,2006-01-07T12:50,MRS,2052955920
XCEEFDRI,code,L,70002889,CSD,2006-01-07T13:35,2006-01-07T14:50,ORY,2052955920
XCEEFDRI,code,L,70002900,CSD,2006-01-07T15:30,2006-01-07T16:50,MRS,2052955920
XCEEFDRI,code,L,70002903,CSD,2006-01-07T17:35,2006-01-07T19:35,ORY,2052955920
OMYLNJTF,code,L,70002888,CSD,2006-01-07T10:30,2006-01-07T12:50,MRS,2052955920
OMYLNJTF,code,L,70002889,CSD,2006-01-07T13:35,2006-01-07T14:50,ORY,2052955920
OMYLNJTF,code,L,70002900,CSD,2006-01-07T15:30,2006-01-07T16:50,MRS,2052955920
OMYLNJTF,code,L,70002903,CSD,2006-01-07T17:35,2006-01-07T19:35,ORY,2052955920
QRSFYBIW,code,L,70002888,ST,2006-01-07T10:30,2006-01-07T12:50,MRS,2052955920
QRSFYBIW,code,L,70002889,ST,2006-01-07T13:35,2006-01-07T14:50,ORY,2052955920
QRSFYBIW,code,L,70002900,ST,2006-01-07T15:30,2006-01-07T16:50,MRS,2052955920
QRSFYBIW,code,L,70002903,ST,2006-01-07T17:35,2006-01-07T19:35,ORY,2052955920
KRZILAOH,code,L,70002888,ST,2006-01-07T10:30,2006-01-07T12:50,MRS,2052955920
KRZILAOH,code,L,70002889,ST,2006-01-07T13:35,2006-01-07T14:50,ORY,2052955920
KRZILAOH,code,L,70002900,ST,2006-01-07T15:30,2006-01-07T16:50,MRS,2052955920
KRZILAOH,code,L,70002903,ST,2006-01-07T17:35,2006-01-07T19:35,ORY,2052955920
JONZGUOH,code,L,70002888,ST,2006-01-07T10:30,2006-01-07T12:50,MRS,2052955920
JONZGUOH,code,L,70002889,ST,2006-01-07T13:35,2006-01-07T14:50,ORY,2052955920
JONZGUOH,code,L,70002900,ST,2006-01-07T15:30,2006-01-07T16:50,MRS,2052955920
JONZGUOH,code,L,70002903,ST,2006-01-07T17:35,2006-01-07T19:35,ORY,2052955920
DZZDOMKY,code,L,70002888,ST,2006-01-07T10:30,2006-01-07T12:50,MRS,2052955920
DZZDOMKY,code,L,70002889,ST,2006-01-07T13:35,2006-01-07T14:50,ORY,2052955920
DZZDOMKY,code,L,70002900,ST,2006-01-07T15:30,2006-01-07T16:50,MRS,2052955920
DZZDOMKY,code,L,70002903,ST,2006-01-07T17:35,2006-01-07T19:35,ORY,2052955920
FXCEVZLJ,code,L,70002888,ST,2006-01-07T10:30,2006-01-07T12:50,MRS,2052955920
FXCEVZLJ,code,L,70002889,ST,2006-01-07T13:35,2006-01-07T14:50,ORY,2052955920
FXCEVZLJ,code,L,70002900,ST,2006-01-07T15:30,2006-01-07T16:50,MRS,2052955920
FXCEVZLJ,code,L,70002903,ST,2006-01-07T17:35,2006-01-07T19:35,ORY,2052955920
FNUNVGUL,code,L,70002888,ST,2006-01-07T10:30,2006-01-07T12:50,MRS,2052955920
FNUNVGUL,code,L,70002889,ST,2006-01-07T13:35,2006-01-07T14:50,ORY,2052955920
FNUNVGUL,code,L,70002900,ST,2006-01-07T15:30,2006-01-07T16:50,MRS,2052955920
FNUNVGUL,code,L,70002903,ST,2006-01-07T17:35,2006-01-07T19:35,ORY,2052955920
WGEOPPCS,code,L,70004527,CP,2006-01-07T10:35,2006-01-07T13:00,CDG,2134161410
WGEOPPCS,code,L,70004530,CP,2006-01-07T15:20,2006-01-07T16:50,MRS,2134161410
WGEOPPCS,code,L,70004531,CP,2006-01-07T17:35,2006-01-07T19:00,CDG,2134161410
WGEOPPCS,code,L,70004534,CP,2006-01-07T19:45,2006-01-07T22:00,MRS,2134161410
EAHJQCHH,code,L,70004527,FO,2006-01-07T10:35,2006-01-07T13:00,CDG,2134161410
EAHJQCHH,code,L,70004530,FO,2006-01-07T15:20,2006-01-07T16:50,MRS,2134161410
EAHJQCHH,code,L,70004531,FO,2006-01-07T17:35,2006-01-07T19:00,CDG,2134161410
EAHJQCHH,code,L,70004534,FO,2006-01-07T19:45,2006-01-07T22:00,MRS,2134161410
BXWRUGFL,code,L,70004527,CSD,2006-01-07T10:35,2006-01-07T13:00,CDG,2134161410
BXWRUGFL,code,L,70004530,CSD,2006-01-07T15:20,2006-01-07T16:50,MRS,2134161410
BXWRUGFL,code,L,70004531,CSD,2006-01-07T17:35,2006-01-07T19:00,CDG,2134161410
BXWRUGFL,code,L,70004534,CSD,2006-01-07T19:45,2006-01-07T22:00,MRS,2134161410
APTDUDDR,code,L,70004527,CSD,2006-01-07T10:35,2006-01-07T13:00,CDG,2134161410
APTDUDDR,code,L,70004530,CSD,2006-01-07T15:20,2006-01-07T16:50,MRS,2134161410
APTDUDDR,code,L,70004531,CSD,2006-01-07T17:35,2006-01-07T19:00,CDG,2134161410
APTDUDDR,code,L,70004534,CSD,2006-01-07T19:45,2006-01-07T22:00,MRS,2134161410
WBILOKVC,code,L,70004527,ST,2006-01-07T10:35,2006-01-07T13:00,CDG,2134161410
WBILOKVC,code,L,70004530,ST,2006-01-07T15:20,2006-01-07T16:50,MRS,2134161410
WBILOKVC,code,L,70004531,ST,2006-01-07T17:35,2006-01-07T19:00,CDG,2134161410
WBILOKVC,code,L,70004534,ST,2006-01-07T19:45,2006-01-07T22:00,MRS,2134161410
CVFCRMRQ,code,L,70004527,ST,2006-01-07T10:35,2006-01-07T13:00,CDG,2134161410
CVFCRMRQ,code,L,70004530,ST,2006-01-07T15:20,2006-01-07T16:50,MRS,2134161410
CVFCRMRQ,code,L,70004531,ST,2006-01-07T17:35,2006-01-07T19:00,CDG,2134161410
CVFCRMRQ,code,L,70004534,ST,2006-01-07T19:45,2006-01-07T22:00,MRS,2134161410
BDBBZPXK,code,L,70004527,ST,2006-01-07T10:35,2006-01-07T13:00,CDG,2134161410
BDBBZPXK,code,L,70004530,ST,2006-01-07T15:20,2006-01-07T16:50,MRS,2134161410
BDBBZPXK,code,L,70004531,ST,2006-01-07T17:35,2006-01-07T19:00,CDG,2134161410
BDBBZPXK,code,L,70004534,ST,2006-01-07T19:45,2006-01-07T22:00,MRS,2134161410
PYWVFWNU,code,L,70004527,ST,2006-01-07T10:35,2006-01-07T13:00,CDG,2134161410
PYWVFWNU,code,L,70004530,ST,2006-01-07T15:20,2006-01-07T16:50,MRS,2134161410
PYWVFWNU,code,L,70004531,ST,2006-01-07T17:35,2006-01-07T19:00,CDG,2134161410
PYWVFWNU,code,L,70004534,ST,2006-01-07T19:45,2006-01-07T22:00,MRS,2134161410
LYRWPFKJ,code,L,70004527,ST,2006-01-07T10:35,2006-01-07T13:00,CDG,2134161410
LYRWPFKJ,code,L,70004530,ST,2006-01-07T15:20,2006-01-07T16:50,MRS,2134161410
LYRWPFKJ,code,L,70004531,ST,2006-01-07T17:35,2006-01-07T19:00,CDG,2134161410
LYRWPFKJ,code,L,70004534,ST,2006-01-07T19:45,2006-01-07T22:00,MRS,2134161410
WQXZRUOC,code,L,70004527,ST,2006-01-07T10:35,2006-01-07T13:00,CDG,2134161410
WQXZRUOC,code,L,70004530,ST,2006-01-07T15:20,2006-01-07T16:50,MRS,2134161410
WQXZRUOC,code,L,70004531,ST,2006-01-07T17:35,2006-01-07T19:00,CDG,2134161410
WQXZRUOC,code,L,70004534,ST,2006-01-07T19:45,2006-01-07T22:00,MRS,2134161410
HXNYMKKD,code,L,70004567,CP,2006-01-07T10:35,2006-01-07T13:10,CDG,1874672702
HXNYMKKD,code,L,70004568,CP,2006-01-07T13:55,2006-01-07T15:30,NCE,1874672702
HXNYMKKD,code,L,70004571,CP,2006-01-07T17:25,2006-01-07T19:00,CDG,1874672702
HXNYMKKD,code,L,70004572,CP,2006-01-07T19:50,2006-01-07T21:05,NCE,1874672702
ZIFXIRCL,code,L,70004567,FO,2006-01-07T10:35,2006-01-07T13:10,CDG,1874672702
ZIFXIRCL,code,L,70004568,FO,2006-01-07T13:55,2006-01-07T15:30,NCE,1874672702
ZIFXIRCL,code,L,70004571,FO,2006-01-07T17:25,2006-01-07T19:00,CDG,1874672702
ZIFXIRCL,code,L,70004572,FO,2006-01-07T19:50,2006-01-07T21:05,NCE,1874672702
FVFXHGAE,code,L,70004567,CSD,2006-01-07T10:35,2006-01-07T13:10,CDG,1874672702
FVFXHGAE,code,L,70004568,CSD,2006-01-07T13:55,2006-01-07T15:30,NCE,1874672702
FVFXHGAE,code,L,70004571,CSD,2006-01-07T17:25,2006-01-07T19:00,CDG,1874672702
FVFXHGAE,code,L,70004572,CSD,2006-01-07T19:50,2006-01-07T21:05,NCE,1874672702
FIMCDSSN,code,L,70004567,CSD,2006-01-07T10:35,2006-01-07T13:10,CDG,1874672702
FIMCDSSN,code,L,70004568,CSD,2006-01-07T13:55,2006-01-07T15:30,NCE,1874672702
FIMCDSSN,code,L,70004571,CSD,2006-01-07T17:25,2006-01-07T19:00,CDG,1874672702
FIMCDSSN,code,L,70004572,CSD,2006-01-07T19:50,2006-01-07T21:05,NCE,1874672702
UIOZXVBK,code,L,70004567,ST,2006-01-07T10:35,2006-01-07T13:10,CDG,1874672702
UIOZXVBK,code,L,70004568,ST,2006-01-07T13:55,2006-01-07T15:30,NCE,1874672702
UIOZXVBK,code,L,70004571,ST,2006-01-07T17:25,2006-01-07T19:00,CDG,1874672702
UIOZXVBK,code,L,70004572,ST,2006-01-07T19:50,2006-01-07T21:05,NCE,1874672702
NJTJBRDF,code,L,70004567,ST,2006-01-07T10:35,2006-01-07T13:10,CDG,1874672702
NJTJBRDF,code,L,70004568,ST,2006-01-07T13:55,2006-01-07T15:30,NCE,1874672702
NJTJBRDF,code,L,70004571,ST,2006-01-07T17:25,2006-01-07T19:00,CDG,1874672702
NJTJBRDF,code,L,70004572,ST,2006-01-07T19:50,2006-01-07T21:05,NCE,1874672702
NVPAWIPI,code,L,70004567,ST,2006-01-07T10:35,2006-01-07T13:10,CDG,1874672702
NVPAWIPI,code,L,70004568,ST,2006-01-07T13:55,2006-01-07T15:30,NCE,1874672702
NVPAWIPI,code,L,70004571,ST,2006-01-07T17:25,2006-01-07T19:00,CDG,1874672702
NVPAWIPI,code,L,70004572,ST,2006-01-07T19:50,2006-01-07T21:05,NCE,1874672702
ZQZUGRUQ,code,L,70004567,ST,2006-01-07T10:35,2006-01-07T13:10,CDG,1874672702
ZQZUGRUQ,code,L,70004568,ST,2006-01-07T13:55,2006-01-07T15:30,NCE,1874672702
ZQZUGRUQ,code,L,70004571,ST,2006-01-07T17:25,2006-01-07T19:00,CDG,1874672702
ZQZUGRUQ,code,L,70004572,ST,2006-01-07T19:50,2006-01-07T21:05,NCE,1874672702
BAPUYGTY,code,L,70004567,ST,2006-01-07T10:35,2006-01-07T13:10,CDG,1874672702
BAPUYGTY,code,L,70004568,ST,2006-01-07T13:55,2006-01-07T15:30,NCE,1874672702
BAPUYGTY,code,L,70004571,ST,2006-01-07T17:25,2006-01-07T19:00,CDG,1874672702
BAPUYGTY,code,L,70004572,ST,2006-01-07T19:50,2006-01-07T21:05,NCE,1874672702
OEEALDRL,code,L,70004567,ST,2006-01-07T10:35,2006-01-07T13:10,CDG,1874672702
OEEALDRL,code,L,70004568,ST,2006-01-07T13:55,2006-01-07T15:30,NCE,1874672702
OEEALDRL,code,L,70004571,ST,2006-01-07T17:25,2006-01-07T19:00,CDG,1874672702
OEEALDRL,code,L,70004572,ST,2006-01-07T19:50,2006-01-07T21:05,NCE,1874672702
RSJIAOCJ,code,L,70004648,CP,2006-01-07T10:55,2006-01-07T13:25,TLS,1539174560
RSJIAOCJ,code,L,70004649,CP,2006-01-07T15:00,2006-01-07T16:25,CDG,1539174560
RSJIAOCJ,code,L,70004652,CP,2006-01-07T17:15,2006-01-07T18:45,TLS,1539174560
RSJIAOCJ,code,L,70004655,CP,2006-01-07T19:25,2006-01-07T21:35,CDG,1539174560
XPLPZKTJ,code,L,70004648,FO,2006-01-07T10:55,2006-01-07T13:25,TLS,1539174560
XPLPZKTJ,code,L,70004649,FO,2006-01-07T15:00,2006-01-07T16:25,CDG,1539174560
XPLPZKTJ,code,L,70004652,FO,2006-01-07T17:15,2006-01-07T18:45,TLS,1539174560
XPLPZKTJ,code,L,70004655,FO,2006-01-07T19:25,2006-01-07T21:35,CDG,1539174560
QKXNCWNA,code,L,70004648,CSD,2006-01-07T10:55,2006-01-07T13:25,TLS,1539174560
QKXNCWNA,code,L,70004649,CSD,2006-01-07T15:00,2006-01-07T16:25,CDG,1539174560
QKXNCWNA,code,L,70004652,CSD,2006-01-07T17:15,2006-01-07T18:45,TLS,1539174560
QKXNCWNA,code,L,70004655,CSD,2006-01-07T19:25,2006-01-07T21:35,CDG,1539174560
KNFZXNVC,code,L,70004648,CSD,2006-01-07T10:55,2006-01-07T13:25,TLS,1539174560
KNFZXNVC,code,L,70004649,CSD,2006-01-07T15:00,2006-01-07T16:25,CDG,1539174560
KNFZXNVC,code,L,70004652,CSD,2006-01-07T17:15,2006-01-07T18:45,TLS,1539174560
KNFZXNVC,code,L,70004655,CSD,2006-01-07T19:25,2006-01-07T21:35,CDG,1539174560
AJBWSLGQ,code,L,70004648,ST,2006-01-07T10:55,2006-01-07T13:25,TLS,1539174560
AJBWSLGQ,code,L,70004649,ST,2006-01-07T15:00,2006-01-07T16:25,CDG,1539174560
AJBWSLGQ,code,L,70004652,ST,2006-01-07T17:15,2006-01-07T18:45,TLS,1539174560
AJBWSLGQ,code,L,70004655,ST,2006-01-07T19:25,2006-01-07T21:35,CDG,1539174560
QAGBKVCL,code,L,70004648,ST,2006-01-07T10:55,2006-01-07T13:25,TLS,1539174560
QAGBKVCL,code,L,70004649,ST,2006-01-07T15:00,2006-01-07T16:25,CDG,1539174560
QAGBKVCL,code,L,70004652,ST,2006-01-07T17:15,2006-01-07T18:45,TLS,1539174560
QAGBKVCL,code,L,70004655,ST,2006-01-07T19:25,2006-01-07T21:35,CDG,1539174560
UUEDLOMV,code,L,70004648,ST,2006-01-07T10:55,2006-01-07T13:25,TLS,1539174560
UUEDLOMV,code,L,70004649,ST,2006-01-07T15:00,2006-01-07T16:25,CDG,1539174560
UUEDLOMV,code,L,70004652,ST,2006-01-07T17:15,2006-01-07T18:45,TLS,1539174560
UUEDLOMV,code,L,70004655,ST,2006-01-07T19:25,2006-01-07T21:35,CDG,1539174560
DYZNJRSR,code,L,70004648,ST,2006-01-07T10:55,2006-01-07T13:25,TLS,1539174560
DYZNJRSR,code,L,70004649,ST,2006-01-07T15:00,2006-01-07T16:25,CDG,1539174560
DYZNJRSR,code,L,70004652,ST,2006-01-07T17:15,2006-01-07T18:45,TLS,1539174560
DYZNJRSR,code,L,70004655,ST,2006-01-07T19:25,2006-01-07T21:35,CDG,1539174560
WJGRCFYL,code,L,70004648,ST,2006-01-07T10:55,2006-01-07T13:25,TLS,1539174560
WJGRCFYL,code,L,70004649,ST,2006-01-07T15:00,2006-01-07T16:25,CDG,1539174560
WJGRCFYL,code,L,70004652,ST,2006-01-07T17:15,2006-01-07T18:45,TLS,1539174560
WJGRCFYL,code,L,70004655,ST,2006-01-07T19:25,2006-01-07T21:35,CDG,1539174560
TTVRVFPY,code,L,70004648,ST,2006-01-07T10:55,2006-01-07T13:25,TLS,1539174560
TTVRVFPY,code,L,70004649,ST,2006-01-07T15:00,2006-01-07T16:25,CDG,1539174560
TTVRVFPY,code,L,70004652,ST,2006-01-07T17:15,2006-01-07T18:45,TLS,1539174560
TTVRVFPY,code,L,70004655,ST,2006-01-07T19:25,2006-01-07T21:35,CDG,1539174560
OYLAYNHE,code,L,70004387,CP,2006-01-07T11:00,2006-01-07T13:20,ORY,1704637349
OYLAYNHE,code,L,70004388,CP,2006-01-07T14:05,2006-01-07T15:30,PGF,1704637349
OYLAYNHE,code,L,70004459,CP,2006-01-07T17:10,2006-01-07T18:45,ORY,1704637349
OYLAYNHE,code,L,70004454,CP,2006-01-07T19:35,2006-01-07T21:55,BIA,1704637349
SBMQYPLW,code,L,70004387,FO,2006-01-07T11:00,2006-01-07T13:20,ORY,1704637349
SBMQYPLW,code,L,70004388,FO,2006-01-07T14:05,2006-01-07T15:30,PGF,1704637349
SBMQYPLW,code,L,70004459,FO,2006-01-07T17:10,2006-01-07T18:45,ORY,1704637349
SBMQYPLW,code,L,70004454,FO,2006-01-07T19:35,2006-01-07T21:55,BIA,1704637349
KOTDKCIU,code,L,70004387,CSD,2006-01-07T11:00,2006-01-07T13:20,ORY,1704637349
KOTDKCIU,code,L,70004388,CSD,2006-01-07T14:05,2006-01-07T15:30,PGF,1704637349
KOTDKCIU,code,L,70004459,CSD,2006-01-07T17:10,2006-01-07T18:45,ORY,1704637349
KOTDKCIU,code,L,70004454,CSD,2006-01-07T19:35,2006-01-07T21:55,BIA,1704637349
TRMEVMYW,code,L,70004387,CSD,2006-01-07T11:00,2006-01-07T13:20,ORY,1704637349
TRMEVMYW,code,L,70004388,CSD,2006-01-07T14:05,2006-01-07T15:30,PGF,1704637349
TRMEVMYW,code,L,70004459,CSD,2006-01-07T17:10,2006-01-07T18:45,ORY,1704637349
TRMEVMYW,code,L,70004454,CSD,2006-01-07T19:35,2006-01-07T21:55,BIA,1704637349
FSUUOHQV,code,L,70004387,ST,2006-01-07T11:00,2006-01-07T13:20,ORY,1704637349
FSUUOHQV,code,L,70004388,ST,2006-01-07T14:05,2006-01-07T15:30,PGF,1704637349
FSUUOHQV,code,L,70004459,ST,2006-01-07T17:10,2006-01-07T18:45,ORY,1704637349
FSUUOHQV,code,L,70004454,ST,2006-01-07T19:35,2006-01-07T21:55,BIA,1704637349
NBTXODHO,code,L,70004387,ST,2006-01-07T11:00,2006-01-07T13:20,ORY,1704637349
NBTXODHO,code,L,70004388,ST,2006-01-07T14:05,2006-01-07T15:30,PGF,1704637349
NBTXODHO,code,L,70004459,ST,2006-01-07T17:10,2006-01-07T18:45,ORY,1704637349
NBTXODHO,code,L,70004454,ST,2006-01-07T19:35,2006-01-07T21:55,BIA,1704637349
EVFVTNVV,code,L,70004387,ST,2006-01-07T11:00,2006-01-07T13:20,ORY,1704637349
EVFVTNVV,code,L,70004388,ST,2006-01-07T14:05,2006-01-07T15:30,PGF,1704637349
EVFVTNVV,code,L,70004459,ST,2006-01-07T17:10,2006-01-07T18:45,ORY,1704637349
EVFVTNVV,code,L,70004454,ST,2006-01-07T19:35,2006-01-07T21:55,BIA,1704637349
IVGOVZDM,code,L,70004387,ST,2006-01-07T11:00,2006-01-07T13:20,ORY,1704637349
IVGOVZDM,code,L,70004388,ST,2006-01-07T14:05,2006-01-07T15:30,PGF,1704637349
IVGOVZDM,code,L,70004459,ST,2006-01-07T17:10,2006-01-07T18:45,ORY,1704637349
IVGOVZDM,code,L,70004454,ST,2006-01-07T19:35,2006-01-07T21:55,BIA,1704637349
MVHJLQIO,code,L,70004387,ST,2006-01-07T11:00,2006-01-07T13:20,ORY,1704637349
MVHJLQIO,code,L,70004388,ST,2006-01-07T14:05,2006-01-07T15:30,PGF,1704637349
MVHJLQIO,code,L,70004459,ST,2006-01-07T17:10,2006-01-07T18:45,ORY,1704637349
MVHJLQIO,code,L,70004454,ST,2006-01-07T19:35,2006-01-07T21:55,BIA,1704637349
WCSVPDIA,code,L,70004387,ST,2006-01-07T11:00,2006-01-07T13:20,ORY,1704637349
WCSVPDIA,code,L,70004388,ST,2006-01-07T14:05,2006-01-07T15:30,PGF,1704637349
WCSVPDIA,code,L,70004459,ST,2006-01-07T17:10,2006-01-07T18:45,ORY,1704637349
WCSVPDIA,code,L,70004454,ST,2006-01-07T19:35,2006-01-07T21:55,BIA,1704637349
KQVEJFIS,code,L,70004566,CP,2006-01-07T11:00,2006-01-07T13:35,NCE,1328157009
KQVEJFIS,code,L,70004569,CP,2006-01-07T14:40,2006-01-07T16:15,CDG,1328157009
KQVEJFIS,code,L,70003106,CP,2006-01-07T17:05,2006-01-07T18:30,NCE,1328157009
KQVEJFIS,code,L,70003071,CP,2006-01-07T19:20,2006-01-07T21:05,ORY,1328157009
MOMDOXFV,code,L,70004566,FO,2006-01-07T11:00,2006-01-07T13:35,NCE,1328157009
MOMDOXFV,code,L,70004569,FO,2006-01-07T14:40,2006-01-07T16:15,CDG,1328157009
MOMDOXFV,code,L,70003106,FO,2006-01-07T17:05,2006-01-07T18:30,NCE,1328157009
MOMDOXFV,code,L,70003071,FO,2006-01-07T19:20,2006-01-07T21:05,ORY,1328157009
ZEJPROBC,code,L,70004566,CSD,2006-01-07T11:00,2006-01-07T13:35,NCE,1328157009
ZEJPROBC,code,L,70004569,CSD,2006-01-07T14:40,2006-01-07T16:15,CDG,1328157009
ZEJPROBC,code,L,70003106,CSD,2006-01-07T17:05,2006-01-07T18:30,NCE,1328157009
ZEJPROBC,code,L,70003071,CSD,2006-01-07T19:20,2006-01-07T21:05,ORY,1328157009
TVPGNUFY,code,L,70004566,CSD,2006-01-07T11:00,2006-01-07T13:35,NCE,1328157009
TVPGNUFY,code,L,70004569,CSD,2006-01-07T14:40,2006-01-07T16:15,CDG,1328157009
TVPGNUFY,code,L,70003106,CSD,2006-01-07T17:05,2006-01-07T18:30,NCE,1328157009
TVPGNUFY,code,L,70003071,CSD,2006-01-07T19:20,2006-01-07T21:05,ORY,1328157009
JSDVIDCU,code,L,70004566,ST,2006-01-07T11:00,2006-01-07T13:35,NCE,1328157009
JSDVIDCU,code,L,70004569,ST,2006-01-07T14:40,2006-01-07T16:15,CDG,1328157009
JSDVIDCU,code,L,70003106,ST,2006-01-07T17:05,2006-01-07T18:30,NCE,1328157009
JSDVIDCU,code,L,70003071,ST,2006-01-07T19:20,2006-01-07T21:05,ORY,1328157009
BNGIFCXX,code,L,70004566,ST,2006-01-07T11:00,2006-01-07T13:35,NCE,1328157009
BNGIFCXX,code,L,70004569,ST,2006-01-07T14:40,2006-01-07T16:15,CDG,1328157009
BNGIFCXX,code,L,70003106,ST,2006-01-07T17:05,2006-01-07T18:30,NCE,1328157009
BNGIFCXX,code,L,70003071,ST,2006-01-07T19:20,2006-01-07T21:05,ORY,1328157009
TQFDIZMT,code,L,70004566,ST,2006-01-07T11:00,2006-01-07T13:35,NCE,1328157009
TQFDIZMT,code,L,70004569,ST,2006-01-07T14:40,2006-01-07T16:15,CDG,1328157009
TQFDIZMT,code,L,70003106,ST,2006-01-07T17:05,2006-01-07T18:30,NCE,1328157009
TQFDIZMT,code,L,70003071,ST,2006-01-07T19:20,2006-01-07T21:05,ORY,1328157009
CMJBQVKA,code,L,70004566,ST,2006-01-07T11:00,2006-01-07T13:35,NCE,1328157009
CMJBQVKA,code,L,70004569,ST,2006-01-07T14:40,2006-01-07T16:15,CDG,1328157009
CMJBQVKA,code,L,70003106,ST,2006-01-07T17:05,2006-01-07T18:30,NCE,1328157009
CMJBQVKA,code,L,70003071,ST,2006-01-07T19:20,2006-01-07T21:05,ORY,1328157009
VZYVSHMQ,code,L,70004566,ST,2006-01-07T11:00,2006-01-07T13:35,NCE,1328157009
VZYVSHMQ,code,L,70004569,ST,2006-01-07T14:40,2006-01-07T16:15,CDG,1328157009
VZYVSHMQ,code,L,70003106,ST,2006-01-07T17:05,2006-01-07T18:30,NCE,1328157009
VZYVSHMQ,code,L,70003071,ST,2006-01-07T19:20,2006-01-07T21:05,ORY,1328157009
FBXXNGKP,code,L,70004566,ST,2006-01-07T11:00,2006-01-07T13:35,NCE,1328157009
FBXXNGKP,code,L,70004569,ST,2006-01-07T14:40,2006-01-07T16:15,CDG,1328157009
FBXXNGKP,code,L,70003106,ST,2006-01-07T17:05,2006-01-07T18:30,NCE,1328157009
FBXXNGKP,code,L,70003071,ST,2006-01-07T19:20,2006-01-07T21:05,ORY,1328157009
FEIAYIAZ,code,L,70004528,CP,2006-01-07T11:05,2006-01-07T13:35,MRS,134667610
FEIAYIAZ,code,L,70004529,CP,2006-01-07T14:35,2006-01-07T16:00,CDG,134667610
FEIAYIAZ,code,L,70002870,CP,2006-01-07T17:00,2006-01-07T18:20,MRS,134667610
FEIAYIAZ,code,L,70002867,CP,2006-01-07T19:10,2006-01-07T21:10,ORY,134667610
LBYKDRTP,code,L,70004528,FO,2006-01-07T11:05,2006-01-07T13:35,MRS,134667610
LBYKDRTP,code,L,70004529,FO,2006-01-07T14:35,2006-01-07T16:00,CDG,134667610
LBYKDRTP,code,L,70002870,FO,2006-01-07T17:00,2006-01-07T18:20,MRS,134667610
LBYKDRTP,code,L,70002867,FO,2006-01-07T19:10,2006-01-07T21:10,ORY,134667610
WIFJNHCM,code,L,70004528,CSD,2006-01-07T11:05,2006-01-07T13:35,MRS,134667610
WIFJNHCM,code,L,70004529,CSD,2006-01-07T14:35,2006-01-07T16:00,CDG,134667610
WIFJNHCM,code,L,70002870,CSD,2006-01-07T17:00,2006-01-07T18:20,MRS,134667610
WIFJNHCM,code,L,70002867,CSD,2006-01-07T19:10,2006-01-07T21:10,ORY,134667610
YYXIIURZ,code,L,70004528,CSD,2006-01-07T11:05,2006-01-07T13:35,MRS,134667610
YYXIIURZ,code,L,70004529,CSD,2006-01-07T14:35,2006-01-07T16:00,CDG,134667610
YYXIIURZ,code,L,70002870,CSD,2006-01-07T17:00,2006-01-07T18:20,MRS,134667610
YYXIIURZ,code,L,70002867,CSD,2006-01-07T19:10,2006-01-07T21:10,ORY,134667610
ZSJMHAYL,code,L,70004528,ST,2006-01-07T11:05,2006-01-07T13:35,MRS,134667610
ZSJMHAYL,code,L,70004529,ST,2006-01-07T14:35,2006-01-07T16:00,CDG,134667610
ZSJMHAYL,code,L,70002870,ST,2006-01-07T17:00,2006-01-07T18:20,MRS,134667610
ZSJMHAYL,code,L,70002867,ST,2006-01-07T19:10,2006-01-07T21:10,ORY,134667610
CBFJWYSP,code,L,70004528,ST,2006-01-07T11:05,2006-01-07T13:35,MRS,134667610
CBFJWYSP,code,L,70004529,ST,2006-01-07T14:35,2006-01-07T16:00,CDG,134667610
CBFJWYSP,code,L,70002870,ST,2006-01-07T17:00,2006-01-07T18:20,MRS,134667610
CBFJWYSP,code,L,70002867,ST,2006-01-07T19:10,2006-01-07T21:10,ORY,134667610
YYQDNGOK,code,L,70004528,ST,2006-01-07T11:05,2006-01-07T13:35,MRS,134667610
YYQDNGOK,code,L,70004529,ST,2006-01-07T14:35,2006-01-07T16:00,CDG,134667610
YYQDNGOK,code,L,70002870,ST,2006-01-07T17:00,2006-01-07T18:20,MRS,134667610
YYQDNGOK,code,L,70002867,ST,2006-01-07T19:10,2006-01-07T21:10,ORY,134667610
HVUFFZOE,code,L,70004528,ST,2006-01-07T11:05,2006-01-07T13:35,MRS,134667610
HVUFFZOE,code,L,70004529,ST,2006-01-07T14:35,2006-01-07T16:00,CDG,134667610
HVUFFZOE,code,L,70002870,ST,2006-01-07T17:00,2006-01-07T18:20,MRS,134667610
HVUFFZOE,code,L,70002867,ST,2006-01-07T19:10,2006-01-07T21:10,ORY,134667610
RVTHHATI,code,L,70004528,ST,2006-01-07T11:05,2006-01-07T13:35,MRS,134667610
RVTHHATI,code,L,70004529,ST,2006-01-07T14:35,2006-01-07T16:00,CDG,134667610
RVTHHATI,code,L,70002870,ST,2006-01-07T17:00,2006-01-07T18:20,MRS,134667610
RVTHHATI,code,L,70002867,ST,2006-01-07T19:10,2006-01-07T21:10,ORY,134667610
GIRMCSME,code,L,70004528,ST,2006-01-07T11:05,2006-01-07T13:35,MRS,134667610
GIRMCSME,code,L,70004529,ST,2006-01-07T14:35,2006-01-07T16:00,CDG,134667610
GIRMCSME,code,L,70002870,ST,2006-01-07T17:00,2006-01-07T18:20,MRS,134667610
GIRMCSME,code,L,70002867,ST,2006-01-07T19:10,2006-01-07T21:10,ORY,134667610
XJTLPRPB,code,L,70004602,CP,2006-01-07T11:15,2006-01-07T13:35,BES,1406361028
XJTLPRPB,code,L,70004601,CP,2006-01-07T14:45,2006-01-07T16:00,CDG,1406361028
XJTLPRPB,code,L,70004596,CP,2006-01-07T17:00,2006-01-07T18:20,BES,1406361028
XJTLPRPB,code,L,70004595,CP,2006-01-07T20:00,2006-01-07T22:00,CDG,1406361028
YJNURUUS,code,L,70004602,FO,2006-01-07T11:15,2006-01-07T13:35,BES,1406361028
YJNURUUS,code,L,70004601,FO,2006-01-07T14:45,2006-01-07T16:00,CDG,1406361028
YJNURUUS,code,L,70004596,FO,2006-01-07T17:00,2006-01-07T18:20,BES,1406361028
YJNURUUS,code,L,70004595,FO,2006-01-07T20:00,2006-01-07T22:00,CDG,1406361028
LYIYCCBY,code,L,70004602,CSD,2006-01-07T11:15,2006-01-07T13:35,BES,1406361028
LYIYCCBY,code,L,70004601,CSD,2006-01-07T14:45,2006-01-07T16:00,CDG,1406361028
LYIYCCBY,code,L,70004596,CSD,2006-01-07T17:00,2006-01-07T18:20,BES,1406361028
LYIYCCBY,code,L,70004595,CSD,2006-01-07T20:00,2006-01-07T22:00,CDG,1406361028
YCFTLKLU,code,L,70004602,CSD,2006-01-07T11:15,2006-01-07T13:35,BES,1406361028
YCFTLKLU,code,L,70004601,CSD,2006-01-07T14:45,2006-01-07T16:00,CDG,1406361028
YCFTLKLU,code,L,70004596,CSD,2006-01-07T17:00,2006-01-07T18:20,BES,1406361028
YCFTLKLU,code,L,70004595,CSD,2006-01-07T20:00,2006-01-07T22:00,CDG,1406361028
SYETJPMA,code,L,70004602,ST,2006-01-07T11:15,2006-01-07T13:35,BES,1406361028
SYETJPMA,code,L,70004601,ST,2006-01-07T14:45,2006-01-07T16:00,CDG,1406361028
SYETJPMA,code,L,70004596,ST,2006-01-07T17:00,2006-01-07T18:20,BES,1406361028
SYETJPMA,code,L,70004595,ST,2006-01-07T20:00,2006-01-07T22:00,CDG,1406361028
WWXOBEOB,code,L,70004602,ST,2006-01-07T11:15,2006-01-07T13:35,BES,1406361028
WWXOBEOB,code,L,70004601,ST,2006-01-07T14:45,2006-01-07T16:00,CDG,1406361028
WWXOBEOB,code,L,70004596,ST,2006-01-07T17:00,2006-01-07T18:20,BES,1406361028
WWXOBEOB,code,L,70004595,ST,2006-01-07T20:00,2006-01-07T22:00,CDG,1406361028
YGIAJLIM,code,L,70004602,ST,2006-01-07T11:15,2006-01-07T13:35,BES,1406361028
YGIAJLIM,code,L,70004601,ST,2006-01-07T14:45,2006-01-07T16:00,CDG,1406361028
YGIAJLIM,code,L,70004596,ST,2006-01-07T17:00,2006-01-07T18:20,BES,1406361028
YGIAJLIM,code,L,70004595,ST,2006-01-07T20:00,2006-01-07T22:00,CDG,1406361028
ZOHNOCKS,code,L,70004602,ST,2006-01-07T11:15,2006-01-07T13:35,BES,1406361028
ZOHNOCKS,code,L,70004601,ST,2006-01-07T14:45,2006-01-07T16:00,CDG,1406361028
ZOHNOCKS,code,L,70004596,ST,2006-01-07T17:00,2006-01-07T18:20,BES,1406361028
ZOHNOCKS,code,L,70004595,ST,2006-01-07T20:00,2006-01-07T22:00,CDG,1406361028
CMHENOIP,code,L,70004602,ST,2006-01-07T11:15,2006-01-07T13:35,BES,1406361028
CMHENOIP,code,L,70004601,ST,2006-01-07T14:45,2006-01-07T16:00,CDG,1406361028
CMHENOIP,code,L,70004596,ST,2006-01-07T17:00,2006-01-07T18:20,BES,1406361028
CMHENOIP,code,L,70004595,ST,2006-01-07T20:00,2006-01-07T22:00,CDG,1406361028
UMMAVEBP,code,L,70004602,ST,2006-01-07T11:15,2006-01-07T13:35,BES,1406361028
UMMAVEBP,code,L,70004601,ST,2006-01-07T14:45,2006-01-07T16:00,CDG,1406361028
UMMAVEBP,code,L,70004596,ST,2006-01-07T17:00,2006-01-07T18:20,BES,1406361028
UMMAVEBP,code,L,70004595,ST,2006-01-07T20:00,2006-01-07T22:00,CDG,1406361028
LSTZCXJG,code,L,70004410,CP,2006-01-07T11:20,2006-01-07T13:40,MPL,645237757
LSTZCXJG,code,L,70004413,CP,2006-01-07T14:25,2006-01-07T15:40,ORY,645237757
LSTZCXJG,code,L,70004414,CP,2006-01-07T16:25,2006-01-07T17:45,MPL,645237757
LSTZCXJG,code,L,70004407,CP,2006-01-07T18:30,2006-01-07T20:20,ORY,645237757
LDHRYGQI,code,L,70004410,FO,2006-01-07T11:20,2006-01-07T13:40,MPL,645237757
LDHRYGQI,code,L,70004413,FO,2006-01-07T14:25,2006-01-07T15:40,ORY,645237757
LDHRYGQI,code,L,70004414,FO,2006-01-07T16:25,2006-01-07T17:45,MPL,645237757
LDHRYGQI,code,L,70004407,FO,2006-01-07T18:30,2006-01-07T20:20,ORY,645237757
FXWXZYJR,code,L,70004410,CSD,2006-01-07T11:20,2006-01-07T13:40,MPL,645237757
FXWXZYJR,code,L,70004413,CSD,2006-01-07T14:25,2006-01-07T15:40,ORY,645237757
FXWXZYJR,code,L,70004414,CSD,2006-01-07T16:25,2006-01-07T17:45,MPL,645237757
FXWXZYJR,code,L,70004407,CSD,2006-01-07T18:30,2006-01-07T20:20,ORY,645237757
LEJFZHJT,code,L,70004410,CSD,2006-01-07T11:20,2006-01-07T13:40,MPL,645237757
LEJFZHJT,code,L,70004413,CSD,2006-01-07T14:25,2006-01-07T15:40,ORY,645237757
LEJFZHJT,code,L,70004414,CSD,2006-01-07T16:25,2006-01-07T17:45,MPL,645237757
LEJFZHJT,code,L,70004407,CSD,2006-01-07T18:30,2006-01-07T20:20,ORY,645237757
JCLCVJHW,code,L,70004410,ST,2006-01-07T11:20,2006-01-07T13:40,MPL,645237757
JCLCVJHW,code,L,70004413,ST,2006-01-07T14:25,2006-01-07T15:40,ORY,645237757
JCLCVJHW,code,L,70004414,ST,2006-01-07T16:25,2006-01-07T17:45,MPL,645237757
JCLCVJHW,code,L,70004407,ST,2006-01-07T18:30,2006-01-07T20:20,ORY,645237757
YBWUNSJM,code,L,70004410,ST,2006-01-07T11:20,2006-01-07T13:40,MPL,645237757
YBWUNSJM,code,L,70004413,ST,2006-01-07T14:25,2006-01-07T15:40,ORY,645237757
YBWUNSJM,code,L,70004414,ST,2006-01-07T16:25,2006-01-07T17:45,MPL,645237757
YBWUNSJM,code,L,70004407,ST,2006-01-07T18:30,2006-01-07T20:20,ORY,645237757
IIXOFUXR,code,L,70004410,ST,2006-01-07T11:20,2006-01-07T13:40,MPL,645237757
IIXOFUXR,code,L,70004413,ST,2006-01-07T14:25,2006-01-07T15:40,ORY,645237757
IIXOFUXR,code,L,70004414,ST,2006-01-07T16:25,2006-01-07T17:45,MPL,645237757
IIXOFUXR,code,L,70004407,ST,2006-01-07T18:30,2006-01-07T20:20,ORY,645237757
RPPPWCAR,code,L,70004410,ST,2006-01-07T11:20,2006-01-07T13:40,MPL,645237757
RPPPWCAR,code,L,70004413,ST,2006-01-07T14:25,2006-01-07T15:40,ORY,645237757
RPPPWCAR,code,L,70004414,ST,2006-01-07T16:25,2006-01-07T17:45,MPL,645237757
RPPPWCAR,code,L,70004407,ST,2006-01-07T18:30,2006-01-07T20:20,ORY,645237757
ZOBCKNCT,code,L,70004410,ST,2006-01-07T11:20,2006-01-07T13:40,MPL,645237757
ZOBCKNCT,code,L,70004413,ST,2006-01-07T14:25,2006-01-07T15:40,ORY,645237757
ZOBCKNCT,code,L,70004414,ST,2006-01-07T16:25,2006-01-07T17:45,MPL,645237757
ZOBCKNCT,code,L,70004407,ST,2006-01-07T18:30,2006-01-07T20:20,ORY,645237757
TVJTNJNJ,code,L,70004410,ST,2006-01-07T11:20,2006-01-07T13:40,MPL,645237757
TVJTNJNJ,code,L,70004413,ST,2006-01-07T14:25,2006-01-07T15:40,ORY,645237757
TVJTNJNJ,code,L,70004414,ST,2006-01-07T16:25,2006-01-07T17:45,MPL,645237757
TVJTNJNJ,code,L,70004407,ST,2006-01-07T18:30,2006-01-07T20:20,ORY,645237757
ZSRVPJLI,code,L,70004487,CP,2006-01-07T11:25,2006-01-07T13:45,CDG,1903227280
ZSRVPJLI,code,L,70004492,CP,2006-01-07T15:30,2006-01-07T17:40,BOD,1903227280
JJPFXFLE,code,L,70004487,FO,2006-01-07T11:25,2006-01-07T13:45,CDG,1903227280
JJPFXFLE,code,L,70004492,FO,2006-01-07T15:30,2006-01-07T17:40,BOD,1903227280
JKTQRYOR,code,L,70004487,CSD,2006-01-07T11:25,2006-01-07T13:45,CDG,1903227280
JKTQRYOR,code,L,70004492,CSD,2006-01-07T15:30,2006-01-07T17:40,BOD,1903227280
RXDODBWS,code,L,70004487,CSD,2006-01-07T11:25,2006-01-07T13:45,CDG,1903227280
RXDODBWS,code,L,70004492,CSD,2006-01-07T15:30,2006-01-07T17:40,BOD,1903227280
FQWXKHQM,code,L,70004487,ST,2006-01-07T11:25,2006-01-07T13:45,CDG,1903227280
FQWXKHQM,code,L,70004492,ST,2006-01-07T15:30,2006-01-07T17:40,BOD,1903227280
QVVPZCFY,code,L,70004487,ST,2006-01-07T11:25,2006-01-07T13:45,CDG,1903227280
QVVPZCFY,code,L,70004492,ST,2006-01-07T15:30,2006-01-07T17:40,BOD,1903227280
LAHAVLXT,code,L,70004487,ST,2006-01-07T11:25,2006-01-07T13:45,CDG,1903227280
LAHAVLXT,code,L,70004492,ST,2006-01-07T15:30,2006-01-07T17:40,BOD,1903227280
MMVODGAB,code,L,70004487,ST,2006-01-07T11:25,2006-01-07T13:45,CDG,1903227280
MMVODGAB,code,L,70004492,ST,2006-01-07T15:30,2006-01-07T17:40,BOD,1903227280
LQHLXQPT,code,L,70004487,ST,2006-01-07T11:25,2006-01-07T13:45,CDG,1903227280
LQHLXQPT,code,L,70004492,ST,2006-01-07T15:30,2006-01-07T17:40,BOD,1903227280
QIDRGVMY,code,L,70004487,ST,2006-01-07T11:25,2006-01-07T13:45,CDG,1903227280
QIDRGVMY,code,L,70004492,ST,2006-01-07T15:30,2006-01-07T17:40,BOD,1903227280
VHCGOXHT,code,L,70002595,CP,2006-01-07T11:30,2006-01-07T13:40,CFR,48190158
VHCGOXHT,code,L,70002596,CP,2006-01-07T15:00,2006-01-07T17:00,LYS,48190158
JQJQUVGF,code,L,70002595,FO,2006-01-07T11:30,2006-01-07T13:40,CFR,48190158
JQJQUVGF,code,L,70002596,FO,2006-01-07T15:00,2006-01-07T17:00,LYS,48190158
PMROXRKU,code,L,70002595,CS,2006-01-07T11:30,2006-01-07T13:40,CFR,48190158
PMROXRKU,code,L,70002596,CS,2006-01-07T15:00,2006-01-07T17:00,LYS,48190158
YPBFFMKQ,code,L,70002595,ST,2006-01-07T11:30,2006-01-07T13:40,CFR,48190158
YPBFFMKQ,code,L,70002596,ST,2006-01-07T15:00,2006-01-07T17:00,LYS,48190158
JEXFTOAU,code,L,70002595,ST,2006-01-07T11:30,2006-01-07T13:40,CFR,48190158
JEXFTOAU,code,L,70002596,ST,2006-01-07T15:00,2006-01-07T17:00,LYS,48190158
BUJCWQAI,code,L,70002595,ST,2006-01-07T11:30,2006-01-07T13:40,CFR,48190158
BUJCWQAI,code,L,70002596,ST,2006-01-07T15:00,2006-01-07T17:00,LYS,48190158
KZFJKSYM,code,L,70004490,CP,2006-01-07T11:35,2006-01-07T14:00,BOD,384385166
KZFJKSYM,code,L,70004549,CP,2006-01-07T17:45,2006-01-07T19:10,CDG,384385166
KZFJKSYM,code,L,70004548,CP,2006-01-07T20:00,2006-01-07T22:05,MPL,384385166
LBBWOAOQ,code,L,70004490,FO,2006-01-07T11:35,2006-01-07T14:00,BOD,384385166
LBBWOAOQ,code,L,70004549,FO,2006-01-07T17:45,2006-01-07T19:10,CDG,384385166
LBBWOAOQ,code,L,70004548,FO,2006-01-07T20:00,2006-01-07T22:05,MPL,384385166
VLDZNQMO,code,L,70004490,CSD,2006-01-07T11:35,2006-01-07T14:00,BOD,384385166
VLDZNQMO,code,L,70004549,CSD,2006-01-07T17:45,2006-01-07T19:10,CDG,384385166
VLDZNQMO,code,L,70004548,CSD,2006-01-07T20:00,2006-01-07T22:05,MPL,384385166
CPOZRJVK,code,L,70004490,CSD,2006-01-07T11:35,2006-01-07T14:00,BOD,384385166
CPOZRJVK,code,L,70004549,CSD,2006-01-07T17:45,2006-01-07T19:10,CDG,384385166
CPOZRJVK,code,L,70004548,CSD,2006-01-07T20:00,2006-01-07T22:05,MPL,384385166
UBTYHFJR,code,L,70004490,ST,2006-01-07T11:35,2006-01-07T14:00,BOD,384385166
UBTYHFJR,code,L,70004549,ST,2006-01-07T17:45,2006-01-07T19:10,CDG,384385166
UBTYHFJR,code,L,70004548,ST,2006-01-07T20:00,2006-01-07T22:05,MPL,384385166
OJLCOQOO,code,L,70004490,ST,2006-01-07T11:35,2006-01-07T14:00,BOD,384385166
OJLCOQOO,code,L,70004549,ST,2006-01-07T17:45,2006-01-07T19:10,CDG,384385166
OJLCOQOO,code,L,70004548,ST,2006-01-07T20:00,2006-01-07T22:05,MPL,384385166
XHKLLSGO,code,L,70004490,ST,2006-01-07T11:35,2006-01-07T14:00,BOD,384385166
XHKLLSGO,code,L,70004549,ST,2006-01-07T17:45,2006-01-07T19:10,CDG,384385166
XHKLLSGO,code,L,70004548,ST,2006-01-07T20:00,2006-01-07T22:05,MPL,384385166
UHEWMLOL,code,L,70004490,ST,2006-01-07T11:35,2006-01-07T14:00,BOD,384385166
UHEWMLOL,code,L,70004549,ST,2006-01-07T17:45,2006-01-07T19:10,CDG,384385166
UHEWMLOL,code,L,70004548,ST,2006-01-07T20:00,2006-01-07T22:05,MPL,384385166
BXYQBLHV,code,L,70004490,ST,2006-01-07T11:35,2006-01-07T14:00,BOD,384385166
BXYQBLHV,code,L,70004549,ST,2006-01-07T17:45,2006-01-07T19:10,CDG,384385166
BXYQBLHV,code,L,70004548,ST,2006-01-07T20:00,2006-01-07T22:05,MPL,384385166
CYWFDDBT,code,L,70004490,ST,2006-01-07T11:35,2006-01-07T14:00,BOD,384385166
CYWFDDBT,code,L,70004549,ST,2006-01-07T17:45,2006-01-07T19:10,CDG,384385166
CYWFDDBT,code,L,70004548,ST,2006-01-07T20:00,2006-01-07T22:05,MPL,384385166
SUJORRWD,code,L,70002619,CP,2006-01-07T11:35,2006-01-07T13:50,RNS,1816610767
SUJORRWD,code,L,70002620,CP,2006-01-07T14:45,2006-01-07T16:50,LYS,1816610767
VOKEXMSR,code,L,70002619,FO,2006-01-07T11:35,2006-01-07T13:50,RNS,1816610767
VOKEXMSR,code,L,70002620,FO,2006-01-07T14:45,2006-01-07T16:50,LYS,1816610767
GGSXRQNE,code,L,70002619,CS,2006-01-07T11:35,2006-01-07T13:50,RNS,1816610767
GGSXRQNE,code,L,70002620,CS,2006-01-07T14:45,2006-01-07T16:50,LYS,1816610767
JXSMGGZQ,code,L,70002619,ST,2006-01-07T11:35,2006-01-07T13:50,RNS,1816610767
JXSMGGZQ,code,L,70002620,ST,2006-01-07T14:45,2006-01-07T16:50,LYS,1816610767
SQWGVZDH,code,L,70002619,ST,2006-01-07T11:35,2006-01-07T13:50,RNS,1816610767
SQWGVZDH,code,L,70002620,ST,2006-01-07T14:45,2006-01-07T16:50,LYS,1816610767
MKHTQNBN,code,L,70002619,ST,2006-01-07T11:35,2006-01-07T13:50,RNS,1816610767
MKHTQNBN,code,L,70002620,ST,2006-01-07T14:45,2006-01-07T16:50,LYS,1816610767
QLLBWOCU,code,L,70004668,CP,2006-01-07T11:45,2006-01-07T13:55,BOD,1662778767
QLLBWOCU,code,L,70004669,CP,2006-01-07T14:55,2006-01-07T16:00,LYS,1662778767
QLLBWOCU,code,L,70004664,CP,2006-01-07T16:55,2006-01-07T18:05,BOD,1662778767
QLLBWOCU,code,L,70004665,CP,2006-01-07T19:00,2006-01-07T20:50,LYS,1662778767
TFGIFYOP,code,L,70004668,FO,2006-01-07T11:45,2006-01-07T13:55,BOD,1662778767
TFGIFYOP,code,L,70004669,FO,2006-01-07T14:55,2006-01-07T16:00,LYS,1662778767
TFGIFYOP,code,L,70004664,FO,2006-01-07T16:55,2006-01-07T18:05,BOD,1662778767
TFGIFYOP,code,L,70004665,FO,2006-01-07T19:00,2006-01-07T20:50,LYS,1662778767
VVFYJYEC,code,L,70004668,CSD,2006-01-07T11:45,2006-01-07T13:55,BOD,1662778767
VVFYJYEC,code,L,70004669,CSD,2006-01-07T14:55,2006-01-07T16:00,LYS,1662778767
VVFYJYEC,code,L,70004664,CSD,2006-01-07T16:55,2006-01-07T18:05,BOD,1662778767
VVFYJYEC,code,L,70004665,CSD,2006-01-07T19:00,2006-01-07T20:50,LYS,1662778767
LUSPVVHK,code,L,70004668,CSD,2006-01-07T11:45,2006-01-07T13:55,BOD,1662778767
LUSPVVHK,code,L,70004669,CSD,2006-01-07T14:55,2006-01-07T16:00,LYS,1662778767
LUSPVVHK,code,L,70004664,CSD,2006-01-07T16:55,2006-01-07T18:05,BOD,1662778767
LUSPVVHK,code,L,70004665,CSD,2006-01-07T19:00,2006-01-07T20:50,LYS,1662778767
YSEDIXUQ,code,L,70004668,ST,2006-01-07T11:45,2006-01-07T13:55,BOD,1662778767
YSEDIXUQ,code,L,70004669,ST,2006-01-07T14:55,2006-01-07T16:00,LYS,1662778767
YSEDIXUQ,code,L,70004664,ST,2006-01-07T16:55,2006-01-07T18:05,BOD,1662778767
YSEDIXUQ,code,L,70004665,ST,2006-01-07T19:00,2006-01-07T20:50,LYS,1662778767
MYYULHMZ,code,L,70004668,ST,2006-01-07T11:45,2006-01-07T13:55,BOD,1662778767
MYYULHMZ,code,L,70004669,ST,2006-01-07T14:55,2006-01-07T16:00,LYS,1662778767
MYYULHMZ,code,L,70004664,ST,2006-01-07T16:55,2006-01-07T18:05,BOD,1662778767
MYYULHMZ,code,L,70004665,ST,2006-01-07T19:00,2006-01-07T20:50,LYS,1662778767
WLJHSRRK,code,L,70004668,ST,2006-01-07T11:45,2006-01-07T13:55,BOD,1662778767
WLJHSRRK,code,L,70004669,ST,2006-01-07T14:55,2006-01-07T16:00,LYS,1662778767
WLJHSRRK,code,L,70004664,ST,2006-01-07T16:55,2006-01-07T18:05,BOD,1662778767
WLJHSRRK,code,L,70004665,ST,2006-01-07T19:00,2006-01-07T20:50,LYS,1662778767
QJKYQWPR,code,L,70004668,ST,2006-01-07T11:45,2006-01-07T13:55,BOD,1662778767
QJKYQWPR,code,L,70004669,ST,2006-01-07T14:55,2006-01-07T16:00,LYS,1662778767
QJKYQWPR,code,L,70004664,ST,2006-01-07T16:55,2006-01-07T18:05,BOD,1662778767
QJKYQWPR,code,L,70004665,ST,2006-01-07T19:00,2006-01-07T20:50,LYS,1662778767
STJGAMHG,code,L,70004668,ST,2006-01-07T11:45,2006-01-07T13:55,BOD,1662778767
STJGAMHG,code,L,70004669,ST,2006-01-07T14:55,2006-01-07T16:00,LYS,1662778767
STJGAMHG,code,L,70004664,ST,2006-01-07T16:55,2006-01-07T18:05,BOD,1662778767
STJGAMHG,code,L,70004665,ST,2006-01-07T19:00,2006-01-07T20:50,LYS,1662778767
FXYQWJCU,code,L,70004668,ST,2006-01-07T11:45,2006-01-07T13:55,BOD,1662778767
FXYQWJCU,code,L,70004669,ST,2006-01-07T14:55,2006-01-07T16:00,LYS,1662778767
FXYQWJCU,code,L,70004664,ST,2006-01-07T16:55,2006-01-07T18:05,BOD,1662778767
FXYQWJCU,code,L,70004665,ST,2006-01-07T19:00,2006-01-07T20:50,LYS,1662778767
GVNQEEDF,code,L,70003091,CP,2006-01-07T12:00,2006-01-07T14:20,ORY,1903678842
GVNQEEDF,code,L,70003084,CP,2006-01-07T15:05,2006-01-07T16:30,NCE,1903678842
GVNQEEDF,code,L,70003099,CP,2006-01-07T17:10,2006-01-07T18:30,ORY,1903678842
GVNQEEDF,code,L,70003094,CP,2006-01-07T19:25,2006-01-07T21:05,NCE,1903678842
SRPDMCLN,code,L,70003091,FO,2006-01-07T12:00,2006-01-07T14:20,ORY,1903678842
SRPDMCLN,code,L,70003084,FO,2006-01-07T15:05,2006-01-07T16:30,NCE,1903678842
SRPDMCLN,code,L,70003099,FO,2006-01-07T17:10,2006-01-07T18:30,ORY,1903678842
SRPDMCLN,code,L,70003094,FO,2006-01-07T19:25,2006-01-07T21:05,NCE,1903678842
AWDNWKUV,code,L,70003091,CSD,2006-01-07T12:00,2006-01-07T14:20,ORY,1903678842
AWDNWKUV,code,L,70003084,CSD,2006-01-07T15:05,2006-01-07T16:30,NCE,1903678842
AWDNWKUV,code,L,70003099,CSD,2006-01-07T17:10,2006-01-07T18:30,ORY,1903678842
AWDNWKUV,code,L,70003094,CSD,2006-01-07T19:25,2006-01-07T21:05,NCE,1903678842
ZOSBCIFO,code,L,70003091,CSD,2006-01-07T12:00,2006-01-07T14:20,ORY,1903678842
ZOSBCIFO,code,L,70003084,CSD,2006-01-07T15:05,2006-01-07T16:30,NCE,1903678842
ZOSBCIFO,code,L,70003099,CSD,2006-01-07T17:10,2006-01-07T18:30,ORY,1903678842
ZOSBCIFO,code,L,70003094,CSD,2006-01-07T19:25,2006-01-07T21:05,NCE,1903678842
MDZVPMYS,code,L,70003091,ST,2006-01-07T12:00,2006-01-07T14:20,ORY,1903678842
MDZVPMYS,code,L,70003084,ST,2006-01-07T15:05,2006-01-07T16:30,NCE,1903678842
MDZVPMYS,code,L,70003099,ST,2006-01-07T17:10,2006-01-07T18:30,ORY,1903678842
MDZVPMYS,code,L,70003094,ST,2006-01-07T19:25,2006-01-07T21:05,NCE,1903678842
PLDLFSZZ,code,L,70003091,ST,2006-01-07T12:00,2006-01-07T14:20,ORY,1903678842
PLDLFSZZ,code,L,70003084,ST,2006-01-07T15:05,2006-01-07T16:30,NCE,1903678842
PLDLFSZZ,code,L,70003099,ST,2006-01-07T17:10,2006-01-07T18:30,ORY,1903678842
PLDLFSZZ,code,L,70003094,ST,2006-01-07T19:25,2006-01-07T21:05,NCE,1903678842
XIALKKIM,code,L,70003091,ST,2006-01-07T12:00,2006-01-07T14:20,ORY,1903678842
XIALKKIM,code,L,70003084,ST,2006-01-07T15:05,2006-01-07T16:30,NCE,1903678842
XIALKKIM,code,L,70003099,ST,2006-01-07T17:10,2006-01-07T18:30,ORY,1903678842
XIALKKIM,code,L,70003094,ST,2006-01-07T19:25,2006-01-07T21:05,NCE,1903678842
SBDVFETQ,code,L,70003091,ST,2006-01-07T12:00,2006-01-07T14:20,ORY,1903678842
SBDVFETQ,code,L,70003084,ST,2006-01-07T15:05,2006-01-07T16:30,NCE,1903678842
SBDVFETQ,code,L,70003099,ST,2006-01-07T17:10,2006-01-07T18:30,ORY,1903678842
SBDVFETQ,code,L,70003094,ST,2006-01-07T19:25,2006-01-07T21:05,NCE,1903678842
IATFSPCL,code,L,70003091,ST,2006-01-07T12:00,2006-01-07T14:20,ORY,1903678842
IATFSPCL,code,L,70003084,ST,2006-01-07T15:05,2006-01-07T16:30,NCE,1903678842
IATFSPCL,code,L,70003099,ST,2006-01-07T17:10,2006-01-07T18:30,ORY,1903678842
IATFSPCL,code,L,70003094,ST,2006-01-07T19:25,2006-01-07T21:05,NCE,1903678842
MCAZJFLH,code,L,70003091,ST,2006-01-07T12:00,2006-01-07T14:20,ORY,1903678842
MCAZJFLH,code,L,70003084,ST,2006-01-07T15:05,2006-01-07T16:30,NCE,1903678842
MCAZJFLH,code,L,70003099,ST,2006-01-07T17:10,2006-01-07T18:30,ORY,1903678842
MCAZJFLH,code,L,70003094,ST,2006-01-07T19:25,2006-01-07T21:05,NCE,1903678842
JIPOSULR,code,L,70004174,CP,2006-01-07T12:35,2006-01-07T14:35,SXB,2142954714
JIPOSULR,code,L,70004389,CP,2006-01-07T15:35,2006-01-07T17:00,ORY,2142954714
JIPOSULR,code,L,70004390,CP,2006-01-07T17:50,2006-01-07T19:15,PGF,2142954714
JIPOSULR,code,L,70004169,CP,2006-01-07T20:00,2006-01-07T21:45,ORY,2142954714
DRKKIRGA,code,L,70004174,FO,2006-01-07T12:35,2006-01-07T14:35,SXB,2142954714
DRKKIRGA,code,L,70004389,FO,2006-01-07T15:35,2006-01-07T17:00,ORY,2142954714
DRKKIRGA,code,L,70004390,FO,2006-01-07T17:50,2006-01-07T19:15,PGF,2142954714
DRKKIRGA,code,L,70004169,FO,2006-01-07T20:00,2006-01-07T21:45,ORY,2142954714
POXGXNGX,code,L,70004174,CSD,2006-01-07T12:35,2006-01-07T14:35,SXB,2142954714
POXGXNGX,code,L,70004389,CSD,2006-01-07T15:35,2006-01-07T17:00,ORY,2142954714
POXGXNGX,code,L,70004390,CSD,2006-01-07T17:50,2006-01-07T19:15,PGF,2142954714
POXGXNGX,code,L,70004169,CSD,2006-01-07T20:00,2006-01-07T21:45,ORY,2142954714
TLPVBWZX,code,L,70004174,CSD,2006-01-07T12:35,2006-01-07T14:35,SXB,2142954714
TLPVBWZX,code,L,70004389,CSD,2006-01-07T15:35,2006-01-07T17:00,ORY,2142954714
TLPVBWZX,code,L,70004390,CSD,2006-01-07T17:50,2006-01-07T19:15,PGF,2142954714
TLPVBWZX,code,L,70004169,CSD,2006-01-07T20:00,2006-01-07T21:45,ORY,2142954714
TFEREJHA,code,L,70004174,ST,2006-01-07T12:35,2006-01-07T14:35,SXB,2142954714
TFEREJHA,code,L,70004389,ST,2006-01-07T15:35,2006-01-07T17:00,ORY,2142954714
TFEREJHA,code,L,70004390,ST,2006-01-07T17:50,2006-01-07T19:15,PGF,2142954714
TFEREJHA,code,L,70004169,ST,2006-01-07T20:00,2006-01-07T21:45,ORY,2142954714
SKRNRTEJ,code,L,70004174,ST,2006-01-07T12:35,2006-01-07T14:35,SXB,2142954714
SKRNRTEJ,code,L,70004389,ST,2006-01-07T15:35,2006-01-07T17:00,ORY,2142954714
SKRNRTEJ,code,L,70004390,ST,2006-01-07T17:50,2006-01-07T19:15,PGF,2142954714
SKRNRTEJ,code,L,70004169,ST,2006-01-07T20:00,2006-01-07T21:45,ORY,2142954714
MIUAWBWC,code,L,70004174,ST,2006-01-07T12:35,2006-01-07T14:35,SXB,2142954714
MIUAWBWC,code,L,70004389,ST,2006-01-07T15:35,2006-01-07T17:00,ORY,2142954714
MIUAWBWC,code,L,70004390,ST,2006-01-07T17:50,2006-01-07T19:15,PGF,2142954714
MIUAWBWC,code,L,70004169,ST,2006-01-07T20:00,2006-01-07T21:45,ORY,2142954714
LCYMXWJT,code,L,70004174,ST,2006-01-07T12:35,2006-01-07T14:35,SXB,2142954714
LCYMXWJT,code,L,70004389,ST,2006-01-07T15:35,2006-01-07T17:00,ORY,2142954714
LCYMXWJT,code,L,70004390,ST,2006-01-07T17:50,2006-01-07T19:15,PGF,2142954714
LCYMXWJT,code,L,70004169,ST,2006-01-07T20:00,2006-01-07T21:45,ORY,2142954714
YBIPGUMI,code,L,70004174,ST,2006-01-07T12:35,2006-01-07T14:35,SXB,2142954714
YBIPGUMI,code,L,70004389,ST,2006-01-07T15:35,2006-01-07T17:00,ORY,2142954714
YBIPGUMI,code,L,70004390,ST,2006-01-07T17:50,2006-01-07T19:15,PGF,2142954714
YBIPGUMI,code,L,70004169,ST,2006-01-07T20:00,2006-01-07T21:45,ORY,2142954714
DJEOKUWY,code,L,70004174,ST,2006-01-07T12:35,2006-01-07T14:35,SXB,2142954714
DJEOKUWY,code,L,70004389,ST,2006-01-07T15:35,2006-01-07T17:00,ORY,2142954714
DJEOKUWY,code,L,70004390,ST,2006-01-07T17:50,2006-01-07T19:15,PGF,2142954714
DJEOKUWY,code,L,70004169,ST,2006-01-07T20:00,2006-01-07T21:45,ORY,2142954714
GIXZAXDT,code,L,70002874,CP,2006-01-07T13:00,2006-01-07T15:20,MRS,794882901
GIXZAXDT,code,L,70002907,CP,2006-01-07T18:35,2006-01-07T20:35,ORY,794882901
UKRVMRGP,code,L,70002874,FO,2006-01-07T13:00,2006-01-07T15:20,MRS,794882901
UKRVMRGP,code,L,70002907,FO,2006-01-07T18:35,2006-01-07T20:35,ORY,794882901
KRKKRTAR,code,L,70002874,CSD,2006-01-07T13:00,2006-01-07T15:20,MRS,794882901
KRKKRTAR,code,L,70002907,CSD,2006-01-07T18:35,2006-01-07T20:35,ORY,794882901
QJXFOQGV,code,L,70002874,CSD,2006-01-07T13:00,2006-01-07T15:20,MRS,794882901
QJXFOQGV,code,L,70002907,CSD,2006-01-07T18:35,2006-01-07T20:35,ORY,794882901
XMDCERZS,code,L,70002874,ST,2006-01-07T13:00,2006-01-07T15:20,MRS,794882901
XMDCERZS,code,L,70002907,ST,2006-01-07T18:35,2006-01-07T20:35,ORY,794882901
JJOSSCOS,code,L,70002874,ST,2006-01-07T13:00,2006-01-07T15:20,MRS,794882901
JJOSSCOS,code,L,70002907,ST,2006-01-07T18:35,2006-01-07T20:35,ORY,794882901
SNYNBOCA,code,L,70002874,ST,2006-01-07T13:00,2006-01-07T15:20,MRS,794882901
SNYNBOCA,code,L,70002907,ST,2006-01-07T18:35,2006-01-07T20:35,ORY,794882901
PSMLMYOY,code,L,70002874,ST,2006-01-07T13:00,2006-01-07T15:20,MRS,794882901
PSMLMYOY,code,L,70002907,ST,2006-01-07T18:35,2006-01-07T20:35,ORY,794882901
VPWINHTB,code,L,70002874,ST,2006-01-07T13:00,2006-01-07T15:20,MRS,794882901
VPWINHTB,code,L,70002907,ST,2006-01-07T18:35,2006-01-07T20:35,ORY,794882901
MYCAFQZU,code,L,70002874,ST,2006-01-07T13:00,2006-01-07T15:20,MRS,794882901
MYCAFQZU,code,L,70002907,ST,2006-01-07T18:35,2006-01-07T20:35,ORY,794882901
YISMPROK,code,L,70004619,CP,2006-01-07T13:30,2006-01-07T16:10,ETZ,1657007234
YISMPROK,code,L,70004620,CP,2006-01-07T18:50,2006-01-07T21:15,MRS,1657007234
CBLDGLDH,code,L,70004619,FO,2006-01-07T13:30,2006-01-07T16:10,ETZ,1657007234
CBLDGLDH,code,L,70004620,FO,2006-01-07T18:50,2006-01-07T21:15,MRS,1657007234
IJUATIGW,code,L,70004619,CSD,2006-01-07T13:30,2006-01-07T16:10,ETZ,1657007234
IJUATIGW,code,L,70004620,CSD,2006-01-07T18:50,2006-01-07T21:15,MRS,1657007234
RGYFSLBZ,code,L,70004619,CSD,2006-01-07T13:30,2006-01-07T16:10,ETZ,1657007234
RGYFSLBZ,code,L,70004620,CSD,2006-01-07T18:50,2006-01-07T21:15,MRS,1657007234
ATWBZMLQ,code,L,70004619,ST,2006-01-07T13:30,2006-01-07T16:10,ETZ,1657007234
ATWBZMLQ,code,L,70004620,ST,2006-01-07T18:50,2006-01-07T21:15,MRS,1657007234
YQUTVCHJ,code,L,70004619,ST,2006-01-07T13:30,2006-01-07T16:10,ETZ,1657007234
YQUTVCHJ,code,L,70004620,ST,2006-01-07T18:50,2006-01-07T21:15,MRS,1657007234
SMJZYELU,code,L,70004619,ST,2006-01-07T13:30,2006-01-07T16:10,ETZ,1657007234
SMJZYELU,code,L,70004620,ST,2006-01-07T18:50,2006-01-07T21:15,MRS,1657007234
HCJQOLQD,code,L,70004619,ST,2006-01-07T13:30,2006-01-07T16:10,ETZ,1657007234
HCJQOLQD,code,L,70004620,ST,2006-01-07T18:50,2006-01-07T21:15,MRS,1657007234
SEFLYTOH,code,L,70004619,ST,2006-01-07T13:30,2006-01-07T16:10,ETZ,1657007234
SEFLYTOH,code,L,70004620,ST,2006-01-07T18:50,2006-01-07T21:15,MRS,1657007234
ITBJTHVU,code,L,70004619,ST,2006-01-07T13:30,2006-01-07T16:10,ETZ,1657007234
ITBJTHVU,code,L,70004620,ST,2006-01-07T18:50,2006-01-07T21:15,MRS,1657007234
OSSQEPNI,code,L,70004435,CP,2006-01-07T13:40,2006-01-07T16:20,AJA,1015490648
OSSQEPNI,code,L,70004436,CP,2006-01-07T17:10,2006-01-07T19:35,ORY,1015490648
HZIORPYK,code,L,70004435,FO,2006-01-07T13:40,2006-01-07T16:20,AJA,1015490648
HZIORPYK,code,L,70004436,FO,2006-01-07T17:10,2006-01-07T19:35,ORY,1015490648
HEPVLROY,code,L,70004435,CSD,2006-01-07T13:40,2006-01-07T16:20,AJA,1015490648
HEPVLROY,code,L,70004436,CSD,2006-01-07T17:10,2006-01-07T19:35,ORY,1015490648
BEEBCWGN,code,L,70004435,CSD,2006-01-07T13:40,2006-01-07T16:20,AJA,1015490648
BEEBCWGN,code,L,70004436,CSD,2006-01-07T17:10,2006-01-07T19:35,ORY,1015490648
OAYRBHWR,code,L,70004435,ST,2006-01-07T13:40,2006-01-07T16:20,AJA,1015490648
OAYRBHWR,code,L,70004436,ST,2006-01-07T17:10,2006-01-07T19:35,ORY,1015490648
EZLMKGJA,code,L,70004435,ST,2006-01-07T13:40,2006-01-07T16:20,AJA,1015490648
EZLMKGJA,code,L,70004436,ST,2006-01-07T17:10,2006-01-07T19:35,ORY,1015490648
VNGXAZFP,code,L,70004435,ST,2006-01-07T13:40,2006-01-07T16:20,AJA,1015490648
VNGXAZFP,code,L,70004436,ST,2006-01-07T17:10,2006-01-07T19:35,ORY,1015490648
YJLXTGHM,code,L,70004435,ST,2006-01-07T13:40,2006-01-07T16:20,AJA,1015490648
YJLXTGHM,code,L,70004436,ST,2006-01-07T17:10,2006-01-07T19:35,ORY,1015490648
UARXKOGC,code,L,70004435,ST,2006-01-07T13:40,2006-01-07T16:20,AJA,1015490648
UARXKOGC,code,L,70004436,ST,2006-01-07T17:10,2006-01-07T19:35,ORY,1015490648
PUFHBEPG,code,L,70004435,ST,2006-01-07T13:40,2006-01-07T16:20,AJA,1015490648
PUFHBEPG,code,L,70004436,ST,2006-01-07T17:10,2006-01-07T19:35,ORY,1015490648
ZQHBFYMO,code,L,70004578,CP,2006-01-07T14:35,2006-01-07T17:10,NCE,773559890
ZQHBFYMO,code,L,70004575,CP,2006-01-07T18:30,2006-01-07T20:50,CDG,773559890
IMBTMAVG,code,L,70004578,FO,2006-01-07T14:35,2006-01-07T17:10,NCE,773559890
IMBTMAVG,code,L,70004575,FO,2006-01-07T18:30,2006-01-07T20:50,CDG,773559890
GWSVOTAJ,code,L,70004578,CSD,2006-01-07T14:35,2006-01-07T17:10,NCE,773559890
GWSVOTAJ,code,L,70004575,CSD,2006-01-07T18:30,2006-01-07T20:50,CDG,773559890
ZOQOELON,code,L,70004578,CSD,2006-01-07T14:35,2006-01-07T17:10,NCE,773559890
ZOQOELON,code,L,70004575,CSD,2006-01-07T18:30,2006-01-07T20:50,CDG,773559890
LGUYOGTU,code,L,70004578,ST,2006-01-07T14:35,2006-01-07T17:10,NCE,773559890
LGUYOGTU,code,L,70004575,ST,2006-01-07T18:30,2006-01-07T20:50,CDG,773559890
OIKMMYCC,code,L,70004578,ST,2006-01-07T14:35,2006-01-07T17:10,NCE,773559890
OIKMMYCC,code,L,70004575,ST,2006-01-07T18:30,2006-01-07T20:50,CDG,773559890
GYPUQHWC,code,L,70004578,ST,2006-01-07T14:35,2006-01-07T17:10,NCE,773559890
GYPUQHWC,code,L,70004575,ST,2006-01-07T18:30,2006-01-07T20:50,CDG,773559890
VWDHDMPR,code,L,70004578,ST,2006-01-07T14:35,2006-01-07T17:10,NCE,773559890
VWDHDMPR,code,L,70004575,ST,2006-01-07T18:30,2006-01-07T20:50,CDG,773559890
FOZMVCYG,code,L,70004578,ST,2006-01-07T14:35,2006-01-07T17:10,NCE,773559890
FOZMVCYG,code,L,70004575,ST,2006-01-07T18:30,2006-01-07T20:50,CDG,773559890
PXMZRRGV,code,L,70004578,ST,2006-01-07T14:35,2006-01-07T17:10,NCE,773559890
PXMZRRGV,code,L,70004575,ST,2006-01-07T18:30,2006-01-07T20:50,CDG,773559890
