crew_id,code,type,leg_id,rank,start,finish,airport,pairing
NYTLCHZY,code,L,70002597,CP,2006-01-07T04:00,2006-01-07T05:20,LEH,2022406920
NYTLCHZY,code,L,70002598,CP,2006-01-07T05:40,2006-01-07T07:00,URO,2022406920
NYTLCHZY,code,L,70002599,CP,2006-01-07T07:40,2006-01-07T09:10,LYS,2022406920
NYTLCHZY,code,L,70002600,CP,2006-01-07T09:30,2006-01-07T09:50,LEH,2022406920
NYTLCHZY,code,L,70002601,CP,2006-01-07T15:00,2006-01-07T15:20,URO,2022406920
NYTLCHZY,code,L,70002602,CP,2006-01-07T15:40,2006-01-07T17:10,LEH,2022406920
NYTLCHZY,code,L,70002603,CP,2006-01-07T17:50,2006-01-07T19:10,LYS,2022406920
NYTLCHZY,code,L,70002604,CP,2006-01-07T19:30,2006-01-07T20:35,URO,2022406920
OKLSWUQR,code,L,70002597,FO,2006-01-07T04:00,2006-01-07T05:20,LEH,2022406920
OKLSWUQR,code,L,70002598,FO,2006-01-07T05:40,2006-01-07T07:00,URO,2022406920
OKLSWUQR,code,L,70002599,FO,2006-01-07T07:40,2006-01-07T09:10,LYS,2022406920
OKLSWUQR,code,L,70002600,FO,2006-01-07T09:30,2006-01-07T09:50,LEH,2022406920
OKLSWUQR,code,L,70002601,FO,2006-01-07T15:00,2006-01-07T15:20,URO,2022406920
OKLSWUQR,code,L,70002602,FO,2006-01-07T15:40,2006-01-07T17:10,LEH,2022406920
OKLSWUQR,code,L,70002603,FO,2006-01-07T17:50,2006-01-07T19:10,LYS,2022406920
OKLSWUQR,code,L,70002604,FO,2006-01-07T19:30,2006-01-07T20:35,URO,2022406920
WPDSISFO,code,L,70002597,CSD,2006-01-07T04:00,2006-01-07T05:20,LEH,2022406920
WPDSISFO,code,L,70002598,CSD,2006-01-07T05:40,2006-01-07T07:00,URO,2022406920
WPDSISFO,code,L,70002599,CSD,2006-01-07T07:40,2006-01-07T09:10,LYS,2022406920
WPDSISFO,code,L,70002600,CSD,2006-01-07T09:30,2006-01-07T09:50,LEH,2022406920
WPDSISFO,code,L,70002601,CSD,2006-01-07T15:00,2006-01-07T15:20,URO,2022406920
WPDSISFO,code,L,70002602,CSD,2006-01-07T15:40,2006-01-07T17:10,LEH,2022406920
WPDSISFO,code,L,70002603,CSD,2006-01-07T17:50,2006-01-07T19:10,LYS,2022406920
WPDSISFO,code,L,70002604,CSD,2006-01-07T19:30,2006-01-07T20:35,URO,2022406920
UUMSGKGH,code,L,70002597,ST,2006-01-07T04:00,2006-01-07T05:20,LEH,2022406920
UUMSGKGH,code,L,70002598,ST,2006-01-07T05:40,2006-01-07T07:00,URO,2022406920
UUMSGKGH,code,L,70002599,ST,2006-01-07T07:40,2006-01-07T09:10,LYS,2022406920
UUMSGKGH,code,L,70002600,ST,2006-01-07T09:30,2006-01-07T09:50,LEH,2022406920
UUMSGKGH,code,L,70002601,ST,2006-01-07T15:00,2006-01-07T15:20,URO,2022406920
UUMSGKGH,code,L,70002602,ST,2006-01-07T15:40,2006-01-07T17:10,LEH,2022406920
UUMSGKGH,code,L,70002603,ST,2006-01-07T17:50,2006-01-07T19:10,LYS,2022406920
UUMSGKGH,code,L,70002604,ST,2006-01-07T19:30,2006-01-07T20:35,URO,2022406920
OWLYHRJM,code,L,70002597,ST,2006-01-07T04:00,2006-01-07T05:20,LEH,2022406920
OWLYHRJM,code,L,70002598,ST,2006-01-07T05:40,2006-01-07T07:00,URO,2022406920
OWLYHRJM,code,L,70002599,ST,2006-01-07T07:40,2006-01-07T09:10,LYS,2022406920
OWLYHRJM,code,L,70002600,ST,2006-01-07T09:30,2006-01-07T09:50,LEH,2022406920
OWLYHRJM,code,L,70002601,ST,2006-01-07T15:00,2006-01-07T15:20,URO,2022406920
OWLYHRJM,code,L,70002602,ST,2006-01-07T15:40,2006-01-07T17:10,LEH,2022406920
OWLYHRJM,code,L,70002603,ST,2006-01-07T17:50,2006-01-07T19:10,LYS,2022406920
OWLYHRJM,code,L,70002604,ST,2006-01-07T19:30,2006-01-07T20:35,URO,2022406920
DZNHIFYD,code,L,70002597,ST,2006-01-07T04:00,2006-01-07T05:20,LEH,2022406920
DZNHIFYD,code,L,70002598,ST,2006-01-07T05:40,2006-01-07T07:00,URO,2022406920
DZNHIFYD,code,L,70002599,ST,2006-01-07T07:40,2006-01-07T09:10,LYS,2022406920
DZNHIFYD,code,L,70002600,ST,2006-01-07T09:30,2006-01-07T09:50,LEH,2022406920
DZNHIFYD,code,L,70002601,ST,2006-01-07T15:00,2006-01-07T15:20,URO,2022406920
DZNHIFYD,code,L,70002602,ST,2006-01-07T15:40,2006-01-07T17:10,LEH,2022406920
DZNHIFYD,code,L,70002603,ST,2006-01-07T17:50,2006-01-07T19:10,LYS,2022406920
DZNHIFYD,code,L,70002604,ST,2006-01-07T19:30,2006-01-07T20:35,URO,2022406920
ZWBKGEYN,code,L,70005123,CP,2006-01-07T04:05,2006-01-07T07:20,TLS,2138821259
ZWBKGEYN,code,L,70005124,CP,2006-01-07T08:25,2006-01-07T11:05,AMS,2138821259
UEHCPRTD,code,L,70005123,FO,2006-01-07T04:05,2006-01-07T07:20,TLS,2138821259
UEHCPRTD,code,L,70005124,FO,2006-01-07T08:25,2006-01-07T11:05,AMS,2138821259
YTLCJGXI,code,L,70005123,CS,2006-01-07T04:05,2006-01-07T07:20,TLS,2138821259
YTLCJGXI,code,L,70005124,CS,2006-01-07T08:25,2006-01-07T11:05,AMS,2138821259
QODMXJLO,code,L,70005123,ST,2006-01-07T04:05,2006-01-07T07:20,TLS,2138821259
QODMXJLO,code,L,70005124,ST,2006-01-07T08:25,2006-01-07T11:05,AMS,2138821259
TUDDWJNQ,code,L,70005123,ST,2006-01-07T04:05,2006-01-07T07:20,TLS,2138821259
TUDDWJNQ,code,L,70005124,ST,2006-01-07T08:25,2006-01-07T11:05,AMS,2138821259
SSGEAIBX,code,L,70004600,CP,2006-01-07T04:25,2006-01-07T06:45,BES,2125508764
SSGEAIBX,code,L,70004599,CP,2006-01-07T09:30,2006-01-07T11:30,CDG,2125508764
CKFNKUXJ,code,L,70004600,FO,2006-01-07T04:25,2006-01-07T06:45,BES,2125508764
CKFNKUXJ,code,L,70004599,FO,2006-01-07T09:30,2006-01-07T11:30,CDG,2125508764
HQRVVBSV,code,L,70004600,CSD,2006-01-07T04:25,2006-01-07T06:45,BES,2125508764
HQRVVBSV,code,L,70004599,CSD,2006-01-07T09:30,2006-01-07T11:30,CDG,2125508764
PVKPUJEI,code,L,70004600,CSD,2006-01-07T04:25,2006-01-07T06:45,BES,2125508764
PVKPUJEI,code,L,70004599,CSD,2006-01-07T09:30,2006-01-07T11:30,CDG,2125508764
IELMPBMI,code,L,70004600,ST,2006-01-07T04:25,2006-01-07T06:45,BES,2125508764
IELMPBMI,code,L,70004599,ST,2006-01-07T09:30,2006-01-07T11:30,CDG,2125508764
QAQSPZLV,code,L,70004600,ST,2006-01-07T04:25,2006-01-07T06:45,BES,2125508764
QAQSPZLV,code,L,70004599,ST,2006-01-07T09:30,2006-01-07T11:30,CDG,2125508764
EKVHBFIN,code,L,70004600,ST,2006-01-07T04:25,2006-01-07T06:45,BES,2125508764
EKVHBFIN,code,L,70004599,ST,2006-01-07T09:30,2006-01-07T11:30,CDG,2125508764
IXVHYYXX,code,L,70004600,ST,2006-01-07T04:25,2006-01-07T06:45,BES,2125508764
IXVHYYXX,code,L,70004599,ST,2006-01-07T09:30,2006-01-07T11:30,CDG,2125508764
RTZFKCJG,code,L,70002653,CP,2006-01-07T04:25,2006-01-07T06:55,BES,1501688522
RTZFKCJG,code,L,70002654,CP,2006-01-07T07:40,2006-01-07T09:15,LYS,1501688522
RTZFKCJG,code,L,70002657,CP,2006-01-07T10:05,2006-01-07T11:45,BES,1501688522
RTZFKCJG,code,L,70002658,CP,2006-01-07T12:25,2006-01-07T14:50,MRS,1501688522
FIGGCTER,code,L,70002653,FO,2006-01-07T04:25,2006-01-07T06:55,BES,1501688522
FIGGCTER,code,L,70002654,FO,2006-01-07T07:40,2006-01-07T09:15,LYS,1501688522
FIGGCTER,code,L,70002657,FO,2006-01-07T10:05,2006-01-07T11:45,BES,1501688522
FIGGCTER,code,L,70002658,FO,2006-01-07T12:25,2006-01-07T14:50,MRS,1501688522
QEDKDGTF,code,L,70002653,CSD,2006-01-07T04:25,2006-01-07T06:55,BES,1501688522
QEDKDGTF,code,L,70002654,CSD,2006-01-07T07:40,2006-01-07T09:15,LYS,1501688522
QEDKDGTF,code,L,70002657,CSD,2006-01-07T10:05,2006-01-07T11:45,BES,1501688522
QEDKDGTF,code,L,70002658,CSD,2006-01-07T12:25,2006-01-07T14:50,MRS,1501688522
XWMQYEFY,code,L,70002653,ST,2006-01-07T04:25,2006-01-07T06:55,BES,1501688522
XWMQYEFY,code,L,70002654,ST,2006-01-07T07:40,2006-01-07T09:15,LYS,1501688522
XWMQYEFY,code,L,70002657,ST,2006-01-07T10:05,2006-01-07T11:45,BES,1501688522
XWMQYEFY,code,L,70002658,ST,2006-01-07T12:25,2006-01-07T14:50,MRS,1501688522
PLCWUFPS,code,L,70002653,ST,2006-01-07T04:25,2006-01-07T06:55,BES,1501688522
PLCWUFPS,code,L,70002654,ST,2006-01-07T07:40,2006-01-07T09:15,LYS,1501688522
PLCWUFPS,code,L,70002657,ST,2006-01-07T10:05,2006-01-07T11:45,BES,1501688522
PLCWUFPS,code,L,70002658,ST,2006-01-07T12:25,2006-01-07T14:50,MRS,1501688522
LNQTGHVH,code,L,70002653,ST,2006-01-07T04:25,2006-01-07T06:55,BES,1501688522
LNQTGHVH,code,L,70002654,ST,2006-01-07T07:40,2006-01-07T09:15,LYS,1501688522
LNQTGHVH,code,L,70002657,ST,2006-01-07T10:05,2006-01-07T11:45,BES,1501688522
LNQTGHVH,code,L,70002658,ST,2006-01-07T12:25,2006-01-07T14:50,MRS,1501688522
HZLDFNOZ,code,L,70002587,CP,2006-01-07T04:25,2006-01-07T06:35,CFR,48190158
HZLDFNOZ,code,L,70002588,CP,2006-01-07T07:40,2006-01-07T09:40,LYS,48190158
YWXIZWLL,code,L,70002587,FO,2006-01-07T04:25,2006-01-07T06:35,CFR,48190158
YWXIZWLL,code,L,70002588,FO,2006-01-07T07:40,2006-01-07T09:40,LYS,48190158
WFGSFUJS,code,L,70002587,CSD,2006-01-07T04:25,2006-01-07T06:35,CFR,48190158
WFGSFUJS,code,L,70002588,CSD,2006-01-07T07:40,2006-01-07T09:40,LYS,48190158
CGHFEWYA,code,L,70002587,ST,2006-01-07T04:25,2006-01-07T06:35,CFR,48190158
CGHFEWYA,code,L,70002588,ST,2006-01-07T07:40,2006-01-07T09:40,LYS,48190158
CLHTUYWA,code,L,70002587,ST,2006-01-07T04:25,2006-01-07T06:35,CFR,48190158
CLHTUYWA,code,L,70002588,ST,2006-01-07T07:40,2006-01-07T09:40,LYS,48190158
RMNJULKE,code,L,70002587,ST,2006-01-07T04:25,2006-01-07T06:35,CFR,48190158
RMNJULKE,code,L,70002588,ST,2006-01-07T07:40,2006-01-07T09:40,LYS,48190158
BDRXFXRP,code,L,70004636,CP,2006-01-07T04:25,2006-01-07T06:55,PUF,2138614433
BDRXFXRP,code,L,70004639,CP,2006-01-07T07:30,2006-01-07T09:45,CDG,2138614433
KSSSWGJQ,code,L,70004636,FO,2006-01-07T04:25,2006-01-07T06:55,PUF,2138614433
KSSSWGJQ,code,L,70004639,FO,2006-01-07T07:30,2006-01-07T09:45,CDG,2138614433
GHALCWYG,code,L,70004636,CSD,2006-01-07T04:25,2006-01-07T06:55,PUF,2138614433
GHALCWYG,code,L,70004639,CSD,2006-01-07T07:30,2006-01-07T09:45,CDG,2138614433
KUVPLDZQ,code,L,70004636,ST,2006-01-07T04:25,2006-01-07T06:55,PUF,2138614433
KUVPLDZQ,code,L,70004639,ST,2006-01-07T07:30,2006-01-07T09:45,CDG,2138614433
ODCPUAHK,code,L,70004636,ST,2006-01-07T04:25,2006-01-07T06:55,PUF,2138614433
ODCPUAHK,code,L,70004639,ST,2006-01-07T07:30,2006-01-07T09:45,CDG,2138614433
ASPWYBHD,code,L,70004636,ST,2006-01-07T04:25,2006-01-07T06:55,PUF,2138614433
ASPWYBHD,code,L,70004639,ST,2006-01-07T07:30,2006-01-07T09:45,CDG,2138614433
WAYAYTBE,code,L,70002583,CP,2006-01-07T04:25,2006-01-07T06:25,RNS,1816610767
WAYAYTBE,code,L,70004543,CP,2006-01-07T10:25,2006-01-07T11:50,CDG,1816610767
WAYAYTBE,code,L,70004546,CP,2006-01-07T12:40,2006-01-07T14:10,MPL,1816610767
WAYAYTBE,code,L,70002586,CP,2006-01-07T19:00,2006-01-07T20:40,CDG,1816610767
DGLHUEBY,code,L,70002583,FO,2006-01-07T04:25,2006-01-07T06:25,RNS,1816610767
DGLHUEBY,code,L,70004543,FO,2006-01-07T10:25,2006-01-07T11:50,CDG,1816610767
DGLHUEBY,code,L,70004546,FO,2006-01-07T12:40,2006-01-07T14:10,MPL,1816610767
DGLHUEBY,code,L,70002586,FO,2006-01-07T19:00,2006-01-07T20:40,CDG,1816610767
JDERCSTV,code,L,70002583,CSD,2006-01-07T04:25,2006-01-07T06:25,RNS,1816610767
JDERCSTV,code,L,70004543,CSD,2006-01-07T10:25,2006-01-07T11:50,CDG,1816610767
JDERCSTV,code,L,70004546,CSD,2006-01-07T12:40,2006-01-07T14:10,MPL,1816610767
JDERCSTV,code,L,70002586,CSD,2006-01-07T19:00,2006-01-07T20:40,CDG,1816610767
LOUNHINW,code,L,70002583,ST,2006-01-07T04:25,2006-01-07T06:25,RNS,1816610767
LOUNHINW,code,L,70004543,ST,2006-01-07T10:25,2006-01-07T11:50,CDG,1816610767
LOUNHINW,code,L,70004546,ST,2006-01-07T12:40,2006-01-07T14:10,MPL,1816610767
LOUNHINW,code,L,70002586,ST,2006-01-07T19:00,2006-01-07T20:40,CDG,1816610767
BRVWRAWZ,code,L,70002583,ST,2006-01-07T04:25,2006-01-07T06:25,RNS,1816610767
BRVWRAWZ,code,L,70004543,ST,2006-01-07T10:25,2006-01-07T11:50,CDG,1816610767
BRVWRAWZ,code,L,70004546,ST,2006-01-07T12:40,2006-01-07T14:10,MPL,1816610767
BRVWRAWZ,code,L,70002586,ST,2006-01-07T19:00,2006-01-07T20:40,CDG,1816610767
PYMKLHXJ,code,L,70002583,ST,2006-01-07T04:25,2006-01-07T06:25,RNS,1816610767
PYMKLHXJ,code,L,70004543,ST,2006-01-07T10:25,2006-01-07T11:50,CDG,1816610767
PYMKLHXJ,code,L,70004546,ST,2006-01-07T12:40,2006-01-07T14:10,MPL,1816610767
PYMKLHXJ,code,L,70002586,ST,2006-01-07T19:00,2006-01-07T20:40,CDG,1816610767
CMZPANZE,code,L,70004194,CP,2006-01-07T04:30,2006-01-07T06:40,MLH,1709706839
CMZPANZE,code,L,70004195,CP,2006-01-07T08:15,2006-01-07T10:00,ORY,1709706839
IPJOGBSF,code,L,70004194,FO,2006-01-07T04:30,2006-01-07T06:40,MLH,1709706839
IPJOGBSF,code,L,70004195,FO,2006-01-07T08:15,2006-01-07T10:00,ORY,1709706839
ZGQUVUSY,code,L,70004194,CSD,2006-01-07T04:30,2006-01-07T06:40,MLH,1709706839
ZGQUVUSY,code,L,70004195,CSD,2006-01-07T08:15,2006-01-07T10:00,ORY,1709706839
JCBUINGY,code,L,70004194,CSD,2006-01-07T04:30,2006-01-07T06:40,MLH,1709706839
JCBUINGY,code,L,70004195,CSD,2006-01-07T08:15,2006-01-07T10:00,ORY,1709706839
PMLTUTYZ,code,L,70004194,ST,2006-01-07T04:30,2006-01-07T06:40,MLH,1709706839
PMLTUTYZ,code,L,70004195,ST,2006-01-07T08:15,2006-01-07T10:00,ORY,1709706839
RXYOYXTR,code,L,70004194,ST,2006-01-07T04:30,2006-01-07T06:40,MLH,1709706839
RXYOYXTR,code,L,70004195,ST,2006-01-07T08:15,2006-01-07T10:00,ORY,1709706839
LBCIUEKK,code,L,70004194,ST,2006-01-07T04:30,2006-01-07T06:40,MLH,1709706839
LBCIUEKK,code,L,70004195,ST,2006-01-07T08:15,2006-01-07T10:00,ORY,1709706839
UITHBSDK,code,L,70004194,ST,2006-01-07T04:30,2006-01-07T06:40,MLH,1709706839
UITHBSDK,code,L,70004195,ST,2006-01-07T08:15,2006-01-07T10:00,ORY,1709706839
ETQWNYAS,code,L,70002866,CP,2006-01-07T04:30,2006-01-07T06:50,MRS,830807798
ETQWNYAS,code,L,70002873,CP,2006-01-07T07:35,2006-01-07T09:35,ORY,830807798
CMHASCPB,code,L,70002866,FO,2006-01-07T04:30,2006-01-07T06:50,MRS,830807798
CMHASCPB,code,L,70002873,FO,2006-01-07T07:35,2006-01-07T09:35,ORY,830807798
FXBLNYXI,code,L,70002866,CSD,2006-01-07T04:30,2006-01-07T06:50,MRS,830807798
FXBLNYXI,code,L,70002873,CSD,2006-01-07T07:35,2006-01-07T09:35,ORY,830807798
GUUABOOL,code,L,70002866,CSD,2006-01-07T04:30,2006-01-07T06:50,MRS,830807798
GUUABOOL,code,L,70002873,CSD,2006-01-07T07:35,2006-01-07T09:35,ORY,830807798
CLPJKBKW,code,L,70002866,ST,2006-01-07T04:30,2006-01-07T06:50,MRS,830807798
CLPJKBKW,code,L,70002873,ST,2006-01-07T07:35,2006-01-07T09:35,ORY,830807798
DMOGXIYJ,code,L,70002866,ST,2006-01-07T04:30,2006-01-07T06:50,MRS,830807798
DMOGXIYJ,code,L,70002873,ST,2006-01-07T07:35,2006-01-07T09:35,ORY,830807798
NEMWFMUX,code,L,70002866,ST,2006-01-07T04:30,2006-01-07T06:50,MRS,830807798
NEMWFMUX,code,L,70002873,ST,2006-01-07T07:35,2006-01-07T09:35,ORY,830807798
AXPZJVJI,code,L,70002866,ST,2006-01-07T04:30,2006-01-07T06:50,MRS,830807798
AXPZJVJI,code,L,70002873,ST,2006-01-07T07:35,2006-01-07T09:35,ORY,830807798
BYWVMHEL,code,L,70002573,CP,2006-01-07T04:30,2006-01-07T06:35,LIG,791771284
BYWVMHEL,code,L,70002574,CP,2006-01-07T08:00,2006-01-07T09:00,ORY,791771284
BYWVMHEL,code,L,70002581,CP,2006-01-07T10:05,2006-01-07T11:20,LIG,791771284
BYWVMHEL,code,L,70002582,CP,2006-01-07T12:30,2006-01-07T14:30,CDG,791771284
TWMLXPJY,code,L,70002573,FO,2006-01-07T04:30,2006-01-07T06:35,LIG,791771284
TWMLXPJY,code,L,70002574,FO,2006-01-07T08:00,2006-01-07T09:00,ORY,791771284
TWMLXPJY,code,L,70002581,FO,2006-01-07T10:05,2006-01-07T11:20,LIG,791771284
TWMLXPJY,code,L,70002582,FO,2006-01-07T12:30,2006-01-07T14:30,CDG,791771284
KNYTFNRJ,code,L,70002573,CSD,2006-01-07T04:30,2006-01-07T06:35,LIG,791771284
KNYTFNRJ,code,L,70002574,CSD,2006-01-07T08:00,2006-01-07T09:00,ORY,791771284
KNYTFNRJ,code,L,70002581,CSD,2006-01-07T10:05,2006-01-07T11:20,LIG,791771284
KNYTFNRJ,code,L,70002582,CSD,2006-01-07T12:30,2006-01-07T14:30,CDG,791771284
GEZLEMWD,code,L,70002573,ST,2006-01-07T04:30,2006-01-07T06:35,LIG,791771284
GEZLEMWD,code,L,70002574,ST,2006-01-07T08:00,2006-01-07T09:00,ORY,791771284
GEZLEMWD,code,L,70002581,ST,2006-01-07T10:05,2006-01-07T11:20,LIG,791771284
GEZLEMWD,code,L,70002582,ST,2006-01-07T12:30,2006-01-07T14:30,CDG,791771284
CLBWDHFL,code,L,70002573,ST,2006-01-07T04:30,2006-01-07T06:35,LIG,791771284
CLBWDHFL,code,L,70002574,ST,2006-01-07T08:00,2006-01-07T09:00,ORY,791771284
CLBWDHFL,code,L,70002581,ST,2006-01-07T10:05,2006-01-07T11:20,LIG,791771284
CLBWDHFL,code,L,70002582,ST,2006-01-07T12:30,2006-01-07T14:30,CDG,791771284
MLCSMUEV,code,L,70002573,ST,2006-01-07T04:30,2006-01-07T06:35,LIG,791771284
MLCSMUEV,code,L,70002574,ST,2006-01-07T08:00,2006-01-07T09:00,ORY,791771284
MLCSMUEV,code,L,70002581,ST,2006-01-07T10:05,2006-01-07T11:20,LIG,791771284
MLCSMUEV,code,L,70002582,ST,2006-01-07T12:30,2006-01-07T14:30,CDG,791771284
SWAFQAMS,code,L,70002613,CP,2006-01-07T04:30,2006-01-07T06:45,RNS,2113437503
SWAFQAMS,code,L,70002614,CP,2006-01-07T07:45,2006-01-07T09:50,LYS,2113437503
FJESPDDE,code,L,70002613,FO,2006-01-07T04:30,2006-01-07T06:45,RNS,2113437503
FJESPDDE,code,L,70002614,FO,2006-01-07T07:45,2006-01-07T09:50,LYS,2113437503
JJAROJIO,code,L,70002613,CS,2006-01-07T04:30,2006-01-07T06:45,RNS,2113437503
JJAROJIO,code,L,70002614,CS,2006-01-07T07:45,2006-01-07T09:50,LYS,2113437503
EKOLFJHT,code,L,70002613,ST,2006-01-07T04:30,2006-01-07T06:45,RNS,2113437503
EKOLFJHT,code,L,70002614,ST,2006-01-07T07:45,2006-01-07T09:50,LYS,2113437503
CTXBAEKM,code,L,70002613,ST,2006-01-07T04:30,2006-01-07T06:45,RNS,2113437503
CTXBAEKM,code,L,70002614,ST,2006-01-07T07:45,2006-01-07T09:50,LYS,2113437503
JDAFWLLJ,code,L,70004334,CP,2006-01-07T04:30,2006-01-07T06:45,AVN,1162073078
JDAFWLLJ,code,L,70004333,CP,2006-01-07T08:15,2006-01-07T09:30,ORY,1162073078
JDAFWLLJ,code,L,70004336,CP,2006-01-07T10:05,2006-01-07T11:20,AVN,1162073078
JDAFWLLJ,code,L,70004337,CP,2006-01-07T12:20,2006-01-07T14:20,ORY,1162073078
BTHUOBNC,code,L,70004334,FO,2006-01-07T04:30,2006-01-07T06:45,AVN,1162073078
BTHUOBNC,code,L,70004333,FO,2006-01-07T08:15,2006-01-07T09:30,ORY,1162073078
BTHUOBNC,code,L,70004336,FO,2006-01-07T10:05,2006-01-07T11:20,AVN,1162073078
BTHUOBNC,code,L,70004337,FO,2006-01-07T12:20,2006-01-07T14:20,ORY,1162073078
AWDLAQDS,code,L,70004334,CSD,2006-01-07T04:30,2006-01-07T06:45,AVN,1162073078
AWDLAQDS,code,L,70004333,CSD,2006-01-07T08:15,2006-01-07T09:30,ORY,1162073078
AWDLAQDS,code,L,70004336,CSD,2006-01-07T10:05,2006-01-07T11:20,AVN,1162073078
AWDLAQDS,code,L,70004337,CSD,2006-01-07T12:20,2006-01-07T14:20,ORY,1162073078
RLUZUBJQ,code,L,70004334,ST,2006-01-07T04:30,2006-01-07T06:45,AVN,1162073078
RLUZUBJQ,code,L,70004333,ST,2006-01-07T08:15,2006-01-07T09:30,ORY,1162073078
RLUZUBJQ,code,L,70004336,ST,2006-01-07T10:05,2006-01-07T11:20,AVN,1162073078
RLUZUBJQ,code,L,70004337,ST,2006-01-07T12:20,2006-01-07T14:20,ORY,1162073078
WHMLEZXQ,code,L,70004334,ST,2006-01-07T04:30,2006-01-07T06:45,AVN,1162073078
WHMLEZXQ,code,L,70004333,ST,2006-01-07T08:15,2006-01-07T09:30,ORY,1162073078
WHMLEZXQ,code,L,70004336,ST,2006-01-07T10:05,2006-01-07T11:20,AVN,1162073078
WHMLEZXQ,code,L,70004337,ST,2006-01-07T12:20,2006-01-07T14:20,ORY,1162073078
YMJNTQPP,code,L,70004334,ST,2006-01-07T04:30,2006-01-07T06:45,AVN,1162073078
YMJNTQPP,code,L,70004333,ST,2006-01-07T08:15,2006-01-07T09:30,ORY,1162073078
YMJNTQPP,code,L,70004336,ST,2006-01-07T10:05,2006-01-07T11:20,AVN,1162073078
YMJNTQPP,code,L,70004337,ST,2006-01-07T12:20,2006-01-07T14:20,ORY,1162073078
YVWQWXUP,code,L,70002593,CP,2006-01-07T04:35,2006-01-07T06:35,LIG,1379662799
YVWQWXUP,code,L,70004504,CP,2006-01-07T10:00,2006-01-07T11:10,LYS,1379662799
YVWQWXUP,code,L,70004507,CP,2006-01-07T12:15,2006-01-07T13:25,CDG,1379662799
YVWQWXUP,code,L,70004508,CP,2006-01-07T16:00,2006-01-07T17:10,LYS,1379662799
YVWQWXUP,code,L,70004511,CP,2006-01-07T17:55,2006-01-07T19:05,CDG,1379662799
YVWQWXUP,code,L,70004512,CP,2006-01-07T19:55,2006-01-07T21:40,LYS,1379662799
KXBJSGMB,code,L,70002593,FO,2006-01-07T04:35,2006-01-07T06:35,LIG,1379662799
KXBJSGMB,code,L,70004504,FO,2006-01-07T10:00,2006-01-07T11:10,LYS,1379662799
KXBJSGMB,code,L,70004507,FO,2006-01-07T12:15,2006-01-07T13:25,CDG,1379662799
KXBJSGMB,code,L,70004508,FO,2006-01-07T16:00,2006-01-07T17:10,LYS,1379662799
KXBJSGMB,code,L,70004511,FO,2006-01-07T17:55,2006-01-07T19:05,CDG,1379662799
KXBJSGMB,code,L,70004512,FO,2006-01-07T19:55,2006-01-07T21:40,LYS,1379662799
GUFJADUA,code,L,70002593,CSD,2006-01-07T04:35,2006-01-07T06:35,LIG,1379662799
GUFJADUA,code,L,70004504,CSD,2006-01-07T10:00,2006-01-07T11:10,LYS,1379662799
GUFJADUA,code,L,70004507,CSD,2006-01-07T12:15,2006-01-07T13:25,CDG,1379662799
GUFJADUA,code,L,70004508,CSD,2006-01-07T16:00,2006-01-07T17:10,LYS,1379662799
GUFJADUA,code,L,70004511,CSD,2006-01-07T17:55,2006-01-07T19:05,CDG,1379662799
GUFJADUA,code,L,70004512,CSD,2006-01-07T19:55,2006-01-07T21:40,LYS,1379662799
SVDKVRBK,code,L,70002593,CSD,2006-01-07T04:35,2006-01-07T06:35,LIG,1379662799
SVDKVRBK,code,L,70004504,CSD,2006-01-07T10:00,2006-01-07T11:10,LYS,1379662799
SVDKVRBK,code,L,70004507,CSD,2006-01-07T12:15,2006-01-07T13:25,CDG,1379662799
SVDKVRBK,code,L,70004508,CSD,2006-01-07T16:00,2006-01-07T17:10,LYS,1379662799
SVDKVRBK,code,L,70004511,CSD,2006-01-07T17:55,2006-01-07T19:05,CDG,1379662799
SVDKVRBK,code,L,70004512,CSD,2006-01-07T19:55,2006-01-07T21:40,LYS,1379662799
FZLAANRZ,code,L,70002593,ST,2006-01-07T04:35,2006-01-07T06:35,LIG,1379662799
FZLAANRZ,code,L,70004504,ST,2006-01-07T10:00,2006-01-07T11:10,LYS,1379662799
FZLAANRZ,code,L,70004507,ST,2006-01-07T12:15,2006-01-07T13:25,CDG,1379662799
FZLAANRZ,code,L,70004508,ST,2006-01-07T16:00,2006-01-07T17:10,LYS,1379662799
FZLAANRZ,code,L,70004511,ST,2006-01-07T17:55,2006-01-07T19:05,CDG,1379662799
FZLAANRZ,code,L,70004512,ST,2006-01-07T19:55,2006-01-07T21:40,LYS,1379662799
PERYPIWU,code,L,70002593,ST,2006-01-07T04:35,2006-01-07T06:35,LIG,1379662799
PERYPIWU,code,L,70004504,ST,2006-01-07T10:00,2006-01-07T11:10,LYS,1379662799
PERYPIWU,code,L,70004507,ST,2006-01-07T12:15,2006-01-07T13:25,CDG,1379662799
PERYPIWU,code,L,70004508,ST,2006-01-07T16:00,2006-01-07T17:10,LYS,1379662799
PERYPIWU,code,L,70004511,ST,2006-01-07T17:55,2006-01-07T19:05,CDG,1379662799
PERYPIWU,code,L,70004512,ST,2006-01-07T19:55,2006-01-07T21:40,LYS,1379662799
FQPAVUQM,code,L,70002593,ST,2006-01-07T04:35,2006-01-07T06:35,LIG,1379662799
FQPAVUQM,code,L,70004504,ST,2006-01-07T10:00,2006-01-07T11:10,LYS,1379662799
FQPAVUQM,code,L,70004507,ST,2006-01-07T12:15,2006-01-07T13:25,CDG,1379662799
FQPAVUQM,code,L,70004508,ST,2006-01-07T16:00,2006-01-07T17:10,LYS,1379662799
FQPAVUQM,code,L,70004511,ST,2006-01-07T17:55,2006-01-07T19:05,CDG,1379662799
FQPAVUQM,code,L,70004512,ST,2006-01-07T19:55,2006-01-07T21:40,LYS,1379662799
FVBAAFPJ,code,L,70002593,ST,2006-01-07T04:35,2006-01-07T06:35,LIG,1379662799
FVBAAFPJ,code,L,70004504,ST,2006-01-07T10:00,2006-01-07T11:10,LYS,1379662799
FVBAAFPJ,code,L,70004507,ST,2006-01-07T12:15,2006-01-07T13:25,CDG,1379662799
FVBAAFPJ,code,L,70004508,ST,2006-01-07T16:00,2006-01-07T17:10,LYS,1379662799
FVBAAFPJ,code,L,70004511,ST,2006-01-07T17:55,2006-01-07T19:05,CDG,1379662799
FVBAAFPJ,code,L,70004512,ST,2006-01-07T19:55,2006-01-07T21:40,LYS,1379662799
NQXRGPPX,code,L,70004684,CP,2006-01-07T04:35,2006-01-07T06:35,MRS,1104652174
NQXRGPPX,code,L,70004685,CP,2006-01-07T07:30,2006-01-07T09:15,LYS,1104652174
LNSGNHKS,code,L,70004684,FO,2006-01-07T04:35,2006-01-07T06:35,MRS,1104652174
LNSGNHKS,code,L,70004685,FO,2006-01-07T07:30,2006-01-07T09:15,LYS,1104652174
GYWSOHCN,code,L,70004684,CSD,2006-01-07T04:35,2006-01-07T06:35,MRS,1104652174
GYWSOHCN,code,L,70004685,CSD,2006-01-07T07:30,2006-01-07T09:15,LYS,1104652174
IWIFPQOJ,code,L,70004684,CSD,2006-01-07T04:35,2006-01-07T06:35,MRS,1104652174
IWIFPQOJ,code,L,70004685,CSD,2006-01-07T07:30,2006-01-07T09:15,LYS,1104652174
BAISMXIM,code,L,70004684,ST,2006-01-07T04:35,2006-01-07T06:35,MRS,1104652174
BAISMXIM,code,L,70004685,ST,2006-01-07T07:30,2006-01-07T09:15,LYS,1104652174
FGHEVOTA,code,L,70004684,ST,2006-01-07T04:35,2006-01-07T06:35,MRS,1104652174
FGHEVOTA,code,L,70004685,ST,2006-01-07T07:30,2006-01-07T09:15,LYS,1104652174
ZFBWLJEO,code,L,70004684,ST,2006-01-07T04:35,2006-01-07T06:35,MRS,1104652174
ZFBWLJEO,code,L,70004685,ST,2006-01-07T07:30,2006-01-07T09:15,LYS,1104652174
PESRMDQG,code,L,70004684,ST,2006-01-07T04:35,2006-01-07T06:35,MRS,1104652174
PESRMDQG,code,L,70004685,ST,2006-01-07T07:30,2006-01-07T09:15,LYS,1104652174
HNZODQFF,code,L,70004224,CP,2006-01-07T04:35,2006-01-07T06:50,BES,932725007
HNZODQFF,code,L,70004225,CP,2006-01-07T08:10,2006-01-07T10:05,ORY,932725007
FIUCCYXQ,code,L,70004224,FO,2006-01-07T04:35,2006-01-07T06:50,BES,932725007
FIUCCYXQ,code,L,70004225,FO,2006-01-07T08:10,2006-01-07T10:05,ORY,932725007
FDNPVGDL,code,L,70004224,CSD,2006-01-07T04:35,2006-01-07T06:50,BES,932725007
FDNPVGDL,code,L,70004225,CSD,2006-01-07T08:10,2006-01-07T10:05,ORY,932725007
GTDQVAWS,code,L,70004224,CSD,2006-01-07T04:35,2006-01-07T06:50,BES,932725007
GTDQVAWS,code,L,70004225,CSD,2006-01-07T08:10,2006-01-07T10:05,ORY,932725007
BLLVSBFK,code,L,70004224,ST,2006-01-07T04:35,2006-01-07T06:50,BES,932725007
BLLVSBFK,code,L,70004225,ST,2006-01-07T08:10,2006-01-07T10:05,ORY,932725007
DBWLGCZD,code,L,70004224,ST,2006-01-07T04:35,2006-01-07T06:50,BES,932725007
DBWLGCZD,code,L,70004225,ST,2006-01-07T08:10,2006-01-07T10:05,ORY,932725007
AHRZAJPJ,code,L,70004224,ST,2006-01-07T04:35,2006-01-07T06:50,BES,932725007
AHRZAJPJ,code,L,70004225,ST,2006-01-07T08:10,2006-01-07T10:05,ORY,932725007
PIXMXHVH,code,L,70004224,ST,2006-01-07T04:35,2006-01-07T06:50,BES,932725007
PIXMXHVH,code,L,70004225,ST,2006-01-07T08:10,2006-01-07T10:05,ORY,932725007
DDOJQHCI,code,L,70004584,CP,2006-01-07T04:35,2006-01-07T06:40,NTE,1485403625
DDOJQHCI,code,L,70004583,CP,2006-01-07T08:05,2006-01-07T09:55,CDG,1485403625
JLVAGSZL,code,L,70004584,FO,2006-01-07T04:35,2006-01-07T06:40,NTE,1485403625
JLVAGSZL,code,L,70004583,FO,2006-01-07T08:05,2006-01-07T09:55,CDG,1485403625
WBQQKNEA,code,L,70004584,CSD,2006-01-07T04:35,2006-01-07T06:40,NTE,1485403625
WBQQKNEA,code,L,70004583,CSD,2006-01-07T08:05,2006-01-07T09:55,CDG,1485403625
BDMRLPGC,code,L,70004584,CSD,2006-01-07T04:35,2006-01-07T06:40,NTE,1485403625
BDMRLPGC,code,L,70004583,CSD,2006-01-07T08:05,2006-01-07T09:55,CDG,1485403625
LLVVDHFI,code,L,70004584,ST,2006-01-07T04:35,2006-01-07T06:40,NTE,1485403625
LLVVDHFI,code,L,70004583,ST,2006-01-07T08:05,2006-01-07T09:55,CDG,1485403625
JEUBUZAX,code,L,70004584,ST,2006-01-07T04:35,2006-01-07T06:40,NTE,1485403625
JEUBUZAX,code,L,70004583,ST,2006-01-07T08:05,2006-01-07T09:55,CDG,1485403625
QCIWFNPF,code,L,70004584,ST,2006-01-07T04:35,2006-01-07T06:40,NTE,1485403625
QCIWFNPF,code,L,70004583,ST,2006-01-07T08:05,2006-01-07T09:55,CDG,1485403625
PTMLXTMQ,code,L,70004584,ST,2006-01-07T04:35,2006-01-07T06:40,NTE,1485403625
PTMLXTMQ,code,L,70004583,ST,2006-01-07T08:05,2006-01-07T09:55,CDG,1485403625
KPANPVZA,code,L,70004522,CP,2006-01-07T04:35,2006-01-07T06:40,CFE,346378500
KPANPVZA,code,L,70004517,CP,2006-01-07T07:15,2006-01-07T09:00,CDG,346378500
KQWOXFZK,code,L,70004522,FO,2006-01-07T04:35,2006-01-07T06:40,CFE,346378500
KQWOXFZK,code,L,70004517,FO,2006-01-07T07:15,2006-01-07T09:00,CDG,346378500
UDSLXGRX,code,L,70004522,CSD,2006-01-07T04:35,2006-01-07T06:40,CFE,346378500
UDSLXGRX,code,L,70004517,CSD,2006-01-07T07:15,2006-01-07T09:00,CDG,346378500
XRQFVWJE,code,L,70004522,ST,2006-01-07T04:35,2006-01-07T06:40,CFE,346378500
XRQFVWJE,code,L,70004517,ST,2006-01-07T07:15,2006-01-07T09:00,CDG,346378500
NCRWMAWF,code,L,70004522,ST,2006-01-07T04:35,2006-01-07T06:40,CFE,346378500
NCRWMAWF,code,L,70004517,ST,2006-01-07T07:15,2006-01-07T09:00,CDG,346378500
UQDAQPHD,code,L,70004522,ST,2006-01-07T04:35,2006-01-07T06:40,CFE,346378500
UQDAQPHD,code,L,70004517,ST,2006-01-07T07:15,2006-01-07T09:00,CDG,346378500
PKINAWHF,code,L,70004296,CP,2006-01-07T04:40,2006-01-07T06:35,CFE,534011718
PKINAWHF,code,L,70004295,CP,2006-01-07T08:10,2006-01-07T09:50,ORY,534011718
XBHBYUVB,code,L,70004296,FO,2006-01-07T04:40,2006-01-07T06:35,CFE,534011718
XBHBYUVB,code,L,70004295,FO,2006-01-07T08:10,2006-01-07T09:50,ORY,534011718
BMPEBJXY,code,L,70004296,CSD,2006-01-07T04:40,2006-01-07T06:35,CFE,534011718
BMPEBJXY,code,L,70004295,CSD,2006-01-07T08:10,2006-01-07T09:50,ORY,534011718
TIGPJOAZ,code,L,70004296,CSD,2006-01-07T04:40,2006-01-07T06:35,CFE,534011718
TIGPJOAZ,code,L,70004295,CSD,2006-01-07T08:10,2006-01-07T09:50,ORY,534011718
SSICANOT,code,L,70004296,ST,2006-01-07T04:40,2006-01-07T06:35,CFE,534011718
SSICANOT,code,L,70004295,ST,2006-01-07T08:10,2006-01-07T09:50,ORY,534011718
FONMZZVC,code,L,70004296,ST,2006-01-07T04:40,2006-01-07T06:35,CFE,534011718
FONMZZVC,code,L,70004295,ST,2006-01-07T08:10,2006-01-07T09:50,ORY,534011718
YUXDLHWX,code,L,70004296,ST,2006-01-07T04:40,2006-01-07T06:35,CFE,534011718
YUXDLHWX,code,L,70004295,ST,2006-01-07T08:10,2006-01-07T09:50,ORY,534011718
OTSPTYXG,code,L,70004296,ST,2006-01-07T04:40,2006-01-07T06:35,CFE,534011718
OTSPTYXG,code,L,70004295,ST,2006-01-07T08:10,2006-01-07T09:50,ORY,534011718
FBDWDQEK,code,L,70004314,CP,2006-01-07T04:40,2006-01-07T07:00,PUF,1406361028
FBDWDQEK,code,L,70004315,CP,2006-01-07T08:00,2006-01-07T10:00,ORY,1406361028
NGPZIAUG,code,L,70004314,FO,2006-01-07T04:40,2006-01-07T07:00,PUF,1406361028
NGPZIAUG,code,L,70004315,FO,2006-01-07T08:00,2006-01-07T10:00,ORY,1406361028
HFVAHIEZ,code,L,70004314,CSD,2006-01-07T04:40,2006-01-07T07:00,PUF,1406361028
HFVAHIEZ,code,L,70004315,CSD,2006-01-07T08:00,2006-01-07T10:00,ORY,1406361028
QBHFJXRW,code,L,70004314,CSD,2006-01-07T04:40,2006-01-07T07:00,PUF,1406361028
QBHFJXRW,code,L,70004315,CSD,2006-01-07T08:00,2006-01-07T10:00,ORY,1406361028
DTUZIFBF,code,L,70004314,ST,2006-01-07T04:40,2006-01-07T07:00,PUF,1406361028
DTUZIFBF,code,L,70004315,ST,2006-01-07T08:00,2006-01-07T10:00,ORY,1406361028
YYEWYXEI,code,L,70004314,ST,2006-01-07T04:40,2006-01-07T07:00,PUF,1406361028
YYEWYXEI,code,L,70004315,ST,2006-01-07T08:00,2006-01-07T10:00,ORY,1406361028
OQNOFQIH,code,L,70004314,ST,2006-01-07T04:40,2006-01-07T07:00,PUF,1406361028
OQNOFQIH,code,L,70004315,ST,2006-01-07T08:00,2006-01-07T10:00,ORY,1406361028
VZKGAMEV,code,L,70004314,ST,2006-01-07T04:40,2006-01-07T07:00,PUF,1406361028
VZKGAMEV,code,L,70004315,ST,2006-01-07T08:00,2006-01-07T10:00,ORY,1406361028
OPDBVEBD,code,L,70004404,CP,2006-01-07T04:40,2006-01-07T07:05,MPL,1321446349
OPDBVEBD,code,L,70004405,CP,2006-01-07T07:45,2006-01-07T09:45,ORY,1321446349
MEULXYFS,code,L,70004404,FO,2006-01-07T04:40,2006-01-07T07:05,MPL,1321446349
MEULXYFS,code,L,70004405,FO,2006-01-07T07:45,2006-01-07T09:45,ORY,1321446349
VIDWHHTJ,code,L,70004404,CSD,2006-01-07T04:40,2006-01-07T07:05,MPL,1321446349
VIDWHHTJ,code,L,70004405,CSD,2006-01-07T07:45,2006-01-07T09:45,ORY,1321446349
CZHBWFCO,code,L,70004404,CSD,2006-01-07T04:40,2006-01-07T07:05,MPL,1321446349
CZHBWFCO,code,L,70004405,CSD,2006-01-07T07:45,2006-01-07T09:45,ORY,1321446349
SXEJBVBN,code,L,70004404,ST,2006-01-07T04:40,2006-01-07T07:05,MPL,1321446349
SXEJBVBN,code,L,70004405,ST,2006-01-07T07:45,2006-01-07T09:45,ORY,1321446349
NKGZDNHV,code,L,70004404,ST,2006-01-07T04:40,2006-01-07T07:05,MPL,1321446349
NKGZDNHV,code,L,70004405,ST,2006-01-07T07:45,2006-01-07T09:45,ORY,1321446349
GUPTYMJO,code,L,70004404,ST,2006-01-07T04:40,2006-01-07T07:05,MPL,1321446349
GUPTYMJO,code,L,70004405,ST,2006-01-07T07:45,2006-01-07T09:45,ORY,1321446349
BPWZPZTB,code,L,70004404,ST,2006-01-07T04:40,2006-01-07T07:05,MPL,1321446349
BPWZPZTB,code,L,70004405,ST,2006-01-07T07:45,2006-01-07T09:45,ORY,1321446349
MWAYFFKB,code,L,70002966,CP,2006-01-07T04:40,2006-01-07T07:00,TLS,333461483
MWAYFFKB,code,L,70002973,CP,2006-01-07T07:50,2006-01-07T09:45,ORY,333461483
WDSGWYRZ,code,L,70002966,FO,2006-01-07T04:40,2006-01-07T07:00,TLS,333461483
WDSGWYRZ,code,L,70002973,FO,2006-01-07T07:50,2006-01-07T09:45,ORY,333461483
TIKSNQNF,code,L,70002966,CSD,2006-01-07T04:40,2006-01-07T07:00,TLS,333461483
TIKSNQNF,code,L,70002973,CSD,2006-01-07T07:50,2006-01-07T09:45,ORY,333461483
IKRIFKGH,code,L,70002966,CSD,2006-01-07T04:40,2006-01-07T07:00,TLS,333461483
IKRIFKGH,code,L,70002973,CSD,2006-01-07T07:50,2006-01-07T09:45,ORY,333461483
GVPBBXKS,code,L,70002966,ST,2006-01-07T04:40,2006-01-07T07:00,TLS,333461483
GVPBBXKS,code,L,70002973,ST,2006-01-07T07:50,2006-01-07T09:45,ORY,333461483
SOHQAFQP,code,L,70002966,ST,2006-01-07T04:40,2006-01-07T07:00,TLS,333461483
SOHQAFQP,code,L,70002973,ST,2006-01-07T07:50,2006-01-07T09:45,ORY,333461483
WLVETORW,code,L,70002966,ST,2006-01-07T04:40,2006-01-07T07:00,TLS,333461483
WLVETORW,code,L,70002973,ST,2006-01-07T07:50,2006-01-07T09:45,ORY,333461483
CZHOOPSU,code,L,70002966,ST,2006-01-07T04:40,2006-01-07T07:00,TLS,333461483
CZHOOPSU,code,L,70002973,ST,2006-01-07T07:50,2006-01-07T09:45,ORY,333461483
DSTKDAJN,code,L,70004576,CP,2006-01-07T04:40,2006-01-07T07:15,NCE,1008338748
DSTKDAJN,code,L,70004551,CP,2006-01-07T08:10,2006-01-07T09:35,CDG,1008338748
DSTKDAJN,code,L,70004552,CP,2006-01-07T10:30,2006-01-07T12:00,MPL,1008338748
DSTKDAJN,code,L,70004577,CP,2006-01-07T12:50,2006-01-07T14:10,CDG,1008338748
KZRZLKFK,code,L,70004576,FO,2006-01-07T04:40,2006-01-07T07:15,NCE,1008338748
KZRZLKFK,code,L,70004551,FO,2006-01-07T08:10,2006-01-07T09:35,CDG,1008338748
KZRZLKFK,code,L,70004552,FO,2006-01-07T10:30,2006-01-07T12:00,MPL,1008338748
KZRZLKFK,code,L,70004577,FO,2006-01-07T12:50,2006-01-07T14:10,CDG,1008338748
PQQFYCXK,code,L,70004576,CSD,2006-01-07T04:40,2006-01-07T07:15,NCE,1008338748
PQQFYCXK,code,L,70004551,CSD,2006-01-07T08:10,2006-01-07T09:35,CDG,1008338748
PQQFYCXK,code,L,70004552,CSD,2006-01-07T10:30,2006-01-07T12:00,MPL,1008338748
PQQFYCXK,code,L,70004577,CSD,2006-01-07T12:50,2006-01-07T14:10,CDG,1008338748
HYQSEAFS,code,L,70004576,CSD,2006-01-07T04:40,2006-01-07T07:15,NCE,1008338748
HYQSEAFS,code,L,70004551,CSD,2006-01-07T08:10,2006-01-07T09:35,CDG,1008338748
HYQSEAFS,code,L,70004552,CSD,2006-01-07T10:30,2006-01-07T12:00,MPL,1008338748
HYQSEAFS,code,L,70004577,CSD,2006-01-07T12:50,2006-01-07T14:10,CDG,1008338748
NJGFGNTT,code,L,70004576,ST,2006-01-07T04:40,2006-01-07T07:15,NCE,1008338748
NJGFGNTT,code,L,70004551,ST,2006-01-07T08:10,2006-01-07T09:35,CDG,1008338748
NJGFGNTT,code,L,70004552,ST,2006-01-07T10:30,2006-01-07T12:00,MPL,1008338748
NJGFGNTT,code,L,70004577,ST,2006-01-07T12:50,2006-01-07T14:10,CDG,1008338748
ZHCCJIYI,code,L,70004576,ST,2006-01-07T04:40,2006-01-07T07:15,NCE,1008338748
ZHCCJIYI,code,L,70004551,ST,2006-01-07T08:10,2006-01-07T09:35,CDG,1008338748
ZHCCJIYI,code,L,70004552,ST,2006-01-07T10:30,2006-01-07T12:00,MPL,1008338748
ZHCCJIYI,code,L,70004577,ST,2006-01-07T12:50,2006-01-07T14:10,CDG,1008338748
LDRPKSZK,code,L,70004576,ST,2006-01-07T04:40,2006-01-07T07:15,NCE,1008338748
LDRPKSZK,code,L,70004551,ST,2006-01-07T08:10,2006-01-07T09:35,CDG,1008338748
LDRPKSZK,code,L,70004552,ST,2006-01-07T10:30,2006-01-07T12:00,MPL,1008338748
LDRPKSZK,code,L,70004577,ST,2006-01-07T12:50,2006-01-07T14:10,CDG,1008338748
HUCLGRZE,code,L,70004576,ST,2006-01-07T04:40,2006-01-07T07:15,NCE,1008338748
HUCLGRZE,code,L,70004551,ST,2006-01-07T08:10,2006-01-07T09:35,CDG,1008338748
HUCLGRZE,code,L,70004552,ST,2006-01-07T10:30,2006-01-07T12:00,MPL,1008338748
HUCLGRZE,code,L,70004577,ST,2006-01-07T12:50,2006-01-07T14:10,CDG,1008338748
JXFWHZPP,code,L,70002543,CP,2006-01-07T04:40,2006-01-07T06:50,RDZ,262918833
JXFWHZPP,code,L,70002544,CP,2006-01-07T07:25,2006-01-07T09:15,ORY,262918833
QJXZCKWL,code,L,70002543,FO,2006-01-07T04:40,2006-01-07T06:50,RDZ,262918833
QJXZCKWL,code,L,70002544,FO,2006-01-07T07:25,2006-01-07T09:15,ORY,262918833
JHMNIPSD,code,L,70002543,CSD,2006-01-07T04:40,2006-01-07T06:50,RDZ,262918833
JHMNIPSD,code,L,70002544,CSD,2006-01-07T07:25,2006-01-07T09:15,ORY,262918833
PXVKRXVP,code,L,70002543,ST,2006-01-07T04:40,2006-01-07T06:50,RDZ,262918833
PXVKRXVP,code,L,70002544,ST,2006-01-07T07:25,2006-01-07T09:15,ORY,262918833
LXUHGJCK,code,L,70002543,ST,2006-01-07T04:40,2006-01-07T06:50,RDZ,262918833
LXUHGJCK,code,L,70002544,ST,2006-01-07T07:25,2006-01-07T09:15,ORY,262918833
WYXBLISN,code,L,70002543,ST,2006-01-07T04:40,2006-01-07T06:50,RDZ,262918833
WYXBLISN,code,L,70002544,ST,2006-01-07T07:25,2006-01-07T09:15,ORY,262918833
CFQUNMAR,code,L,70004694,CP,2006-01-07T04:40,2006-01-07T06:35,NCE,160225133
CFQUNMAR,code,L,70004693,CP,2006-01-07T07:50,2006-01-07T09:35,LYS,160225133
NIEVAUGH,code,L,70004694,FO,2006-01-07T04:40,2006-01-07T06:35,NCE,160225133
NIEVAUGH,code,L,70004693,FO,2006-01-07T07:50,2006-01-07T09:35,LYS,160225133
ALYRHTRG,code,L,70004694,CSD,2006-01-07T04:40,2006-01-07T06:35,NCE,160225133
ALYRHTRG,code,L,70004693,CSD,2006-01-07T07:50,2006-01-07T09:35,LYS,160225133
LHIEFEXZ,code,L,70004694,ST,2006-01-07T04:40,2006-01-07T06:35,NCE,160225133
LHIEFEXZ,code,L,70004693,ST,2006-01-07T07:50,2006-01-07T09:35,LYS,160225133
FBDBUDHS,code,L,70004694,ST,2006-01-07T04:40,2006-01-07T06:35,NCE,160225133
FBDBUDHS,code,L,70004693,ST,2006-01-07T07:50,2006-01-07T09:35,LYS,160225133
JQGYHETY,code,L,70004694,ST,2006-01-07T04:40,2006-01-07T06:35,NCE,160225133
JQGYHETY,code,L,70004693,ST,2006-01-07T07:50,2006-01-07T09:35,LYS,160225133
CIYPUXUB,code,L,70004364,CP,2006-01-07T04:45,2006-01-07T07:10,TLN,345545550
CIYPUXUB,code,L,70004363,CP,2006-01-07T07:55,2006-01-07T10:00,ORY,345545550
HAQYHBDB,code,L,70004364,FO,2006-01-07T04:45,2006-01-07T07:10,TLN,345545550
HAQYHBDB,code,L,70004363,FO,2006-01-07T07:55,2006-01-07T10:00,ORY,345545550
RXBMAOBR,code,L,70004364,CSD,2006-01-07T04:45,2006-01-07T07:10,TLN,345545550
RXBMAOBR,code,L,70004363,CSD,2006-01-07T07:55,2006-01-07T10:00,ORY,345545550
YHFPTQKY,code,L,70004364,CSD,2006-01-07T04:45,2006-01-07T07:10,TLN,345545550
YHFPTQKY,code,L,70004363,CSD,2006-01-07T07:55,2006-01-07T10:00,ORY,345545550
ZUNIDPTB,code,L,70004364,ST,2006-01-07T04:45,2006-01-07T07:10,TLN,345545550
ZUNIDPTB,code,L,70004363,ST,2006-01-07T07:55,2006-01-07T10:00,ORY,345545550
UAEBVFIT,code,L,70004364,ST,2006-01-07T04:45,2006-01-07T07:10,TLN,345545550
UAEBVFIT,code,L,70004363,ST,2006-01-07T07:55,2006-01-07T10:00,ORY,345545550
NRGSURSC,code,L,70004364,ST,2006-01-07T04:45,2006-01-07T07:10,TLN,345545550
NRGSURSC,code,L,70004363,ST,2006-01-07T07:55,2006-01-07T10:00,ORY,345545550
WXEGALHA,code,L,70004364,ST,2006-01-07T04:45,2006-01-07T07:10,TLN,345545550
WXEGALHA,code,L,70004363,ST,2006-01-07T07:55,2006-01-07T10:00,ORY,345545550
HMAJEVOG,code,L,70004673,CP,2006-01-07T04:45,2006-01-07T07:00,LIL,2130037697
HMAJEVOG,code,L,70004676,CP,2006-01-07T07:40,2006-01-07T09:40,LYS,2130037697
AASIRBTT,code,L,70004673,FO,2006-01-07T04:45,2006-01-07T07:00,LIL,2130037697
AASIRBTT,code,L,70004676,FO,2006-01-07T07:40,2006-01-07T09:40,LYS,2130037697
VNRJYFWN,code,L,70004673,CSD,2006-01-07T04:45,2006-01-07T07:00,LIL,2130037697
VNRJYFWN,code,L,70004676,CSD,2006-01-07T07:40,2006-01-07T09:40,LYS,2130037697
RZKMHRLP,code,L,70004673,CSD,2006-01-07T04:45,2006-01-07T07:00,LIL,2130037697
RZKMHRLP,code,L,70004676,CSD,2006-01-07T07:40,2006-01-07T09:40,LYS,2130037697
YEAUYDUG,code,L,70004673,ST,2006-01-07T04:45,2006-01-07T07:00,LIL,2130037697
YEAUYDUG,code,L,70004676,ST,2006-01-07T07:40,2006-01-07T09:40,LYS,2130037697
OIUCNMSG,code,L,70004673,ST,2006-01-07T04:45,2006-01-07T07:00,LIL,2130037697
OIUCNMSG,code,L,70004676,ST,2006-01-07T07:40,2006-01-07T09:40,LYS,2130037697
JWFDLAFT,code,L,70004673,ST,2006-01-07T04:45,2006-01-07T07:00,LIL,2130037697
JWFDLAFT,code,L,70004676,ST,2006-01-07T07:40,2006-01-07T09:40,LYS,2130037697
VTJIENKW,code,L,70004673,ST,2006-01-07T04:45,2006-01-07T07:00,LIL,2130037697
VTJIENKW,code,L,70004676,ST,2006-01-07T07:40,2006-01-07T09:40,LYS,2130037697
UJSWGVCC,code,L,70004723,CP,2006-01-07T04:45,2006-01-07T07:00,NTE,263157300
UJSWGVCC,code,L,70004726,CP,2006-01-07T07:55,2006-01-07T09:55,LYS,263157300
HFAWHREX,code,L,70004723,FO,2006-01-07T04:45,2006-01-07T07:00,NTE,263157300
HFAWHREX,code,L,70004726,FO,2006-01-07T07:55,2006-01-07T09:55,LYS,263157300
AFXAIAOF,code,L,70004723,CSD,2006-01-07T04:45,2006-01-07T07:00,NTE,263157300
AFXAIAOF,code,L,70004726,CSD,2006-01-07T07:55,2006-01-07T09:55,LYS,263157300
SYHYSKRV,code,L,70004723,CSD,2006-01-07T04:45,2006-01-07T07:00,NTE,263157300
SYHYSKRV,code,L,70004726,CSD,2006-01-07T07:55,2006-01-07T09:55,LYS,263157300
JNALDLNB,code,L,70004723,ST,2006-01-07T04:45,2006-01-07T07:00,NTE,263157300
JNALDLNB,code,L,70004726,ST,2006-01-07T07:55,2006-01-07T09:55,LYS,263157300
NKTCNAKD,code,L,70004723,ST,2006-01-07T04:45,2006-01-07T07:00,NTE,263157300
NKTCNAKD,code,L,70004726,ST,2006-01-07T07:55,2006-01-07T09:55,LYS,263157300
QMADYPVO,code,L,70004723,ST,2006-01-07T04:45,2006-01-07T07:00,NTE,263157300
QMADYPVO,code,L,70004726,ST,2006-01-07T07:55,2006-01-07T09:55,LYS,263157300
NCIWLVRH,code,L,70004723,ST,2006-01-07T04:45,2006-01-07T07:00,NTE,263157300
NCIWLVRH,code,L,70004726,ST,2006-01-07T07:55,2006-01-07T09:55,LYS,263157300
MADTSTLU,code,L,70002524,CP,2006-01-07T04:45,2006-01-07T06:55,UIP,1196878155
MADTSTLU,code,L,70002523,CP,2006-01-07T07:45,2006-01-07T08:50,ORY,1196878155
MADTSTLU,code,L,70002526,CP,2006-01-07T09:45,2006-01-07T10:55,UIP,1196878155
MADTSTLU,code,L,70002798,CP,2006-01-07T13:00,2006-01-07T14:45,ORY,1196878155
TAMFNJDI,code,L,70002524,FO,2006-01-07T04:45,2006-01-07T06:55,UIP,1196878155
TAMFNJDI,code,L,70002523,FO,2006-01-07T07:45,2006-01-07T08:50,ORY,1196878155
TAMFNJDI,code,L,70002526,FO,2006-01-07T09:45,2006-01-07T10:55,UIP,1196878155
TAMFNJDI,code,L,70002798,FO,2006-01-07T13:00,2006-01-07T14:45,ORY,1196878155
YQPXGEHM,code,L,70002524,CSD,2006-01-07T04:45,2006-01-07T06:55,UIP,1196878155
YQPXGEHM,code,L,70002523,CSD,2006-01-07T07:45,2006-01-07T08:50,ORY,1196878155
YQPXGEHM,code,L,70002526,CSD,2006-01-07T09:45,2006-01-07T10:55,UIP,1196878155
YQPXGEHM,code,L,70002798,CSD,2006-01-07T13:00,2006-01-07T14:45,ORY,1196878155
LCAYZISR,code,L,70002524,ST,2006-01-07T04:45,2006-01-07T06:55,UIP,1196878155
LCAYZISR,code,L,70002523,ST,2006-01-07T07:45,2006-01-07T08:50,ORY,1196878155
LCAYZISR,code,L,70002526,ST,2006-01-07T09:45,2006-01-07T10:55,UIP,1196878155
LCAYZISR,code,L,70002798,ST,2006-01-07T13:00,2006-01-07T14:45,ORY,1196878155
MFSNTYEC,code,L,70002524,ST,2006-01-07T04:45,2006-01-07T06:55,UIP,1196878155
MFSNTYEC,code,L,70002523,ST,2006-01-07T07:45,2006-01-07T08:50,ORY,1196878155
MFSNTYEC,code,L,70002526,ST,2006-01-07T09:45,2006-01-07T10:55,UIP,1196878155
MFSNTYEC,code,L,70002798,ST,2006-01-07T13:00,2006-01-07T14:45,ORY,1196878155
AHPQKHNK,code,L,70002524,ST,2006-01-07T04:45,2006-01-07T06:55,UIP,1196878155
AHPQKHNK,code,L,70002523,ST,2006-01-07T07:45,2006-01-07T08:50,ORY,1196878155
AHPQKHNK,code,L,70002526,ST,2006-01-07T09:45,2006-01-07T10:55,UIP,1196878155
AHPQKHNK,code,L,70002798,ST,2006-01-07T13:00,2006-01-07T14:45,ORY,1196878155
EPCPMFYF,code,L,70004764,CP,2006-01-07T04:45,2006-01-07T07:10,NCE,1835196615
EPCPMFYF,code,L,70004765,CP,2006-01-07T07:45,2006-01-07T09:00,BOD,1835196615
EPCPMFYF,code,L,70003076,CP,2006-01-07T11:35,2006-01-07T13:00,NCE,1835196615
EPCPMFYF,code,L,70003063,CP,2006-01-07T14:00,2006-01-07T16:10,ORY,1835196615
IIVUZVCC,code,L,70004764,FO,2006-01-07T04:45,2006-01-07T07:10,NCE,1835196615
IIVUZVCC,code,L,70004765,FO,2006-01-07T07:45,2006-01-07T09:00,BOD,1835196615
IIVUZVCC,code,L,70003076,FO,2006-01-07T11:35,2006-01-07T13:00,NCE,1835196615
IIVUZVCC,code,L,70003063,FO,2006-01-07T14:00,2006-01-07T16:10,ORY,1835196615
KQOIEMMV,code,L,70004764,CS,2006-01-07T04:45,2006-01-07T07:10,NCE,1835196615
KQOIEMMV,code,L,70004765,CS,2006-01-07T07:45,2006-01-07T09:00,BOD,1835196615
KQOIEMMV,code,L,70003076,CS,2006-01-07T11:35,2006-01-07T13:00,NCE,1835196615
KQOIEMMV,code,L,70003063,CS,2006-01-07T14:00,2006-01-07T16:10,ORY,1835196615
GHWSEQMC,code,L,70004764,ST,2006-01-07T04:45,2006-01-07T07:10,NCE,1835196615
GHWSEQMC,code,L,70004765,ST,2006-01-07T07:45,2006-01-07T09:00,BOD,1835196615
GHWSEQMC,code,L,70003076,ST,2006-01-07T11:35,2006-01-07T13:00,NCE,1835196615
GHWSEQMC,code,L,70003063,ST,2006-01-07T14:00,2006-01-07T16:10,ORY,1835196615
AWGEYPMP,code,L,70004764,ST,2006-01-07T04:45,2006-01-07T07:10,NCE,1835196615
AWGEYPMP,code,L,70004765,ST,2006-01-07T07:45,2006-01-07T09:00,BOD,1835196615
AWGEYPMP,code,L,70003076,ST,2006-01-07T11:35,2006-01-07T13:00,NCE,1835196615
AWGEYPMP,code,L,70003063,ST,2006-01-07T14:00,2006-01-07T16:10,ORY,1835196615
JVITHBMG,code,L,70002965,CP,2006-01-07T04:50,2006-01-07T07:00,ORY,182621155
JVITHBMG,code,L,70002974,CP,2006-01-07T07:40,2006-01-07T09:45,TLS,182621155
GMIQUWDY,code,L,70002965,FO,2006-01-07T04:50,2006-01-07T07:00,ORY,182621155
GMIQUWDY,code,L,70002974,FO,2006-01-07T07:40,2006-01-07T09:45,TLS,182621155
VSOMCVZR,code,L,70002965,CSD,2006-01-07T04:50,2006-01-07T07:00,ORY,182621155
VSOMCVZR,code,L,70002974,CSD,2006-01-07T07:40,2006-01-07T09:45,TLS,182621155
TGKAYQSD,code,L,70002965,CSD,2006-01-07T04:50,2006-01-07T07:00,ORY,182621155
TGKAYQSD,code,L,70002974,CSD,2006-01-07T07:40,2006-01-07T09:45,TLS,182621155
DIHSSCFU,code,L,70002965,ST,2006-01-07T04:50,2006-01-07T07:00,ORY,182621155
DIHSSCFU,code,L,70002974,ST,2006-01-07T07:40,2006-01-07T09:45,TLS,182621155
TGBFZILC,code,L,70002965,ST,2006-01-07T04:50,2006-01-07T07:00,ORY,182621155
TGBFZILC,code,L,70002974,ST,2006-01-07T07:40,2006-01-07T09:45,TLS,182621155
VIMUDPDR,code,L,70002965,ST,2006-01-07T04:50,2006-01-07T07:00,ORY,182621155
VIMUDPDR,code,L,70002974,ST,2006-01-07T07:40,2006-01-07T09:45,TLS,182621155
MGMFQOHH,code,L,70002965,ST,2006-01-07T04:50,2006-01-07T07:00,ORY,182621155
MGMFQOHH,code,L,70002974,ST,2006-01-07T07:40,2006-01-07T09:45,TLS,182621155
TZUNCROV,code,L,70004704,CP,2006-01-07T04:50,2006-01-07T06:50,TLS,1796576214
TZUNCROV,code,L,70004703,CP,2006-01-07T07:45,2006-01-07T09:35,LYS,1796576214
DDKFPOXN,code,L,70004704,FO,2006-01-07T04:50,2006-01-07T06:50,TLS,1796576214
DDKFPOXN,code,L,70004703,FO,2006-01-07T07:45,2006-01-07T09:35,LYS,1796576214
WDESHKSU,code,L,70004704,CSD,2006-01-07T04:50,2006-01-07T06:50,TLS,1796576214
WDESHKSU,code,L,70004703,CSD,2006-01-07T07:45,2006-01-07T09:35,LYS,1796576214
HWPODHYC,code,L,70004704,CSD,2006-01-07T04:50,2006-01-07T06:50,TLS,1796576214
HWPODHYC,code,L,70004703,CSD,2006-01-07T07:45,2006-01-07T09:35,LYS,1796576214
ZHMYCMSJ,code,L,70004704,ST,2006-01-07T04:50,2006-01-07T06:50,TLS,1796576214
ZHMYCMSJ,code,L,70004703,ST,2006-01-07T07:45,2006-01-07T09:35,LYS,1796576214
BOTRVQYG,code,L,70004704,ST,2006-01-07T04:50,2006-01-07T06:50,TLS,1796576214
BOTRVQYG,code,L,70004703,ST,2006-01-07T07:45,2006-01-07T09:35,LYS,1796576214
MWNKPVVU,code,L,70004704,ST,2006-01-07T04:50,2006-01-07T06:50,TLS,1796576214
MWNKPVVU,code,L,70004703,ST,2006-01-07T07:45,2006-01-07T09:35,LYS,1796576214
XJNIEABB,code,L,70004704,ST,2006-01-07T04:50,2006-01-07T06:50,TLS,1796576214
XJNIEABB,code,L,70004703,ST,2006-01-07T07:45,2006-01-07T09:35,LYS,1796576214
GPUEEILM,code,L,70004264,CP,2006-01-07T04:50,2006-01-07T06:55,LYS,1661516681
GPUEEILM,code,L,70004265,CP,2006-01-07T07:40,2006-01-07T09:30,ORY,1661516681
ZTGCYLXP,code,L,70004264,FO,2006-01-07T04:50,2006-01-07T06:55,LYS,1661516681
ZTGCYLXP,code,L,70004265,FO,2006-01-07T07:40,2006-01-07T09:30,ORY,1661516681
GSGZPIWW,code,L,70004264,CSD,2006-01-07T04:50,2006-01-07T06:55,LYS,1661516681
GSGZPIWW,code,L,70004265,CSD,2006-01-07T07:40,2006-01-07T09:30,ORY,1661516681
QAYUXLNS,code,L,70004264,CSD,2006-01-07T04:50,2006-01-07T06:55,LYS,1661516681
QAYUXLNS,code,L,70004265,CSD,2006-01-07T07:40,2006-01-07T09:30,ORY,1661516681
MZURYETW,code,L,70004264,ST,2006-01-07T04:50,2006-01-07T06:55,LYS,1661516681
MZURYETW,code,L,70004265,ST,2006-01-07T07:40,2006-01-07T09:30,ORY,1661516681
BGCFTWDE,code,L,70004264,ST,2006-01-07T04:50,2006-01-07T06:55,LYS,1661516681
BGCFTWDE,code,L,70004265,ST,2006-01-07T07:40,2006-01-07T09:30,ORY,1661516681
FQAWKSDX,code,L,70004264,ST,2006-01-07T04:50,2006-01-07T06:55,LYS,1661516681
FQAWKSDX,code,L,70004265,ST,2006-01-07T07:40,2006-01-07T09:30,ORY,1661516681
UNMESHWO,code,L,70004264,ST,2006-01-07T04:50,2006-01-07T06:55,LYS,1661516681
UNMESHWO,code,L,70004265,ST,2006-01-07T07:40,2006-01-07T09:30,ORY,1661516681
YEKKJAYY,code,L,70004344,CP,2006-01-07T04:50,2006-01-07T07:10,BIQ,359906493
YEKKJAYY,code,L,70004343,CP,2006-01-07T07:55,2006-01-07T09:55,ORY,359906493
KZRYYTWL,code,L,70004344,FO,2006-01-07T04:50,2006-01-07T07:10,BIQ,359906493
KZRYYTWL,code,L,70004343,FO,2006-01-07T07:55,2006-01-07T09:55,ORY,359906493
WEUNKZLM,code,L,70004344,CS,2006-01-07T04:50,2006-01-07T07:10,BIQ,359906493
WEUNKZLM,code,L,70004343,CS,2006-01-07T07:55,2006-01-07T09:55,ORY,359906493
ESWZCPGS,code,L,70004344,ST,2006-01-07T04:50,2006-01-07T07:10,BIQ,359906493
ESWZCPGS,code,L,70004343,ST,2006-01-07T07:55,2006-01-07T09:55,ORY,359906493
RYVBMZBK,code,L,70004344,ST,2006-01-07T04:50,2006-01-07T07:10,BIQ,359906493
RYVBMZBK,code,L,70004343,ST,2006-01-07T07:55,2006-01-07T09:55,ORY,359906493
YNBTJPUX,code,L,70005163,CP,2006-01-07T04:50,2006-01-07T07:40,BOD,295069519
YNBTJPUX,code,L,70005164,CP,2006-01-07T08:55,2006-01-07T11:30,AMS,295069519
QKKPEGMU,code,L,70005163,FO,2006-01-07T04:50,2006-01-07T07:40,BOD,295069519
QKKPEGMU,code,L,70005164,FO,2006-01-07T08:55,2006-01-07T11:30,AMS,295069519
WVLOBBDY,code,L,70005163,CS,2006-01-07T04:50,2006-01-07T07:40,BOD,295069519
WVLOBBDY,code,L,70005164,CS,2006-01-07T08:55,2006-01-07T11:30,AMS,295069519
OWTFZDKJ,code,L,70005163,ST,2006-01-07T04:50,2006-01-07T07:40,BOD,295069519
OWTFZDKJ,code,L,70005164,ST,2006-01-07T08:55,2006-01-07T11:30,AMS,295069519
DSLDPDNR,code,L,70005163,ST,2006-01-07T04:50,2006-01-07T07:40,BOD,295069519
DSLDPDNR,code,L,70005164,ST,2006-01-07T08:55,2006-01-07T11:30,AMS,295069519
YAFJHZJZ,code,L,70002648,CP,2006-01-07T04:50,2006-01-07T06:50,SXB,178283218
YAFJHZJZ,code,L,70002647,CP,2006-01-07T07:40,2006-01-07T09:25,LYS,178283218
UHKXZAAE,code,L,70002648,FO,2006-01-07T04:50,2006-01-07T06:50,SXB,178283218
UHKXZAAE,code,L,70002647,FO,2006-01-07T07:40,2006-01-07T09:25,LYS,178283218
AFEDONVB,code,L,70002648,CSD,2006-01-07T04:50,2006-01-07T06:50,SXB,178283218
AFEDONVB,code,L,70002647,CSD,2006-01-07T07:40,2006-01-07T09:25,LYS,178283218
KJTKHJMV,code,L,70002648,ST,2006-01-07T04:50,2006-01-07T06:50,SXB,178283218
KJTKHJMV,code,L,70002647,ST,2006-01-07T07:40,2006-01-07T09:25,LYS,178283218
XGUQYSMG,code,L,70002648,ST,2006-01-07T04:50,2006-01-07T06:50,SXB,178283218
XGUQYSMG,code,L,70002647,ST,2006-01-07T07:40,2006-01-07T09:25,LYS,178283218
ZWYCMGYE,code,L,70002648,ST,2006-01-07T04:50,2006-01-07T06:50,SXB,178283218
ZWYCMGYE,code,L,70002647,ST,2006-01-07T07:40,2006-01-07T09:25,LYS,178283218
PDTUBRKK,code,L,70004544,CP,2006-01-07T04:55,2006-01-07T07:25,MPL,134224868
PDTUBRKK,code,L,70004547,CP,2006-01-07T19:50,2006-01-07T22:00,CDG,134224868
UTWJZXTX,code,L,70004544,FO,2006-01-07T04:55,2006-01-07T07:25,MPL,134224868
UTWJZXTX,code,L,70004547,FO,2006-01-07T19:50,2006-01-07T22:00,CDG,134224868
RULGKNQK,code,L,70004544,CSD,2006-01-07T04:55,2006-01-07T07:25,MPL,134224868
RULGKNQK,code,L,70004547,CSD,2006-01-07T19:50,2006-01-07T22:00,CDG,134224868
UKVXKQWZ,code,L,70004544,CSD,2006-01-07T04:55,2006-01-07T07:25,MPL,134224868
UKVXKQWZ,code,L,70004547,CSD,2006-01-07T19:50,2006-01-07T22:00,CDG,134224868
RYTKQEQH,code,L,70004544,ST,2006-01-07T04:55,2006-01-07T07:25,MPL,134224868
RYTKQEQH,code,L,70004547,ST,2006-01-07T19:50,2006-01-07T22:00,CDG,134224868
SIPIIMDE,code,L,70004544,ST,2006-01-07T04:55,2006-01-07T07:25,MPL,134224868
SIPIIMDE,code,L,70004547,ST,2006-01-07T19:50,2006-01-07T22:00,CDG,134224868
EWVANKEB,code,L,70004544,ST,2006-01-07T04:55,2006-01-07T07:25,MPL,134224868
EWVANKEB,code,L,70004547,ST,2006-01-07T19:50,2006-01-07T22:00,CDG,134224868
GNBLVDEG,code,L,70004544,ST,2006-01-07T04:55,2006-01-07T07:25,MPL,134224868
GNBLVDEG,code,L,70004547,ST,2006-01-07T19:50,2006-01-07T22:00,CDG,134224868
IUVKFQHO,code,L,70001364,CP,2006-01-07T04:55,2006-01-07T07:35,AJA,1454666067
IUVKFQHO,code,L,70001363,CP,2006-01-07T08:25,2006-01-07T10:50,ORY,1454666067
FJECWTWJ,code,L,70001364,FO,2006-01-07T04:55,2006-01-07T07:35,AJA,1454666067
FJECWTWJ,code,L,70001363,FO,2006-01-07T08:25,2006-01-07T10:50,ORY,1454666067
CSYLELAZ,code,L,70001364,CSD,2006-01-07T04:55,2006-01-07T07:35,AJA,1454666067
CSYLELAZ,code,L,70001363,CSD,2006-01-07T08:25,2006-01-07T10:50,ORY,1454666067
KNVVVIOM,code,L,70001364,CSD,2006-01-07T04:55,2006-01-07T07:35,AJA,1454666067
KNVVVIOM,code,L,70001363,CSD,2006-01-07T08:25,2006-01-07T10:50,ORY,1454666067
YJFWIUPA,code,L,70001364,ST,2006-01-07T04:55,2006-01-07T07:35,AJA,1454666067
YJFWIUPA,code,L,70001363,ST,2006-01-07T08:25,2006-01-07T10:50,ORY,1454666067
WAQUICBV,code,L,70001364,ST,2006-01-07T04:55,2006-01-07T07:35,AJA,1454666067
WAQUICBV,code,L,70001363,ST,2006-01-07T08:25,2006-01-07T10:50,ORY,1454666067
VGICICFM,code,L,70001364,ST,2006-01-07T04:55,2006-01-07T07:35,AJA,1454666067
VGICICFM,code,L,70001363,ST,2006-01-07T08:25,2006-01-07T10:50,ORY,1454666067
JRYUYSMI,code,L,70001364,ST,2006-01-07T04:55,2006-01-07T07:35,AJA,1454666067
JRYUYSMI,code,L,70001363,ST,2006-01-07T08:25,2006-01-07T10:50,ORY,1454666067
BNZGDOET,code,L,70001374,CP,2006-01-07T04:55,2006-01-07T07:30,BIA,525100016
BNZGDOET,code,L,70001379,CP,2006-01-07T08:30,2006-01-07T10:50,ORY,525100016
NVTJYRMK,code,L,70001374,FO,2006-01-07T04:55,2006-01-07T07:30,BIA,525100016
NVTJYRMK,code,L,70001379,FO,2006-01-07T08:30,2006-01-07T10:50,ORY,525100016
PYMONPKW,code,L,70001374,CSD,2006-01-07T04:55,2006-01-07T07:30,BIA,525100016
PYMONPKW,code,L,70001379,CSD,2006-01-07T08:30,2006-01-07T10:50,ORY,525100016
FMWFOZMO,code,L,70001374,CSD,2006-01-07T04:55,2006-01-07T07:30,BIA,525100016
FMWFOZMO,code,L,70001379,CSD,2006-01-07T08:30,2006-01-07T10:50,ORY,525100016
WKJJRXBB,code,L,70001374,ST,2006-01-07T04:55,2006-01-07T07:30,BIA,525100016
WKJJRXBB,code,L,70001379,ST,2006-01-07T08:30,2006-01-07T10:50,ORY,525100016
BQGLJVUA,code,L,70001374,ST,2006-01-07T04:55,2006-01-07T07:30,BIA,525100016
BQGLJVUA,code,L,70001379,ST,2006-01-07T08:30,2006-01-07T10:50,ORY,525100016
XISHIIAG,code,L,70001374,ST,2006-01-07T04:55,2006-01-07T07:30,BIA,525100016
XISHIIAG,code,L,70001379,ST,2006-01-07T08:30,2006-01-07T10:50,ORY,525100016
VGAMBTSS,code,L,70001374,ST,2006-01-07T04:55,2006-01-07T07:30,BIA,525100016
VGAMBTSS,code,L,70001379,ST,2006-01-07T08:30,2006-01-07T10:50,ORY,525100016
EVODGOTH,code,L,70002673,CP,2006-01-07T04:55,2006-01-07T07:20,SXB,657187435
EVODGOTH,code,L,70002674,CP,2006-01-07T07:55,2006-01-07T10:10,LGW,657187435
VRFGJVBV,code,L,70002673,FO,2006-01-07T04:55,2006-01-07T07:20,SXB,657187435
VRFGJVBV,code,L,70002674,FO,2006-01-07T07:55,2006-01-07T10:10,LGW,657187435
ZXOUMAVX,code,L,70002673,CSD,2006-01-07T04:55,2006-01-07T07:20,SXB,657187435
ZXOUMAVX,code,L,70002674,CSD,2006-01-07T07:55,2006-01-07T10:10,LGW,657187435
WZVMSOXJ,code,L,70002673,ST,2006-01-07T04:55,2006-01-07T07:20,SXB,657187435
WZVMSOXJ,code,L,70002674,ST,2006-01-07T07:55,2006-01-07T10:10,LGW,657187435
FXRXUXIH,code,L,70002673,ST,2006-01-07T04:55,2006-01-07T07:20,SXB,657187435
FXRXUXIH,code,L,70002674,ST,2006-01-07T07:55,2006-01-07T10:10,LGW,657187435
TSUCVYKR,code,L,70002673,ST,2006-01-07T04:55,2006-01-07T07:20,SXB,657187435
TSUCVYKR,code,L,70002674,ST,2006-01-07T07:55,2006-01-07T10:10,LGW,657187435
SOBHNBQC,code,L,70003103,CP,2006-01-07T05:00,2006-01-07T07:20,ORY,532638534
SOBHNBQC,code,L,70003068,CP,2006-01-07T08:05,2006-01-07T10:15,NCE,532638534
BPOBTTWV,code,L,70003103,FO,2006-01-07T05:00,2006-01-07T07:20,ORY,532638534
BPOBTTWV,code,L,70003068,FO,2006-01-07T08:05,2006-01-07T10:15,NCE,532638534
BYAULWIC,code,L,70003103,CSD,2006-01-07T05:00,2006-01-07T07:20,ORY,532638534
BYAULWIC,code,L,70003068,CSD,2006-01-07T08:05,2006-01-07T10:15,NCE,532638534
WIQZOAJU,code,L,70003103,CSD,2006-01-07T05:00,2006-01-07T07:20,ORY,532638534
WIQZOAJU,code,L,70003068,CSD,2006-01-07T08:05,2006-01-07T10:15,NCE,532638534
HLIRTYNR,code,L,70003103,ST,2006-01-07T05:00,2006-01-07T07:20,ORY,532638534
HLIRTYNR,code,L,70003068,ST,2006-01-07T08:05,2006-01-07T10:15,NCE,532638534
BJMVLULY,code,L,70003103,ST,2006-01-07T05:00,2006-01-07T07:20,ORY,532638534
BJMVLULY,code,L,70003068,ST,2006-01-07T08:05,2006-01-07T10:15,NCE,532638534
RLLWULGZ,code,L,70003103,ST,2006-01-07T05:00,2006-01-07T07:20,ORY,532638534
RLLWULGZ,code,L,70003068,ST,2006-01-07T08:05,2006-01-07T10:15,NCE,532638534
MGVAHPLX,code,L,70003103,ST,2006-01-07T05:00,2006-01-07T07:20,ORY,532638534
MGVAHPLX,code,L,70003068,ST,2006-01-07T08:05,2006-01-07T10:15,NCE,532638534
AMSGUHQK,code,L,70002793,CP,2006-01-07T05:00,2006-01-07T07:10,LRT,796471501
AMSGUHQK,code,L,70002794,CP,2006-01-07T07:55,2006-01-07T09:45,ORY,796471501
VLIPLVXL,code,L,70002793,FO,2006-01-07T05:00,2006-01-07T07:10,LRT,796471501
VLIPLVXL,code,L,70002794,FO,2006-01-07T07:55,2006-01-07T09:45,ORY,796471501
CNYGZSZR,code,L,70002793,CSD,2006-01-07T05:00,2006-01-07T07:10,LRT,796471501
CNYGZSZR,code,L,70002794,CSD,2006-01-07T07:55,2006-01-07T09:45,ORY,796471501
GVNMGURW,code,L,70002793,ST,2006-01-07T05:00,2006-01-07T07:10,LRT,796471501
GVNMGURW,code,L,70002794,ST,2006-01-07T07:55,2006-01-07T09:45,ORY,796471501
RXDPOTQS,code,L,70002793,ST,2006-01-07T05:00,2006-01-07T07:10,LRT,796471501
RXDPOTQS,code,L,70002794,ST,2006-01-07T07:55,2006-01-07T09:45,ORY,796471501
ZXDXXYES,code,L,70002793,ST,2006-01-07T05:00,2006-01-07T07:10,LRT,796471501
ZXDXXYES,code,L,70002794,ST,2006-01-07T07:55,2006-01-07T09:45,ORY,796471501
AAPRZIEE,code,L,70002534,CP,2006-01-07T05:00,2006-01-07T06:45,BES,435943218
AAPRZIEE,code,L,70002634,CP,2006-01-07T07:15,2006-01-07T08:35,NTE,435943218
AAPRZIEE,code,L,70002633,CP,2006-01-07T09:05,2006-01-07T10:25,SXB,435943218
AAPRZIEE,code,L,70002533,CP,2006-01-07T10:55,2006-01-07T11:35,NTE,435943218
AAPRZIEE,code,L,70002655,CP,2006-01-07T12:20,2006-01-07T13:50,BES,435943218
AAPRZIEE,code,L,70002656,CP,2006-01-07T14:30,2006-01-07T16:40,LYS,435943218
XEIPEAGY,code,L,70002534,FO,2006-01-07T05:00,2006-01-07T06:45,BES,435943218
XEIPEAGY,code,L,70002634,FO,2006-01-07T07:15,2006-01-07T08:35,NTE,435943218
XEIPEAGY,code,L,70002633,FO,2006-01-07T09:05,2006-01-07T10:25,SXB,435943218
XEIPEAGY,code,L,70002533,FO,2006-01-07T10:55,2006-01-07T11:35,NTE,435943218
XEIPEAGY,code,L,70002655,FO,2006-01-07T12:20,2006-01-07T13:50,BES,435943218
XEIPEAGY,code,L,70002656,FO,2006-01-07T14:30,2006-01-07T16:40,LYS,435943218
KZUTYZZQ,code,L,70002534,CSD,2006-01-07T05:00,2006-01-07T06:45,BES,435943218
KZUTYZZQ,code,L,70002634,CSD,2006-01-07T07:15,2006-01-07T08:35,NTE,435943218
KZUTYZZQ,code,L,70002633,CSD,2006-01-07T09:05,2006-01-07T10:25,SXB,435943218
KZUTYZZQ,code,L,70002533,CSD,2006-01-07T10:55,2006-01-07T11:35,NTE,435943218
KZUTYZZQ,code,L,70002655,CSD,2006-01-07T12:20,2006-01-07T13:50,BES,435943218
KZUTYZZQ,code,L,70002656,CSD,2006-01-07T14:30,2006-01-07T16:40,LYS,435943218
ZGQZWUIN,code,L,70002534,ST,2006-01-07T05:00,2006-01-07T06:45,BES,435943218
ZGQZWUIN,code,L,70002634,ST,2006-01-07T07:15,2006-01-07T08:35,NTE,435943218
ZGQZWUIN,code,L,70002633,ST,2006-01-07T09:05,2006-01-07T10:25,SXB,435943218
ZGQZWUIN,code,L,70002533,ST,2006-01-07T10:55,2006-01-07T11:35,NTE,435943218
ZGQZWUIN,code,L,70002655,ST,2006-01-07T12:20,2006-01-07T13:50,BES,435943218
ZGQZWUIN,code,L,70002656,ST,2006-01-07T14:30,2006-01-07T16:40,LYS,435943218
WDOUHRYT,code,L,70002534,ST,2006-01-07T05:00,2006-01-07T06:45,BES,435943218
WDOUHRYT,code,L,70002634,ST,2006-01-07T07:15,2006-01-07T08:35,NTE,435943218
WDOUHRYT,code,L,70002633,ST,2006-01-07T09:05,2006-01-07T10:25,SXB,435943218
WDOUHRYT,code,L,70002533,ST,2006-01-07T10:55,2006-01-07T11:35,NTE,435943218
WDOUHRYT,code,L,70002655,ST,2006-01-07T12:20,2006-01-07T13:50,BES,435943218
WDOUHRYT,code,L,70002656,ST,2006-01-07T14:30,2006-01-07T16:40,LYS,435943218
CWNEYCNL,code,L,70002534,ST,2006-01-07T05:00,2006-01-07T06:45,BES,435943218
CWNEYCNL,code,L,70002634,ST,2006-01-07T07:15,2006-01-07T08:35,NTE,435943218
CWNEYCNL,code,L,70002633,ST,2006-01-07T09:05,2006-01-07T10:25,SXB,435943218
CWNEYCNL,code,L,70002533,ST,2006-01-07T10:55,2006-01-07T11:35,NTE,435943218
CWNEYCNL,code,L,70002655,ST,2006-01-07T12:20,2006-01-07T13:50,BES,435943218
CWNEYCNL,code,L,70002656,ST,2006-01-07T14:30,2006-01-07T16:40,LYS,435943218
IRVVTJWP,code,L,70003064,CP,2006-01-07T05:05,2006-01-07T07:30,NCE,929393559
IRVVTJWP,code,L,70003069,CP,2006-01-07T08:00,2006-01-07T10:05,ORY,929393559
EFOPNKHU,code,L,70003064,FO,2006-01-07T05:05,2006-01-07T07:30,NCE,929393559
EFOPNKHU,code,L,70003069,FO,2006-01-07T08:00,2006-01-07T10:05,ORY,929393559
EHBCXEOI,code,L,70003064,CSD,2006-01-07T05:05,2006-01-07T07:30,NCE,929393559
EHBCXEOI,code,L,70003069,CSD,2006-01-07T08:00,2006-01-07T10:05,ORY,929393559
QUKZWIOI,code,L,70003064,CSD,2006-01-07T05:05,2006-01-07T07:30,NCE,929393559
QUKZWIOI,code,L,70003069,CSD,2006-01-07T08:00,2006-01-07T10:05,ORY,929393559
RZEBZBRL,code,L,70003064,ST,2006-01-07T05:05,2006-01-07T07:30,NCE,929393559
RZEBZBRL,code,L,70003069,ST,2006-01-07T08:00,2006-01-07T10:05,ORY,929393559
UYTLKATE,code,L,70003064,ST,2006-01-07T05:05,2006-01-07T07:30,NCE,929393559
UYTLKATE,code,L,70003069,ST,2006-01-07T08:00,2006-01-07T10:05,ORY,929393559
TQCBMRHH,code,L,70003064,ST,2006-01-07T05:05,2006-01-07T07:30,NCE,929393559
TQCBMRHH,code,L,70003069,ST,2006-01-07T08:00,2006-01-07T10:05,ORY,929393559
ULMUJZSW,code,L,70003064,ST,2006-01-07T05:05,2006-01-07T07:30,NCE,929393559
ULMUJZSW,code,L,70003069,ST,2006-01-07T08:00,2006-01-07T10:05,ORY,929393559
WPBERWOE,code,L,70004656,CP,2006-01-07T05:05,2006-01-07T07:35,TLS,1903678842
WPBERWOE,code,L,70004645,CP,2006-01-07T09:30,2006-01-07T11:40,CDG,1903678842
NPCGFDTA,code,L,70004656,FO,2006-01-07T05:05,2006-01-07T07:35,TLS,1903678842
NPCGFDTA,code,L,70004645,FO,2006-01-07T09:30,2006-01-07T11:40,CDG,1903678842
DXMPZSBW,code,L,70004656,CSD,2006-01-07T05:05,2006-01-07T07:35,TLS,1903678842
DXMPZSBW,code,L,70004645,CSD,2006-01-07T09:30,2006-01-07T11:40,CDG,1903678842
CTAIANIX,code,L,70004656,CSD,2006-01-07T05:05,2006-01-07T07:35,TLS,1903678842
CTAIANIX,code,L,70004645,CSD,2006-01-07T09:30,2006-01-07T11:40,CDG,1903678842
RZHICPUE,code,L,70004656,ST,2006-01-07T05:05,2006-01-07T07:35,TLS,1903678842
RZHICPUE,code,L,70004645,ST,2006-01-07T09:30,2006-01-07T11:40,CDG,1903678842
PZZZPZLW,code,L,70004656,ST,2006-01-07T05:05,2006-01-07T07:35,TLS,1903678842
PZZZPZLW,code,L,70004645,ST,2006-01-07T09:30,2006-01-07T11:40,CDG,1903678842
KHIEGEJN,code,L,70004656,ST,2006-01-07T05:05,2006-01-07T07:35,TLS,1903678842
KHIEGEJN,code,L,70004645,ST,2006-01-07T09:30,2006-01-07T11:40,CDG,1903678842
DHDRKJRP,code,L,70004656,ST,2006-01-07T05:05,2006-01-07T07:35,TLS,1903678842
DHDRKJRP,code,L,70004645,ST,2006-01-07T09:30,2006-01-07T11:40,CDG,1903678842
XZVEKGQF,code,L,7000152,CP,2006-01-07T05:05,2006-01-07T07:20,MLH,1130118952
XZVEKGQF,code,L,7000145,CP,2006-01-07T08:05,2006-01-07T10:00,CDG,1130118952
NMLKAMLC,code,L,7000152,FO,2006-01-07T05:05,2006-01-07T07:20,MLH,1130118952
NMLKAMLC,code,L,7000145,FO,2006-01-07T08:05,2006-01-07T10:00,CDG,1130118952
JHVYIPWC,code,L,7000152,CSD,2006-01-07T05:05,2006-01-07T07:20,MLH,1130118952
JHVYIPWC,code,L,7000145,CSD,2006-01-07T08:05,2006-01-07T10:00,CDG,1130118952
AMPGMPUF,code,L,7000152,CSD,2006-01-07T05:05,2006-01-07T07:20,MLH,1130118952
AMPGMPUF,code,L,7000145,CSD,2006-01-07T08:05,2006-01-07T10:00,CDG,1130118952
XMBCILVA,code,L,7000152,ST,2006-01-07T05:05,2006-01-07T07:20,MLH,1130118952
XMBCILVA,code,L,7000145,ST,2006-01-07T08:05,2006-01-07T10:00,CDG,1130118952
LGEFOAGX,code,L,7000152,ST,2006-01-07T05:05,2006-01-07T07:20,MLH,1130118952
LGEFOAGX,code,L,7000145,ST,2006-01-07T08:05,2006-01-07T10:00,CDG,1130118952
KDXSHXPE,code,L,7000152,ST,2006-01-07T05:05,2006-01-07T07:20,MLH,1130118952
KDXSHXPE,code,L,7000145,ST,2006-01-07T08:05,2006-01-07T10:00,CDG,1130118952
CFDXKKWN,code,L,7000152,ST,2006-01-07T05:05,2006-01-07T07:20,MLH,1130118952
CFDXKKWN,code,L,7000145,ST,2006-01-07T08:05,2006-01-07T10:00,CDG,1130118952
MCMCXORY,code,L,70002968,CP,2006-01-07T05:10,2006-01-07T07:30,TLS,2035035283
MCMCXORY,code,L,70004269,CP,2006-01-07T09:30,2006-01-07T10:35,ORY,2035035283
MCMCXORY,code,L,70004270,CP,2006-01-07T11:20,2006-01-07T12:25,LYS,2035035283
MCMCXORY,code,L,70004271,CP,2006-01-07T13:40,2006-01-07T14:45,ORY,2035035283
MCMCXORY,code,L,70004276,CP,2006-01-07T16:10,2006-01-07T17:15,LYS,2035035283
MCMCXORY,code,L,70002967,CP,2006-01-07T18:25,2006-01-07T20:30,ORY,2035035283
GEKLXCIM,code,L,70002968,FO,2006-01-07T05:10,2006-01-07T07:30,TLS,2035035283
GEKLXCIM,code,L,70004269,FO,2006-01-07T09:30,2006-01-07T10:35,ORY,2035035283
GEKLXCIM,code,L,70004270,FO,2006-01-07T11:20,2006-01-07T12:25,LYS,2035035283
GEKLXCIM,code,L,70004271,FO,2006-01-07T13:40,2006-01-07T14:45,ORY,2035035283
GEKLXCIM,code,L,70004276,FO,2006-01-07T16:10,2006-01-07T17:15,LYS,2035035283
GEKLXCIM,code,L,70002967,FO,2006-01-07T18:25,2006-01-07T20:30,ORY,2035035283
SENRQDUL,code,L,70002968,CSD,2006-01-07T05:10,2006-01-07T07:30,TLS,2035035283
SENRQDUL,code,L,70004269,CSD,2006-01-07T09:30,2006-01-07T10:35,ORY,2035035283
SENRQDUL,code,L,70004270,CSD,2006-01-07T11:20,2006-01-07T12:25,LYS,2035035283
SENRQDUL,code,L,70004271,CSD,2006-01-07T13:40,2006-01-07T14:45,ORY,2035035283
SENRQDUL,code,L,70004276,CSD,2006-01-07T16:10,2006-01-07T17:15,LYS,2035035283
SENRQDUL,code,L,70002967,CSD,2006-01-07T18:25,2006-01-07T20:30,ORY,2035035283
DSDFAURD,code,L,70002968,CSD,2006-01-07T05:10,2006-01-07T07:30,TLS,2035035283
DSDFAURD,code,L,70004269,CSD,2006-01-07T09:30,2006-01-07T10:35,ORY,2035035283
DSDFAURD,code,L,70004270,CSD,2006-01-07T11:20,2006-01-07T12:25,LYS,2035035283
DSDFAURD,code,L,70004271,CSD,2006-01-07T13:40,2006-01-07T14:45,ORY,2035035283
DSDFAURD,code,L,70004276,CSD,2006-01-07T16:10,2006-01-07T17:15,LYS,2035035283
DSDFAURD,code,L,70002967,CSD,2006-01-07T18:25,2006-01-07T20:30,ORY,2035035283
PZTRAOIB,code,L,70002968,ST,2006-01-07T05:10,2006-01-07T07:30,TLS,2035035283
PZTRAOIB,code,L,70004269,ST,2006-01-07T09:30,2006-01-07T10:35,ORY,2035035283
PZTRAOIB,code,L,70004270,ST,2006-01-07T11:20,2006-01-07T12:25,LYS,2035035283
PZTRAOIB,code,L,70004271,ST,2006-01-07T13:40,2006-01-07T14:45,ORY,2035035283
PZTRAOIB,code,L,70004276,ST,2006-01-07T16:10,2006-01-07T17:15,LYS,2035035283
PZTRAOIB,code,L,70002967,ST,2006-01-07T18:25,2006-01-07T20:30,ORY,2035035283
ONSPAIJJ,code,L,70002968,ST,2006-01-07T05:10,2006-01-07T07:30,TLS,2035035283
ONSPAIJJ,code,L,70004269,ST,2006-01-07T09:30,2006-01-07T10:35,ORY,2035035283
ONSPAIJJ,code,L,70004270,ST,2006-01-07T11:20,2006-01-07T12:25,LYS,2035035283
ONSPAIJJ,code,L,70004271,ST,2006-01-07T13:40,2006-01-07T14:45,ORY,2035035283
ONSPAIJJ,code,L,70004276,ST,2006-01-07T16:10,2006-01-07T17:15,LYS,2035035283
ONSPAIJJ,code,L,70002967,ST,2006-01-07T18:25,2006-01-07T20:30,ORY,2035035283
NGDLYHCQ,code,L,70002968,ST,2006-01-07T05:10,2006-01-07T07:30,TLS,2035035283
NGDLYHCQ,code,L,70004269,ST,2006-01-07T09:30,2006-01-07T10:35,ORY,2035035283
NGDLYHCQ,code,L,70004270,ST,2006-01-07T11:20,2006-01-07T12:25,LYS,2035035283
NGDLYHCQ,code,L,70004271,ST,2006-01-07T13:40,2006-01-07T14:45,ORY,2035035283
NGDLYHCQ,code,L,70004276,ST,2006-01-07T16:10,2006-01-07T17:15,LYS,2035035283
NGDLYHCQ,code,L,70002967,ST,2006-01-07T18:25,2006-01-07T20:30,ORY,2035035283
AAFGNZEK,code,L,70002968,ST,2006-01-07T05:10,2006-01-07T07:30,TLS,2035035283
AAFGNZEK,code,L,70004269,ST,2006-01-07T09:30,2006-01-07T10:35,ORY,2035035283
AAFGNZEK,code,L,70004270,ST,2006-01-07T11:20,2006-01-07T12:25,LYS,2035035283
AAFGNZEK,code,L,70004271,ST,2006-01-07T13:40,2006-01-07T14:45,ORY,2035035283
AAFGNZEK,code,L,70004276,ST,2006-01-07T16:10,2006-01-07T17:15,LYS,2035035283
AAFGNZEK,code,L,70002967,ST,2006-01-07T18:25,2006-01-07T20:30,ORY,2035035283
LEBXSZSE,code,L,70003118,CP,2006-01-07T05:10,2006-01-07T07:20,BOD,56569042
LEBXSZSE,code,L,70003119,CP,2006-01-07T08:10,2006-01-07T10:00,ORY,56569042
IMKXTQEV,code,L,70003118,FO,2006-01-07T05:10,2006-01-07T07:20,BOD,56569042
IMKXTQEV,code,L,70003119,FO,2006-01-07T08:10,2006-01-07T10:00,ORY,56569042
FBNTMMUP,code,L,70003118,CSD,2006-01-07T05:10,2006-01-07T07:20,BOD,56569042
FBNTMMUP,code,L,70003119,CSD,2006-01-07T08:10,2006-01-07T10:00,ORY,56569042
OKNDKIMM,code,L,70003118,CSD,2006-01-07T05:10,2006-01-07T07:20,BOD,56569042
OKNDKIMM,code,L,70003119,CSD,2006-01-07T08:10,2006-01-07T10:00,ORY,56569042
BBBGPXMN,code,L,70003118,ST,2006-01-07T05:10,2006-01-07T07:20,BOD,56569042
BBBGPXMN,code,L,70003119,ST,2006-01-07T08:10,2006-01-07T10:00,ORY,56569042
HTOLSRAM,code,L,70003118,ST,2006-01-07T05:10,2006-01-07T07:20,BOD,56569042
HTOLSRAM,code,L,70003119,ST,2006-01-07T08:10,2006-01-07T10:00,ORY,56569042
YMDHLHSB,code,L,70003118,ST,2006-01-07T05:10,2006-01-07T07:20,BOD,56569042
YMDHLHSB,code,L,70003119,ST,2006-01-07T08:10,2006-01-07T10:00,ORY,56569042
KPFIIQYG,code,L,70003118,ST,2006-01-07T05:10,2006-01-07T07:20,BOD,56569042
KPFIIQYG,code,L,70003119,ST,2006-01-07T08:10,2006-01-07T10:00,ORY,56569042
RRVQMRTK,code,L,70004498,CP,2006-01-07T05:15,2006-01-07T07:45,BIQ,61497087
RRVQMRTK,code,L,70004515,CP,2006-01-07T08:35,2006-01-07T09:45,CDG,61497087
RRVQMRTK,code,L,70004506,CP,2006-01-07T12:40,2006-01-07T13:50,LYS,61497087
RRVQMRTK,code,L,70004519,CP,2006-01-07T14:25,2006-01-07T15:25,CDG,61497087
RRVQMRTK,code,L,70004520,CP,2006-01-07T16:05,2006-01-07T17:10,CFE,61497087
RRVQMRTK,code,L,70004499,CP,2006-01-07T20:25,2006-01-07T22:35,CDG,61497087
XZRRALJE,code,L,70004498,FO,2006-01-07T05:15,2006-01-07T07:45,BIQ,61497087
XZRRALJE,code,L,70004515,FO,2006-01-07T08:35,2006-01-07T09:45,CDG,61497087
XZRRALJE,code,L,70004506,FO,2006-01-07T12:40,2006-01-07T13:50,LYS,61497087
XZRRALJE,code,L,70004519,FO,2006-01-07T14:25,2006-01-07T15:25,CDG,61497087
XZRRALJE,code,L,70004520,FO,2006-01-07T16:05,2006-01-07T17:10,CFE,61497087
XZRRALJE,code,L,70004499,FO,2006-01-07T20:25,2006-01-07T22:35,CDG,61497087
DNBDMESJ,code,L,70004498,CSD,2006-01-07T05:15,2006-01-07T07:45,BIQ,61497087
DNBDMESJ,code,L,70004515,CSD,2006-01-07T08:35,2006-01-07T09:45,CDG,61497087
DNBDMESJ,code,L,70004506,CSD,2006-01-07T12:40,2006-01-07T13:50,LYS,61497087
DNBDMESJ,code,L,70004519,CSD,2006-01-07T14:25,2006-01-07T15:25,CDG,61497087
DNBDMESJ,code,L,70004520,CSD,2006-01-07T16:05,2006-01-07T17:10,CFE,61497087
DNBDMESJ,code,L,70004499,CSD,2006-01-07T20:25,2006-01-07T22:35,CDG,61497087
IBYYGEGY,code,L,70004498,CSD,2006-01-07T05:15,2006-01-07T07:45,BIQ,61497087
IBYYGEGY,code,L,70004515,CSD,2006-01-07T08:35,2006-01-07T09:45,CDG,61497087
IBYYGEGY,code,L,70004506,CSD,2006-01-07T12:40,2006-01-07T13:50,LYS,61497087
IBYYGEGY,code,L,70004519,CSD,2006-01-07T14:25,2006-01-07T15:25,CDG,61497087
IBYYGEGY,code,L,70004520,CSD,2006-01-07T16:05,2006-01-07T17:10,CFE,61497087
IBYYGEGY,code,L,70004499,CSD,2006-01-07T20:25,2006-01-07T22:35,CDG,61497087
MHVSREHX,code,L,70004498,ST,2006-01-07T05:15,2006-01-07T07:45,BIQ,61497087
MHVSREHX,code,L,70004515,ST,2006-01-07T08:35,2006-01-07T09:45,CDG,61497087
MHVSREHX,code,L,70004506,ST,2006-01-07T12:40,2006-01-07T13:50,LYS,61497087
MHVSREHX,code,L,70004519,ST,2006-01-07T14:25,2006-01-07T15:25,CDG,61497087
MHVSREHX,code,L,70004520,ST,2006-01-07T16:05,2006-01-07T17:10,CFE,61497087
MHVSREHX,code,L,70004499,ST,2006-01-07T20:25,2006-01-07T22:35,CDG,61497087
DNFNJPXX,code,L,70004498,ST,2006-01-07T05:15,2006-01-07T07:45,BIQ,61497087
DNFNJPXX,code,L,70004515,ST,2006-01-07T08:35,2006-01-07T09:45,CDG,61497087
DNFNJPXX,code,L,70004506,ST,2006-01-07T12:40,2006-01-07T13:50,LYS,61497087
DNFNJPXX,code,L,70004519,ST,2006-01-07T14:25,2006-01-07T15:25,CDG,61497087
DNFNJPXX,code,L,70004520,ST,2006-01-07T16:05,2006-01-07T17:10,CFE,61497087
DNFNJPXX,code,L,70004499,ST,2006-01-07T20:25,2006-01-07T22:35,CDG,61497087
FJQZNUOW,code,L,70004498,ST,2006-01-07T05:15,2006-01-07T07:45,BIQ,61497087
FJQZNUOW,code,L,70004515,ST,2006-01-07T08:35,2006-01-07T09:45,CDG,61497087
FJQZNUOW,code,L,70004506,ST,2006-01-07T12:40,2006-01-07T13:50,LYS,61497087
FJQZNUOW,code,L,70004519,ST,2006-01-07T14:25,2006-01-07T15:25,CDG,61497087
FJQZNUOW,code,L,70004520,ST,2006-01-07T16:05,2006-01-07T17:10,CFE,61497087
FJQZNUOW,code,L,70004499,ST,2006-01-07T20:25,2006-01-07T22:35,CDG,61497087
NWMPLTBP,code,L,70004498,ST,2006-01-07T05:15,2006-01-07T07:45,BIQ,61497087
NWMPLTBP,code,L,70004515,ST,2006-01-07T08:35,2006-01-07T09:45,CDG,61497087
NWMPLTBP,code,L,70004506,ST,2006-01-07T12:40,2006-01-07T13:50,LYS,61497087
NWMPLTBP,code,L,70004519,ST,2006-01-07T14:25,2006-01-07T15:25,CDG,61497087
NWMPLTBP,code,L,70004520,ST,2006-01-07T16:05,2006-01-07T17:10,CFE,61497087
NWMPLTBP,code,L,70004499,ST,2006-01-07T20:25,2006-01-07T22:35,CDG,61497087
TJNWRLVI,code,L,70004643,CP,2006-01-07T05:15,2006-01-07T07:40,CDG,1507096884
TJNWRLVI,code,L,70002972,CP,2006-01-07T09:10,2006-01-07T10:30,TLS,1507096884
TJNWRLVI,code,L,70004431,CP,2006-01-07T11:40,2006-01-07T13:20,ORY,1507096884
TJNWRLVI,code,L,70004432,CP,2006-01-07T14:35,2006-01-07T16:15,AJA,1507096884
TJNWRLVI,code,L,70004437,CP,2006-01-07T17:00,2006-01-07T18:40,ORY,1507096884
TJNWRLVI,code,L,70004434,CP,2006-01-07T19:30,2006-01-07T20:45,AJA,1507096884
GJWUJNLF,code,L,70004643,FO,2006-01-07T05:15,2006-01-07T07:40,CDG,1507096884
GJWUJNLF,code,L,70002972,FO,2006-01-07T09:10,2006-01-07T10:30,TLS,1507096884
GJWUJNLF,code,L,70004431,FO,2006-01-07T11:40,2006-01-07T13:20,ORY,1507096884
GJWUJNLF,code,L,70004432,FO,2006-01-07T14:35,2006-01-07T16:15,AJA,1507096884
GJWUJNLF,code,L,70004437,FO,2006-01-07T17:00,2006-01-07T18:40,ORY,1507096884
GJWUJNLF,code,L,70004434,FO,2006-01-07T19:30,2006-01-07T20:45,AJA,1507096884
OOSUNWGB,code,L,70004643,CSD,2006-01-07T05:15,2006-01-07T07:40,CDG,1507096884
OOSUNWGB,code,L,70002972,CSD,2006-01-07T09:10,2006-01-07T10:30,TLS,1507096884
OOSUNWGB,code,L,70004431,CSD,2006-01-07T11:40,2006-01-07T13:20,ORY,1507096884
OOSUNWGB,code,L,70004432,CSD,2006-01-07T14:35,2006-01-07T16:15,AJA,1507096884
OOSUNWGB,code,L,70004437,CSD,2006-01-07T17:00,2006-01-07T18:40,ORY,1507096884
OOSUNWGB,code,L,70004434,CSD,2006-01-07T19:30,2006-01-07T20:45,AJA,1507096884
RGXIRZTG,code,L,70004643,CSD,2006-01-07T05:15,2006-01-07T07:40,CDG,1507096884
RGXIRZTG,code,L,70002972,CSD,2006-01-07T09:10,2006-01-07T10:30,TLS,1507096884
RGXIRZTG,code,L,70004431,CSD,2006-01-07T11:40,2006-01-07T13:20,ORY,1507096884
RGXIRZTG,code,L,70004432,CSD,2006-01-07T14:35,2006-01-07T16:15,AJA,1507096884
RGXIRZTG,code,L,70004437,CSD,2006-01-07T17:00,2006-01-07T18:40,ORY,1507096884
RGXIRZTG,code,L,70004434,CSD,2006-01-07T19:30,2006-01-07T20:45,AJA,1507096884
AAUDOQPQ,code,L,70004643,ST,2006-01-07T05:15,2006-01-07T07:40,CDG,1507096884
AAUDOQPQ,code,L,70002972,ST,2006-01-07T09:10,2006-01-07T10:30,TLS,1507096884
AAUDOQPQ,code,L,70004431,ST,2006-01-07T11:40,2006-01-07T13:20,ORY,1507096884
AAUDOQPQ,code,L,70004432,ST,2006-01-07T14:35,2006-01-07T16:15,AJA,1507096884
AAUDOQPQ,code,L,70004437,ST,2006-01-07T17:00,2006-01-07T18:40,ORY,1507096884
AAUDOQPQ,code,L,70004434,ST,2006-01-07T19:30,2006-01-07T20:45,AJA,1507096884
QVPSHWYA,code,L,70004643,ST,2006-01-07T05:15,2006-01-07T07:40,CDG,1507096884
QVPSHWYA,code,L,70002972,ST,2006-01-07T09:10,2006-01-07T10:30,TLS,1507096884
QVPSHWYA,code,L,70004431,ST,2006-01-07T11:40,2006-01-07T13:20,ORY,1507096884
QVPSHWYA,code,L,70004432,ST,2006-01-07T14:35,2006-01-07T16:15,AJA,1507096884
QVPSHWYA,code,L,70004437,ST,2006-01-07T17:00,2006-01-07T18:40,ORY,1507096884
QVPSHWYA,code,L,70004434,ST,2006-01-07T19:30,2006-01-07T20:45,AJA,1507096884
VHRZSNWA,code,L,70004643,ST,2006-01-07T05:15,2006-01-07T07:40,CDG,1507096884
VHRZSNWA,code,L,70002972,ST,2006-01-07T09:10,2006-01-07T10:30,TLS,1507096884
VHRZSNWA,code,L,70004431,ST,2006-01-07T11:40,2006-01-07T13:20,ORY,1507096884
VHRZSNWA,code,L,70004432,ST,2006-01-07T14:35,2006-01-07T16:15,AJA,1507096884
VHRZSNWA,code,L,70004437,ST,2006-01-07T17:00,2006-01-07T18:40,ORY,1507096884
VHRZSNWA,code,L,70004434,ST,2006-01-07T19:30,2006-01-07T20:45,AJA,1507096884
HQOIRUGH,code,L,70004643,ST,2006-01-07T05:15,2006-01-07T07:40,CDG,1507096884
HQOIRUGH,code,L,70002972,ST,2006-01-07T09:10,2006-01-07T10:30,TLS,1507096884
HQOIRUGH,code,L,70004431,ST,2006-01-07T11:40,2006-01-07T13:20,ORY,1507096884
HQOIRUGH,code,L,70004432,ST,2006-01-07T14:35,2006-01-07T16:15,AJA,1507096884
HQOIRUGH,code,L,70004437,ST,2006-01-07T17:00,2006-01-07T18:40,ORY,1507096884
HQOIRUGH,code,L,70004434,ST,2006-01-07T19:30,2006-01-07T20:45,AJA,1507096884
CEIMWYWK,code,L,70004523,CP,2006-01-07T05:15,2006-01-07T07:40,CDG,585887566
CEIMWYWK,code,L,70004524,CP,2006-01-07T09:05,2006-01-07T11:20,MRS,585887566
GPQKNRDX,code,L,70004523,FO,2006-01-07T05:15,2006-01-07T07:40,CDG,585887566
GPQKNRDX,code,L,70004524,FO,2006-01-07T09:05,2006-01-07T11:20,MRS,585887566
GFKTZHSZ,code,L,70004523,CSD,2006-01-07T05:15,2006-01-07T07:40,CDG,585887566
GFKTZHSZ,code,L,70004524,CSD,2006-01-07T09:05,2006-01-07T11:20,MRS,585887566
IAWIYARN,code,L,70004523,CSD,2006-01-07T05:15,2006-01-07T07:40,CDG,585887566
IAWIYARN,code,L,70004524,CSD,2006-01-07T09:05,2006-01-07T11:20,MRS,585887566
MXMIZFTZ,code,L,70004523,ST,2006-01-07T05:15,2006-01-07T07:40,CDG,585887566
MXMIZFTZ,code,L,70004524,ST,2006-01-07T09:05,2006-01-07T11:20,MRS,585887566
IDFRIBAP,code,L,70004523,ST,2006-01-07T05:15,2006-01-07T07:40,CDG,585887566
IDFRIBAP,code,L,70004524,ST,2006-01-07T09:05,2006-01-07T11:20,MRS,585887566
RRDWDQDQ,code,L,70004523,ST,2006-01-07T05:15,2006-01-07T07:40,CDG,585887566
RRDWDQDQ,code,L,70004524,ST,2006-01-07T09:05,2006-01-07T11:20,MRS,585887566
WQZZGJXL,code,L,70004523,ST,2006-01-07T05:15,2006-01-07T07:40,CDG,585887566
WQZZGJXL,code,L,70004524,ST,2006-01-07T09:05,2006-01-07T11:20,MRS,585887566
OBIICXAB,code,L,70004563,CP,2006-01-07T05:20,2006-01-07T07:55,CDG,485266100
OBIICXAB,code,L,70004564,CP,2006-01-07T09:05,2006-01-07T11:25,NCE,485266100
IEBPNZMW,code,L,70004563,FO,2006-01-07T05:20,2006-01-07T07:55,CDG,485266100
IEBPNZMW,code,L,70004564,FO,2006-01-07T09:05,2006-01-07T11:25,NCE,485266100
LUPAAVWL,code,L,70004563,CSD,2006-01-07T05:20,2006-01-07T07:55,CDG,485266100
LUPAAVWL,code,L,70004564,CSD,2006-01-07T09:05,2006-01-07T11:25,NCE,485266100
QVBGHXQN,code,L,70004563,CSD,2006-01-07T05:20,2006-01-07T07:55,CDG,485266100
QVBGHXQN,code,L,70004564,CSD,2006-01-07T09:05,2006-01-07T11:25,NCE,485266100
PGJKUNCM,code,L,70004563,ST,2006-01-07T05:20,2006-01-07T07:55,CDG,485266100
PGJKUNCM,code,L,70004564,ST,2006-01-07T09:05,2006-01-07T11:25,NCE,485266100
LDTUXBLQ,code,L,70004563,ST,2006-01-07T05:20,2006-01-07T07:55,CDG,485266100
LDTUXBLQ,code,L,70004564,ST,2006-01-07T09:05,2006-01-07T11:25,NCE,485266100
DPBRWDPT,code,L,70004563,ST,2006-01-07T05:20,2006-01-07T07:55,CDG,485266100
DPBRWDPT,code,L,70004564,ST,2006-01-07T09:05,2006-01-07T11:25,NCE,485266100
AVRAGCKV,code,L,70004563,ST,2006-01-07T05:20,2006-01-07T07:55,CDG,485266100
AVRAGCKV,code,L,70004564,ST,2006-01-07T09:05,2006-01-07T11:25,NCE,485266100
ESCQDCRV,code,L,70004375,CP,2006-01-07T05:25,2006-01-07T07:50,ORY,2039633683
ESCQDCRV,code,L,70004376,CP,2006-01-07T08:35,2006-01-07T10:50,TLN,2039633683
JXHPMALD,code,L,70004375,FO,2006-01-07T05:25,2006-01-07T07:50,ORY,2039633683
JXHPMALD,code,L,70004376,FO,2006-01-07T08:35,2006-01-07T10:50,TLN,2039633683
WLGQJRDR,code,L,70004375,CSD,2006-01-07T05:25,2006-01-07T07:50,ORY,2039633683
WLGQJRDR,code,L,70004376,CSD,2006-01-07T08:35,2006-01-07T10:50,TLN,2039633683
VJDEMKER,code,L,70004375,CSD,2006-01-07T05:25,2006-01-07T07:50,ORY,2039633683
VJDEMKER,code,L,70004376,CSD,2006-01-07T08:35,2006-01-07T10:50,TLN,2039633683
WEXIPUOH,code,L,70004375,ST,2006-01-07T05:25,2006-01-07T07:50,ORY,2039633683
WEXIPUOH,code,L,70004376,ST,2006-01-07T08:35,2006-01-07T10:50,TLN,2039633683
RYCSFAMR,code,L,70004375,ST,2006-01-07T05:25,2006-01-07T07:50,ORY,2039633683
RYCSFAMR,code,L,70004376,ST,2006-01-07T08:35,2006-01-07T10:50,TLN,2039633683
WLDXFQGY,code,L,70004375,ST,2006-01-07T05:25,2006-01-07T07:50,ORY,2039633683
WLDXFQGY,code,L,70004376,ST,2006-01-07T08:35,2006-01-07T10:50,TLN,2039633683
EHLZPOGR,code,L,70004375,ST,2006-01-07T05:25,2006-01-07T07:50,ORY,2039633683
EHLZPOGR,code,L,70004376,ST,2006-01-07T08:35,2006-01-07T10:50,TLN,2039633683
IEWLYNRE,code,L,70004514,CP,2006-01-07T05:25,2006-01-07T07:35,LYS,1484135457
IEWLYNRE,code,L,70004503,CP,2006-01-07T08:30,2006-01-07T10:25,CDG,1484135457
CZKLIYRD,code,L,70004514,FO,2006-01-07T05:25,2006-01-07T07:35,LYS,1484135457
CZKLIYRD,code,L,70004503,FO,2006-01-07T08:30,2006-01-07T10:25,CDG,1484135457
ZTVFEVJC,code,L,70004514,CSD,2006-01-07T05:25,2006-01-07T07:35,LYS,1484135457
ZTVFEVJC,code,L,70004503,CSD,2006-01-07T08:30,2006-01-07T10:25,CDG,1484135457
CKAYKBDZ,code,L,70004514,CSD,2006-01-07T05:25,2006-01-07T07:35,LYS,1484135457
CKAYKBDZ,code,L,70004503,CSD,2006-01-07T08:30,2006-01-07T10:25,CDG,1484135457
CNCBZLXT,code,L,70004514,ST,2006-01-07T05:25,2006-01-07T07:35,LYS,1484135457
CNCBZLXT,code,L,70004503,ST,2006-01-07T08:30,2006-01-07T10:25,CDG,1484135457
WASWEIHQ,code,L,70004514,ST,2006-01-07T05:25,2006-01-07T07:35,LYS,1484135457
WASWEIHQ,code,L,70004503,ST,2006-01-07T08:30,2006-01-07T10:25,CDG,1484135457
EGDAQWFT,code,L,70004514,ST,2006-01-07T05:25,2006-01-07T07:35,LYS,1484135457
EGDAQWFT,code,L,70004503,ST,2006-01-07T08:30,2006-01-07T10:25,CDG,1484135457
LUPJPCQF,code,L,70004514,ST,2006-01-07T05:25,2006-01-07T07:35,LYS,1484135457
LUPJPCQF,code,L,70004503,ST,2006-01-07T08:30,2006-01-07T10:25,CDG,1484135457
MLQCDDES,code,L,70004574,CP,2006-01-07T05:25,2006-01-07T08:00,NCE,16322739
MLQCDDES,code,L,70004565,CP,2006-01-07T09:35,2006-01-07T11:55,CDG,16322739
QWSZPUAH,code,L,70004574,FO,2006-01-07T05:25,2006-01-07T08:00,NCE,16322739
QWSZPUAH,code,L,70004565,FO,2006-01-07T09:35,2006-01-07T11:55,CDG,16322739
MUYDSSHY,code,L,70004574,CSD,2006-01-07T05:25,2006-01-07T08:00,NCE,16322739
MUYDSSHY,code,L,70004565,CSD,2006-01-07T09:35,2006-01-07T11:55,CDG,16322739
IXUIRNMM,code,L,70004574,CSD,2006-01-07T05:25,2006-01-07T08:00,NCE,16322739
IXUIRNMM,code,L,70004565,CSD,2006-01-07T09:35,2006-01-07T11:55,CDG,16322739
NFJMBXMC,code,L,70004574,ST,2006-01-07T05:25,2006-01-07T08:00,NCE,16322739
NFJMBXMC,code,L,70004565,ST,2006-01-07T09:35,2006-01-07T11:55,CDG,16322739
FCLICMNG,code,L,70004574,ST,2006-01-07T05:25,2006-01-07T08:00,NCE,16322739
FCLICMNG,code,L,70004565,ST,2006-01-07T09:35,2006-01-07T11:55,CDG,16322739
THYFLAWW,code,L,70004574,ST,2006-01-07T05:25,2006-01-07T08:00,NCE,16322739
THYFLAWW,code,L,70004565,ST,2006-01-07T09:35,2006-01-07T11:55,CDG,16322739
KKVDPVGJ,code,L,70004574,ST,2006-01-07T05:25,2006-01-07T08:00,NCE,16322739
KKVDPVGJ,code,L,70004565,ST,2006-01-07T09:35,2006-01-07T11:55,CDG,16322739
TGUQFKIX,code,L,70004483,CP,2006-01-07T05:30,2006-01-07T07:50,CDG,659767626
TGUQFKIX,code,L,70004488,CP,2006-01-07T09:20,2006-01-07T11:30,BOD,659767626
QHODBAZX,code,L,70004483,FO,2006-01-07T05:30,2006-01-07T07:50,CDG,659767626
QHODBAZX,code,L,70004488,FO,2006-01-07T09:20,2006-01-07T11:30,BOD,659767626
NXEYLDKO,code,L,70004483,CSD,2006-01-07T05:30,2006-01-07T07:50,CDG,659767626
NXEYLDKO,code,L,70004488,CSD,2006-01-07T09:20,2006-01-07T11:30,BOD,659767626
XBAFAGZB,code,L,70004483,CSD,2006-01-07T05:30,2006-01-07T07:50,CDG,659767626
XBAFAGZB,code,L,70004488,CSD,2006-01-07T09:20,2006-01-07T11:30,BOD,659767626
OEPBSTKG,code,L,70004483,ST,2006-01-07T05:30,2006-01-07T07:50,CDG,659767626
OEPBSTKG,code,L,70004488,ST,2006-01-07T09:20,2006-01-07T11:30,BOD,659767626
YFNOASZT,code,L,70004483,ST,2006-01-07T05:30,2006-01-07T07:50,CDG,659767626
YFNOASZT,code,L,70004488,ST,2006-01-07T09:20,2006-01-07T11:30,BOD,659767626
VIULYNYU,code,L,70004483,ST,2006-01-07T05:30,2006-01-07T07:50,CDG,659767626
VIULYNYU,code,L,70004488,ST,2006-01-07T09:20,2006-01-07T11:30,BOD,659767626
WMXKILWK,code,L,70004483,ST,2006-01-07T05:30,2006-01-07T07:50,CDG,659767626
WMXKILWK,code,L,70004488,ST,2006-01-07T09:20,2006-01-07T11:30,BOD,659767626
ZLSSWPFC,code,L,70003107,CP,2006-01-07T05:30,2006-01-07T07:50,ORY,1539174560
ZLSSWPFC,code,L,70003108,CP,2006-01-07T08:35,2006-01-07T10:45,NCE,1539174560
EUOTBYPV,code,L,70003107,FO,2006-01-07T05:30,2006-01-07T07:50,ORY,1539174560
EUOTBYPV,code,L,70003108,FO,2006-01-07T08:35,2006-01-07T10:45,NCE,1539174560
WODAEOHP,code,L,70003107,CSD,2006-01-07T05:30,2006-01-07T07:50,ORY,1539174560
WODAEOHP,code,L,70003108,CSD,2006-01-07T08:35,2006-01-07T10:45,NCE,1539174560
OPKFQDAD,code,L,70003107,CSD,2006-01-07T05:30,2006-01-07T07:50,ORY,1539174560
OPKFQDAD,code,L,70003108,CSD,2006-01-07T08:35,2006-01-07T10:45,NCE,1539174560
AEJDQJIF,code,L,70003107,ST,2006-01-07T05:30,2006-01-07T07:50,ORY,1539174560
AEJDQJIF,code,L,70003108,ST,2006-01-07T08:35,2006-01-07T10:45,NCE,1539174560
ZKIYTMIW,code,L,70003107,ST,2006-01-07T05:30,2006-01-07T07:50,ORY,1539174560
ZKIYTMIW,code,L,70003108,ST,2006-01-07T08:35,2006-01-07T10:45,NCE,1539174560
HWEWOAAU,code,L,70003107,ST,2006-01-07T05:30,2006-01-07T07:50,ORY,1539174560
HWEWOAAU,code,L,70003108,ST,2006-01-07T08:35,2006-01-07T10:45,NCE,1539174560
PSBWTYNB,code,L,70003107,ST,2006-01-07T05:30,2006-01-07T07:50,ORY,1539174560
PSBWTYNB,code,L,70003108,ST,2006-01-07T08:35,2006-01-07T10:45,NCE,1539174560
YOKOLTQF,code,L,70002872,CP,2006-01-07T05:30,2006-01-07T07:50,MRS,185012673
YOKOLTQF,code,L,70002879,CP,2006-01-07T08:35,2006-01-07T10:35,ORY,185012673
DOUHEDFH,code,L,70002872,FO,2006-01-07T05:30,2006-01-07T07:50,MRS,185012673
DOUHEDFH,code,L,70002879,FO,2006-01-07T08:35,2006-01-07T10:35,ORY,185012673
ZZARMDJP,code,L,70002872,CSD,2006-01-07T05:30,2006-01-07T07:50,MRS,185012673
ZZARMDJP,code,L,70002879,CSD,2006-01-07T08:35,2006-01-07T10:35,ORY,185012673
RIDKOCJG,code,L,70002872,CSD,2006-01-07T05:30,2006-01-07T07:50,MRS,185012673
RIDKOCJG,code,L,70002879,CSD,2006-01-07T08:35,2006-01-07T10:35,ORY,185012673
TMJZFHJV,code,L,70002872,ST,2006-01-07T05:30,2006-01-07T07:50,MRS,185012673
TMJZFHJV,code,L,70002879,ST,2006-01-07T08:35,2006-01-07T10:35,ORY,185012673
ANNOQFOA,code,L,70002872,ST,2006-01-07T05:30,2006-01-07T07:50,MRS,185012673
ANNOQFOA,code,L,70002879,ST,2006-01-07T08:35,2006-01-07T10:35,ORY,185012673
NLHEWLFK,code,L,70002872,ST,2006-01-07T05:30,2006-01-07T07:50,MRS,185012673
NLHEWLFK,code,L,70002879,ST,2006-01-07T08:35,2006-01-07T10:35,ORY,185012673
LVPGTZDZ,code,L,70002872,ST,2006-01-07T05:30,2006-01-07T07:50,MRS,185012673
LVPGTZDZ,code,L,70002879,ST,2006-01-07T08:35,2006-01-07T10:35,ORY,185012673
UIMCZLUQ,code,L,70004360,CP,2006-01-07T05:30,2006-01-07T07:55,LDE,1477521204
UIMCZLUQ,code,L,70004359,CP,2006-01-07T08:45,2006-01-07T10:05,ORY,1477521204
UIMCZLUQ,code,L,70004350,CP,2006-01-07T10:45,2006-01-07T12:10,LDE,1477521204
UIMCZLUQ,code,L,70004349,CP,2006-01-07T12:55,2006-01-07T15:00,ORY,1477521204
FMOUZERZ,code,L,70004360,FO,2006-01-07T05:30,2006-01-07T07:55,LDE,1477521204
FMOUZERZ,code,L,70004359,FO,2006-01-07T08:45,2006-01-07T10:05,ORY,1477521204
FMOUZERZ,code,L,70004350,FO,2006-01-07T10:45,2006-01-07T12:10,LDE,1477521204
FMOUZERZ,code,L,70004349,FO,2006-01-07T12:55,2006-01-07T15:00,ORY,1477521204
BIKENYSK,code,L,70004360,CSD,2006-01-07T05:30,2006-01-07T07:55,LDE,1477521204
BIKENYSK,code,L,70004359,CSD,2006-01-07T08:45,2006-01-07T10:05,ORY,1477521204
BIKENYSK,code,L,70004350,CSD,2006-01-07T10:45,2006-01-07T12:10,LDE,1477521204
BIKENYSK,code,L,70004349,CSD,2006-01-07T12:55,2006-01-07T15:00,ORY,1477521204
ELIQHRRK,code,L,70004360,ST,2006-01-07T05:30,2006-01-07T07:55,LDE,1477521204
ELIQHRRK,code,L,70004359,ST,2006-01-07T08:45,2006-01-07T10:05,ORY,1477521204
ELIQHRRK,code,L,70004350,ST,2006-01-07T10:45,2006-01-07T12:10,LDE,1477521204
ELIQHRRK,code,L,70004349,ST,2006-01-07T12:55,2006-01-07T15:00,ORY,1477521204
IIPNMGZZ,code,L,70004360,ST,2006-01-07T05:30,2006-01-07T07:55,LDE,1477521204
IIPNMGZZ,code,L,70004359,ST,2006-01-07T08:45,2006-01-07T10:05,ORY,1477521204
IIPNMGZZ,code,L,70004350,ST,2006-01-07T10:45,2006-01-07T12:10,LDE,1477521204
IIPNMGZZ,code,L,70004349,ST,2006-01-07T12:55,2006-01-07T15:00,ORY,1477521204
ICDVOTXP,code,L,70004360,ST,2006-01-07T05:30,2006-01-07T07:55,LDE,1477521204
ICDVOTXP,code,L,70004359,ST,2006-01-07T08:45,2006-01-07T10:05,ORY,1477521204
ICDVOTXP,code,L,70004350,ST,2006-01-07T10:45,2006-01-07T12:10,LDE,1477521204
ICDVOTXP,code,L,70004349,ST,2006-01-07T12:55,2006-01-07T15:00,ORY,1477521204
JGQEFQRQ,code,L,70004623,CP,2006-01-07T05:35,2006-01-07T07:35,ORY,744291659
JGQEFQRQ,code,L,70004626,CP,2006-01-07T09:35,2006-01-07T10:45,SXB,744291659
JGQEFQRQ,code,L,70004625,CP,2006-01-07T11:40,2006-01-07T12:50,CDG,744291659
JGQEFQRQ,code,L,70004634,CP,2006-01-07T14:10,2006-01-07T15:20,SXB,744291659
JGQEFQRQ,code,L,70004629,CP,2006-01-07T16:30,2006-01-07T17:40,CDG,744291659
JGQEFQRQ,code,L,70004630,CP,2006-01-07T18:25,2006-01-07T19:35,SXB,744291659
JGQEFQRQ,code,L,70004647,CP,2006-01-07T20:30,2006-01-07T22:25,CDG,744291659
AGVLNYUA,code,L,70004623,FO,2006-01-07T05:35,2006-01-07T07:35,ORY,744291659
AGVLNYUA,code,L,70004626,FO,2006-01-07T09:35,2006-01-07T10:45,SXB,744291659
AGVLNYUA,code,L,70004625,FO,2006-01-07T11:40,2006-01-07T12:50,CDG,744291659
AGVLNYUA,code,L,70004634,FO,2006-01-07T14:10,2006-01-07T15:20,SXB,744291659
AGVLNYUA,code,L,70004629,FO,2006-01-07T16:30,2006-01-07T17:40,CDG,744291659
AGVLNYUA,code,L,70004630,FO,2006-01-07T18:25,2006-01-07T19:35,SXB,744291659
AGVLNYUA,code,L,70004647,FO,2006-01-07T20:30,2006-01-07T22:25,CDG,744291659
ZMQLHXTA,code,L,70004623,CSD,2006-01-07T05:35,2006-01-07T07:35,ORY,744291659
ZMQLHXTA,code,L,70004626,CSD,2006-01-07T09:35,2006-01-07T10:45,SXB,744291659
ZMQLHXTA,code,L,70004625,CSD,2006-01-07T11:40,2006-01-07T12:50,CDG,744291659
ZMQLHXTA,code,L,70004634,CSD,2006-01-07T14:10,2006-01-07T15:20,SXB,744291659
ZMQLHXTA,code,L,70004629,CSD,2006-01-07T16:30,2006-01-07T17:40,CDG,744291659
ZMQLHXTA,code,L,70004630,CSD,2006-01-07T18:25,2006-01-07T19:35,SXB,744291659
ZMQLHXTA,code,L,70004647,CSD,2006-01-07T20:30,2006-01-07T22:25,CDG,744291659
UQOXEJAT,code,L,70004623,CSD,2006-01-07T05:35,2006-01-07T07:35,ORY,744291659
UQOXEJAT,code,L,70004626,CSD,2006-01-07T09:35,2006-01-07T10:45,SXB,744291659
UQOXEJAT,code,L,70004625,CSD,2006-01-07T11:40,2006-01-07T12:50,CDG,744291659
UQOXEJAT,code,L,70004634,CSD,2006-01-07T14:10,2006-01-07T15:20,SXB,744291659
UQOXEJAT,code,L,70004629,CSD,2006-01-07T16:30,2006-01-07T17:40,CDG,744291659
UQOXEJAT,code,L,70004630,CSD,2006-01-07T18:25,2006-01-07T19:35,SXB,744291659
UQOXEJAT,code,L,70004647,CSD,2006-01-07T20:30,2006-01-07T22:25,CDG,744291659
LXQRBKCJ,code,L,70004623,ST,2006-01-07T05:35,2006-01-07T07:35,ORY,744291659
LXQRBKCJ,code,L,70004626,ST,2006-01-07T09:35,2006-01-07T10:45,SXB,744291659
LXQRBKCJ,code,L,70004625,ST,2006-01-07T11:40,2006-01-07T12:50,CDG,744291659
LXQRBKCJ,code,L,70004634,ST,2006-01-07T14:10,2006-01-07T15:20,SXB,744291659
LXQRBKCJ,code,L,70004629,ST,2006-01-07T16:30,2006-01-07T17:40,CDG,744291659
LXQRBKCJ,code,L,70004630,ST,2006-01-07T18:25,2006-01-07T19:35,SXB,744291659
LXQRBKCJ,code,L,70004647,ST,2006-01-07T20:30,2006-01-07T22:25,CDG,744291659
QBTSYQXM,code,L,70004623,ST,2006-01-07T05:35,2006-01-07T07:35,ORY,744291659
QBTSYQXM,code,L,70004626,ST,2006-01-07T09:35,2006-01-07T10:45,SXB,744291659
QBTSYQXM,code,L,70004625,ST,2006-01-07T11:40,2006-01-07T12:50,CDG,744291659
QBTSYQXM,code,L,70004634,ST,2006-01-07T14:10,2006-01-07T15:20,SXB,744291659
QBTSYQXM,code,L,70004629,ST,2006-01-07T16:30,2006-01-07T17:40,CDG,744291659
QBTSYQXM,code,L,70004630,ST,2006-01-07T18:25,2006-01-07T19:35,SXB,744291659
QBTSYQXM,code,L,70004647,ST,2006-01-07T20:30,2006-01-07T22:25,CDG,744291659
LYDEDJDY,code,L,70004623,ST,2006-01-07T05:35,2006-01-07T07:35,ORY,744291659
LYDEDJDY,code,L,70004626,ST,2006-01-07T09:35,2006-01-07T10:45,SXB,744291659
LYDEDJDY,code,L,70004625,ST,2006-01-07T11:40,2006-01-07T12:50,CDG,744291659
LYDEDJDY,code,L,70004634,ST,2006-01-07T14:10,2006-01-07T15:20,SXB,744291659
LYDEDJDY,code,L,70004629,ST,2006-01-07T16:30,2006-01-07T17:40,CDG,744291659
LYDEDJDY,code,L,70004630,ST,2006-01-07T18:25,2006-01-07T19:35,SXB,744291659
LYDEDJDY,code,L,70004647,ST,2006-01-07T20:30,2006-01-07T22:25,CDG,744291659
VFOUGWIO,code,L,70004623,ST,2006-01-07T05:35,2006-01-07T07:35,ORY,744291659
VFOUGWIO,code,L,70004626,ST,2006-01-07T09:35,2006-01-07T10:45,SXB,744291659
VFOUGWIO,code,L,70004625,ST,2006-01-07T11:40,2006-01-07T12:50,CDG,744291659
VFOUGWIO,code,L,70004634,ST,2006-01-07T14:10,2006-01-07T15:20,SXB,744291659
VFOUGWIO,code,L,70004629,ST,2006-01-07T16:30,2006-01-07T17:40,CDG,744291659
VFOUGWIO,code,L,70004630,ST,2006-01-07T18:25,2006-01-07T19:35,SXB,744291659
VFOUGWIO,code,L,70004647,ST,2006-01-07T20:30,2006-01-07T22:25,CDG,744291659
YJFBMYDZ,code,L,70004536,CP,2006-01-07T05:35,2006-01-07T08:05,MRS,689146701
YJFBMYDZ,code,L,70004525,CP,2006-01-07T09:30,2006-01-07T11:40,CDG,689146701
JZIHERWZ,code,L,70004536,FO,2006-01-07T05:35,2006-01-07T08:05,MRS,689146701
JZIHERWZ,code,L,70004525,FO,2006-01-07T09:30,2006-01-07T11:40,CDG,689146701
KWBXVDGY,code,L,70004536,CSD,2006-01-07T05:35,2006-01-07T08:05,MRS,689146701
KWBXVDGY,code,L,70004525,CSD,2006-01-07T09:30,2006-01-07T11:40,CDG,689146701
YNULNDJB,code,L,70004536,CSD,2006-01-07T05:35,2006-01-07T08:05,MRS,689146701
YNULNDJB,code,L,70004525,CSD,2006-01-07T09:30,2006-01-07T11:40,CDG,689146701
LWETEKPY,code,L,70004536,ST,2006-01-07T05:35,2006-01-07T08:05,MRS,689146701
LWETEKPY,code,L,70004525,ST,2006-01-07T09:30,2006-01-07T11:40,CDG,689146701
PAEFKGXV,code,L,70004536,ST,2006-01-07T05:35,2006-01-07T08:05,MRS,689146701
PAEFKGXV,code,L,70004525,ST,2006-01-07T09:30,2006-01-07T11:40,CDG,689146701
PJOOGQYP,code,L,70004536,ST,2006-01-07T05:35,2006-01-07T08:05,MRS,689146701
PJOOGQYP,code,L,70004525,ST,2006-01-07T09:30,2006-01-07T11:40,CDG,689146701
QINPSJPJ,code,L,70004536,ST,2006-01-07T05:35,2006-01-07T08:05,MRS,689146701
QINPSJPJ,code,L,70004525,ST,2006-01-07T09:30,2006-01-07T11:40,CDG,689146701
CDOXCZMY,code,L,70002970,CP,2006-01-07T05:40,2006-01-07T08:00,TLS,100621466
CDOXCZMY,code,L,70002975,CP,2006-01-07T08:50,2006-01-07T10:45,ORY,100621466
YZPNKQIT,code,L,70002970,FO,2006-01-07T05:40,2006-01-07T08:00,TLS,100621466
YZPNKQIT,code,L,70002975,FO,2006-01-07T08:50,2006-01-07T10:45,ORY,100621466
XTYYFLWB,code,L,70002970,CSD,2006-01-07T05:40,2006-01-07T08:00,TLS,100621466
XTYYFLWB,code,L,70002975,CSD,2006-01-07T08:50,2006-01-07T10:45,ORY,100621466
YQCTQVTR,code,L,70002970,CSD,2006-01-07T05:40,2006-01-07T08:00,TLS,100621466
YQCTQVTR,code,L,70002975,CSD,2006-01-07T08:50,2006-01-07T10:45,ORY,100621466
DFTRUPVE,code,L,70002970,ST,2006-01-07T05:40,2006-01-07T08:00,TLS,100621466
DFTRUPVE,code,L,70002975,ST,2006-01-07T08:50,2006-01-07T10:45,ORY,100621466
XZBOFPEM,code,L,70002970,ST,2006-01-07T05:40,2006-01-07T08:00,TLS,100621466
XZBOFPEM,code,L,70002975,ST,2006-01-07T08:50,2006-01-07T10:45,ORY,100621466
CGZUFLXY,code,L,70002970,ST,2006-01-07T05:40,2006-01-07T08:00,TLS,100621466
CGZUFLXY,code,L,70002975,ST,2006-01-07T08:50,2006-01-07T10:45,ORY,100621466
XLQRWOGW,code,L,70002970,ST,2006-01-07T05:40,2006-01-07T08:00,TLS,100621466
XLQRWOGW,code,L,70002975,ST,2006-01-07T08:50,2006-01-07T10:45,ORY,100621466
FNCLHCGO,code,L,70002605,CP,2006-01-07T05:40,2006-01-07T07:45,RNS,1617046705
FNCLHCGO,code,L,70002606,CP,2006-01-07T08:10,2006-01-07T10:05,TLS,1617046705
MQXVFPEV,code,L,70002605,FO,2006-01-07T05:40,2006-01-07T07:45,RNS,1617046705
MQXVFPEV,code,L,70002606,FO,2006-01-07T08:10,2006-01-07T10:05,TLS,1617046705
PCLQDPYL,code,L,70002605,CS,2006-01-07T05:40,2006-01-07T07:45,RNS,1617046705
PCLQDPYL,code,L,70002606,CS,2006-01-07T08:10,2006-01-07T10:05,TLS,1617046705
TDIDBPRW,code,L,70002605,ST,2006-01-07T05:40,2006-01-07T07:45,RNS,1617046705
TDIDBPRW,code,L,70002606,ST,2006-01-07T08:10,2006-01-07T10:05,TLS,1617046705
GCKHXNPE,code,L,70002605,ST,2006-01-07T05:40,2006-01-07T07:45,RNS,1617046705
GCKHXNPE,code,L,70002606,ST,2006-01-07T08:10,2006-01-07T10:05,TLS,1617046705
KTYJLPQP,code,L,70002969,CP,2006-01-07T05:50,2006-01-07T08:00,ORY,1048083132
KTYJLPQP,code,L,70002976,CP,2006-01-07T08:40,2006-01-07T10:45,TLS,1048083132
RGPRJQIY,code,L,70002969,FO,2006-01-07T05:50,2006-01-07T08:00,ORY,1048083132
RGPRJQIY,code,L,70002976,FO,2006-01-07T08:40,2006-01-07T10:45,TLS,1048083132
LTDFVNDQ,code,L,70002969,CSD,2006-01-07T05:50,2006-01-07T08:00,ORY,1048083132
LTDFVNDQ,code,L,70002976,CSD,2006-01-07T08:40,2006-01-07T10:45,TLS,1048083132
KAPVZBPS,code,L,70002969,CSD,2006-01-07T05:50,2006-01-07T08:00,ORY,1048083132
KAPVZBPS,code,L,70002976,CSD,2006-01-07T08:40,2006-01-07T10:45,TLS,1048083132
DLUGJCDD,code,L,70002969,ST,2006-01-07T05:50,2006-01-07T08:00,ORY,1048083132
DLUGJCDD,code,L,70002976,ST,2006-01-07T08:40,2006-01-07T10:45,TLS,1048083132
MSMLOUZU,code,L,70002969,ST,2006-01-07T05:50,2006-01-07T08:00,ORY,1048083132
MSMLOUZU,code,L,70002976,ST,2006-01-07T08:40,2006-01-07T10:45,TLS,1048083132
WHVQUFBJ,code,L,70002969,ST,2006-01-07T05:50,2006-01-07T08:00,ORY,1048083132
WHVQUFBJ,code,L,70002976,ST,2006-01-07T08:40,2006-01-07T10:45,TLS,1048083132
EULAQSUH,code,L,70002969,ST,2006-01-07T05:50,2006-01-07T08:00,ORY,1048083132
EULAQSUH,code,L,70002976,ST,2006-01-07T08:40,2006-01-07T10:45,TLS,1048083132
RXIHVQEE,code,L,70004618,CP,2006-01-07T06:00,2006-01-07T08:10,ETZ,1002897798
RXIHVQEE,code,L,70004617,CP,2006-01-07T08:40,2006-01-07T10:25,ORY,1002897798
ENSRCSDI,code,L,70004618,FO,2006-01-07T06:00,2006-01-07T08:10,ETZ,1002897798
ENSRCSDI,code,L,70004617,FO,2006-01-07T08:40,2006-01-07T10:25,ORY,1002897798
NKJRHHCM,code,L,70004618,CSD,2006-01-07T06:00,2006-01-07T08:10,ETZ,1002897798
NKJRHHCM,code,L,70004617,CSD,2006-01-07T08:40,2006-01-07T10:25,ORY,1002897798
ZNATSGSY,code,L,70004618,CSD,2006-01-07T06:00,2006-01-07T08:10,ETZ,1002897798
ZNATSGSY,code,L,70004617,CSD,2006-01-07T08:40,2006-01-07T10:25,ORY,1002897798
HBWYDYCU,code,L,70004618,ST,2006-01-07T06:00,2006-01-07T08:10,ETZ,1002897798
HBWYDYCU,code,L,70004617,ST,2006-01-07T08:40,2006-01-07T10:25,ORY,1002897798
FCYENFVX,code,L,70004618,ST,2006-01-07T06:00,2006-01-07T08:10,ETZ,1002897798
FCYENFVX,code,L,70004617,ST,2006-01-07T08:40,2006-01-07T10:25,ORY,1002897798
MHEEXWMR,code,L,70004618,ST,2006-01-07T06:00,2006-01-07T08:10,ETZ,1002897798
MHEEXWMR,code,L,70004617,ST,2006-01-07T08:40,2006-01-07T10:25,ORY,1002897798
PUDHIAGP,code,L,70004618,ST,2006-01-07T06:00,2006-01-07T08:10,ETZ,1002897798
PUDHIAGP,code,L,70004617,ST,2006-01-07T08:40,2006-01-07T10:25,ORY,1002897798
LIPFTQIR,code,L,70003065,CP,2006-01-07T06:00,2006-01-07T08:20,ORY,2026928803
LIPFTQIR,code,L,70003070,CP,2006-01-07T09:05,2006-01-07T11:15,NCE,2026928803
LCSYQPIM,code,L,70003065,FO,2006-01-07T06:00,2006-01-07T08:20,ORY,2026928803
LCSYQPIM,code,L,70003070,FO,2006-01-07T09:05,2006-01-07T11:15,NCE,2026928803
OJGPXWRA,code,L,70003065,CSD,2006-01-07T06:00,2006-01-07T08:20,ORY,2026928803
OJGPXWRA,code,L,70003070,CSD,2006-01-07T09:05,2006-01-07T11:15,NCE,2026928803
CXZNVBCV,code,L,70003065,CSD,2006-01-07T06:00,2006-01-07T08:20,ORY,2026928803
CXZNVBCV,code,L,70003070,CSD,2006-01-07T09:05,2006-01-07T11:15,NCE,2026928803
DNRGYEZE,code,L,70003065,ST,2006-01-07T06:00,2006-01-07T08:20,ORY,2026928803
DNRGYEZE,code,L,70003070,ST,2006-01-07T09:05,2006-01-07T11:15,NCE,2026928803
HKLEXOSK,code,L,70003065,ST,2006-01-07T06:00,2006-01-07T08:20,ORY,2026928803
HKLEXOSK,code,L,70003070,ST,2006-01-07T09:05,2006-01-07T11:15,NCE,2026928803
CLNGVCQD,code,L,70003065,ST,2006-01-07T06:00,2006-01-07T08:20,ORY,2026928803
CLNGVCQD,code,L,70003070,ST,2006-01-07T09:05,2006-01-07T11:15,NCE,2026928803
RKICATFH,code,L,70003065,ST,2006-01-07T06:00,2006-01-07T08:20,ORY,2026928803
RKICATFH,code,L,70003070,ST,2006-01-07T09:05,2006-01-07T11:15,NCE,2026928803
UFVFCAGO,code,L,70004164,CP,2006-01-07T06:00,2006-01-07T08:00,SXB,1704637349
UFVFCAGO,code,L,70002883,CP,2006-01-07T11:35,2006-01-07T12:50,ORY,1704637349
UFVFCAGO,code,L,70002892,CP,2006-01-07T13:30,2006-01-07T14:50,MRS,1704637349
UFVFCAGO,code,L,70002895,CP,2006-01-07T15:35,2006-01-07T16:50,ORY,1704637349
UFVFCAGO,code,L,70002908,CP,2006-01-07T17:30,2006-01-07T18:50,MRS,1704637349
UFVFCAGO,code,L,70004189,CP,2006-01-07T19:25,2006-01-07T21:10,ORY,1704637349
CIMOOFPZ,code,L,70004164,FO,2006-01-07T06:00,2006-01-07T08:00,SXB,1704637349
CIMOOFPZ,code,L,70002883,FO,2006-01-07T11:35,2006-01-07T12:50,ORY,1704637349
CIMOOFPZ,code,L,70002892,FO,2006-01-07T13:30,2006-01-07T14:50,MRS,1704637349
CIMOOFPZ,code,L,70002895,FO,2006-01-07T15:35,2006-01-07T16:50,ORY,1704637349
CIMOOFPZ,code,L,70002908,FO,2006-01-07T17:30,2006-01-07T18:50,MRS,1704637349
CIMOOFPZ,code,L,70004189,FO,2006-01-07T19:25,2006-01-07T21:10,ORY,1704637349
XWXDVLOB,code,L,70004164,CSD,2006-01-07T06:00,2006-01-07T08:00,SXB,1704637349
XWXDVLOB,code,L,70002883,CSD,2006-01-07T11:35,2006-01-07T12:50,ORY,1704637349
XWXDVLOB,code,L,70002892,CSD,2006-01-07T13:30,2006-01-07T14:50,MRS,1704637349
XWXDVLOB,code,L,70002895,CSD,2006-01-07T15:35,2006-01-07T16:50,ORY,1704637349
XWXDVLOB,code,L,70002908,CSD,2006-01-07T17:30,2006-01-07T18:50,MRS,1704637349
XWXDVLOB,code,L,70004189,CSD,2006-01-07T19:25,2006-01-07T21:10,ORY,1704637349
BANKHUMP,code,L,70004164,CSD,2006-01-07T06:00,2006-01-07T08:00,SXB,1704637349
BANKHUMP,code,L,70002883,CSD,2006-01-07T11:35,2006-01-07T12:50,ORY,1704637349
BANKHUMP,code,L,70002892,CSD,2006-01-07T13:30,2006-01-07T14:50,MRS,1704637349
BANKHUMP,code,L,70002895,CSD,2006-01-07T15:35,2006-01-07T16:50,ORY,1704637349
BANKHUMP,code,L,70002908,CSD,2006-01-07T17:30,2006-01-07T18:50,MRS,1704637349
BANKHUMP,code,L,70004189,CSD,2006-01-07T19:25,2006-01-07T21:10,ORY,1704637349
ETDDIQCI,code,L,70004164,ST,2006-01-07T06:00,2006-01-07T08:00,SXB,1704637349
ETDDIQCI,code,L,70002883,ST,2006-01-07T11:35,2006-01-07T12:50,ORY,1704637349
ETDDIQCI,code,L,70002892,ST,2006-01-07T13:30,2006-01-07T14:50,MRS,1704637349
ETDDIQCI,code,L,70002895,ST,2006-01-07T15:35,2006-01-07T16:50,ORY,1704637349
ETDDIQCI,code,L,70002908,ST,2006-01-07T17:30,2006-01-07T18:50,MRS,1704637349
ETDDIQCI,code,L,70004189,ST,2006-01-07T19:25,2006-01-07T21:10,ORY,1704637349
ETZRNXHT,code,L,70004164,ST,2006-01-07T06:00,2006-01-07T08:00,SXB,1704637349
ETZRNXHT,code,L,70002883,ST,2006-01-07T11:35,2006-01-07T12:50,ORY,1704637349
ETZRNXHT,code,L,70002892,ST,2006-01-07T13:30,2006-01-07T14:50,MRS,1704637349
ETZRNXHT,code,L,70002895,ST,2006-01-07T15:35,2006-01-07T16:50,ORY,1704637349
ETZRNXHT,code,L,70002908,ST,2006-01-07T17:30,2006-01-07T18:50,MRS,1704637349
ETZRNXHT,code,L,70004189,ST,2006-01-07T19:25,2006-01-07T21:10,ORY,1704637349
BFKMJEGG,code,L,70004164,ST,2006-01-07T06:00,2006-01-07T08:00,SXB,1704637349
BFKMJEGG,code,L,70002883,ST,2006-01-07T11:35,2006-01-07T12:50,ORY,1704637349
BFKMJEGG,code,L,70002892,ST,2006-01-07T13:30,2006-01-07T14:50,MRS,1704637349
BFKMJEGG,code,L,70002895,ST,2006-01-07T15:35,2006-01-07T16:50,ORY,1704637349
BFKMJEGG,code,L,70002908,ST,2006-01-07T17:30,2006-01-07T18:50,MRS,1704637349
BFKMJEGG,code,L,70004189,ST,2006-01-07T19:25,2006-01-07T21:10,ORY,1704637349
FROIYEEN,code,L,70004164,ST,2006-01-07T06:00,2006-01-07T08:00,SXB,1704637349
FROIYEEN,code,L,70002883,ST,2006-01-07T11:35,2006-01-07T12:50,ORY,1704637349
FROIYEEN,code,L,70002892,ST,2006-01-07T13:30,2006-01-07T14:50,MRS,1704637349
FROIYEEN,code,L,70002895,ST,2006-01-07T15:35,2006-01-07T16:50,ORY,1704637349
FROIYEEN,code,L,70002908,ST,2006-01-07T17:30,2006-01-07T18:50,MRS,1704637349
FROIYEEN,code,L,70004189,ST,2006-01-07T19:25,2006-01-07T21:10,ORY,1704637349
HDTWSPSP,code,L,70002610,CP,2006-01-07T06:00,2006-01-07T08:35,RNS,272026514
HDTWSPSP,code,L,70002661,CP,2006-01-07T09:10,2006-01-07T11:05,NCE,272026514
HDTWSPSP,code,L,70002662,CP,2006-01-07T11:45,2006-01-07T13:35,BES,272026514
HDTWSPSP,code,L,70002609,CP,2006-01-07T14:05,2006-01-07T16:30,NCE,272026514
PQUJOEPZ,code,L,70002610,FO,2006-01-07T06:00,2006-01-07T08:35,RNS,272026514
PQUJOEPZ,code,L,70002661,FO,2006-01-07T09:10,2006-01-07T11:05,NCE,272026514
PQUJOEPZ,code,L,70002662,FO,2006-01-07T11:45,2006-01-07T13:35,BES,272026514
PQUJOEPZ,code,L,70002609,FO,2006-01-07T14:05,2006-01-07T16:30,NCE,272026514
JUJUOTZU,code,L,70002610,CSD,2006-01-07T06:00,2006-01-07T08:35,RNS,272026514
JUJUOTZU,code,L,70002661,CSD,2006-01-07T09:10,2006-01-07T11:05,NCE,272026514
JUJUOTZU,code,L,70002662,CSD,2006-01-07T11:45,2006-01-07T13:35,BES,272026514
JUJUOTZU,code,L,70002609,CSD,2006-01-07T14:05,2006-01-07T16:30,NCE,272026514
QGRDEOYU,code,L,70002610,ST,2006-01-07T06:00,2006-01-07T08:35,RNS,272026514
QGRDEOYU,code,L,70002661,ST,2006-01-07T09:10,2006-01-07T11:05,NCE,272026514
QGRDEOYU,code,L,70002662,ST,2006-01-07T11:45,2006-01-07T13:35,BES,272026514
QGRDEOYU,code,L,70002609,ST,2006-01-07T14:05,2006-01-07T16:30,NCE,272026514
ZACIDBEB,code,L,70002610,ST,2006-01-07T06:00,2006-01-07T08:35,RNS,272026514
ZACIDBEB,code,L,70002661,ST,2006-01-07T09:10,2006-01-07T11:05,NCE,272026514
ZACIDBEB,code,L,70002662,ST,2006-01-07T11:45,2006-01-07T13:35,BES,272026514
ZACIDBEB,code,L,70002609,ST,2006-01-07T14:05,2006-01-07T16:30,NCE,272026514
CQVZIHNL,code,L,70002610,ST,2006-01-07T06:00,2006-01-07T08:35,RNS,272026514
CQVZIHNL,code,L,70002661,ST,2006-01-07T09:10,2006-01-07T11:05,NCE,272026514
CQVZIHNL,code,L,70002662,ST,2006-01-07T11:45,2006-01-07T13:35,BES,272026514
CQVZIHNL,code,L,70002609,ST,2006-01-07T14:05,2006-01-07T16:30,NCE,272026514
AZMYMXSC,code,L,70002624,CP,2006-01-07T06:05,2006-01-07T08:25,NTE,1412011072
AZMYMXSC,code,L,70002623,CP,2006-01-07T09:00,2006-01-07T10:25,MRS,1412011072
AZMYMXSC,code,L,70002630,CP,2006-01-07T11:00,2006-01-07T12:20,NTE,1412011072
AZMYMXSC,code,L,70002629,CP,2006-01-07T12:55,2006-01-07T15:05,MRS,1412011072
LXGEYDJS,code,L,70002624,FO,2006-01-07T06:05,2006-01-07T08:25,NTE,1412011072
LXGEYDJS,code,L,70002623,FO,2006-01-07T09:00,2006-01-07T10:25,MRS,1412011072
LXGEYDJS,code,L,70002630,FO,2006-01-07T11:00,2006-01-07T12:20,NTE,1412011072
LXGEYDJS,code,L,70002629,FO,2006-01-07T12:55,2006-01-07T15:05,MRS,1412011072
GKTPCKRG,code,L,70002624,CSD,2006-01-07T06:05,2006-01-07T08:25,NTE,1412011072
GKTPCKRG,code,L,70002623,CSD,2006-01-07T09:00,2006-01-07T10:25,MRS,1412011072
GKTPCKRG,code,L,70002630,CSD,2006-01-07T11:00,2006-01-07T12:20,NTE,1412011072
GKTPCKRG,code,L,70002629,CSD,2006-01-07T12:55,2006-01-07T15:05,MRS,1412011072
EHBIKFGG,code,L,70002624,CSD,2006-01-07T06:05,2006-01-07T08:25,NTE,1412011072
EHBIKFGG,code,L,70002623,CSD,2006-01-07T09:00,2006-01-07T10:25,MRS,1412011072
EHBIKFGG,code,L,70002630,CSD,2006-01-07T11:00,2006-01-07T12:20,NTE,1412011072
EHBIKFGG,code,L,70002629,CSD,2006-01-07T12:55,2006-01-07T15:05,MRS,1412011072
MVUYJMNU,code,L,70002624,ST,2006-01-07T06:05,2006-01-07T08:25,NTE,1412011072
MVUYJMNU,code,L,70002623,ST,2006-01-07T09:00,2006-01-07T10:25,MRS,1412011072
MVUYJMNU,code,L,70002630,ST,2006-01-07T11:00,2006-01-07T12:20,NTE,1412011072
MVUYJMNU,code,L,70002629,ST,2006-01-07T12:55,2006-01-07T15:05,MRS,1412011072
SIWDPFPG,code,L,70002624,ST,2006-01-07T06:05,2006-01-07T08:25,NTE,1412011072
SIWDPFPG,code,L,70002623,ST,2006-01-07T09:00,2006-01-07T10:25,MRS,1412011072
SIWDPFPG,code,L,70002630,ST,2006-01-07T11:00,2006-01-07T12:20,NTE,1412011072
SIWDPFPG,code,L,70002629,ST,2006-01-07T12:55,2006-01-07T15:05,MRS,1412011072
WYAWFMFH,code,L,70002624,ST,2006-01-07T06:05,2006-01-07T08:25,NTE,1412011072
WYAWFMFH,code,L,70002623,ST,2006-01-07T09:00,2006-01-07T10:25,MRS,1412011072
WYAWFMFH,code,L,70002630,ST,2006-01-07T11:00,2006-01-07T12:20,NTE,1412011072
WYAWFMFH,code,L,70002629,ST,2006-01-07T12:55,2006-01-07T15:05,MRS,1412011072
FWWIYBYY,code,L,70002624,ST,2006-01-07T06:05,2006-01-07T08:25,NTE,1412011072
FWWIYBYY,code,L,70002623,ST,2006-01-07T09:00,2006-01-07T10:25,MRS,1412011072
FWWIYBYY,code,L,70002630,ST,2006-01-07T11:00,2006-01-07T12:20,NTE,1412011072
FWWIYBYY,code,L,70002629,ST,2006-01-07T12:55,2006-01-07T15:05,MRS,1412011072
LZJKWEET,code,L,70003117,CP,2006-01-07T06:15,2006-01-07T08:20,ORY,1844137836
LZJKWEET,code,L,70003144,CP,2006-01-07T09:10,2006-01-07T10:20,BOD,1844137836
LZJKWEET,code,L,70002869,CP,2006-01-07T12:10,2006-01-07T13:25,ORY,1844137836
LZJKWEET,code,L,70002878,CP,2006-01-07T14:55,2006-01-07T16:50,MRS,1844137836
IOIVZNVH,code,L,70003117,FO,2006-01-07T06:15,2006-01-07T08:20,ORY,1844137836
IOIVZNVH,code,L,70003144,FO,2006-01-07T09:10,2006-01-07T10:20,BOD,1844137836
IOIVZNVH,code,L,70002869,FO,2006-01-07T12:10,2006-01-07T13:25,ORY,1844137836
IOIVZNVH,code,L,70002878,FO,2006-01-07T14:55,2006-01-07T16:50,MRS,1844137836
SLUNVAKJ,code,L,70003117,CSD,2006-01-07T06:15,2006-01-07T08:20,ORY,1844137836
SLUNVAKJ,code,L,70003144,CSD,2006-01-07T09:10,2006-01-07T10:20,BOD,1844137836
SLUNVAKJ,code,L,70002869,CSD,2006-01-07T12:10,2006-01-07T13:25,ORY,1844137836
SLUNVAKJ,code,L,70002878,CSD,2006-01-07T14:55,2006-01-07T16:50,MRS,1844137836
TWEDJEOZ,code,L,70003117,CSD,2006-01-07T06:15,2006-01-07T08:20,ORY,1844137836
TWEDJEOZ,code,L,70003144,CSD,2006-01-07T09:10,2006-01-07T10:20,BOD,1844137836
TWEDJEOZ,code,L,70002869,CSD,2006-01-07T12:10,2006-01-07T13:25,ORY,1844137836
TWEDJEOZ,code,L,70002878,CSD,2006-01-07T14:55,2006-01-07T16:50,MRS,1844137836
ILWXUIWU,code,L,70003117,ST,2006-01-07T06:15,2006-01-07T08:20,ORY,1844137836
ILWXUIWU,code,L,70003144,ST,2006-01-07T09:10,2006-01-07T10:20,BOD,1844137836
ILWXUIWU,code,L,70002869,ST,2006-01-07T12:10,2006-01-07T13:25,ORY,1844137836
ILWXUIWU,code,L,70002878,ST,2006-01-07T14:55,2006-01-07T16:50,MRS,1844137836
RKQBFVDW,code,L,70003117,ST,2006-01-07T06:15,2006-01-07T08:20,ORY,1844137836
RKQBFVDW,code,L,70003144,ST,2006-01-07T09:10,2006-01-07T10:20,BOD,1844137836
RKQBFVDW,code,L,70002869,ST,2006-01-07T12:10,2006-01-07T13:25,ORY,1844137836
RKQBFVDW,code,L,70002878,ST,2006-01-07T14:55,2006-01-07T16:50,MRS,1844137836
GGCKVVDN,code,L,70003117,ST,2006-01-07T06:15,2006-01-07T08:20,ORY,1844137836
GGCKVVDN,code,L,70003144,ST,2006-01-07T09:10,2006-01-07T10:20,BOD,1844137836
GGCKVVDN,code,L,70002869,ST,2006-01-07T12:10,2006-01-07T13:25,ORY,1844137836
GGCKVVDN,code,L,70002878,ST,2006-01-07T14:55,2006-01-07T16:50,MRS,1844137836
RCBJLWMZ,code,L,70003117,ST,2006-01-07T06:15,2006-01-07T08:20,ORY,1844137836
RCBJLWMZ,code,L,70003144,ST,2006-01-07T09:10,2006-01-07T10:20,BOD,1844137836
RCBJLWMZ,code,L,70002869,ST,2006-01-07T12:10,2006-01-07T13:25,ORY,1844137836
RCBJLWMZ,code,L,70002878,ST,2006-01-07T14:55,2006-01-07T16:50,MRS,1844137836
IWAEKWXO,code,L,70004385,CP,2006-01-07T06:25,2006-01-07T08:45,ORY,1713579631
IWAEKWXO,code,L,70004386,CP,2006-01-07T09:35,2006-01-07T11:45,PGF,1713579631
HPCHKNRF,code,L,70004385,FO,2006-01-07T06:25,2006-01-07T08:45,ORY,1713579631
HPCHKNRF,code,L,70004386,FO,2006-01-07T09:35,2006-01-07T11:45,PGF,1713579631
VVODCOCI,code,L,70004385,CSD,2006-01-07T06:25,2006-01-07T08:45,ORY,1713579631
VVODCOCI,code,L,70004386,CSD,2006-01-07T09:35,2006-01-07T11:45,PGF,1713579631
FMOUTAIM,code,L,70004385,CSD,2006-01-07T06:25,2006-01-07T08:45,ORY,1713579631
FMOUTAIM,code,L,70004386,CSD,2006-01-07T09:35,2006-01-07T11:45,PGF,1713579631
UFQGQQWY,code,L,70004385,ST,2006-01-07T06:25,2006-01-07T08:45,ORY,1713579631
UFQGQQWY,code,L,70004386,ST,2006-01-07T09:35,2006-01-07T11:45,PGF,1713579631
UKZXWMXS,code,L,70004385,ST,2006-01-07T06:25,2006-01-07T08:45,ORY,1713579631
UKZXWMXS,code,L,70004386,ST,2006-01-07T09:35,2006-01-07T11:45,PGF,1713579631
NMKEYKWM,code,L,70004385,ST,2006-01-07T06:25,2006-01-07T08:45,ORY,1713579631
NMKEYKWM,code,L,70004386,ST,2006-01-07T09:35,2006-01-07T11:45,PGF,1713579631
VRWTFAUX,code,L,70004385,ST,2006-01-07T06:25,2006-01-07T08:45,ORY,1713579631
VRWTFAUX,code,L,70004386,ST,2006-01-07T09:35,2006-01-07T11:45,PGF,1713579631
AIGNLPTF,code,L,70004486,CP,2006-01-07T06:25,2006-01-07T08:50,BOD,216794175
AIGNLPTF,code,L,70004485,CP,2006-01-07T09:55,2006-01-07T12:00,CDG,216794175
UWIBZPPG,code,L,70004486,FO,2006-01-07T06:25,2006-01-07T08:50,BOD,216794175
UWIBZPPG,code,L,70004485,FO,2006-01-07T09:55,2006-01-07T12:00,CDG,216794175
BRGKESCW,code,L,70004486,CSD,2006-01-07T06:25,2006-01-07T08:50,BOD,216794175
BRGKESCW,code,L,70004485,CSD,2006-01-07T09:55,2006-01-07T12:00,CDG,216794175
TNBMXOHU,code,L,70004486,CSD,2006-01-07T06:25,2006-01-07T08:50,BOD,216794175
TNBMXOHU,code,L,70004485,CSD,2006-01-07T09:55,2006-01-07T12:00,CDG,216794175
RGRZITNI,code,L,70004486,ST,2006-01-07T06:25,2006-01-07T08:50,BOD,216794175
RGRZITNI,code,L,70004485,ST,2006-01-07T09:55,2006-01-07T12:00,CDG,216794175
APXZSYWV,code,L,70004486,ST,2006-01-07T06:25,2006-01-07T08:50,BOD,216794175
APXZSYWV,code,L,70004485,ST,2006-01-07T09:55,2006-01-07T12:00,CDG,216794175
CSEMMHEC,code,L,70004486,ST,2006-01-07T06:25,2006-01-07T08:50,BOD,216794175
CSEMMHEC,code,L,70004485,ST,2006-01-07T09:55,2006-01-07T12:00,CDG,216794175
ZSDFTRVZ,code,L,70004486,ST,2006-01-07T06:25,2006-01-07T08:50,BOD,216794175
ZSDFTRVZ,code,L,70004485,ST,2006-01-07T09:55,2006-01-07T12:00,CDG,216794175
DNRAASAY,code,L,70002520,CP,2006-01-07T06:25,2006-01-07T08:25,NTE,1017541010
DNRAASAY,code,L,70002519,CP,2006-01-07T08:55,2006-01-07T09:55,TLS,1017541010
DNRAASAY,code,L,70002518,CP,2006-01-07T10:45,2006-01-07T11:45,NTE,1017541010
DNRAASAY,code,L,70002517,CP,2006-01-07T12:15,2006-01-07T13:15,TLS,1017541010
DNRAASAY,code,L,70002626,CP,2006-01-07T13:50,2006-01-07T15:10,NTE,1017541010
DNRAASAY,code,L,70002625,CP,2006-01-07T15:45,2006-01-07T17:55,MRS,1017541010
FORNMVXU,code,L,70002520,FO,2006-01-07T06:25,2006-01-07T08:25,NTE,1017541010
FORNMVXU,code,L,70002519,FO,2006-01-07T08:55,2006-01-07T09:55,TLS,1017541010
FORNMVXU,code,L,70002518,FO,2006-01-07T10:45,2006-01-07T11:45,NTE,1017541010
FORNMVXU,code,L,70002517,FO,2006-01-07T12:15,2006-01-07T13:15,TLS,1017541010
FORNMVXU,code,L,70002626,FO,2006-01-07T13:50,2006-01-07T15:10,NTE,1017541010
FORNMVXU,code,L,70002625,FO,2006-01-07T15:45,2006-01-07T17:55,MRS,1017541010
WGDMNEYD,code,L,70002520,CSD,2006-01-07T06:25,2006-01-07T08:25,NTE,1017541010
WGDMNEYD,code,L,70002519,CSD,2006-01-07T08:55,2006-01-07T09:55,TLS,1017541010
WGDMNEYD,code,L,70002518,CSD,2006-01-07T10:45,2006-01-07T11:45,NTE,1017541010
WGDMNEYD,code,L,70002517,CSD,2006-01-07T12:15,2006-01-07T13:15,TLS,1017541010
WGDMNEYD,code,L,70002626,CSD,2006-01-07T13:50,2006-01-07T15:10,NTE,1017541010
WGDMNEYD,code,L,70002625,CSD,2006-01-07T15:45,2006-01-07T17:55,MRS,1017541010
UNKSXOBT,code,L,70002520,ST,2006-01-07T06:25,2006-01-07T08:25,NTE,1017541010
UNKSXOBT,code,L,70002519,ST,2006-01-07T08:55,2006-01-07T09:55,TLS,1017541010
UNKSXOBT,code,L,70002518,ST,2006-01-07T10:45,2006-01-07T11:45,NTE,1017541010
UNKSXOBT,code,L,70002517,ST,2006-01-07T12:15,2006-01-07T13:15,TLS,1017541010
UNKSXOBT,code,L,70002626,ST,2006-01-07T13:50,2006-01-07T15:10,NTE,1017541010
UNKSXOBT,code,L,70002625,ST,2006-01-07T15:45,2006-01-07T17:55,MRS,1017541010
GMKSVHRT,code,L,70002520,ST,2006-01-07T06:25,2006-01-07T08:25,NTE,1017541010
GMKSVHRT,code,L,70002519,ST,2006-01-07T08:55,2006-01-07T09:55,TLS,1017541010
GMKSVHRT,code,L,70002518,ST,2006-01-07T10:45,2006-01-07T11:45,NTE,1017541010
GMKSVHRT,code,L,70002517,ST,2006-01-07T12:15,2006-01-07T13:15,TLS,1017541010
GMKSVHRT,code,L,70002626,ST,2006-01-07T13:50,2006-01-07T15:10,NTE,1017541010
GMKSVHRT,code,L,70002625,ST,2006-01-07T15:45,2006-01-07T17:55,MRS,1017541010
LVBRAOJY,code,L,70002520,ST,2006-01-07T06:25,2006-01-07T08:25,NTE,1017541010
LVBRAOJY,code,L,70002519,ST,2006-01-07T08:55,2006-01-07T09:55,TLS,1017541010
LVBRAOJY,code,L,70002518,ST,2006-01-07T10:45,2006-01-07T11:45,NTE,1017541010
LVBRAOJY,code,L,70002517,ST,2006-01-07T12:15,2006-01-07T13:15,TLS,1017541010
LVBRAOJY,code,L,70002626,ST,2006-01-07T13:50,2006-01-07T15:10,NTE,1017541010
LVBRAOJY,code,L,70002625,ST,2006-01-07T15:45,2006-01-07T17:55,MRS,1017541010
YECTMRTX,code,L,70002868,CP,2006-01-07T06:30,2006-01-07T08:50,MRS,921209318
YECTMRTX,code,L,70002877,CP,2006-01-07T09:35,2006-01-07T11:35,ORY,921209318
YEONZWAH,code,L,70002868,FO,2006-01-07T06:30,2006-01-07T08:50,MRS,921209318
YEONZWAH,code,L,70002877,FO,2006-01-07T09:35,2006-01-07T11:35,ORY,921209318
ZLIUJBOR,code,L,70002868,CSD,2006-01-07T06:30,2006-01-07T08:50,MRS,921209318
ZLIUJBOR,code,L,70002877,CSD,2006-01-07T09:35,2006-01-07T11:35,ORY,921209318
NSAPSNPH,code,L,70002868,CSD,2006-01-07T06:30,2006-01-07T08:50,MRS,921209318
NSAPSNPH,code,L,70002877,CSD,2006-01-07T09:35,2006-01-07T11:35,ORY,921209318
BZXQUIBB,code,L,70002868,ST,2006-01-07T06:30,2006-01-07T08:50,MRS,921209318
BZXQUIBB,code,L,70002877,ST,2006-01-07T09:35,2006-01-07T11:35,ORY,921209318
AIHKPLIA,code,L,70002868,ST,2006-01-07T06:30,2006-01-07T08:50,MRS,921209318
AIHKPLIA,code,L,70002877,ST,2006-01-07T09:35,2006-01-07T11:35,ORY,921209318
FUBXJNLL,code,L,70002868,ST,2006-01-07T06:30,2006-01-07T08:50,MRS,921209318
FUBXJNLL,code,L,70002877,ST,2006-01-07T09:35,2006-01-07T11:35,ORY,921209318
LPXSXPCN,code,L,70002868,ST,2006-01-07T06:30,2006-01-07T08:50,MRS,921209318
LPXSXPCN,code,L,70002877,ST,2006-01-07T09:35,2006-01-07T11:35,ORY,921209318
DHFWMPQP,code,L,70004400,CP,2006-01-07T06:30,2006-01-07T09:15,FSC,943091072
DHFWMPQP,code,L,70004393,CP,2006-01-07T09:40,2006-01-07T12:10,ORY,943091072
PSAJJQAM,code,L,70004400,FO,2006-01-07T06:30,2006-01-07T09:15,FSC,943091072
PSAJJQAM,code,L,70004393,FO,2006-01-07T09:40,2006-01-07T12:10,ORY,943091072
HJRGBSVY,code,L,70004400,CS,2006-01-07T06:30,2006-01-07T09:15,FSC,943091072
HJRGBSVY,code,L,70004393,CS,2006-01-07T09:40,2006-01-07T12:10,ORY,943091072
CLBWPWKY,code,L,70004400,ST,2006-01-07T06:30,2006-01-07T09:15,FSC,943091072
CLBWPWKY,code,L,70004393,ST,2006-01-07T09:40,2006-01-07T12:10,ORY,943091072
ODYUGUGA,code,L,70004400,ST,2006-01-07T06:30,2006-01-07T09:15,FSC,943091072
ODYUGUGA,code,L,70004393,ST,2006-01-07T09:40,2006-01-07T12:10,ORY,943091072
BOFGSZBH,code,L,70003067,CP,2006-01-07T06:30,2006-01-07T08:50,ORY,1772116450
BOFGSZBH,code,L,70004784,CP,2006-01-07T10:00,2006-01-07T11:40,NCE,1772116450
BOFGSZBH,code,L,70004679,CP,2006-01-07T12:35,2006-01-07T13:50,LIL,1772116450
BOFGSZBH,code,L,70004678,CP,2006-01-07T14:45,2006-01-07T16:30,LYS,1772116450
HYOHSIVX,code,L,70003067,FO,2006-01-07T06:30,2006-01-07T08:50,ORY,1772116450
HYOHSIVX,code,L,70004784,FO,2006-01-07T10:00,2006-01-07T11:40,NCE,1772116450
HYOHSIVX,code,L,70004679,FO,2006-01-07T12:35,2006-01-07T13:50,LIL,1772116450
HYOHSIVX,code,L,70004678,FO,2006-01-07T14:45,2006-01-07T16:30,LYS,1772116450
UXGGNRHF,code,L,70003067,CSD,2006-01-07T06:30,2006-01-07T08:50,ORY,1772116450
UXGGNRHF,code,L,70004784,CSD,2006-01-07T10:00,2006-01-07T11:40,NCE,1772116450
UXGGNRHF,code,L,70004679,CSD,2006-01-07T12:35,2006-01-07T13:50,LIL,1772116450
UXGGNRHF,code,L,70004678,CSD,2006-01-07T14:45,2006-01-07T16:30,LYS,1772116450
HYOVVUXK,code,L,70003067,ST,2006-01-07T06:30,2006-01-07T08:50,ORY,1772116450
HYOVVUXK,code,L,70004784,ST,2006-01-07T10:00,2006-01-07T11:40,NCE,1772116450
HYOVVUXK,code,L,70004679,ST,2006-01-07T12:35,2006-01-07T13:50,LIL,1772116450
HYOVVUXK,code,L,70004678,ST,2006-01-07T14:45,2006-01-07T16:30,LYS,1772116450
JVEALBCF,code,L,70003067,ST,2006-01-07T06:30,2006-01-07T08:50,ORY,1772116450
JVEALBCF,code,L,70004784,ST,2006-01-07T10:00,2006-01-07T11:40,NCE,1772116450
JVEALBCF,code,L,70004679,ST,2006-01-07T12:35,2006-01-07T13:50,LIL,1772116450
JVEALBCF,code,L,70004678,ST,2006-01-07T14:45,2006-01-07T16:30,LYS,1772116450
MQWBEMXE,code,L,70003067,ST,2006-01-07T06:30,2006-01-07T08:50,ORY,1772116450
MQWBEMXE,code,L,70004784,ST,2006-01-07T10:00,2006-01-07T11:40,NCE,1772116450
MQWBEMXE,code,L,70004679,ST,2006-01-07T12:35,2006-01-07T13:50,LIL,1772116450
MQWBEMXE,code,L,70004678,ST,2006-01-07T14:45,2006-01-07T16:30,LYS,1772116450
FAFFDNZM,code,L,70004165,CP,2006-01-07T07:00,2006-01-07T09:00,ORY,29236707
FAFFDNZM,code,L,70004170,CP,2006-01-07T10:10,2006-01-07T11:10,SXB,29236707
FAFFDNZM,code,L,70004171,CP,2006-01-07T14:25,2006-01-07T15:25,ORY,29236707
FAFFDNZM,code,L,70004180,CP,2006-01-07T17:00,2006-01-07T18:45,SXB,29236707
KPPBUSFY,code,L,70004165,FO,2006-01-07T07:00,2006-01-07T09:00,ORY,29236707
KPPBUSFY,code,L,70004170,FO,2006-01-07T10:10,2006-01-07T11:10,SXB,29236707
KPPBUSFY,code,L,70004171,FO,2006-01-07T14:25,2006-01-07T15:25,ORY,29236707
KPPBUSFY,code,L,70004180,FO,2006-01-07T17:00,2006-01-07T18:45,SXB,29236707
DBVIFGSE,code,L,70004165,CSD,2006-01-07T07:00,2006-01-07T09:00,ORY,29236707
DBVIFGSE,code,L,70004170,CSD,2006-01-07T10:10,2006-01-07T11:10,SXB,29236707
DBVIFGSE,code,L,70004171,CSD,2006-01-07T14:25,2006-01-07T15:25,ORY,29236707
DBVIFGSE,code,L,70004180,CSD,2006-01-07T17:00,2006-01-07T18:45,SXB,29236707
KQSFQJRT,code,L,70004165,CSD,2006-01-07T07:00,2006-01-07T09:00,ORY,29236707
KQSFQJRT,code,L,70004170,CSD,2006-01-07T10:10,2006-01-07T11:10,SXB,29236707
KQSFQJRT,code,L,70004171,CSD,2006-01-07T14:25,2006-01-07T15:25,ORY,29236707
KQSFQJRT,code,L,70004180,CSD,2006-01-07T17:00,2006-01-07T18:45,SXB,29236707
ZKFBDWVX,code,L,70004165,ST,2006-01-07T07:00,2006-01-07T09:00,ORY,29236707
ZKFBDWVX,code,L,70004170,ST,2006-01-07T10:10,2006-01-07T11:10,SXB,29236707
ZKFBDWVX,code,L,70004171,ST,2006-01-07T14:25,2006-01-07T15:25,ORY,29236707
ZKFBDWVX,code,L,70004180,ST,2006-01-07T17:00,2006-01-07T18:45,SXB,29236707
DROXHMIC,code,L,70004165,ST,2006-01-07T07:00,2006-01-07T09:00,ORY,29236707
DROXHMIC,code,L,70004170,ST,2006-01-07T10:10,2006-01-07T11:10,SXB,29236707
DROXHMIC,code,L,70004171,ST,2006-01-07T14:25,2006-01-07T15:25,ORY,29236707
DROXHMIC,code,L,70004180,ST,2006-01-07T17:00,2006-01-07T18:45,SXB,29236707
TNMHCZCQ,code,L,70004165,ST,2006-01-07T07:00,2006-01-07T09:00,ORY,29236707
TNMHCZCQ,code,L,70004170,ST,2006-01-07T10:10,2006-01-07T11:10,SXB,29236707
TNMHCZCQ,code,L,70004171,ST,2006-01-07T14:25,2006-01-07T15:25,ORY,29236707
TNMHCZCQ,code,L,70004180,ST,2006-01-07T17:00,2006-01-07T18:45,SXB,29236707
AHETZFBE,code,L,70004165,ST,2006-01-07T07:00,2006-01-07T09:00,ORY,29236707
AHETZFBE,code,L,70004170,ST,2006-01-07T10:10,2006-01-07T11:10,SXB,29236707
AHETZFBE,code,L,70004171,ST,2006-01-07T14:25,2006-01-07T15:25,ORY,29236707
AHETZFBE,code,L,70004180,ST,2006-01-07T17:00,2006-01-07T18:45,SXB,29236707
CFAICXHO,code,L,70003122,CP,2006-01-07T07:00,2006-01-07T09:10,BOD,863898425
CFAICXHO,code,L,70003121,CP,2006-01-07T10:10,2006-01-07T12:00,ORY,863898425
NUPJPKPR,code,L,70003122,FO,2006-01-07T07:00,2006-01-07T09:10,BOD,863898425
NUPJPKPR,code,L,70003121,FO,2006-01-07T10:10,2006-01-07T12:00,ORY,863898425
RZOQSWQV,code,L,70003122,CSD,2006-01-07T07:00,2006-01-07T09:10,BOD,863898425
RZOQSWQV,code,L,70003121,CSD,2006-01-07T10:10,2006-01-07T12:00,ORY,863898425
BDYZFNSS,code,L,70003122,CSD,2006-01-07T07:00,2006-01-07T09:10,BOD,863898425
BDYZFNSS,code,L,70003121,CSD,2006-01-07T10:10,2006-01-07T12:00,ORY,863898425
KCCMZSUN,code,L,70003122,ST,2006-01-07T07:00,2006-01-07T09:10,BOD,863898425
KCCMZSUN,code,L,70003121,ST,2006-01-07T10:10,2006-01-07T12:00,ORY,863898425
PLPHXNAX,code,L,70003122,ST,2006-01-07T07:00,2006-01-07T09:10,BOD,863898425
PLPHXNAX,code,L,70003121,ST,2006-01-07T10:10,2006-01-07T12:00,ORY,863898425
VDTZQNKE,code,L,70003122,ST,2006-01-07T07:00,2006-01-07T09:10,BOD,863898425
VDTZQNKE,code,L,70003121,ST,2006-01-07T10:10,2006-01-07T12:00,ORY,863898425
JXCDKOTA,code,L,70003122,ST,2006-01-07T07:00,2006-01-07T09:10,BOD,863898425
JXCDKOTA,code,L,70003121,ST,2006-01-07T10:10,2006-01-07T12:00,ORY,863898425
CMVZAYKN,code,L,70004406,CP,2006-01-07T07:05,2006-01-07T09:25,MPL,1022862599
CMVZAYKN,code,L,70004409,CP,2006-01-07T10:15,2006-01-07T12:15,ORY,1022862599
XZANFNPD,code,L,70004406,FO,2006-01-07T07:05,2006-01-07T09:25,MPL,1022862599
XZANFNPD,code,L,70004409,FO,2006-01-07T10:15,2006-01-07T12:15,ORY,1022862599
ITVOZNUA,code,L,70004406,CSD,2006-01-07T07:05,2006-01-07T09:25,MPL,1022862599
ITVOZNUA,code,L,70004409,CSD,2006-01-07T10:15,2006-01-07T12:15,ORY,1022862599
PGKXFJAQ,code,L,70004406,CSD,2006-01-07T07:05,2006-01-07T09:25,MPL,1022862599
PGKXFJAQ,code,L,70004409,CSD,2006-01-07T10:15,2006-01-07T12:15,ORY,1022862599
GUVDURXX,code,L,70004406,ST,2006-01-07T07:05,2006-01-07T09:25,MPL,1022862599
GUVDURXX,code,L,70004409,ST,2006-01-07T10:15,2006-01-07T12:15,ORY,1022862599
JVIZJKNJ,code,L,70004406,ST,2006-01-07T07:05,2006-01-07T09:25,MPL,1022862599
JVIZJKNJ,code,L,70004409,ST,2006-01-07T10:15,2006-01-07T12:15,ORY,1022862599
ZHJIRIML,code,L,70004406,ST,2006-01-07T07:05,2006-01-07T09:25,MPL,1022862599
ZHJIRIML,code,L,70004409,ST,2006-01-07T10:15,2006-01-07T12:15,ORY,1022862599
THUVLYJI,code,L,70004406,ST,2006-01-07T07:05,2006-01-07T09:25,MPL,1022862599
THUVLYJI,code,L,70004409,ST,2006-01-07T10:15,2006-01-07T12:15,ORY,1022862599
WERIJSVS,code,L,70002978,CP,2006-01-07T07:10,2006-01-07T09:30,TLS,461272858
WERIJSVS,code,L,70004345,CP,2006-01-07T10:45,2006-01-07T12:00,ORY,461272858
WERIJSVS,code,L,70004348,CP,2006-01-07T12:50,2006-01-07T14:10,BIQ,461272858
WERIJSVS,code,L,70004351,CP,2006-01-07T15:55,2006-01-07T17:10,ORY,461272858
WERIJSVS,code,L,70004354,CP,2006-01-07T18:00,2006-01-07T19:20,BIQ,461272858
WERIJSVS,code,L,70004342,CP,2006-01-07T20:05,2006-01-07T21:50,ORY,461272858
DEQMYPWR,code,L,70002978,FO,2006-01-07T07:10,2006-01-07T09:30,TLS,461272858
DEQMYPWR,code,L,70004345,FO,2006-01-07T10:45,2006-01-07T12:00,ORY,461272858
DEQMYPWR,code,L,70004348,FO,2006-01-07T12:50,2006-01-07T14:10,BIQ,461272858
DEQMYPWR,code,L,70004351,FO,2006-01-07T15:55,2006-01-07T17:10,ORY,461272858
DEQMYPWR,code,L,70004354,FO,2006-01-07T18:00,2006-01-07T19:20,BIQ,461272858
DEQMYPWR,code,L,70004342,FO,2006-01-07T20:05,2006-01-07T21:50,ORY,461272858
NZWVHGCS,code,L,70002978,CSD,2006-01-07T07:10,2006-01-07T09:30,TLS,461272858
NZWVHGCS,code,L,70004345,CSD,2006-01-07T10:45,2006-01-07T12:00,ORY,461272858
NZWVHGCS,code,L,70004348,CSD,2006-01-07T12:50,2006-01-07T14:10,BIQ,461272858
NZWVHGCS,code,L,70004351,CSD,2006-01-07T15:55,2006-01-07T17:10,ORY,461272858
NZWVHGCS,code,L,70004354,CSD,2006-01-07T18:00,2006-01-07T19:20,BIQ,461272858
NZWVHGCS,code,L,70004342,CSD,2006-01-07T20:05,2006-01-07T21:50,ORY,461272858
HTELVWVE,code,L,70002978,CSD,2006-01-07T07:10,2006-01-07T09:30,TLS,461272858
HTELVWVE,code,L,70004345,CSD,2006-01-07T10:45,2006-01-07T12:00,ORY,461272858
HTELVWVE,code,L,70004348,CSD,2006-01-07T12:50,2006-01-07T14:10,BIQ,461272858
HTELVWVE,code,L,70004351,CSD,2006-01-07T15:55,2006-01-07T17:10,ORY,461272858
HTELVWVE,code,L,70004354,CSD,2006-01-07T18:00,2006-01-07T19:20,BIQ,461272858
HTELVWVE,code,L,70004342,CSD,2006-01-07T20:05,2006-01-07T21:50,ORY,461272858
ORQGKVBI,code,L,70002978,ST,2006-01-07T07:10,2006-01-07T09:30,TLS,461272858
ORQGKVBI,code,L,70004345,ST,2006-01-07T10:45,2006-01-07T12:00,ORY,461272858
ORQGKVBI,code,L,70004348,ST,2006-01-07T12:50,2006-01-07T14:10,BIQ,461272858
ORQGKVBI,code,L,70004351,ST,2006-01-07T15:55,2006-01-07T17:10,ORY,461272858
ORQGKVBI,code,L,70004354,ST,2006-01-07T18:00,2006-01-07T19:20,BIQ,461272858
ORQGKVBI,code,L,70004342,ST,2006-01-07T20:05,2006-01-07T21:50,ORY,461272858
GEKNFFDU,code,L,70002978,ST,2006-01-07T07:10,2006-01-07T09:30,TLS,461272858
GEKNFFDU,code,L,70004345,ST,2006-01-07T10:45,2006-01-07T12:00,ORY,461272858
GEKNFFDU,code,L,70004348,ST,2006-01-07T12:50,2006-01-07T14:10,BIQ,461272858
GEKNFFDU,code,L,70004351,ST,2006-01-07T15:55,2006-01-07T17:10,ORY,461272858
GEKNFFDU,code,L,70004354,ST,2006-01-07T18:00,2006-01-07T19:20,BIQ,461272858
GEKNFFDU,code,L,70004342,ST,2006-01-07T20:05,2006-01-07T21:50,ORY,461272858
HOUEWDFM,code,L,70002978,ST,2006-01-07T07:10,2006-01-07T09:30,TLS,461272858
HOUEWDFM,code,L,70004345,ST,2006-01-07T10:45,2006-01-07T12:00,ORY,461272858
HOUEWDFM,code,L,70004348,ST,2006-01-07T12:50,2006-01-07T14:10,BIQ,461272858
HOUEWDFM,code,L,70004351,ST,2006-01-07T15:55,2006-01-07T17:10,ORY,461272858
HOUEWDFM,code,L,70004354,ST,2006-01-07T18:00,2006-01-07T19:20,BIQ,461272858
HOUEWDFM,code,L,70004342,ST,2006-01-07T20:05,2006-01-07T21:50,ORY,461272858
EOLUYRRV,code,L,70002978,ST,2006-01-07T07:10,2006-01-07T09:30,TLS,461272858
EOLUYRRV,code,L,70004345,ST,2006-01-07T10:45,2006-01-07T12:00,ORY,461272858
EOLUYRRV,code,L,70004348,ST,2006-01-07T12:50,2006-01-07T14:10,BIQ,461272858
EOLUYRRV,code,L,70004351,ST,2006-01-07T15:55,2006-01-07T17:10,ORY,461272858
EOLUYRRV,code,L,70004354,ST,2006-01-07T18:00,2006-01-07T19:20,BIQ,461272858
EOLUYRRV,code,L,70004342,ST,2006-01-07T20:05,2006-01-07T21:50,ORY,461272858
MEXYQAHJ,code,L,70004168,CP,2006-01-07T07:10,2006-01-07T09:10,SXB,1178395817
MEXYQAHJ,code,L,70004167,CP,2006-01-07T10:25,2006-01-07T12:10,ORY,1178395817
RJYJIDRF,code,L,70004168,FO,2006-01-07T07:10,2006-01-07T09:10,SXB,1178395817
RJYJIDRF,code,L,70004167,FO,2006-01-07T10:25,2006-01-07T12:10,ORY,1178395817
YJDNMJBB,code,L,70004168,CSD,2006-01-07T07:10,2006-01-07T09:10,SXB,1178395817
YJDNMJBB,code,L,70004167,CSD,2006-01-07T10:25,2006-01-07T12:10,ORY,1178395817
OHNGMOOL,code,L,70004168,CSD,2006-01-07T07:10,2006-01-07T09:10,SXB,1178395817
OHNGMOOL,code,L,70004167,CSD,2006-01-07T10:25,2006-01-07T12:10,ORY,1178395817
GEWSHUFZ,code,L,70004168,ST,2006-01-07T07:10,2006-01-07T09:10,SXB,1178395817
GEWSHUFZ,code,L,70004167,ST,2006-01-07T10:25,2006-01-07T12:10,ORY,1178395817
MDQMUQRV,code,L,70004168,ST,2006-01-07T07:10,2006-01-07T09:10,SXB,1178395817
MDQMUQRV,code,L,70004167,ST,2006-01-07T10:25,2006-01-07T12:10,ORY,1178395817
KGIYQOCG,code,L,70004168,ST,2006-01-07T07:10,2006-01-07T09:10,SXB,1178395817
KGIYQOCG,code,L,70004167,ST,2006-01-07T10:25,2006-01-07T12:10,ORY,1178395817
KTPVFDJG,code,L,70004168,ST,2006-01-07T07:10,2006-01-07T09:10,SXB,1178395817
KTPVFDJG,code,L,70004167,ST,2006-01-07T10:25,2006-01-07T12:10,ORY,1178395817
RKUUKLRC,code,L,70004475,CP,2006-01-07T07:10,2006-01-07T09:45,ORY,2142954714
RKUUKLRC,code,L,70004476,CP,2006-01-07T10:45,2006-01-07T13:00,CLY,2142954714
SGIWYGBM,code,L,70004475,FO,2006-01-07T07:10,2006-01-07T09:45,ORY,2142954714
SGIWYGBM,code,L,70004476,FO,2006-01-07T10:45,2006-01-07T13:00,CLY,2142954714
RBJNVHYG,code,L,70004475,CSD,2006-01-07T07:10,2006-01-07T09:45,ORY,2142954714
RBJNVHYG,code,L,70004476,CSD,2006-01-07T10:45,2006-01-07T13:00,CLY,2142954714
BNLLJYKD,code,L,70004475,CSD,2006-01-07T07:10,2006-01-07T09:45,ORY,2142954714
BNLLJYKD,code,L,70004476,CSD,2006-01-07T10:45,2006-01-07T13:00,CLY,2142954714
KCULJJJS,code,L,70004475,ST,2006-01-07T07:10,2006-01-07T09:45,ORY,2142954714
KCULJJJS,code,L,70004476,ST,2006-01-07T10:45,2006-01-07T13:00,CLY,2142954714
FXXQPWIA,code,L,70004475,ST,2006-01-07T07:10,2006-01-07T09:45,ORY,2142954714
FXXQPWIA,code,L,70004476,ST,2006-01-07T10:45,2006-01-07T13:00,CLY,2142954714
BOLLQWJT,code,L,70004475,ST,2006-01-07T07:10,2006-01-07T09:45,ORY,2142954714
BOLLQWJT,code,L,70004476,ST,2006-01-07T10:45,2006-01-07T13:00,CLY,2142954714
RWRBXXLQ,code,L,70004475,ST,2006-01-07T07:10,2006-01-07T09:45,ORY,2142954714
RWRBXXLQ,code,L,70004476,ST,2006-01-07T10:45,2006-01-07T13:00,CLY,2142954714
JUEIGSUF,code,L,70004518,CP,2006-01-07T07:55,2006-01-07T10:00,CFE,41568198
JUEIGSUF,code,L,70002584,CP,2006-01-07T12:30,2006-01-07T13:35,CDG,41568198
JUEIGSUF,code,L,70002585,CP,2006-01-07T14:55,2006-01-07T15:55,RNS,41568198
JUEIGSUF,code,L,70004641,CP,2006-01-07T17:20,2006-01-07T18:50,CDG,41568198
JUEIGSUF,code,L,70004642,CP,2006-01-07T19:30,2006-01-07T21:15,PUF,41568198
KMQBEXXZ,code,L,70004518,FO,2006-01-07T07:55,2006-01-07T10:00,CFE,41568198
KMQBEXXZ,code,L,70002584,FO,2006-01-07T12:30,2006-01-07T13:35,CDG,41568198
KMQBEXXZ,code,L,70002585,FO,2006-01-07T14:55,2006-01-07T15:55,RNS,41568198
KMQBEXXZ,code,L,70004641,FO,2006-01-07T17:20,2006-01-07T18:50,CDG,41568198
KMQBEXXZ,code,L,70004642,FO,2006-01-07T19:30,2006-01-07T21:15,PUF,41568198
DTXFOCQP,code,L,70004518,CSD,2006-01-07T07:55,2006-01-07T10:00,CFE,41568198
DTXFOCQP,code,L,70002584,CSD,2006-01-07T12:30,2006-01-07T13:35,CDG,41568198
DTXFOCQP,code,L,70002585,CSD,2006-01-07T14:55,2006-01-07T15:55,RNS,41568198
DTXFOCQP,code,L,70004641,CSD,2006-01-07T17:20,2006-01-07T18:50,CDG,41568198
DTXFOCQP,code,L,70004642,CSD,2006-01-07T19:30,2006-01-07T21:15,PUF,41568198
CUQPTFCX,code,L,70004518,ST,2006-01-07T07:55,2006-01-07T10:00,CFE,41568198
CUQPTFCX,code,L,70002584,ST,2006-01-07T12:30,2006-01-07T13:35,CDG,41568198
CUQPTFCX,code,L,70002585,ST,2006-01-07T14:55,2006-01-07T15:55,RNS,41568198
CUQPTFCX,code,L,70004641,ST,2006-01-07T17:20,2006-01-07T18:50,CDG,41568198
CUQPTFCX,code,L,70004642,ST,2006-01-07T19:30,2006-01-07T21:15,PUF,41568198
RMJBLRXD,code,L,70004518,ST,2006-01-07T07:55,2006-01-07T10:00,CFE,41568198
RMJBLRXD,code,L,70002584,ST,2006-01-07T12:30,2006-01-07T13:35,CDG,41568198
RMJBLRXD,code,L,70002585,ST,2006-01-07T14:55,2006-01-07T15:55,RNS,41568198
RMJBLRXD,code,L,70004641,ST,2006-01-07T17:20,2006-01-07T18:50,CDG,41568198
RMJBLRXD,code,L,70004642,ST,2006-01-07T19:30,2006-01-07T21:15,PUF,41568198
IOUKINHJ,code,L,70004518,ST,2006-01-07T07:55,2006-01-07T10:00,CFE,41568198
IOUKINHJ,code,L,70002584,ST,2006-01-07T12:30,2006-01-07T13:35,CDG,41568198
IOUKINHJ,code,L,70002585,ST,2006-01-07T14:55,2006-01-07T15:55,RNS,41568198
IOUKINHJ,code,L,70004641,ST,2006-01-07T17:20,2006-01-07T18:50,CDG,41568198
IOUKINHJ,code,L,70004642,ST,2006-01-07T19:30,2006-01-07T21:15,PUF,41568198
KTYTPSGE,code,L,70004837,CP,2006-01-07T08:15,2006-01-07T10:35,SXB,1988519473
KTYTPSGE,code,L,70004838,CP,2006-01-07T11:15,2006-01-07T12:35,NCE,1988519473
KTYTPSGE,code,L,70002644,CP,2006-01-07T13:10,2006-01-07T14:10,SXB,1988519473
KTYTPSGE,code,L,70002643,CP,2006-01-07T15:00,2006-01-07T16:45,LYS,1988519473
BWSYGUBP,code,L,70004837,FO,2006-01-07T08:15,2006-01-07T10:35,SXB,1988519473
BWSYGUBP,code,L,70004838,FO,2006-01-07T11:15,2006-01-07T12:35,NCE,1988519473
BWSYGUBP,code,L,70002644,FO,2006-01-07T13:10,2006-01-07T14:10,SXB,1988519473
BWSYGUBP,code,L,70002643,FO,2006-01-07T15:00,2006-01-07T16:45,LYS,1988519473
YOZTDRMJ,code,L,70004837,CSD,2006-01-07T08:15,2006-01-07T10:35,SXB,1988519473
YOZTDRMJ,code,L,70004838,CSD,2006-01-07T11:15,2006-01-07T12:35,NCE,1988519473
YOZTDRMJ,code,L,70002644,CSD,2006-01-07T13:10,2006-01-07T14:10,SXB,1988519473
YOZTDRMJ,code,L,70002643,CSD,2006-01-07T15:00,2006-01-07T16:45,LYS,1988519473
JWIHSJNT,code,L,70004837,ST,2006-01-07T08:15,2006-01-07T10:35,SXB,1988519473
JWIHSJNT,code,L,70004838,ST,2006-01-07T11:15,2006-01-07T12:35,NCE,1988519473
JWIHSJNT,code,L,70002644,ST,2006-01-07T13:10,2006-01-07T14:10,SXB,1988519473
JWIHSJNT,code,L,70002643,ST,2006-01-07T15:00,2006-01-07T16:45,LYS,1988519473
VMSYOJXA,code,L,70004837,ST,2006-01-07T08:15,2006-01-07T10:35,SXB,1988519473
VMSYOJXA,code,L,70004838,ST,2006-01-07T11:15,2006-01-07T12:35,NCE,1988519473
VMSYOJXA,code,L,70002644,ST,2006-01-07T13:10,2006-01-07T14:10,SXB,1988519473
VMSYOJXA,code,L,70002643,ST,2006-01-07T15:00,2006-01-07T16:45,LYS,1988519473
OLMAKZXK,code,L,70004837,ST,2006-01-07T08:15,2006-01-07T10:35,SXB,1988519473
OLMAKZXK,code,L,70004838,ST,2006-01-07T11:15,2006-01-07T12:35,NCE,1988519473
OLMAKZXK,code,L,70002644,ST,2006-01-07T13:10,2006-01-07T14:10,SXB,1988519473
OLMAKZXK,code,L,70002643,ST,2006-01-07T15:00,2006-01-07T16:45,LYS,1988519473
GRWUCLZO,code,L,70004268,CP,2006-01-07T08:30,2006-01-07T10:35,LYS,190797265
GRWUCLZO,code,L,70004273,CP,2006-01-07T11:20,2006-01-07T12:25,ORY,190797265
GRWUCLZO,code,L,70004272,CP,2006-01-07T13:10,2006-01-07T14:15,LYS,190797265
GRWUCLZO,code,L,70004279,CP,2006-01-07T15:00,2006-01-07T16:05,ORY,190797265
GRWUCLZO,code,L,70004274,CP,2006-01-07T16:50,2006-01-07T17:55,LYS,190797265
GRWUCLZO,code,L,70004275,CP,2006-01-07T18:40,2006-01-07T20:30,ORY,190797265
ZKMWTXTF,code,L,70004268,FO,2006-01-07T08:30,2006-01-07T10:35,LYS,190797265
ZKMWTXTF,code,L,70004273,FO,2006-01-07T11:20,2006-01-07T12:25,ORY,190797265
ZKMWTXTF,code,L,70004272,FO,2006-01-07T13:10,2006-01-07T14:15,LYS,190797265
ZKMWTXTF,code,L,70004279,FO,2006-01-07T15:00,2006-01-07T16:05,ORY,190797265
ZKMWTXTF,code,L,70004274,FO,2006-01-07T16:50,2006-01-07T17:55,LYS,190797265
ZKMWTXTF,code,L,70004275,FO,2006-01-07T18:40,2006-01-07T20:30,ORY,190797265
WZXLWLZA,code,L,70004268,CSD,2006-01-07T08:30,2006-01-07T10:35,LYS,190797265
WZXLWLZA,code,L,70004273,CSD,2006-01-07T11:20,2006-01-07T12:25,ORY,190797265
WZXLWLZA,code,L,70004272,CSD,2006-01-07T13:10,2006-01-07T14:15,LYS,190797265
WZXLWLZA,code,L,70004279,CSD,2006-01-07T15:00,2006-01-07T16:05,ORY,190797265
WZXLWLZA,code,L,70004274,CSD,2006-01-07T16:50,2006-01-07T17:55,LYS,190797265
WZXLWLZA,code,L,70004275,CSD,2006-01-07T18:40,2006-01-07T20:30,ORY,190797265
LEQDTFTT,code,L,70004268,CSD,2006-01-07T08:30,2006-01-07T10:35,LYS,190797265
LEQDTFTT,code,L,70004273,CSD,2006-01-07T11:20,2006-01-07T12:25,ORY,190797265
LEQDTFTT,code,L,70004272,CSD,2006-01-07T13:10,2006-01-07T14:15,LYS,190797265
LEQDTFTT,code,L,70004279,CSD,2006-01-07T15:00,2006-01-07T16:05,ORY,190797265
LEQDTFTT,code,L,70004274,CSD,2006-01-07T16:50,2006-01-07T17:55,LYS,190797265
LEQDTFTT,code,L,70004275,CSD,2006-01-07T18:40,2006-01-07T20:30,ORY,190797265
LIVUCMLS,code,L,70004268,ST,2006-01-07T08:30,2006-01-07T10:35,LYS,190797265
LIVUCMLS,code,L,70004273,ST,2006-01-07T11:20,2006-01-07T12:25,ORY,190797265
LIVUCMLS,code,L,70004272,ST,2006-01-07T13:10,2006-01-07T14:15,LYS,190797265
LIVUCMLS,code,L,70004279,ST,2006-01-07T15:00,2006-01-07T16:05,ORY,190797265
LIVUCMLS,code,L,70004274,ST,2006-01-07T16:50,2006-01-07T17:55,LYS,190797265
LIVUCMLS,code,L,70004275,ST,2006-01-07T18:40,2006-01-07T20:30,ORY,190797265
GFXWWXKP,code,L,70004268,ST,2006-01-07T08:30,2006-01-07T10:35,LYS,190797265
GFXWWXKP,code,L,70004273,ST,2006-01-07T11:20,2006-01-07T12:25,ORY,190797265
GFXWWXKP,code,L,70004272,ST,2006-01-07T13:10,2006-01-07T14:15,LYS,190797265
GFXWWXKP,code,L,70004279,ST,2006-01-07T15:00,2006-01-07T16:05,ORY,190797265
GFXWWXKP,code,L,70004274,ST,2006-01-07T16:50,2006-01-07T17:55,LYS,190797265
GFXWWXKP,code,L,70004275,ST,2006-01-07T18:40,2006-01-07T20:30,ORY,190797265
YARFGQTC,code,L,70004268,ST,2006-01-07T08:30,2006-01-07T10:35,LYS,190797265
YARFGQTC,code,L,70004273,ST,2006-01-07T11:20,2006-01-07T12:25,ORY,190797265
YARFGQTC,code,L,70004272,ST,2006-01-07T13:10,2006-01-07T14:15,LYS,190797265
YARFGQTC,code,L,70004279,ST,2006-01-07T15:00,2006-01-07T16:05,ORY,190797265
YARFGQTC,code,L,70004274,ST,2006-01-07T16:50,2006-01-07T17:55,LYS,190797265
YARFGQTC,code,L,70004275,ST,2006-01-07T18:40,2006-01-07T20:30,ORY,190797265
HKARVTPX,code,L,70004268,ST,2006-01-07T08:30,2006-01-07T10:35,LYS,190797265
HKARVTPX,code,L,70004273,ST,2006-01-07T11:20,2006-01-07T12:25,ORY,190797265
HKARVTPX,code,L,70004272,ST,2006-01-07T13:10,2006-01-07T14:15,LYS,190797265
HKARVTPX,code,L,70004279,ST,2006-01-07T15:00,2006-01-07T16:05,ORY,190797265
HKARVTPX,code,L,70004274,ST,2006-01-07T16:50,2006-01-07T17:55,LYS,190797265
HKARVTPX,code,L,70004275,ST,2006-01-07T18:40,2006-01-07T20:30,ORY,190797265
WVVOMMFL,code,L,70004658,CP,2006-01-07T08:35,2006-01-07T11:05,TLS,1839244181
WVVOMMFL,code,L,70004657,CP,2006-01-07T11:55,2006-01-07T13:20,CDG,1839244181
WVVOMMFL,code,L,70004650,CP,2006-01-07T15:00,2006-01-07T16:30,TLS,1839244181
WVVOMMFL,code,L,70004651,CP,2006-01-07T17:25,2006-01-07T19:35,CDG,1839244181
QSKXKLXD,code,L,70004658,FO,2006-01-07T08:35,2006-01-07T11:05,TLS,1839244181
QSKXKLXD,code,L,70004657,FO,2006-01-07T11:55,2006-01-07T13:20,CDG,1839244181
QSKXKLXD,code,L,70004650,FO,2006-01-07T15:00,2006-01-07T16:30,TLS,1839244181
QSKXKLXD,code,L,70004651,FO,2006-01-07T17:25,2006-01-07T19:35,CDG,1839244181
VFJGVFDF,code,L,70004658,CSD,2006-01-07T08:35,2006-01-07T11:05,TLS,1839244181
VFJGVFDF,code,L,70004657,CSD,2006-01-07T11:55,2006-01-07T13:20,CDG,1839244181
VFJGVFDF,code,L,70004650,CSD,2006-01-07T15:00,2006-01-07T16:30,TLS,1839244181
VFJGVFDF,code,L,70004651,CSD,2006-01-07T17:25,2006-01-07T19:35,CDG,1839244181
CKXXCPKR,code,L,70004658,CSD,2006-01-07T08:35,2006-01-07T11:05,TLS,1839244181
CKXXCPKR,code,L,70004657,CSD,2006-01-07T11:55,2006-01-07T13:20,CDG,1839244181
CKXXCPKR,code,L,70004650,CSD,2006-01-07T15:00,2006-01-07T16:30,TLS,1839244181
CKXXCPKR,code,L,70004651,CSD,2006-01-07T17:25,2006-01-07T19:35,CDG,1839244181
HPOQTRWW,code,L,70004658,ST,2006-01-07T08:35,2006-01-07T11:05,TLS,1839244181
HPOQTRWW,code,L,70004657,ST,2006-01-07T11:55,2006-01-07T13:20,CDG,1839244181
HPOQTRWW,code,L,70004650,ST,2006-01-07T15:00,2006-01-07T16:30,TLS,1839244181
HPOQTRWW,code,L,70004651,ST,2006-01-07T17:25,2006-01-07T19:35,CDG,1839244181
DLNXBLLD,code,L,70004658,ST,2006-01-07T08:35,2006-01-07T11:05,TLS,1839244181
DLNXBLLD,code,L,70004657,ST,2006-01-07T11:55,2006-01-07T13:20,CDG,1839244181
DLNXBLLD,code,L,70004650,ST,2006-01-07T15:00,2006-01-07T16:30,TLS,1839244181
DLNXBLLD,code,L,70004651,ST,2006-01-07T17:25,2006-01-07T19:35,CDG,1839244181
HIXIEQRH,code,L,70004658,ST,2006-01-07T08:35,2006-01-07T11:05,TLS,1839244181
HIXIEQRH,code,L,70004657,ST,2006-01-07T11:55,2006-01-07T13:20,CDG,1839244181
HIXIEQRH,code,L,70004650,ST,2006-01-07T15:00,2006-01-07T16:30,TLS,1839244181
HIXIEQRH,code,L,70004651,ST,2006-01-07T17:25,2006-01-07T19:35,CDG,1839244181
XJEBPRHT,code,L,70004658,ST,2006-01-07T08:35,2006-01-07T11:05,TLS,1839244181
XJEBPRHT,code,L,70004657,ST,2006-01-07T11:55,2006-01-07T13:20,CDG,1839244181
XJEBPRHT,code,L,70004650,ST,2006-01-07T15:00,2006-01-07T16:30,TLS,1839244181
XJEBPRHT,code,L,70004651,ST,2006-01-07T17:25,2006-01-07T19:35,CDG,1839244181
YQOABGCR,code,L,70002980,CP,2006-01-07T08:40,2006-01-07T11:00,TLS,2039758977
YQOABGCR,code,L,70002983,CP,2006-01-07T11:50,2006-01-07T13:00,ORY,2039758977
YQOABGCR,code,L,70002988,CP,2006-01-07T13:40,2006-01-07T15:00,TLS,2039758977
YQOABGCR,code,L,70002995,CP,2006-01-07T15:50,2006-01-07T17:00,ORY,2039758977
YQOABGCR,code,L,70003004,CP,2006-01-07T17:40,2006-01-07T19:00,TLS,2039758977
YQOABGCR,code,L,70003011,CP,2006-01-07T19:50,2006-01-07T21:45,ORY,2039758977
CRNHEXQB,code,L,70002980,FO,2006-01-07T08:40,2006-01-07T11:00,TLS,2039758977
CRNHEXQB,code,L,70002983,FO,2006-01-07T11:50,2006-01-07T13:00,ORY,2039758977
CRNHEXQB,code,L,70002988,FO,2006-01-07T13:40,2006-01-07T15:00,TLS,2039758977
CRNHEXQB,code,L,70002995,FO,2006-01-07T15:50,2006-01-07T17:00,ORY,2039758977
CRNHEXQB,code,L,70003004,FO,2006-01-07T17:40,2006-01-07T19:00,TLS,2039758977
CRNHEXQB,code,L,70003011,FO,2006-01-07T19:50,2006-01-07T21:45,ORY,2039758977
SZXWJPWI,code,L,70002980,CSD,2006-01-07T08:40,2006-01-07T11:00,TLS,2039758977
SZXWJPWI,code,L,70002983,CSD,2006-01-07T11:50,2006-01-07T13:00,ORY,2039758977
SZXWJPWI,code,L,70002988,CSD,2006-01-07T13:40,2006-01-07T15:00,TLS,2039758977
SZXWJPWI,code,L,70002995,CSD,2006-01-07T15:50,2006-01-07T17:00,ORY,2039758977
SZXWJPWI,code,L,70003004,CSD,2006-01-07T17:40,2006-01-07T19:00,TLS,2039758977
SZXWJPWI,code,L,70003011,CSD,2006-01-07T19:50,2006-01-07T21:45,ORY,2039758977
CZDQJNLV,code,L,70002980,CSD,2006-01-07T08:40,2006-01-07T11:00,TLS,2039758977
CZDQJNLV,code,L,70002983,CSD,2006-01-07T11:50,2006-01-07T13:00,ORY,2039758977
CZDQJNLV,code,L,70002988,CSD,2006-01-07T13:40,2006-01-07T15:00,TLS,2039758977
CZDQJNLV,code,L,70002995,CSD,2006-01-07T15:50,2006-01-07T17:00,ORY,2039758977
CZDQJNLV,code,L,70003004,CSD,2006-01-07T17:40,2006-01-07T19:00,TLS,2039758977
CZDQJNLV,code,L,70003011,CSD,2006-01-07T19:50,2006-01-07T21:45,ORY,2039758977
IVMGTBTM,code,L,70002980,ST,2006-01-07T08:40,2006-01-07T11:00,TLS,2039758977
IVMGTBTM,code,L,70002983,ST,2006-01-07T11:50,2006-01-07T13:00,ORY,2039758977
IVMGTBTM,code,L,70002988,ST,2006-01-07T13:40,2006-01-07T15:00,TLS,2039758977
IVMGTBTM,code,L,70002995,ST,2006-01-07T15:50,2006-01-07T17:00,ORY,2039758977
IVMGTBTM,code,L,70003004,ST,2006-01-07T17:40,2006-01-07T19:00,TLS,2039758977
IVMGTBTM,code,L,70003011,ST,2006-01-07T19:50,2006-01-07T21:45,ORY,2039758977
YKITABDD,code,L,70002980,ST,2006-01-07T08:40,2006-01-07T11:00,TLS,2039758977
YKITABDD,code,L,70002983,ST,2006-01-07T11:50,2006-01-07T13:00,ORY,2039758977
YKITABDD,code,L,70002988,ST,2006-01-07T13:40,2006-01-07T15:00,TLS,2039758977
YKITABDD,code,L,70002995,ST,2006-01-07T15:50,2006-01-07T17:00,ORY,2039758977
YKITABDD,code,L,70003004,ST,2006-01-07T17:40,2006-01-07T19:00,TLS,2039758977
YKITABDD,code,L,70003011,ST,2006-01-07T19:50,2006-01-07T21:45,ORY,2039758977
PXKVNXGE,code,L,70002980,ST,2006-01-07T08:40,2006-01-07T11:00,TLS,2039758977
PXKVNXGE,code,L,70002983,ST,2006-01-07T11:50,2006-01-07T13:00,ORY,2039758977
PXKVNXGE,code,L,70002988,ST,2006-01-07T13:40,2006-01-07T15:00,TLS,2039758977
PXKVNXGE,code,L,70002995,ST,2006-01-07T15:50,2006-01-07T17:00,ORY,2039758977
PXKVNXGE,code,L,70003004,ST,2006-01-07T17:40,2006-01-07T19:00,TLS,2039758977
PXKVNXGE,code,L,70003011,ST,2006-01-07T19:50,2006-01-07T21:45,ORY,2039758977
IIMODNJT,code,L,70002980,ST,2006-01-07T08:40,2006-01-07T11:00,TLS,2039758977
IIMODNJT,code,L,70002983,ST,2006-01-07T11:50,2006-01-07T13:00,ORY,2039758977
IIMODNJT,code,L,70002988,ST,2006-01-07T13:40,2006-01-07T15:00,TLS,2039758977
IIMODNJT,code,L,70002995,ST,2006-01-07T15:50,2006-01-07T17:00,ORY,2039758977
IIMODNJT,code,L,70003004,ST,2006-01-07T17:40,2006-01-07T19:00,TLS,2039758977
IIMODNJT,code,L,70003011,ST,2006-01-07T19:50,2006-01-07T21:45,ORY,2039758977
RONGUUIZ,code,L,70002795,CP,2006-01-07T08:45,2006-01-07T10:50,LRT,1020019581
RONGUUIZ,code,L,70002796,CP,2006-01-07T12:10,2006-01-07T13:15,ORY,1020019581
RONGUUIZ,code,L,70002797,CP,2006-01-07T14:00,2006-01-07T15:05,LRT,1020019581
RONGUUIZ,code,L,70002525,CP,2006-01-07T16:35,2006-01-07T18:20,ORY,1020019581
NTHCPUAA,code,L,70002795,FO,2006-01-07T08:45,2006-01-07T10:50,LRT,1020019581
NTHCPUAA,code,L,70002796,FO,2006-01-07T12:10,2006-01-07T13:15,ORY,1020019581
NTHCPUAA,code,L,70002797,FO,2006-01-07T14:00,2006-01-07T15:05,LRT,1020019581
NTHCPUAA,code,L,70002525,FO,2006-01-07T16:35,2006-01-07T18:20,ORY,1020019581
HAFNPBIH,code,L,70002795,CSD,2006-01-07T08:45,2006-01-07T10:50,LRT,1020019581
HAFNPBIH,code,L,70002796,CSD,2006-01-07T12:10,2006-01-07T13:15,ORY,1020019581
HAFNPBIH,code,L,70002797,CSD,2006-01-07T14:00,2006-01-07T15:05,LRT,1020019581
HAFNPBIH,code,L,70002525,CSD,2006-01-07T16:35,2006-01-07T18:20,ORY,1020019581
NWYIDLHP,code,L,70002795,ST,2006-01-07T08:45,2006-01-07T10:50,LRT,1020019581
NWYIDLHP,code,L,70002796,ST,2006-01-07T12:10,2006-01-07T13:15,ORY,1020019581
NWYIDLHP,code,L,70002797,ST,2006-01-07T14:00,2006-01-07T15:05,LRT,1020019581
NWYIDLHP,code,L,70002525,ST,2006-01-07T16:35,2006-01-07T18:20,ORY,1020019581
GRZIYGDP,code,L,70002795,ST,2006-01-07T08:45,2006-01-07T10:50,LRT,1020019581
GRZIYGDP,code,L,70002796,ST,2006-01-07T12:10,2006-01-07T13:15,ORY,1020019581
GRZIYGDP,code,L,70002797,ST,2006-01-07T14:00,2006-01-07T15:05,LRT,1020019581
GRZIYGDP,code,L,70002525,ST,2006-01-07T16:35,2006-01-07T18:20,ORY,1020019581
IVCSCOJV,code,L,70002795,ST,2006-01-07T08:45,2006-01-07T10:50,LRT,1020019581
IVCSCOJV,code,L,70002796,ST,2006-01-07T12:10,2006-01-07T13:15,ORY,1020019581
IVCSCOJV,code,L,70002797,ST,2006-01-07T14:00,2006-01-07T15:05,LRT,1020019581
IVCSCOJV,code,L,70002525,ST,2006-01-07T16:35,2006-01-07T18:20,ORY,1020019581
MWQCLTLX,code,L,70004638,CP,2006-01-07T08:45,2006-01-07T11:15,PUF,260274019
MWQCLTLX,code,L,70004585,CP,2006-01-07T13:00,2006-01-07T14:05,CDG,260274019
MWQCLTLX,code,L,70004586,CP,2006-01-07T15:15,2006-01-07T16:20,NTE,260274019
MWQCLTLX,code,L,70004637,CP,2006-01-07T20:10,2006-01-07T22:20,CDG,260274019
OVJICWNY,code,L,70004638,FO,2006-01-07T08:45,2006-01-07T11:15,PUF,260274019
OVJICWNY,code,L,70004585,FO,2006-01-07T13:00,2006-01-07T14:05,CDG,260274019
OVJICWNY,code,L,70004586,FO,2006-01-07T15:15,2006-01-07T16:20,NTE,260274019
OVJICWNY,code,L,70004637,FO,2006-01-07T20:10,2006-01-07T22:20,CDG,260274019
JWVEITXG,code,L,70004638,CSD,2006-01-07T08:45,2006-01-07T11:15,PUF,260274019
JWVEITXG,code,L,70004585,CSD,2006-01-07T13:00,2006-01-07T14:05,CDG,260274019
JWVEITXG,code,L,70004586,CSD,2006-01-07T15:15,2006-01-07T16:20,NTE,260274019
JWVEITXG,code,L,70004637,CSD,2006-01-07T20:10,2006-01-07T22:20,CDG,260274019
GFDOCTQF,code,L,70004638,ST,2006-01-07T08:45,2006-01-07T11:15,PUF,260274019
GFDOCTQF,code,L,70004585,ST,2006-01-07T13:00,2006-01-07T14:05,CDG,260274019
GFDOCTQF,code,L,70004586,ST,2006-01-07T15:15,2006-01-07T16:20,NTE,260274019
GFDOCTQF,code,L,70004637,ST,2006-01-07T20:10,2006-01-07T22:20,CDG,260274019
SPDGOJZE,code,L,70004638,ST,2006-01-07T08:45,2006-01-07T11:15,PUF,260274019
SPDGOJZE,code,L,70004585,ST,2006-01-07T13:00,2006-01-07T14:05,CDG,260274019
SPDGOJZE,code,L,70004586,ST,2006-01-07T15:15,2006-01-07T16:20,NTE,260274019
SPDGOJZE,code,L,70004637,ST,2006-01-07T20:10,2006-01-07T22:20,CDG,260274019
HTWMPRIR,code,L,70004638,ST,2006-01-07T08:45,2006-01-07T11:15,PUF,260274019
HTWMPRIR,code,L,70004585,ST,2006-01-07T13:00,2006-01-07T14:05,CDG,260274019
HTWMPRIR,code,L,70004586,ST,2006-01-07T15:15,2006-01-07T16:20,NTE,260274019
HTWMPRIR,code,L,70004637,ST,2006-01-07T20:10,2006-01-07T22:20,CDG,260274019
LVSHSULC,code,L,70004298,CP,2006-01-07T08:50,2006-01-07T10:45,CFE,237820880
LVSHSULC,code,L,70004229,CP,2006-01-07T11:15,2006-01-07T12:25,ORY,237820880
LVSHSULC,code,L,70004232,CP,2006-01-07T13:05,2006-01-07T14:20,BES,237820880
LVSHSULC,code,L,70004301,CP,2006-01-07T16:55,2006-01-07T18:35,ORY,237820880
UQXEYCDR,code,L,70004298,FO,2006-01-07T08:50,2006-01-07T10:45,CFE,237820880
UQXEYCDR,code,L,70004229,FO,2006-01-07T11:15,2006-01-07T12:25,ORY,237820880
UQXEYCDR,code,L,70004232,FO,2006-01-07T13:05,2006-01-07T14:20,BES,237820880
UQXEYCDR,code,L,70004301,FO,2006-01-07T16:55,2006-01-07T18:35,ORY,237820880
INHCJDPW,code,L,70004298,CSD,2006-01-07T08:50,2006-01-07T10:45,CFE,237820880
INHCJDPW,code,L,70004229,CSD,2006-01-07T11:15,2006-01-07T12:25,ORY,237820880
INHCJDPW,code,L,70004232,CSD,2006-01-07T13:05,2006-01-07T14:20,BES,237820880
INHCJDPW,code,L,70004301,CSD,2006-01-07T16:55,2006-01-07T18:35,ORY,237820880
LIUUUCIM,code,L,70004298,CSD,2006-01-07T08:50,2006-01-07T10:45,CFE,237820880
LIUUUCIM,code,L,70004229,CSD,2006-01-07T11:15,2006-01-07T12:25,ORY,237820880
LIUUUCIM,code,L,70004232,CSD,2006-01-07T13:05,2006-01-07T14:20,BES,237820880
LIUUUCIM,code,L,70004301,CSD,2006-01-07T16:55,2006-01-07T18:35,ORY,237820880
RLDLONXY,code,L,70004298,ST,2006-01-07T08:50,2006-01-07T10:45,CFE,237820880
RLDLONXY,code,L,70004229,ST,2006-01-07T11:15,2006-01-07T12:25,ORY,237820880
RLDLONXY,code,L,70004232,ST,2006-01-07T13:05,2006-01-07T14:20,BES,237820880
RLDLONXY,code,L,70004301,ST,2006-01-07T16:55,2006-01-07T18:35,ORY,237820880
XXPOOZOG,code,L,70004298,ST,2006-01-07T08:50,2006-01-07T10:45,CFE,237820880
XXPOOZOG,code,L,70004229,ST,2006-01-07T11:15,2006-01-07T12:25,ORY,237820880
XXPOOZOG,code,L,70004232,ST,2006-01-07T13:05,2006-01-07T14:20,BES,237820880
XXPOOZOG,code,L,70004301,ST,2006-01-07T16:55,2006-01-07T18:35,ORY,237820880
WNYEIRHB,code,L,70004298,ST,2006-01-07T08:50,2006-01-07T10:45,CFE,237820880
WNYEIRHB,code,L,70004229,ST,2006-01-07T11:15,2006-01-07T12:25,ORY,237820880
WNYEIRHB,code,L,70004232,ST,2006-01-07T13:05,2006-01-07T14:20,BES,237820880
WNYEIRHB,code,L,70004301,ST,2006-01-07T16:55,2006-01-07T18:35,ORY,237820880
JQETRTPC,code,L,70004298,ST,2006-01-07T08:50,2006-01-07T10:45,CFE,237820880
JQETRTPC,code,L,70004229,ST,2006-01-07T11:15,2006-01-07T12:25,ORY,237820880
JQETRTPC,code,L,70004232,ST,2006-01-07T13:05,2006-01-07T14:20,BES,237820880
JQETRTPC,code,L,70004301,ST,2006-01-07T16:55,2006-01-07T18:35,ORY,237820880
NJEAGUMB,code,L,70004408,CP,2006-01-07T08:50,2006-01-07T11:10,MPL,1512368656
NJEAGUMB,code,L,70004411,CP,2006-01-07T12:15,2006-01-07T13:30,ORY,1512368656
NJEAGUMB,code,L,70004412,CP,2006-01-07T14:20,2006-01-07T15:40,MPL,1512368656
NJEAGUMB,code,L,70004415,CP,2006-01-07T16:15,2006-01-07T17:30,ORY,1512368656
NJEAGUMB,code,L,70004416,CP,2006-01-07T18:20,2006-01-07T19:40,MPL,1512368656
NJEAGUMB,code,L,70004421,CP,2006-01-07T20:15,2006-01-07T22:15,ORY,1512368656
ABSGXOBT,code,L,70004408,FO,2006-01-07T08:50,2006-01-07T11:10,MPL,1512368656
ABSGXOBT,code,L,70004411,FO,2006-01-07T12:15,2006-01-07T13:30,ORY,1512368656
ABSGXOBT,code,L,70004412,FO,2006-01-07T14:20,2006-01-07T15:40,MPL,1512368656
ABSGXOBT,code,L,70004415,FO,2006-01-07T16:15,2006-01-07T17:30,ORY,1512368656
ABSGXOBT,code,L,70004416,FO,2006-01-07T18:20,2006-01-07T19:40,MPL,1512368656
ABSGXOBT,code,L,70004421,FO,2006-01-07T20:15,2006-01-07T22:15,ORY,1512368656
VGSQLCAL,code,L,70004408,CSD,2006-01-07T08:50,2006-01-07T11:10,MPL,1512368656
VGSQLCAL,code,L,70004411,CSD,2006-01-07T12:15,2006-01-07T13:30,ORY,1512368656
VGSQLCAL,code,L,70004412,CSD,2006-01-07T14:20,2006-01-07T15:40,MPL,1512368656
VGSQLCAL,code,L,70004415,CSD,2006-01-07T16:15,2006-01-07T17:30,ORY,1512368656
VGSQLCAL,code,L,70004416,CSD,2006-01-07T18:20,2006-01-07T19:40,MPL,1512368656
VGSQLCAL,code,L,70004421,CSD,2006-01-07T20:15,2006-01-07T22:15,ORY,1512368656
PXZMVUBP,code,L,70004408,CSD,2006-01-07T08:50,2006-01-07T11:10,MPL,1512368656
PXZMVUBP,code,L,70004411,CSD,2006-01-07T12:15,2006-01-07T13:30,ORY,1512368656
PXZMVUBP,code,L,70004412,CSD,2006-01-07T14:20,2006-01-07T15:40,MPL,1512368656
PXZMVUBP,code,L,70004415,CSD,2006-01-07T16:15,2006-01-07T17:30,ORY,1512368656
PXZMVUBP,code,L,70004416,CSD,2006-01-07T18:20,2006-01-07T19:40,MPL,1512368656
PXZMVUBP,code,L,70004421,CSD,2006-01-07T20:15,2006-01-07T22:15,ORY,1512368656
DHKEDJTU,code,L,70004408,ST,2006-01-07T08:50,2006-01-07T11:10,MPL,1512368656
DHKEDJTU,code,L,70004411,ST,2006-01-07T12:15,2006-01-07T13:30,ORY,1512368656
DHKEDJTU,code,L,70004412,ST,2006-01-07T14:20,2006-01-07T15:40,MPL,1512368656
DHKEDJTU,code,L,70004415,ST,2006-01-07T16:15,2006-01-07T17:30,ORY,1512368656
DHKEDJTU,code,L,70004416,ST,2006-01-07T18:20,2006-01-07T19:40,MPL,1512368656
DHKEDJTU,code,L,70004421,ST,2006-01-07T20:15,2006-01-07T22:15,ORY,1512368656
KDRHQRAE,code,L,70004408,ST,2006-01-07T08:50,2006-01-07T11:10,MPL,1512368656
KDRHQRAE,code,L,70004411,ST,2006-01-07T12:15,2006-01-07T13:30,ORY,1512368656
KDRHQRAE,code,L,70004412,ST,2006-01-07T14:20,2006-01-07T15:40,MPL,1512368656
KDRHQRAE,code,L,70004415,ST,2006-01-07T16:15,2006-01-07T17:30,ORY,1512368656
KDRHQRAE,code,L,70004416,ST,2006-01-07T18:20,2006-01-07T19:40,MPL,1512368656
KDRHQRAE,code,L,70004421,ST,2006-01-07T20:15,2006-01-07T22:15,ORY,1512368656
TJYBVRFV,code,L,70004408,ST,2006-01-07T08:50,2006-01-07T11:10,MPL,1512368656
TJYBVRFV,code,L,70004411,ST,2006-01-07T12:15,2006-01-07T13:30,ORY,1512368656
TJYBVRFV,code,L,70004412,ST,2006-01-07T14:20,2006-01-07T15:40,MPL,1512368656
TJYBVRFV,code,L,70004415,ST,2006-01-07T16:15,2006-01-07T17:30,ORY,1512368656
TJYBVRFV,code,L,70004416,ST,2006-01-07T18:20,2006-01-07T19:40,MPL,1512368656
TJYBVRFV,code,L,70004421,ST,2006-01-07T20:15,2006-01-07T22:15,ORY,1512368656
QOXRMVQR,code,L,70004408,ST,2006-01-07T08:50,2006-01-07T11:10,MPL,1512368656
QOXRMVQR,code,L,70004411,ST,2006-01-07T12:15,2006-01-07T13:30,ORY,1512368656
QOXRMVQR,code,L,70004412,ST,2006-01-07T14:20,2006-01-07T15:40,MPL,1512368656
QOXRMVQR,code,L,70004415,ST,2006-01-07T16:15,2006-01-07T17:30,ORY,1512368656
QOXRMVQR,code,L,70004416,ST,2006-01-07T18:20,2006-01-07T19:40,MPL,1512368656
QOXRMVQR,code,L,70004421,ST,2006-01-07T20:15,2006-01-07T22:15,ORY,1512368656
PUPDPEAY,code,L,70004791,CP,2006-01-07T08:50,2006-01-07T11:35,LIL,1731519511
PUPDPEAY,code,L,70004768,CP,2006-01-07T13:05,2006-01-07T14:30,NCE,1731519511
PUPDPEAY,code,L,70004763,CP,2006-01-07T15:05,2006-01-07T16:20,BOD,1731519511
PUPDPEAY,code,L,70002663,CP,2006-01-07T17:30,2006-01-07T19:15,NCE,1731519511
QNCWMGQA,code,L,70004791,FO,2006-01-07T08:50,2006-01-07T11:35,LIL,1731519511
QNCWMGQA,code,L,70004768,FO,2006-01-07T13:05,2006-01-07T14:30,NCE,1731519511
QNCWMGQA,code,L,70004763,FO,2006-01-07T15:05,2006-01-07T16:20,BOD,1731519511
QNCWMGQA,code,L,70002663,FO,2006-01-07T17:30,2006-01-07T19:15,NCE,1731519511
EHOEIXMV,code,L,70004791,CSD,2006-01-07T08:50,2006-01-07T11:35,LIL,1731519511
EHOEIXMV,code,L,70004768,CSD,2006-01-07T13:05,2006-01-07T14:30,NCE,1731519511
EHOEIXMV,code,L,70004763,CSD,2006-01-07T15:05,2006-01-07T16:20,BOD,1731519511
EHOEIXMV,code,L,70002663,CSD,2006-01-07T17:30,2006-01-07T19:15,NCE,1731519511
UGKFRUFB,code,L,70004791,CSD,2006-01-07T08:50,2006-01-07T11:35,LIL,1731519511
UGKFRUFB,code,L,70004768,CSD,2006-01-07T13:05,2006-01-07T14:30,NCE,1731519511
UGKFRUFB,code,L,70004763,CSD,2006-01-07T15:05,2006-01-07T16:20,BOD,1731519511
UGKFRUFB,code,L,70002663,CSD,2006-01-07T17:30,2006-01-07T19:15,NCE,1731519511
MDACVZNN,code,L,70004791,ST,2006-01-07T08:50,2006-01-07T11:35,LIL,1731519511
MDACVZNN,code,L,70004768,ST,2006-01-07T13:05,2006-01-07T14:30,NCE,1731519511
MDACVZNN,code,L,70004763,ST,2006-01-07T15:05,2006-01-07T16:20,BOD,1731519511
MDACVZNN,code,L,70002663,ST,2006-01-07T17:30,2006-01-07T19:15,NCE,1731519511
ICBWUCXF,code,L,70004791,ST,2006-01-07T08:50,2006-01-07T11:35,LIL,1731519511
ICBWUCXF,code,L,70004768,ST,2006-01-07T13:05,2006-01-07T14:30,NCE,1731519511
ICBWUCXF,code,L,70004763,ST,2006-01-07T15:05,2006-01-07T16:20,BOD,1731519511
ICBWUCXF,code,L,70002663,ST,2006-01-07T17:30,2006-01-07T19:15,NCE,1731519511
XAGHUPJB,code,L,70004791,ST,2006-01-07T08:50,2006-01-07T11:35,LIL,1731519511
XAGHUPJB,code,L,70004768,ST,2006-01-07T13:05,2006-01-07T14:30,NCE,1731519511
XAGHUPJB,code,L,70004763,ST,2006-01-07T15:05,2006-01-07T16:20,BOD,1731519511
XAGHUPJB,code,L,70002663,ST,2006-01-07T17:30,2006-01-07T19:15,NCE,1731519511
IFDDFOHF,code,L,70004791,ST,2006-01-07T08:50,2006-01-07T11:35,LIL,1731519511
IFDDFOHF,code,L,70004768,ST,2006-01-07T13:05,2006-01-07T14:30,NCE,1731519511
IFDDFOHF,code,L,70004763,ST,2006-01-07T15:05,2006-01-07T16:20,BOD,1731519511
IFDDFOHF,code,L,70002663,ST,2006-01-07T17:30,2006-01-07T19:15,NCE,1731519511
IVTTSBXH,code,L,70004526,CP,2006-01-07T08:50,2006-01-07T11:20,MRS,1127983490
IVTTSBXH,code,L,70004533,CP,2006-01-07T20:20,2006-01-07T22:30,CDG,1127983490
GYAHFHZP,code,L,70004526,FO,2006-01-07T08:50,2006-01-07T11:20,MRS,1127983490
GYAHFHZP,code,L,70004533,FO,2006-01-07T20:20,2006-01-07T22:30,CDG,1127983490
NYGODQQC,code,L,70004526,CSD,2006-01-07T08:50,2006-01-07T11:20,MRS,1127983490
NYGODQQC,code,L,70004533,CSD,2006-01-07T20:20,2006-01-07T22:30,CDG,1127983490
PRGIFKZR,code,L,70004526,CSD,2006-01-07T08:50,2006-01-07T11:20,MRS,1127983490
PRGIFKZR,code,L,70004533,CSD,2006-01-07T20:20,2006-01-07T22:30,CDG,1127983490
FDSEEIEH,code,L,70004526,ST,2006-01-07T08:50,2006-01-07T11:20,MRS,1127983490
FDSEEIEH,code,L,70004533,ST,2006-01-07T20:20,2006-01-07T22:30,CDG,1127983490
BWIKIDMW,code,L,70004526,ST,2006-01-07T08:50,2006-01-07T11:20,MRS,1127983490
BWIKIDMW,code,L,70004533,ST,2006-01-07T20:20,2006-01-07T22:30,CDG,1127983490
SFZZSTTV,code,L,70004526,ST,2006-01-07T08:50,2006-01-07T11:20,MRS,1127983490
SFZZSTTV,code,L,70004533,ST,2006-01-07T20:20,2006-01-07T22:30,CDG,1127983490
ECSCYJCV,code,L,70004526,ST,2006-01-07T08:50,2006-01-07T11:20,MRS,1127983490
ECSCYJCV,code,L,70004533,ST,2006-01-07T20:20,2006-01-07T22:30,CDG,1127983490
BXYUWYXA,code,L,70002977,CP,2006-01-07T08:50,2006-01-07T11:00,ORY,2090911250
BXYUWYXA,code,L,70002984,CP,2006-01-07T11:40,2006-01-07T13:00,TLS,2090911250
BXYUWYXA,code,L,70002989,CP,2006-01-07T13:50,2006-01-07T15:00,ORY,2090911250
BXYUWYXA,code,L,70002996,CP,2006-01-07T15:40,2006-01-07T17:45,TLS,2090911250
PXZMZFDG,code,L,70002977,FO,2006-01-07T08:50,2006-01-07T11:00,ORY,2090911250
PXZMZFDG,code,L,70002984,FO,2006-01-07T11:40,2006-01-07T13:00,TLS,2090911250
PXZMZFDG,code,L,70002989,FO,2006-01-07T13:50,2006-01-07T15:00,ORY,2090911250
PXZMZFDG,code,L,70002996,FO,2006-01-07T15:40,2006-01-07T17:45,TLS,2090911250
TXAIWPFQ,code,L,70002977,CSD,2006-01-07T08:50,2006-01-07T11:00,ORY,2090911250
TXAIWPFQ,code,L,70002984,CSD,2006-01-07T11:40,2006-01-07T13:00,TLS,2090911250
TXAIWPFQ,code,L,70002989,CSD,2006-01-07T13:50,2006-01-07T15:00,ORY,2090911250
TXAIWPFQ,code,L,70002996,CSD,2006-01-07T15:40,2006-01-07T17:45,TLS,2090911250
VAJZXQGR,code,L,70002977,CSD,2006-01-07T08:50,2006-01-07T11:00,ORY,2090911250
VAJZXQGR,code,L,70002984,CSD,2006-01-07T11:40,2006-01-07T13:00,TLS,2090911250
VAJZXQGR,code,L,70002989,CSD,2006-01-07T13:50,2006-01-07T15:00,ORY,2090911250
VAJZXQGR,code,L,70002996,CSD,2006-01-07T15:40,2006-01-07T17:45,TLS,2090911250
IGXFTEIX,code,L,70002977,ST,2006-01-07T08:50,2006-01-07T11:00,ORY,2090911250
IGXFTEIX,code,L,70002984,ST,2006-01-07T11:40,2006-01-07T13:00,TLS,2090911250
IGXFTEIX,code,L,70002989,ST,2006-01-07T13:50,2006-01-07T15:00,ORY,2090911250
IGXFTEIX,code,L,70002996,ST,2006-01-07T15:40,2006-01-07T17:45,TLS,2090911250
YUPSPRLL,code,L,70002977,ST,2006-01-07T08:50,2006-01-07T11:00,ORY,2090911250
YUPSPRLL,code,L,70002984,ST,2006-01-07T11:40,2006-01-07T13:00,TLS,2090911250
YUPSPRLL,code,L,70002989,ST,2006-01-07T13:50,2006-01-07T15:00,ORY,2090911250
YUPSPRLL,code,L,70002996,ST,2006-01-07T15:40,2006-01-07T17:45,TLS,2090911250
HHWGEULT,code,L,70002977,ST,2006-01-07T08:50,2006-01-07T11:00,ORY,2090911250
HHWGEULT,code,L,70002984,ST,2006-01-07T11:40,2006-01-07T13:00,TLS,2090911250
HHWGEULT,code,L,70002989,ST,2006-01-07T13:50,2006-01-07T15:00,ORY,2090911250
HHWGEULT,code,L,70002996,ST,2006-01-07T15:40,2006-01-07T17:45,TLS,2090911250
AKULZQGN,code,L,70002977,ST,2006-01-07T08:50,2006-01-07T11:00,ORY,2090911250
AKULZQGN,code,L,70002984,ST,2006-01-07T11:40,2006-01-07T13:00,TLS,2090911250
AKULZQGN,code,L,70002989,ST,2006-01-07T13:50,2006-01-07T15:00,ORY,2090911250
AKULZQGN,code,L,70002996,ST,2006-01-07T15:40,2006-01-07T17:45,TLS,2090911250
TSECMSDI,code,L,70004502,CP,2006-01-07T08:50,2006-01-07T11:20,BIQ,564194307
TSECMSDI,code,L,70004501,CP,2006-01-07T12:35,2006-01-07T14:00,CDG,564194307
TSECMSDI,code,L,70004352,CP,2006-01-07T16:20,2006-01-07T17:40,BIQ,564194307
TSECMSDI,code,L,70004347,CP,2006-01-07T18:20,2006-01-07T20:20,ORY,564194307
JIMPHODQ,code,L,70004502,FO,2006-01-07T08:50,2006-01-07T11:20,BIQ,564194307
JIMPHODQ,code,L,70004501,FO,2006-01-07T12:35,2006-01-07T14:00,CDG,564194307
JIMPHODQ,code,L,70004352,FO,2006-01-07T16:20,2006-01-07T17:40,BIQ,564194307
JIMPHODQ,code,L,70004347,FO,2006-01-07T18:20,2006-01-07T20:20,ORY,564194307
XXDDKEAA,code,L,70004502,CS,2006-01-07T08:50,2006-01-07T11:20,BIQ,564194307
XXDDKEAA,code,L,70004501,CS,2006-01-07T12:35,2006-01-07T14:00,CDG,564194307
XXDDKEAA,code,L,70004352,CS,2006-01-07T16:20,2006-01-07T17:40,BIQ,564194307
XXDDKEAA,code,L,70004347,CS,2006-01-07T18:20,2006-01-07T20:20,ORY,564194307
IUQNYXZW,code,L,70004502,ST,2006-01-07T08:50,2006-01-07T11:20,BIQ,564194307
IUQNYXZW,code,L,70004501,ST,2006-01-07T12:35,2006-01-07T14:00,CDG,564194307
IUQNYXZW,code,L,70004352,ST,2006-01-07T16:20,2006-01-07T17:40,BIQ,564194307
IUQNYXZW,code,L,70004347,ST,2006-01-07T18:20,2006-01-07T20:20,ORY,564194307
BWICLHQO,code,L,70004502,ST,2006-01-07T08:50,2006-01-07T11:20,BIQ,564194307
BWICLHQO,code,L,70004501,ST,2006-01-07T12:35,2006-01-07T14:00,CDG,564194307
BWICLHQO,code,L,70004352,ST,2006-01-07T16:20,2006-01-07T17:40,BIQ,564194307
BWICLHQO,code,L,70004347,ST,2006-01-07T18:20,2006-01-07T20:20,ORY,564194307
ROBPWBAH,code,L,70002521,CP,2006-01-07T08:50,2006-01-07T11:05,RNS,376980210
ROBPWBAH,code,L,70002522,CP,2006-01-07T11:35,2006-01-07T12:55,MPL,376980210
ROBPWBAH,code,L,70004213,CP,2006-01-07T14:00,2006-01-07T15:05,RNS,376980210
ROBPWBAH,code,L,70004214,CP,2006-01-07T16:15,2006-01-07T18:00,ORY,376980210
OPBGGLLS,code,L,70002521,FO,2006-01-07T08:50,2006-01-07T11:05,RNS,376980210
OPBGGLLS,code,L,70002522,FO,2006-01-07T11:35,2006-01-07T12:55,MPL,376980210
OPBGGLLS,code,L,70004213,FO,2006-01-07T14:00,2006-01-07T15:05,RNS,376980210
OPBGGLLS,code,L,70004214,FO,2006-01-07T16:15,2006-01-07T18:00,ORY,376980210
TFTYJLWV,code,L,70002521,CS,2006-01-07T08:50,2006-01-07T11:05,RNS,376980210
TFTYJLWV,code,L,70002522,CS,2006-01-07T11:35,2006-01-07T12:55,MPL,376980210
TFTYJLWV,code,L,70004213,CS,2006-01-07T14:00,2006-01-07T15:05,RNS,376980210
TFTYJLWV,code,L,70004214,CS,2006-01-07T16:15,2006-01-07T18:00,ORY,376980210
SXQMKSAF,code,L,70002521,ST,2006-01-07T08:50,2006-01-07T11:05,RNS,376980210
SXQMKSAF,code,L,70002522,ST,2006-01-07T11:35,2006-01-07T12:55,MPL,376980210
SXQMKSAF,code,L,70004213,ST,2006-01-07T14:00,2006-01-07T15:05,RNS,376980210
SXQMKSAF,code,L,70004214,ST,2006-01-07T16:15,2006-01-07T18:00,ORY,376980210
IIDDWXAR,code,L,70002521,ST,2006-01-07T08:50,2006-01-07T11:05,RNS,376980210
IIDDWXAR,code,L,70002522,ST,2006-01-07T11:35,2006-01-07T12:55,MPL,376980210
IIDDWXAR,code,L,70004213,ST,2006-01-07T14:00,2006-01-07T15:05,RNS,376980210
IIDDWXAR,code,L,70004214,ST,2006-01-07T16:15,2006-01-07T18:00,ORY,376980210
LMCPCVUD,code,L,70004696,CP,2006-01-07T08:50,2006-01-07T10:45,NCE,628641533
LMCPCVUD,code,L,70004699,CP,2006-01-07T11:25,2006-01-07T12:25,LYS,628641533
LMCPCVUD,code,L,70004700,CP,2006-01-07T13:05,2006-01-07T14:00,NCE,628641533
LMCPCVUD,code,L,70004695,CP,2006-01-07T15:00,2006-01-07T16:45,LYS,628641533
DOVFSNJD,code,L,70004696,FO,2006-01-07T08:50,2006-01-07T10:45,NCE,628641533
DOVFSNJD,code,L,70004699,FO,2006-01-07T11:25,2006-01-07T12:25,LYS,628641533
DOVFSNJD,code,L,70004700,FO,2006-01-07T13:05,2006-01-07T14:00,NCE,628641533
DOVFSNJD,code,L,70004695,FO,2006-01-07T15:00,2006-01-07T16:45,LYS,628641533
HNNXQHLL,code,L,70004696,CSD,2006-01-07T08:50,2006-01-07T10:45,NCE,628641533
HNNXQHLL,code,L,70004699,CSD,2006-01-07T11:25,2006-01-07T12:25,LYS,628641533
HNNXQHLL,code,L,70004700,CSD,2006-01-07T13:05,2006-01-07T14:00,NCE,628641533
HNNXQHLL,code,L,70004695,CSD,2006-01-07T15:00,2006-01-07T16:45,LYS,628641533
QRQPXRCC,code,L,70004696,ST,2006-01-07T08:50,2006-01-07T10:45,NCE,628641533
QRQPXRCC,code,L,70004699,ST,2006-01-07T11:25,2006-01-07T12:25,LYS,628641533
QRQPXRCC,code,L,70004700,ST,2006-01-07T13:05,2006-01-07T14:00,NCE,628641533
QRQPXRCC,code,L,70004695,ST,2006-01-07T15:00,2006-01-07T16:45,LYS,628641533
FOHUJZCQ,code,L,70004696,ST,2006-01-07T08:50,2006-01-07T10:45,NCE,628641533
FOHUJZCQ,code,L,70004699,ST,2006-01-07T11:25,2006-01-07T12:25,LYS,628641533
FOHUJZCQ,code,L,70004700,ST,2006-01-07T13:05,2006-01-07T14:00,NCE,628641533
FOHUJZCQ,code,L,70004695,ST,2006-01-07T15:00,2006-01-07T16:45,LYS,628641533
AQQMPRRF,code,L,70004696,ST,2006-01-07T08:50,2006-01-07T10:45,NCE,628641533
AQQMPRRF,code,L,70004699,ST,2006-01-07T11:25,2006-01-07T12:25,LYS,628641533
AQQMPRRF,code,L,70004700,ST,2006-01-07T13:05,2006-01-07T14:00,NCE,628641533
AQQMPRRF,code,L,70004695,ST,2006-01-07T15:00,2006-01-07T16:45,LYS,628641533
RAPRODUD,code,L,7000146,CP,2006-01-07T08:55,2006-01-07T11:10,MLH,363842328
RAPRODUD,code,L,7000147,CP,2006-01-07T12:00,2006-01-07T13:10,CDG,363842328
RAPRODUD,code,L,7000148,CP,2006-01-07T13:50,2006-01-07T15:05,MLH,363842328
RAPRODUD,code,L,7000149,CP,2006-01-07T15:45,2006-01-07T16:55,CDG,363842328
RAPRODUD,code,L,7000150,CP,2006-01-07T17:35,2006-01-07T18:50,MLH,363842328
RAPRODUD,code,L,7000151,CP,2006-01-07T19:55,2006-01-07T21:50,CDG,363842328
AIOBRJCO,code,L,7000146,FO,2006-01-07T08:55,2006-01-07T11:10,MLH,363842328
AIOBRJCO,code,L,7000147,FO,2006-01-07T12:00,2006-01-07T13:10,CDG,363842328
AIOBRJCO,code,L,7000148,FO,2006-01-07T13:50,2006-01-07T15:05,MLH,363842328
AIOBRJCO,code,L,7000149,FO,2006-01-07T15:45,2006-01-07T16:55,CDG,363842328
AIOBRJCO,code,L,7000150,FO,2006-01-07T17:35,2006-01-07T18:50,MLH,363842328
AIOBRJCO,code,L,7000151,FO,2006-01-07T19:55,2006-01-07T21:50,CDG,363842328
WXRFFJWU,code,L,7000146,CSD,2006-01-07T08:55,2006-01-07T11:10,MLH,363842328
WXRFFJWU,code,L,7000147,CSD,2006-01-07T12:00,2006-01-07T13:10,CDG,363842328
WXRFFJWU,code,L,7000148,CSD,2006-01-07T13:50,2006-01-07T15:05,MLH,363842328
WXRFFJWU,code,L,7000149,CSD,2006-01-07T15:45,2006-01-07T16:55,CDG,363842328
WXRFFJWU,code,L,7000150,CSD,2006-01-07T17:35,2006-01-07T18:50,MLH,363842328
WXRFFJWU,code,L,7000151,CSD,2006-01-07T19:55,2006-01-07T21:50,CDG,363842328
IOTZETKA,code,L,7000146,CSD,2006-01-07T08:55,2006-01-07T11:10,MLH,363842328
IOTZETKA,code,L,7000147,CSD,2006-01-07T12:00,2006-01-07T13:10,CDG,363842328
IOTZETKA,code,L,7000148,CSD,2006-01-07T13:50,2006-01-07T15:05,MLH,363842328
IOTZETKA,code,L,7000149,CSD,2006-01-07T15:45,2006-01-07T16:55,CDG,363842328
IOTZETKA,code,L,7000150,CSD,2006-01-07T17:35,2006-01-07T18:50,MLH,363842328
IOTZETKA,code,L,7000151,CSD,2006-01-07T19:55,2006-01-07T21:50,CDG,363842328
WSGWARUR,code,L,7000146,ST,2006-01-07T08:55,2006-01-07T11:10,MLH,363842328
WSGWARUR,code,L,7000147,ST,2006-01-07T12:00,2006-01-07T13:10,CDG,363842328
WSGWARUR,code,L,7000148,ST,2006-01-07T13:50,2006-01-07T15:05,MLH,363842328
WSGWARUR,code,L,7000149,ST,2006-01-07T15:45,2006-01-07T16:55,CDG,363842328
WSGWARUR,code,L,7000150,ST,2006-01-07T17:35,2006-01-07T18:50,MLH,363842328
WSGWARUR,code,L,7000151,ST,2006-01-07T19:55,2006-01-07T21:50,CDG,363842328
MIVPMHQI,code,L,7000146,ST,2006-01-07T08:55,2006-01-07T11:10,MLH,363842328
MIVPMHQI,code,L,7000147,ST,2006-01-07T12:00,2006-01-07T13:10,CDG,363842328
MIVPMHQI,code,L,7000148,ST,2006-01-07T13:50,2006-01-07T15:05,MLH,363842328
MIVPMHQI,code,L,7000149,ST,2006-01-07T15:45,2006-01-07T16:55,CDG,363842328
MIVPMHQI,code,L,7000150,ST,2006-01-07T17:35,2006-01-07T18:50,MLH,363842328
MIVPMHQI,code,L,7000151,ST,2006-01-07T19:55,2006-01-07T21:50,CDG,363842328
FYWJQZJC,code,L,7000146,ST,2006-01-07T08:55,2006-01-07T11:10,MLH,363842328
FYWJQZJC,code,L,7000147,ST,2006-01-07T12:00,2006-01-07T13:10,CDG,363842328
FYWJQZJC,code,L,7000148,ST,2006-01-07T13:50,2006-01-07T15:05,MLH,363842328
FYWJQZJC,code,L,7000149,ST,2006-01-07T15:45,2006-01-07T16:55,CDG,363842328
FYWJQZJC,code,L,7000150,ST,2006-01-07T17:35,2006-01-07T18:50,MLH,363842328
FYWJQZJC,code,L,7000151,ST,2006-01-07T19:55,2006-01-07T21:50,CDG,363842328
ZJLJKGHM,code,L,7000146,ST,2006-01-07T08:55,2006-01-07T11:10,MLH,363842328
ZJLJKGHM,code,L,7000147,ST,2006-01-07T12:00,2006-01-07T13:10,CDG,363842328
ZJLJKGHM,code,L,7000148,ST,2006-01-07T13:50,2006-01-07T15:05,MLH,363842328
ZJLJKGHM,code,L,7000149,ST,2006-01-07T15:45,2006-01-07T16:55,CDG,363842328
ZJLJKGHM,code,L,7000150,ST,2006-01-07T17:35,2006-01-07T18:50,MLH,363842328
ZJLJKGHM,code,L,7000151,ST,2006-01-07T19:55,2006-01-07T21:50,CDG,363842328
VLQODGHH,code,L,70003073,CP,2006-01-07T09:00,2006-01-07T11:20,ORY,687431273
VLQODGHH,code,L,70003088,CP,2006-01-07T12:05,2006-01-07T13:30,NCE,687431273
VLQODGHH,code,L,70003081,CP,2006-01-07T14:00,2006-01-07T15:20,ORY,687431273
VLQODGHH,code,L,70003102,CP,2006-01-07T16:05,2006-01-07T18:15,NCE,687431273
MRPAFIUT,code,L,70003073,FO,2006-01-07T09:00,2006-01-07T11:20,ORY,687431273
MRPAFIUT,code,L,70003088,FO,2006-01-07T12:05,2006-01-07T13:30,NCE,687431273
MRPAFIUT,code,L,70003081,FO,2006-01-07T14:00,2006-01-07T15:20,ORY,687431273
MRPAFIUT,code,L,70003102,FO,2006-01-07T16:05,2006-01-07T18:15,NCE,687431273
ZSSWCVKJ,code,L,70003073,CSD,2006-01-07T09:00,2006-01-07T11:20,ORY,687431273
ZSSWCVKJ,code,L,70003088,CSD,2006-01-07T12:05,2006-01-07T13:30,NCE,687431273
ZSSWCVKJ,code,L,70003081,CSD,2006-01-07T14:00,2006-01-07T15:20,ORY,687431273
ZSSWCVKJ,code,L,70003102,CSD,2006-01-07T16:05,2006-01-07T18:15,NCE,687431273
LHOZEYLL,code,L,70003073,CSD,2006-01-07T09:00,2006-01-07T11:20,ORY,687431273
LHOZEYLL,code,L,70003088,CSD,2006-01-07T12:05,2006-01-07T13:30,NCE,687431273
LHOZEYLL,code,L,70003081,CSD,2006-01-07T14:00,2006-01-07T15:20,ORY,687431273
LHOZEYLL,code,L,70003102,CSD,2006-01-07T16:05,2006-01-07T18:15,NCE,687431273
IOBGUGGT,code,L,70003073,ST,2006-01-07T09:00,2006-01-07T11:20,ORY,687431273
IOBGUGGT,code,L,70003088,ST,2006-01-07T12:05,2006-01-07T13:30,NCE,687431273
IOBGUGGT,code,L,70003081,ST,2006-01-07T14:00,2006-01-07T15:20,ORY,687431273
IOBGUGGT,code,L,70003102,ST,2006-01-07T16:05,2006-01-07T18:15,NCE,687431273
EHOPWKVB,code,L,70003073,ST,2006-01-07T09:00,2006-01-07T11:20,ORY,687431273
EHOPWKVB,code,L,70003088,ST,2006-01-07T12:05,2006-01-07T13:30,NCE,687431273
EHOPWKVB,code,L,70003081,ST,2006-01-07T14:00,2006-01-07T15:20,ORY,687431273
EHOPWKVB,code,L,70003102,ST,2006-01-07T16:05,2006-01-07T18:15,NCE,687431273
SEOYCZLH,code,L,70003073,ST,2006-01-07T09:00,2006-01-07T11:20,ORY,687431273
SEOYCZLH,code,L,70003088,ST,2006-01-07T12:05,2006-01-07T13:30,NCE,687431273
SEOYCZLH,code,L,70003081,ST,2006-01-07T14:00,2006-01-07T15:20,ORY,687431273
SEOYCZLH,code,L,70003102,ST,2006-01-07T16:05,2006-01-07T18:15,NCE,687431273
SVQPWZRR,code,L,70003073,ST,2006-01-07T09:00,2006-01-07T11:20,ORY,687431273
SVQPWZRR,code,L,70003088,ST,2006-01-07T12:05,2006-01-07T13:30,NCE,687431273
SVQPWZRR,code,L,70003081,ST,2006-01-07T14:00,2006-01-07T15:20,ORY,687431273
SVQPWZRR,code,L,70003102,ST,2006-01-07T16:05,2006-01-07T18:15,NCE,687431273
FPUFAWIK,code,L,70004588,CP,2006-01-07T09:00,2006-01-07T11:05,NTE,848563345
FPUFAWIK,code,L,70004587,CP,2006-01-07T11:45,2006-01-07T12:50,CDG,848563345
FPUFAWIK,code,L,70004590,CP,2006-01-07T13:35,2006-01-07T14:40,NTE,848563345
FPUFAWIK,code,L,70004593,CP,2006-01-07T16:15,2006-01-07T17:20,CDG,848563345
FPUFAWIK,code,L,70004594,CP,2006-01-07T18:05,2006-01-07T19:10,NTE,848563345
FPUFAWIK,code,L,70004591,CP,2006-01-07T20:00,2006-01-07T21:50,CDG,848563345
ZLVVPGKP,code,L,70004588,FO,2006-01-07T09:00,2006-01-07T11:05,NTE,848563345
ZLVVPGKP,code,L,70004587,FO,2006-01-07T11:45,2006-01-07T12:50,CDG,848563345
ZLVVPGKP,code,L,70004590,FO,2006-01-07T13:35,2006-01-07T14:40,NTE,848563345
ZLVVPGKP,code,L,70004593,FO,2006-01-07T16:15,2006-01-07T17:20,CDG,848563345
ZLVVPGKP,code,L,70004594,FO,2006-01-07T18:05,2006-01-07T19:10,NTE,848563345
ZLVVPGKP,code,L,70004591,FO,2006-01-07T20:00,2006-01-07T21:50,CDG,848563345
OZJBJLQD,code,L,70004588,CSD,2006-01-07T09:00,2006-01-07T11:05,NTE,848563345
OZJBJLQD,code,L,70004587,CSD,2006-01-07T11:45,2006-01-07T12:50,CDG,848563345
OZJBJLQD,code,L,70004590,CSD,2006-01-07T13:35,2006-01-07T14:40,NTE,848563345
OZJBJLQD,code,L,70004593,CSD,2006-01-07T16:15,2006-01-07T17:20,CDG,848563345
OZJBJLQD,code,L,70004594,CSD,2006-01-07T18:05,2006-01-07T19:10,NTE,848563345
OZJBJLQD,code,L,70004591,CSD,2006-01-07T20:00,2006-01-07T21:50,CDG,848563345
QBJVOQFA,code,L,70004588,CSD,2006-01-07T09:00,2006-01-07T11:05,NTE,848563345
QBJVOQFA,code,L,70004587,CSD,2006-01-07T11:45,2006-01-07T12:50,CDG,848563345
QBJVOQFA,code,L,70004590,CSD,2006-01-07T13:35,2006-01-07T14:40,NTE,848563345
QBJVOQFA,code,L,70004593,CSD,2006-01-07T16:15,2006-01-07T17:20,CDG,848563345
QBJVOQFA,code,L,70004594,CSD,2006-01-07T18:05,2006-01-07T19:10,NTE,848563345
QBJVOQFA,code,L,70004591,CSD,2006-01-07T20:00,2006-01-07T21:50,CDG,848563345
RQBGSBXL,code,L,70004588,ST,2006-01-07T09:00,2006-01-07T11:05,NTE,848563345
RQBGSBXL,code,L,70004587,ST,2006-01-07T11:45,2006-01-07T12:50,CDG,848563345
RQBGSBXL,code,L,70004590,ST,2006-01-07T13:35,2006-01-07T14:40,NTE,848563345
RQBGSBXL,code,L,70004593,ST,2006-01-07T16:15,2006-01-07T17:20,CDG,848563345
RQBGSBXL,code,L,70004594,ST,2006-01-07T18:05,2006-01-07T19:10,NTE,848563345
RQBGSBXL,code,L,70004591,ST,2006-01-07T20:00,2006-01-07T21:50,CDG,848563345
DKFSRFAY,code,L,70004588,ST,2006-01-07T09:00,2006-01-07T11:05,NTE,848563345
DKFSRFAY,code,L,70004587,ST,2006-01-07T11:45,2006-01-07T12:50,CDG,848563345
DKFSRFAY,code,L,70004590,ST,2006-01-07T13:35,2006-01-07T14:40,NTE,848563345
DKFSRFAY,code,L,70004593,ST,2006-01-07T16:15,2006-01-07T17:20,CDG,848563345
DKFSRFAY,code,L,70004594,ST,2006-01-07T18:05,2006-01-07T19:10,NTE,848563345
DKFSRFAY,code,L,70004591,ST,2006-01-07T20:00,2006-01-07T21:50,CDG,848563345
YUZIFQAD,code,L,70004588,ST,2006-01-07T09:00,2006-01-07T11:05,NTE,848563345
YUZIFQAD,code,L,70004587,ST,2006-01-07T11:45,2006-01-07T12:50,CDG,848563345
YUZIFQAD,code,L,70004590,ST,2006-01-07T13:35,2006-01-07T14:40,NTE,848563345
YUZIFQAD,code,L,70004593,ST,2006-01-07T16:15,2006-01-07T17:20,CDG,848563345
YUZIFQAD,code,L,70004594,ST,2006-01-07T18:05,2006-01-07T19:10,NTE,848563345
YUZIFQAD,code,L,70004591,ST,2006-01-07T20:00,2006-01-07T21:50,CDG,848563345
PWRLZNPQ,code,L,70004588,ST,2006-01-07T09:00,2006-01-07T11:05,NTE,848563345
PWRLZNPQ,code,L,70004587,ST,2006-01-07T11:45,2006-01-07T12:50,CDG,848563345
PWRLZNPQ,code,L,70004590,ST,2006-01-07T13:35,2006-01-07T14:40,NTE,848563345
PWRLZNPQ,code,L,70004593,ST,2006-01-07T16:15,2006-01-07T17:20,CDG,848563345
PWRLZNPQ,code,L,70004594,ST,2006-01-07T18:05,2006-01-07T19:10,NTE,848563345
PWRLZNPQ,code,L,70004591,ST,2006-01-07T20:00,2006-01-07T21:50,CDG,848563345
SYGRRJKZ,code,L,70003074,CP,2006-01-07T09:05,2006-01-07T11:30,NCE,760389092
SYGRRJKZ,code,L,70003077,CP,2006-01-07T12:00,2006-01-07T13:20,ORY,760389092
SYGRRJKZ,code,L,70003082,CP,2006-01-07T14:05,2006-01-07T15:30,NCE,760389092
SYGRRJKZ,code,L,70003085,CP,2006-01-07T16:00,2006-01-07T17:20,ORY,760389092
SYGRRJKZ,code,L,70003092,CP,2006-01-07T18:05,2006-01-07T19:30,NCE,760389092
SYGRRJKZ,code,L,70003095,CP,2006-01-07T20:00,2006-01-07T22:05,ORY,760389092
MIHHFYMT,code,L,70003074,FO,2006-01-07T09:05,2006-01-07T11:30,NCE,760389092
MIHHFYMT,code,L,70003077,FO,2006-01-07T12:00,2006-01-07T13:20,ORY,760389092
MIHHFYMT,code,L,70003082,FO,2006-01-07T14:05,2006-01-07T15:30,NCE,760389092
MIHHFYMT,code,L,70003085,FO,2006-01-07T16:00,2006-01-07T17:20,ORY,760389092
MIHHFYMT,code,L,70003092,FO,2006-01-07T18:05,2006-01-07T19:30,NCE,760389092
MIHHFYMT,code,L,70003095,FO,2006-01-07T20:00,2006-01-07T22:05,ORY,760389092
QTUPJBJB,code,L,70003074,CSD,2006-01-07T09:05,2006-01-07T11:30,NCE,760389092
QTUPJBJB,code,L,70003077,CSD,2006-01-07T12:00,2006-01-07T13:20,ORY,760389092
QTUPJBJB,code,L,70003082,CSD,2006-01-07T14:05,2006-01-07T15:30,NCE,760389092
QTUPJBJB,code,L,70003085,CSD,2006-01-07T16:00,2006-01-07T17:20,ORY,760389092
QTUPJBJB,code,L,70003092,CSD,2006-01-07T18:05,2006-01-07T19:30,NCE,760389092
QTUPJBJB,code,L,70003095,CSD,2006-01-07T20:00,2006-01-07T22:05,ORY,760389092
OMFEIRBZ,code,L,70003074,CSD,2006-01-07T09:05,2006-01-07T11:30,NCE,760389092
OMFEIRBZ,code,L,70003077,CSD,2006-01-07T12:00,2006-01-07T13:20,ORY,760389092
OMFEIRBZ,code,L,70003082,CSD,2006-01-07T14:05,2006-01-07T15:30,NCE,760389092
OMFEIRBZ,code,L,70003085,CSD,2006-01-07T16:00,2006-01-07T17:20,ORY,760389092
OMFEIRBZ,code,L,70003092,CSD,2006-01-07T18:05,2006-01-07T19:30,NCE,760389092
OMFEIRBZ,code,L,70003095,CSD,2006-01-07T20:00,2006-01-07T22:05,ORY,760389092
UVCJXSJW,code,L,70003074,ST,2006-01-07T09:05,2006-01-07T11:30,NCE,760389092
UVCJXSJW,code,L,70003077,ST,2006-01-07T12:00,2006-01-07T13:20,ORY,760389092
UVCJXSJW,code,L,70003082,ST,2006-01-07T14:05,2006-01-07T15:30,NCE,760389092
UVCJXSJW,code,L,70003085,ST,2006-01-07T16:00,2006-01-07T17:20,ORY,760389092
UVCJXSJW,code,L,70003092,ST,2006-01-07T18:05,2006-01-07T19:30,NCE,760389092
UVCJXSJW,code,L,70003095,ST,2006-01-07T20:00,2006-01-07T22:05,ORY,760389092
OXXHLTDZ,code,L,70003074,ST,2006-01-07T09:05,2006-01-07T11:30,NCE,760389092
OXXHLTDZ,code,L,70003077,ST,2006-01-07T12:00,2006-01-07T13:20,ORY,760389092
OXXHLTDZ,code,L,70003082,ST,2006-01-07T14:05,2006-01-07T15:30,NCE,760389092
OXXHLTDZ,code,L,70003085,ST,2006-01-07T16:00,2006-01-07T17:20,ORY,760389092
OXXHLTDZ,code,L,70003092,ST,2006-01-07T18:05,2006-01-07T19:30,NCE,760389092
OXXHLTDZ,code,L,70003095,ST,2006-01-07T20:00,2006-01-07T22:05,ORY,760389092
BEVFHOHX,code,L,70003074,ST,2006-01-07T09:05,2006-01-07T11:30,NCE,760389092
BEVFHOHX,code,L,70003077,ST,2006-01-07T12:00,2006-01-07T13:20,ORY,760389092
BEVFHOHX,code,L,70003082,ST,2006-01-07T14:05,2006-01-07T15:30,NCE,760389092
BEVFHOHX,code,L,70003085,ST,2006-01-07T16:00,2006-01-07T17:20,ORY,760389092
BEVFHOHX,code,L,70003092,ST,2006-01-07T18:05,2006-01-07T19:30,NCE,760389092
BEVFHOHX,code,L,70003095,ST,2006-01-07T20:00,2006-01-07T22:05,ORY,760389092
ABWOXXPX,code,L,70003074,ST,2006-01-07T09:05,2006-01-07T11:30,NCE,760389092
ABWOXXPX,code,L,70003077,ST,2006-01-07T12:00,2006-01-07T13:20,ORY,760389092
ABWOXXPX,code,L,70003082,ST,2006-01-07T14:05,2006-01-07T15:30,NCE,760389092
ABWOXXPX,code,L,70003085,ST,2006-01-07T16:00,2006-01-07T17:20,ORY,760389092
ABWOXXPX,code,L,70003092,ST,2006-01-07T18:05,2006-01-07T19:30,NCE,760389092
ABWOXXPX,code,L,70003095,ST,2006-01-07T20:00,2006-01-07T22:05,ORY,760389092
IWDPXCED,code,L,70004366,CP,2006-01-07T09:05,2006-01-07T11:30,TLN,820276643
IWDPXCED,code,L,70004369,CP,2006-01-07T12:30,2006-01-07T13:50,ORY,820276643
IWDPXCED,code,L,70004370,CP,2006-01-07T14:40,2006-01-07T16:05,TLN,820276643
IWDPXCED,code,L,70004371,CP,2006-01-07T17:55,2006-01-07T20:00,ORY,820276643
ILJZVMXY,code,L,70004366,FO,2006-01-07T09:05,2006-01-07T11:30,TLN,820276643
ILJZVMXY,code,L,70004369,FO,2006-01-07T12:30,2006-01-07T13:50,ORY,820276643
ILJZVMXY,code,L,70004370,FO,2006-01-07T14:40,2006-01-07T16:05,TLN,820276643
ILJZVMXY,code,L,70004371,FO,2006-01-07T17:55,2006-01-07T20:00,ORY,820276643
FDEDGFKI,code,L,70004366,CSD,2006-01-07T09:05,2006-01-07T11:30,TLN,820276643
FDEDGFKI,code,L,70004369,CSD,2006-01-07T12:30,2006-01-07T13:50,ORY,820276643
FDEDGFKI,code,L,70004370,CSD,2006-01-07T14:40,2006-01-07T16:05,TLN,820276643
FDEDGFKI,code,L,70004371,CSD,2006-01-07T17:55,2006-01-07T20:00,ORY,820276643
HBVKHCGA,code,L,70004366,CSD,2006-01-07T09:05,2006-01-07T11:30,TLN,820276643
HBVKHCGA,code,L,70004369,CSD,2006-01-07T12:30,2006-01-07T13:50,ORY,820276643
HBVKHCGA,code,L,70004370,CSD,2006-01-07T14:40,2006-01-07T16:05,TLN,820276643
HBVKHCGA,code,L,70004371,CSD,2006-01-07T17:55,2006-01-07T20:00,ORY,820276643
CHBJZOOQ,code,L,70004366,ST,2006-01-07T09:05,2006-01-07T11:30,TLN,820276643
CHBJZOOQ,code,L,70004369,ST,2006-01-07T12:30,2006-01-07T13:50,ORY,820276643
CHBJZOOQ,code,L,70004370,ST,2006-01-07T14:40,2006-01-07T16:05,TLN,820276643
CHBJZOOQ,code,L,70004371,ST,2006-01-07T17:55,2006-01-07T20:00,ORY,820276643
WRVYPBVX,code,L,70004366,ST,2006-01-07T09:05,2006-01-07T11:30,TLN,820276643
WRVYPBVX,code,L,70004369,ST,2006-01-07T12:30,2006-01-07T13:50,ORY,820276643
WRVYPBVX,code,L,70004370,ST,2006-01-07T14:40,2006-01-07T16:05,TLN,820276643
WRVYPBVX,code,L,70004371,ST,2006-01-07T17:55,2006-01-07T20:00,ORY,820276643
ZQDTZDGP,code,L,70004366,ST,2006-01-07T09:05,2006-01-07T11:30,TLN,820276643
ZQDTZDGP,code,L,70004369,ST,2006-01-07T12:30,2006-01-07T13:50,ORY,820276643
ZQDTZDGP,code,L,70004370,ST,2006-01-07T14:40,2006-01-07T16:05,TLN,820276643
ZQDTZDGP,code,L,70004371,ST,2006-01-07T17:55,2006-01-07T20:00,ORY,820276643
OWELVCSI,code,L,70004366,ST,2006-01-07T09:05,2006-01-07T11:30,TLN,820276643
OWELVCSI,code,L,70004369,ST,2006-01-07T12:30,2006-01-07T13:50,ORY,820276643
OWELVCSI,code,L,70004370,ST,2006-01-07T14:40,2006-01-07T16:05,TLN,820276643
OWELVCSI,code,L,70004371,ST,2006-01-07T17:55,2006-01-07T20:00,ORY,820276643
NHPYVNFL,code,L,70004228,CP,2006-01-07T09:05,2006-01-07T11:20,BES,1450422331
NHPYVNFL,code,L,70004239,CP,2006-01-07T14:40,2006-01-07T15:50,ORY,1450422331
NHPYVNFL,code,L,70004238,CP,2006-01-07T16:35,2006-01-07T17:50,BES,1450422331
NHPYVNFL,code,L,70004237,CP,2006-01-07T20:20,2006-01-07T22:15,ORY,1450422331
XFKVDPVK,code,L,70004228,FO,2006-01-07T09:05,2006-01-07T11:20,BES,1450422331
XFKVDPVK,code,L,70004239,FO,2006-01-07T14:40,2006-01-07T15:50,ORY,1450422331
XFKVDPVK,code,L,70004238,FO,2006-01-07T16:35,2006-01-07T17:50,BES,1450422331
XFKVDPVK,code,L,70004237,FO,2006-01-07T20:20,2006-01-07T22:15,ORY,1450422331
LWJUJVOT,code,L,70004228,CSD,2006-01-07T09:05,2006-01-07T11:20,BES,1450422331
LWJUJVOT,code,L,70004239,CSD,2006-01-07T14:40,2006-01-07T15:50,ORY,1450422331
LWJUJVOT,code,L,70004238,CSD,2006-01-07T16:35,2006-01-07T17:50,BES,1450422331
LWJUJVOT,code,L,70004237,CSD,2006-01-07T20:20,2006-01-07T22:15,ORY,1450422331
YGQQJZIK,code,L,70004228,CSD,2006-01-07T09:05,2006-01-07T11:20,BES,1450422331
YGQQJZIK,code,L,70004239,CSD,2006-01-07T14:40,2006-01-07T15:50,ORY,1450422331
YGQQJZIK,code,L,70004238,CSD,2006-01-07T16:35,2006-01-07T17:50,BES,1450422331
YGQQJZIK,code,L,70004237,CSD,2006-01-07T20:20,2006-01-07T22:15,ORY,1450422331
YBSVKKEP,code,L,70004228,ST,2006-01-07T09:05,2006-01-07T11:20,BES,1450422331
YBSVKKEP,code,L,70004239,ST,2006-01-07T14:40,2006-01-07T15:50,ORY,1450422331
YBSVKKEP,code,L,70004238,ST,2006-01-07T16:35,2006-01-07T17:50,BES,1450422331
YBSVKKEP,code,L,70004237,ST,2006-01-07T20:20,2006-01-07T22:15,ORY,1450422331
VBTWUPFH,code,L,70004228,ST,2006-01-07T09:05,2006-01-07T11:20,BES,1450422331
VBTWUPFH,code,L,70004239,ST,2006-01-07T14:40,2006-01-07T15:50,ORY,1450422331
VBTWUPFH,code,L,70004238,ST,2006-01-07T16:35,2006-01-07T17:50,BES,1450422331
VBTWUPFH,code,L,70004237,ST,2006-01-07T20:20,2006-01-07T22:15,ORY,1450422331
ONAOGHEO,code,L,70004228,ST,2006-01-07T09:05,2006-01-07T11:20,BES,1450422331
ONAOGHEO,code,L,70004239,ST,2006-01-07T14:40,2006-01-07T15:50,ORY,1450422331
ONAOGHEO,code,L,70004238,ST,2006-01-07T16:35,2006-01-07T17:50,BES,1450422331
ONAOGHEO,code,L,70004237,ST,2006-01-07T20:20,2006-01-07T22:15,ORY,1450422331
WGNWXIKD,code,L,70004228,ST,2006-01-07T09:05,2006-01-07T11:20,BES,1450422331
WGNWXIKD,code,L,70004239,ST,2006-01-07T14:40,2006-01-07T15:50,ORY,1450422331
WGNWXIKD,code,L,70004238,ST,2006-01-07T16:35,2006-01-07T17:50,BES,1450422331
WGNWXIKD,code,L,70004237,ST,2006-01-07T20:20,2006-01-07T22:15,ORY,1450422331
DCKAIPKH,code,L,70004200,CP,2006-01-07T09:05,2006-01-07T11:15,MLH,472931517
DCKAIPKH,code,L,70004197,CP,2006-01-07T12:10,2006-01-07T13:10,ORY,472931517
DCKAIPKH,code,L,70004202,CP,2006-01-07T13:55,2006-01-07T15:05,MLH,472931517
DCKAIPKH,code,L,70004203,CP,2006-01-07T18:45,2006-01-07T20:30,ORY,472931517
IOSPUTSY,code,L,70004200,FO,2006-01-07T09:05,2006-01-07T11:15,MLH,472931517
IOSPUTSY,code,L,70004197,FO,2006-01-07T12:10,2006-01-07T13:10,ORY,472931517
IOSPUTSY,code,L,70004202,FO,2006-01-07T13:55,2006-01-07T15:05,MLH,472931517
IOSPUTSY,code,L,70004203,FO,2006-01-07T18:45,2006-01-07T20:30,ORY,472931517
LAXKDMWT,code,L,70004200,CSD,2006-01-07T09:05,2006-01-07T11:15,MLH,472931517
LAXKDMWT,code,L,70004197,CSD,2006-01-07T12:10,2006-01-07T13:10,ORY,472931517
LAXKDMWT,code,L,70004202,CSD,2006-01-07T13:55,2006-01-07T15:05,MLH,472931517
LAXKDMWT,code,L,70004203,CSD,2006-01-07T18:45,2006-01-07T20:30,ORY,472931517
ODNGPANB,code,L,70004200,CSD,2006-01-07T09:05,2006-01-07T11:15,MLH,472931517
ODNGPANB,code,L,70004197,CSD,2006-01-07T12:10,2006-01-07T13:10,ORY,472931517
ODNGPANB,code,L,70004202,CSD,2006-01-07T13:55,2006-01-07T15:05,MLH,472931517
ODNGPANB,code,L,70004203,CSD,2006-01-07T18:45,2006-01-07T20:30,ORY,472931517
HFSOWXTG,code,L,70004200,ST,2006-01-07T09:05,2006-01-07T11:15,MLH,472931517
HFSOWXTG,code,L,70004197,ST,2006-01-07T12:10,2006-01-07T13:10,ORY,472931517
HFSOWXTG,code,L,70004202,ST,2006-01-07T13:55,2006-01-07T15:05,MLH,472931517
HFSOWXTG,code,L,70004203,ST,2006-01-07T18:45,2006-01-07T20:30,ORY,472931517
XQPKVAIN,code,L,70004200,ST,2006-01-07T09:05,2006-01-07T11:15,MLH,472931517
XQPKVAIN,code,L,70004197,ST,2006-01-07T12:10,2006-01-07T13:10,ORY,472931517
XQPKVAIN,code,L,70004202,ST,2006-01-07T13:55,2006-01-07T15:05,MLH,472931517
XQPKVAIN,code,L,70004203,ST,2006-01-07T18:45,2006-01-07T20:30,ORY,472931517
QXNMKSSS,code,L,70004200,ST,2006-01-07T09:05,2006-01-07T11:15,MLH,472931517
QXNMKSSS,code,L,70004197,ST,2006-01-07T12:10,2006-01-07T13:10,ORY,472931517
QXNMKSSS,code,L,70004202,ST,2006-01-07T13:55,2006-01-07T15:05,MLH,472931517
QXNMKSSS,code,L,70004203,ST,2006-01-07T18:45,2006-01-07T20:30,ORY,472931517
UTXTEWGA,code,L,70004200,ST,2006-01-07T09:05,2006-01-07T11:15,MLH,472931517
UTXTEWGA,code,L,70004197,ST,2006-01-07T12:10,2006-01-07T13:10,ORY,472931517
UTXTEWGA,code,L,70004202,ST,2006-01-07T13:55,2006-01-07T15:05,MLH,472931517
UTXTEWGA,code,L,70004203,ST,2006-01-07T18:45,2006-01-07T20:30,ORY,472931517
WPUOOWEG,code,L,70003124,CP,2006-01-07T09:05,2006-01-07T11:15,BOD,1903227280
WPUOOWEG,code,L,70003123,CP,2006-01-07T12:10,2006-01-07T13:15,ORY,1903227280
WPUOOWEG,code,L,70003128,CP,2006-01-07T14:05,2006-01-07T15:15,BOD,1903227280
WPUOOWEG,code,L,70003131,CP,2006-01-07T17:25,2006-01-07T19:15,ORY,1903227280
BPPEAWZS,code,L,70003124,FO,2006-01-07T09:05,2006-01-07T11:15,BOD,1903227280
BPPEAWZS,code,L,70003123,FO,2006-01-07T12:10,2006-01-07T13:15,ORY,1903227280
BPPEAWZS,code,L,70003128,FO,2006-01-07T14:05,2006-01-07T15:15,BOD,1903227280
BPPEAWZS,code,L,70003131,FO,2006-01-07T17:25,2006-01-07T19:15,ORY,1903227280
QCDJDETR,code,L,70003124,CSD,2006-01-07T09:05,2006-01-07T11:15,BOD,1903227280
QCDJDETR,code,L,70003123,CSD,2006-01-07T12:10,2006-01-07T13:15,ORY,1903227280
QCDJDETR,code,L,70003128,CSD,2006-01-07T14:05,2006-01-07T15:15,BOD,1903227280
QCDJDETR,code,L,70003131,CSD,2006-01-07T17:25,2006-01-07T19:15,ORY,1903227280
ZQNMUQQA,code,L,70003124,CSD,2006-01-07T09:05,2006-01-07T11:15,BOD,1903227280
ZQNMUQQA,code,L,70003123,CSD,2006-01-07T12:10,2006-01-07T13:15,ORY,1903227280
ZQNMUQQA,code,L,70003128,CSD,2006-01-07T14:05,2006-01-07T15:15,BOD,1903227280
ZQNMUQQA,code,L,70003131,CSD,2006-01-07T17:25,2006-01-07T19:15,ORY,1903227280
BFSRMJBJ,code,L,70003124,ST,2006-01-07T09:05,2006-01-07T11:15,BOD,1903227280
BFSRMJBJ,code,L,70003123,ST,2006-01-07T12:10,2006-01-07T13:15,ORY,1903227280
BFSRMJBJ,code,L,70003128,ST,2006-01-07T14:05,2006-01-07T15:15,BOD,1903227280
BFSRMJBJ,code,L,70003131,ST,2006-01-07T17:25,2006-01-07T19:15,ORY,1903227280
BAAOTDUV,code,L,70003124,ST,2006-01-07T09:05,2006-01-07T11:15,BOD,1903227280
BAAOTDUV,code,L,70003123,ST,2006-01-07T12:10,2006-01-07T13:15,ORY,1903227280
BAAOTDUV,code,L,70003128,ST,2006-01-07T14:05,2006-01-07T15:15,BOD,1903227280
BAAOTDUV,code,L,70003131,ST,2006-01-07T17:25,2006-01-07T19:15,ORY,1903227280
SPDBPPGR,code,L,70003124,ST,2006-01-07T09:05,2006-01-07T11:15,BOD,1903227280
SPDBPPGR,code,L,70003123,ST,2006-01-07T12:10,2006-01-07T13:15,ORY,1903227280
SPDBPPGR,code,L,70003128,ST,2006-01-07T14:05,2006-01-07T15:15,BOD,1903227280
SPDBPPGR,code,L,70003131,ST,2006-01-07T17:25,2006-01-07T19:15,ORY,1903227280
MUCPYNHT,code,L,70003124,ST,2006-01-07T09:05,2006-01-07T11:15,BOD,1903227280
MUCPYNHT,code,L,70003123,ST,2006-01-07T12:10,2006-01-07T13:15,ORY,1903227280
MUCPYNHT,code,L,70003128,ST,2006-01-07T14:05,2006-01-07T15:15,BOD,1903227280
MUCPYNHT,code,L,70003131,ST,2006-01-07T17:25,2006-01-07T19:15,ORY,1903227280
OSYXGWRC,code,L,70004320,CP,2006-01-07T09:10,2006-01-07T11:30,PUF,607156385
OSYXGWRC,code,L,70004317,CP,2006-01-07T12:05,2006-01-07T13:20,ORY,607156385
OSYXGWRC,code,L,70004322,CP,2006-01-07T14:10,2006-01-07T15:30,PUF,607156385
OSYXGWRC,code,L,70004319,CP,2006-01-07T16:20,2006-01-07T17:35,ORY,607156385
OSYXGWRC,code,L,70004324,CP,2006-01-07T18:30,2006-01-07T19:50,PUF,607156385
OSYXGWRC,code,L,70004321,CP,2006-01-07T20:25,2006-01-07T22:25,ORY,607156385
ISHNTMZS,code,L,70004320,FO,2006-01-07T09:10,2006-01-07T11:30,PUF,607156385
ISHNTMZS,code,L,70004317,FO,2006-01-07T12:05,2006-01-07T13:20,ORY,607156385
ISHNTMZS,code,L,70004322,FO,2006-01-07T14:10,2006-01-07T15:30,PUF,607156385
ISHNTMZS,code,L,70004319,FO,2006-01-07T16:20,2006-01-07T17:35,ORY,607156385
ISHNTMZS,code,L,70004324,FO,2006-01-07T18:30,2006-01-07T19:50,PUF,607156385
ISHNTMZS,code,L,70004321,FO,2006-01-07T20:25,2006-01-07T22:25,ORY,607156385
GEGVRDXG,code,L,70004320,CSD,2006-01-07T09:10,2006-01-07T11:30,PUF,607156385
GEGVRDXG,code,L,70004317,CSD,2006-01-07T12:05,2006-01-07T13:20,ORY,607156385
GEGVRDXG,code,L,70004322,CSD,2006-01-07T14:10,2006-01-07T15:30,PUF,607156385
GEGVRDXG,code,L,70004319,CSD,2006-01-07T16:20,2006-01-07T17:35,ORY,607156385
GEGVRDXG,code,L,70004324,CSD,2006-01-07T18:30,2006-01-07T19:50,PUF,607156385
GEGVRDXG,code,L,70004321,CSD,2006-01-07T20:25,2006-01-07T22:25,ORY,607156385
XBQRDIUF,code,L,70004320,CSD,2006-01-07T09:10,2006-01-07T11:30,PUF,607156385
XBQRDIUF,code,L,70004317,CSD,2006-01-07T12:05,2006-01-07T13:20,ORY,607156385
XBQRDIUF,code,L,70004322,CSD,2006-01-07T14:10,2006-01-07T15:30,PUF,607156385
XBQRDIUF,code,L,70004319,CSD,2006-01-07T16:20,2006-01-07T17:35,ORY,607156385
XBQRDIUF,code,L,70004324,CSD,2006-01-07T18:30,2006-01-07T19:50,PUF,607156385
XBQRDIUF,code,L,70004321,CSD,2006-01-07T20:25,2006-01-07T22:25,ORY,607156385
IPGLUDUM,code,L,70004320,ST,2006-01-07T09:10,2006-01-07T11:30,PUF,607156385
IPGLUDUM,code,L,70004317,ST,2006-01-07T12:05,2006-01-07T13:20,ORY,607156385
IPGLUDUM,code,L,70004322,ST,2006-01-07T14:10,2006-01-07T15:30,PUF,607156385
IPGLUDUM,code,L,70004319,ST,2006-01-07T16:20,2006-01-07T17:35,ORY,607156385
IPGLUDUM,code,L,70004324,ST,2006-01-07T18:30,2006-01-07T19:50,PUF,607156385
IPGLUDUM,code,L,70004321,ST,2006-01-07T20:25,2006-01-07T22:25,ORY,607156385
KWBOBEVM,code,L,70004320,ST,2006-01-07T09:10,2006-01-07T11:30,PUF,607156385
KWBOBEVM,code,L,70004317,ST,2006-01-07T12:05,2006-01-07T13:20,ORY,607156385
KWBOBEVM,code,L,70004322,ST,2006-01-07T14:10,2006-01-07T15:30,PUF,607156385
KWBOBEVM,code,L,70004319,ST,2006-01-07T16:20,2006-01-07T17:35,ORY,607156385
KWBOBEVM,code,L,70004324,ST,2006-01-07T18:30,2006-01-07T19:50,PUF,607156385
KWBOBEVM,code,L,70004321,ST,2006-01-07T20:25,2006-01-07T22:25,ORY,607156385
ZFYLTTEV,code,L,70004320,ST,2006-01-07T09:10,2006-01-07T11:30,PUF,607156385
ZFYLTTEV,code,L,70004317,ST,2006-01-07T12:05,2006-01-07T13:20,ORY,607156385
ZFYLTTEV,code,L,70004322,ST,2006-01-07T14:10,2006-01-07T15:30,PUF,607156385
ZFYLTTEV,code,L,70004319,ST,2006-01-07T16:20,2006-01-07T17:35,ORY,607156385
ZFYLTTEV,code,L,70004324,ST,2006-01-07T18:30,2006-01-07T19:50,PUF,607156385
ZFYLTTEV,code,L,70004321,ST,2006-01-07T20:25,2006-01-07T22:25,ORY,607156385
IPJDLVTI,code,L,70004320,ST,2006-01-07T09:10,2006-01-07T11:30,PUF,607156385
IPJDLVTI,code,L,70004317,ST,2006-01-07T12:05,2006-01-07T13:20,ORY,607156385
IPJDLVTI,code,L,70004322,ST,2006-01-07T14:10,2006-01-07T15:30,PUF,607156385
IPJDLVTI,code,L,70004319,ST,2006-01-07T16:20,2006-01-07T17:35,ORY,607156385
IPJDLVTI,code,L,70004324,ST,2006-01-07T18:30,2006-01-07T19:50,PUF,607156385
IPJDLVTI,code,L,70004321,ST,2006-01-07T20:25,2006-01-07T22:25,ORY,607156385
JYBEHUTM,code,L,70004725,CP,2006-01-07T09:10,2006-01-07T11:25,NTE,1056745520
JYBEHUTM,code,L,70004705,CP,2006-01-07T15:00,2006-01-07T16:05,LYS,1056745520
JYBEHUTM,code,L,70004706,CP,2006-01-07T16:55,2006-01-07T17:55,TLS,1056745520
JYBEHUTM,code,L,70004730,CP,2006-01-07T18:45,2006-01-07T20:45,LYS,1056745520
LKNWCYQZ,code,L,70004725,FO,2006-01-07T09:10,2006-01-07T11:25,NTE,1056745520
LKNWCYQZ,code,L,70004705,FO,2006-01-07T15:00,2006-01-07T16:05,LYS,1056745520
LKNWCYQZ,code,L,70004706,FO,2006-01-07T16:55,2006-01-07T17:55,TLS,1056745520
LKNWCYQZ,code,L,70004730,FO,2006-01-07T18:45,2006-01-07T20:45,LYS,1056745520
UGQVMEQH,code,L,70004725,CSD,2006-01-07T09:10,2006-01-07T11:25,NTE,1056745520
UGQVMEQH,code,L,70004705,CSD,2006-01-07T15:00,2006-01-07T16:05,LYS,1056745520
UGQVMEQH,code,L,70004706,CSD,2006-01-07T16:55,2006-01-07T17:55,TLS,1056745520
UGQVMEQH,code,L,70004730,CSD,2006-01-07T18:45,2006-01-07T20:45,LYS,1056745520
CCEWRWLS,code,L,70004725,CSD,2006-01-07T09:10,2006-01-07T11:25,NTE,1056745520
CCEWRWLS,code,L,70004705,CSD,2006-01-07T15:00,2006-01-07T16:05,LYS,1056745520
CCEWRWLS,code,L,70004706,CSD,2006-01-07T16:55,2006-01-07T17:55,TLS,1056745520
CCEWRWLS,code,L,70004730,CSD,2006-01-07T18:45,2006-01-07T20:45,LYS,1056745520
OXWCENDH,code,L,70004725,ST,2006-01-07T09:10,2006-01-07T11:25,NTE,1056745520
OXWCENDH,code,L,70004705,ST,2006-01-07T15:00,2006-01-07T16:05,LYS,1056745520
OXWCENDH,code,L,70004706,ST,2006-01-07T16:55,2006-01-07T17:55,TLS,1056745520
OXWCENDH,code,L,70004730,ST,2006-01-07T18:45,2006-01-07T20:45,LYS,1056745520
DPFMUASV,code,L,70004725,ST,2006-01-07T09:10,2006-01-07T11:25,NTE,1056745520
DPFMUASV,code,L,70004705,ST,2006-01-07T15:00,2006-01-07T16:05,LYS,1056745520
DPFMUASV,code,L,70004706,ST,2006-01-07T16:55,2006-01-07T17:55,TLS,1056745520
DPFMUASV,code,L,70004730,ST,2006-01-07T18:45,2006-01-07T20:45,LYS,1056745520
MLUQIRLW,code,L,70004725,ST,2006-01-07T09:10,2006-01-07T11:25,NTE,1056745520
MLUQIRLW,code,L,70004705,ST,2006-01-07T15:00,2006-01-07T16:05,LYS,1056745520
MLUQIRLW,code,L,70004706,ST,2006-01-07T16:55,2006-01-07T17:55,TLS,1056745520
MLUQIRLW,code,L,70004730,ST,2006-01-07T18:45,2006-01-07T20:45,LYS,1056745520
BJYJORHS,code,L,70004725,ST,2006-01-07T09:10,2006-01-07T11:25,NTE,1056745520
BJYJORHS,code,L,70004705,ST,2006-01-07T15:00,2006-01-07T16:05,LYS,1056745520
BJYJORHS,code,L,70004706,ST,2006-01-07T16:55,2006-01-07T17:55,TLS,1056745520
BJYJORHS,code,L,70004730,ST,2006-01-07T18:45,2006-01-07T20:45,LYS,1056745520
JCXPCYXC,code,L,70002886,CP,2006-01-07T09:30,2006-01-07T11:50,MRS,669806174
JCXPCYXC,code,L,70002919,CP,2006-01-07T12:35,2006-01-07T13:50,ORY,669806174
JCXPCYXC,code,L,70002896,CP,2006-01-07T14:30,2006-01-07T15:50,MRS,669806174
JCXPCYXC,code,L,70002899,CP,2006-01-07T16:35,2006-01-07T18:35,ORY,669806174
IBAOHPKK,code,L,70002886,FO,2006-01-07T09:30,2006-01-07T11:50,MRS,669806174
IBAOHPKK,code,L,70002919,FO,2006-01-07T12:35,2006-01-07T13:50,ORY,669806174
IBAOHPKK,code,L,70002896,FO,2006-01-07T14:30,2006-01-07T15:50,MRS,669806174
IBAOHPKK,code,L,70002899,FO,2006-01-07T16:35,2006-01-07T18:35,ORY,669806174
FUVLEKXK,code,L,70002886,CSD,2006-01-07T09:30,2006-01-07T11:50,MRS,669806174
FUVLEKXK,code,L,70002919,CSD,2006-01-07T12:35,2006-01-07T13:50,ORY,669806174
FUVLEKXK,code,L,70002896,CSD,2006-01-07T14:30,2006-01-07T15:50,MRS,669806174
FUVLEKXK,code,L,70002899,CSD,2006-01-07T16:35,2006-01-07T18:35,ORY,669806174
MACOESYH,code,L,70002886,CSD,2006-01-07T09:30,2006-01-07T11:50,MRS,669806174
MACOESYH,code,L,70002919,CSD,2006-01-07T12:35,2006-01-07T13:50,ORY,669806174
MACOESYH,code,L,70002896,CSD,2006-01-07T14:30,2006-01-07T15:50,MRS,669806174
MACOESYH,code,L,70002899,CSD,2006-01-07T16:35,2006-01-07T18:35,ORY,669806174
ENSYENZZ,code,L,70002886,ST,2006-01-07T09:30,2006-01-07T11:50,MRS,669806174
ENSYENZZ,code,L,70002919,ST,2006-01-07T12:35,2006-01-07T13:50,ORY,669806174
ENSYENZZ,code,L,70002896,ST,2006-01-07T14:30,2006-01-07T15:50,MRS,669806174
ENSYENZZ,code,L,70002899,ST,2006-01-07T16:35,2006-01-07T18:35,ORY,669806174
CFLJVDVR,code,L,70002886,ST,2006-01-07T09:30,2006-01-07T11:50,MRS,669806174
CFLJVDVR,code,L,70002919,ST,2006-01-07T12:35,2006-01-07T13:50,ORY,669806174
CFLJVDVR,code,L,70002896,ST,2006-01-07T14:30,2006-01-07T15:50,MRS,669806174
CFLJVDVR,code,L,70002899,ST,2006-01-07T16:35,2006-01-07T18:35,ORY,669806174
ZIUGJXNC,code,L,70002886,ST,2006-01-07T09:30,2006-01-07T11:50,MRS,669806174
ZIUGJXNC,code,L,70002919,ST,2006-01-07T12:35,2006-01-07T13:50,ORY,669806174
ZIUGJXNC,code,L,70002896,ST,2006-01-07T14:30,2006-01-07T15:50,MRS,669806174
ZIUGJXNC,code,L,70002899,ST,2006-01-07T16:35,2006-01-07T18:35,ORY,669806174
BFAEHBQW,code,L,70002886,ST,2006-01-07T09:30,2006-01-07T11:50,MRS,669806174
BFAEHBQW,code,L,70002919,ST,2006-01-07T12:35,2006-01-07T13:50,ORY,669806174
BFAEHBQW,code,L,70002896,ST,2006-01-07T14:30,2006-01-07T15:50,MRS,669806174
BFAEHBQW,code,L,70002899,ST,2006-01-07T16:35,2006-01-07T18:35,ORY,669806174
HNJMHWAP,code,L,70004624,CP,2006-01-07T09:30,2006-01-07T11:40,SXB,147048153
HNJMHWAP,code,L,70004627,CP,2006-01-07T13:10,2006-01-07T14:20,CDG,147048153
HNJMHWAP,code,L,70004628,CP,2006-01-07T15:15,2006-01-07T16:25,SXB,147048153
HNJMHWAP,code,L,70004631,CP,2006-01-07T17:45,2006-01-07T19:35,CDG,147048153
JGKTLESS,code,L,70004624,FO,2006-01-07T09:30,2006-01-07T11:40,SXB,147048153
JGKTLESS,code,L,70004627,FO,2006-01-07T13:10,2006-01-07T14:20,CDG,147048153
JGKTLESS,code,L,70004628,FO,2006-01-07T15:15,2006-01-07T16:25,SXB,147048153
JGKTLESS,code,L,70004631,FO,2006-01-07T17:45,2006-01-07T19:35,CDG,147048153
USPKRFJD,code,L,70004624,CSD,2006-01-07T09:30,2006-01-07T11:40,SXB,147048153
USPKRFJD,code,L,70004627,CSD,2006-01-07T13:10,2006-01-07T14:20,CDG,147048153
USPKRFJD,code,L,70004628,CSD,2006-01-07T15:15,2006-01-07T16:25,SXB,147048153
USPKRFJD,code,L,70004631,CSD,2006-01-07T17:45,2006-01-07T19:35,CDG,147048153
JHXNAMIT,code,L,70004624,ST,2006-01-07T09:30,2006-01-07T11:40,SXB,147048153
JHXNAMIT,code,L,70004627,ST,2006-01-07T13:10,2006-01-07T14:20,CDG,147048153
JHXNAMIT,code,L,70004628,ST,2006-01-07T15:15,2006-01-07T16:25,SXB,147048153
JHXNAMIT,code,L,70004631,ST,2006-01-07T17:45,2006-01-07T19:35,CDG,147048153
NDPSVVPN,code,L,70004624,ST,2006-01-07T09:30,2006-01-07T11:40,SXB,147048153
NDPSVVPN,code,L,70004627,ST,2006-01-07T13:10,2006-01-07T14:20,CDG,147048153
NDPSVVPN,code,L,70004628,ST,2006-01-07T15:15,2006-01-07T16:25,SXB,147048153
NDPSVVPN,code,L,70004631,ST,2006-01-07T17:45,2006-01-07T19:35,CDG,147048153
ONHJYMPZ,code,L,70004624,ST,2006-01-07T09:30,2006-01-07T11:40,SXB,147048153
ONHJYMPZ,code,L,70004627,ST,2006-01-07T13:10,2006-01-07T14:20,CDG,147048153
ONHJYMPZ,code,L,70004628,ST,2006-01-07T15:15,2006-01-07T16:25,SXB,147048153
ONHJYMPZ,code,L,70004631,ST,2006-01-07T17:45,2006-01-07T19:35,CDG,147048153
AXSUMMEI,code,L,70003097,CP,2006-01-07T09:35,2006-01-07T11:55,ORY,1501726364
AXSUMMEI,code,L,70003086,CP,2006-01-07T12:35,2006-01-07T14:00,NCE,1501726364
AXSUMMEI,code,L,70003127,CP,2006-01-07T15:10,2006-01-07T16:15,ORY,1501726364
AXSUMMEI,code,L,70003134,CP,2006-01-07T17:05,2006-01-07T19:00,BOD,1501726364
HYNEJVUQ,code,L,70003097,FO,2006-01-07T09:35,2006-01-07T11:55,ORY,1501726364
HYNEJVUQ,code,L,70003086,FO,2006-01-07T12:35,2006-01-07T14:00,NCE,1501726364
HYNEJVUQ,code,L,70003127,FO,2006-01-07T15:10,2006-01-07T16:15,ORY,1501726364
HYNEJVUQ,code,L,70003134,FO,2006-01-07T17:05,2006-01-07T19:00,BOD,1501726364
QFFPURQA,code,L,70003097,CSD,2006-01-07T09:35,2006-01-07T11:55,ORY,1501726364
QFFPURQA,code,L,70003086,CSD,2006-01-07T12:35,2006-01-07T14:00,NCE,1501726364
QFFPURQA,code,L,70003127,CSD,2006-01-07T15:10,2006-01-07T16:15,ORY,1501726364
QFFPURQA,code,L,70003134,CSD,2006-01-07T17:05,2006-01-07T19:00,BOD,1501726364
XSBGROXM,code,L,70003097,CSD,2006-01-07T09:35,2006-01-07T11:55,ORY,1501726364
XSBGROXM,code,L,70003086,CSD,2006-01-07T12:35,2006-01-07T14:00,NCE,1501726364
XSBGROXM,code,L,70003127,CSD,2006-01-07T15:10,2006-01-07T16:15,ORY,1501726364
XSBGROXM,code,L,70003134,CSD,2006-01-07T17:05,2006-01-07T19:00,BOD,1501726364
PYVJHGLH,code,L,70003097,ST,2006-01-07T09:35,2006-01-07T11:55,ORY,1501726364
PYVJHGLH,code,L,70003086,ST,2006-01-07T12:35,2006-01-07T14:00,NCE,1501726364
PYVJHGLH,code,L,70003127,ST,2006-01-07T15:10,2006-01-07T16:15,ORY,1501726364
PYVJHGLH,code,L,70003134,ST,2006-01-07T17:05,2006-01-07T19:00,BOD,1501726364
DRNJODVN,code,L,70003097,ST,2006-01-07T09:35,2006-01-07T11:55,ORY,1501726364
DRNJODVN,code,L,70003086,ST,2006-01-07T12:35,2006-01-07T14:00,NCE,1501726364
DRNJODVN,code,L,70003127,ST,2006-01-07T15:10,2006-01-07T16:15,ORY,1501726364
DRNJODVN,code,L,70003134,ST,2006-01-07T17:05,2006-01-07T19:00,BOD,1501726364
FVOGLRED,code,L,70003097,ST,2006-01-07T09:35,2006-01-07T11:55,ORY,1501726364
FVOGLRED,code,L,70003086,ST,2006-01-07T12:35,2006-01-07T14:00,NCE,1501726364
FVOGLRED,code,L,70003127,ST,2006-01-07T15:10,2006-01-07T16:15,ORY,1501726364
FVOGLRED,code,L,70003134,ST,2006-01-07T17:05,2006-01-07T19:00,BOD,1501726364
PLFKPTEJ,code,L,70003097,ST,2006-01-07T09:35,2006-01-07T11:55,ORY,1501726364
PLFKPTEJ,code,L,70003086,ST,2006-01-07T12:35,2006-01-07T14:00,NCE,1501726364
PLFKPTEJ,code,L,70003127,ST,2006-01-07T15:10,2006-01-07T16:15,ORY,1501726364
PLFKPTEJ,code,L,70003134,ST,2006-01-07T17:05,2006-01-07T19:00,BOD,1501726364
EMALGACH,code,L,70002982,CP,2006-01-07T09:40,2006-01-07T12:00,TLS,259488708
EMALGACH,code,L,70002985,CP,2006-01-07T12:50,2006-01-07T14:00,ORY,259488708
EMALGACH,code,L,70002992,CP,2006-01-07T14:40,2006-01-07T16:00,TLS,259488708
EMALGACH,code,L,70002999,CP,2006-01-07T16:50,2006-01-07T18:45,ORY,259488708
BEZYWJNQ,code,L,70002982,FO,2006-01-07T09:40,2006-01-07T12:00,TLS,259488708
BEZYWJNQ,code,L,70002985,FO,2006-01-07T12:50,2006-01-07T14:00,ORY,259488708
BEZYWJNQ,code,L,70002992,FO,2006-01-07T14:40,2006-01-07T16:00,TLS,259488708
BEZYWJNQ,code,L,70002999,FO,2006-01-07T16:50,2006-01-07T18:45,ORY,259488708
KADQJQDD,code,L,70002982,CSD,2006-01-07T09:40,2006-01-07T12:00,TLS,259488708
KADQJQDD,code,L,70002985,CSD,2006-01-07T12:50,2006-01-07T14:00,ORY,259488708
KADQJQDD,code,L,70002992,CSD,2006-01-07T14:40,2006-01-07T16:00,TLS,259488708
KADQJQDD,code,L,70002999,CSD,2006-01-07T16:50,2006-01-07T18:45,ORY,259488708
EFRRHLYY,code,L,70002982,CSD,2006-01-07T09:40,2006-01-07T12:00,TLS,259488708
EFRRHLYY,code,L,70002985,CSD,2006-01-07T12:50,2006-01-07T14:00,ORY,259488708
EFRRHLYY,code,L,70002992,CSD,2006-01-07T14:40,2006-01-07T16:00,TLS,259488708
EFRRHLYY,code,L,70002999,CSD,2006-01-07T16:50,2006-01-07T18:45,ORY,259488708
KRXUVKEN,code,L,70002982,ST,2006-01-07T09:40,2006-01-07T12:00,TLS,259488708
KRXUVKEN,code,L,70002985,ST,2006-01-07T12:50,2006-01-07T14:00,ORY,259488708
KRXUVKEN,code,L,70002992,ST,2006-01-07T14:40,2006-01-07T16:00,TLS,259488708
KRXUVKEN,code,L,70002999,ST,2006-01-07T16:50,2006-01-07T18:45,ORY,259488708
LBTAAPCA,code,L,70002982,ST,2006-01-07T09:40,2006-01-07T12:00,TLS,259488708
LBTAAPCA,code,L,70002985,ST,2006-01-07T12:50,2006-01-07T14:00,ORY,259488708
LBTAAPCA,code,L,70002992,ST,2006-01-07T14:40,2006-01-07T16:00,TLS,259488708
LBTAAPCA,code,L,70002999,ST,2006-01-07T16:50,2006-01-07T18:45,ORY,259488708
ECIMZANL,code,L,70002982,ST,2006-01-07T09:40,2006-01-07T12:00,TLS,259488708
ECIMZANL,code,L,70002985,ST,2006-01-07T12:50,2006-01-07T14:00,ORY,259488708
ECIMZANL,code,L,70002992,ST,2006-01-07T14:40,2006-01-07T16:00,TLS,259488708
ECIMZANL,code,L,70002999,ST,2006-01-07T16:50,2006-01-07T18:45,ORY,259488708
VWYNAZTW,code,L,70002982,ST,2006-01-07T09:40,2006-01-07T12:00,TLS,259488708
VWYNAZTW,code,L,70002985,ST,2006-01-07T12:50,2006-01-07T14:00,ORY,259488708
VWYNAZTW,code,L,70002992,ST,2006-01-07T14:40,2006-01-07T16:00,TLS,259488708
VWYNAZTW,code,L,70002999,ST,2006-01-07T16:50,2006-01-07T18:45,ORY,259488708
GVJETOXM,code,L,70002981,CP,2006-01-07T09:50,2006-01-07T12:00,ORY,1372239857
GVJETOXM,code,L,70002986,CP,2006-01-07T12:40,2006-01-07T14:00,TLS,1372239857
GVJETOXM,code,L,70002991,CP,2006-01-07T14:50,2006-01-07T16:00,ORY,1372239857
GVJETOXM,code,L,70003000,CP,2006-01-07T16:40,2006-01-07T18:45,TLS,1372239857
EYVAHHPY,code,L,70002981,FO,2006-01-07T09:50,2006-01-07T12:00,ORY,1372239857
EYVAHHPY,code,L,70002986,FO,2006-01-07T12:40,2006-01-07T14:00,TLS,1372239857
EYVAHHPY,code,L,70002991,FO,2006-01-07T14:50,2006-01-07T16:00,ORY,1372239857
EYVAHHPY,code,L,70003000,FO,2006-01-07T16:40,2006-01-07T18:45,TLS,1372239857
DETGWVII,code,L,70002981,CSD,2006-01-07T09:50,2006-01-07T12:00,ORY,1372239857
DETGWVII,code,L,70002986,CSD,2006-01-07T12:40,2006-01-07T14:00,TLS,1372239857
DETGWVII,code,L,70002991,CSD,2006-01-07T14:50,2006-01-07T16:00,ORY,1372239857
DETGWVII,code,L,70003000,CSD,2006-01-07T16:40,2006-01-07T18:45,TLS,1372239857
FWZXWAOZ,code,L,70002981,CSD,2006-01-07T09:50,2006-01-07T12:00,ORY,1372239857
FWZXWAOZ,code,L,70002986,CSD,2006-01-07T12:40,2006-01-07T14:00,TLS,1372239857
FWZXWAOZ,code,L,70002991,CSD,2006-01-07T14:50,2006-01-07T16:00,ORY,1372239857
FWZXWAOZ,code,L,70003000,CSD,2006-01-07T16:40,2006-01-07T18:45,TLS,1372239857
CYRBLZLZ,code,L,70002981,ST,2006-01-07T09:50,2006-01-07T12:00,ORY,1372239857
CYRBLZLZ,code,L,70002986,ST,2006-01-07T12:40,2006-01-07T14:00,TLS,1372239857
CYRBLZLZ,code,L,70002991,ST,2006-01-07T14:50,2006-01-07T16:00,ORY,1372239857
CYRBLZLZ,code,L,70003000,ST,2006-01-07T16:40,2006-01-07T18:45,TLS,1372239857
ONLONLAF,code,L,70002981,ST,2006-01-07T09:50,2006-01-07T12:00,ORY,1372239857
ONLONLAF,code,L,70002986,ST,2006-01-07T12:40,2006-01-07T14:00,TLS,1372239857
ONLONLAF,code,L,70002991,ST,2006-01-07T14:50,2006-01-07T16:00,ORY,1372239857
ONLONLAF,code,L,70003000,ST,2006-01-07T16:40,2006-01-07T18:45,TLS,1372239857
QTIXUPCS,code,L,70002981,ST,2006-01-07T09:50,2006-01-07T12:00,ORY,1372239857
QTIXUPCS,code,L,70002986,ST,2006-01-07T12:40,2006-01-07T14:00,TLS,1372239857
QTIXUPCS,code,L,70002991,ST,2006-01-07T14:50,2006-01-07T16:00,ORY,1372239857
QTIXUPCS,code,L,70003000,ST,2006-01-07T16:40,2006-01-07T18:45,TLS,1372239857
STHXPUAG,code,L,70002981,ST,2006-01-07T09:50,2006-01-07T12:00,ORY,1372239857
STHXPUAG,code,L,70002986,ST,2006-01-07T12:40,2006-01-07T14:00,TLS,1372239857
STHXPUAG,code,L,70002991,ST,2006-01-07T14:50,2006-01-07T16:00,ORY,1372239857
STHXPUAG,code,L,70003000,ST,2006-01-07T16:40,2006-01-07T18:45,TLS,1372239857
MTXGTIBQ,code,L,70004516,CP,2006-01-07T09:55,2006-01-07T12:05,LYS,830250430
MTXGTIBQ,code,L,70004509,CP,2006-01-07T13:10,2006-01-07T14:20,CDG,830250430
MTXGTIBQ,code,L,70004510,CP,2006-01-07T16:15,2006-01-07T17:25,LYS,830250430
MTXGTIBQ,code,L,70004513,CP,2006-01-07T20:30,2006-01-07T22:25,CDG,830250430
FCODXKRM,code,L,70004516,FO,2006-01-07T09:55,2006-01-07T12:05,LYS,830250430
FCODXKRM,code,L,70004509,FO,2006-01-07T13:10,2006-01-07T14:20,CDG,830250430
FCODXKRM,code,L,70004510,FO,2006-01-07T16:15,2006-01-07T17:25,LYS,830250430
FCODXKRM,code,L,70004513,FO,2006-01-07T20:30,2006-01-07T22:25,CDG,830250430
YZZSNYLX,code,L,70004516,CSD,2006-01-07T09:55,2006-01-07T12:05,LYS,830250430
YZZSNYLX,code,L,70004509,CSD,2006-01-07T13:10,2006-01-07T14:20,CDG,830250430
YZZSNYLX,code,L,70004510,CSD,2006-01-07T16:15,2006-01-07T17:25,LYS,830250430
YZZSNYLX,code,L,70004513,CSD,2006-01-07T20:30,2006-01-07T22:25,CDG,830250430
WFUTUWEI,code,L,70004516,CSD,2006-01-07T09:55,2006-01-07T12:05,LYS,830250430
WFUTUWEI,code,L,70004509,CSD,2006-01-07T13:10,2006-01-07T14:20,CDG,830250430
WFUTUWEI,code,L,70004510,CSD,2006-01-07T16:15,2006-01-07T17:25,LYS,830250430
WFUTUWEI,code,L,70004513,CSD,2006-01-07T20:30,2006-01-07T22:25,CDG,830250430
ZYLVYHJG,code,L,70004516,ST,2006-01-07T09:55,2006-01-07T12:05,LYS,830250430
ZYLVYHJG,code,L,70004509,ST,2006-01-07T13:10,2006-01-07T14:20,CDG,830250430
ZYLVYHJG,code,L,70004510,ST,2006-01-07T16:15,2006-01-07T17:25,LYS,830250430
ZYLVYHJG,code,L,70004513,ST,2006-01-07T20:30,2006-01-07T22:25,CDG,830250430
IXCTYHEU,code,L,70004516,ST,2006-01-07T09:55,2006-01-07T12:05,LYS,830250430
IXCTYHEU,code,L,70004509,ST,2006-01-07T13:10,2006-01-07T14:20,CDG,830250430
IXCTYHEU,code,L,70004510,ST,2006-01-07T16:15,2006-01-07T17:25,LYS,830250430
IXCTYHEU,code,L,70004513,ST,2006-01-07T20:30,2006-01-07T22:25,CDG,830250430
AONMEJZW,code,L,70004516,ST,2006-01-07T09:55,2006-01-07T12:05,LYS,830250430
AONMEJZW,code,L,70004509,ST,2006-01-07T13:10,2006-01-07T14:20,CDG,830250430
AONMEJZW,code,L,70004510,ST,2006-01-07T16:15,2006-01-07T17:25,LYS,830250430
AONMEJZW,code,L,70004513,ST,2006-01-07T20:30,2006-01-07T22:25,CDG,830250430
YDEVMAOQ,code,L,70004516,ST,2006-01-07T09:55,2006-01-07T12:05,LYS,830250430
YDEVMAOQ,code,L,70004509,ST,2006-01-07T13:10,2006-01-07T14:20,CDG,830250430
YDEVMAOQ,code,L,70004510,ST,2006-01-07T16:15,2006-01-07T17:25,LYS,830250430
YDEVMAOQ,code,L,70004513,ST,2006-01-07T20:30,2006-01-07T22:25,CDG,830250430
WZQVGZIH,code,L,70003075,CP,2006-01-07T10:00,2006-01-07T12:20,ORY,217468053
WZQVGZIH,code,L,70003080,CP,2006-01-07T13:05,2006-01-07T14:30,NCE,217468053
WZQVGZIH,code,L,70003083,CP,2006-01-07T15:00,2006-01-07T16:20,ORY,217468053
WZQVGZIH,code,L,70003090,CP,2006-01-07T17:05,2006-01-07T19:15,NCE,217468053
ZFLXRYOS,code,L,70003075,FO,2006-01-07T10:00,2006-01-07T12:20,ORY,217468053
ZFLXRYOS,code,L,70003080,FO,2006-01-07T13:05,2006-01-07T14:30,NCE,217468053
ZFLXRYOS,code,L,70003083,FO,2006-01-07T15:00,2006-01-07T16:20,ORY,217468053
ZFLXRYOS,code,L,70003090,FO,2006-01-07T17:05,2006-01-07T19:15,NCE,217468053
SOROOIYX,code,L,70003075,CSD,2006-01-07T10:00,2006-01-07T12:20,ORY,217468053
SOROOIYX,code,L,70003080,CSD,2006-01-07T13:05,2006-01-07T14:30,NCE,217468053
SOROOIYX,code,L,70003083,CSD,2006-01-07T15:00,2006-01-07T16:20,ORY,217468053
SOROOIYX,code,L,70003090,CSD,2006-01-07T17:05,2006-01-07T19:15,NCE,217468053
IFXTFDJB,code,L,70003075,CSD,2006-01-07T10:00,2006-01-07T12:20,ORY,217468053
IFXTFDJB,code,L,70003080,CSD,2006-01-07T13:05,2006-01-07T14:30,NCE,217468053
IFXTFDJB,code,L,70003083,CSD,2006-01-07T15:00,2006-01-07T16:20,ORY,217468053
IFXTFDJB,code,L,70003090,CSD,2006-01-07T17:05,2006-01-07T19:15,NCE,217468053
TUWNJNMY,code,L,70003075,ST,2006-01-07T10:00,2006-01-07T12:20,ORY,217468053
TUWNJNMY,code,L,70003080,ST,2006-01-07T13:05,2006-01-07T14:30,NCE,217468053
TUWNJNMY,code,L,70003083,ST,2006-01-07T15:00,2006-01-07T16:20,ORY,217468053
TUWNJNMY,code,L,70003090,ST,2006-01-07T17:05,2006-01-07T19:15,NCE,217468053
FESPIJHK,code,L,70003075,ST,2006-01-07T10:00,2006-01-07T12:20,ORY,217468053
FESPIJHK,code,L,70003080,ST,2006-01-07T13:05,2006-01-07T14:30,NCE,217468053
FESPIJHK,code,L,70003083,ST,2006-01-07T15:00,2006-01-07T16:20,ORY,217468053
FESPIJHK,code,L,70003090,ST,2006-01-07T17:05,2006-01-07T19:15,NCE,217468053
GGXSBOIB,code,L,70003075,ST,2006-01-07T10:00,2006-01-07T12:20,ORY,217468053
GGXSBOIB,code,L,70003080,ST,2006-01-07T13:05,2006-01-07T14:30,NCE,217468053
GGXSBOIB,code,L,70003083,ST,2006-01-07T15:00,2006-01-07T16:20,ORY,217468053
GGXSBOIB,code,L,70003090,ST,2006-01-07T17:05,2006-01-07T19:15,NCE,217468053
ARCTZFPC,code,L,70003075,ST,2006-01-07T10:00,2006-01-07T12:20,ORY,217468053
ARCTZFPC,code,L,70003080,ST,2006-01-07T13:05,2006-01-07T14:30,NCE,217468053
ARCTZFPC,code,L,70003083,ST,2006-01-07T15:00,2006-01-07T16:20,ORY,217468053
ARCTZFPC,code,L,70003090,ST,2006-01-07T17:05,2006-01-07T19:15,NCE,217468053
INQAISLO,code,L,70001378,CP,2006-01-07T10:00,2006-01-07T12:35,BIA,759101347
INQAISLO,code,L,70001375,CP,2006-01-07T13:25,2006-01-07T15:00,ORY,759101347
INQAISLO,code,L,70001380,CP,2006-01-07T15:50,2006-01-07T17:25,BIA,759101347
INQAISLO,code,L,70001377,CP,2006-01-07T19:00,2006-01-07T21:20,ORY,759101347
WCLDZMER,code,L,70001378,FO,2006-01-07T10:00,2006-01-07T12:35,BIA,759101347
WCLDZMER,code,L,70001375,FO,2006-01-07T13:25,2006-01-07T15:00,ORY,759101347
WCLDZMER,code,L,70001380,FO,2006-01-07T15:50,2006-01-07T17:25,BIA,759101347
WCLDZMER,code,L,70001377,FO,2006-01-07T19:00,2006-01-07T21:20,ORY,759101347
WNQLQZDM,code,L,70001378,CSD,2006-01-07T10:00,2006-01-07T12:35,BIA,759101347
WNQLQZDM,code,L,70001375,CSD,2006-01-07T13:25,2006-01-07T15:00,ORY,759101347
WNQLQZDM,code,L,70001380,CSD,2006-01-07T15:50,2006-01-07T17:25,BIA,759101347
WNQLQZDM,code,L,70001377,CSD,2006-01-07T19:00,2006-01-07T21:20,ORY,759101347
DJCQYQEV,code,L,70001378,CSD,2006-01-07T10:00,2006-01-07T12:35,BIA,759101347
DJCQYQEV,code,L,70001375,CSD,2006-01-07T13:25,2006-01-07T15:00,ORY,759101347
DJCQYQEV,code,L,70001380,CSD,2006-01-07T15:50,2006-01-07T17:25,BIA,759101347
DJCQYQEV,code,L,70001377,CSD,2006-01-07T19:00,2006-01-07T21:20,ORY,759101347
ZZFPSFLS,code,L,70001378,ST,2006-01-07T10:00,2006-01-07T12:35,BIA,759101347
ZZFPSFLS,code,L,70001375,ST,2006-01-07T13:25,2006-01-07T15:00,ORY,759101347
ZZFPSFLS,code,L,70001380,ST,2006-01-07T15:50,2006-01-07T17:25,BIA,759101347
ZZFPSFLS,code,L,70001377,ST,2006-01-07T19:00,2006-01-07T21:20,ORY,759101347
XRGBGGTJ,code,L,70001378,ST,2006-01-07T10:00,2006-01-07T12:35,BIA,759101347
XRGBGGTJ,code,L,70001375,ST,2006-01-07T13:25,2006-01-07T15:00,ORY,759101347
XRGBGGTJ,code,L,70001380,ST,2006-01-07T15:50,2006-01-07T17:25,BIA,759101347
XRGBGGTJ,code,L,70001377,ST,2006-01-07T19:00,2006-01-07T21:20,ORY,759101347
WVKDDUVX,code,L,70001378,ST,2006-01-07T10:00,2006-01-07T12:35,BIA,759101347
WVKDDUVX,code,L,70001375,ST,2006-01-07T13:25,2006-01-07T15:00,ORY,759101347
WVKDDUVX,code,L,70001380,ST,2006-01-07T15:50,2006-01-07T17:25,BIA,759101347
WVKDDUVX,code,L,70001377,ST,2006-01-07T19:00,2006-01-07T21:20,ORY,759101347
PWIOYERS,code,L,70001378,ST,2006-01-07T10:00,2006-01-07T12:35,BIA,759101347
PWIOYERS,code,L,70001375,ST,2006-01-07T13:25,2006-01-07T15:00,ORY,759101347
PWIOYERS,code,L,70001380,ST,2006-01-07T15:50,2006-01-07T17:25,BIA,759101347
PWIOYERS,code,L,70001377,ST,2006-01-07T19:00,2006-01-07T21:20,ORY,759101347
LJKANZBC,code,L,70005125,CP,2006-01-07T10:00,2006-01-07T13:10,TLS,683093156
LJKANZBC,code,L,70005126,CP,2006-01-07T14:30,2006-01-07T16:25,AMS,683093156
LJKANZBC,code,L,70005127,CP,2006-01-07T17:05,2006-01-07T19:15,TLS,683093156
LJKANZBC,code,L,70005128,CP,2006-01-07T20:05,2006-01-07T22:45,AMS,683093156
UVVJSUNA,code,L,70005125,FO,2006-01-07T10:00,2006-01-07T13:10,TLS,683093156
UVVJSUNA,code,L,70005126,FO,2006-01-07T14:30,2006-01-07T16:25,AMS,683093156
UVVJSUNA,code,L,70005127,FO,2006-01-07T17:05,2006-01-07T19:15,TLS,683093156
UVVJSUNA,code,L,70005128,FO,2006-01-07T20:05,2006-01-07T22:45,AMS,683093156
LXXEFHNP,code,L,70005125,CS,2006-01-07T10:00,2006-01-07T13:10,TLS,683093156
LXXEFHNP,code,L,70005126,CS,2006-01-07T14:30,2006-01-07T16:25,AMS,683093156
LXXEFHNP,code,L,70005127,CS,2006-01-07T17:05,2006-01-07T19:15,TLS,683093156
LXXEFHNP,code,L,70005128,CS,2006-01-07T20:05,2006-01-07T22:45,AMS,683093156
EEEJCURX,code,L,70005125,ST,2006-01-07T10:00,2006-01-07T13:10,TLS,683093156
EEEJCURX,code,L,70005126,ST,2006-01-07T14:30,2006-01-07T16:25,AMS,683093156
EEEJCURX,code,L,70005127,ST,2006-01-07T17:05,2006-01-07T19:15,TLS,683093156
EEEJCURX,code,L,70005128,ST,2006-01-07T20:05,2006-01-07T22:45,AMS,683093156
MMKDMBWZ,code,L,70005125,ST,2006-01-07T10:00,2006-01-07T13:10,TLS,683093156
MMKDMBWZ,code,L,70005126,ST,2006-01-07T14:30,2006-01-07T16:25,AMS,683093156
MMKDMBWZ,code,L,70005127,ST,2006-01-07T17:05,2006-01-07T19:15,TLS,683093156
MMKDMBWZ,code,L,70005128,ST,2006-01-07T20:05,2006-01-07T22:45,AMS,683093156
BXXXSCNV,code,L,70005165,CP,2006-01-07T10:25,2006-01-07T13:15,BOD,1827753950
BXXXSCNV,code,L,70005093,CP,2006-01-07T14:00,2006-01-07T15:30,AMS,1827753950
BXXXSCNV,code,L,70005094,CP,2006-01-07T16:40,2006-01-07T18:15,CFE,1827753950
BXXXSCNV,code,L,70005166,CP,2006-01-07T19:00,2006-01-07T21:35,AMS,1827753950
OFWMSJOS,code,L,70005165,FO,2006-01-07T10:25,2006-01-07T13:15,BOD,1827753950
OFWMSJOS,code,L,70005093,FO,2006-01-07T14:00,2006-01-07T15:30,AMS,1827753950
OFWMSJOS,code,L,70005094,FO,2006-01-07T16:40,2006-01-07T18:15,CFE,1827753950
OFWMSJOS,code,L,70005166,FO,2006-01-07T19:00,2006-01-07T21:35,AMS,1827753950
LQKGOTDF,code,L,70005165,CS,2006-01-07T10:25,2006-01-07T13:15,BOD,1827753950
LQKGOTDF,code,L,70005093,CS,2006-01-07T14:00,2006-01-07T15:30,AMS,1827753950
LQKGOTDF,code,L,70005094,CS,2006-01-07T16:40,2006-01-07T18:15,CFE,1827753950
LQKGOTDF,code,L,70005166,CS,2006-01-07T19:00,2006-01-07T21:35,AMS,1827753950
FURRQVXE,code,L,70005165,ST,2006-01-07T10:25,2006-01-07T13:15,BOD,1827753950
FURRQVXE,code,L,70005093,ST,2006-01-07T14:00,2006-01-07T15:30,AMS,1827753950
FURRQVXE,code,L,70005094,ST,2006-01-07T16:40,2006-01-07T18:15,CFE,1827753950
FURRQVXE,code,L,70005166,ST,2006-01-07T19:00,2006-01-07T21:35,AMS,1827753950
ILCLJUER,code,L,70005165,ST,2006-01-07T10:25,2006-01-07T13:15,BOD,1827753950
ILCLJUER,code,L,70005093,ST,2006-01-07T14:00,2006-01-07T15:30,AMS,1827753950
ILCLJUER,code,L,70005094,ST,2006-01-07T16:40,2006-01-07T18:15,CFE,1827753950
ILCLJUER,code,L,70005166,ST,2006-01-07T19:00,2006-01-07T21:35,AMS,1827753950
ZGKPJRRE,code,L,70003111,CP,2006-01-07T10:30,2006-01-07T12:50,ORY,200550235
ZGKPJRRE,code,L,70003112,CP,2006-01-07T13:35,2006-01-07T15:00,NCE,200550235
ZGKPJRRE,code,L,70004365,CP,2006-01-07T15:35,2006-01-07T16:55,ORY,200550235
ZGKPJRRE,code,L,70004368,CP,2006-01-07T17:35,2006-01-07T19:45,TLN,200550235
SDTRRDKC,code,L,70003111,FO,2006-01-07T10:30,2006-01-07T12:50,ORY,200550235
SDTRRDKC,code,L,70003112,FO,2006-01-07T13:35,2006-01-07T15:00,NCE,200550235
SDTRRDKC,code,L,70004365,FO,2006-01-07T15:35,2006-01-07T16:55,ORY,200550235
SDTRRDKC,code,L,70004368,FO,2006-01-07T17:35,2006-01-07T19:45,TLN,200550235
JPGZVXOK,code,L,70003111,CSD,2006-01-07T10:30,2006-01-07T12:50,ORY,200550235
JPGZVXOK,code,L,70003112,CSD,2006-01-07T13:35,2006-01-07T15:00,NCE,200550235
JPGZVXOK,code,L,70004365,CSD,2006-01-07T15:35,2006-01-07T16:55,ORY,200550235
JPGZVXOK,code,L,70004368,CSD,2006-01-07T17:35,2006-01-07T19:45,TLN,200550235
TVKIPXMZ,code,L,70003111,CSD,2006-01-07T10:30,2006-01-07T12:50,ORY,200550235
TVKIPXMZ,code,L,70003112,CSD,2006-01-07T13:35,2006-01-07T15:00,NCE,200550235
TVKIPXMZ,code,L,70004365,CSD,2006-01-07T15:35,2006-01-07T16:55,ORY,200550235
TVKIPXMZ,code,L,70004368,CSD,2006-01-07T17:35,2006-01-07T19:45,TLN,200550235
UVCEFGGH,code,L,70003111,ST,2006-01-07T10:30,2006-01-07T12:50,ORY,200550235
UVCEFGGH,code,L,70003112,ST,2006-01-07T13:35,2006-01-07T15:00,NCE,200550235
UVCEFGGH,code,L,70004365,ST,2006-01-07T15:35,2006-01-07T16:55,ORY,200550235
UVCEFGGH,code,L,70004368,ST,2006-01-07T17:35,2006-01-07T19:45,TLN,200550235
PMUJDHBV,code,L,70003111,ST,2006-01-07T10:30,2006-01-07T12:50,ORY,200550235
PMUJDHBV,code,L,70003112,ST,2006-01-07T13:35,2006-01-07T15:00,NCE,200550235
PMUJDHBV,code,L,70004365,ST,2006-01-07T15:35,2006-01-07T16:55,ORY,200550235
PMUJDHBV,code,L,70004368,ST,2006-01-07T17:35,2006-01-07T19:45,TLN,200550235
HJIDUCDB,code,L,70003111,ST,2006-01-07T10:30,2006-01-07T12:50,ORY,200550235
HJIDUCDB,code,L,70003112,ST,2006-01-07T13:35,2006-01-07T15:00,NCE,200550235
HJIDUCDB,code,L,70004365,ST,2006-01-07T15:35,2006-01-07T16:55,ORY,200550235
HJIDUCDB,code,L,70004368,ST,2006-01-07T17:35,2006-01-07T19:45,TLN,200550235
XCEVROLJ,code,L,70003111,ST,2006-01-07T10:30,2006-01-07T12:50,ORY,200550235
XCEVROLJ,code,L,70003112,ST,2006-01-07T13:35,2006-01-07T15:00,NCE,200550235
XCEVROLJ,code,L,70004365,ST,2006-01-07T15:35,2006-01-07T16:55,ORY,200550235
XCEVROLJ,code,L,70004368,ST,2006-01-07T17:35,2006-01-07T19:45,TLN,200550235
FYWURTOO,code,L,70002888,CP,2006-01-07T10:30,2006-01-07T12:50,MRS,2052955920
FYWURTOO,code,L,70002889,CP,2006-01-07T13:35,2006-01-07T14:50,ORY,2052955920
FYWURTOO,code,L,70002900,CP,2006-01-07T15:30,2006-01-07T16:50,MRS,2052955920
FYWURTOO,code,L,70002903,CP,2006-01-07T17:35,2006-01-07T19:35,ORY,2052955920
SSCWGYPN,code,L,70002888,FO,2006-01-07T10:30,2006-01-07T12:50,MRS,2052955920
SSCWGYPN,code,L,70002889,FO,2006-01-07T13:35,2006-01-07T14:50,ORY,2052955920
SSCWGYPN,code,L,70002900,FO,2006-01-07T15:30,2006-01-07T16:50,MRS,2052955920
SSCWGYPN,code,L,70002903,FO,2006-01-07T17:35,2006-01-07T19:35,ORY,2052955920
KJQXRWZZ,code,L,70002888,CSD,2006-01-07T10:30,2006-01-07T12:50,MRS,2052955920
KJQXRWZZ,code,L,70002889,CSD,2006-01-07T13:35,2006-01-07T14:50,ORY,2052955920
KJQXRWZZ,code,L,70002900,CSD,2006-01-07T15:30,2006-01-07T16:50,MRS,2052955920
KJQXRWZZ,code,L,70002903,CSD,2006-01-07T17:35,2006-01-07T19:35,ORY,2052955920
TKMUCPVQ,code,L,70002888,CSD,2006-01-07T10:30,2006-01-07T12:50,MRS,2052955920
TKMUCPVQ,code,L,70002889,CSD,2006-01-07T13:35,2006-01-07T14:50,ORY,2052955920
TKMUCPVQ,code,L,70002900,CSD,2006-01-07T15:30,2006-01-07T16:50,MRS,2052955920
TKMUCPVQ,code,L,70002903,CSD,2006-01-07T17:35,2006-01-07T19:35,ORY,2052955920
VBNNNUJC,code,L,70002888,ST,2006-01-07T10:30,2006-01-07T12:50,MRS,2052955920
VBNNNUJC,code,L,70002889,ST,2006-01-07T13:35,2006-01-07T14:50,ORY,2052955920
VBNNNUJC,code,L,70002900,ST,2006-01-07T15:30,2006-01-07T16:50,MRS,2052955920
VBNNNUJC,code,L,70002903,ST,2006-01-07T17:35,2006-01-07T19:35,ORY,2052955920
DHPDFYII,code,L,70002888,ST,2006-01-07T10:30,2006-01-07T12:50,MRS,2052955920
DHPDFYII,code,L,70002889,ST,2006-01-07T13:35,2006-01-07T14:50,ORY,2052955920
DHPDFYII,code,L,70002900,ST,2006-01-07T15:30,2006-01-07T16:50,MRS,2052955920
DHPDFYII,code,L,70002903,ST,2006-01-07T17:35,2006-01-07T19:35,ORY,2052955920
OPZIXUUQ,code,L,70002888,ST,2006-01-07T10:30,2006-01-07T12:50,MRS,2052955920
OPZIXUUQ,code,L,70002889,ST,2006-01-07T13:35,2006-01-07T14:50,ORY,2052955920
OPZIXUUQ,code,L,70002900,ST,2006-01-07T15:30,2006-01-07T16:50,MRS,2052955920
OPZIXUUQ,code,L,70002903,ST,2006-01-07T17:35,2006-01-07T19:35,ORY,2052955920
EFSVFFYG,code,L,70002888,ST,2006-01-07T10:30,2006-01-07T12:50,MRS,2052955920
EFSVFFYG,code,L,70002889,ST,2006-01-07T13:35,2006-01-07T14:50,ORY,2052955920
EFSVFFYG,code,L,70002900,ST,2006-01-07T15:30,2006-01-07T16:50,MRS,2052955920
EFSVFFYG,code,L,70002903,ST,2006-01-07T17:35,2006-01-07T19:35,ORY,2052955920
TFWHYXQB,code,L,70004527,CP,2006-01-07T10:35,2006-01-07T13:00,CDG,2134161410
TFWHYXQB,code,L,70004530,CP,2006-01-07T15:20,2006-01-07T16:50,MRS,2134161410
TFWHYXQB,code,L,70004531,CP,2006-01-07T17:35,2006-01-07T19:00,CDG,2134161410
TFWHYXQB,code,L,70004534,CP,2006-01-07T19:45,2006-01-07T22:00,MRS,2134161410
NQPCWIJU,code,L,70004527,FO,2006-01-07T10:35,2006-01-07T13:00,CDG,2134161410
NQPCWIJU,code,L,70004530,FO,2006-01-07T15:20,2006-01-07T16:50,MRS,2134161410
NQPCWIJU,code,L,70004531,FO,2006-01-07T17:35,2006-01-07T19:00,CDG,2134161410
NQPCWIJU,code,L,70004534,FO,2006-01-07T19:45,2006-01-07T22:00,MRS,2134161410
XKQBRCHY,code,L,70004527,CSD,2006-01-07T10:35,2006-01-07T13:00,CDG,2134161410
XKQBRCHY,code,L,70004530,CSD,2006-01-07T15:20,2006-01-07T16:50,MRS,2134161410
XKQBRCHY,code,L,70004531,CSD,2006-01-07T17:35,2006-01-07T19:00,CDG,2134161410
XKQBRCHY,code,L,70004534,CSD,2006-01-07T19:45,2006-01-07T22:00,MRS,2134161410
URXZOUVF,code,L,70004527,CSD,2006-01-07T10:35,2006-01-07T13:00,CDG,2134161410
URXZOUVF,code,L,70004530,CSD,2006-01-07T15:20,2006-01-07T16:50,MRS,2134161410
URXZOUVF,code,L,70004531,CSD,2006-01-07T17:35,2006-01-07T19:00,CDG,2134161410
URXZOUVF,code,L,70004534,CSD,2006-01-07T19:45,2006-01-07T22:00,MRS,2134161410
AROBFOGE,code,L,70004527,ST,2006-01-07T10:35,2006-01-07T13:00,CDG,2134161410
AROBFOGE,code,L,70004530,ST,2006-01-07T15:20,2006-01-07T16:50,MRS,2134161410
AROBFOGE,code,L,70004531,ST,2006-01-07T17:35,2006-01-07T19:00,CDG,2134161410
AROBFOGE,code,L,70004534,ST,2006-01-07T19:45,2006-01-07T22:00,MRS,2134161410
BQQDTSSM,code,L,70004527,ST,2006-01-07T10:35,2006-01-07T13:00,CDG,2134161410
BQQDTSSM,code,L,70004530,ST,2006-01-07T15:20,2006-01-07T16:50,MRS,2134161410
BQQDTSSM,code,L,70004531,ST,2006-01-07T17:35,2006-01-07T19:00,CDG,2134161410
BQQDTSSM,code,L,70004534,ST,2006-01-07T19:45,2006-01-07T22:00,MRS,2134161410
NLIRODAG,code,L,70004527,ST,2006-01-07T10:35,2006-01-07T13:00,CDG,2134161410
NLIRODAG,code,L,70004530,ST,2006-01-07T15:20,2006-01-07T16:50,MRS,2134161410
NLIRODAG,code,L,70004531,ST,2006-01-07T17:35,2006-01-07T19:00,CDG,2134161410
NLIRODAG,code,L,70004534,ST,2006-01-07T19:45,2006-01-07T22:00,MRS,2134161410
WPAWIWHI,code,L,70004527,ST,2006-01-07T10:35,2006-01-07T13:00,CDG,2134161410
WPAWIWHI,code,L,70004530,ST,2006-01-07T15:20,2006-01-07T16:50,MRS,2134161410
WPAWIWHI,code,L,70004531,ST,2006-01-07T17:35,2006-01-07T19:00,CDG,2134161410
WPAWIWHI,code,L,70004534,ST,2006-01-07T19:45,2006-01-07T22:00,MRS,2134161410
UIUIDBSO,code,L,70004567,CP,2006-01-07T10:35,2006-01-07T13:10,CDG,1874672702
UIUIDBSO,code,L,70004568,CP,2006-01-07T13:55,2006-01-07T15:30,NCE,1874672702
UIUIDBSO,code,L,70004571,CP,2006-01-07T17:25,2006-01-07T19:00,CDG,1874672702
UIUIDBSO,code,L,70004572,CP,2006-01-07T19:50,2006-01-07T21:05,NCE,1874672702
KOOKWSDJ,code,L,70004567,FO,2006-01-07T10:35,2006-01-07T13:10,CDG,1874672702
KOOKWSDJ,code,L,70004568,FO,2006-01-07T13:55,2006-01-07T15:30,NCE,1874672702
KOOKWSDJ,code,L,70004571,FO,2006-01-07T17:25,2006-01-07T19:00,CDG,1874672702
KOOKWSDJ,code,L,70004572,FO,2006-01-07T19:50,2006-01-07T21:05,NCE,1874672702
GRVROMYH,code,L,70004567,CSD,2006-01-07T10:35,2006-01-07T13:10,CDG,1874672702
GRVROMYH,code,L,70004568,CSD,2006-01-07T13:55,2006-01-07T15:30,NCE,1874672702
GRVROMYH,code,L,70004571,CSD,2006-01-07T17:25,2006-01-07T19:00,CDG,1874672702
GRVROMYH,code,L,70004572,CSD,2006-01-07T19:50,2006-01-07T21:05,NCE,1874672702
JWKJACYN,code,L,70004567,CSD,2006-01-07T10:35,2006-01-07T13:10,CDG,1874672702
JWKJACYN,code,L,70004568,CSD,2006-01-07T13:55,2006-01-07T15:30,NCE,1874672702
JWKJACYN,code,L,70004571,CSD,2006-01-07T17:25,2006-01-07T19:00,CDG,1874672702
JWKJACYN,code,L,70004572,CSD,2006-01-07T19:50,2006-01-07T21:05,NCE,1874672702
XFGENPOV,code,L,70004567,ST,2006-01-07T10:35,2006-01-07T13:10,CDG,1874672702
XFGENPOV,code,L,70004568,ST,2006-01-07T13:55,2006-01-07T15:30,NCE,1874672702
XFGENPOV,code,L,70004571,ST,2006-01-07T17:25,2006-01-07T19:00,CDG,1874672702
XFGENPOV,code,L,70004572,ST,2006-01-07T19:50,2006-01-07T21:05,NCE,1874672702
IVUBJTLZ,code,L,70004567,ST,2006-01-07T10:35,2006-01-07T13:10,CDG,1874672702
IVUBJTLZ,code,L,70004568,ST,2006-01-07T13:55,2006-01-07T15:30,NCE,1874672702
IVUBJTLZ,code,L,70004571,ST,2006-01-07T17:25,2006-01-07T19:00,CDG,1874672702
IVUBJTLZ,code,L,70004572,ST,2006-01-07T19:50,2006-01-07T21:05,NCE,1874672702
JEGQTZTW,code,L,70004567,ST,2006-01-07T10:35,2006-01-07T13:10,CDG,1874672702
JEGQTZTW,code,L,70004568,ST,2006-01-07T13:55,2006-01-07T15:30,NCE,1874672702
JEGQTZTW,code,L,70004571,ST,2006-01-07T17:25,2006-01-07T19:00,CDG,1874672702
JEGQTZTW,code,L,70004572,ST,2006-01-07T19:50,2006-01-07T21:05,NCE,1874672702
ZDTDKRQJ,code,L,70004567,ST,2006-01-07T10:35,2006-01-07T13:10,CDG,1874672702
ZDTDKRQJ,code,L,70004568,ST,2006-01-07T13:55,2006-01-07T15:30,NCE,1874672702
ZDTDKRQJ,code,L,70004571,ST,2006-01-07T17:25,2006-01-07T19:00,CDG,1874672702
ZDTDKRQJ,code,L,70004572,ST,2006-01-07T19:50,2006-01-07T21:05,NCE,1874672702
EQSSVENY,code,L,70004648,CP,2006-01-07T10:55,2006-01-07T13:25,TLS,1194650126
EQSSVENY,code,L,70004649,CP,2006-01-07T15:00,2006-01-07T16:25,CDG,1194650126
EQSSVENY,code,L,70004652,CP,2006-01-07T17:15,2006-01-07T18:45,TLS,1194650126
EQSSVENY,code,L,70004655,CP,2006-01-07T19:25,2006-01-07T21:35,CDG,1194650126
RXAVVPLC,code,L,70004648,FO,2006-01-07T10:55,2006-01-07T13:25,TLS,1194650126
RXAVVPLC,code,L,70004649,FO,2006-01-07T15:00,2006-01-07T16:25,CDG,1194650126
RXAVVPLC,code,L,70004652,FO,2006-01-07T17:15,2006-01-07T18:45,TLS,1194650126
RXAVVPLC,code,L,70004655,FO,2006-01-07T19:25,2006-01-07T21:35,CDG,1194650126
LSKQJRAB,code,L,70004648,CSD,2006-01-07T10:55,2006-01-07T13:25,TLS,1194650126
LSKQJRAB,code,L,70004649,CSD,2006-01-07T15:00,2006-01-07T16:25,CDG,1194650126
LSKQJRAB,code,L,70004652,CSD,2006-01-07T17:15,2006-01-07T18:45,TLS,1194650126
LSKQJRAB,code,L,70004655,CSD,2006-01-07T19:25,2006-01-07T21:35,CDG,1194650126
BLYVYVUS,code,L,70004648,CSD,2006-01-07T10:55,2006-01-07T13:25,TLS,1194650126
BLYVYVUS,code,L,70004649,CSD,2006-01-07T15:00,2006-01-07T16:25,CDG,1194650126
BLYVYVUS,code,L,70004652,CSD,2006-01-07T17:15,2006-01-07T18:45,TLS,1194650126
BLYVYVUS,code,L,70004655,CSD,2006-01-07T19:25,2006-01-07T21:35,CDG,1194650126
RQBJKICV,code,L,70004648,ST,2006-01-07T10:55,2006-01-07T13:25,TLS,1194650126
RQBJKICV,code,L,70004649,ST,2006-01-07T15:00,2006-01-07T16:25,CDG,1194650126
RQBJKICV,code,L,70004652,ST,2006-01-07T17:15,2006-01-07T18:45,TLS,1194650126
RQBJKICV,code,L,70004655,ST,2006-01-07T19:25,2006-01-07T21:35,CDG,1194650126
XEGXTMJU,code,L,70004648,ST,2006-01-07T10:55,2006-01-07T13:25,TLS,1194650126
XEGXTMJU,code,L,70004649,ST,2006-01-07T15:00,2006-01-07T16:25,CDG,1194650126
XEGXTMJU,code,L,70004652,ST,2006-01-07T17:15,2006-01-07T18:45,TLS,1194650126
XEGXTMJU,code,L,70004655,ST,2006-01-07T19:25,2006-01-07T21:35,CDG,1194650126
MZZLSOAF,code,L,70004648,ST,2006-01-07T10:55,2006-01-07T13:25,TLS,1194650126
MZZLSOAF,code,L,70004649,ST,2006-01-07T15:00,2006-01-07T16:25,CDG,1194650126
MZZLSOAF,code,L,70004652,ST,2006-01-07T17:15,2006-01-07T18:45,TLS,1194650126
MZZLSOAF,code,L,70004655,ST,2006-01-07T19:25,2006-01-07T21:35,CDG,1194650126
MUMZFJHZ,code,L,70004648,ST,2006-01-07T10:55,2006-01-07T13:25,TLS,1194650126
MUMZFJHZ,code,L,70004649,ST,2006-01-07T15:00,2006-01-07T16:25,CDG,1194650126
MUMZFJHZ,code,L,70004652,ST,2006-01-07T17:15,2006-01-07T18:45,TLS,1194650126
MUMZFJHZ,code,L,70004655,ST,2006-01-07T19:25,2006-01-07T21:35,CDG,1194650126
JGHFOVGG,code,L,70004387,CP,2006-01-07T11:00,2006-01-07T13:20,ORY,363927940
JGHFOVGG,code,L,70004388,CP,2006-01-07T14:05,2006-01-07T15:30,PGF,363927940
JGHFOVGG,code,L,70004459,CP,2006-01-07T17:10,2006-01-07T18:45,ORY,363927940
JGHFOVGG,code,L,70004454,CP,2006-01-07T19:35,2006-01-07T21:55,BIA,363927940
XDSSUJXD,code,L,70004387,FO,2006-01-07T11:00,2006-01-07T13:20,ORY,363927940
XDSSUJXD,code,L,70004388,FO,2006-01-07T14:05,2006-01-07T15:30,PGF,363927940
XDSSUJXD,code,L,70004459,FO,2006-01-07T17:10,2006-01-07T18:45,ORY,363927940
XDSSUJXD,code,L,70004454,FO,2006-01-07T19:35,2006-01-07T21:55,BIA,363927940
GGSIEDAQ,code,L,70004387,CSD,2006-01-07T11:00,2006-01-07T13:20,ORY,363927940
GGSIEDAQ,code,L,70004388,CSD,2006-01-07T14:05,2006-01-07T15:30,PGF,363927940
GGSIEDAQ,code,L,70004459,CSD,2006-01-07T17:10,2006-01-07T18:45,ORY,363927940
GGSIEDAQ,code,L,70004454,CSD,2006-01-07T19:35,2006-01-07T21:55,BIA,363927940
RWAZRWTP,code,L,70004387,CSD,2006-01-07T11:00,2006-01-07T13:20,ORY,363927940
RWAZRWTP,code,L,70004388,CSD,2006-01-07T14:05,2006-01-07T15:30,PGF,363927940
RWAZRWTP,code,L,70004459,CSD,2006-01-07T17:10,2006-01-07T18:45,ORY,363927940
RWAZRWTP,code,L,70004454,CSD,2006-01-07T19:35,2006-01-07T21:55,BIA,363927940
YLDDCJXU,code,L,70004387,ST,2006-01-07T11:00,2006-01-07T13:20,ORY,363927940
YLDDCJXU,code,L,70004388,ST,2006-01-07T14:05,2006-01-07T15:30,PGF,363927940
YLDDCJXU,code,L,70004459,ST,2006-01-07T17:10,2006-01-07T18:45,ORY,363927940
YLDDCJXU,code,L,70004454,ST,2006-01-07T19:35,2006-01-07T21:55,BIA,363927940
SWRRVQFB,code,L,70004387,ST,2006-01-07T11:00,2006-01-07T13:20,ORY,363927940
SWRRVQFB,code,L,70004388,ST,2006-01-07T14:05,2006-01-07T15:30,PGF,363927940
SWRRVQFB,code,L,70004459,ST,2006-01-07T17:10,2006-01-07T18:45,ORY,363927940
SWRRVQFB,code,L,70004454,ST,2006-01-07T19:35,2006-01-07T21:55,BIA,363927940
ZGQUACRH,code,L,70004387,ST,2006-01-07T11:00,2006-01-07T13:20,ORY,363927940
ZGQUACRH,code,L,70004388,ST,2006-01-07T14:05,2006-01-07T15:30,PGF,363927940
ZGQUACRH,code,L,70004459,ST,2006-01-07T17:10,2006-01-07T18:45,ORY,363927940
ZGQUACRH,code,L,70004454,ST,2006-01-07T19:35,2006-01-07T21:55,BIA,363927940
IZVIDAAO,code,L,70004387,ST,2006-01-07T11:00,2006-01-07T13:20,ORY,363927940
IZVIDAAO,code,L,70004388,ST,2006-01-07T14:05,2006-01-07T15:30,PGF,363927940
IZVIDAAO,code,L,70004459,ST,2006-01-07T17:10,2006-01-07T18:45,ORY,363927940
IZVIDAAO,code,L,70004454,ST,2006-01-07T19:35,2006-01-07T21:55,BIA,363927940
MGUAHXNV,code,L,70004566,CP,2006-01-07T11:00,2006-01-07T13:35,NCE,1328157009
MGUAHXNV,code,L,70004569,CP,2006-01-07T14:40,2006-01-07T16:15,CDG,1328157009
MGUAHXNV,code,L,70003106,CP,2006-01-07T17:05,2006-01-07T18:30,NCE,1328157009
MGUAHXNV,code,L,70003071,CP,2006-01-07T19:20,2006-01-07T21:05,ORY,1328157009
YAUACJUX,code,L,70004566,FO,2006-01-07T11:00,2006-01-07T13:35,NCE,1328157009
YAUACJUX,code,L,70004569,FO,2006-01-07T14:40,2006-01-07T16:15,CDG,1328157009
YAUACJUX,code,L,70003106,FO,2006-01-07T17:05,2006-01-07T18:30,NCE,1328157009
YAUACJUX,code,L,70003071,FO,2006-01-07T19:20,2006-01-07T21:05,ORY,1328157009
WULCSAHA,code,L,70004566,CSD,2006-01-07T11:00,2006-01-07T13:35,NCE,1328157009
WULCSAHA,code,L,70004569,CSD,2006-01-07T14:40,2006-01-07T16:15,CDG,1328157009
WULCSAHA,code,L,70003106,CSD,2006-01-07T17:05,2006-01-07T18:30,NCE,1328157009
WULCSAHA,code,L,70003071,CSD,2006-01-07T19:20,2006-01-07T21:05,ORY,1328157009
VWPTKALA,code,L,70004566,CSD,2006-01-07T11:00,2006-01-07T13:35,NCE,1328157009
VWPTKALA,code,L,70004569,CSD,2006-01-07T14:40,2006-01-07T16:15,CDG,1328157009
VWPTKALA,code,L,70003106,CSD,2006-01-07T17:05,2006-01-07T18:30,NCE,1328157009
VWPTKALA,code,L,70003071,CSD,2006-01-07T19:20,2006-01-07T21:05,ORY,1328157009
AFMQJBFK,code,L,70004566,ST,2006-01-07T11:00,2006-01-07T13:35,NCE,1328157009
AFMQJBFK,code,L,70004569,ST,2006-01-07T14:40,2006-01-07T16:15,CDG,1328157009
AFMQJBFK,code,L,70003106,ST,2006-01-07T17:05,2006-01-07T18:30,NCE,1328157009
AFMQJBFK,code,L,70003071,ST,2006-01-07T19:20,2006-01-07T21:05,ORY,1328157009
YWNLIVZQ,code,L,70004566,ST,2006-01-07T11:00,2006-01-07T13:35,NCE,1328157009
YWNLIVZQ,code,L,70004569,ST,2006-01-07T14:40,2006-01-07T16:15,CDG,1328157009
YWNLIVZQ,code,L,70003106,ST,2006-01-07T17:05,2006-01-07T18:30,NCE,1328157009
YWNLIVZQ,code,L,70003071,ST,2006-01-07T19:20,2006-01-07T21:05,ORY,1328157009
QCWGBHLO,code,L,70004566,ST,2006-01-07T11:00,2006-01-07T13:35,NCE,1328157009
QCWGBHLO,code,L,70004569,ST,2006-01-07T14:40,2006-01-07T16:15,CDG,1328157009
QCWGBHLO,code,L,70003106,ST,2006-01-07T17:05,2006-01-07T18:30,NCE,1328157009
QCWGBHLO,code,L,70003071,ST,2006-01-07T19:20,2006-01-07T21:05,ORY,1328157009
CMFYQCFJ,code,L,70004566,ST,2006-01-07T11:00,2006-01-07T13:35,NCE,1328157009
CMFYQCFJ,code,L,70004569,ST,2006-01-07T14:40,2006-01-07T16:15,CDG,1328157009
CMFYQCFJ,code,L,70003106,ST,2006-01-07T17:05,2006-01-07T18:30,NCE,1328157009
CMFYQCFJ,code,L,70003071,ST,2006-01-07T19:20,2006-01-07T21:05,ORY,1328157009
HSNWHALE,code,L,70004528,CP,2006-01-07T11:05,2006-01-07T13:35,MRS,134667610
HSNWHALE,code,L,70004529,CP,2006-01-07T14:35,2006-01-07T16:00,CDG,134667610
HSNWHALE,code,L,70002870,CP,2006-01-07T17:00,2006-01-07T18:20,MRS,134667610
HSNWHALE,code,L,70002867,CP,2006-01-07T19:10,2006-01-07T21:10,ORY,134667610
FTSKSPMR,code,L,70004528,FO,2006-01-07T11:05,2006-01-07T13:35,MRS,134667610
FTSKSPMR,code,L,70004529,FO,2006-01-07T14:35,2006-01-07T16:00,CDG,134667610
FTSKSPMR,code,L,70002870,FO,2006-01-07T17:00,2006-01-07T18:20,MRS,134667610
FTSKSPMR,code,L,70002867,FO,2006-01-07T19:10,2006-01-07T21:10,ORY,134667610
LMBEAQTH,code,L,70004528,CSD,2006-01-07T11:05,2006-01-07T13:35,MRS,134667610
LMBEAQTH,code,L,70004529,CSD,2006-01-07T14:35,2006-01-07T16:00,CDG,134667610
LMBEAQTH,code,L,70002870,CSD,2006-01-07T17:00,2006-01-07T18:20,MRS,134667610
LMBEAQTH,code,L,70002867,CSD,2006-01-07T19:10,2006-01-07T21:10,ORY,134667610
BWIPKNDV,code,L,70004528,CSD,2006-01-07T11:05,2006-01-07T13:35,MRS,134667610
BWIPKNDV,code,L,70004529,CSD,2006-01-07T14:35,2006-01-07T16:00,CDG,134667610
BWIPKNDV,code,L,70002870,CSD,2006-01-07T17:00,2006-01-07T18:20,MRS,134667610
BWIPKNDV,code,L,70002867,CSD,2006-01-07T19:10,2006-01-07T21:10,ORY,134667610
OQTLYRHE,code,L,70004528,ST,2006-01-07T11:05,2006-01-07T13:35,MRS,134667610
OQTLYRHE,code,L,70004529,ST,2006-01-07T14:35,2006-01-07T16:00,CDG,134667610
OQTLYRHE,code,L,70002870,ST,2006-01-07T17:00,2006-01-07T18:20,MRS,134667610
OQTLYRHE,code,L,70002867,ST,2006-01-07T19:10,2006-01-07T21:10,ORY,134667610
AJYFVKBO,code,L,70004528,ST,2006-01-07T11:05,2006-01-07T13:35,MRS,134667610
AJYFVKBO,code,L,70004529,ST,2006-01-07T14:35,2006-01-07T16:00,CDG,134667610
AJYFVKBO,code,L,70002870,ST,2006-01-07T17:00,2006-01-07T18:20,MRS,134667610
AJYFVKBO,code,L,70002867,ST,2006-01-07T19:10,2006-01-07T21:10,ORY,134667610
NHHTPXKJ,code,L,70004528,ST,2006-01-07T11:05,2006-01-07T13:35,MRS,134667610
NHHTPXKJ,code,L,70004529,ST,2006-01-07T14:35,2006-01-07T16:00,CDG,134667610
NHHTPXKJ,code,L,70002870,ST,2006-01-07T17:00,2006-01-07T18:20,MRS,134667610
NHHTPXKJ,code,L,70002867,ST,2006-01-07T19:10,2006-01-07T21:10,ORY,134667610
YEYNQPYH,code,L,70004528,ST,2006-01-07T11:05,2006-01-07T13:35,MRS,134667610
YEYNQPYH,code,L,70004529,ST,2006-01-07T14:35,2006-01-07T16:00,CDG,134667610
YEYNQPYH,code,L,70002870,ST,2006-01-07T17:00,2006-01-07T18:20,MRS,134667610
YEYNQPYH,code,L,70002867,ST,2006-01-07T19:10,2006-01-07T21:10,ORY,134667610
SEMDQVIQ,code,L,70004602,CP,2006-01-07T11:15,2006-01-07T13:35,BES,1464848243
SEMDQVIQ,code,L,70004601,CP,2006-01-07T14:45,2006-01-07T16:00,CDG,1464848243
SEMDQVIQ,code,L,70004596,CP,2006-01-07T17:00,2006-01-07T18:20,BES,1464848243
SEMDQVIQ,code,L,70004595,CP,2006-01-07T20:00,2006-01-07T22:00,CDG,1464848243
GBSWOFLS,code,L,70004602,FO,2006-01-07T11:15,2006-01-07T13:35,BES,1464848243
GBSWOFLS,code,L,70004601,FO,2006-01-07T14:45,2006-01-07T16:00,CDG,1464848243
GBSWOFLS,code,L,70004596,FO,2006-01-07T17:00,2006-01-07T18:20,BES,1464848243
GBSWOFLS,code,L,70004595,FO,2006-01-07T20:00,2006-01-07T22:00,CDG,1464848243
FOMABWJD,code,L,70004602,CSD,2006-01-07T11:15,2006-01-07T13:35,BES,1464848243
FOMABWJD,code,L,70004601,CSD,2006-01-07T14:45,2006-01-07T16:00,CDG,1464848243
FOMABWJD,code,L,70004596,CSD,2006-01-07T17:00,2006-01-07T18:20,BES,1464848243
FOMABWJD,code,L,70004595,CSD,2006-01-07T20:00,2006-01-07T22:00,CDG,1464848243
TPKWVKRW,code,L,70004602,CSD,2006-01-07T11:15,2006-01-07T13:35,BES,1464848243
TPKWVKRW,code,L,70004601,CSD,2006-01-07T14:45,2006-01-07T16:00,CDG,1464848243
TPKWVKRW,code,L,70004596,CSD,2006-01-07T17:00,2006-01-07T18:20,BES,1464848243
TPKWVKRW,code,L,70004595,CSD,2006-01-07T20:00,2006-01-07T22:00,CDG,1464848243
FISLBTIV,code,L,70004602,ST,2006-01-07T11:15,2006-01-07T13:35,BES,1464848243
FISLBTIV,code,L,70004601,ST,2006-01-07T14:45,2006-01-07T16:00,CDG,1464848243
FISLBTIV,code,L,70004596,ST,2006-01-07T17:00,2006-01-07T18:20,BES,1464848243
FISLBTIV,code,L,70004595,ST,2006-01-07T20:00,2006-01-07T22:00,CDG,1464848243
TYDJQVNU,code,L,70004602,ST,2006-01-07T11:15,2006-01-07T13:35,BES,1464848243
TYDJQVNU,code,L,70004601,ST,2006-01-07T14:45,2006-01-07T16:00,CDG,1464848243
TYDJQVNU,code,L,70004596,ST,2006-01-07T17:00,2006-01-07T18:20,BES,1464848243
TYDJQVNU,code,L,70004595,ST,2006-01-07T20:00,2006-01-07T22:00,CDG,1464848243
VOUQYQIX,code,L,70004602,ST,2006-01-07T11:15,2006-01-07T13:35,BES,1464848243
VOUQYQIX,code,L,70004601,ST,2006-01-07T14:45,2006-01-07T16:00,CDG,1464848243
VOUQYQIX,code,L,70004596,ST,2006-01-07T17:00,2006-01-07T18:20,BES,1464848243
VOUQYQIX,code,L,70004595,ST,2006-01-07T20:00,2006-01-07T22:00,CDG,1464848243
TWRMIUSC,code,L,70004602,ST,2006-01-07T11:15,2006-01-07T13:35,BES,1464848243
TWRMIUSC,code,L,70004601,ST,2006-01-07T14:45,2006-01-07T16:00,CDG,1464848243
TWRMIUSC,code,L,70004596,ST,2006-01-07T17:00,2006-01-07T18:20,BES,1464848243
TWRMIUSC,code,L,70004595,ST,2006-01-07T20:00,2006-01-07T22:00,CDG,1464848243
HGDYDRIW,code,L,70004410,CP,2006-01-07T11:20,2006-01-07T13:40,MPL,645237757
HGDYDRIW,code,L,70004413,CP,2006-01-07T14:25,2006-01-07T15:40,ORY,645237757
HGDYDRIW,code,L,70004414,CP,2006-01-07T16:25,2006-01-07T17:45,MPL,645237757
HGDYDRIW,code,L,70004407,CP,2006-01-07T18:30,2006-01-07T20:20,ORY,645237757
GRJRUZKC,code,L,70004410,FO,2006-01-07T11:20,2006-01-07T13:40,MPL,645237757
GRJRUZKC,code,L,70004413,FO,2006-01-07T14:25,2006-01-07T15:40,ORY,645237757
GRJRUZKC,code,L,70004414,FO,2006-01-07T16:25,2006-01-07T17:45,MPL,645237757
GRJRUZKC,code,L,70004407,FO,2006-01-07T18:30,2006-01-07T20:20,ORY,645237757
PCYHBDGJ,code,L,70004410,CSD,2006-01-07T11:20,2006-01-07T13:40,MPL,645237757
PCYHBDGJ,code,L,70004413,CSD,2006-01-07T14:25,2006-01-07T15:40,ORY,645237757
PCYHBDGJ,code,L,70004414,CSD,2006-01-07T16:25,2006-01-07T17:45,MPL,645237757
PCYHBDGJ,code,L,70004407,CSD,2006-01-07T18:30,2006-01-07T20:20,ORY,645237757
HSMDHCEA,code,L,70004410,CSD,2006-01-07T11:20,2006-01-07T13:40,MPL,645237757
HSMDHCEA,code,L,70004413,CSD,2006-01-07T14:25,2006-01-07T15:40,ORY,645237757
HSMDHCEA,code,L,70004414,CSD,2006-01-07T16:25,2006-01-07T17:45,MPL,645237757
HSMDHCEA,code,L,70004407,CSD,2006-01-07T18:30,2006-01-07T20:20,ORY,645237757
FOLAENYT,code,L,70004410,ST,2006-01-07T11:20,2006-01-07T13:40,MPL,645237757
FOLAENYT,code,L,70004413,ST,2006-01-07T14:25,2006-01-07T15:40,ORY,645237757
FOLAENYT,code,L,70004414,ST,2006-01-07T16:25,2006-01-07T17:45,MPL,645237757
FOLAENYT,code,L,70004407,ST,2006-01-07T18:30,2006-01-07T20:20,ORY,645237757
RSVUIJWK,code,L,70004410,ST,2006-01-07T11:20,2006-01-07T13:40,MPL,645237757
RSVUIJWK,code,L,70004413,ST,2006-01-07T14:25,2006-01-07T15:40,ORY,645237757
RSVUIJWK,code,L,70004414,ST,2006-01-07T16:25,2006-01-07T17:45,MPL,645237757
RSVUIJWK,code,L,70004407,ST,2006-01-07T18:30,2006-01-07T20:20,ORY,645237757
XBSYGHKU,code,L,70004410,ST,2006-01-07T11:20,2006-01-07T13:40,MPL,645237757
XBSYGHKU,code,L,70004413,ST,2006-01-07T14:25,2006-01-07T15:40,ORY,645237757
XBSYGHKU,code,L,70004414,ST,2006-01-07T16:25,2006-01-07T17:45,MPL,645237757
XBSYGHKU,code,L,70004407,ST,2006-01-07T18:30,2006-01-07T20:20,ORY,645237757
ZOZMVJHP,code,L,70004410,ST,2006-01-07T11:20,2006-01-07T13:40,MPL,645237757
ZOZMVJHP,code,L,70004413,ST,2006-01-07T14:25,2006-01-07T15:40,ORY,645237757
ZOZMVJHP,code,L,70004414,ST,2006-01-07T16:25,2006-01-07T17:45,MPL,645237757
ZOZMVJHP,code,L,70004407,ST,2006-01-07T18:30,2006-01-07T20:20,ORY,645237757
PHVWWQCX,code,L,70004487,CP,2006-01-07T11:25,2006-01-07T13:45,CDG,1767440095
PHVWWQCX,code,L,70004492,CP,2006-01-07T15:30,2006-01-07T17:40,BOD,1767440095
QVAQKLKT,code,L,70004487,FO,2006-01-07T11:25,2006-01-07T13:45,CDG,1767440095
QVAQKLKT,code,L,70004492,FO,2006-01-07T15:30,2006-01-07T17:40,BOD,1767440095
QGUPKWXM,code,L,70004487,CSD,2006-01-07T11:25,2006-01-07T13:45,CDG,1767440095
QGUPKWXM,code,L,70004492,CSD,2006-01-07T15:30,2006-01-07T17:40,BOD,1767440095
LHPHGZMD,code,L,70004487,CSD,2006-01-07T11:25,2006-01-07T13:45,CDG,1767440095
LHPHGZMD,code,L,70004492,CSD,2006-01-07T15:30,2006-01-07T17:40,BOD,1767440095
LTUCXWWS,code,L,70004487,ST,2006-01-07T11:25,2006-01-07T13:45,CDG,1767440095
LTUCXWWS,code,L,70004492,ST,2006-01-07T15:30,2006-01-07T17:40,BOD,1767440095
KHNWTTFO,code,L,70004487,ST,2006-01-07T11:25,2006-01-07T13:45,CDG,1767440095
KHNWTTFO,code,L,70004492,ST,2006-01-07T15:30,2006-01-07T17:40,BOD,1767440095
DMSZFTAC,code,L,70004487,ST,2006-01-07T11:25,2006-01-07T13:45,CDG,1767440095
DMSZFTAC,code,L,70004492,ST,2006-01-07T15:30,2006-01-07T17:40,BOD,1767440095
TDVHDTWB,code,L,70004487,ST,2006-01-07T11:25,2006-01-07T13:45,CDG,1767440095
TDVHDTWB,code,L,70004492,ST,2006-01-07T15:30,2006-01-07T17:40,BOD,1767440095
NBMWTIQY,code,L,70002595,CP,2006-01-07T11:30,2006-01-07T13:40,CFR,282134252
NBMWTIQY,code,L,70002596,CP,2006-01-07T15:00,2006-01-07T17:00,LYS,282134252
NPBIMMBP,code,L,70002595,FO,2006-01-07T11:30,2006-01-07T13:40,CFR,282134252
NPBIMMBP,code,L,70002596,FO,2006-01-07T15:00,2006-01-07T17:00,LYS,282134252
NRVQXCWU,code,L,70002595,CSD,2006-01-07T11:30,2006-01-07T13:40,CFR,282134252
NRVQXCWU,code,L,70002596,CSD,2006-01-07T15:00,2006-01-07T17:00,LYS,282134252
MDHJQJOR,code,L,70002595,ST,2006-01-07T11:30,2006-01-07T13:40,CFR,282134252
MDHJQJOR,code,L,70002596,ST,2006-01-07T15:00,2006-01-07T17:00,LYS,282134252
BWFVXIYA,code,L,70002595,ST,2006-01-07T11:30,2006-01-07T13:40,CFR,282134252
BWFVXIYA,code,L,70002596,ST,2006-01-07T15:00,2006-01-07T17:00,LYS,282134252
TYHLFNTM,code,L,70002595,ST,2006-01-07T11:30,2006-01-07T13:40,CFR,282134252
TYHLFNTM,code,L,70002596,ST,2006-01-07T15:00,2006-01-07T17:00,LYS,282134252
OWODDNAG,code,L,70004490,CP,2006-01-07T11:35,2006-01-07T14:00,BOD,384385166
OWODDNAG,code,L,70004549,CP,2006-01-07T17:45,2006-01-07T19:10,CDG,384385166
OWODDNAG,code,L,70004548,CP,2006-01-07T20:00,2006-01-07T22:05,MPL,384385166
HOEDDOPE,code,L,70004490,FO,2006-01-07T11:35,2006-01-07T14:00,BOD,384385166
HOEDDOPE,code,L,70004549,FO,2006-01-07T17:45,2006-01-07T19:10,CDG,384385166
HOEDDOPE,code,L,70004548,FO,2006-01-07T20:00,2006-01-07T22:05,MPL,384385166
PEWCRLSX,code,L,70004490,CSD,2006-01-07T11:35,2006-01-07T14:00,BOD,384385166
PEWCRLSX,code,L,70004549,CSD,2006-01-07T17:45,2006-01-07T19:10,CDG,384385166
PEWCRLSX,code,L,70004548,CSD,2006-01-07T20:00,2006-01-07T22:05,MPL,384385166
VOIUPQJS,code,L,70004490,CSD,2006-01-07T11:35,2006-01-07T14:00,BOD,384385166
VOIUPQJS,code,L,70004549,CSD,2006-01-07T17:45,2006-01-07T19:10,CDG,384385166
VOIUPQJS,code,L,70004548,CSD,2006-01-07T20:00,2006-01-07T22:05,MPL,384385166
RWESISFC,code,L,70004490,ST,2006-01-07T11:35,2006-01-07T14:00,BOD,384385166
RWESISFC,code,L,70004549,ST,2006-01-07T17:45,2006-01-07T19:10,CDG,384385166
RWESISFC,code,L,70004548,ST,2006-01-07T20:00,2006-01-07T22:05,MPL,384385166
BDTYYWGU,code,L,70004490,ST,2006-01-07T11:35,2006-01-07T14:00,BOD,384385166
BDTYYWGU,code,L,70004549,ST,2006-01-07T17:45,2006-01-07T19:10,CDG,384385166
BDTYYWGU,code,L,70004548,ST,2006-01-07T20:00,2006-01-07T22:05,MPL,384385166
ZHCTXDSV,code,L,70004490,ST,2006-01-07T11:35,2006-01-07T14:00,BOD,384385166
ZHCTXDSV,code,L,70004549,ST,2006-01-07T17:45,2006-01-07T19:10,CDG,384385166
ZHCTXDSV,code,L,70004548,ST,2006-01-07T20:00,2006-01-07T22:05,MPL,384385166
JPUFTNKP,code,L,70004490,ST,2006-01-07T11:35,2006-01-07T14:00,BOD,384385166
JPUFTNKP,code,L,70004549,ST,2006-01-07T17:45,2006-01-07T19:10,CDG,384385166
JPUFTNKP,code,L,70004548,ST,2006-01-07T20:00,2006-01-07T22:05,MPL,384385166
TRMGKKYT,code,L,70002619,CP,2006-01-07T11:35,2006-01-07T13:50,RNS,1398633607
TRMGKKYT,code,L,70002620,CP,2006-01-07T14:45,2006-01-07T16:50,LYS,1398633607
WJHGUELE,code,L,70002619,FO,2006-01-07T11:35,2006-01-07T13:50,RNS,1398633607
WJHGUELE,code,L,70002620,FO,2006-01-07T14:45,2006-01-07T16:50,LYS,1398633607
UQWHUWXD,code,L,70002619,CS,2006-01-07T11:35,2006-01-07T13:50,RNS,1398633607
UQWHUWXD,code,L,70002620,CS,2006-01-07T14:45,2006-01-07T16:50,LYS,1398633607
VHUYPDJF,code,L,70002619,ST,2006-01-07T11:35,2006-01-07T13:50,RNS,1398633607
VHUYPDJF,code,L,70002620,ST,2006-01-07T14:45,2006-01-07T16:50,LYS,1398633607
WSEGCUHW,code,L,70002619,ST,2006-01-07T11:35,2006-01-07T13:50,RNS,1398633607
WSEGCUHW,code,L,70002620,ST,2006-01-07T14:45,2006-01-07T16:50,LYS,1398633607
FDWINTSB,code,L,70004668,CP,2006-01-07T11:45,2006-01-07T13:55,BOD,1662778767
FDWINTSB,code,L,70004669,CP,2006-01-07T14:55,2006-01-07T16:00,LYS,1662778767
FDWINTSB,code,L,70004664,CP,2006-01-07T16:55,2006-01-07T18:05,BOD,1662778767
FDWINTSB,code,L,70004665,CP,2006-01-07T19:00,2006-01-07T20:50,LYS,1662778767
RQHYPYIB,code,L,70004668,FO,2006-01-07T11:45,2006-01-07T13:55,BOD,1662778767
RQHYPYIB,code,L,70004669,FO,2006-01-07T14:55,2006-01-07T16:00,LYS,1662778767
RQHYPYIB,code,L,70004664,FO,2006-01-07T16:55,2006-01-07T18:05,BOD,1662778767
RQHYPYIB,code,L,70004665,FO,2006-01-07T19:00,2006-01-07T20:50,LYS,1662778767
JHJCDDCK,code,L,70004668,CSD,2006-01-07T11:45,2006-01-07T13:55,BOD,1662778767
JHJCDDCK,code,L,70004669,CSD,2006-01-07T14:55,2006-01-07T16:00,LYS,1662778767
JHJCDDCK,code,L,70004664,CSD,2006-01-07T16:55,2006-01-07T18:05,BOD,1662778767
JHJCDDCK,code,L,70004665,CSD,2006-01-07T19:00,2006-01-07T20:50,LYS,1662778767
GVFOSMEP,code,L,70004668,CSD,2006-01-07T11:45,2006-01-07T13:55,BOD,1662778767
GVFOSMEP,code,L,70004669,CSD,2006-01-07T14:55,2006-01-07T16:00,LYS,1662778767
GVFOSMEP,code,L,70004664,CSD,2006-01-07T16:55,2006-01-07T18:05,BOD,1662778767
GVFOSMEP,code,L,70004665,CSD,2006-01-07T19:00,2006-01-07T20:50,LYS,1662778767
MIGGDKCM,code,L,70004668,ST,2006-01-07T11:45,2006-01-07T13:55,BOD,1662778767
MIGGDKCM,code,L,70004669,ST,2006-01-07T14:55,2006-01-07T16:00,LYS,1662778767
MIGGDKCM,code,L,70004664,ST,2006-01-07T16:55,2006-01-07T18:05,BOD,1662778767
MIGGDKCM,code,L,70004665,ST,2006-01-07T19:00,2006-01-07T20:50,LYS,1662778767
ZIGLSXSM,code,L,70004668,ST,2006-01-07T11:45,2006-01-07T13:55,BOD,1662778767
ZIGLSXSM,code,L,70004669,ST,2006-01-07T14:55,2006-01-07T16:00,LYS,1662778767
ZIGLSXSM,code,L,70004664,ST,2006-01-07T16:55,2006-01-07T18:05,BOD,1662778767
ZIGLSXSM,code,L,70004665,ST,2006-01-07T19:00,2006-01-07T20:50,LYS,1662778767
EYIOWGHD,code,L,70004668,ST,2006-01-07T11:45,2006-01-07T13:55,BOD,1662778767
EYIOWGHD,code,L,70004669,ST,2006-01-07T14:55,2006-01-07T16:00,LYS,1662778767
EYIOWGHD,code,L,70004664,ST,2006-01-07T16:55,2006-01-07T18:05,BOD,1662778767
EYIOWGHD,code,L,70004665,ST,2006-01-07T19:00,2006-01-07T20:50,LYS,1662778767
PGZWKKPK,code,L,70004668,ST,2006-01-07T11:45,2006-01-07T13:55,BOD,1662778767
PGZWKKPK,code,L,70004669,ST,2006-01-07T14:55,2006-01-07T16:00,LYS,1662778767
PGZWKKPK,code,L,70004664,ST,2006-01-07T16:55,2006-01-07T18:05,BOD,1662778767
PGZWKKPK,code,L,70004665,ST,2006-01-07T19:00,2006-01-07T20:50,LYS,1662778767
BHUBSLVS,code,L,70003091,CP,2006-01-07T12:00,2006-01-07T14:20,ORY,1880812379
BHUBSLVS,code,L,70003084,CP,2006-01-07T15:05,2006-01-07T16:30,NCE,1880812379
BHUBSLVS,code,L,70003099,CP,2006-01-07T17:10,2006-01-07T18:30,ORY,1880812379
BHUBSLVS,code,L,70003094,CP,2006-01-07T19:25,2006-01-07T21:05,NCE,1880812379
AJTWTSLS,code,L,70003091,FO,2006-01-07T12:00,2006-01-07T14:20,ORY,1880812379
AJTWTSLS,code,L,70003084,FO,2006-01-07T15:05,2006-01-07T16:30,NCE,1880812379
AJTWTSLS,code,L,70003099,FO,2006-01-07T17:10,2006-01-07T18:30,ORY,1880812379
AJTWTSLS,code,L,70003094,FO,2006-01-07T19:25,2006-01-07T21:05,NCE,1880812379
CTQJWVNK,code,L,70003091,CSD,2006-01-07T12:00,2006-01-07T14:20,ORY,1880812379
CTQJWVNK,code,L,70003084,CSD,2006-01-07T15:05,2006-01-07T16:30,NCE,1880812379
CTQJWVNK,code,L,70003099,CSD,2006-01-07T17:10,2006-01-07T18:30,ORY,1880812379
CTQJWVNK,code,L,70003094,CSD,2006-01-07T19:25,2006-01-07T21:05,NCE,1880812379
GQGWFXHQ,code,L,70003091,CSD,2006-01-07T12:00,2006-01-07T14:20,ORY,1880812379
GQGWFXHQ,code,L,70003084,CSD,2006-01-07T15:05,2006-01-07T16:30,NCE,1880812379
GQGWFXHQ,code,L,70003099,CSD,2006-01-07T17:10,2006-01-07T18:30,ORY,1880812379
GQGWFXHQ,code,L,70003094,CSD,2006-01-07T19:25,2006-01-07T21:05,NCE,1880812379
LJYSJRWQ,code,L,70003091,ST,2006-01-07T12:00,2006-01-07T14:20,ORY,1880812379
LJYSJRWQ,code,L,70003084,ST,2006-01-07T15:05,2006-01-07T16:30,NCE,1880812379
LJYSJRWQ,code,L,70003099,ST,2006-01-07T17:10,2006-01-07T18:30,ORY,1880812379
LJYSJRWQ,code,L,70003094,ST,2006-01-07T19:25,2006-01-07T21:05,NCE,1880812379
AYRUDRSJ,code,L,70003091,ST,2006-01-07T12:00,2006-01-07T14:20,ORY,1880812379
AYRUDRSJ,code,L,70003084,ST,2006-01-07T15:05,2006-01-07T16:30,NCE,1880812379
AYRUDRSJ,code,L,70003099,ST,2006-01-07T17:10,2006-01-07T18:30,ORY,1880812379
AYRUDRSJ,code,L,70003094,ST,2006-01-07T19:25,2006-01-07T21:05,NCE,1880812379
EOGKLKAZ,code,L,70003091,ST,2006-01-07T12:00,2006-01-07T14:20,ORY,1880812379
EOGKLKAZ,code,L,70003084,ST,2006-01-07T15:05,2006-01-07T16:30,NCE,1880812379
EOGKLKAZ,code,L,70003099,ST,2006-01-07T17:10,2006-01-07T18:30,ORY,1880812379
EOGKLKAZ,code,L,70003094,ST,2006-01-07T19:25,2006-01-07T21:05,NCE,1880812379
VAABEKJR,code,L,70003091,ST,2006-01-07T12:00,2006-01-07T14:20,ORY,1880812379
VAABEKJR,code,L,70003084,ST,2006-01-07T15:05,2006-01-07T16:30,NCE,1880812379
VAABEKJR,code,L,70003099,ST,2006-01-07T17:10,2006-01-07T18:30,ORY,1880812379
VAABEKJR,code,L,70003094,ST,2006-01-07T19:25,2006-01-07T21:05,NCE,1880812379
ZRPPIXUB,code,L,70004174,CP,2006-01-07T12:35,2006-01-07T14:35,SXB,658194566
ZRPPIXUB,code,L,70004389,CP,2006-01-07T15:35,2006-01-07T17:00,ORY,658194566
ZRPPIXUB,code,L,70004390,CP,2006-01-07T17:50,2006-01-07T19:15,PGF,658194566
ZRPPIXUB,code,L,70004169,CP,2006-01-07T20:00,2006-01-07T21:45,ORY,658194566
NYOWYNOE,code,L,70004174,FO,2006-01-07T12:35,2006-01-07T14:35,SXB,658194566
NYOWYNOE,code,L,70004389,FO,2006-01-07T15:35,2006-01-07T17:00,ORY,658194566
NYOWYNOE,code,L,70004390,FO,2006-01-07T17:50,2006-01-07T19:15,PGF,658194566
NYOWYNOE,code,L,70004169,FO,2006-01-07T20:00,2006-01-07T21:45,ORY,658194566
PZTVYKJA,code,L,70004174,CSD,2006-01-07T12:35,2006-01-07T14:35,SXB,658194566
PZTVYKJA,code,L,70004389,CSD,2006-01-07T15:35,2006-01-07T17:00,ORY,658194566
PZTVYKJA,code,L,70004390,CSD,2006-01-07T17:50,2006-01-07T19:15,PGF,658194566
PZTVYKJA,code,L,70004169,CSD,2006-01-07T20:00,2006-01-07T21:45,ORY,658194566
HOSGURMD,code,L,70004174,CSD,2006-01-07T12:35,2006-01-07T14:35,SXB,658194566
HOSGURMD,code,L,70004389,CSD,2006-01-07T15:35,2006-01-07T17:00,ORY,658194566
HOSGURMD,code,L,70004390,CSD,2006-01-07T17:50,2006-01-07T19:15,PGF,658194566
HOSGURMD,code,L,70004169,CSD,2006-01-07T20:00,2006-01-07T21:45,ORY,658194566
QHJSSQMK,code,L,70004174,ST,2006-01-07T12:35,2006-01-07T14:35,SXB,658194566
QHJSSQMK,code,L,70004389,ST,2006-01-07T15:35,2006-01-07T17:00,ORY,658194566
QHJSSQMK,code,L,70004390,ST,2006-01-07T17:50,2006-01-07T19:15,PGF,658194566
QHJSSQMK,code,L,70004169,ST,2006-01-07T20:00,2006-01-07T21:45,ORY,658194566
IBEKJBOO,code,L,70004174,ST,2006-01-07T12:35,2006-01-07T14:35,SXB,658194566
IBEKJBOO,code,L,70004389,ST,2006-01-07T15:35,2006-01-07T17:00,ORY,658194566
IBEKJBOO,code,L,70004390,ST,2006-01-07T17:50,2006-01-07T19:15,PGF,658194566
IBEKJBOO,code,L,70004169,ST,2006-01-07T20:00,2006-01-07T21:45,ORY,658194566
RJNPNNND,code,L,70004174,ST,2006-01-07T12:35,2006-01-07T14:35,SXB,658194566
RJNPNNND,code,L,70004389,ST,2006-01-07T15:35,2006-01-07T17:00,ORY,658194566
RJNPNNND,code,L,70004390,ST,2006-01-07T17:50,2006-01-07T19:15,PGF,658194566
RJNPNNND,code,L,70004169,ST,2006-01-07T20:00,2006-01-07T21:45,ORY,658194566
BVFOUCFW,code,L,70004174,ST,2006-01-07T12:35,2006-01-07T14:35,SXB,658194566
BVFOUCFW,code,L,70004389,ST,2006-01-07T15:35,2006-01-07T17:00,ORY,658194566
BVFOUCFW,code,L,70004390,ST,2006-01-07T17:50,2006-01-07T19:15,PGF,658194566
BVFOUCFW,code,L,70004169,ST,2006-01-07T20:00,2006-01-07T21:45,ORY,658194566
JELVZCDY,code,L,70002874,CP,2006-01-07T13:00,2006-01-07T15:20,MRS,794882901
JELVZCDY,code,L,70002907,CP,2006-01-07T18:35,2006-01-07T20:35,ORY,794882901
ZSNSGGYQ,code,L,70002874,FO,2006-01-07T13:00,2006-01-07T15:20,MRS,794882901
ZSNSGGYQ,code,L,70002907,FO,2006-01-07T18:35,2006-01-07T20:35,ORY,794882901
DORRCBUD,code,L,70002874,CSD,2006-01-07T13:00,2006-01-07T15:20,MRS,794882901
DORRCBUD,code,L,70002907,CSD,2006-01-07T18:35,2006-01-07T20:35,ORY,794882901
FDGSKKQF,code,L,70002874,CSD,2006-01-07T13:00,2006-01-07T15:20,MRS,794882901
FDGSKKQF,code,L,70002907,CSD,2006-01-07T18:35,2006-01-07T20:35,ORY,794882901
QDEMYXQS,code,L,70002874,ST,2006-01-07T13:00,2006-01-07T15:20,MRS,794882901
QDEMYXQS,code,L,70002907,ST,2006-01-07T18:35,2006-01-07T20:35,ORY,794882901
LFZVVHAW,code,L,70002874,ST,2006-01-07T13:00,2006-01-07T15:20,MRS,794882901
LFZVVHAW,code,L,70002907,ST,2006-01-07T18:35,2006-01-07T20:35,ORY,794882901
UVDGGVSQ,code,L,70002874,ST,2006-01-07T13:00,2006-01-07T15:20,MRS,794882901
UVDGGVSQ,code,L,70002907,ST,2006-01-07T18:35,2006-01-07T20:35,ORY,794882901
GHHVUTBM,code,L,70002874,ST,2006-01-07T13:00,2006-01-07T15:20,MRS,794882901
GHHVUTBM,code,L,70002907,ST,2006-01-07T18:35,2006-01-07T20:35,ORY,794882901
LEKVGOJW,code,L,70004619,CP,2006-01-07T13:30,2006-01-07T16:10,ETZ,1657007234
LEKVGOJW,code,L,70004620,CP,2006-01-07T18:50,2006-01-07T21:15,MRS,1657007234
CUTFQDXM,code,L,70004619,FO,2006-01-07T13:30,2006-01-07T16:10,ETZ,1657007234
CUTFQDXM,code,L,70004620,FO,2006-01-07T18:50,2006-01-07T21:15,MRS,1657007234
KSNAGCHW,code,L,70004619,CSD,2006-01-07T13:30,2006-01-07T16:10,ETZ,1657007234
KSNAGCHW,code,L,70004620,CSD,2006-01-07T18:50,2006-01-07T21:15,MRS,1657007234
BVLEAMOV,code,L,70004619,CSD,2006-01-07T13:30,2006-01-07T16:10,ETZ,1657007234
BVLEAMOV,code,L,70004620,CSD,2006-01-07T18:50,2006-01-07T21:15,MRS,1657007234
KODAFUDR,code,L,70004619,ST,2006-01-07T13:30,2006-01-07T16:10,ETZ,1657007234
KODAFUDR,code,L,70004620,ST,2006-01-07T18:50,2006-01-07T21:15,MRS,1657007234
VTEUMZXM,code,L,70004619,ST,2006-01-07T13:30,2006-01-07T16:10,ETZ,1657007234
VTEUMZXM,code,L,70004620,ST,2006-01-07T18:50,2006-01-07T21:15,MRS,1657007234
OUYFMAAQ,code,L,70004619,ST,2006-01-07T13:30,2006-01-07T16:10,ETZ,1657007234
OUYFMAAQ,code,L,70004620,ST,2006-01-07T18:50,2006-01-07T21:15,MRS,1657007234
KRQVEPVL,code,L,70004619,ST,2006-01-07T13:30,2006-01-07T16:10,ETZ,1657007234
KRQVEPVL,code,L,70004620,ST,2006-01-07T18:50,2006-01-07T21:15,MRS,1657007234
CLEXOXRI,code,L,70004435,CP,2006-01-07T13:40,2006-01-07T16:20,AJA,1015490648
CLEXOXRI,code,L,70004436,CP,2006-01-07T17:10,2006-01-07T19:35,ORY,1015490648
VHFWHALA,code,L,70004435,FO,2006-01-07T13:40,2006-01-07T16:20,AJA,1015490648
VHFWHALA,code,L,70004436,FO,2006-01-07T17:10,2006-01-07T19:35,ORY,1015490648
WTOWRTXF,code,L,70004435,CSD,2006-01-07T13:40,2006-01-07T16:20,AJA,1015490648
WTOWRTXF,code,L,70004436,CSD,2006-01-07T17:10,2006-01-07T19:35,ORY,1015490648
JELBYGCU,code,L,70004435,CSD,2006-01-07T13:40,2006-01-07T16:20,AJA,1015490648
JELBYGCU,code,L,70004436,CSD,2006-01-07T17:10,2006-01-07T19:35,ORY,1015490648
IUZPTWRR,code,L,70004435,ST,2006-01-07T13:40,2006-01-07T16:20,AJA,1015490648
IUZPTWRR,code,L,70004436,ST,2006-01-07T17:10,2006-01-07T19:35,ORY,1015490648
JIGRIPEV,code,L,70004435,ST,2006-01-07T13:40,2006-01-07T16:20,AJA,1015490648
JIGRIPEV,code,L,70004436,ST,2006-01-07T17:10,2006-01-07T19:35,ORY,1015490648
YUJJCIRX,code,L,70004435,ST,2006-01-07T13:40,2006-01-07T16:20,AJA,1015490648
YUJJCIRX,code,L,70004436,ST,2006-01-07T17:10,2006-01-07T19:35,ORY,1015490648
CLJVLIPD,code,L,70004435,ST,2006-01-07T13:40,2006-01-07T16:20,AJA,1015490648
CLJVLIPD,code,L,70004436,ST,2006-01-07T17:10,2006-01-07T19:35,ORY,1015490648
RRGASUBP,code,L,70004578,CP,2006-01-07T14:35,2006-01-07T17:10,NCE,773559890
RRGASUBP,code,L,70004575,CP,2006-01-07T18:30,2006-01-07T20:50,CDG,773559890
ZAMGUGOA,code,L,70004578,FO,2006-01-07T14:35,2006-01-07T17:10,NCE,773559890
ZAMGUGOA,code,L,70004575,FO,2006-01-07T18:30,2006-01-07T20:50,CDG,773559890
AILOUPQF,code,L,70004578,CSD,2006-01-07T14:35,2006-01-07T17:10,NCE,773559890
AILOUPQF,code,L,70004575,CSD,2006-01-07T18:30,2006-01-07T20:50,CDG,773559890
IIYNGYMH,code,L,70004578,CSD,2006-01-07T14:35,2006-01-07T17:10,NCE,773559890
IIYNGYMH,code,L,70004575,CSD,2006-01-07T18:30,2006-01-07T20:50,CDG,773559890
SNWNVREK,code,L,70004578,ST,2006-01-07T14:35,2006-01-07T17:10,NCE,773559890
SNWNVREK,code,L,70004575,ST,2006-01-07T18:30,2006-01-07T20:50,CDG,773559890
QOZACEMH,code,L,70004578,ST,2006-01-07T14:35,2006-01-07T17:10,NCE,773559890
QOZACEMH,code,L,70004575,ST,2006-01-07T18:30,2006-01-07T20:50,CDG,773559890
AZUINHUZ,code,L,70004578,ST,2006-01-07T14:35,2006-01-07T17:10,NCE,773559890
AZUINHUZ,code,L,70004575,ST,2006-01-07T18:30,2006-01-07T20:50,CDG,773559890
ENZSUBZC,code,L,70004578,ST,2006-01-07T14:35,2006-01-07T17:10,NCE,773559890
ENZSUBZC,code,L,70004575,ST,2006-01-07T18:30,2006-01-07T20:50,CDG,773559890
