crew_id,code,type,leg_id,rank,start,finish,airport,pairing
TFADEGLZ,code,L,70002597,CP,2006-01-07T04:00,2006-01-07T05:20,LEH,2022406920
TFADEGLZ,code,L,70002598,CP,2006-01-07T05:40,2006-01-07T07:00,URO,2022406920
TFADEGLZ,code,L,70002599,CP,2006-01-07T07:40,2006-01-07T09:10,LYS,2022406920
TFADEGLZ,code,L,70002600,CP,2006-01-07T09:30,2006-01-07T09:50,LEH,2022406920
TFADEGLZ,code,L,70002601,CP,2006-01-07T15:00,2006-01-07T15:20,URO,2022406920
TFADEGLZ,code,L,70002602,CP,2006-01-07T15:40,2006-01-07T17:10,LEH,2022406920
TFADEGLZ,code,L,70002603,CP,2006-01-07T17:50,2006-01-07T19:10,LYS,2022406920
TFADEGLZ,code,L,70002604,CP,2006-01-07T19:30,2006-01-07T20:35,URO,2022406920
NXCVDOMN,code,L,70002597,FO,2006-01-07T04:00,2006-01-07T05:20,LEH,2022406920
NXCVDOMN,code,L,70002598,FO,2006-01-07T05:40,2006-01-07T07:00,URO,2022406920
NXCVDOMN,code,L,70002599,FO,2006-01-07T07:40,2006-01-07T09:10,LYS,2022406920
NXCVDOMN,code,L,70002600,FO,2006-01-07T09:30,2006-01-07T09:50,LEH,2022406920
NXCVDOMN,code,L,70002601,FO,2006-01-07T15:00,2006-01-07T15:20,URO,2022406920
NXCVDOMN,code,L,70002602,FO,2006-01-07T15:40,2006-01-07T17:10,LEH,2022406920
NXCVDOMN,code,L,70002603,FO,2006-01-07T17:50,2006-01-07T19:10,LYS,2022406920
NXCVDOMN,code,L,70002604,FO,2006-01-07T19:30,2006-01-07T20:35,URO,2022406920
KWMAURKS,code,L,70002597,CS,2006-01-07T04:00,2006-01-07T05:20,LEH,2022406920
KWMAURKS,code,L,70002598,CS,2006-01-07T05:40,2006-01-07T07:00,URO,2022406920
KWMAURKS,code,L,70002599,CS,2006-01-07T07:40,2006-01-07T09:10,LYS,2022406920
KWMAURKS,code,L,70002600,CS,2006-01-07T09:30,2006-01-07T09:50,LEH,2022406920
KWMAURKS,code,L,70002601,CS,2006-01-07T15:00,2006-01-07T15:20,URO,2022406920
KWMAURKS,code,L,70002602,CS,2006-01-07T15:40,2006-01-07T17:10,LEH,2022406920
KWMAURKS,code,L,70002603,CS,2006-01-07T17:50,2006-01-07T19:10,LYS,2022406920
KWMAURKS,code,L,70002604,CS,2006-01-07T19:30,2006-01-07T20:35,URO,2022406920
RZOHYJZY,code,L,70002597,ST,2006-01-07T04:00,2006-01-07T05:20,LEH,2022406920
RZOHYJZY,code,L,70002598,ST,2006-01-07T05:40,2006-01-07T07:00,URO,2022406920
RZOHYJZY,code,L,70002599,ST,2006-01-07T07:40,2006-01-07T09:10,LYS,2022406920
RZOHYJZY,code,L,70002600,ST,2006-01-07T09:30,2006-01-07T09:50,LEH,2022406920
RZOHYJZY,code,L,70002601,ST,2006-01-07T15:00,2006-01-07T15:20,URO,2022406920
RZOHYJZY,code,L,70002602,ST,2006-01-07T15:40,2006-01-07T17:10,LEH,2022406920
RZOHYJZY,code,L,70002603,ST,2006-01-07T17:50,2006-01-07T19:10,LYS,2022406920
RZOHYJZY,code,L,70002604,ST,2006-01-07T19:30,2006-01-07T20:35,URO,2022406920
MFHPFQMU,code,L,70002597,ST,2006-01-07T04:00,2006-01-07T05:20,LEH,2022406920
MFHPFQMU,code,L,70002598,ST,2006-01-07T05:40,2006-01-07T07:00,URO,2022406920
MFHPFQMU,code,L,70002599,ST,2006-01-07T07:40,2006-01-07T09:10,LYS,2022406920
MFHPFQMU,code,L,70002600,ST,2006-01-07T09:30,2006-01-07T09:50,LEH,2022406920
MFHPFQMU,code,L,70002601,ST,2006-01-07T15:00,2006-01-07T15:20,URO,2022406920
MFHPFQMU,code,L,70002602,ST,2006-01-07T15:40,2006-01-07T17:10,LEH,2022406920
MFHPFQMU,code,L,70002603,ST,2006-01-07T17:50,2006-01-07T19:10,LYS,2022406920
MFHPFQMU,code,L,70002604,ST,2006-01-07T19:30,2006-01-07T20:35,URO,2022406920
QKWLMWNF,code,L,70002597,ST,2006-01-07T04:00,2006-01-07T05:20,LEH,2022406920
QKWLMWNF,code,L,70002598,ST,2006-01-07T05:40,2006-01-07T07:00,URO,2022406920
QKWLMWNF,code,L,70002599,ST,2006-01-07T07:40,2006-01-07T09:10,LYS,2022406920
QKWLMWNF,code,L,70002600,ST,2006-01-07T09:30,2006-01-07T09:50,LEH,2022406920
QKWLMWNF,code,L,70002601,ST,2006-01-07T15:00,2006-01-07T15:20,URO,2022406920
QKWLMWNF,code,L,70002602,ST,2006-01-07T15:40,2006-01-07T17:10,LEH,2022406920
QKWLMWNF,code,L,70002603,ST,2006-01-07T17:50,2006-01-07T19:10,LYS,2022406920
QKWLMWNF,code,L,70002604,ST,2006-01-07T19:30,2006-01-07T20:35,URO,2022406920
FDNTKTPT,code,L,70005123,CP,2006-01-07T04:05,2006-01-07T07:20,TLS,2138821259
FDNTKTPT,code,L,70005124,CP,2006-01-07T08:25,2006-01-07T11:05,AMS,2138821259
YDNVHUNJ,code,L,70005123,FO,2006-01-07T04:05,2006-01-07T07:20,TLS,2138821259
YDNVHUNJ,code,L,70005124,FO,2006-01-07T08:25,2006-01-07T11:05,AMS,2138821259
HXGQRZXB,code,L,70005123,CSD,2006-01-07T04:05,2006-01-07T07:20,TLS,2138821259
HXGQRZXB,code,L,70005124,CSD,2006-01-07T08:25,2006-01-07T11:05,AMS,2138821259
HDFJENIJ,code,L,70005123,ST,2006-01-07T04:05,2006-01-07T07:20,TLS,2138821259
HDFJENIJ,code,L,70005124,ST,2006-01-07T08:25,2006-01-07T11:05,AMS,2138821259
HDZTHODA,code,L,70005123,ST,2006-01-07T04:05,2006-01-07T07:20,TLS,2138821259
HDZTHODA,code,L,70005124,ST,2006-01-07T08:25,2006-01-07T11:05,AMS,2138821259
ICDGTQVO,code,L,70004600,CP,2006-01-07T04:25,2006-01-07T06:45,BES,2125508764
ICDGTQVO,code,L,70004599,CP,2006-01-07T09:30,2006-01-07T11:30,CDG,2125508764
OMOMVLWG,code,L,70004600,FO,2006-01-07T04:25,2006-01-07T06:45,BES,2125508764
OMOMVLWG,code,L,70004599,FO,2006-01-07T09:30,2006-01-07T11:30,CDG,2125508764
AHHVDBJX,code,L,70004600,CS,2006-01-07T04:25,2006-01-07T06:45,BES,2125508764
AHHVDBJX,code,L,70004599,CS,2006-01-07T09:30,2006-01-07T11:30,CDG,2125508764
ZHOARQXJ,code,L,70004600,CS,2006-01-07T04:25,2006-01-07T06:45,BES,2125508764
ZHOARQXJ,code,L,70004599,CS,2006-01-07T09:30,2006-01-07T11:30,CDG,2125508764
ZIGFTENT,code,L,70004600,ST,2006-01-07T04:25,2006-01-07T06:45,BES,2125508764
ZIGFTENT,code,L,70004599,ST,2006-01-07T09:30,2006-01-07T11:30,CDG,2125508764
XWCJMEWR,code,L,70004600,ST,2006-01-07T04:25,2006-01-07T06:45,BES,2125508764
XWCJMEWR,code,L,70004599,ST,2006-01-07T09:30,2006-01-07T11:30,CDG,2125508764
MYAKHHPV,code,L,70004600,ST,2006-01-07T04:25,2006-01-07T06:45,BES,2125508764
MYAKHHPV,code,L,70004599,ST,2006-01-07T09:30,2006-01-07T11:30,CDG,2125508764
CJQMUMGM,code,L,70004600,ST,2006-01-07T04:25,2006-01-07T06:45,BES,2125508764
CJQMUMGM,code,L,70004599,ST,2006-01-07T09:30,2006-01-07T11:30,CDG,2125508764
XBJXWEAS,code,L,70004600,ST,2006-01-07T04:25,2006-01-07T06:45,BES,2125508764
XBJXWEAS,code,L,70004599,ST,2006-01-07T09:30,2006-01-07T11:30,CDG,2125508764
ZQFIGEQX,code,L,70004600,ST,2006-01-07T04:25,2006-01-07T06:45,BES,2125508764
ZQFIGEQX,code,L,70004599,ST,2006-01-07T09:30,2006-01-07T11:30,CDG,2125508764
ZAXCCFIH,code,L,70002653,CP,2006-01-07T04:25,2006-01-07T06:55,BES,1501688522
ZAXCCFIH,code,L,70002654,CP,2006-01-07T07:40,2006-01-07T09:15,LYS,1501688522
ZAXCCFIH,code,L,70002657,CP,2006-01-07T10:05,2006-01-07T11:45,BES,1501688522
ZAXCCFIH,code,L,70002658,CP,2006-01-07T12:25,2006-01-07T14:50,MRS,1501688522
QEQFBSWJ,code,L,70002653,FO,2006-01-07T04:25,2006-01-07T06:55,BES,1501688522
QEQFBSWJ,code,L,70002654,FO,2006-01-07T07:40,2006-01-07T09:15,LYS,1501688522
QEQFBSWJ,code,L,70002657,FO,2006-01-07T10:05,2006-01-07T11:45,BES,1501688522
QEQFBSWJ,code,L,70002658,FO,2006-01-07T12:25,2006-01-07T14:50,MRS,1501688522
XLLQDBBF,code,L,70002653,CS,2006-01-07T04:25,2006-01-07T06:55,BES,1501688522
XLLQDBBF,code,L,70002654,CS,2006-01-07T07:40,2006-01-07T09:15,LYS,1501688522
XLLQDBBF,code,L,70002657,CS,2006-01-07T10:05,2006-01-07T11:45,BES,1501688522
XLLQDBBF,code,L,70002658,CS,2006-01-07T12:25,2006-01-07T14:50,MRS,1501688522
VMCRZXKU,code,L,70002653,ST,2006-01-07T04:25,2006-01-07T06:55,BES,1501688522
VMCRZXKU,code,L,70002654,ST,2006-01-07T07:40,2006-01-07T09:15,LYS,1501688522
VMCRZXKU,code,L,70002657,ST,2006-01-07T10:05,2006-01-07T11:45,BES,1501688522
VMCRZXKU,code,L,70002658,ST,2006-01-07T12:25,2006-01-07T14:50,MRS,1501688522
EBMNYOGO,code,L,70002653,ST,2006-01-07T04:25,2006-01-07T06:55,BES,1501688522
EBMNYOGO,code,L,70002654,ST,2006-01-07T07:40,2006-01-07T09:15,LYS,1501688522
EBMNYOGO,code,L,70002657,ST,2006-01-07T10:05,2006-01-07T11:45,BES,1501688522
EBMNYOGO,code,L,70002658,ST,2006-01-07T12:25,2006-01-07T14:50,MRS,1501688522
TDCTIVSI,code,L,70002653,ST,2006-01-07T04:25,2006-01-07T06:55,BES,1501688522
TDCTIVSI,code,L,70002654,ST,2006-01-07T07:40,2006-01-07T09:15,LYS,1501688522
TDCTIVSI,code,L,70002657,ST,2006-01-07T10:05,2006-01-07T11:45,BES,1501688522
TDCTIVSI,code,L,70002658,ST,2006-01-07T12:25,2006-01-07T14:50,MRS,1501688522
FRYONESR,code,L,70002587,CP,2006-01-07T04:25,2006-01-07T06:35,CFR,48190158
FRYONESR,code,L,70002588,CP,2006-01-07T07:40,2006-01-07T09:40,LYS,48190158
GXMPRNJL,code,L,70002587,FO,2006-01-07T04:25,2006-01-07T06:35,CFR,48190158
GXMPRNJL,code,L,70002588,FO,2006-01-07T07:40,2006-01-07T09:40,LYS,48190158
MWTXPTKR,code,L,70002587,CS,2006-01-07T04:25,2006-01-07T06:35,CFR,48190158
MWTXPTKR,code,L,70002588,CS,2006-01-07T07:40,2006-01-07T09:40,LYS,48190158
QLQKNNMY,code,L,70002587,ST,2006-01-07T04:25,2006-01-07T06:35,CFR,48190158
QLQKNNMY,code,L,70002588,ST,2006-01-07T07:40,2006-01-07T09:40,LYS,48190158
AIAPUOJH,code,L,70002587,ST,2006-01-07T04:25,2006-01-07T06:35,CFR,48190158
AIAPUOJH,code,L,70002588,ST,2006-01-07T07:40,2006-01-07T09:40,LYS,48190158
LVMHWUEJ,code,L,70002587,ST,2006-01-07T04:25,2006-01-07T06:35,CFR,48190158
LVMHWUEJ,code,L,70002588,ST,2006-01-07T07:40,2006-01-07T09:40,LYS,48190158
QFIFSWZU,code,L,70004636,CP,2006-01-07T04:25,2006-01-07T06:55,PUF,2138614433
QFIFSWZU,code,L,70004639,CP,2006-01-07T07:30,2006-01-07T09:45,CDG,2138614433
XOLMOXAU,code,L,70004636,FO,2006-01-07T04:25,2006-01-07T06:55,PUF,2138614433
XOLMOXAU,code,L,70004639,FO,2006-01-07T07:30,2006-01-07T09:45,CDG,2138614433
NJBMCOGG,code,L,70004636,CS,2006-01-07T04:25,2006-01-07T06:55,PUF,2138614433
NJBMCOGG,code,L,70004639,CS,2006-01-07T07:30,2006-01-07T09:45,CDG,2138614433
JCMFVIWI,code,L,70004636,ST,2006-01-07T04:25,2006-01-07T06:55,PUF,2138614433
JCMFVIWI,code,L,70004639,ST,2006-01-07T07:30,2006-01-07T09:45,CDG,2138614433
VRJKEJEZ,code,L,70004636,ST,2006-01-07T04:25,2006-01-07T06:55,PUF,2138614433
VRJKEJEZ,code,L,70004639,ST,2006-01-07T07:30,2006-01-07T09:45,CDG,2138614433
TWVDOEFI,code,L,70002583,CP,2006-01-07T04:25,2006-01-07T06:25,RNS,1816610767
TWVDOEFI,code,L,70004543,CP,2006-01-07T10:25,2006-01-07T11:50,CDG,1816610767
TWVDOEFI,code,L,70004546,CP,2006-01-07T12:40,2006-01-07T14:10,MPL,1816610767
TWVDOEFI,code,L,70002586,CP,2006-01-07T19:00,2006-01-07T20:40,CDG,1816610767
VGEJWBUH,code,L,70002583,FO,2006-01-07T04:25,2006-01-07T06:25,RNS,1816610767
VGEJWBUH,code,L,70004543,FO,2006-01-07T10:25,2006-01-07T11:50,CDG,1816610767
VGEJWBUH,code,L,70004546,FO,2006-01-07T12:40,2006-01-07T14:10,MPL,1816610767
VGEJWBUH,code,L,70002586,FO,2006-01-07T19:00,2006-01-07T20:40,CDG,1816610767
ONBNJAGZ,code,L,70002583,CS,2006-01-07T04:25,2006-01-07T06:25,RNS,1816610767
ONBNJAGZ,code,L,70004543,CS,2006-01-07T10:25,2006-01-07T11:50,CDG,1816610767
ONBNJAGZ,code,L,70004546,CS,2006-01-07T12:40,2006-01-07T14:10,MPL,1816610767
ONBNJAGZ,code,L,70002586,CS,2006-01-07T19:00,2006-01-07T20:40,CDG,1816610767
KSQNLQUH,code,L,70002583,ST,2006-01-07T04:25,2006-01-07T06:25,RNS,1816610767
KSQNLQUH,code,L,70004543,ST,2006-01-07T10:25,2006-01-07T11:50,CDG,1816610767
KSQNLQUH,code,L,70004546,ST,2006-01-07T12:40,2006-01-07T14:10,MPL,1816610767
KSQNLQUH,code,L,70002586,ST,2006-01-07T19:00,2006-01-07T20:40,CDG,1816610767
RJOBKWKS,code,L,70002583,ST,2006-01-07T04:25,2006-01-07T06:25,RNS,1816610767
RJOBKWKS,code,L,70004543,ST,2006-01-07T10:25,2006-01-07T11:50,CDG,1816610767
RJOBKWKS,code,L,70004546,ST,2006-01-07T12:40,2006-01-07T14:10,MPL,1816610767
RJOBKWKS,code,L,70002586,ST,2006-01-07T19:00,2006-01-07T20:40,CDG,1816610767
CBQWJFUS,code,L,70004194,CP,2006-01-07T04:30,2006-01-07T06:40,MLH,1709706839
CBQWJFUS,code,L,70004195,CP,2006-01-07T08:15,2006-01-07T10:00,ORY,1709706839
GMOJRETM,code,L,70004194,FO,2006-01-07T04:30,2006-01-07T06:40,MLH,1709706839
GMOJRETM,code,L,70004195,FO,2006-01-07T08:15,2006-01-07T10:00,ORY,1709706839
LQSNIJSP,code,L,70004194,CS,2006-01-07T04:30,2006-01-07T06:40,MLH,1709706839
LQSNIJSP,code,L,70004195,CS,2006-01-07T08:15,2006-01-07T10:00,ORY,1709706839
DRBCBSNO,code,L,70004194,CS,2006-01-07T04:30,2006-01-07T06:40,MLH,1709706839
DRBCBSNO,code,L,70004195,CS,2006-01-07T08:15,2006-01-07T10:00,ORY,1709706839
PDFYLCJZ,code,L,70004194,ST,2006-01-07T04:30,2006-01-07T06:40,MLH,1709706839
PDFYLCJZ,code,L,70004195,ST,2006-01-07T08:15,2006-01-07T10:00,ORY,1709706839
NPFDBNFM,code,L,70004194,ST,2006-01-07T04:30,2006-01-07T06:40,MLH,1709706839
NPFDBNFM,code,L,70004195,ST,2006-01-07T08:15,2006-01-07T10:00,ORY,1709706839
FZACJUKH,code,L,70004194,ST,2006-01-07T04:30,2006-01-07T06:40,MLH,1709706839
FZACJUKH,code,L,70004195,ST,2006-01-07T08:15,2006-01-07T10:00,ORY,1709706839
LAPTUHKS,code,L,70004194,ST,2006-01-07T04:30,2006-01-07T06:40,MLH,1709706839
LAPTUHKS,code,L,70004195,ST,2006-01-07T08:15,2006-01-07T10:00,ORY,1709706839
NXSJTODY,code,L,70004194,ST,2006-01-07T04:30,2006-01-07T06:40,MLH,1709706839
NXSJTODY,code,L,70004195,ST,2006-01-07T08:15,2006-01-07T10:00,ORY,1709706839
LKNDDJUF,code,L,70004194,ST,2006-01-07T04:30,2006-01-07T06:40,MLH,1709706839
LKNDDJUF,code,L,70004195,ST,2006-01-07T08:15,2006-01-07T10:00,ORY,1709706839
XTAUGQPY,code,L,70002866,CP,2006-01-07T04:30,2006-01-07T06:50,MRS,830807798
XTAUGQPY,code,L,70002873,CP,2006-01-07T07:35,2006-01-07T09:35,ORY,830807798
VJZVMIKF,code,L,70002866,FO,2006-01-07T04:30,2006-01-07T06:50,MRS,830807798
VJZVMIKF,code,L,70002873,FO,2006-01-07T07:35,2006-01-07T09:35,ORY,830807798
IEDGSGMS,code,L,70002866,CS,2006-01-07T04:30,2006-01-07T06:50,MRS,830807798
IEDGSGMS,code,L,70002873,CS,2006-01-07T07:35,2006-01-07T09:35,ORY,830807798
IJEUUUAC,code,L,70002866,CS,2006-01-07T04:30,2006-01-07T06:50,MRS,830807798
IJEUUUAC,code,L,70002873,CS,2006-01-07T07:35,2006-01-07T09:35,ORY,830807798
AJLUXODE,code,L,70002866,ST,2006-01-07T04:30,2006-01-07T06:50,MRS,830807798
AJLUXODE,code,L,70002873,ST,2006-01-07T07:35,2006-01-07T09:35,ORY,830807798
PNSBUNFX,code,L,70002866,ST,2006-01-07T04:30,2006-01-07T06:50,MRS,830807798
PNSBUNFX,code,L,70002873,ST,2006-01-07T07:35,2006-01-07T09:35,ORY,830807798
XGELAFIG,code,L,70002866,ST,2006-01-07T04:30,2006-01-07T06:50,MRS,830807798
XGELAFIG,code,L,70002873,ST,2006-01-07T07:35,2006-01-07T09:35,ORY,830807798
OEBKISQY,code,L,70002866,ST,2006-01-07T04:30,2006-01-07T06:50,MRS,830807798
OEBKISQY,code,L,70002873,ST,2006-01-07T07:35,2006-01-07T09:35,ORY,830807798
JLNFRYWP,code,L,70002866,ST,2006-01-07T04:30,2006-01-07T06:50,MRS,830807798
JLNFRYWP,code,L,70002873,ST,2006-01-07T07:35,2006-01-07T09:35,ORY,830807798
ZSDBOQCS,code,L,70002866,ST,2006-01-07T04:30,2006-01-07T06:50,MRS,830807798
ZSDBOQCS,code,L,70002873,ST,2006-01-07T07:35,2006-01-07T09:35,ORY,830807798
QMOIWPMW,code,L,70002573,CP,2006-01-07T04:30,2006-01-07T06:35,LIG,791771284
QMOIWPMW,code,L,70002574,CP,2006-01-07T08:00,2006-01-07T09:00,ORY,791771284
QMOIWPMW,code,L,70002581,CP,2006-01-07T10:05,2006-01-07T11:20,LIG,791771284
QMOIWPMW,code,L,70002582,CP,2006-01-07T12:30,2006-01-07T14:30,CDG,791771284
SIJVMNLB,code,L,70002573,FO,2006-01-07T04:30,2006-01-07T06:35,LIG,791771284
SIJVMNLB,code,L,70002574,FO,2006-01-07T08:00,2006-01-07T09:00,ORY,791771284
SIJVMNLB,code,L,70002581,FO,2006-01-07T10:05,2006-01-07T11:20,LIG,791771284
SIJVMNLB,code,L,70002582,FO,2006-01-07T12:30,2006-01-07T14:30,CDG,791771284
YBSDZVGK,code,L,70002573,CSD,2006-01-07T04:30,2006-01-07T06:35,LIG,791771284
YBSDZVGK,code,L,70002574,CSD,2006-01-07T08:00,2006-01-07T09:00,ORY,791771284
YBSDZVGK,code,L,70002581,CSD,2006-01-07T10:05,2006-01-07T11:20,LIG,791771284
YBSDZVGK,code,L,70002582,CSD,2006-01-07T12:30,2006-01-07T14:30,CDG,791771284
YGPRPIKU,code,L,70002573,ST,2006-01-07T04:30,2006-01-07T06:35,LIG,791771284
YGPRPIKU,code,L,70002574,ST,2006-01-07T08:00,2006-01-07T09:00,ORY,791771284
YGPRPIKU,code,L,70002581,ST,2006-01-07T10:05,2006-01-07T11:20,LIG,791771284
YGPRPIKU,code,L,70002582,ST,2006-01-07T12:30,2006-01-07T14:30,CDG,791771284
BRVGXTLA,code,L,70002573,ST,2006-01-07T04:30,2006-01-07T06:35,LIG,791771284
BRVGXTLA,code,L,70002574,ST,2006-01-07T08:00,2006-01-07T09:00,ORY,791771284
BRVGXTLA,code,L,70002581,ST,2006-01-07T10:05,2006-01-07T11:20,LIG,791771284
BRVGXTLA,code,L,70002582,ST,2006-01-07T12:30,2006-01-07T14:30,CDG,791771284
IWSRZJVJ,code,L,70002573,ST,2006-01-07T04:30,2006-01-07T06:35,LIG,791771284
IWSRZJVJ,code,L,70002574,ST,2006-01-07T08:00,2006-01-07T09:00,ORY,791771284
IWSRZJVJ,code,L,70002581,ST,2006-01-07T10:05,2006-01-07T11:20,LIG,791771284
IWSRZJVJ,code,L,70002582,ST,2006-01-07T12:30,2006-01-07T14:30,CDG,791771284
TXIUUVLU,code,L,70002613,CP,2006-01-07T04:30,2006-01-07T06:45,RNS,2113437503
TXIUUVLU,code,L,70002614,CP,2006-01-07T07:45,2006-01-07T09:50,LYS,2113437503
KKCUTTCF,code,L,70002613,FO,2006-01-07T04:30,2006-01-07T06:45,RNS,2113437503
KKCUTTCF,code,L,70002614,FO,2006-01-07T07:45,2006-01-07T09:50,LYS,2113437503
TKGSQMRN,code,L,70002613,CSD,2006-01-07T04:30,2006-01-07T06:45,RNS,2113437503
TKGSQMRN,code,L,70002614,CSD,2006-01-07T07:45,2006-01-07T09:50,LYS,2113437503
SEWEYXHC,code,L,70002613,ST,2006-01-07T04:30,2006-01-07T06:45,RNS,2113437503
SEWEYXHC,code,L,70002614,ST,2006-01-07T07:45,2006-01-07T09:50,LYS,2113437503
PXWZKESF,code,L,70002613,ST,2006-01-07T04:30,2006-01-07T06:45,RNS,2113437503
PXWZKESF,code,L,70002614,ST,2006-01-07T07:45,2006-01-07T09:50,LYS,2113437503
XJUDPLTA,code,L,70004334,CP,2006-01-07T04:30,2006-01-07T06:45,AVN,1162073078
XJUDPLTA,code,L,70004333,CP,2006-01-07T08:15,2006-01-07T09:30,ORY,1162073078
XJUDPLTA,code,L,70004336,CP,2006-01-07T10:05,2006-01-07T11:20,AVN,1162073078
XJUDPLTA,code,L,70004337,CP,2006-01-07T12:20,2006-01-07T14:20,ORY,1162073078
FHVYHOVW,code,L,70004334,FO,2006-01-07T04:30,2006-01-07T06:45,AVN,1162073078
FHVYHOVW,code,L,70004333,FO,2006-01-07T08:15,2006-01-07T09:30,ORY,1162073078
FHVYHOVW,code,L,70004336,FO,2006-01-07T10:05,2006-01-07T11:20,AVN,1162073078
FHVYHOVW,code,L,70004337,FO,2006-01-07T12:20,2006-01-07T14:20,ORY,1162073078
GESLUEYX,code,L,70004334,CS,2006-01-07T04:30,2006-01-07T06:45,AVN,1162073078
GESLUEYX,code,L,70004333,CS,2006-01-07T08:15,2006-01-07T09:30,ORY,1162073078
GESLUEYX,code,L,70004336,CS,2006-01-07T10:05,2006-01-07T11:20,AVN,1162073078
GESLUEYX,code,L,70004337,CS,2006-01-07T12:20,2006-01-07T14:20,ORY,1162073078
KEDTQOWY,code,L,70004334,ST,2006-01-07T04:30,2006-01-07T06:45,AVN,1162073078
KEDTQOWY,code,L,70004333,ST,2006-01-07T08:15,2006-01-07T09:30,ORY,1162073078
KEDTQOWY,code,L,70004336,ST,2006-01-07T10:05,2006-01-07T11:20,AVN,1162073078
KEDTQOWY,code,L,70004337,ST,2006-01-07T12:20,2006-01-07T14:20,ORY,1162073078
JEUEVDBX,code,L,70004334,ST,2006-01-07T04:30,2006-01-07T06:45,AVN,1162073078
JEUEVDBX,code,L,70004333,ST,2006-01-07T08:15,2006-01-07T09:30,ORY,1162073078
JEUEVDBX,code,L,70004336,ST,2006-01-07T10:05,2006-01-07T11:20,AVN,1162073078
JEUEVDBX,code,L,70004337,ST,2006-01-07T12:20,2006-01-07T14:20,ORY,1162073078
TNQOPHPW,code,L,70004334,ST,2006-01-07T04:30,2006-01-07T06:45,AVN,1162073078
TNQOPHPW,code,L,70004333,ST,2006-01-07T08:15,2006-01-07T09:30,ORY,1162073078
TNQOPHPW,code,L,70004336,ST,2006-01-07T10:05,2006-01-07T11:20,AVN,1162073078
TNQOPHPW,code,L,70004337,ST,2006-01-07T12:20,2006-01-07T14:20,ORY,1162073078
UDDMJYKA,code,L,70002593,CP,2006-01-07T04:35,2006-01-07T06:35,LIG,1379662799
UDDMJYKA,code,L,70004504,CP,2006-01-07T10:00,2006-01-07T11:10,LYS,1379662799
UDDMJYKA,code,L,70004507,CP,2006-01-07T12:15,2006-01-07T13:25,CDG,1379662799
UDDMJYKA,code,L,70004508,CP,2006-01-07T16:00,2006-01-07T17:10,LYS,1379662799
UDDMJYKA,code,L,70004511,CP,2006-01-07T17:55,2006-01-07T19:05,CDG,1379662799
UDDMJYKA,code,L,70004512,CP,2006-01-07T19:55,2006-01-07T21:40,LYS,1379662799
JJJBTGVU,code,L,70002593,FO,2006-01-07T04:35,2006-01-07T06:35,LIG,1379662799
JJJBTGVU,code,L,70004504,FO,2006-01-07T10:00,2006-01-07T11:10,LYS,1379662799
JJJBTGVU,code,L,70004507,FO,2006-01-07T12:15,2006-01-07T13:25,CDG,1379662799
JJJBTGVU,code,L,70004508,FO,2006-01-07T16:00,2006-01-07T17:10,LYS,1379662799
JJJBTGVU,code,L,70004511,FO,2006-01-07T17:55,2006-01-07T19:05,CDG,1379662799
JJJBTGVU,code,L,70004512,FO,2006-01-07T19:55,2006-01-07T21:40,LYS,1379662799
UEGYVYKF,code,L,70002593,CS,2006-01-07T04:35,2006-01-07T06:35,LIG,1379662799
UEGYVYKF,code,L,70004504,CS,2006-01-07T10:00,2006-01-07T11:10,LYS,1379662799
UEGYVYKF,code,L,70004507,CS,2006-01-07T12:15,2006-01-07T13:25,CDG,1379662799
UEGYVYKF,code,L,70004508,CS,2006-01-07T16:00,2006-01-07T17:10,LYS,1379662799
UEGYVYKF,code,L,70004511,CS,2006-01-07T17:55,2006-01-07T19:05,CDG,1379662799
UEGYVYKF,code,L,70004512,CS,2006-01-07T19:55,2006-01-07T21:40,LYS,1379662799
SHIGNCGJ,code,L,70002593,CS,2006-01-07T04:35,2006-01-07T06:35,LIG,1379662799
SHIGNCGJ,code,L,70004504,CS,2006-01-07T10:00,2006-01-07T11:10,LYS,1379662799
SHIGNCGJ,code,L,70004507,CS,2006-01-07T12:15,2006-01-07T13:25,CDG,1379662799
SHIGNCGJ,code,L,70004508,CS,2006-01-07T16:00,2006-01-07T17:10,LYS,1379662799
SHIGNCGJ,code,L,70004511,CS,2006-01-07T17:55,2006-01-07T19:05,CDG,1379662799
SHIGNCGJ,code,L,70004512,CS,2006-01-07T19:55,2006-01-07T21:40,LYS,1379662799
GNEQAVJZ,code,L,70002593,ST,2006-01-07T04:35,2006-01-07T06:35,LIG,1379662799
GNEQAVJZ,code,L,70004504,ST,2006-01-07T10:00,2006-01-07T11:10,LYS,1379662799
GNEQAVJZ,code,L,70004507,ST,2006-01-07T12:15,2006-01-07T13:25,CDG,1379662799
GNEQAVJZ,code,L,70004508,ST,2006-01-07T16:00,2006-01-07T17:10,LYS,1379662799
GNEQAVJZ,code,L,70004511,ST,2006-01-07T17:55,2006-01-07T19:05,CDG,1379662799
GNEQAVJZ,code,L,70004512,ST,2006-01-07T19:55,2006-01-07T21:40,LYS,1379662799
LDCVDUZE,code,L,70002593,ST,2006-01-07T04:35,2006-01-07T06:35,LIG,1379662799
LDCVDUZE,code,L,70004504,ST,2006-01-07T10:00,2006-01-07T11:10,LYS,1379662799
LDCVDUZE,code,L,70004507,ST,2006-01-07T12:15,2006-01-07T13:25,CDG,1379662799
LDCVDUZE,code,L,70004508,ST,2006-01-07T16:00,2006-01-07T17:10,LYS,1379662799
LDCVDUZE,code,L,70004511,ST,2006-01-07T17:55,2006-01-07T19:05,CDG,1379662799
LDCVDUZE,code,L,70004512,ST,2006-01-07T19:55,2006-01-07T21:40,LYS,1379662799
VATXGTBY,code,L,70002593,ST,2006-01-07T04:35,2006-01-07T06:35,LIG,1379662799
VATXGTBY,code,L,70004504,ST,2006-01-07T10:00,2006-01-07T11:10,LYS,1379662799
VATXGTBY,code,L,70004507,ST,2006-01-07T12:15,2006-01-07T13:25,CDG,1379662799
VATXGTBY,code,L,70004508,ST,2006-01-07T16:00,2006-01-07T17:10,LYS,1379662799
VATXGTBY,code,L,70004511,ST,2006-01-07T17:55,2006-01-07T19:05,CDG,1379662799
VATXGTBY,code,L,70004512,ST,2006-01-07T19:55,2006-01-07T21:40,LYS,1379662799
JFGKSXFM,code,L,70002593,ST,2006-01-07T04:35,2006-01-07T06:35,LIG,1379662799
JFGKSXFM,code,L,70004504,ST,2006-01-07T10:00,2006-01-07T11:10,LYS,1379662799
JFGKSXFM,code,L,70004507,ST,2006-01-07T12:15,2006-01-07T13:25,CDG,1379662799
JFGKSXFM,code,L,70004508,ST,2006-01-07T16:00,2006-01-07T17:10,LYS,1379662799
JFGKSXFM,code,L,70004511,ST,2006-01-07T17:55,2006-01-07T19:05,CDG,1379662799
JFGKSXFM,code,L,70004512,ST,2006-01-07T19:55,2006-01-07T21:40,LYS,1379662799
SSVPDLZB,code,L,70002593,ST,2006-01-07T04:35,2006-01-07T06:35,LIG,1379662799
SSVPDLZB,code,L,70004504,ST,2006-01-07T10:00,2006-01-07T11:10,LYS,1379662799
SSVPDLZB,code,L,70004507,ST,2006-01-07T12:15,2006-01-07T13:25,CDG,1379662799
SSVPDLZB,code,L,70004508,ST,2006-01-07T16:00,2006-01-07T17:10,LYS,1379662799
SSVPDLZB,code,L,70004511,ST,2006-01-07T17:55,2006-01-07T19:05,CDG,1379662799
SSVPDLZB,code,L,70004512,ST,2006-01-07T19:55,2006-01-07T21:40,LYS,1379662799
WDWQZUWS,code,L,70002593,ST,2006-01-07T04:35,2006-01-07T06:35,LIG,1379662799
WDWQZUWS,code,L,70004504,ST,2006-01-07T10:00,2006-01-07T11:10,LYS,1379662799
WDWQZUWS,code,L,70004507,ST,2006-01-07T12:15,2006-01-07T13:25,CDG,1379662799
WDWQZUWS,code,L,70004508,ST,2006-01-07T16:00,2006-01-07T17:10,LYS,1379662799
WDWQZUWS,code,L,70004511,ST,2006-01-07T17:55,2006-01-07T19:05,CDG,1379662799
WDWQZUWS,code,L,70004512,ST,2006-01-07T19:55,2006-01-07T21:40,LYS,1379662799
QHUEIMIM,code,L,70004684,CP,2006-01-07T04:35,2006-01-07T06:35,MRS,1104652174
QHUEIMIM,code,L,70004685,CP,2006-01-07T07:30,2006-01-07T09:15,LYS,1104652174
VXZLGNUX,code,L,70004684,FO,2006-01-07T04:35,2006-01-07T06:35,MRS,1104652174
VXZLGNUX,code,L,70004685,FO,2006-01-07T07:30,2006-01-07T09:15,LYS,1104652174
KFIWDCNK,code,L,70004684,CS,2006-01-07T04:35,2006-01-07T06:35,MRS,1104652174
KFIWDCNK,code,L,70004685,CS,2006-01-07T07:30,2006-01-07T09:15,LYS,1104652174
VPXENPYF,code,L,70004684,CS,2006-01-07T04:35,2006-01-07T06:35,MRS,1104652174
VPXENPYF,code,L,70004685,CS,2006-01-07T07:30,2006-01-07T09:15,LYS,1104652174
WHZTYOZM,code,L,70004684,ST,2006-01-07T04:35,2006-01-07T06:35,MRS,1104652174
WHZTYOZM,code,L,70004685,ST,2006-01-07T07:30,2006-01-07T09:15,LYS,1104652174
EUMQENZA,code,L,70004684,ST,2006-01-07T04:35,2006-01-07T06:35,MRS,1104652174
EUMQENZA,code,L,70004685,ST,2006-01-07T07:30,2006-01-07T09:15,LYS,1104652174
XOAQGDEL,code,L,70004684,ST,2006-01-07T04:35,2006-01-07T06:35,MRS,1104652174
XOAQGDEL,code,L,70004685,ST,2006-01-07T07:30,2006-01-07T09:15,LYS,1104652174
TIVKFYWR,code,L,70004684,ST,2006-01-07T04:35,2006-01-07T06:35,MRS,1104652174
TIVKFYWR,code,L,70004685,ST,2006-01-07T07:30,2006-01-07T09:15,LYS,1104652174
IYVXNCLM,code,L,70004684,ST,2006-01-07T04:35,2006-01-07T06:35,MRS,1104652174
IYVXNCLM,code,L,70004685,ST,2006-01-07T07:30,2006-01-07T09:15,LYS,1104652174
CFLQATGH,code,L,70004684,ST,2006-01-07T04:35,2006-01-07T06:35,MRS,1104652174
CFLQATGH,code,L,70004685,ST,2006-01-07T07:30,2006-01-07T09:15,LYS,1104652174
WYTGDKQL,code,L,70004224,CP,2006-01-07T04:35,2006-01-07T06:50,BES,932725007
WYTGDKQL,code,L,70004225,CP,2006-01-07T08:10,2006-01-07T10:05,ORY,932725007
RYIHJIAK,code,L,70004224,FO,2006-01-07T04:35,2006-01-07T06:50,BES,932725007
RYIHJIAK,code,L,70004225,FO,2006-01-07T08:10,2006-01-07T10:05,ORY,932725007
WFMFLBCZ,code,L,70004224,CS,2006-01-07T04:35,2006-01-07T06:50,BES,932725007
WFMFLBCZ,code,L,70004225,CS,2006-01-07T08:10,2006-01-07T10:05,ORY,932725007
SNRIIKZV,code,L,70004224,CS,2006-01-07T04:35,2006-01-07T06:50,BES,932725007
SNRIIKZV,code,L,70004225,CS,2006-01-07T08:10,2006-01-07T10:05,ORY,932725007
LFMCHXLU,code,L,70004224,ST,2006-01-07T04:35,2006-01-07T06:50,BES,932725007
LFMCHXLU,code,L,70004225,ST,2006-01-07T08:10,2006-01-07T10:05,ORY,932725007
CBCHQOIV,code,L,70004224,ST,2006-01-07T04:35,2006-01-07T06:50,BES,932725007
CBCHQOIV,code,L,70004225,ST,2006-01-07T08:10,2006-01-07T10:05,ORY,932725007
PSFRMCNF,code,L,70004224,ST,2006-01-07T04:35,2006-01-07T06:50,BES,932725007
PSFRMCNF,code,L,70004225,ST,2006-01-07T08:10,2006-01-07T10:05,ORY,932725007
PCDFAGIN,code,L,70004224,ST,2006-01-07T04:35,2006-01-07T06:50,BES,932725007
PCDFAGIN,code,L,70004225,ST,2006-01-07T08:10,2006-01-07T10:05,ORY,932725007
VKCQYVQB,code,L,70004224,ST,2006-01-07T04:35,2006-01-07T06:50,BES,932725007
VKCQYVQB,code,L,70004225,ST,2006-01-07T08:10,2006-01-07T10:05,ORY,932725007
CPARMNUF,code,L,70004224,ST,2006-01-07T04:35,2006-01-07T06:50,BES,932725007
CPARMNUF,code,L,70004225,ST,2006-01-07T08:10,2006-01-07T10:05,ORY,932725007
WBUHZXVH,code,L,70004584,CP,2006-01-07T04:35,2006-01-07T06:40,NTE,1485403625
WBUHZXVH,code,L,70004583,CP,2006-01-07T08:05,2006-01-07T09:55,CDG,1485403625
QMZNGRKH,code,L,70004584,FO,2006-01-07T04:35,2006-01-07T06:40,NTE,1485403625
QMZNGRKH,code,L,70004583,FO,2006-01-07T08:05,2006-01-07T09:55,CDG,1485403625
OTWOECAX,code,L,70004584,CS,2006-01-07T04:35,2006-01-07T06:40,NTE,1485403625
OTWOECAX,code,L,70004583,CS,2006-01-07T08:05,2006-01-07T09:55,CDG,1485403625
OJKPXMFZ,code,L,70004584,CS,2006-01-07T04:35,2006-01-07T06:40,NTE,1485403625
OJKPXMFZ,code,L,70004583,CS,2006-01-07T08:05,2006-01-07T09:55,CDG,1485403625
BYRYHCJG,code,L,70004584,ST,2006-01-07T04:35,2006-01-07T06:40,NTE,1485403625
BYRYHCJG,code,L,70004583,ST,2006-01-07T08:05,2006-01-07T09:55,CDG,1485403625
DEZOJAZE,code,L,70004584,ST,2006-01-07T04:35,2006-01-07T06:40,NTE,1485403625
DEZOJAZE,code,L,70004583,ST,2006-01-07T08:05,2006-01-07T09:55,CDG,1485403625
DEBSUNTJ,code,L,70004584,ST,2006-01-07T04:35,2006-01-07T06:40,NTE,1485403625
DEBSUNTJ,code,L,70004583,ST,2006-01-07T08:05,2006-01-07T09:55,CDG,1485403625
ZRUJGXNI,code,L,70004584,ST,2006-01-07T04:35,2006-01-07T06:40,NTE,1485403625
ZRUJGXNI,code,L,70004583,ST,2006-01-07T08:05,2006-01-07T09:55,CDG,1485403625
HUPRPUFA,code,L,70004584,ST,2006-01-07T04:35,2006-01-07T06:40,NTE,1485403625
HUPRPUFA,code,L,70004583,ST,2006-01-07T08:05,2006-01-07T09:55,CDG,1485403625
ZJGCBATM,code,L,70004584,ST,2006-01-07T04:35,2006-01-07T06:40,NTE,1485403625
ZJGCBATM,code,L,70004583,ST,2006-01-07T08:05,2006-01-07T09:55,CDG,1485403625
MOWJZYCO,code,L,70004522,CP,2006-01-07T04:35,2006-01-07T06:40,CFE,346378500
MOWJZYCO,code,L,70004517,CP,2006-01-07T07:15,2006-01-07T09:00,CDG,346378500
PUYXTNLX,code,L,70004522,FO,2006-01-07T04:35,2006-01-07T06:40,CFE,346378500
PUYXTNLX,code,L,70004517,FO,2006-01-07T07:15,2006-01-07T09:00,CDG,346378500
ERAWWUWZ,code,L,70004522,CS,2006-01-07T04:35,2006-01-07T06:40,CFE,346378500
ERAWWUWZ,code,L,70004517,CS,2006-01-07T07:15,2006-01-07T09:00,CDG,346378500
PCSGPVYC,code,L,70004522,ST,2006-01-07T04:35,2006-01-07T06:40,CFE,346378500
PCSGPVYC,code,L,70004517,ST,2006-01-07T07:15,2006-01-07T09:00,CDG,346378500
XOQALLYP,code,L,70004522,ST,2006-01-07T04:35,2006-01-07T06:40,CFE,346378500
XOQALLYP,code,L,70004517,ST,2006-01-07T07:15,2006-01-07T09:00,CDG,346378500
HEVTFZWO,code,L,70004522,ST,2006-01-07T04:35,2006-01-07T06:40,CFE,346378500
HEVTFZWO,code,L,70004517,ST,2006-01-07T07:15,2006-01-07T09:00,CDG,346378500
SLZXBTQM,code,L,70004296,CP,2006-01-07T04:40,2006-01-07T06:35,CFE,534011718
SLZXBTQM,code,L,70004295,CP,2006-01-07T08:10,2006-01-07T09:50,ORY,534011718
PROKXGDR,code,L,70004296,FO,2006-01-07T04:40,2006-01-07T06:35,CFE,534011718
PROKXGDR,code,L,70004295,FO,2006-01-07T08:10,2006-01-07T09:50,ORY,534011718
UTZYECFW,code,L,70004296,CS,2006-01-07T04:40,2006-01-07T06:35,CFE,534011718
UTZYECFW,code,L,70004295,CS,2006-01-07T08:10,2006-01-07T09:50,ORY,534011718
DXCPPSJO,code,L,70004296,CS,2006-01-07T04:40,2006-01-07T06:35,CFE,534011718
DXCPPSJO,code,L,70004295,CS,2006-01-07T08:10,2006-01-07T09:50,ORY,534011718
VIOQVUDM,code,L,70004296,ST,2006-01-07T04:40,2006-01-07T06:35,CFE,534011718
VIOQVUDM,code,L,70004295,ST,2006-01-07T08:10,2006-01-07T09:50,ORY,534011718
JXIZOFIJ,code,L,70004296,ST,2006-01-07T04:40,2006-01-07T06:35,CFE,534011718
JXIZOFIJ,code,L,70004295,ST,2006-01-07T08:10,2006-01-07T09:50,ORY,534011718
UVBWCYUV,code,L,70004296,ST,2006-01-07T04:40,2006-01-07T06:35,CFE,534011718
UVBWCYUV,code,L,70004295,ST,2006-01-07T08:10,2006-01-07T09:50,ORY,534011718
PYISHGQZ,code,L,70004296,ST,2006-01-07T04:40,2006-01-07T06:35,CFE,534011718
PYISHGQZ,code,L,70004295,ST,2006-01-07T08:10,2006-01-07T09:50,ORY,534011718
OXZDMJAQ,code,L,70004296,ST,2006-01-07T04:40,2006-01-07T06:35,CFE,534011718
OXZDMJAQ,code,L,70004295,ST,2006-01-07T08:10,2006-01-07T09:50,ORY,534011718
YHAKLNQC,code,L,70004296,ST,2006-01-07T04:40,2006-01-07T06:35,CFE,534011718
YHAKLNQC,code,L,70004295,ST,2006-01-07T08:10,2006-01-07T09:50,ORY,534011718
ZBDLNWKI,code,L,70004314,CP,2006-01-07T04:40,2006-01-07T07:00,PUF,1406361028
ZBDLNWKI,code,L,70004315,CP,2006-01-07T08:00,2006-01-07T10:00,ORY,1406361028
TFSCSRDF,code,L,70004314,FO,2006-01-07T04:40,2006-01-07T07:00,PUF,1406361028
TFSCSRDF,code,L,70004315,FO,2006-01-07T08:00,2006-01-07T10:00,ORY,1406361028
VWZSZZDA,code,L,70004314,CS,2006-01-07T04:40,2006-01-07T07:00,PUF,1406361028
VWZSZZDA,code,L,70004315,CS,2006-01-07T08:00,2006-01-07T10:00,ORY,1406361028
ZYZSASOP,code,L,70004314,CS,2006-01-07T04:40,2006-01-07T07:00,PUF,1406361028
ZYZSASOP,code,L,70004315,CS,2006-01-07T08:00,2006-01-07T10:00,ORY,1406361028
NGDMYJNP,code,L,70004314,ST,2006-01-07T04:40,2006-01-07T07:00,PUF,1406361028
NGDMYJNP,code,L,70004315,ST,2006-01-07T08:00,2006-01-07T10:00,ORY,1406361028
XFNNXGOP,code,L,70004314,ST,2006-01-07T04:40,2006-01-07T07:00,PUF,1406361028
XFNNXGOP,code,L,70004315,ST,2006-01-07T08:00,2006-01-07T10:00,ORY,1406361028
LLMDKJEM,code,L,70004314,ST,2006-01-07T04:40,2006-01-07T07:00,PUF,1406361028
LLMDKJEM,code,L,70004315,ST,2006-01-07T08:00,2006-01-07T10:00,ORY,1406361028
UMSLDONN,code,L,70004314,ST,2006-01-07T04:40,2006-01-07T07:00,PUF,1406361028
UMSLDONN,code,L,70004315,ST,2006-01-07T08:00,2006-01-07T10:00,ORY,1406361028
LNICSFJD,code,L,70004314,ST,2006-01-07T04:40,2006-01-07T07:00,PUF,1406361028
LNICSFJD,code,L,70004315,ST,2006-01-07T08:00,2006-01-07T10:00,ORY,1406361028
BNRIEULD,code,L,70004314,ST,2006-01-07T04:40,2006-01-07T07:00,PUF,1406361028
BNRIEULD,code,L,70004315,ST,2006-01-07T08:00,2006-01-07T10:00,ORY,1406361028
TZUSWUQO,code,L,70004404,CP,2006-01-07T04:40,2006-01-07T07:05,MPL,1321446349
TZUSWUQO,code,L,70004405,CP,2006-01-07T07:45,2006-01-07T09:45,ORY,1321446349
BXBADSEJ,code,L,70004404,FO,2006-01-07T04:40,2006-01-07T07:05,MPL,1321446349
BXBADSEJ,code,L,70004405,FO,2006-01-07T07:45,2006-01-07T09:45,ORY,1321446349
VFURIYAW,code,L,70004404,CS,2006-01-07T04:40,2006-01-07T07:05,MPL,1321446349
VFURIYAW,code,L,70004405,CS,2006-01-07T07:45,2006-01-07T09:45,ORY,1321446349
GHELILNJ,code,L,70004404,CS,2006-01-07T04:40,2006-01-07T07:05,MPL,1321446349
GHELILNJ,code,L,70004405,CS,2006-01-07T07:45,2006-01-07T09:45,ORY,1321446349
YWEROTQK,code,L,70004404,ST,2006-01-07T04:40,2006-01-07T07:05,MPL,1321446349
YWEROTQK,code,L,70004405,ST,2006-01-07T07:45,2006-01-07T09:45,ORY,1321446349
MLUKILIV,code,L,70004404,ST,2006-01-07T04:40,2006-01-07T07:05,MPL,1321446349
MLUKILIV,code,L,70004405,ST,2006-01-07T07:45,2006-01-07T09:45,ORY,1321446349
IEKJTDAF,code,L,70004404,ST,2006-01-07T04:40,2006-01-07T07:05,MPL,1321446349
IEKJTDAF,code,L,70004405,ST,2006-01-07T07:45,2006-01-07T09:45,ORY,1321446349
REBKNCKR,code,L,70004404,ST,2006-01-07T04:40,2006-01-07T07:05,MPL,1321446349
REBKNCKR,code,L,70004405,ST,2006-01-07T07:45,2006-01-07T09:45,ORY,1321446349
WCXEGEGA,code,L,70004404,ST,2006-01-07T04:40,2006-01-07T07:05,MPL,1321446349
WCXEGEGA,code,L,70004405,ST,2006-01-07T07:45,2006-01-07T09:45,ORY,1321446349
BZEYXUNV,code,L,70004404,ST,2006-01-07T04:40,2006-01-07T07:05,MPL,1321446349
BZEYXUNV,code,L,70004405,ST,2006-01-07T07:45,2006-01-07T09:45,ORY,1321446349
PIRCAPIX,code,L,70002966,CP,2006-01-07T04:40,2006-01-07T07:00,TLS,333461483
PIRCAPIX,code,L,70002973,CP,2006-01-07T07:50,2006-01-07T09:45,ORY,333461483
MEJNPQWP,code,L,70002966,FO,2006-01-07T04:40,2006-01-07T07:00,TLS,333461483
MEJNPQWP,code,L,70002973,FO,2006-01-07T07:50,2006-01-07T09:45,ORY,333461483
NGNFCWGN,code,L,70002966,CS,2006-01-07T04:40,2006-01-07T07:00,TLS,333461483
NGNFCWGN,code,L,70002973,CS,2006-01-07T07:50,2006-01-07T09:45,ORY,333461483
QJESMRJZ,code,L,70002966,CS,2006-01-07T04:40,2006-01-07T07:00,TLS,333461483
QJESMRJZ,code,L,70002973,CS,2006-01-07T07:50,2006-01-07T09:45,ORY,333461483
PQAOLBYB,code,L,70002966,ST,2006-01-07T04:40,2006-01-07T07:00,TLS,333461483
PQAOLBYB,code,L,70002973,ST,2006-01-07T07:50,2006-01-07T09:45,ORY,333461483
CPEHCEGR,code,L,70002966,ST,2006-01-07T04:40,2006-01-07T07:00,TLS,333461483
CPEHCEGR,code,L,70002973,ST,2006-01-07T07:50,2006-01-07T09:45,ORY,333461483
VZQGVIQD,code,L,70002966,ST,2006-01-07T04:40,2006-01-07T07:00,TLS,333461483
VZQGVIQD,code,L,70002973,ST,2006-01-07T07:50,2006-01-07T09:45,ORY,333461483
SQXPOLZX,code,L,70002966,ST,2006-01-07T04:40,2006-01-07T07:00,TLS,333461483
SQXPOLZX,code,L,70002973,ST,2006-01-07T07:50,2006-01-07T09:45,ORY,333461483
EDMFVTJS,code,L,70002966,ST,2006-01-07T04:40,2006-01-07T07:00,TLS,333461483
EDMFVTJS,code,L,70002973,ST,2006-01-07T07:50,2006-01-07T09:45,ORY,333461483
TDGRQSVJ,code,L,70002966,ST,2006-01-07T04:40,2006-01-07T07:00,TLS,333461483
TDGRQSVJ,code,L,70002973,ST,2006-01-07T07:50,2006-01-07T09:45,ORY,333461483
CNFXTTJE,code,L,70004576,CP,2006-01-07T04:40,2006-01-07T07:15,NCE,1008338748
CNFXTTJE,code,L,70004551,CP,2006-01-07T08:10,2006-01-07T09:35,CDG,1008338748
CNFXTTJE,code,L,70004552,CP,2006-01-07T10:30,2006-01-07T12:00,MPL,1008338748
CNFXTTJE,code,L,70004577,CP,2006-01-07T12:50,2006-01-07T14:10,CDG,1008338748
ZKTNUOSK,code,L,70004576,FO,2006-01-07T04:40,2006-01-07T07:15,NCE,1008338748
ZKTNUOSK,code,L,70004551,FO,2006-01-07T08:10,2006-01-07T09:35,CDG,1008338748
ZKTNUOSK,code,L,70004552,FO,2006-01-07T10:30,2006-01-07T12:00,MPL,1008338748
ZKTNUOSK,code,L,70004577,FO,2006-01-07T12:50,2006-01-07T14:10,CDG,1008338748
ZWWLJPTA,code,L,70004576,CS,2006-01-07T04:40,2006-01-07T07:15,NCE,1008338748
ZWWLJPTA,code,L,70004551,CS,2006-01-07T08:10,2006-01-07T09:35,CDG,1008338748
ZWWLJPTA,code,L,70004552,CS,2006-01-07T10:30,2006-01-07T12:00,MPL,1008338748
ZWWLJPTA,code,L,70004577,CS,2006-01-07T12:50,2006-01-07T14:10,CDG,1008338748
XKKDCOMO,code,L,70004576,CS,2006-01-07T04:40,2006-01-07T07:15,NCE,1008338748
XKKDCOMO,code,L,70004551,CS,2006-01-07T08:10,2006-01-07T09:35,CDG,1008338748
XKKDCOMO,code,L,70004552,CS,2006-01-07T10:30,2006-01-07T12:00,MPL,1008338748
XKKDCOMO,code,L,70004577,CS,2006-01-07T12:50,2006-01-07T14:10,CDG,1008338748
SPPQOMVO,code,L,70004576,ST,2006-01-07T04:40,2006-01-07T07:15,NCE,1008338748
SPPQOMVO,code,L,70004551,ST,2006-01-07T08:10,2006-01-07T09:35,CDG,1008338748
SPPQOMVO,code,L,70004552,ST,2006-01-07T10:30,2006-01-07T12:00,MPL,1008338748
SPPQOMVO,code,L,70004577,ST,2006-01-07T12:50,2006-01-07T14:10,CDG,1008338748
AMBNBRXT,code,L,70004576,ST,2006-01-07T04:40,2006-01-07T07:15,NCE,1008338748
AMBNBRXT,code,L,70004551,ST,2006-01-07T08:10,2006-01-07T09:35,CDG,1008338748
AMBNBRXT,code,L,70004552,ST,2006-01-07T10:30,2006-01-07T12:00,MPL,1008338748
AMBNBRXT,code,L,70004577,ST,2006-01-07T12:50,2006-01-07T14:10,CDG,1008338748
YCQLVWCG,code,L,70004576,ST,2006-01-07T04:40,2006-01-07T07:15,NCE,1008338748
YCQLVWCG,code,L,70004551,ST,2006-01-07T08:10,2006-01-07T09:35,CDG,1008338748
YCQLVWCG,code,L,70004552,ST,2006-01-07T10:30,2006-01-07T12:00,MPL,1008338748
YCQLVWCG,code,L,70004577,ST,2006-01-07T12:50,2006-01-07T14:10,CDG,1008338748
NTPEWYKQ,code,L,70004576,ST,2006-01-07T04:40,2006-01-07T07:15,NCE,1008338748
NTPEWYKQ,code,L,70004551,ST,2006-01-07T08:10,2006-01-07T09:35,CDG,1008338748
NTPEWYKQ,code,L,70004552,ST,2006-01-07T10:30,2006-01-07T12:00,MPL,1008338748
NTPEWYKQ,code,L,70004577,ST,2006-01-07T12:50,2006-01-07T14:10,CDG,1008338748
IZCQJVTZ,code,L,70004576,ST,2006-01-07T04:40,2006-01-07T07:15,NCE,1008338748
IZCQJVTZ,code,L,70004551,ST,2006-01-07T08:10,2006-01-07T09:35,CDG,1008338748
IZCQJVTZ,code,L,70004552,ST,2006-01-07T10:30,2006-01-07T12:00,MPL,1008338748
IZCQJVTZ,code,L,70004577,ST,2006-01-07T12:50,2006-01-07T14:10,CDG,1008338748
CTHNYEGH,code,L,70004576,ST,2006-01-07T04:40,2006-01-07T07:15,NCE,1008338748
CTHNYEGH,code,L,70004551,ST,2006-01-07T08:10,2006-01-07T09:35,CDG,1008338748
CTHNYEGH,code,L,70004552,ST,2006-01-07T10:30,2006-01-07T12:00,MPL,1008338748
CTHNYEGH,code,L,70004577,ST,2006-01-07T12:50,2006-01-07T14:10,CDG,1008338748
HKRZXLBG,code,L,70002543,CP,2006-01-07T04:40,2006-01-07T06:50,RDZ,262918833
HKRZXLBG,code,L,70002544,CP,2006-01-07T07:25,2006-01-07T09:15,ORY,262918833
WLVMVVNZ,code,L,70002543,FO,2006-01-07T04:40,2006-01-07T06:50,RDZ,262918833
WLVMVVNZ,code,L,70002544,FO,2006-01-07T07:25,2006-01-07T09:15,ORY,262918833
XKOJVTJC,code,L,70002543,CSD,2006-01-07T04:40,2006-01-07T06:50,RDZ,262918833
XKOJVTJC,code,L,70002544,CSD,2006-01-07T07:25,2006-01-07T09:15,ORY,262918833
UNDFMRCE,code,L,70002543,ST,2006-01-07T04:40,2006-01-07T06:50,RDZ,262918833
UNDFMRCE,code,L,70002544,ST,2006-01-07T07:25,2006-01-07T09:15,ORY,262918833
FKJEENKW,code,L,70002543,ST,2006-01-07T04:40,2006-01-07T06:50,RDZ,262918833
FKJEENKW,code,L,70002544,ST,2006-01-07T07:25,2006-01-07T09:15,ORY,262918833
MYVNKSFA,code,L,70002543,ST,2006-01-07T04:40,2006-01-07T06:50,RDZ,262918833
MYVNKSFA,code,L,70002544,ST,2006-01-07T07:25,2006-01-07T09:15,ORY,262918833
OTJKWEVL,code,L,70004694,CP,2006-01-07T04:40,2006-01-07T06:35,NCE,160225133
OTJKWEVL,code,L,70004693,CP,2006-01-07T07:50,2006-01-07T09:35,LYS,160225133
HUTIQLLB,code,L,70004694,FO,2006-01-07T04:40,2006-01-07T06:35,NCE,160225133
HUTIQLLB,code,L,70004693,FO,2006-01-07T07:50,2006-01-07T09:35,LYS,160225133
EPQMMGVS,code,L,70004694,CS,2006-01-07T04:40,2006-01-07T06:35,NCE,160225133
EPQMMGVS,code,L,70004693,CS,2006-01-07T07:50,2006-01-07T09:35,LYS,160225133
JVDSJTQF,code,L,70004694,ST,2006-01-07T04:40,2006-01-07T06:35,NCE,160225133
JVDSJTQF,code,L,70004693,ST,2006-01-07T07:50,2006-01-07T09:35,LYS,160225133
DKNDRJCM,code,L,70004694,ST,2006-01-07T04:40,2006-01-07T06:35,NCE,160225133
DKNDRJCM,code,L,70004693,ST,2006-01-07T07:50,2006-01-07T09:35,LYS,160225133
HCDZPIOZ,code,L,70004694,ST,2006-01-07T04:40,2006-01-07T06:35,NCE,160225133
HCDZPIOZ,code,L,70004693,ST,2006-01-07T07:50,2006-01-07T09:35,LYS,160225133
PFKPRNBP,code,L,70004364,CP,2006-01-07T04:45,2006-01-07T07:10,TLN,345545550
PFKPRNBP,code,L,70004363,CP,2006-01-07T07:55,2006-01-07T10:00,ORY,345545550
TABUVRWZ,code,L,70004364,FO,2006-01-07T04:45,2006-01-07T07:10,TLN,345545550
TABUVRWZ,code,L,70004363,FO,2006-01-07T07:55,2006-01-07T10:00,ORY,345545550
NYCHHMQO,code,L,70004364,CS,2006-01-07T04:45,2006-01-07T07:10,TLN,345545550
NYCHHMQO,code,L,70004363,CS,2006-01-07T07:55,2006-01-07T10:00,ORY,345545550
NCGYXXTU,code,L,70004364,CS,2006-01-07T04:45,2006-01-07T07:10,TLN,345545550
NCGYXXTU,code,L,70004363,CS,2006-01-07T07:55,2006-01-07T10:00,ORY,345545550
HDARBIKL,code,L,70004364,ST,2006-01-07T04:45,2006-01-07T07:10,TLN,345545550
HDARBIKL,code,L,70004363,ST,2006-01-07T07:55,2006-01-07T10:00,ORY,345545550
OHZGNANA,code,L,70004364,ST,2006-01-07T04:45,2006-01-07T07:10,TLN,345545550
OHZGNANA,code,L,70004363,ST,2006-01-07T07:55,2006-01-07T10:00,ORY,345545550
ACYGRXVW,code,L,70004364,ST,2006-01-07T04:45,2006-01-07T07:10,TLN,345545550
ACYGRXVW,code,L,70004363,ST,2006-01-07T07:55,2006-01-07T10:00,ORY,345545550
QTBFOQQP,code,L,70004364,ST,2006-01-07T04:45,2006-01-07T07:10,TLN,345545550
QTBFOQQP,code,L,70004363,ST,2006-01-07T07:55,2006-01-07T10:00,ORY,345545550
APANBHIH,code,L,70004364,ST,2006-01-07T04:45,2006-01-07T07:10,TLN,345545550
APANBHIH,code,L,70004363,ST,2006-01-07T07:55,2006-01-07T10:00,ORY,345545550
GQMFMBKS,code,L,70004364,ST,2006-01-07T04:45,2006-01-07T07:10,TLN,345545550
GQMFMBKS,code,L,70004363,ST,2006-01-07T07:55,2006-01-07T10:00,ORY,345545550
JKROFFHP,code,L,70004673,CP,2006-01-07T04:45,2006-01-07T07:00,LIL,2130037697
JKROFFHP,code,L,70004676,CP,2006-01-07T07:40,2006-01-07T09:40,LYS,2130037697
XEICMEMU,code,L,70004673,FO,2006-01-07T04:45,2006-01-07T07:00,LIL,2130037697
XEICMEMU,code,L,70004676,FO,2006-01-07T07:40,2006-01-07T09:40,LYS,2130037697
ESXQXQRK,code,L,70004673,CS,2006-01-07T04:45,2006-01-07T07:00,LIL,2130037697
ESXQXQRK,code,L,70004676,CS,2006-01-07T07:40,2006-01-07T09:40,LYS,2130037697
SYKTUERW,code,L,70004673,CS,2006-01-07T04:45,2006-01-07T07:00,LIL,2130037697
SYKTUERW,code,L,70004676,CS,2006-01-07T07:40,2006-01-07T09:40,LYS,2130037697
UBENIVCM,code,L,70004673,ST,2006-01-07T04:45,2006-01-07T07:00,LIL,2130037697
UBENIVCM,code,L,70004676,ST,2006-01-07T07:40,2006-01-07T09:40,LYS,2130037697
LQONSUYY,code,L,70004673,ST,2006-01-07T04:45,2006-01-07T07:00,LIL,2130037697
LQONSUYY,code,L,70004676,ST,2006-01-07T07:40,2006-01-07T09:40,LYS,2130037697
TVJBTUWF,code,L,70004673,ST,2006-01-07T04:45,2006-01-07T07:00,LIL,2130037697
TVJBTUWF,code,L,70004676,ST,2006-01-07T07:40,2006-01-07T09:40,LYS,2130037697
WWGEWMSA,code,L,70004673,ST,2006-01-07T04:45,2006-01-07T07:00,LIL,2130037697
WWGEWMSA,code,L,70004676,ST,2006-01-07T07:40,2006-01-07T09:40,LYS,2130037697
UONWEFYJ,code,L,70004673,ST,2006-01-07T04:45,2006-01-07T07:00,LIL,2130037697
UONWEFYJ,code,L,70004676,ST,2006-01-07T07:40,2006-01-07T09:40,LYS,2130037697
VZNFYUFF,code,L,70004673,ST,2006-01-07T04:45,2006-01-07T07:00,LIL,2130037697
VZNFYUFF,code,L,70004676,ST,2006-01-07T07:40,2006-01-07T09:40,LYS,2130037697
KHGEHXZU,code,L,70004723,CP,2006-01-07T04:45,2006-01-07T07:00,NTE,263157300
KHGEHXZU,code,L,70004726,CP,2006-01-07T07:55,2006-01-07T09:55,LYS,263157300
TBKLOUHP,code,L,70004723,FO,2006-01-07T04:45,2006-01-07T07:00,NTE,263157300
TBKLOUHP,code,L,70004726,FO,2006-01-07T07:55,2006-01-07T09:55,LYS,263157300
SUXXTQAI,code,L,70004723,CS,2006-01-07T04:45,2006-01-07T07:00,NTE,263157300
SUXXTQAI,code,L,70004726,CS,2006-01-07T07:55,2006-01-07T09:55,LYS,263157300
QUVSJSOL,code,L,70004723,CS,2006-01-07T04:45,2006-01-07T07:00,NTE,263157300
QUVSJSOL,code,L,70004726,CS,2006-01-07T07:55,2006-01-07T09:55,LYS,263157300
LZNWACZO,code,L,70004723,ST,2006-01-07T04:45,2006-01-07T07:00,NTE,263157300
LZNWACZO,code,L,70004726,ST,2006-01-07T07:55,2006-01-07T09:55,LYS,263157300
DFRIHXRO,code,L,70004723,ST,2006-01-07T04:45,2006-01-07T07:00,NTE,263157300
DFRIHXRO,code,L,70004726,ST,2006-01-07T07:55,2006-01-07T09:55,LYS,263157300
SEMNWAAS,code,L,70004723,ST,2006-01-07T04:45,2006-01-07T07:00,NTE,263157300
SEMNWAAS,code,L,70004726,ST,2006-01-07T07:55,2006-01-07T09:55,LYS,263157300
KMTIDYCH,code,L,70004723,ST,2006-01-07T04:45,2006-01-07T07:00,NTE,263157300
KMTIDYCH,code,L,70004726,ST,2006-01-07T07:55,2006-01-07T09:55,LYS,263157300
ZUGBBXCW,code,L,70004723,ST,2006-01-07T04:45,2006-01-07T07:00,NTE,263157300
ZUGBBXCW,code,L,70004726,ST,2006-01-07T07:55,2006-01-07T09:55,LYS,263157300
MTMLAETI,code,L,70004723,ST,2006-01-07T04:45,2006-01-07T07:00,NTE,263157300
MTMLAETI,code,L,70004726,ST,2006-01-07T07:55,2006-01-07T09:55,LYS,263157300
BVOGVFER,code,L,70002524,CP,2006-01-07T04:45,2006-01-07T06:55,UIP,1196878155
BVOGVFER,code,L,70002523,CP,2006-01-07T07:45,2006-01-07T08:50,ORY,1196878155
BVOGVFER,code,L,70002526,CP,2006-01-07T09:45,2006-01-07T10:55,UIP,1196878155
BVOGVFER,code,L,70002798,CP,2006-01-07T13:00,2006-01-07T14:45,ORY,1196878155
XQEEUMNE,code,L,70002524,FO,2006-01-07T04:45,2006-01-07T06:55,UIP,1196878155
XQEEUMNE,code,L,70002523,FO,2006-01-07T07:45,2006-01-07T08:50,ORY,1196878155
XQEEUMNE,code,L,70002526,FO,2006-01-07T09:45,2006-01-07T10:55,UIP,1196878155
XQEEUMNE,code,L,70002798,FO,2006-01-07T13:00,2006-01-07T14:45,ORY,1196878155
SQXOPMTZ,code,L,70002524,CSD,2006-01-07T04:45,2006-01-07T06:55,UIP,1196878155
SQXOPMTZ,code,L,70002523,CSD,2006-01-07T07:45,2006-01-07T08:50,ORY,1196878155
SQXOPMTZ,code,L,70002526,CSD,2006-01-07T09:45,2006-01-07T10:55,UIP,1196878155
SQXOPMTZ,code,L,70002798,CSD,2006-01-07T13:00,2006-01-07T14:45,ORY,1196878155
HNRZICOL,code,L,70002524,ST,2006-01-07T04:45,2006-01-07T06:55,UIP,1196878155
HNRZICOL,code,L,70002523,ST,2006-01-07T07:45,2006-01-07T08:50,ORY,1196878155
HNRZICOL,code,L,70002526,ST,2006-01-07T09:45,2006-01-07T10:55,UIP,1196878155
HNRZICOL,code,L,70002798,ST,2006-01-07T13:00,2006-01-07T14:45,ORY,1196878155
HKRYLPDE,code,L,70002524,ST,2006-01-07T04:45,2006-01-07T06:55,UIP,1196878155
HKRYLPDE,code,L,70002523,ST,2006-01-07T07:45,2006-01-07T08:50,ORY,1196878155
HKRYLPDE,code,L,70002526,ST,2006-01-07T09:45,2006-01-07T10:55,UIP,1196878155
HKRYLPDE,code,L,70002798,ST,2006-01-07T13:00,2006-01-07T14:45,ORY,1196878155
VZIRMVOI,code,L,70002524,ST,2006-01-07T04:45,2006-01-07T06:55,UIP,1196878155
VZIRMVOI,code,L,70002523,ST,2006-01-07T07:45,2006-01-07T08:50,ORY,1196878155
VZIRMVOI,code,L,70002526,ST,2006-01-07T09:45,2006-01-07T10:55,UIP,1196878155
VZIRMVOI,code,L,70002798,ST,2006-01-07T13:00,2006-01-07T14:45,ORY,1196878155
LUYLEIPP,code,L,70004764,CP,2006-01-07T04:45,2006-01-07T07:10,NCE,1835196615
LUYLEIPP,code,L,70004765,CP,2006-01-07T07:45,2006-01-07T09:00,BOD,1835196615
LUYLEIPP,code,L,70003076,CP,2006-01-07T11:35,2006-01-07T13:00,NCE,1835196615
LUYLEIPP,code,L,70003063,CP,2006-01-07T14:00,2006-01-07T16:10,ORY,1835196615
ULQNTCNE,code,L,70004764,FO,2006-01-07T04:45,2006-01-07T07:10,NCE,1835196615
ULQNTCNE,code,L,70004765,FO,2006-01-07T07:45,2006-01-07T09:00,BOD,1835196615
ULQNTCNE,code,L,70003076,FO,2006-01-07T11:35,2006-01-07T13:00,NCE,1835196615
ULQNTCNE,code,L,70003063,FO,2006-01-07T14:00,2006-01-07T16:10,ORY,1835196615
JEKELDUP,code,L,70004764,CSD,2006-01-07T04:45,2006-01-07T07:10,NCE,1835196615
JEKELDUP,code,L,70004765,CSD,2006-01-07T07:45,2006-01-07T09:00,BOD,1835196615
JEKELDUP,code,L,70003076,CSD,2006-01-07T11:35,2006-01-07T13:00,NCE,1835196615
JEKELDUP,code,L,70003063,CSD,2006-01-07T14:00,2006-01-07T16:10,ORY,1835196615
AUZJMFNV,code,L,70004764,ST,2006-01-07T04:45,2006-01-07T07:10,NCE,1835196615
AUZJMFNV,code,L,70004765,ST,2006-01-07T07:45,2006-01-07T09:00,BOD,1835196615
AUZJMFNV,code,L,70003076,ST,2006-01-07T11:35,2006-01-07T13:00,NCE,1835196615
AUZJMFNV,code,L,70003063,ST,2006-01-07T14:00,2006-01-07T16:10,ORY,1835196615
CENEBAIZ,code,L,70004764,ST,2006-01-07T04:45,2006-01-07T07:10,NCE,1835196615
CENEBAIZ,code,L,70004765,ST,2006-01-07T07:45,2006-01-07T09:00,BOD,1835196615
CENEBAIZ,code,L,70003076,ST,2006-01-07T11:35,2006-01-07T13:00,NCE,1835196615
CENEBAIZ,code,L,70003063,ST,2006-01-07T14:00,2006-01-07T16:10,ORY,1835196615
YCYRNPEA,code,L,70002965,CP,2006-01-07T04:50,2006-01-07T07:00,ORY,182621155
YCYRNPEA,code,L,70002974,CP,2006-01-07T07:40,2006-01-07T09:45,TLS,182621155
JJYGQCAV,code,L,70002965,FO,2006-01-07T04:50,2006-01-07T07:00,ORY,182621155
JJYGQCAV,code,L,70002974,FO,2006-01-07T07:40,2006-01-07T09:45,TLS,182621155
LTTBJFGP,code,L,70002965,CS,2006-01-07T04:50,2006-01-07T07:00,ORY,182621155
LTTBJFGP,code,L,70002974,CS,2006-01-07T07:40,2006-01-07T09:45,TLS,182621155
OWETNRBQ,code,L,70002965,CS,2006-01-07T04:50,2006-01-07T07:00,ORY,182621155
OWETNRBQ,code,L,70002974,CS,2006-01-07T07:40,2006-01-07T09:45,TLS,182621155
RRHCULEG,code,L,70002965,ST,2006-01-07T04:50,2006-01-07T07:00,ORY,182621155
RRHCULEG,code,L,70002974,ST,2006-01-07T07:40,2006-01-07T09:45,TLS,182621155
UQSPCUIP,code,L,70002965,ST,2006-01-07T04:50,2006-01-07T07:00,ORY,182621155
UQSPCUIP,code,L,70002974,ST,2006-01-07T07:40,2006-01-07T09:45,TLS,182621155
ULNQSCNV,code,L,70002965,ST,2006-01-07T04:50,2006-01-07T07:00,ORY,182621155
ULNQSCNV,code,L,70002974,ST,2006-01-07T07:40,2006-01-07T09:45,TLS,182621155
PVJGRCFN,code,L,70002965,ST,2006-01-07T04:50,2006-01-07T07:00,ORY,182621155
PVJGRCFN,code,L,70002974,ST,2006-01-07T07:40,2006-01-07T09:45,TLS,182621155
QNBJOSYH,code,L,70002965,ST,2006-01-07T04:50,2006-01-07T07:00,ORY,182621155
QNBJOSYH,code,L,70002974,ST,2006-01-07T07:40,2006-01-07T09:45,TLS,182621155
QTWFBRXH,code,L,70002965,ST,2006-01-07T04:50,2006-01-07T07:00,ORY,182621155
QTWFBRXH,code,L,70002974,ST,2006-01-07T07:40,2006-01-07T09:45,TLS,182621155
FJWYULKD,code,L,70004704,CP,2006-01-07T04:50,2006-01-07T06:50,TLS,1796576214
FJWYULKD,code,L,70004703,CP,2006-01-07T07:45,2006-01-07T09:35,LYS,1796576214
FQMXLNHK,code,L,70004704,FO,2006-01-07T04:50,2006-01-07T06:50,TLS,1796576214
FQMXLNHK,code,L,70004703,FO,2006-01-07T07:45,2006-01-07T09:35,LYS,1796576214
SVOJDVSM,code,L,70004704,CS,2006-01-07T04:50,2006-01-07T06:50,TLS,1796576214
SVOJDVSM,code,L,70004703,CS,2006-01-07T07:45,2006-01-07T09:35,LYS,1796576214
LEPGOAAE,code,L,70004704,CS,2006-01-07T04:50,2006-01-07T06:50,TLS,1796576214
LEPGOAAE,code,L,70004703,CS,2006-01-07T07:45,2006-01-07T09:35,LYS,1796576214
CTAYENHP,code,L,70004704,ST,2006-01-07T04:50,2006-01-07T06:50,TLS,1796576214
CTAYENHP,code,L,70004703,ST,2006-01-07T07:45,2006-01-07T09:35,LYS,1796576214
KYKZIZNQ,code,L,70004704,ST,2006-01-07T04:50,2006-01-07T06:50,TLS,1796576214
KYKZIZNQ,code,L,70004703,ST,2006-01-07T07:45,2006-01-07T09:35,LYS,1796576214
SCGXBOMO,code,L,70004704,ST,2006-01-07T04:50,2006-01-07T06:50,TLS,1796576214
SCGXBOMO,code,L,70004703,ST,2006-01-07T07:45,2006-01-07T09:35,LYS,1796576214
FDDTUDFD,code,L,70004704,ST,2006-01-07T04:50,2006-01-07T06:50,TLS,1796576214
FDDTUDFD,code,L,70004703,ST,2006-01-07T07:45,2006-01-07T09:35,LYS,1796576214
PRZSAZQZ,code,L,70004704,ST,2006-01-07T04:50,2006-01-07T06:50,TLS,1796576214
PRZSAZQZ,code,L,70004703,ST,2006-01-07T07:45,2006-01-07T09:35,LYS,1796576214
HPHEUATH,code,L,70004704,ST,2006-01-07T04:50,2006-01-07T06:50,TLS,1796576214
HPHEUATH,code,L,70004703,ST,2006-01-07T07:45,2006-01-07T09:35,LYS,1796576214
WRGOFHYG,code,L,70004264,CP,2006-01-07T04:50,2006-01-07T06:55,LYS,1661516681
WRGOFHYG,code,L,70004265,CP,2006-01-07T07:40,2006-01-07T09:30,ORY,1661516681
XVBEPDOX,code,L,70004264,FO,2006-01-07T04:50,2006-01-07T06:55,LYS,1661516681
XVBEPDOX,code,L,70004265,FO,2006-01-07T07:40,2006-01-07T09:30,ORY,1661516681
IULMBIVQ,code,L,70004264,CS,2006-01-07T04:50,2006-01-07T06:55,LYS,1661516681
IULMBIVQ,code,L,70004265,CS,2006-01-07T07:40,2006-01-07T09:30,ORY,1661516681
WILFJCBR,code,L,70004264,CS,2006-01-07T04:50,2006-01-07T06:55,LYS,1661516681
WILFJCBR,code,L,70004265,CS,2006-01-07T07:40,2006-01-07T09:30,ORY,1661516681
SQIFLZOI,code,L,70004264,ST,2006-01-07T04:50,2006-01-07T06:55,LYS,1661516681
SQIFLZOI,code,L,70004265,ST,2006-01-07T07:40,2006-01-07T09:30,ORY,1661516681
KMSHNDLN,code,L,70004264,ST,2006-01-07T04:50,2006-01-07T06:55,LYS,1661516681
KMSHNDLN,code,L,70004265,ST,2006-01-07T07:40,2006-01-07T09:30,ORY,1661516681
EDOBSBMC,code,L,70004264,ST,2006-01-07T04:50,2006-01-07T06:55,LYS,1661516681
EDOBSBMC,code,L,70004265,ST,2006-01-07T07:40,2006-01-07T09:30,ORY,1661516681
WUDAXBPU,code,L,70004264,ST,2006-01-07T04:50,2006-01-07T06:55,LYS,1661516681
WUDAXBPU,code,L,70004265,ST,2006-01-07T07:40,2006-01-07T09:30,ORY,1661516681
BPXGIPQM,code,L,70004264,ST,2006-01-07T04:50,2006-01-07T06:55,LYS,1661516681
BPXGIPQM,code,L,70004265,ST,2006-01-07T07:40,2006-01-07T09:30,ORY,1661516681
UGQJPGPD,code,L,70004264,ST,2006-01-07T04:50,2006-01-07T06:55,LYS,1661516681
UGQJPGPD,code,L,70004265,ST,2006-01-07T07:40,2006-01-07T09:30,ORY,1661516681
LYSAOBIK,code,L,70004344,CP,2006-01-07T04:50,2006-01-07T07:10,BIQ,359906493
LYSAOBIK,code,L,70004343,CP,2006-01-07T07:55,2006-01-07T09:55,ORY,359906493
NULTVBPX,code,L,70004344,FO,2006-01-07T04:50,2006-01-07T07:10,BIQ,359906493
NULTVBPX,code,L,70004343,FO,2006-01-07T07:55,2006-01-07T09:55,ORY,359906493
SRGZMOJW,code,L,70004344,CSD,2006-01-07T04:50,2006-01-07T07:10,BIQ,359906493
SRGZMOJW,code,L,70004343,CSD,2006-01-07T07:55,2006-01-07T09:55,ORY,359906493
YMPMRADL,code,L,70004344,ST,2006-01-07T04:50,2006-01-07T07:10,BIQ,359906493
YMPMRADL,code,L,70004343,ST,2006-01-07T07:55,2006-01-07T09:55,ORY,359906493
PHHYVJDV,code,L,70004344,ST,2006-01-07T04:50,2006-01-07T07:10,BIQ,359906493
PHHYVJDV,code,L,70004343,ST,2006-01-07T07:55,2006-01-07T09:55,ORY,359906493
ZUYKIIIZ,code,L,70005163,CP,2006-01-07T04:50,2006-01-07T07:40,BOD,295069519
ZUYKIIIZ,code,L,70005164,CP,2006-01-07T08:55,2006-01-07T11:30,AMS,295069519
YPWFEDEA,code,L,70005163,FO,2006-01-07T04:50,2006-01-07T07:40,BOD,295069519
YPWFEDEA,code,L,70005164,FO,2006-01-07T08:55,2006-01-07T11:30,AMS,295069519
MYDAVAJE,code,L,70005163,CSD,2006-01-07T04:50,2006-01-07T07:40,BOD,295069519
MYDAVAJE,code,L,70005164,CSD,2006-01-07T08:55,2006-01-07T11:30,AMS,295069519
GQUQYBNJ,code,L,70005163,ST,2006-01-07T04:50,2006-01-07T07:40,BOD,295069519
GQUQYBNJ,code,L,70005164,ST,2006-01-07T08:55,2006-01-07T11:30,AMS,295069519
ZJVTMXPR,code,L,70005163,ST,2006-01-07T04:50,2006-01-07T07:40,BOD,295069519
ZJVTMXPR,code,L,70005164,ST,2006-01-07T08:55,2006-01-07T11:30,AMS,295069519
UFQFQBET,code,L,70002648,CP,2006-01-07T04:50,2006-01-07T06:50,SXB,178283218
UFQFQBET,code,L,70002647,CP,2006-01-07T07:40,2006-01-07T09:25,LYS,178283218
WUTVQNHR,code,L,70002648,FO,2006-01-07T04:50,2006-01-07T06:50,SXB,178283218
WUTVQNHR,code,L,70002647,FO,2006-01-07T07:40,2006-01-07T09:25,LYS,178283218
NFDAWXQW,code,L,70002648,CS,2006-01-07T04:50,2006-01-07T06:50,SXB,178283218
NFDAWXQW,code,L,70002647,CS,2006-01-07T07:40,2006-01-07T09:25,LYS,178283218
FQDHTOVZ,code,L,70002648,ST,2006-01-07T04:50,2006-01-07T06:50,SXB,178283218
FQDHTOVZ,code,L,70002647,ST,2006-01-07T07:40,2006-01-07T09:25,LYS,178283218
BHUWDHNN,code,L,70002648,ST,2006-01-07T04:50,2006-01-07T06:50,SXB,178283218
BHUWDHNN,code,L,70002647,ST,2006-01-07T07:40,2006-01-07T09:25,LYS,178283218
XRCBBBPE,code,L,70004544,CP,2006-01-07T04:55,2006-01-07T07:25,MPL,134224868
XRCBBBPE,code,L,70004547,CP,2006-01-07T19:50,2006-01-07T22:00,CDG,134224868
RNTYZMRF,code,L,70004544,FO,2006-01-07T04:55,2006-01-07T07:25,MPL,134224868
RNTYZMRF,code,L,70004547,FO,2006-01-07T19:50,2006-01-07T22:00,CDG,134224868
CVYHSWHR,code,L,70004544,CS,2006-01-07T04:55,2006-01-07T07:25,MPL,134224868
CVYHSWHR,code,L,70004547,CS,2006-01-07T19:50,2006-01-07T22:00,CDG,134224868
GNBFSEQC,code,L,70004544,CS,2006-01-07T04:55,2006-01-07T07:25,MPL,134224868
GNBFSEQC,code,L,70004547,CS,2006-01-07T19:50,2006-01-07T22:00,CDG,134224868
LQNUIVIT,code,L,70004544,ST,2006-01-07T04:55,2006-01-07T07:25,MPL,134224868
LQNUIVIT,code,L,70004547,ST,2006-01-07T19:50,2006-01-07T22:00,CDG,134224868
BRNAROVS,code,L,70004544,ST,2006-01-07T04:55,2006-01-07T07:25,MPL,134224868
BRNAROVS,code,L,70004547,ST,2006-01-07T19:50,2006-01-07T22:00,CDG,134224868
WUBEPXYB,code,L,70004544,ST,2006-01-07T04:55,2006-01-07T07:25,MPL,134224868
WUBEPXYB,code,L,70004547,ST,2006-01-07T19:50,2006-01-07T22:00,CDG,134224868
VZTRRFNQ,code,L,70004544,ST,2006-01-07T04:55,2006-01-07T07:25,MPL,134224868
VZTRRFNQ,code,L,70004547,ST,2006-01-07T19:50,2006-01-07T22:00,CDG,134224868
MPKBJQVB,code,L,70004544,ST,2006-01-07T04:55,2006-01-07T07:25,MPL,134224868
MPKBJQVB,code,L,70004547,ST,2006-01-07T19:50,2006-01-07T22:00,CDG,134224868
CLXSWYSL,code,L,70004544,ST,2006-01-07T04:55,2006-01-07T07:25,MPL,134224868
CLXSWYSL,code,L,70004547,ST,2006-01-07T19:50,2006-01-07T22:00,CDG,134224868
UZSQNISV,code,L,70001364,CP,2006-01-07T04:55,2006-01-07T07:35,AJA,1454666067
UZSQNISV,code,L,70001363,CP,2006-01-07T08:25,2006-01-07T10:50,ORY,1454666067
MOBQCODE,code,L,70001364,FO,2006-01-07T04:55,2006-01-07T07:35,AJA,1454666067
MOBQCODE,code,L,70001363,FO,2006-01-07T08:25,2006-01-07T10:50,ORY,1454666067
DAZQCKSP,code,L,70001364,CS,2006-01-07T04:55,2006-01-07T07:35,AJA,1454666067
DAZQCKSP,code,L,70001363,CS,2006-01-07T08:25,2006-01-07T10:50,ORY,1454666067
AWXVTLTP,code,L,70001364,CS,2006-01-07T04:55,2006-01-07T07:35,AJA,1454666067
AWXVTLTP,code,L,70001363,CS,2006-01-07T08:25,2006-01-07T10:50,ORY,1454666067
GYQXCFSX,code,L,70001364,ST,2006-01-07T04:55,2006-01-07T07:35,AJA,1454666067
GYQXCFSX,code,L,70001363,ST,2006-01-07T08:25,2006-01-07T10:50,ORY,1454666067
AQZKNOZL,code,L,70001364,ST,2006-01-07T04:55,2006-01-07T07:35,AJA,1454666067
AQZKNOZL,code,L,70001363,ST,2006-01-07T08:25,2006-01-07T10:50,ORY,1454666067
ZIZLBPAB,code,L,70001364,ST,2006-01-07T04:55,2006-01-07T07:35,AJA,1454666067
ZIZLBPAB,code,L,70001363,ST,2006-01-07T08:25,2006-01-07T10:50,ORY,1454666067
RBKLNMJR,code,L,70001364,ST,2006-01-07T04:55,2006-01-07T07:35,AJA,1454666067
RBKLNMJR,code,L,70001363,ST,2006-01-07T08:25,2006-01-07T10:50,ORY,1454666067
QFURDIOW,code,L,70001364,ST,2006-01-07T04:55,2006-01-07T07:35,AJA,1454666067
QFURDIOW,code,L,70001363,ST,2006-01-07T08:25,2006-01-07T10:50,ORY,1454666067
FCECQNTQ,code,L,70001364,ST,2006-01-07T04:55,2006-01-07T07:35,AJA,1454666067
FCECQNTQ,code,L,70001363,ST,2006-01-07T08:25,2006-01-07T10:50,ORY,1454666067
ROWNOGWY,code,L,70001374,CP,2006-01-07T04:55,2006-01-07T07:30,BIA,525100016
ROWNOGWY,code,L,70001379,CP,2006-01-07T08:30,2006-01-07T10:50,ORY,525100016
KFNBMKDC,code,L,70001374,FO,2006-01-07T04:55,2006-01-07T07:30,BIA,525100016
KFNBMKDC,code,L,70001379,FO,2006-01-07T08:30,2006-01-07T10:50,ORY,525100016
LMXBKDMU,code,L,70001374,CS,2006-01-07T04:55,2006-01-07T07:30,BIA,525100016
LMXBKDMU,code,L,70001379,CS,2006-01-07T08:30,2006-01-07T10:50,ORY,525100016
GPRNGHEM,code,L,70001374,CS,2006-01-07T04:55,2006-01-07T07:30,BIA,525100016
GPRNGHEM,code,L,70001379,CS,2006-01-07T08:30,2006-01-07T10:50,ORY,525100016
LWVNCVOU,code,L,70001374,ST,2006-01-07T04:55,2006-01-07T07:30,BIA,525100016
LWVNCVOU,code,L,70001379,ST,2006-01-07T08:30,2006-01-07T10:50,ORY,525100016
KOHXDLQQ,code,L,70001374,ST,2006-01-07T04:55,2006-01-07T07:30,BIA,525100016
KOHXDLQQ,code,L,70001379,ST,2006-01-07T08:30,2006-01-07T10:50,ORY,525100016
XORCMJBA,code,L,70001374,ST,2006-01-07T04:55,2006-01-07T07:30,BIA,525100016
XORCMJBA,code,L,70001379,ST,2006-01-07T08:30,2006-01-07T10:50,ORY,525100016
FYQWTULF,code,L,70001374,ST,2006-01-07T04:55,2006-01-07T07:30,BIA,525100016
FYQWTULF,code,L,70001379,ST,2006-01-07T08:30,2006-01-07T10:50,ORY,525100016
RFLWLDIA,code,L,70001374,ST,2006-01-07T04:55,2006-01-07T07:30,BIA,525100016
RFLWLDIA,code,L,70001379,ST,2006-01-07T08:30,2006-01-07T10:50,ORY,525100016
QRZQANZE,code,L,70001374,ST,2006-01-07T04:55,2006-01-07T07:30,BIA,525100016
QRZQANZE,code,L,70001379,ST,2006-01-07T08:30,2006-01-07T10:50,ORY,525100016
ITULFVWL,code,L,70002673,CP,2006-01-07T04:55,2006-01-07T07:20,SXB,657187435
ITULFVWL,code,L,70002674,CP,2006-01-07T07:55,2006-01-07T10:10,LGW,657187435
NTRCYNJB,code,L,70002673,FO,2006-01-07T04:55,2006-01-07T07:20,SXB,657187435
NTRCYNJB,code,L,70002674,FO,2006-01-07T07:55,2006-01-07T10:10,LGW,657187435
GELEPEGR,code,L,70002673,CSD,2006-01-07T04:55,2006-01-07T07:20,SXB,657187435
GELEPEGR,code,L,70002674,CSD,2006-01-07T07:55,2006-01-07T10:10,LGW,657187435
QNTRSIUU,code,L,70002673,ST,2006-01-07T04:55,2006-01-07T07:20,SXB,657187435
QNTRSIUU,code,L,70002674,ST,2006-01-07T07:55,2006-01-07T10:10,LGW,657187435
ZJDMRWBW,code,L,70002673,ST,2006-01-07T04:55,2006-01-07T07:20,SXB,657187435
ZJDMRWBW,code,L,70002674,ST,2006-01-07T07:55,2006-01-07T10:10,LGW,657187435
YSJTNQQO,code,L,70002673,ST,2006-01-07T04:55,2006-01-07T07:20,SXB,657187435
YSJTNQQO,code,L,70002674,ST,2006-01-07T07:55,2006-01-07T10:10,LGW,657187435
KIJVJBKD,code,L,70003103,CP,2006-01-07T05:00,2006-01-07T07:20,ORY,532638534
KIJVJBKD,code,L,70003068,CP,2006-01-07T08:05,2006-01-07T10:15,NCE,532638534
JFQZEUYS,code,L,70003103,FO,2006-01-07T05:00,2006-01-07T07:20,ORY,532638534
JFQZEUYS,code,L,70003068,FO,2006-01-07T08:05,2006-01-07T10:15,NCE,532638534
AQSBMPNF,code,L,70003103,CS,2006-01-07T05:00,2006-01-07T07:20,ORY,532638534
AQSBMPNF,code,L,70003068,CS,2006-01-07T08:05,2006-01-07T10:15,NCE,532638534
BXROAFHH,code,L,70003103,CS,2006-01-07T05:00,2006-01-07T07:20,ORY,532638534
BXROAFHH,code,L,70003068,CS,2006-01-07T08:05,2006-01-07T10:15,NCE,532638534
YDEZPGWH,code,L,70003103,ST,2006-01-07T05:00,2006-01-07T07:20,ORY,532638534
YDEZPGWH,code,L,70003068,ST,2006-01-07T08:05,2006-01-07T10:15,NCE,532638534
ZCBJHSFL,code,L,70003103,ST,2006-01-07T05:00,2006-01-07T07:20,ORY,532638534
ZCBJHSFL,code,L,70003068,ST,2006-01-07T08:05,2006-01-07T10:15,NCE,532638534
AWAALFHR,code,L,70003103,ST,2006-01-07T05:00,2006-01-07T07:20,ORY,532638534
AWAALFHR,code,L,70003068,ST,2006-01-07T08:05,2006-01-07T10:15,NCE,532638534
AAFZIHZS,code,L,70003103,ST,2006-01-07T05:00,2006-01-07T07:20,ORY,532638534
AAFZIHZS,code,L,70003068,ST,2006-01-07T08:05,2006-01-07T10:15,NCE,532638534
RKHAWZOP,code,L,70003103,ST,2006-01-07T05:00,2006-01-07T07:20,ORY,532638534
RKHAWZOP,code,L,70003068,ST,2006-01-07T08:05,2006-01-07T10:15,NCE,532638534
EPOGJVOO,code,L,70003103,ST,2006-01-07T05:00,2006-01-07T07:20,ORY,532638534
EPOGJVOO,code,L,70003068,ST,2006-01-07T08:05,2006-01-07T10:15,NCE,532638534
GOBHNWQS,code,L,70002793,CP,2006-01-07T05:00,2006-01-07T07:10,LRT,796471501
GOBHNWQS,code,L,70002794,CP,2006-01-07T07:55,2006-01-07T09:45,ORY,796471501
UZGUCAQT,code,L,70002793,FO,2006-01-07T05:00,2006-01-07T07:10,LRT,796471501
UZGUCAQT,code,L,70002794,FO,2006-01-07T07:55,2006-01-07T09:45,ORY,796471501
MOGQNSWR,code,L,70002793,CSD,2006-01-07T05:00,2006-01-07T07:10,LRT,796471501
MOGQNSWR,code,L,70002794,CSD,2006-01-07T07:55,2006-01-07T09:45,ORY,796471501
SWDIEXQZ,code,L,70002793,ST,2006-01-07T05:00,2006-01-07T07:10,LRT,796471501
SWDIEXQZ,code,L,70002794,ST,2006-01-07T07:55,2006-01-07T09:45,ORY,796471501
AMYLACFL,code,L,70002793,ST,2006-01-07T05:00,2006-01-07T07:10,LRT,796471501
AMYLACFL,code,L,70002794,ST,2006-01-07T07:55,2006-01-07T09:45,ORY,796471501
DOBGNRPP,code,L,70002793,ST,2006-01-07T05:00,2006-01-07T07:10,LRT,796471501
DOBGNRPP,code,L,70002794,ST,2006-01-07T07:55,2006-01-07T09:45,ORY,796471501
CGSUQDOQ,code,L,70002534,CP,2006-01-07T05:00,2006-01-07T06:45,BES,435943218
CGSUQDOQ,code,L,70002634,CP,2006-01-07T07:15,2006-01-07T08:35,NTE,435943218
CGSUQDOQ,code,L,70002633,CP,2006-01-07T09:05,2006-01-07T10:25,SXB,435943218
CGSUQDOQ,code,L,70002533,CP,2006-01-07T10:55,2006-01-07T11:35,NTE,435943218
CGSUQDOQ,code,L,70002655,CP,2006-01-07T12:20,2006-01-07T13:50,BES,435943218
CGSUQDOQ,code,L,70002656,CP,2006-01-07T14:30,2006-01-07T16:40,LYS,435943218
QHVFEONK,code,L,70002534,FO,2006-01-07T05:00,2006-01-07T06:45,BES,435943218
QHVFEONK,code,L,70002634,FO,2006-01-07T07:15,2006-01-07T08:35,NTE,435943218
QHVFEONK,code,L,70002633,FO,2006-01-07T09:05,2006-01-07T10:25,SXB,435943218
QHVFEONK,code,L,70002533,FO,2006-01-07T10:55,2006-01-07T11:35,NTE,435943218
QHVFEONK,code,L,70002655,FO,2006-01-07T12:20,2006-01-07T13:50,BES,435943218
QHVFEONK,code,L,70002656,FO,2006-01-07T14:30,2006-01-07T16:40,LYS,435943218
PZHUVHNW,code,L,70002534,CS,2006-01-07T05:00,2006-01-07T06:45,BES,435943218
PZHUVHNW,code,L,70002634,CS,2006-01-07T07:15,2006-01-07T08:35,NTE,435943218
PZHUVHNW,code,L,70002633,CS,2006-01-07T09:05,2006-01-07T10:25,SXB,435943218
PZHUVHNW,code,L,70002533,CS,2006-01-07T10:55,2006-01-07T11:35,NTE,435943218
PZHUVHNW,code,L,70002655,CS,2006-01-07T12:20,2006-01-07T13:50,BES,435943218
PZHUVHNW,code,L,70002656,CS,2006-01-07T14:30,2006-01-07T16:40,LYS,435943218
YQKPRCXO,code,L,70002534,ST,2006-01-07T05:00,2006-01-07T06:45,BES,435943218
YQKPRCXO,code,L,70002634,ST,2006-01-07T07:15,2006-01-07T08:35,NTE,435943218
YQKPRCXO,code,L,70002633,ST,2006-01-07T09:05,2006-01-07T10:25,SXB,435943218
YQKPRCXO,code,L,70002533,ST,2006-01-07T10:55,2006-01-07T11:35,NTE,435943218
YQKPRCXO,code,L,70002655,ST,2006-01-07T12:20,2006-01-07T13:50,BES,435943218
YQKPRCXO,code,L,70002656,ST,2006-01-07T14:30,2006-01-07T16:40,LYS,435943218
LQHMPFTQ,code,L,70002534,ST,2006-01-07T05:00,2006-01-07T06:45,BES,435943218
LQHMPFTQ,code,L,70002634,ST,2006-01-07T07:15,2006-01-07T08:35,NTE,435943218
LQHMPFTQ,code,L,70002633,ST,2006-01-07T09:05,2006-01-07T10:25,SXB,435943218
LQHMPFTQ,code,L,70002533,ST,2006-01-07T10:55,2006-01-07T11:35,NTE,435943218
LQHMPFTQ,code,L,70002655,ST,2006-01-07T12:20,2006-01-07T13:50,BES,435943218
LQHMPFTQ,code,L,70002656,ST,2006-01-07T14:30,2006-01-07T16:40,LYS,435943218
WVTGUUUE,code,L,70003064,CP,2006-01-07T05:05,2006-01-07T07:30,NCE,929393559
WVTGUUUE,code,L,70003069,CP,2006-01-07T08:00,2006-01-07T10:05,ORY,929393559
LZGPEUYX,code,L,70003064,FO,2006-01-07T05:05,2006-01-07T07:30,NCE,929393559
LZGPEUYX,code,L,70003069,FO,2006-01-07T08:00,2006-01-07T10:05,ORY,929393559
ETDQGDIY,code,L,70003064,CS,2006-01-07T05:05,2006-01-07T07:30,NCE,929393559
ETDQGDIY,code,L,70003069,CS,2006-01-07T08:00,2006-01-07T10:05,ORY,929393559
MBBPHOOV,code,L,70003064,CS,2006-01-07T05:05,2006-01-07T07:30,NCE,929393559
MBBPHOOV,code,L,70003069,CS,2006-01-07T08:00,2006-01-07T10:05,ORY,929393559
ZIAKMRPV,code,L,70003064,ST,2006-01-07T05:05,2006-01-07T07:30,NCE,929393559
ZIAKMRPV,code,L,70003069,ST,2006-01-07T08:00,2006-01-07T10:05,ORY,929393559
QZWJLAIW,code,L,70003064,ST,2006-01-07T05:05,2006-01-07T07:30,NCE,929393559
QZWJLAIW,code,L,70003069,ST,2006-01-07T08:00,2006-01-07T10:05,ORY,929393559
OOWQZCXQ,code,L,70003064,ST,2006-01-07T05:05,2006-01-07T07:30,NCE,929393559
OOWQZCXQ,code,L,70003069,ST,2006-01-07T08:00,2006-01-07T10:05,ORY,929393559
HCCPIBOT,code,L,70003064,ST,2006-01-07T05:05,2006-01-07T07:30,NCE,929393559
HCCPIBOT,code,L,70003069,ST,2006-01-07T08:00,2006-01-07T10:05,ORY,929393559
PAVZBZZP,code,L,70003064,ST,2006-01-07T05:05,2006-01-07T07:30,NCE,929393559
PAVZBZZP,code,L,70003069,ST,2006-01-07T08:00,2006-01-07T10:05,ORY,929393559
OMSWFMDW,code,L,70003064,ST,2006-01-07T05:05,2006-01-07T07:30,NCE,929393559
OMSWFMDW,code,L,70003069,ST,2006-01-07T08:00,2006-01-07T10:05,ORY,929393559
CHGCETLX,code,L,70004656,CP,2006-01-07T05:05,2006-01-07T07:35,TLS,1903678842
CHGCETLX,code,L,70004645,CP,2006-01-07T09:30,2006-01-07T11:40,CDG,1903678842
JQHLLUKG,code,L,70004656,FO,2006-01-07T05:05,2006-01-07T07:35,TLS,1903678842
JQHLLUKG,code,L,70004645,FO,2006-01-07T09:30,2006-01-07T11:40,CDG,1903678842
GJOFTOVJ,code,L,70004656,CS,2006-01-07T05:05,2006-01-07T07:35,TLS,1903678842
GJOFTOVJ,code,L,70004645,CS,2006-01-07T09:30,2006-01-07T11:40,CDG,1903678842
VDKSXKND,code,L,70004656,CS,2006-01-07T05:05,2006-01-07T07:35,TLS,1903678842
VDKSXKND,code,L,70004645,CS,2006-01-07T09:30,2006-01-07T11:40,CDG,1903678842
CDMPDOZC,code,L,70004656,ST,2006-01-07T05:05,2006-01-07T07:35,TLS,1903678842
CDMPDOZC,code,L,70004645,ST,2006-01-07T09:30,2006-01-07T11:40,CDG,1903678842
WZVTANIZ,code,L,70004656,ST,2006-01-07T05:05,2006-01-07T07:35,TLS,1903678842
WZVTANIZ,code,L,70004645,ST,2006-01-07T09:30,2006-01-07T11:40,CDG,1903678842
DSSCPYMI,code,L,70004656,ST,2006-01-07T05:05,2006-01-07T07:35,TLS,1903678842
DSSCPYMI,code,L,70004645,ST,2006-01-07T09:30,2006-01-07T11:40,CDG,1903678842
GHGZLVGI,code,L,70004656,ST,2006-01-07T05:05,2006-01-07T07:35,TLS,1903678842
GHGZLVGI,code,L,70004645,ST,2006-01-07T09:30,2006-01-07T11:40,CDG,1903678842
IIAICYJE,code,L,70004656,ST,2006-01-07T05:05,2006-01-07T07:35,TLS,1903678842
IIAICYJE,code,L,70004645,ST,2006-01-07T09:30,2006-01-07T11:40,CDG,1903678842
OIANKLMS,code,L,70004656,ST,2006-01-07T05:05,2006-01-07T07:35,TLS,1903678842
OIANKLMS,code,L,70004645,ST,2006-01-07T09:30,2006-01-07T11:40,CDG,1903678842
NXLPJEGJ,code,L,7000152,CP,2006-01-07T05:05,2006-01-07T07:20,MLH,1130118952
NXLPJEGJ,code,L,7000145,CP,2006-01-07T08:05,2006-01-07T10:00,CDG,1130118952
QPKXGMHG,code,L,7000152,FO,2006-01-07T05:05,2006-01-07T07:20,MLH,1130118952
QPKXGMHG,code,L,7000145,FO,2006-01-07T08:05,2006-01-07T10:00,CDG,1130118952
YYIWRHHN,code,L,7000152,CS,2006-01-07T05:05,2006-01-07T07:20,MLH,1130118952
YYIWRHHN,code,L,7000145,CS,2006-01-07T08:05,2006-01-07T10:00,CDG,1130118952
BQOPAGFP,code,L,7000152,CS,2006-01-07T05:05,2006-01-07T07:20,MLH,1130118952
BQOPAGFP,code,L,7000145,CS,2006-01-07T08:05,2006-01-07T10:00,CDG,1130118952
UKPJPBUB,code,L,7000152,ST,2006-01-07T05:05,2006-01-07T07:20,MLH,1130118952
UKPJPBUB,code,L,7000145,ST,2006-01-07T08:05,2006-01-07T10:00,CDG,1130118952
DWHNQUSY,code,L,7000152,ST,2006-01-07T05:05,2006-01-07T07:20,MLH,1130118952
DWHNQUSY,code,L,7000145,ST,2006-01-07T08:05,2006-01-07T10:00,CDG,1130118952
SNHSKWVL,code,L,7000152,ST,2006-01-07T05:05,2006-01-07T07:20,MLH,1130118952
SNHSKWVL,code,L,7000145,ST,2006-01-07T08:05,2006-01-07T10:00,CDG,1130118952
XVDTQTOP,code,L,7000152,ST,2006-01-07T05:05,2006-01-07T07:20,MLH,1130118952
XVDTQTOP,code,L,7000145,ST,2006-01-07T08:05,2006-01-07T10:00,CDG,1130118952
DLPYROMA,code,L,7000152,ST,2006-01-07T05:05,2006-01-07T07:20,MLH,1130118952
DLPYROMA,code,L,7000145,ST,2006-01-07T08:05,2006-01-07T10:00,CDG,1130118952
RDUWWKNG,code,L,7000152,ST,2006-01-07T05:05,2006-01-07T07:20,MLH,1130118952
RDUWWKNG,code,L,7000145,ST,2006-01-07T08:05,2006-01-07T10:00,CDG,1130118952
WMVVWOPL,code,L,70002968,CP,2006-01-07T05:10,2006-01-07T07:30,TLS,2035035283
WMVVWOPL,code,L,70004269,CP,2006-01-07T09:30,2006-01-07T10:35,ORY,2035035283
WMVVWOPL,code,L,70004270,CP,2006-01-07T11:20,2006-01-07T12:25,LYS,2035035283
WMVVWOPL,code,L,70004271,CP,2006-01-07T13:40,2006-01-07T14:45,ORY,2035035283
WMVVWOPL,code,L,70004276,CP,2006-01-07T16:10,2006-01-07T17:15,LYS,2035035283
WMVVWOPL,code,L,70002967,CP,2006-01-07T18:25,2006-01-07T20:30,ORY,2035035283
IMLYXFCX,code,L,70002968,FO,2006-01-07T05:10,2006-01-07T07:30,TLS,2035035283
IMLYXFCX,code,L,70004269,FO,2006-01-07T09:30,2006-01-07T10:35,ORY,2035035283
IMLYXFCX,code,L,70004270,FO,2006-01-07T11:20,2006-01-07T12:25,LYS,2035035283
IMLYXFCX,code,L,70004271,FO,2006-01-07T13:40,2006-01-07T14:45,ORY,2035035283
IMLYXFCX,code,L,70004276,FO,2006-01-07T16:10,2006-01-07T17:15,LYS,2035035283
IMLYXFCX,code,L,70002967,FO,2006-01-07T18:25,2006-01-07T20:30,ORY,2035035283
AOJMTVFW,code,L,70002968,CS,2006-01-07T05:10,2006-01-07T07:30,TLS,2035035283
AOJMTVFW,code,L,70004269,CS,2006-01-07T09:30,2006-01-07T10:35,ORY,2035035283
AOJMTVFW,code,L,70004270,CS,2006-01-07T11:20,2006-01-07T12:25,LYS,2035035283
AOJMTVFW,code,L,70004271,CS,2006-01-07T13:40,2006-01-07T14:45,ORY,2035035283
AOJMTVFW,code,L,70004276,CS,2006-01-07T16:10,2006-01-07T17:15,LYS,2035035283
AOJMTVFW,code,L,70002967,CS,2006-01-07T18:25,2006-01-07T20:30,ORY,2035035283
VXZKJNAI,code,L,70002968,CS,2006-01-07T05:10,2006-01-07T07:30,TLS,2035035283
VXZKJNAI,code,L,70004269,CS,2006-01-07T09:30,2006-01-07T10:35,ORY,2035035283
VXZKJNAI,code,L,70004270,CS,2006-01-07T11:20,2006-01-07T12:25,LYS,2035035283
VXZKJNAI,code,L,70004271,CS,2006-01-07T13:40,2006-01-07T14:45,ORY,2035035283
VXZKJNAI,code,L,70004276,CS,2006-01-07T16:10,2006-01-07T17:15,LYS,2035035283
VXZKJNAI,code,L,70002967,CS,2006-01-07T18:25,2006-01-07T20:30,ORY,2035035283
PBCGGLZI,code,L,70002968,ST,2006-01-07T05:10,2006-01-07T07:30,TLS,2035035283
PBCGGLZI,code,L,70004269,ST,2006-01-07T09:30,2006-01-07T10:35,ORY,2035035283
PBCGGLZI,code,L,70004270,ST,2006-01-07T11:20,2006-01-07T12:25,LYS,2035035283
PBCGGLZI,code,L,70004271,ST,2006-01-07T13:40,2006-01-07T14:45,ORY,2035035283
PBCGGLZI,code,L,70004276,ST,2006-01-07T16:10,2006-01-07T17:15,LYS,2035035283
PBCGGLZI,code,L,70002967,ST,2006-01-07T18:25,2006-01-07T20:30,ORY,2035035283
TRIQILPA,code,L,70002968,ST,2006-01-07T05:10,2006-01-07T07:30,TLS,2035035283
TRIQILPA,code,L,70004269,ST,2006-01-07T09:30,2006-01-07T10:35,ORY,2035035283
TRIQILPA,code,L,70004270,ST,2006-01-07T11:20,2006-01-07T12:25,LYS,2035035283
TRIQILPA,code,L,70004271,ST,2006-01-07T13:40,2006-01-07T14:45,ORY,2035035283
TRIQILPA,code,L,70004276,ST,2006-01-07T16:10,2006-01-07T17:15,LYS,2035035283
TRIQILPA,code,L,70002967,ST,2006-01-07T18:25,2006-01-07T20:30,ORY,2035035283
JHCHFDEE,code,L,70002968,ST,2006-01-07T05:10,2006-01-07T07:30,TLS,2035035283
JHCHFDEE,code,L,70004269,ST,2006-01-07T09:30,2006-01-07T10:35,ORY,2035035283
JHCHFDEE,code,L,70004270,ST,2006-01-07T11:20,2006-01-07T12:25,LYS,2035035283
JHCHFDEE,code,L,70004271,ST,2006-01-07T13:40,2006-01-07T14:45,ORY,2035035283
JHCHFDEE,code,L,70004276,ST,2006-01-07T16:10,2006-01-07T17:15,LYS,2035035283
JHCHFDEE,code,L,70002967,ST,2006-01-07T18:25,2006-01-07T20:30,ORY,2035035283
EPUBXDDX,code,L,70002968,ST,2006-01-07T05:10,2006-01-07T07:30,TLS,2035035283
EPUBXDDX,code,L,70004269,ST,2006-01-07T09:30,2006-01-07T10:35,ORY,2035035283
EPUBXDDX,code,L,70004270,ST,2006-01-07T11:20,2006-01-07T12:25,LYS,2035035283
EPUBXDDX,code,L,70004271,ST,2006-01-07T13:40,2006-01-07T14:45,ORY,2035035283
EPUBXDDX,code,L,70004276,ST,2006-01-07T16:10,2006-01-07T17:15,LYS,2035035283
EPUBXDDX,code,L,70002967,ST,2006-01-07T18:25,2006-01-07T20:30,ORY,2035035283
IQEZVEDQ,code,L,70002968,ST,2006-01-07T05:10,2006-01-07T07:30,TLS,2035035283
IQEZVEDQ,code,L,70004269,ST,2006-01-07T09:30,2006-01-07T10:35,ORY,2035035283
IQEZVEDQ,code,L,70004270,ST,2006-01-07T11:20,2006-01-07T12:25,LYS,2035035283
IQEZVEDQ,code,L,70004271,ST,2006-01-07T13:40,2006-01-07T14:45,ORY,2035035283
IQEZVEDQ,code,L,70004276,ST,2006-01-07T16:10,2006-01-07T17:15,LYS,2035035283
IQEZVEDQ,code,L,70002967,ST,2006-01-07T18:25,2006-01-07T20:30,ORY,2035035283
XVFHZVMN,code,L,70002968,ST,2006-01-07T05:10,2006-01-07T07:30,TLS,2035035283
XVFHZVMN,code,L,70004269,ST,2006-01-07T09:30,2006-01-07T10:35,ORY,2035035283
XVFHZVMN,code,L,70004270,ST,2006-01-07T11:20,2006-01-07T12:25,LYS,2035035283
XVFHZVMN,code,L,70004271,ST,2006-01-07T13:40,2006-01-07T14:45,ORY,2035035283
XVFHZVMN,code,L,70004276,ST,2006-01-07T16:10,2006-01-07T17:15,LYS,2035035283
XVFHZVMN,code,L,70002967,ST,2006-01-07T18:25,2006-01-07T20:30,ORY,2035035283
EQCIWQCD,code,L,70003118,CP,2006-01-07T05:10,2006-01-07T07:20,BOD,56569042
EQCIWQCD,code,L,70003119,CP,2006-01-07T08:10,2006-01-07T10:00,ORY,56569042
KCRIAQMM,code,L,70003118,FO,2006-01-07T05:10,2006-01-07T07:20,BOD,56569042
KCRIAQMM,code,L,70003119,FO,2006-01-07T08:10,2006-01-07T10:00,ORY,56569042
WVIQBPCD,code,L,70003118,CS,2006-01-07T05:10,2006-01-07T07:20,BOD,56569042
WVIQBPCD,code,L,70003119,CS,2006-01-07T08:10,2006-01-07T10:00,ORY,56569042
APGDXURB,code,L,70003118,CS,2006-01-07T05:10,2006-01-07T07:20,BOD,56569042
APGDXURB,code,L,70003119,CS,2006-01-07T08:10,2006-01-07T10:00,ORY,56569042
IYWXMEAO,code,L,70003118,ST,2006-01-07T05:10,2006-01-07T07:20,BOD,56569042
IYWXMEAO,code,L,70003119,ST,2006-01-07T08:10,2006-01-07T10:00,ORY,56569042
DRFEIRXP,code,L,70003118,ST,2006-01-07T05:10,2006-01-07T07:20,BOD,56569042
DRFEIRXP,code,L,70003119,ST,2006-01-07T08:10,2006-01-07T10:00,ORY,56569042
PZHSOIVG,code,L,70003118,ST,2006-01-07T05:10,2006-01-07T07:20,BOD,56569042
PZHSOIVG,code,L,70003119,ST,2006-01-07T08:10,2006-01-07T10:00,ORY,56569042
MZKWRXNE,code,L,70003118,ST,2006-01-07T05:10,2006-01-07T07:20,BOD,56569042
MZKWRXNE,code,L,70003119,ST,2006-01-07T08:10,2006-01-07T10:00,ORY,56569042
IXKJYGMV,code,L,70003118,ST,2006-01-07T05:10,2006-01-07T07:20,BOD,56569042
IXKJYGMV,code,L,70003119,ST,2006-01-07T08:10,2006-01-07T10:00,ORY,56569042
RBVDTDGS,code,L,70003118,ST,2006-01-07T05:10,2006-01-07T07:20,BOD,56569042
RBVDTDGS,code,L,70003119,ST,2006-01-07T08:10,2006-01-07T10:00,ORY,56569042
EDGHXIUE,code,L,70004498,CP,2006-01-07T05:15,2006-01-07T07:45,BIQ,61497087
EDGHXIUE,code,L,70004515,CP,2006-01-07T08:35,2006-01-07T09:45,CDG,61497087
EDGHXIUE,code,L,70004506,CP,2006-01-07T12:40,2006-01-07T13:50,LYS,61497087
EDGHXIUE,code,L,70004519,CP,2006-01-07T14:25,2006-01-07T15:25,CDG,61497087
EDGHXIUE,code,L,70004520,CP,2006-01-07T16:05,2006-01-07T17:10,CFE,61497087
EDGHXIUE,code,L,70004499,CP,2006-01-07T20:25,2006-01-07T22:35,CDG,61497087
LXTTNAVX,code,L,70004498,FO,2006-01-07T05:15,2006-01-07T07:45,BIQ,61497087
LXTTNAVX,code,L,70004515,FO,2006-01-07T08:35,2006-01-07T09:45,CDG,61497087
LXTTNAVX,code,L,70004506,FO,2006-01-07T12:40,2006-01-07T13:50,LYS,61497087
LXTTNAVX,code,L,70004519,FO,2006-01-07T14:25,2006-01-07T15:25,CDG,61497087
LXTTNAVX,code,L,70004520,FO,2006-01-07T16:05,2006-01-07T17:10,CFE,61497087
LXTTNAVX,code,L,70004499,FO,2006-01-07T20:25,2006-01-07T22:35,CDG,61497087
BEXHQOUO,code,L,70004498,CS,2006-01-07T05:15,2006-01-07T07:45,BIQ,61497087
BEXHQOUO,code,L,70004515,CS,2006-01-07T08:35,2006-01-07T09:45,CDG,61497087
BEXHQOUO,code,L,70004506,CS,2006-01-07T12:40,2006-01-07T13:50,LYS,61497087
BEXHQOUO,code,L,70004519,CS,2006-01-07T14:25,2006-01-07T15:25,CDG,61497087
BEXHQOUO,code,L,70004520,CS,2006-01-07T16:05,2006-01-07T17:10,CFE,61497087
BEXHQOUO,code,L,70004499,CS,2006-01-07T20:25,2006-01-07T22:35,CDG,61497087
RTJEYFEL,code,L,70004498,CS,2006-01-07T05:15,2006-01-07T07:45,BIQ,61497087
RTJEYFEL,code,L,70004515,CS,2006-01-07T08:35,2006-01-07T09:45,CDG,61497087
RTJEYFEL,code,L,70004506,CS,2006-01-07T12:40,2006-01-07T13:50,LYS,61497087
RTJEYFEL,code,L,70004519,CS,2006-01-07T14:25,2006-01-07T15:25,CDG,61497087
RTJEYFEL,code,L,70004520,CS,2006-01-07T16:05,2006-01-07T17:10,CFE,61497087
RTJEYFEL,code,L,70004499,CS,2006-01-07T20:25,2006-01-07T22:35,CDG,61497087
GJSDBJHT,code,L,70004498,ST,2006-01-07T05:15,2006-01-07T07:45,BIQ,61497087
GJSDBJHT,code,L,70004515,ST,2006-01-07T08:35,2006-01-07T09:45,CDG,61497087
GJSDBJHT,code,L,70004506,ST,2006-01-07T12:40,2006-01-07T13:50,LYS,61497087
GJSDBJHT,code,L,70004519,ST,2006-01-07T14:25,2006-01-07T15:25,CDG,61497087
GJSDBJHT,code,L,70004520,ST,2006-01-07T16:05,2006-01-07T17:10,CFE,61497087
GJSDBJHT,code,L,70004499,ST,2006-01-07T20:25,2006-01-07T22:35,CDG,61497087
WTYBDVKW,code,L,70004498,ST,2006-01-07T05:15,2006-01-07T07:45,BIQ,61497087
WTYBDVKW,code,L,70004515,ST,2006-01-07T08:35,2006-01-07T09:45,CDG,61497087
WTYBDVKW,code,L,70004506,ST,2006-01-07T12:40,2006-01-07T13:50,LYS,61497087
WTYBDVKW,code,L,70004519,ST,2006-01-07T14:25,2006-01-07T15:25,CDG,61497087
WTYBDVKW,code,L,70004520,ST,2006-01-07T16:05,2006-01-07T17:10,CFE,61497087
WTYBDVKW,code,L,70004499,ST,2006-01-07T20:25,2006-01-07T22:35,CDG,61497087
MABOBFQW,code,L,70004498,ST,2006-01-07T05:15,2006-01-07T07:45,BIQ,61497087
MABOBFQW,code,L,70004515,ST,2006-01-07T08:35,2006-01-07T09:45,CDG,61497087
MABOBFQW,code,L,70004506,ST,2006-01-07T12:40,2006-01-07T13:50,LYS,61497087
MABOBFQW,code,L,70004519,ST,2006-01-07T14:25,2006-01-07T15:25,CDG,61497087
MABOBFQW,code,L,70004520,ST,2006-01-07T16:05,2006-01-07T17:10,CFE,61497087
MABOBFQW,code,L,70004499,ST,2006-01-07T20:25,2006-01-07T22:35,CDG,61497087
VUKESAAW,code,L,70004498,ST,2006-01-07T05:15,2006-01-07T07:45,BIQ,61497087
VUKESAAW,code,L,70004515,ST,2006-01-07T08:35,2006-01-07T09:45,CDG,61497087
VUKESAAW,code,L,70004506,ST,2006-01-07T12:40,2006-01-07T13:50,LYS,61497087
VUKESAAW,code,L,70004519,ST,2006-01-07T14:25,2006-01-07T15:25,CDG,61497087
VUKESAAW,code,L,70004520,ST,2006-01-07T16:05,2006-01-07T17:10,CFE,61497087
VUKESAAW,code,L,70004499,ST,2006-01-07T20:25,2006-01-07T22:35,CDG,61497087
OWQSYGFN,code,L,70004498,ST,2006-01-07T05:15,2006-01-07T07:45,BIQ,61497087
OWQSYGFN,code,L,70004515,ST,2006-01-07T08:35,2006-01-07T09:45,CDG,61497087
OWQSYGFN,code,L,70004506,ST,2006-01-07T12:40,2006-01-07T13:50,LYS,61497087
OWQSYGFN,code,L,70004519,ST,2006-01-07T14:25,2006-01-07T15:25,CDG,61497087
OWQSYGFN,code,L,70004520,ST,2006-01-07T16:05,2006-01-07T17:10,CFE,61497087
OWQSYGFN,code,L,70004499,ST,2006-01-07T20:25,2006-01-07T22:35,CDG,61497087
POYICHYL,code,L,70004498,ST,2006-01-07T05:15,2006-01-07T07:45,BIQ,61497087
POYICHYL,code,L,70004515,ST,2006-01-07T08:35,2006-01-07T09:45,CDG,61497087
POYICHYL,code,L,70004506,ST,2006-01-07T12:40,2006-01-07T13:50,LYS,61497087
POYICHYL,code,L,70004519,ST,2006-01-07T14:25,2006-01-07T15:25,CDG,61497087
POYICHYL,code,L,70004520,ST,2006-01-07T16:05,2006-01-07T17:10,CFE,61497087
POYICHYL,code,L,70004499,ST,2006-01-07T20:25,2006-01-07T22:35,CDG,61497087
JYCFETJA,code,L,70004643,CP,2006-01-07T05:15,2006-01-07T07:40,CDG,1507096884
JYCFETJA,code,L,70002972,CP,2006-01-07T09:10,2006-01-07T10:30,TLS,1507096884
JYCFETJA,code,L,70004431,CP,2006-01-07T11:40,2006-01-07T13:20,ORY,1507096884
JYCFETJA,code,L,70004432,CP,2006-01-07T14:35,2006-01-07T16:15,AJA,1507096884
JYCFETJA,code,L,70004437,CP,2006-01-07T17:00,2006-01-07T18:40,ORY,1507096884
JYCFETJA,code,L,70004434,CP,2006-01-07T19:30,2006-01-07T20:45,AJA,1507096884
QIENBXZQ,code,L,70004643,FO,2006-01-07T05:15,2006-01-07T07:40,CDG,1507096884
QIENBXZQ,code,L,70002972,FO,2006-01-07T09:10,2006-01-07T10:30,TLS,1507096884
QIENBXZQ,code,L,70004431,FO,2006-01-07T11:40,2006-01-07T13:20,ORY,1507096884
QIENBXZQ,code,L,70004432,FO,2006-01-07T14:35,2006-01-07T16:15,AJA,1507096884
QIENBXZQ,code,L,70004437,FO,2006-01-07T17:00,2006-01-07T18:40,ORY,1507096884
QIENBXZQ,code,L,70004434,FO,2006-01-07T19:30,2006-01-07T20:45,AJA,1507096884
MVBFMEGL,code,L,70004643,CS,2006-01-07T05:15,2006-01-07T07:40,CDG,1507096884
MVBFMEGL,code,L,70002972,CS,2006-01-07T09:10,2006-01-07T10:30,TLS,1507096884
MVBFMEGL,code,L,70004431,CS,2006-01-07T11:40,2006-01-07T13:20,ORY,1507096884
MVBFMEGL,code,L,70004432,CS,2006-01-07T14:35,2006-01-07T16:15,AJA,1507096884
MVBFMEGL,code,L,70004437,CS,2006-01-07T17:00,2006-01-07T18:40,ORY,1507096884
MVBFMEGL,code,L,70004434,CS,2006-01-07T19:30,2006-01-07T20:45,AJA,1507096884
FSKBBNTY,code,L,70004643,CS,2006-01-07T05:15,2006-01-07T07:40,CDG,1507096884
FSKBBNTY,code,L,70002972,CS,2006-01-07T09:10,2006-01-07T10:30,TLS,1507096884
FSKBBNTY,code,L,70004431,CS,2006-01-07T11:40,2006-01-07T13:20,ORY,1507096884
FSKBBNTY,code,L,70004432,CS,2006-01-07T14:35,2006-01-07T16:15,AJA,1507096884
FSKBBNTY,code,L,70004437,CS,2006-01-07T17:00,2006-01-07T18:40,ORY,1507096884
FSKBBNTY,code,L,70004434,CS,2006-01-07T19:30,2006-01-07T20:45,AJA,1507096884
PIOBHELK,code,L,70004643,ST,2006-01-07T05:15,2006-01-07T07:40,CDG,1507096884
PIOBHELK,code,L,70002972,ST,2006-01-07T09:10,2006-01-07T10:30,TLS,1507096884
PIOBHELK,code,L,70004431,ST,2006-01-07T11:40,2006-01-07T13:20,ORY,1507096884
PIOBHELK,code,L,70004432,ST,2006-01-07T14:35,2006-01-07T16:15,AJA,1507096884
PIOBHELK,code,L,70004437,ST,2006-01-07T17:00,2006-01-07T18:40,ORY,1507096884
PIOBHELK,code,L,70004434,ST,2006-01-07T19:30,2006-01-07T20:45,AJA,1507096884
LZDFCQSG,code,L,70004643,ST,2006-01-07T05:15,2006-01-07T07:40,CDG,1507096884
LZDFCQSG,code,L,70002972,ST,2006-01-07T09:10,2006-01-07T10:30,TLS,1507096884
LZDFCQSG,code,L,70004431,ST,2006-01-07T11:40,2006-01-07T13:20,ORY,1507096884
LZDFCQSG,code,L,70004432,ST,2006-01-07T14:35,2006-01-07T16:15,AJA,1507096884
LZDFCQSG,code,L,70004437,ST,2006-01-07T17:00,2006-01-07T18:40,ORY,1507096884
LZDFCQSG,code,L,70004434,ST,2006-01-07T19:30,2006-01-07T20:45,AJA,1507096884
VTMPSFSB,code,L,70004643,ST,2006-01-07T05:15,2006-01-07T07:40,CDG,1507096884
VTMPSFSB,code,L,70002972,ST,2006-01-07T09:10,2006-01-07T10:30,TLS,1507096884
VTMPSFSB,code,L,70004431,ST,2006-01-07T11:40,2006-01-07T13:20,ORY,1507096884
VTMPSFSB,code,L,70004432,ST,2006-01-07T14:35,2006-01-07T16:15,AJA,1507096884
VTMPSFSB,code,L,70004437,ST,2006-01-07T17:00,2006-01-07T18:40,ORY,1507096884
VTMPSFSB,code,L,70004434,ST,2006-01-07T19:30,2006-01-07T20:45,AJA,1507096884
HPNQXZBQ,code,L,70004643,ST,2006-01-07T05:15,2006-01-07T07:40,CDG,1507096884
HPNQXZBQ,code,L,70002972,ST,2006-01-07T09:10,2006-01-07T10:30,TLS,1507096884
HPNQXZBQ,code,L,70004431,ST,2006-01-07T11:40,2006-01-07T13:20,ORY,1507096884
HPNQXZBQ,code,L,70004432,ST,2006-01-07T14:35,2006-01-07T16:15,AJA,1507096884
HPNQXZBQ,code,L,70004437,ST,2006-01-07T17:00,2006-01-07T18:40,ORY,1507096884
HPNQXZBQ,code,L,70004434,ST,2006-01-07T19:30,2006-01-07T20:45,AJA,1507096884
ZZDMQWJV,code,L,70004643,ST,2006-01-07T05:15,2006-01-07T07:40,CDG,1507096884
ZZDMQWJV,code,L,70002972,ST,2006-01-07T09:10,2006-01-07T10:30,TLS,1507096884
ZZDMQWJV,code,L,70004431,ST,2006-01-07T11:40,2006-01-07T13:20,ORY,1507096884
ZZDMQWJV,code,L,70004432,ST,2006-01-07T14:35,2006-01-07T16:15,AJA,1507096884
ZZDMQWJV,code,L,70004437,ST,2006-01-07T17:00,2006-01-07T18:40,ORY,1507096884
ZZDMQWJV,code,L,70004434,ST,2006-01-07T19:30,2006-01-07T20:45,AJA,1507096884
ZXMIDDUA,code,L,70004643,ST,2006-01-07T05:15,2006-01-07T07:40,CDG,1507096884
ZXMIDDUA,code,L,70002972,ST,2006-01-07T09:10,2006-01-07T10:30,TLS,1507096884
ZXMIDDUA,code,L,70004431,ST,2006-01-07T11:40,2006-01-07T13:20,ORY,1507096884
ZXMIDDUA,code,L,70004432,ST,2006-01-07T14:35,2006-01-07T16:15,AJA,1507096884
ZXMIDDUA,code,L,70004437,ST,2006-01-07T17:00,2006-01-07T18:40,ORY,1507096884
ZXMIDDUA,code,L,70004434,ST,2006-01-07T19:30,2006-01-07T20:45,AJA,1507096884
BVWFSRWM,code,L,70004523,CP,2006-01-07T05:15,2006-01-07T07:40,CDG,585887566
BVWFSRWM,code,L,70004524,CP,2006-01-07T09:05,2006-01-07T11:20,MRS,585887566
QSOBNKJK,code,L,70004523,FO,2006-01-07T05:15,2006-01-07T07:40,CDG,585887566
QSOBNKJK,code,L,70004524,FO,2006-01-07T09:05,2006-01-07T11:20,MRS,585887566
WIIGVECH,code,L,70004523,CS,2006-01-07T05:15,2006-01-07T07:40,CDG,585887566
WIIGVECH,code,L,70004524,CS,2006-01-07T09:05,2006-01-07T11:20,MRS,585887566
KSJMBHNU,code,L,70004523,CS,2006-01-07T05:15,2006-01-07T07:40,CDG,585887566
KSJMBHNU,code,L,70004524,CS,2006-01-07T09:05,2006-01-07T11:20,MRS,585887566
MTNISCUJ,code,L,70004523,ST,2006-01-07T05:15,2006-01-07T07:40,CDG,585887566
MTNISCUJ,code,L,70004524,ST,2006-01-07T09:05,2006-01-07T11:20,MRS,585887566
YLGJIOLC,code,L,70004523,ST,2006-01-07T05:15,2006-01-07T07:40,CDG,585887566
YLGJIOLC,code,L,70004524,ST,2006-01-07T09:05,2006-01-07T11:20,MRS,585887566
YRQTZGRW,code,L,70004523,ST,2006-01-07T05:15,2006-01-07T07:40,CDG,585887566
YRQTZGRW,code,L,70004524,ST,2006-01-07T09:05,2006-01-07T11:20,MRS,585887566
MDCVRNPS,code,L,70004523,ST,2006-01-07T05:15,2006-01-07T07:40,CDG,585887566
MDCVRNPS,code,L,70004524,ST,2006-01-07T09:05,2006-01-07T11:20,MRS,585887566
FGKCXYIN,code,L,70004523,ST,2006-01-07T05:15,2006-01-07T07:40,CDG,585887566
FGKCXYIN,code,L,70004524,ST,2006-01-07T09:05,2006-01-07T11:20,MRS,585887566
XPDSKSHT,code,L,70004523,ST,2006-01-07T05:15,2006-01-07T07:40,CDG,585887566
XPDSKSHT,code,L,70004524,ST,2006-01-07T09:05,2006-01-07T11:20,MRS,585887566
WYQQFJWX,code,L,70004563,CP,2006-01-07T05:20,2006-01-07T07:55,CDG,485266100
WYQQFJWX,code,L,70004564,CP,2006-01-07T09:05,2006-01-07T11:25,NCE,485266100
IJUNUIDB,code,L,70004563,FO,2006-01-07T05:20,2006-01-07T07:55,CDG,485266100
IJUNUIDB,code,L,70004564,FO,2006-01-07T09:05,2006-01-07T11:25,NCE,485266100
DDLBMEJX,code,L,70004563,CS,2006-01-07T05:20,2006-01-07T07:55,CDG,485266100
DDLBMEJX,code,L,70004564,CS,2006-01-07T09:05,2006-01-07T11:25,NCE,485266100
MUXSHRVN,code,L,70004563,CS,2006-01-07T05:20,2006-01-07T07:55,CDG,485266100
MUXSHRVN,code,L,70004564,CS,2006-01-07T09:05,2006-01-07T11:25,NCE,485266100
VJJLGOEE,code,L,70004563,ST,2006-01-07T05:20,2006-01-07T07:55,CDG,485266100
VJJLGOEE,code,L,70004564,ST,2006-01-07T09:05,2006-01-07T11:25,NCE,485266100
QDIWMPQS,code,L,70004563,ST,2006-01-07T05:20,2006-01-07T07:55,CDG,485266100
QDIWMPQS,code,L,70004564,ST,2006-01-07T09:05,2006-01-07T11:25,NCE,485266100
RGCYZFRP,code,L,70004563,ST,2006-01-07T05:20,2006-01-07T07:55,CDG,485266100
RGCYZFRP,code,L,70004564,ST,2006-01-07T09:05,2006-01-07T11:25,NCE,485266100
YFTORIWB,code,L,70004563,ST,2006-01-07T05:20,2006-01-07T07:55,CDG,485266100
YFTORIWB,code,L,70004564,ST,2006-01-07T09:05,2006-01-07T11:25,NCE,485266100
FFWCJTDP,code,L,70004563,ST,2006-01-07T05:20,2006-01-07T07:55,CDG,485266100
FFWCJTDP,code,L,70004564,ST,2006-01-07T09:05,2006-01-07T11:25,NCE,485266100
XKYCEUCZ,code,L,70004563,ST,2006-01-07T05:20,2006-01-07T07:55,CDG,485266100
XKYCEUCZ,code,L,70004564,ST,2006-01-07T09:05,2006-01-07T11:25,NCE,485266100
KVOLRZKA,code,L,70004375,CP,2006-01-07T05:25,2006-01-07T07:50,ORY,2039633683
KVOLRZKA,code,L,70004376,CP,2006-01-07T08:35,2006-01-07T10:50,TLN,2039633683
ITALPZFO,code,L,70004375,FO,2006-01-07T05:25,2006-01-07T07:50,ORY,2039633683
ITALPZFO,code,L,70004376,FO,2006-01-07T08:35,2006-01-07T10:50,TLN,2039633683
ORLXRFVG,code,L,70004375,CS,2006-01-07T05:25,2006-01-07T07:50,ORY,2039633683
ORLXRFVG,code,L,70004376,CS,2006-01-07T08:35,2006-01-07T10:50,TLN,2039633683
TECALLGG,code,L,70004375,CS,2006-01-07T05:25,2006-01-07T07:50,ORY,2039633683
TECALLGG,code,L,70004376,CS,2006-01-07T08:35,2006-01-07T10:50,TLN,2039633683
QIXNGYEU,code,L,70004375,ST,2006-01-07T05:25,2006-01-07T07:50,ORY,2039633683
QIXNGYEU,code,L,70004376,ST,2006-01-07T08:35,2006-01-07T10:50,TLN,2039633683
JFZGIZJN,code,L,70004375,ST,2006-01-07T05:25,2006-01-07T07:50,ORY,2039633683
JFZGIZJN,code,L,70004376,ST,2006-01-07T08:35,2006-01-07T10:50,TLN,2039633683
XGCVDKEW,code,L,70004375,ST,2006-01-07T05:25,2006-01-07T07:50,ORY,2039633683
XGCVDKEW,code,L,70004376,ST,2006-01-07T08:35,2006-01-07T10:50,TLN,2039633683
XSJEGNVW,code,L,70004375,ST,2006-01-07T05:25,2006-01-07T07:50,ORY,2039633683
XSJEGNVW,code,L,70004376,ST,2006-01-07T08:35,2006-01-07T10:50,TLN,2039633683
OVIRVUWW,code,L,70004375,ST,2006-01-07T05:25,2006-01-07T07:50,ORY,2039633683
OVIRVUWW,code,L,70004376,ST,2006-01-07T08:35,2006-01-07T10:50,TLN,2039633683
LGNJKDGP,code,L,70004375,ST,2006-01-07T05:25,2006-01-07T07:50,ORY,2039633683
LGNJKDGP,code,L,70004376,ST,2006-01-07T08:35,2006-01-07T10:50,TLN,2039633683
TVASFVGB,code,L,70004514,CP,2006-01-07T05:25,2006-01-07T07:35,LYS,1484135457
TVASFVGB,code,L,70004503,CP,2006-01-07T08:30,2006-01-07T10:25,CDG,1484135457
JPQZSOBH,code,L,70004514,FO,2006-01-07T05:25,2006-01-07T07:35,LYS,1484135457
JPQZSOBH,code,L,70004503,FO,2006-01-07T08:30,2006-01-07T10:25,CDG,1484135457
KGTCLJAA,code,L,70004514,CS,2006-01-07T05:25,2006-01-07T07:35,LYS,1484135457
KGTCLJAA,code,L,70004503,CS,2006-01-07T08:30,2006-01-07T10:25,CDG,1484135457
BGSEWJAR,code,L,70004514,CS,2006-01-07T05:25,2006-01-07T07:35,LYS,1484135457
BGSEWJAR,code,L,70004503,CS,2006-01-07T08:30,2006-01-07T10:25,CDG,1484135457
QUVONNBJ,code,L,70004514,ST,2006-01-07T05:25,2006-01-07T07:35,LYS,1484135457
QUVONNBJ,code,L,70004503,ST,2006-01-07T08:30,2006-01-07T10:25,CDG,1484135457
QZELSSWJ,code,L,70004514,ST,2006-01-07T05:25,2006-01-07T07:35,LYS,1484135457
QZELSSWJ,code,L,70004503,ST,2006-01-07T08:30,2006-01-07T10:25,CDG,1484135457
NMMQINHZ,code,L,70004514,ST,2006-01-07T05:25,2006-01-07T07:35,LYS,1484135457
NMMQINHZ,code,L,70004503,ST,2006-01-07T08:30,2006-01-07T10:25,CDG,1484135457
IHBIFELX,code,L,70004514,ST,2006-01-07T05:25,2006-01-07T07:35,LYS,1484135457
IHBIFELX,code,L,70004503,ST,2006-01-07T08:30,2006-01-07T10:25,CDG,1484135457
WMFFRHTB,code,L,70004514,ST,2006-01-07T05:25,2006-01-07T07:35,LYS,1484135457
WMFFRHTB,code,L,70004503,ST,2006-01-07T08:30,2006-01-07T10:25,CDG,1484135457
PPUGIATQ,code,L,70004514,ST,2006-01-07T05:25,2006-01-07T07:35,LYS,1484135457
PPUGIATQ,code,L,70004503,ST,2006-01-07T08:30,2006-01-07T10:25,CDG,1484135457
TBHHELNY,code,L,70004574,CP,2006-01-07T05:25,2006-01-07T08:00,NCE,16322739
TBHHELNY,code,L,70004565,CP,2006-01-07T09:35,2006-01-07T11:55,CDG,16322739
LFCUYAWE,code,L,70004574,FO,2006-01-07T05:25,2006-01-07T08:00,NCE,16322739
LFCUYAWE,code,L,70004565,FO,2006-01-07T09:35,2006-01-07T11:55,CDG,16322739
IVVBLUDA,code,L,70004574,CS,2006-01-07T05:25,2006-01-07T08:00,NCE,16322739
IVVBLUDA,code,L,70004565,CS,2006-01-07T09:35,2006-01-07T11:55,CDG,16322739
QHBBURPI,code,L,70004574,CS,2006-01-07T05:25,2006-01-07T08:00,NCE,16322739
QHBBURPI,code,L,70004565,CS,2006-01-07T09:35,2006-01-07T11:55,CDG,16322739
REEEZDBX,code,L,70004574,ST,2006-01-07T05:25,2006-01-07T08:00,NCE,16322739
REEEZDBX,code,L,70004565,ST,2006-01-07T09:35,2006-01-07T11:55,CDG,16322739
MLALLCVM,code,L,70004574,ST,2006-01-07T05:25,2006-01-07T08:00,NCE,16322739
MLALLCVM,code,L,70004565,ST,2006-01-07T09:35,2006-01-07T11:55,CDG,16322739
GVZNAGGY,code,L,70004574,ST,2006-01-07T05:25,2006-01-07T08:00,NCE,16322739
GVZNAGGY,code,L,70004565,ST,2006-01-07T09:35,2006-01-07T11:55,CDG,16322739
KONGNJEQ,code,L,70004574,ST,2006-01-07T05:25,2006-01-07T08:00,NCE,16322739
KONGNJEQ,code,L,70004565,ST,2006-01-07T09:35,2006-01-07T11:55,CDG,16322739
JHCGXHYT,code,L,70004574,ST,2006-01-07T05:25,2006-01-07T08:00,NCE,16322739
JHCGXHYT,code,L,70004565,ST,2006-01-07T09:35,2006-01-07T11:55,CDG,16322739
WKKAXGOT,code,L,70004574,ST,2006-01-07T05:25,2006-01-07T08:00,NCE,16322739
WKKAXGOT,code,L,70004565,ST,2006-01-07T09:35,2006-01-07T11:55,CDG,16322739
HAXRXHKH,code,L,70004483,CP,2006-01-07T05:30,2006-01-07T07:50,CDG,659767626
HAXRXHKH,code,L,70004488,CP,2006-01-07T09:20,2006-01-07T11:30,BOD,659767626
HFJAVGEG,code,L,70004483,FO,2006-01-07T05:30,2006-01-07T07:50,CDG,659767626
HFJAVGEG,code,L,70004488,FO,2006-01-07T09:20,2006-01-07T11:30,BOD,659767626
IRQMFOAJ,code,L,70004483,CS,2006-01-07T05:30,2006-01-07T07:50,CDG,659767626
IRQMFOAJ,code,L,70004488,CS,2006-01-07T09:20,2006-01-07T11:30,BOD,659767626
XYYVGBGP,code,L,70004483,CS,2006-01-07T05:30,2006-01-07T07:50,CDG,659767626
XYYVGBGP,code,L,70004488,CS,2006-01-07T09:20,2006-01-07T11:30,BOD,659767626
BVYCLYLH,code,L,70004483,ST,2006-01-07T05:30,2006-01-07T07:50,CDG,659767626
BVYCLYLH,code,L,70004488,ST,2006-01-07T09:20,2006-01-07T11:30,BOD,659767626
CXRAEGKV,code,L,70004483,ST,2006-01-07T05:30,2006-01-07T07:50,CDG,659767626
CXRAEGKV,code,L,70004488,ST,2006-01-07T09:20,2006-01-07T11:30,BOD,659767626
RGXSADUX,code,L,70004483,ST,2006-01-07T05:30,2006-01-07T07:50,CDG,659767626
RGXSADUX,code,L,70004488,ST,2006-01-07T09:20,2006-01-07T11:30,BOD,659767626
DEDOCTLN,code,L,70004483,ST,2006-01-07T05:30,2006-01-07T07:50,CDG,659767626
DEDOCTLN,code,L,70004488,ST,2006-01-07T09:20,2006-01-07T11:30,BOD,659767626
RRJCEPGM,code,L,70004483,ST,2006-01-07T05:30,2006-01-07T07:50,CDG,659767626
RRJCEPGM,code,L,70004488,ST,2006-01-07T09:20,2006-01-07T11:30,BOD,659767626
KKWAVJWW,code,L,70004483,ST,2006-01-07T05:30,2006-01-07T07:50,CDG,659767626
KKWAVJWW,code,L,70004488,ST,2006-01-07T09:20,2006-01-07T11:30,BOD,659767626
EOHLIMLV,code,L,70003107,CP,2006-01-07T05:30,2006-01-07T07:50,ORY,1539174560
EOHLIMLV,code,L,70003108,CP,2006-01-07T08:35,2006-01-07T10:45,NCE,1539174560
XTMNCWFF,code,L,70003107,FO,2006-01-07T05:30,2006-01-07T07:50,ORY,1539174560
XTMNCWFF,code,L,70003108,FO,2006-01-07T08:35,2006-01-07T10:45,NCE,1539174560
OCSELDTF,code,L,70003107,CS,2006-01-07T05:30,2006-01-07T07:50,ORY,1539174560
OCSELDTF,code,L,70003108,CS,2006-01-07T08:35,2006-01-07T10:45,NCE,1539174560
QLAUPOEP,code,L,70003107,CS,2006-01-07T05:30,2006-01-07T07:50,ORY,1539174560
QLAUPOEP,code,L,70003108,CS,2006-01-07T08:35,2006-01-07T10:45,NCE,1539174560
VBCXIPTH,code,L,70003107,ST,2006-01-07T05:30,2006-01-07T07:50,ORY,1539174560
VBCXIPTH,code,L,70003108,ST,2006-01-07T08:35,2006-01-07T10:45,NCE,1539174560
XWAWRXFF,code,L,70003107,ST,2006-01-07T05:30,2006-01-07T07:50,ORY,1539174560
XWAWRXFF,code,L,70003108,ST,2006-01-07T08:35,2006-01-07T10:45,NCE,1539174560
EYJEDYTD,code,L,70003107,ST,2006-01-07T05:30,2006-01-07T07:50,ORY,1539174560
EYJEDYTD,code,L,70003108,ST,2006-01-07T08:35,2006-01-07T10:45,NCE,1539174560
SKOARMOR,code,L,70003107,ST,2006-01-07T05:30,2006-01-07T07:50,ORY,1539174560
SKOARMOR,code,L,70003108,ST,2006-01-07T08:35,2006-01-07T10:45,NCE,1539174560
YVCEFYGH,code,L,70003107,ST,2006-01-07T05:30,2006-01-07T07:50,ORY,1539174560
YVCEFYGH,code,L,70003108,ST,2006-01-07T08:35,2006-01-07T10:45,NCE,1539174560
TZHMKYHV,code,L,70003107,ST,2006-01-07T05:30,2006-01-07T07:50,ORY,1539174560
TZHMKYHV,code,L,70003108,ST,2006-01-07T08:35,2006-01-07T10:45,NCE,1539174560
CMGMXODZ,code,L,70002872,CP,2006-01-07T05:30,2006-01-07T07:50,MRS,185012673
CMGMXODZ,code,L,70002879,CP,2006-01-07T08:35,2006-01-07T10:35,ORY,185012673
CGXCSPHC,code,L,70002872,FO,2006-01-07T05:30,2006-01-07T07:50,MRS,185012673
CGXCSPHC,code,L,70002879,FO,2006-01-07T08:35,2006-01-07T10:35,ORY,185012673
UWOAYSDL,code,L,70002872,CS,2006-01-07T05:30,2006-01-07T07:50,MRS,185012673
UWOAYSDL,code,L,70002879,CS,2006-01-07T08:35,2006-01-07T10:35,ORY,185012673
EXKHZURY,code,L,70002872,CS,2006-01-07T05:30,2006-01-07T07:50,MRS,185012673
EXKHZURY,code,L,70002879,CS,2006-01-07T08:35,2006-01-07T10:35,ORY,185012673
IKJUNYJY,code,L,70002872,ST,2006-01-07T05:30,2006-01-07T07:50,MRS,185012673
IKJUNYJY,code,L,70002879,ST,2006-01-07T08:35,2006-01-07T10:35,ORY,185012673
HJTWURXO,code,L,70002872,ST,2006-01-07T05:30,2006-01-07T07:50,MRS,185012673
HJTWURXO,code,L,70002879,ST,2006-01-07T08:35,2006-01-07T10:35,ORY,185012673
MDDSPNMM,code,L,70002872,ST,2006-01-07T05:30,2006-01-07T07:50,MRS,185012673
MDDSPNMM,code,L,70002879,ST,2006-01-07T08:35,2006-01-07T10:35,ORY,185012673
RATVVQRH,code,L,70002872,ST,2006-01-07T05:30,2006-01-07T07:50,MRS,185012673
RATVVQRH,code,L,70002879,ST,2006-01-07T08:35,2006-01-07T10:35,ORY,185012673
XRXTPVFH,code,L,70002872,ST,2006-01-07T05:30,2006-01-07T07:50,MRS,185012673
XRXTPVFH,code,L,70002879,ST,2006-01-07T08:35,2006-01-07T10:35,ORY,185012673
CEVYVMAA,code,L,70002872,ST,2006-01-07T05:30,2006-01-07T07:50,MRS,185012673
CEVYVMAA,code,L,70002879,ST,2006-01-07T08:35,2006-01-07T10:35,ORY,185012673
MZAMJTCO,code,L,70004360,CP,2006-01-07T05:30,2006-01-07T07:55,LDE,1477521204
MZAMJTCO,code,L,70004359,CP,2006-01-07T08:45,2006-01-07T10:05,ORY,1477521204
MZAMJTCO,code,L,70004350,CP,2006-01-07T10:45,2006-01-07T12:10,LDE,1477521204
MZAMJTCO,code,L,70004349,CP,2006-01-07T12:55,2006-01-07T15:00,ORY,1477521204
OBUOMOJO,code,L,70004360,FO,2006-01-07T05:30,2006-01-07T07:55,LDE,1477521204
OBUOMOJO,code,L,70004359,FO,2006-01-07T08:45,2006-01-07T10:05,ORY,1477521204
OBUOMOJO,code,L,70004350,FO,2006-01-07T10:45,2006-01-07T12:10,LDE,1477521204
OBUOMOJO,code,L,70004349,FO,2006-01-07T12:55,2006-01-07T15:00,ORY,1477521204
HGPETRPL,code,L,70004360,CS,2006-01-07T05:30,2006-01-07T07:55,LDE,1477521204
HGPETRPL,code,L,70004359,CS,2006-01-07T08:45,2006-01-07T10:05,ORY,1477521204
HGPETRPL,code,L,70004350,CS,2006-01-07T10:45,2006-01-07T12:10,LDE,1477521204
HGPETRPL,code,L,70004349,CS,2006-01-07T12:55,2006-01-07T15:00,ORY,1477521204
LZYRKSAP,code,L,70004360,ST,2006-01-07T05:30,2006-01-07T07:55,LDE,1477521204
LZYRKSAP,code,L,70004359,ST,2006-01-07T08:45,2006-01-07T10:05,ORY,1477521204
LZYRKSAP,code,L,70004350,ST,2006-01-07T10:45,2006-01-07T12:10,LDE,1477521204
LZYRKSAP,code,L,70004349,ST,2006-01-07T12:55,2006-01-07T15:00,ORY,1477521204
EUWUUASI,code,L,70004360,ST,2006-01-07T05:30,2006-01-07T07:55,LDE,1477521204
EUWUUASI,code,L,70004359,ST,2006-01-07T08:45,2006-01-07T10:05,ORY,1477521204
EUWUUASI,code,L,70004350,ST,2006-01-07T10:45,2006-01-07T12:10,LDE,1477521204
EUWUUASI,code,L,70004349,ST,2006-01-07T12:55,2006-01-07T15:00,ORY,1477521204
DWNFMXLR,code,L,70004360,ST,2006-01-07T05:30,2006-01-07T07:55,LDE,1477521204
DWNFMXLR,code,L,70004359,ST,2006-01-07T08:45,2006-01-07T10:05,ORY,1477521204
DWNFMXLR,code,L,70004350,ST,2006-01-07T10:45,2006-01-07T12:10,LDE,1477521204
DWNFMXLR,code,L,70004349,ST,2006-01-07T12:55,2006-01-07T15:00,ORY,1477521204
TOKRIXGK,code,L,70004623,CP,2006-01-07T05:35,2006-01-07T07:35,ORY,744291659
TOKRIXGK,code,L,70004626,CP,2006-01-07T09:35,2006-01-07T10:45,SXB,744291659
TOKRIXGK,code,L,70004625,CP,2006-01-07T11:40,2006-01-07T12:50,CDG,744291659
TOKRIXGK,code,L,70004634,CP,2006-01-07T14:10,2006-01-07T15:20,SXB,744291659
TOKRIXGK,code,L,70004629,CP,2006-01-07T16:30,2006-01-07T17:40,CDG,744291659
TOKRIXGK,code,L,70004630,CP,2006-01-07T18:25,2006-01-07T19:35,SXB,744291659
TOKRIXGK,code,L,70004647,CP,2006-01-07T20:30,2006-01-07T22:25,CDG,744291659
KXCXJGBA,code,L,70004623,FO,2006-01-07T05:35,2006-01-07T07:35,ORY,744291659
KXCXJGBA,code,L,70004626,FO,2006-01-07T09:35,2006-01-07T10:45,SXB,744291659
KXCXJGBA,code,L,70004625,FO,2006-01-07T11:40,2006-01-07T12:50,CDG,744291659
KXCXJGBA,code,L,70004634,FO,2006-01-07T14:10,2006-01-07T15:20,SXB,744291659
KXCXJGBA,code,L,70004629,FO,2006-01-07T16:30,2006-01-07T17:40,CDG,744291659
KXCXJGBA,code,L,70004630,FO,2006-01-07T18:25,2006-01-07T19:35,SXB,744291659
KXCXJGBA,code,L,70004647,FO,2006-01-07T20:30,2006-01-07T22:25,CDG,744291659
REPXIAXW,code,L,70004623,CS,2006-01-07T05:35,2006-01-07T07:35,ORY,744291659
REPXIAXW,code,L,70004626,CS,2006-01-07T09:35,2006-01-07T10:45,SXB,744291659
REPXIAXW,code,L,70004625,CS,2006-01-07T11:40,2006-01-07T12:50,CDG,744291659
REPXIAXW,code,L,70004634,CS,2006-01-07T14:10,2006-01-07T15:20,SXB,744291659
REPXIAXW,code,L,70004629,CS,2006-01-07T16:30,2006-01-07T17:40,CDG,744291659
REPXIAXW,code,L,70004630,CS,2006-01-07T18:25,2006-01-07T19:35,SXB,744291659
REPXIAXW,code,L,70004647,CS,2006-01-07T20:30,2006-01-07T22:25,CDG,744291659
AVOFTBRF,code,L,70004623,CS,2006-01-07T05:35,2006-01-07T07:35,ORY,744291659
AVOFTBRF,code,L,70004626,CS,2006-01-07T09:35,2006-01-07T10:45,SXB,744291659
AVOFTBRF,code,L,70004625,CS,2006-01-07T11:40,2006-01-07T12:50,CDG,744291659
AVOFTBRF,code,L,70004634,CS,2006-01-07T14:10,2006-01-07T15:20,SXB,744291659
AVOFTBRF,code,L,70004629,CS,2006-01-07T16:30,2006-01-07T17:40,CDG,744291659
AVOFTBRF,code,L,70004630,CS,2006-01-07T18:25,2006-01-07T19:35,SXB,744291659
AVOFTBRF,code,L,70004647,CS,2006-01-07T20:30,2006-01-07T22:25,CDG,744291659
XSNULILQ,code,L,70004623,ST,2006-01-07T05:35,2006-01-07T07:35,ORY,744291659
XSNULILQ,code,L,70004626,ST,2006-01-07T09:35,2006-01-07T10:45,SXB,744291659
XSNULILQ,code,L,70004625,ST,2006-01-07T11:40,2006-01-07T12:50,CDG,744291659
XSNULILQ,code,L,70004634,ST,2006-01-07T14:10,2006-01-07T15:20,SXB,744291659
XSNULILQ,code,L,70004629,ST,2006-01-07T16:30,2006-01-07T17:40,CDG,744291659
XSNULILQ,code,L,70004630,ST,2006-01-07T18:25,2006-01-07T19:35,SXB,744291659
XSNULILQ,code,L,70004647,ST,2006-01-07T20:30,2006-01-07T22:25,CDG,744291659
DGUEVMZE,code,L,70004623,ST,2006-01-07T05:35,2006-01-07T07:35,ORY,744291659
DGUEVMZE,code,L,70004626,ST,2006-01-07T09:35,2006-01-07T10:45,SXB,744291659
DGUEVMZE,code,L,70004625,ST,2006-01-07T11:40,2006-01-07T12:50,CDG,744291659
DGUEVMZE,code,L,70004634,ST,2006-01-07T14:10,2006-01-07T15:20,SXB,744291659
DGUEVMZE,code,L,70004629,ST,2006-01-07T16:30,2006-01-07T17:40,CDG,744291659
DGUEVMZE,code,L,70004630,ST,2006-01-07T18:25,2006-01-07T19:35,SXB,744291659
DGUEVMZE,code,L,70004647,ST,2006-01-07T20:30,2006-01-07T22:25,CDG,744291659
WWDHFYZF,code,L,70004623,ST,2006-01-07T05:35,2006-01-07T07:35,ORY,744291659
WWDHFYZF,code,L,70004626,ST,2006-01-07T09:35,2006-01-07T10:45,SXB,744291659
WWDHFYZF,code,L,70004625,ST,2006-01-07T11:40,2006-01-07T12:50,CDG,744291659
WWDHFYZF,code,L,70004634,ST,2006-01-07T14:10,2006-01-07T15:20,SXB,744291659
WWDHFYZF,code,L,70004629,ST,2006-01-07T16:30,2006-01-07T17:40,CDG,744291659
WWDHFYZF,code,L,70004630,ST,2006-01-07T18:25,2006-01-07T19:35,SXB,744291659
WWDHFYZF,code,L,70004647,ST,2006-01-07T20:30,2006-01-07T22:25,CDG,744291659
OGUEBBNG,code,L,70004623,ST,2006-01-07T05:35,2006-01-07T07:35,ORY,744291659
OGUEBBNG,code,L,70004626,ST,2006-01-07T09:35,2006-01-07T10:45,SXB,744291659
OGUEBBNG,code,L,70004625,ST,2006-01-07T11:40,2006-01-07T12:50,CDG,744291659
OGUEBBNG,code,L,70004634,ST,2006-01-07T14:10,2006-01-07T15:20,SXB,744291659
OGUEBBNG,code,L,70004629,ST,2006-01-07T16:30,2006-01-07T17:40,CDG,744291659
OGUEBBNG,code,L,70004630,ST,2006-01-07T18:25,2006-01-07T19:35,SXB,744291659
OGUEBBNG,code,L,70004647,ST,2006-01-07T20:30,2006-01-07T22:25,CDG,744291659
HEFRWBIB,code,L,70004623,ST,2006-01-07T05:35,2006-01-07T07:35,ORY,744291659
HEFRWBIB,code,L,70004626,ST,2006-01-07T09:35,2006-01-07T10:45,SXB,744291659
HEFRWBIB,code,L,70004625,ST,2006-01-07T11:40,2006-01-07T12:50,CDG,744291659
HEFRWBIB,code,L,70004634,ST,2006-01-07T14:10,2006-01-07T15:20,SXB,744291659
HEFRWBIB,code,L,70004629,ST,2006-01-07T16:30,2006-01-07T17:40,CDG,744291659
HEFRWBIB,code,L,70004630,ST,2006-01-07T18:25,2006-01-07T19:35,SXB,744291659
HEFRWBIB,code,L,70004647,ST,2006-01-07T20:30,2006-01-07T22:25,CDG,744291659
YAVJJIIT,code,L,70004623,ST,2006-01-07T05:35,2006-01-07T07:35,ORY,744291659
YAVJJIIT,code,L,70004626,ST,2006-01-07T09:35,2006-01-07T10:45,SXB,744291659
YAVJJIIT,code,L,70004625,ST,2006-01-07T11:40,2006-01-07T12:50,CDG,744291659
YAVJJIIT,code,L,70004634,ST,2006-01-07T14:10,2006-01-07T15:20,SXB,744291659
YAVJJIIT,code,L,70004629,ST,2006-01-07T16:30,2006-01-07T17:40,CDG,744291659
YAVJJIIT,code,L,70004630,ST,2006-01-07T18:25,2006-01-07T19:35,SXB,744291659
YAVJJIIT,code,L,70004647,ST,2006-01-07T20:30,2006-01-07T22:25,CDG,744291659
BHXTMHEP,code,L,70004536,CP,2006-01-07T05:35,2006-01-07T08:05,MRS,689146701
BHXTMHEP,code,L,70004525,CP,2006-01-07T09:30,2006-01-07T11:40,CDG,689146701
RZCPBQML,code,L,70004536,FO,2006-01-07T05:35,2006-01-07T08:05,MRS,689146701
RZCPBQML,code,L,70004525,FO,2006-01-07T09:30,2006-01-07T11:40,CDG,689146701
ZLOXACKG,code,L,70004536,CS,2006-01-07T05:35,2006-01-07T08:05,MRS,689146701
ZLOXACKG,code,L,70004525,CS,2006-01-07T09:30,2006-01-07T11:40,CDG,689146701
MAKUQOUD,code,L,70004536,CS,2006-01-07T05:35,2006-01-07T08:05,MRS,689146701
MAKUQOUD,code,L,70004525,CS,2006-01-07T09:30,2006-01-07T11:40,CDG,689146701
QNOXZCBM,code,L,70004536,ST,2006-01-07T05:35,2006-01-07T08:05,MRS,689146701
QNOXZCBM,code,L,70004525,ST,2006-01-07T09:30,2006-01-07T11:40,CDG,689146701
XCAZFPNB,code,L,70004536,ST,2006-01-07T05:35,2006-01-07T08:05,MRS,689146701
XCAZFPNB,code,L,70004525,ST,2006-01-07T09:30,2006-01-07T11:40,CDG,689146701
IYMCOKHK,code,L,70004536,ST,2006-01-07T05:35,2006-01-07T08:05,MRS,689146701
IYMCOKHK,code,L,70004525,ST,2006-01-07T09:30,2006-01-07T11:40,CDG,689146701
KJDISCCA,code,L,70004536,ST,2006-01-07T05:35,2006-01-07T08:05,MRS,689146701
KJDISCCA,code,L,70004525,ST,2006-01-07T09:30,2006-01-07T11:40,CDG,689146701
DWTAGHYM,code,L,70004536,ST,2006-01-07T05:35,2006-01-07T08:05,MRS,689146701
DWTAGHYM,code,L,70004525,ST,2006-01-07T09:30,2006-01-07T11:40,CDG,689146701
GLYIFLUO,code,L,70004536,ST,2006-01-07T05:35,2006-01-07T08:05,MRS,689146701
GLYIFLUO,code,L,70004525,ST,2006-01-07T09:30,2006-01-07T11:40,CDG,689146701
XMGHABWZ,code,L,70002970,CP,2006-01-07T05:40,2006-01-07T08:00,TLS,100621466
XMGHABWZ,code,L,70002975,CP,2006-01-07T08:50,2006-01-07T10:45,ORY,100621466
PRBHCLCO,code,L,70002970,FO,2006-01-07T05:40,2006-01-07T08:00,TLS,100621466
PRBHCLCO,code,L,70002975,FO,2006-01-07T08:50,2006-01-07T10:45,ORY,100621466
PCDODQDH,code,L,70002970,CS,2006-01-07T05:40,2006-01-07T08:00,TLS,100621466
PCDODQDH,code,L,70002975,CS,2006-01-07T08:50,2006-01-07T10:45,ORY,100621466
BZAIANKF,code,L,70002970,CS,2006-01-07T05:40,2006-01-07T08:00,TLS,100621466
BZAIANKF,code,L,70002975,CS,2006-01-07T08:50,2006-01-07T10:45,ORY,100621466
YMPQXJIE,code,L,70002970,ST,2006-01-07T05:40,2006-01-07T08:00,TLS,100621466
YMPQXJIE,code,L,70002975,ST,2006-01-07T08:50,2006-01-07T10:45,ORY,100621466
VQYVFIRH,code,L,70002970,ST,2006-01-07T05:40,2006-01-07T08:00,TLS,100621466
VQYVFIRH,code,L,70002975,ST,2006-01-07T08:50,2006-01-07T10:45,ORY,100621466
AKFQSRRL,code,L,70002970,ST,2006-01-07T05:40,2006-01-07T08:00,TLS,100621466
AKFQSRRL,code,L,70002975,ST,2006-01-07T08:50,2006-01-07T10:45,ORY,100621466
MOOUUWJH,code,L,70002970,ST,2006-01-07T05:40,2006-01-07T08:00,TLS,100621466
MOOUUWJH,code,L,70002975,ST,2006-01-07T08:50,2006-01-07T10:45,ORY,100621466
OZIMKAIU,code,L,70002970,ST,2006-01-07T05:40,2006-01-07T08:00,TLS,100621466
OZIMKAIU,code,L,70002975,ST,2006-01-07T08:50,2006-01-07T10:45,ORY,100621466
LQGQVTVE,code,L,70002970,ST,2006-01-07T05:40,2006-01-07T08:00,TLS,100621466
LQGQVTVE,code,L,70002975,ST,2006-01-07T08:50,2006-01-07T10:45,ORY,100621466
CSTKKGVE,code,L,70002605,CP,2006-01-07T05:40,2006-01-07T07:45,RNS,1617046705
CSTKKGVE,code,L,70002606,CP,2006-01-07T08:10,2006-01-07T10:05,TLS,1617046705
NWZGJUSS,code,L,70002605,FO,2006-01-07T05:40,2006-01-07T07:45,RNS,1617046705
NWZGJUSS,code,L,70002606,FO,2006-01-07T08:10,2006-01-07T10:05,TLS,1617046705
MOMYEGTC,code,L,70002605,CSD,2006-01-07T05:40,2006-01-07T07:45,RNS,1617046705
MOMYEGTC,code,L,70002606,CSD,2006-01-07T08:10,2006-01-07T10:05,TLS,1617046705
SUHZILBD,code,L,70002605,ST,2006-01-07T05:40,2006-01-07T07:45,RNS,1617046705
SUHZILBD,code,L,70002606,ST,2006-01-07T08:10,2006-01-07T10:05,TLS,1617046705
IDUEIEYA,code,L,70002605,ST,2006-01-07T05:40,2006-01-07T07:45,RNS,1617046705
IDUEIEYA,code,L,70002606,ST,2006-01-07T08:10,2006-01-07T10:05,TLS,1617046705
VTQOOZKO,code,L,70002969,CP,2006-01-07T05:50,2006-01-07T08:00,ORY,1048083132
VTQOOZKO,code,L,70002976,CP,2006-01-07T08:40,2006-01-07T10:45,TLS,1048083132
DZKSRIRV,code,L,70002969,FO,2006-01-07T05:50,2006-01-07T08:00,ORY,1048083132
DZKSRIRV,code,L,70002976,FO,2006-01-07T08:40,2006-01-07T10:45,TLS,1048083132
CODMIRTO,code,L,70002969,CS,2006-01-07T05:50,2006-01-07T08:00,ORY,1048083132
CODMIRTO,code,L,70002976,CS,2006-01-07T08:40,2006-01-07T10:45,TLS,1048083132
PFQFCXXO,code,L,70002969,CS,2006-01-07T05:50,2006-01-07T08:00,ORY,1048083132
PFQFCXXO,code,L,70002976,CS,2006-01-07T08:40,2006-01-07T10:45,TLS,1048083132
UWPHTHIH,code,L,70002969,ST,2006-01-07T05:50,2006-01-07T08:00,ORY,1048083132
UWPHTHIH,code,L,70002976,ST,2006-01-07T08:40,2006-01-07T10:45,TLS,1048083132
UFPFKFVG,code,L,70002969,ST,2006-01-07T05:50,2006-01-07T08:00,ORY,1048083132
UFPFKFVG,code,L,70002976,ST,2006-01-07T08:40,2006-01-07T10:45,TLS,1048083132
ECJPPIVN,code,L,70002969,ST,2006-01-07T05:50,2006-01-07T08:00,ORY,1048083132
ECJPPIVN,code,L,70002976,ST,2006-01-07T08:40,2006-01-07T10:45,TLS,1048083132
FLBVKMLA,code,L,70002969,ST,2006-01-07T05:50,2006-01-07T08:00,ORY,1048083132
FLBVKMLA,code,L,70002976,ST,2006-01-07T08:40,2006-01-07T10:45,TLS,1048083132
QHEPIEWZ,code,L,70002969,ST,2006-01-07T05:50,2006-01-07T08:00,ORY,1048083132
QHEPIEWZ,code,L,70002976,ST,2006-01-07T08:40,2006-01-07T10:45,TLS,1048083132
ACTNUKUU,code,L,70002969,ST,2006-01-07T05:50,2006-01-07T08:00,ORY,1048083132
ACTNUKUU,code,L,70002976,ST,2006-01-07T08:40,2006-01-07T10:45,TLS,1048083132
MUGKRKZI,code,L,70004618,CP,2006-01-07T06:00,2006-01-07T08:10,ETZ,1002897798
MUGKRKZI,code,L,70004617,CP,2006-01-07T08:40,2006-01-07T10:25,ORY,1002897798
QYEJEGZC,code,L,70004618,FO,2006-01-07T06:00,2006-01-07T08:10,ETZ,1002897798
QYEJEGZC,code,L,70004617,FO,2006-01-07T08:40,2006-01-07T10:25,ORY,1002897798
GUGUFEKA,code,L,70004618,CS,2006-01-07T06:00,2006-01-07T08:10,ETZ,1002897798
GUGUFEKA,code,L,70004617,CS,2006-01-07T08:40,2006-01-07T10:25,ORY,1002897798
WJLSTAFR,code,L,70004618,CS,2006-01-07T06:00,2006-01-07T08:10,ETZ,1002897798
WJLSTAFR,code,L,70004617,CS,2006-01-07T08:40,2006-01-07T10:25,ORY,1002897798
PRFECELB,code,L,70004618,ST,2006-01-07T06:00,2006-01-07T08:10,ETZ,1002897798
PRFECELB,code,L,70004617,ST,2006-01-07T08:40,2006-01-07T10:25,ORY,1002897798
ANZNJDYF,code,L,70004618,ST,2006-01-07T06:00,2006-01-07T08:10,ETZ,1002897798
ANZNJDYF,code,L,70004617,ST,2006-01-07T08:40,2006-01-07T10:25,ORY,1002897798
QUZGLNGE,code,L,70004618,ST,2006-01-07T06:00,2006-01-07T08:10,ETZ,1002897798
QUZGLNGE,code,L,70004617,ST,2006-01-07T08:40,2006-01-07T10:25,ORY,1002897798
NEKKRYDN,code,L,70004618,ST,2006-01-07T06:00,2006-01-07T08:10,ETZ,1002897798
NEKKRYDN,code,L,70004617,ST,2006-01-07T08:40,2006-01-07T10:25,ORY,1002897798
VDNFZUGM,code,L,70004618,ST,2006-01-07T06:00,2006-01-07T08:10,ETZ,1002897798
VDNFZUGM,code,L,70004617,ST,2006-01-07T08:40,2006-01-07T10:25,ORY,1002897798
BNMXJXDU,code,L,70004618,ST,2006-01-07T06:00,2006-01-07T08:10,ETZ,1002897798
BNMXJXDU,code,L,70004617,ST,2006-01-07T08:40,2006-01-07T10:25,ORY,1002897798
VYTGAHHT,code,L,70003065,CP,2006-01-07T06:00,2006-01-07T08:20,ORY,2026928803
VYTGAHHT,code,L,70003070,CP,2006-01-07T09:05,2006-01-07T11:15,NCE,2026928803
MVVOGKLP,code,L,70003065,FO,2006-01-07T06:00,2006-01-07T08:20,ORY,2026928803
MVVOGKLP,code,L,70003070,FO,2006-01-07T09:05,2006-01-07T11:15,NCE,2026928803
FMOLVVNL,code,L,70003065,CS,2006-01-07T06:00,2006-01-07T08:20,ORY,2026928803
FMOLVVNL,code,L,70003070,CS,2006-01-07T09:05,2006-01-07T11:15,NCE,2026928803
ZDSUEXOW,code,L,70003065,CS,2006-01-07T06:00,2006-01-07T08:20,ORY,2026928803
ZDSUEXOW,code,L,70003070,CS,2006-01-07T09:05,2006-01-07T11:15,NCE,2026928803
EVXOVJGB,code,L,70003065,ST,2006-01-07T06:00,2006-01-07T08:20,ORY,2026928803
EVXOVJGB,code,L,70003070,ST,2006-01-07T09:05,2006-01-07T11:15,NCE,2026928803
LOSAQDKZ,code,L,70003065,ST,2006-01-07T06:00,2006-01-07T08:20,ORY,2026928803
LOSAQDKZ,code,L,70003070,ST,2006-01-07T09:05,2006-01-07T11:15,NCE,2026928803
EBLAQFJS,code,L,70003065,ST,2006-01-07T06:00,2006-01-07T08:20,ORY,2026928803
EBLAQFJS,code,L,70003070,ST,2006-01-07T09:05,2006-01-07T11:15,NCE,2026928803
BATUVPIT,code,L,70003065,ST,2006-01-07T06:00,2006-01-07T08:20,ORY,2026928803
BATUVPIT,code,L,70003070,ST,2006-01-07T09:05,2006-01-07T11:15,NCE,2026928803
ZWDAQPZU,code,L,70003065,ST,2006-01-07T06:00,2006-01-07T08:20,ORY,2026928803
ZWDAQPZU,code,L,70003070,ST,2006-01-07T09:05,2006-01-07T11:15,NCE,2026928803
PWYUHXIF,code,L,70003065,ST,2006-01-07T06:00,2006-01-07T08:20,ORY,2026928803
PWYUHXIF,code,L,70003070,ST,2006-01-07T09:05,2006-01-07T11:15,NCE,2026928803
XDLEOFXB,code,L,70004164,CP,2006-01-07T06:00,2006-01-07T08:00,SXB,1704637349
XDLEOFXB,code,L,70002883,CP,2006-01-07T11:35,2006-01-07T12:50,ORY,1704637349
XDLEOFXB,code,L,70002892,CP,2006-01-07T13:30,2006-01-07T14:50,MRS,1704637349
XDLEOFXB,code,L,70002895,CP,2006-01-07T15:35,2006-01-07T16:50,ORY,1704637349
XDLEOFXB,code,L,70002908,CP,2006-01-07T17:30,2006-01-07T18:50,MRS,1704637349
XDLEOFXB,code,L,70004189,CP,2006-01-07T19:25,2006-01-07T21:10,ORY,1704637349
FRTDDLKK,code,L,70004164,FO,2006-01-07T06:00,2006-01-07T08:00,SXB,1704637349
FRTDDLKK,code,L,70002883,FO,2006-01-07T11:35,2006-01-07T12:50,ORY,1704637349
FRTDDLKK,code,L,70002892,FO,2006-01-07T13:30,2006-01-07T14:50,MRS,1704637349
FRTDDLKK,code,L,70002895,FO,2006-01-07T15:35,2006-01-07T16:50,ORY,1704637349
FRTDDLKK,code,L,70002908,FO,2006-01-07T17:30,2006-01-07T18:50,MRS,1704637349
FRTDDLKK,code,L,70004189,FO,2006-01-07T19:25,2006-01-07T21:10,ORY,1704637349
LBDLSQJC,code,L,70004164,CS,2006-01-07T06:00,2006-01-07T08:00,SXB,1704637349
LBDLSQJC,code,L,70002883,CS,2006-01-07T11:35,2006-01-07T12:50,ORY,1704637349
LBDLSQJC,code,L,70002892,CS,2006-01-07T13:30,2006-01-07T14:50,MRS,1704637349
LBDLSQJC,code,L,70002895,CS,2006-01-07T15:35,2006-01-07T16:50,ORY,1704637349
LBDLSQJC,code,L,70002908,CS,2006-01-07T17:30,2006-01-07T18:50,MRS,1704637349
LBDLSQJC,code,L,70004189,CS,2006-01-07T19:25,2006-01-07T21:10,ORY,1704637349
LVLIRLHU,code,L,70004164,CS,2006-01-07T06:00,2006-01-07T08:00,SXB,1704637349
LVLIRLHU,code,L,70002883,CS,2006-01-07T11:35,2006-01-07T12:50,ORY,1704637349
LVLIRLHU,code,L,70002892,CS,2006-01-07T13:30,2006-01-07T14:50,MRS,1704637349
LVLIRLHU,code,L,70002895,CS,2006-01-07T15:35,2006-01-07T16:50,ORY,1704637349
LVLIRLHU,code,L,70002908,CS,2006-01-07T17:30,2006-01-07T18:50,MRS,1704637349
LVLIRLHU,code,L,70004189,CS,2006-01-07T19:25,2006-01-07T21:10,ORY,1704637349
OLLEJXDN,code,L,70004164,ST,2006-01-07T06:00,2006-01-07T08:00,SXB,1704637349
OLLEJXDN,code,L,70002883,ST,2006-01-07T11:35,2006-01-07T12:50,ORY,1704637349
OLLEJXDN,code,L,70002892,ST,2006-01-07T13:30,2006-01-07T14:50,MRS,1704637349
OLLEJXDN,code,L,70002895,ST,2006-01-07T15:35,2006-01-07T16:50,ORY,1704637349
OLLEJXDN,code,L,70002908,ST,2006-01-07T17:30,2006-01-07T18:50,MRS,1704637349
OLLEJXDN,code,L,70004189,ST,2006-01-07T19:25,2006-01-07T21:10,ORY,1704637349
KFNSZWAY,code,L,70004164,ST,2006-01-07T06:00,2006-01-07T08:00,SXB,1704637349
KFNSZWAY,code,L,70002883,ST,2006-01-07T11:35,2006-01-07T12:50,ORY,1704637349
KFNSZWAY,code,L,70002892,ST,2006-01-07T13:30,2006-01-07T14:50,MRS,1704637349
KFNSZWAY,code,L,70002895,ST,2006-01-07T15:35,2006-01-07T16:50,ORY,1704637349
KFNSZWAY,code,L,70002908,ST,2006-01-07T17:30,2006-01-07T18:50,MRS,1704637349
KFNSZWAY,code,L,70004189,ST,2006-01-07T19:25,2006-01-07T21:10,ORY,1704637349
LWCWPUSA,code,L,70004164,ST,2006-01-07T06:00,2006-01-07T08:00,SXB,1704637349
LWCWPUSA,code,L,70002883,ST,2006-01-07T11:35,2006-01-07T12:50,ORY,1704637349
LWCWPUSA,code,L,70002892,ST,2006-01-07T13:30,2006-01-07T14:50,MRS,1704637349
LWCWPUSA,code,L,70002895,ST,2006-01-07T15:35,2006-01-07T16:50,ORY,1704637349
LWCWPUSA,code,L,70002908,ST,2006-01-07T17:30,2006-01-07T18:50,MRS,1704637349
LWCWPUSA,code,L,70004189,ST,2006-01-07T19:25,2006-01-07T21:10,ORY,1704637349
ADOTUUTJ,code,L,70004164,ST,2006-01-07T06:00,2006-01-07T08:00,SXB,1704637349
ADOTUUTJ,code,L,70002883,ST,2006-01-07T11:35,2006-01-07T12:50,ORY,1704637349
ADOTUUTJ,code,L,70002892,ST,2006-01-07T13:30,2006-01-07T14:50,MRS,1704637349
ADOTUUTJ,code,L,70002895,ST,2006-01-07T15:35,2006-01-07T16:50,ORY,1704637349
ADOTUUTJ,code,L,70002908,ST,2006-01-07T17:30,2006-01-07T18:50,MRS,1704637349
ADOTUUTJ,code,L,70004189,ST,2006-01-07T19:25,2006-01-07T21:10,ORY,1704637349
JSAVFHUO,code,L,70004164,ST,2006-01-07T06:00,2006-01-07T08:00,SXB,1704637349
JSAVFHUO,code,L,70002883,ST,2006-01-07T11:35,2006-01-07T12:50,ORY,1704637349
JSAVFHUO,code,L,70002892,ST,2006-01-07T13:30,2006-01-07T14:50,MRS,1704637349
JSAVFHUO,code,L,70002895,ST,2006-01-07T15:35,2006-01-07T16:50,ORY,1704637349
JSAVFHUO,code,L,70002908,ST,2006-01-07T17:30,2006-01-07T18:50,MRS,1704637349
JSAVFHUO,code,L,70004189,ST,2006-01-07T19:25,2006-01-07T21:10,ORY,1704637349
KGLCVOVH,code,L,70004164,ST,2006-01-07T06:00,2006-01-07T08:00,SXB,1704637349
KGLCVOVH,code,L,70002883,ST,2006-01-07T11:35,2006-01-07T12:50,ORY,1704637349
KGLCVOVH,code,L,70002892,ST,2006-01-07T13:30,2006-01-07T14:50,MRS,1704637349
KGLCVOVH,code,L,70002895,ST,2006-01-07T15:35,2006-01-07T16:50,ORY,1704637349
KGLCVOVH,code,L,70002908,ST,2006-01-07T17:30,2006-01-07T18:50,MRS,1704637349
KGLCVOVH,code,L,70004189,ST,2006-01-07T19:25,2006-01-07T21:10,ORY,1704637349
KMQQJUAQ,code,L,70002610,CP,2006-01-07T06:00,2006-01-07T08:35,RNS,272026514
KMQQJUAQ,code,L,70002661,CP,2006-01-07T09:10,2006-01-07T11:05,NCE,272026514
KMQQJUAQ,code,L,70002662,CP,2006-01-07T11:45,2006-01-07T13:35,BES,272026514
KMQQJUAQ,code,L,70002609,CP,2006-01-07T14:05,2006-01-07T16:30,NCE,272026514
JUFBUTAB,code,L,70002610,FO,2006-01-07T06:00,2006-01-07T08:35,RNS,272026514
JUFBUTAB,code,L,70002661,FO,2006-01-07T09:10,2006-01-07T11:05,NCE,272026514
JUFBUTAB,code,L,70002662,FO,2006-01-07T11:45,2006-01-07T13:35,BES,272026514
JUFBUTAB,code,L,70002609,FO,2006-01-07T14:05,2006-01-07T16:30,NCE,272026514
CXOTFDQZ,code,L,70002610,CSD,2006-01-07T06:00,2006-01-07T08:35,RNS,272026514
CXOTFDQZ,code,L,70002661,CSD,2006-01-07T09:10,2006-01-07T11:05,NCE,272026514
CXOTFDQZ,code,L,70002662,CSD,2006-01-07T11:45,2006-01-07T13:35,BES,272026514
CXOTFDQZ,code,L,70002609,CSD,2006-01-07T14:05,2006-01-07T16:30,NCE,272026514
HEDXJNJO,code,L,70002610,ST,2006-01-07T06:00,2006-01-07T08:35,RNS,272026514
HEDXJNJO,code,L,70002661,ST,2006-01-07T09:10,2006-01-07T11:05,NCE,272026514
HEDXJNJO,code,L,70002662,ST,2006-01-07T11:45,2006-01-07T13:35,BES,272026514
HEDXJNJO,code,L,70002609,ST,2006-01-07T14:05,2006-01-07T16:30,NCE,272026514
POVQWINI,code,L,70002610,ST,2006-01-07T06:00,2006-01-07T08:35,RNS,272026514
POVQWINI,code,L,70002661,ST,2006-01-07T09:10,2006-01-07T11:05,NCE,272026514
POVQWINI,code,L,70002662,ST,2006-01-07T11:45,2006-01-07T13:35,BES,272026514
POVQWINI,code,L,70002609,ST,2006-01-07T14:05,2006-01-07T16:30,NCE,272026514
SDZLOSSR,code,L,70002610,ST,2006-01-07T06:00,2006-01-07T08:35,RNS,272026514
SDZLOSSR,code,L,70002661,ST,2006-01-07T09:10,2006-01-07T11:05,NCE,272026514
SDZLOSSR,code,L,70002662,ST,2006-01-07T11:45,2006-01-07T13:35,BES,272026514
SDZLOSSR,code,L,70002609,ST,2006-01-07T14:05,2006-01-07T16:30,NCE,272026514
BUTXPIDL,code,L,70002624,CP,2006-01-07T06:05,2006-01-07T08:25,NTE,1412011072
BUTXPIDL,code,L,70002623,CP,2006-01-07T09:00,2006-01-07T10:25,MRS,1412011072
BUTXPIDL,code,L,70002630,CP,2006-01-07T11:00,2006-01-07T12:20,NTE,1412011072
BUTXPIDL,code,L,70002629,CP,2006-01-07T12:55,2006-01-07T15:05,MRS,1412011072
JKQHHBBO,code,L,70002624,FO,2006-01-07T06:05,2006-01-07T08:25,NTE,1412011072
JKQHHBBO,code,L,70002623,FO,2006-01-07T09:00,2006-01-07T10:25,MRS,1412011072
JKQHHBBO,code,L,70002630,FO,2006-01-07T11:00,2006-01-07T12:20,NTE,1412011072
JKQHHBBO,code,L,70002629,FO,2006-01-07T12:55,2006-01-07T15:05,MRS,1412011072
IROVMFPK,code,L,70002624,CS,2006-01-07T06:05,2006-01-07T08:25,NTE,1412011072
IROVMFPK,code,L,70002623,CS,2006-01-07T09:00,2006-01-07T10:25,MRS,1412011072
IROVMFPK,code,L,70002630,CS,2006-01-07T11:00,2006-01-07T12:20,NTE,1412011072
IROVMFPK,code,L,70002629,CS,2006-01-07T12:55,2006-01-07T15:05,MRS,1412011072
OEKBAGSD,code,L,70002624,CS,2006-01-07T06:05,2006-01-07T08:25,NTE,1412011072
OEKBAGSD,code,L,70002623,CS,2006-01-07T09:00,2006-01-07T10:25,MRS,1412011072
OEKBAGSD,code,L,70002630,CS,2006-01-07T11:00,2006-01-07T12:20,NTE,1412011072
OEKBAGSD,code,L,70002629,CS,2006-01-07T12:55,2006-01-07T15:05,MRS,1412011072
JFQZGTGH,code,L,70002624,ST,2006-01-07T06:05,2006-01-07T08:25,NTE,1412011072
JFQZGTGH,code,L,70002623,ST,2006-01-07T09:00,2006-01-07T10:25,MRS,1412011072
JFQZGTGH,code,L,70002630,ST,2006-01-07T11:00,2006-01-07T12:20,NTE,1412011072
JFQZGTGH,code,L,70002629,ST,2006-01-07T12:55,2006-01-07T15:05,MRS,1412011072
GLBPRMHN,code,L,70002624,ST,2006-01-07T06:05,2006-01-07T08:25,NTE,1412011072
GLBPRMHN,code,L,70002623,ST,2006-01-07T09:00,2006-01-07T10:25,MRS,1412011072
GLBPRMHN,code,L,70002630,ST,2006-01-07T11:00,2006-01-07T12:20,NTE,1412011072
GLBPRMHN,code,L,70002629,ST,2006-01-07T12:55,2006-01-07T15:05,MRS,1412011072
PGQBIACM,code,L,70002624,ST,2006-01-07T06:05,2006-01-07T08:25,NTE,1412011072
PGQBIACM,code,L,70002623,ST,2006-01-07T09:00,2006-01-07T10:25,MRS,1412011072
PGQBIACM,code,L,70002630,ST,2006-01-07T11:00,2006-01-07T12:20,NTE,1412011072
PGQBIACM,code,L,70002629,ST,2006-01-07T12:55,2006-01-07T15:05,MRS,1412011072
BNHSXUBX,code,L,70002624,ST,2006-01-07T06:05,2006-01-07T08:25,NTE,1412011072
BNHSXUBX,code,L,70002623,ST,2006-01-07T09:00,2006-01-07T10:25,MRS,1412011072
BNHSXUBX,code,L,70002630,ST,2006-01-07T11:00,2006-01-07T12:20,NTE,1412011072
BNHSXUBX,code,L,70002629,ST,2006-01-07T12:55,2006-01-07T15:05,MRS,1412011072
QIZSCSOQ,code,L,70002624,ST,2006-01-07T06:05,2006-01-07T08:25,NTE,1412011072
QIZSCSOQ,code,L,70002623,ST,2006-01-07T09:00,2006-01-07T10:25,MRS,1412011072
QIZSCSOQ,code,L,70002630,ST,2006-01-07T11:00,2006-01-07T12:20,NTE,1412011072
QIZSCSOQ,code,L,70002629,ST,2006-01-07T12:55,2006-01-07T15:05,MRS,1412011072
AMQKOHSP,code,L,70002624,ST,2006-01-07T06:05,2006-01-07T08:25,NTE,1412011072
AMQKOHSP,code,L,70002623,ST,2006-01-07T09:00,2006-01-07T10:25,MRS,1412011072
AMQKOHSP,code,L,70002630,ST,2006-01-07T11:00,2006-01-07T12:20,NTE,1412011072
AMQKOHSP,code,L,70002629,ST,2006-01-07T12:55,2006-01-07T15:05,MRS,1412011072
ZUXKREWG,code,L,70003117,CP,2006-01-07T06:15,2006-01-07T08:20,ORY,1844137836
ZUXKREWG,code,L,70003144,CP,2006-01-07T09:10,2006-01-07T10:20,BOD,1844137836
ZUXKREWG,code,L,70002869,CP,2006-01-07T12:10,2006-01-07T13:25,ORY,1844137836
ZUXKREWG,code,L,70002878,CP,2006-01-07T14:55,2006-01-07T16:50,MRS,1844137836
DBZSDCCE,code,L,70003117,FO,2006-01-07T06:15,2006-01-07T08:20,ORY,1844137836
DBZSDCCE,code,L,70003144,FO,2006-01-07T09:10,2006-01-07T10:20,BOD,1844137836
DBZSDCCE,code,L,70002869,FO,2006-01-07T12:10,2006-01-07T13:25,ORY,1844137836
DBZSDCCE,code,L,70002878,FO,2006-01-07T14:55,2006-01-07T16:50,MRS,1844137836
OBTYPBGH,code,L,70003117,CS,2006-01-07T06:15,2006-01-07T08:20,ORY,1844137836
OBTYPBGH,code,L,70003144,CS,2006-01-07T09:10,2006-01-07T10:20,BOD,1844137836
OBTYPBGH,code,L,70002869,CS,2006-01-07T12:10,2006-01-07T13:25,ORY,1844137836
OBTYPBGH,code,L,70002878,CS,2006-01-07T14:55,2006-01-07T16:50,MRS,1844137836
OBAKGORI,code,L,70003117,CS,2006-01-07T06:15,2006-01-07T08:20,ORY,1844137836
OBAKGORI,code,L,70003144,CS,2006-01-07T09:10,2006-01-07T10:20,BOD,1844137836
OBAKGORI,code,L,70002869,CS,2006-01-07T12:10,2006-01-07T13:25,ORY,1844137836
OBAKGORI,code,L,70002878,CS,2006-01-07T14:55,2006-01-07T16:50,MRS,1844137836
BVBMNSUQ,code,L,70003117,ST,2006-01-07T06:15,2006-01-07T08:20,ORY,1844137836
BVBMNSUQ,code,L,70003144,ST,2006-01-07T09:10,2006-01-07T10:20,BOD,1844137836
BVBMNSUQ,code,L,70002869,ST,2006-01-07T12:10,2006-01-07T13:25,ORY,1844137836
BVBMNSUQ,code,L,70002878,ST,2006-01-07T14:55,2006-01-07T16:50,MRS,1844137836
GYUPBPUS,code,L,70003117,ST,2006-01-07T06:15,2006-01-07T08:20,ORY,1844137836
GYUPBPUS,code,L,70003144,ST,2006-01-07T09:10,2006-01-07T10:20,BOD,1844137836
GYUPBPUS,code,L,70002869,ST,2006-01-07T12:10,2006-01-07T13:25,ORY,1844137836
GYUPBPUS,code,L,70002878,ST,2006-01-07T14:55,2006-01-07T16:50,MRS,1844137836
ZJTWTUVN,code,L,70003117,ST,2006-01-07T06:15,2006-01-07T08:20,ORY,1844137836
ZJTWTUVN,code,L,70003144,ST,2006-01-07T09:10,2006-01-07T10:20,BOD,1844137836
ZJTWTUVN,code,L,70002869,ST,2006-01-07T12:10,2006-01-07T13:25,ORY,1844137836
ZJTWTUVN,code,L,70002878,ST,2006-01-07T14:55,2006-01-07T16:50,MRS,1844137836
GIRPIICS,code,L,70003117,ST,2006-01-07T06:15,2006-01-07T08:20,ORY,1844137836
GIRPIICS,code,L,70003144,ST,2006-01-07T09:10,2006-01-07T10:20,BOD,1844137836
GIRPIICS,code,L,70002869,ST,2006-01-07T12:10,2006-01-07T13:25,ORY,1844137836
GIRPIICS,code,L,70002878,ST,2006-01-07T14:55,2006-01-07T16:50,MRS,1844137836
UAZWFUID,code,L,70003117,ST,2006-01-07T06:15,2006-01-07T08:20,ORY,1844137836
UAZWFUID,code,L,70003144,ST,2006-01-07T09:10,2006-01-07T10:20,BOD,1844137836
UAZWFUID,code,L,70002869,ST,2006-01-07T12:10,2006-01-07T13:25,ORY,1844137836
UAZWFUID,code,L,70002878,ST,2006-01-07T14:55,2006-01-07T16:50,MRS,1844137836
WGJJTYDD,code,L,70003117,ST,2006-01-07T06:15,2006-01-07T08:20,ORY,1844137836
WGJJTYDD,code,L,70003144,ST,2006-01-07T09:10,2006-01-07T10:20,BOD,1844137836
WGJJTYDD,code,L,70002869,ST,2006-01-07T12:10,2006-01-07T13:25,ORY,1844137836
WGJJTYDD,code,L,70002878,ST,2006-01-07T14:55,2006-01-07T16:50,MRS,1844137836
EGGSUXWD,code,L,70004385,CP,2006-01-07T06:25,2006-01-07T08:45,ORY,1713579631
EGGSUXWD,code,L,70004386,CP,2006-01-07T09:35,2006-01-07T11:45,PGF,1713579631
YYNVYQTB,code,L,70004385,FO,2006-01-07T06:25,2006-01-07T08:45,ORY,1713579631
YYNVYQTB,code,L,70004386,FO,2006-01-07T09:35,2006-01-07T11:45,PGF,1713579631
VJNYONDF,code,L,70004385,CS,2006-01-07T06:25,2006-01-07T08:45,ORY,1713579631
VJNYONDF,code,L,70004386,CS,2006-01-07T09:35,2006-01-07T11:45,PGF,1713579631
DKXOMAIR,code,L,70004385,CS,2006-01-07T06:25,2006-01-07T08:45,ORY,1713579631
DKXOMAIR,code,L,70004386,CS,2006-01-07T09:35,2006-01-07T11:45,PGF,1713579631
PYSZHHNA,code,L,70004385,ST,2006-01-07T06:25,2006-01-07T08:45,ORY,1713579631
PYSZHHNA,code,L,70004386,ST,2006-01-07T09:35,2006-01-07T11:45,PGF,1713579631
OCUELISJ,code,L,70004385,ST,2006-01-07T06:25,2006-01-07T08:45,ORY,1713579631
OCUELISJ,code,L,70004386,ST,2006-01-07T09:35,2006-01-07T11:45,PGF,1713579631
SXUVBFQY,code,L,70004385,ST,2006-01-07T06:25,2006-01-07T08:45,ORY,1713579631
SXUVBFQY,code,L,70004386,ST,2006-01-07T09:35,2006-01-07T11:45,PGF,1713579631
NZBVBQRT,code,L,70004385,ST,2006-01-07T06:25,2006-01-07T08:45,ORY,1713579631
NZBVBQRT,code,L,70004386,ST,2006-01-07T09:35,2006-01-07T11:45,PGF,1713579631
VQYYGHXL,code,L,70004385,ST,2006-01-07T06:25,2006-01-07T08:45,ORY,1713579631
VQYYGHXL,code,L,70004386,ST,2006-01-07T09:35,2006-01-07T11:45,PGF,1713579631
UNJLURGR,code,L,70004385,ST,2006-01-07T06:25,2006-01-07T08:45,ORY,1713579631
UNJLURGR,code,L,70004386,ST,2006-01-07T09:35,2006-01-07T11:45,PGF,1713579631
RJTAFZUZ,code,L,70004486,CP,2006-01-07T06:25,2006-01-07T08:50,BOD,216794175
RJTAFZUZ,code,L,70004485,CP,2006-01-07T09:55,2006-01-07T12:00,CDG,216794175
ZHRSRBLF,code,L,70004486,FO,2006-01-07T06:25,2006-01-07T08:50,BOD,216794175
ZHRSRBLF,code,L,70004485,FO,2006-01-07T09:55,2006-01-07T12:00,CDG,216794175
YTUHYJEZ,code,L,70004486,CS,2006-01-07T06:25,2006-01-07T08:50,BOD,216794175
YTUHYJEZ,code,L,70004485,CS,2006-01-07T09:55,2006-01-07T12:00,CDG,216794175
OVVPRXUN,code,L,70004486,CS,2006-01-07T06:25,2006-01-07T08:50,BOD,216794175
OVVPRXUN,code,L,70004485,CS,2006-01-07T09:55,2006-01-07T12:00,CDG,216794175
AIFLXNHQ,code,L,70004486,ST,2006-01-07T06:25,2006-01-07T08:50,BOD,216794175
AIFLXNHQ,code,L,70004485,ST,2006-01-07T09:55,2006-01-07T12:00,CDG,216794175
CANKBEGS,code,L,70004486,ST,2006-01-07T06:25,2006-01-07T08:50,BOD,216794175
CANKBEGS,code,L,70004485,ST,2006-01-07T09:55,2006-01-07T12:00,CDG,216794175
DTZMRJMP,code,L,70004486,ST,2006-01-07T06:25,2006-01-07T08:50,BOD,216794175
DTZMRJMP,code,L,70004485,ST,2006-01-07T09:55,2006-01-07T12:00,CDG,216794175
DVHZPHYK,code,L,70004486,ST,2006-01-07T06:25,2006-01-07T08:50,BOD,216794175
DVHZPHYK,code,L,70004485,ST,2006-01-07T09:55,2006-01-07T12:00,CDG,216794175
BFKVLEKL,code,L,70004486,ST,2006-01-07T06:25,2006-01-07T08:50,BOD,216794175
BFKVLEKL,code,L,70004485,ST,2006-01-07T09:55,2006-01-07T12:00,CDG,216794175
KSMEWAJT,code,L,70004486,ST,2006-01-07T06:25,2006-01-07T08:50,BOD,216794175
KSMEWAJT,code,L,70004485,ST,2006-01-07T09:55,2006-01-07T12:00,CDG,216794175
DUBJEKWN,code,L,70002520,CP,2006-01-07T06:25,2006-01-07T08:25,NTE,1017541010
DUBJEKWN,code,L,70002519,CP,2006-01-07T08:55,2006-01-07T09:55,TLS,1017541010
DUBJEKWN,code,L,70002518,CP,2006-01-07T10:45,2006-01-07T11:45,NTE,1017541010
DUBJEKWN,code,L,70002517,CP,2006-01-07T12:15,2006-01-07T13:15,TLS,1017541010
DUBJEKWN,code,L,70002626,CP,2006-01-07T13:50,2006-01-07T15:10,NTE,1017541010
DUBJEKWN,code,L,70002625,CP,2006-01-07T15:45,2006-01-07T17:55,MRS,1017541010
IAPXEHHH,code,L,70002520,FO,2006-01-07T06:25,2006-01-07T08:25,NTE,1017541010
IAPXEHHH,code,L,70002519,FO,2006-01-07T08:55,2006-01-07T09:55,TLS,1017541010
IAPXEHHH,code,L,70002518,FO,2006-01-07T10:45,2006-01-07T11:45,NTE,1017541010
IAPXEHHH,code,L,70002517,FO,2006-01-07T12:15,2006-01-07T13:15,TLS,1017541010
IAPXEHHH,code,L,70002626,FO,2006-01-07T13:50,2006-01-07T15:10,NTE,1017541010
IAPXEHHH,code,L,70002625,FO,2006-01-07T15:45,2006-01-07T17:55,MRS,1017541010
DOSJKBSB,code,L,70002520,CS,2006-01-07T06:25,2006-01-07T08:25,NTE,1017541010
DOSJKBSB,code,L,70002519,CS,2006-01-07T08:55,2006-01-07T09:55,TLS,1017541010
DOSJKBSB,code,L,70002518,CS,2006-01-07T10:45,2006-01-07T11:45,NTE,1017541010
DOSJKBSB,code,L,70002517,CS,2006-01-07T12:15,2006-01-07T13:15,TLS,1017541010
DOSJKBSB,code,L,70002626,CS,2006-01-07T13:50,2006-01-07T15:10,NTE,1017541010
DOSJKBSB,code,L,70002625,CS,2006-01-07T15:45,2006-01-07T17:55,MRS,1017541010
PIGOWERJ,code,L,70002520,ST,2006-01-07T06:25,2006-01-07T08:25,NTE,1017541010
PIGOWERJ,code,L,70002519,ST,2006-01-07T08:55,2006-01-07T09:55,TLS,1017541010
PIGOWERJ,code,L,70002518,ST,2006-01-07T10:45,2006-01-07T11:45,NTE,1017541010
PIGOWERJ,code,L,70002517,ST,2006-01-07T12:15,2006-01-07T13:15,TLS,1017541010
PIGOWERJ,code,L,70002626,ST,2006-01-07T13:50,2006-01-07T15:10,NTE,1017541010
PIGOWERJ,code,L,70002625,ST,2006-01-07T15:45,2006-01-07T17:55,MRS,1017541010
HAZIDFZL,code,L,70002520,ST,2006-01-07T06:25,2006-01-07T08:25,NTE,1017541010
HAZIDFZL,code,L,70002519,ST,2006-01-07T08:55,2006-01-07T09:55,TLS,1017541010
HAZIDFZL,code,L,70002518,ST,2006-01-07T10:45,2006-01-07T11:45,NTE,1017541010
HAZIDFZL,code,L,70002517,ST,2006-01-07T12:15,2006-01-07T13:15,TLS,1017541010
HAZIDFZL,code,L,70002626,ST,2006-01-07T13:50,2006-01-07T15:10,NTE,1017541010
HAZIDFZL,code,L,70002625,ST,2006-01-07T15:45,2006-01-07T17:55,MRS,1017541010
DWCARDPS,code,L,70002868,CP,2006-01-07T06:30,2006-01-07T08:50,MRS,921209318
DWCARDPS,code,L,70002877,CP,2006-01-07T09:35,2006-01-07T11:35,ORY,921209318
MIGNWOCB,code,L,70002868,FO,2006-01-07T06:30,2006-01-07T08:50,MRS,921209318
MIGNWOCB,code,L,70002877,FO,2006-01-07T09:35,2006-01-07T11:35,ORY,921209318
UUGVHDLL,code,L,70002868,CS,2006-01-07T06:30,2006-01-07T08:50,MRS,921209318
UUGVHDLL,code,L,70002877,CS,2006-01-07T09:35,2006-01-07T11:35,ORY,921209318
UFSZDZDM,code,L,70002868,CS,2006-01-07T06:30,2006-01-07T08:50,MRS,921209318
UFSZDZDM,code,L,70002877,CS,2006-01-07T09:35,2006-01-07T11:35,ORY,921209318
EWBZOQAO,code,L,70002868,ST,2006-01-07T06:30,2006-01-07T08:50,MRS,921209318
EWBZOQAO,code,L,70002877,ST,2006-01-07T09:35,2006-01-07T11:35,ORY,921209318
UFKZXEMW,code,L,70002868,ST,2006-01-07T06:30,2006-01-07T08:50,MRS,921209318
UFKZXEMW,code,L,70002877,ST,2006-01-07T09:35,2006-01-07T11:35,ORY,921209318
ZLGGJUIW,code,L,70002868,ST,2006-01-07T06:30,2006-01-07T08:50,MRS,921209318
ZLGGJUIW,code,L,70002877,ST,2006-01-07T09:35,2006-01-07T11:35,ORY,921209318
OWNBVJRC,code,L,70002868,ST,2006-01-07T06:30,2006-01-07T08:50,MRS,921209318
OWNBVJRC,code,L,70002877,ST,2006-01-07T09:35,2006-01-07T11:35,ORY,921209318
QBFDBGRS,code,L,70002868,ST,2006-01-07T06:30,2006-01-07T08:50,MRS,921209318
QBFDBGRS,code,L,70002877,ST,2006-01-07T09:35,2006-01-07T11:35,ORY,921209318
ZCWANOOT,code,L,70002868,ST,2006-01-07T06:30,2006-01-07T08:50,MRS,921209318
ZCWANOOT,code,L,70002877,ST,2006-01-07T09:35,2006-01-07T11:35,ORY,921209318
WRHUTNLA,code,L,70004400,CP,2006-01-07T06:30,2006-01-07T09:15,FSC,943091072
WRHUTNLA,code,L,70004393,CP,2006-01-07T09:40,2006-01-07T12:10,ORY,943091072
OBJIXLSV,code,L,70004400,FO,2006-01-07T06:30,2006-01-07T09:15,FSC,943091072
OBJIXLSV,code,L,70004393,FO,2006-01-07T09:40,2006-01-07T12:10,ORY,943091072
ENEJPISF,code,L,70004400,CSD,2006-01-07T06:30,2006-01-07T09:15,FSC,943091072
ENEJPISF,code,L,70004393,CSD,2006-01-07T09:40,2006-01-07T12:10,ORY,943091072
USJMVCYK,code,L,70004400,ST,2006-01-07T06:30,2006-01-07T09:15,FSC,943091072
USJMVCYK,code,L,70004393,ST,2006-01-07T09:40,2006-01-07T12:10,ORY,943091072
FDAIEHSF,code,L,70004400,ST,2006-01-07T06:30,2006-01-07T09:15,FSC,943091072
FDAIEHSF,code,L,70004393,ST,2006-01-07T09:40,2006-01-07T12:10,ORY,943091072
KDRTDLRB,code,L,70003067,CP,2006-01-07T06:30,2006-01-07T08:50,ORY,1772116450
KDRTDLRB,code,L,70004784,CP,2006-01-07T10:00,2006-01-07T11:40,NCE,1772116450
KDRTDLRB,code,L,70004679,CP,2006-01-07T12:35,2006-01-07T13:50,LIL,1772116450
KDRTDLRB,code,L,70004678,CP,2006-01-07T14:45,2006-01-07T16:30,LYS,1772116450
FNMJGVWL,code,L,70003067,FO,2006-01-07T06:30,2006-01-07T08:50,ORY,1772116450
FNMJGVWL,code,L,70004784,FO,2006-01-07T10:00,2006-01-07T11:40,NCE,1772116450
FNMJGVWL,code,L,70004679,FO,2006-01-07T12:35,2006-01-07T13:50,LIL,1772116450
FNMJGVWL,code,L,70004678,FO,2006-01-07T14:45,2006-01-07T16:30,LYS,1772116450
XDZFHAGK,code,L,70003067,CS,2006-01-07T06:30,2006-01-07T08:50,ORY,1772116450
XDZFHAGK,code,L,70004784,CS,2006-01-07T10:00,2006-01-07T11:40,NCE,1772116450
XDZFHAGK,code,L,70004679,CS,2006-01-07T12:35,2006-01-07T13:50,LIL,1772116450
XDZFHAGK,code,L,70004678,CS,2006-01-07T14:45,2006-01-07T16:30,LYS,1772116450
OLJQNFXK,code,L,70003067,ST,2006-01-07T06:30,2006-01-07T08:50,ORY,1772116450
OLJQNFXK,code,L,70004784,ST,2006-01-07T10:00,2006-01-07T11:40,NCE,1772116450
OLJQNFXK,code,L,70004679,ST,2006-01-07T12:35,2006-01-07T13:50,LIL,1772116450
OLJQNFXK,code,L,70004678,ST,2006-01-07T14:45,2006-01-07T16:30,LYS,1772116450
KSTYZWBH,code,L,70003067,ST,2006-01-07T06:30,2006-01-07T08:50,ORY,1772116450
KSTYZWBH,code,L,70004784,ST,2006-01-07T10:00,2006-01-07T11:40,NCE,1772116450
KSTYZWBH,code,L,70004679,ST,2006-01-07T12:35,2006-01-07T13:50,LIL,1772116450
KSTYZWBH,code,L,70004678,ST,2006-01-07T14:45,2006-01-07T16:30,LYS,1772116450
YDAFEDZY,code,L,70004165,CP,2006-01-07T07:00,2006-01-07T09:00,ORY,29236707
YDAFEDZY,code,L,70004170,CP,2006-01-07T10:10,2006-01-07T11:10,SXB,29236707
YDAFEDZY,code,L,70004171,CP,2006-01-07T14:25,2006-01-07T15:25,ORY,29236707
YDAFEDZY,code,L,70004180,CP,2006-01-07T17:00,2006-01-07T18:45,SXB,29236707
QCVCWYOM,code,L,70004165,FO,2006-01-07T07:00,2006-01-07T09:00,ORY,29236707
QCVCWYOM,code,L,70004170,FO,2006-01-07T10:10,2006-01-07T11:10,SXB,29236707
QCVCWYOM,code,L,70004171,FO,2006-01-07T14:25,2006-01-07T15:25,ORY,29236707
QCVCWYOM,code,L,70004180,FO,2006-01-07T17:00,2006-01-07T18:45,SXB,29236707
DZEHKMIP,code,L,70004165,CS,2006-01-07T07:00,2006-01-07T09:00,ORY,29236707
DZEHKMIP,code,L,70004170,CS,2006-01-07T10:10,2006-01-07T11:10,SXB,29236707
DZEHKMIP,code,L,70004171,CS,2006-01-07T14:25,2006-01-07T15:25,ORY,29236707
DZEHKMIP,code,L,70004180,CS,2006-01-07T17:00,2006-01-07T18:45,SXB,29236707
TEOCWMDP,code,L,70004165,CS,2006-01-07T07:00,2006-01-07T09:00,ORY,29236707
TEOCWMDP,code,L,70004170,CS,2006-01-07T10:10,2006-01-07T11:10,SXB,29236707
TEOCWMDP,code,L,70004171,CS,2006-01-07T14:25,2006-01-07T15:25,ORY,29236707
TEOCWMDP,code,L,70004180,CS,2006-01-07T17:00,2006-01-07T18:45,SXB,29236707
FZWZBKYU,code,L,70004165,ST,2006-01-07T07:00,2006-01-07T09:00,ORY,29236707
FZWZBKYU,code,L,70004170,ST,2006-01-07T10:10,2006-01-07T11:10,SXB,29236707
FZWZBKYU,code,L,70004171,ST,2006-01-07T14:25,2006-01-07T15:25,ORY,29236707
FZWZBKYU,code,L,70004180,ST,2006-01-07T17:00,2006-01-07T18:45,SXB,29236707
NYBEGJRS,code,L,70004165,ST,2006-01-07T07:00,2006-01-07T09:00,ORY,29236707
NYBEGJRS,code,L,70004170,ST,2006-01-07T10:10,2006-01-07T11:10,SXB,29236707
NYBEGJRS,code,L,70004171,ST,2006-01-07T14:25,2006-01-07T15:25,ORY,29236707
NYBEGJRS,code,L,70004180,ST,2006-01-07T17:00,2006-01-07T18:45,SXB,29236707
ZEXRDIXH,code,L,70004165,ST,2006-01-07T07:00,2006-01-07T09:00,ORY,29236707
ZEXRDIXH,code,L,70004170,ST,2006-01-07T10:10,2006-01-07T11:10,SXB,29236707
ZEXRDIXH,code,L,70004171,ST,2006-01-07T14:25,2006-01-07T15:25,ORY,29236707
ZEXRDIXH,code,L,70004180,ST,2006-01-07T17:00,2006-01-07T18:45,SXB,29236707
TNMSDHEQ,code,L,70004165,ST,2006-01-07T07:00,2006-01-07T09:00,ORY,29236707
TNMSDHEQ,code,L,70004170,ST,2006-01-07T10:10,2006-01-07T11:10,SXB,29236707
TNMSDHEQ,code,L,70004171,ST,2006-01-07T14:25,2006-01-07T15:25,ORY,29236707
TNMSDHEQ,code,L,70004180,ST,2006-01-07T17:00,2006-01-07T18:45,SXB,29236707
JQZIEBZO,code,L,70004165,ST,2006-01-07T07:00,2006-01-07T09:00,ORY,29236707
JQZIEBZO,code,L,70004170,ST,2006-01-07T10:10,2006-01-07T11:10,SXB,29236707
JQZIEBZO,code,L,70004171,ST,2006-01-07T14:25,2006-01-07T15:25,ORY,29236707
JQZIEBZO,code,L,70004180,ST,2006-01-07T17:00,2006-01-07T18:45,SXB,29236707
UUBOEKDE,code,L,70004165,ST,2006-01-07T07:00,2006-01-07T09:00,ORY,29236707
UUBOEKDE,code,L,70004170,ST,2006-01-07T10:10,2006-01-07T11:10,SXB,29236707
UUBOEKDE,code,L,70004171,ST,2006-01-07T14:25,2006-01-07T15:25,ORY,29236707
UUBOEKDE,code,L,70004180,ST,2006-01-07T17:00,2006-01-07T18:45,SXB,29236707
NVVRDYLO,code,L,70003122,CP,2006-01-07T07:00,2006-01-07T09:10,BOD,863898425
NVVRDYLO,code,L,70003121,CP,2006-01-07T10:10,2006-01-07T12:00,ORY,863898425
MDUWEOBF,code,L,70003122,FO,2006-01-07T07:00,2006-01-07T09:10,BOD,863898425
MDUWEOBF,code,L,70003121,FO,2006-01-07T10:10,2006-01-07T12:00,ORY,863898425
KZQKYJFC,code,L,70003122,CS,2006-01-07T07:00,2006-01-07T09:10,BOD,863898425
KZQKYJFC,code,L,70003121,CS,2006-01-07T10:10,2006-01-07T12:00,ORY,863898425
EPILGLRK,code,L,70003122,CS,2006-01-07T07:00,2006-01-07T09:10,BOD,863898425
EPILGLRK,code,L,70003121,CS,2006-01-07T10:10,2006-01-07T12:00,ORY,863898425
XIUQOHLF,code,L,70003122,ST,2006-01-07T07:00,2006-01-07T09:10,BOD,863898425
XIUQOHLF,code,L,70003121,ST,2006-01-07T10:10,2006-01-07T12:00,ORY,863898425
PLCFBPIX,code,L,70003122,ST,2006-01-07T07:00,2006-01-07T09:10,BOD,863898425
PLCFBPIX,code,L,70003121,ST,2006-01-07T10:10,2006-01-07T12:00,ORY,863898425
OXSIZLMP,code,L,70003122,ST,2006-01-07T07:00,2006-01-07T09:10,BOD,863898425
OXSIZLMP,code,L,70003121,ST,2006-01-07T10:10,2006-01-07T12:00,ORY,863898425
EJIBCOWD,code,L,70003122,ST,2006-01-07T07:00,2006-01-07T09:10,BOD,863898425
EJIBCOWD,code,L,70003121,ST,2006-01-07T10:10,2006-01-07T12:00,ORY,863898425
BXUOUJMC,code,L,70003122,ST,2006-01-07T07:00,2006-01-07T09:10,BOD,863898425
BXUOUJMC,code,L,70003121,ST,2006-01-07T10:10,2006-01-07T12:00,ORY,863898425
MONVHTVD,code,L,70003122,ST,2006-01-07T07:00,2006-01-07T09:10,BOD,863898425
MONVHTVD,code,L,70003121,ST,2006-01-07T10:10,2006-01-07T12:00,ORY,863898425
AMHBWYKX,code,L,70004406,CP,2006-01-07T07:05,2006-01-07T09:25,MPL,1022862599
AMHBWYKX,code,L,70004409,CP,2006-01-07T10:15,2006-01-07T12:15,ORY,1022862599
LIOZJQMN,code,L,70004406,FO,2006-01-07T07:05,2006-01-07T09:25,MPL,1022862599
LIOZJQMN,code,L,70004409,FO,2006-01-07T10:15,2006-01-07T12:15,ORY,1022862599
FDECJXCH,code,L,70004406,CS,2006-01-07T07:05,2006-01-07T09:25,MPL,1022862599
FDECJXCH,code,L,70004409,CS,2006-01-07T10:15,2006-01-07T12:15,ORY,1022862599
MPEZRFGI,code,L,70004406,CS,2006-01-07T07:05,2006-01-07T09:25,MPL,1022862599
MPEZRFGI,code,L,70004409,CS,2006-01-07T10:15,2006-01-07T12:15,ORY,1022862599
BIFIKEEW,code,L,70004406,ST,2006-01-07T07:05,2006-01-07T09:25,MPL,1022862599
BIFIKEEW,code,L,70004409,ST,2006-01-07T10:15,2006-01-07T12:15,ORY,1022862599
NLWEHXSF,code,L,70004406,ST,2006-01-07T07:05,2006-01-07T09:25,MPL,1022862599
NLWEHXSF,code,L,70004409,ST,2006-01-07T10:15,2006-01-07T12:15,ORY,1022862599
EBKDSNNW,code,L,70004406,ST,2006-01-07T07:05,2006-01-07T09:25,MPL,1022862599
EBKDSNNW,code,L,70004409,ST,2006-01-07T10:15,2006-01-07T12:15,ORY,1022862599
SJWPQWBS,code,L,70004406,ST,2006-01-07T07:05,2006-01-07T09:25,MPL,1022862599
SJWPQWBS,code,L,70004409,ST,2006-01-07T10:15,2006-01-07T12:15,ORY,1022862599
ARVULUYN,code,L,70004406,ST,2006-01-07T07:05,2006-01-07T09:25,MPL,1022862599
ARVULUYN,code,L,70004409,ST,2006-01-07T10:15,2006-01-07T12:15,ORY,1022862599
MKZTJQSK,code,L,70004406,ST,2006-01-07T07:05,2006-01-07T09:25,MPL,1022862599
MKZTJQSK,code,L,70004409,ST,2006-01-07T10:15,2006-01-07T12:15,ORY,1022862599
QEQLNGXV,code,L,70002978,CP,2006-01-07T07:10,2006-01-07T09:30,TLS,461272858
QEQLNGXV,code,L,70004345,CP,2006-01-07T10:45,2006-01-07T12:00,ORY,461272858
QEQLNGXV,code,L,70004348,CP,2006-01-07T12:50,2006-01-07T14:10,BIQ,461272858
QEQLNGXV,code,L,70004351,CP,2006-01-07T15:55,2006-01-07T17:10,ORY,461272858
QEQLNGXV,code,L,70004354,CP,2006-01-07T18:00,2006-01-07T19:20,BIQ,461272858
QEQLNGXV,code,L,70004342,CP,2006-01-07T20:05,2006-01-07T21:50,ORY,461272858
JTFETTDF,code,L,70002978,FO,2006-01-07T07:10,2006-01-07T09:30,TLS,461272858
JTFETTDF,code,L,70004345,FO,2006-01-07T10:45,2006-01-07T12:00,ORY,461272858
JTFETTDF,code,L,70004348,FO,2006-01-07T12:50,2006-01-07T14:10,BIQ,461272858
JTFETTDF,code,L,70004351,FO,2006-01-07T15:55,2006-01-07T17:10,ORY,461272858
JTFETTDF,code,L,70004354,FO,2006-01-07T18:00,2006-01-07T19:20,BIQ,461272858
JTFETTDF,code,L,70004342,FO,2006-01-07T20:05,2006-01-07T21:50,ORY,461272858
YIEGNOZS,code,L,70002978,CS,2006-01-07T07:10,2006-01-07T09:30,TLS,461272858
YIEGNOZS,code,L,70004345,CS,2006-01-07T10:45,2006-01-07T12:00,ORY,461272858
YIEGNOZS,code,L,70004348,CS,2006-01-07T12:50,2006-01-07T14:10,BIQ,461272858
YIEGNOZS,code,L,70004351,CS,2006-01-07T15:55,2006-01-07T17:10,ORY,461272858
YIEGNOZS,code,L,70004354,CS,2006-01-07T18:00,2006-01-07T19:20,BIQ,461272858
YIEGNOZS,code,L,70004342,CS,2006-01-07T20:05,2006-01-07T21:50,ORY,461272858
YVQDMJAL,code,L,70002978,CS,2006-01-07T07:10,2006-01-07T09:30,TLS,461272858
YVQDMJAL,code,L,70004345,CS,2006-01-07T10:45,2006-01-07T12:00,ORY,461272858
YVQDMJAL,code,L,70004348,CS,2006-01-07T12:50,2006-01-07T14:10,BIQ,461272858
YVQDMJAL,code,L,70004351,CS,2006-01-07T15:55,2006-01-07T17:10,ORY,461272858
YVQDMJAL,code,L,70004354,CS,2006-01-07T18:00,2006-01-07T19:20,BIQ,461272858
YVQDMJAL,code,L,70004342,CS,2006-01-07T20:05,2006-01-07T21:50,ORY,461272858
BJCFNEYB,code,L,70002978,ST,2006-01-07T07:10,2006-01-07T09:30,TLS,461272858
BJCFNEYB,code,L,70004345,ST,2006-01-07T10:45,2006-01-07T12:00,ORY,461272858
BJCFNEYB,code,L,70004348,ST,2006-01-07T12:50,2006-01-07T14:10,BIQ,461272858
BJCFNEYB,code,L,70004351,ST,2006-01-07T15:55,2006-01-07T17:10,ORY,461272858
BJCFNEYB,code,L,70004354,ST,2006-01-07T18:00,2006-01-07T19:20,BIQ,461272858
BJCFNEYB,code,L,70004342,ST,2006-01-07T20:05,2006-01-07T21:50,ORY,461272858
RYXXLMXB,code,L,70002978,ST,2006-01-07T07:10,2006-01-07T09:30,TLS,461272858
RYXXLMXB,code,L,70004345,ST,2006-01-07T10:45,2006-01-07T12:00,ORY,461272858
RYXXLMXB,code,L,70004348,ST,2006-01-07T12:50,2006-01-07T14:10,BIQ,461272858
RYXXLMXB,code,L,70004351,ST,2006-01-07T15:55,2006-01-07T17:10,ORY,461272858
RYXXLMXB,code,L,70004354,ST,2006-01-07T18:00,2006-01-07T19:20,BIQ,461272858
RYXXLMXB,code,L,70004342,ST,2006-01-07T20:05,2006-01-07T21:50,ORY,461272858
IHJBPKPA,code,L,70002978,ST,2006-01-07T07:10,2006-01-07T09:30,TLS,461272858
IHJBPKPA,code,L,70004345,ST,2006-01-07T10:45,2006-01-07T12:00,ORY,461272858
IHJBPKPA,code,L,70004348,ST,2006-01-07T12:50,2006-01-07T14:10,BIQ,461272858
IHJBPKPA,code,L,70004351,ST,2006-01-07T15:55,2006-01-07T17:10,ORY,461272858
IHJBPKPA,code,L,70004354,ST,2006-01-07T18:00,2006-01-07T19:20,BIQ,461272858
IHJBPKPA,code,L,70004342,ST,2006-01-07T20:05,2006-01-07T21:50,ORY,461272858
UEMHXTXE,code,L,70002978,ST,2006-01-07T07:10,2006-01-07T09:30,TLS,461272858
UEMHXTXE,code,L,70004345,ST,2006-01-07T10:45,2006-01-07T12:00,ORY,461272858
UEMHXTXE,code,L,70004348,ST,2006-01-07T12:50,2006-01-07T14:10,BIQ,461272858
UEMHXTXE,code,L,70004351,ST,2006-01-07T15:55,2006-01-07T17:10,ORY,461272858
UEMHXTXE,code,L,70004354,ST,2006-01-07T18:00,2006-01-07T19:20,BIQ,461272858
UEMHXTXE,code,L,70004342,ST,2006-01-07T20:05,2006-01-07T21:50,ORY,461272858
WYZIEBJL,code,L,70002978,ST,2006-01-07T07:10,2006-01-07T09:30,TLS,461272858
WYZIEBJL,code,L,70004345,ST,2006-01-07T10:45,2006-01-07T12:00,ORY,461272858
WYZIEBJL,code,L,70004348,ST,2006-01-07T12:50,2006-01-07T14:10,BIQ,461272858
WYZIEBJL,code,L,70004351,ST,2006-01-07T15:55,2006-01-07T17:10,ORY,461272858
WYZIEBJL,code,L,70004354,ST,2006-01-07T18:00,2006-01-07T19:20,BIQ,461272858
WYZIEBJL,code,L,70004342,ST,2006-01-07T20:05,2006-01-07T21:50,ORY,461272858
IOUWSSZE,code,L,70002978,ST,2006-01-07T07:10,2006-01-07T09:30,TLS,461272858
IOUWSSZE,code,L,70004345,ST,2006-01-07T10:45,2006-01-07T12:00,ORY,461272858
IOUWSSZE,code,L,70004348,ST,2006-01-07T12:50,2006-01-07T14:10,BIQ,461272858
IOUWSSZE,code,L,70004351,ST,2006-01-07T15:55,2006-01-07T17:10,ORY,461272858
IOUWSSZE,code,L,70004354,ST,2006-01-07T18:00,2006-01-07T19:20,BIQ,461272858
IOUWSSZE,code,L,70004342,ST,2006-01-07T20:05,2006-01-07T21:50,ORY,461272858
NHLKXIDP,code,L,70004168,CP,2006-01-07T07:10,2006-01-07T09:10,SXB,1178395817
NHLKXIDP,code,L,70004167,CP,2006-01-07T10:25,2006-01-07T12:10,ORY,1178395817
OKBWIDBT,code,L,70004168,FO,2006-01-07T07:10,2006-01-07T09:10,SXB,1178395817
OKBWIDBT,code,L,70004167,FO,2006-01-07T10:25,2006-01-07T12:10,ORY,1178395817
YTCZZORK,code,L,70004168,CS,2006-01-07T07:10,2006-01-07T09:10,SXB,1178395817
YTCZZORK,code,L,70004167,CS,2006-01-07T10:25,2006-01-07T12:10,ORY,1178395817
DTZRECYX,code,L,70004168,CS,2006-01-07T07:10,2006-01-07T09:10,SXB,1178395817
DTZRECYX,code,L,70004167,CS,2006-01-07T10:25,2006-01-07T12:10,ORY,1178395817
QVLQCXUB,code,L,70004168,ST,2006-01-07T07:10,2006-01-07T09:10,SXB,1178395817
QVLQCXUB,code,L,70004167,ST,2006-01-07T10:25,2006-01-07T12:10,ORY,1178395817
PRAIFLQL,code,L,70004168,ST,2006-01-07T07:10,2006-01-07T09:10,SXB,1178395817
PRAIFLQL,code,L,70004167,ST,2006-01-07T10:25,2006-01-07T12:10,ORY,1178395817
SPSEXXJI,code,L,70004168,ST,2006-01-07T07:10,2006-01-07T09:10,SXB,1178395817
SPSEXXJI,code,L,70004167,ST,2006-01-07T10:25,2006-01-07T12:10,ORY,1178395817
ZNFDIRGD,code,L,70004168,ST,2006-01-07T07:10,2006-01-07T09:10,SXB,1178395817
ZNFDIRGD,code,L,70004167,ST,2006-01-07T10:25,2006-01-07T12:10,ORY,1178395817
KQPARVWS,code,L,70004168,ST,2006-01-07T07:10,2006-01-07T09:10,SXB,1178395817
KQPARVWS,code,L,70004167,ST,2006-01-07T10:25,2006-01-07T12:10,ORY,1178395817
BUUDGOWT,code,L,70004168,ST,2006-01-07T07:10,2006-01-07T09:10,SXB,1178395817
BUUDGOWT,code,L,70004167,ST,2006-01-07T10:25,2006-01-07T12:10,ORY,1178395817
TKDWKZYE,code,L,70004475,CP,2006-01-07T07:10,2006-01-07T09:45,ORY,2142954714
TKDWKZYE,code,L,70004476,CP,2006-01-07T10:45,2006-01-07T13:00,CLY,2142954714
WGCGLFMD,code,L,70004475,FO,2006-01-07T07:10,2006-01-07T09:45,ORY,2142954714
WGCGLFMD,code,L,70004476,FO,2006-01-07T10:45,2006-01-07T13:00,CLY,2142954714
JILCLOGB,code,L,70004475,CS,2006-01-07T07:10,2006-01-07T09:45,ORY,2142954714
JILCLOGB,code,L,70004476,CS,2006-01-07T10:45,2006-01-07T13:00,CLY,2142954714
TIUVXYHF,code,L,70004475,CS,2006-01-07T07:10,2006-01-07T09:45,ORY,2142954714
TIUVXYHF,code,L,70004476,CS,2006-01-07T10:45,2006-01-07T13:00,CLY,2142954714
ITMHFITC,code,L,70004475,ST,2006-01-07T07:10,2006-01-07T09:45,ORY,2142954714
ITMHFITC,code,L,70004476,ST,2006-01-07T10:45,2006-01-07T13:00,CLY,2142954714
DPXLJSOS,code,L,70004475,ST,2006-01-07T07:10,2006-01-07T09:45,ORY,2142954714
DPXLJSOS,code,L,70004476,ST,2006-01-07T10:45,2006-01-07T13:00,CLY,2142954714
DEONLSQC,code,L,70004475,ST,2006-01-07T07:10,2006-01-07T09:45,ORY,2142954714
DEONLSQC,code,L,70004476,ST,2006-01-07T10:45,2006-01-07T13:00,CLY,2142954714
CGBCZYEZ,code,L,70004475,ST,2006-01-07T07:10,2006-01-07T09:45,ORY,2142954714
CGBCZYEZ,code,L,70004476,ST,2006-01-07T10:45,2006-01-07T13:00,CLY,2142954714
QPWLJPPM,code,L,70004475,ST,2006-01-07T07:10,2006-01-07T09:45,ORY,2142954714
QPWLJPPM,code,L,70004476,ST,2006-01-07T10:45,2006-01-07T13:00,CLY,2142954714
VKHCQQFF,code,L,70004475,ST,2006-01-07T07:10,2006-01-07T09:45,ORY,2142954714
VKHCQQFF,code,L,70004476,ST,2006-01-07T10:45,2006-01-07T13:00,CLY,2142954714
MCLVKVMG,code,L,70004518,CP,2006-01-07T07:55,2006-01-07T10:00,CFE,41568198
MCLVKVMG,code,L,70002584,CP,2006-01-07T12:30,2006-01-07T13:35,CDG,41568198
MCLVKVMG,code,L,70002585,CP,2006-01-07T14:55,2006-01-07T15:55,RNS,41568198
MCLVKVMG,code,L,70004641,CP,2006-01-07T17:20,2006-01-07T18:50,CDG,41568198
MCLVKVMG,code,L,70004642,CP,2006-01-07T19:30,2006-01-07T21:15,PUF,41568198
ESJMQOSI,code,L,70004518,FO,2006-01-07T07:55,2006-01-07T10:00,CFE,41568198
ESJMQOSI,code,L,70002584,FO,2006-01-07T12:30,2006-01-07T13:35,CDG,41568198
ESJMQOSI,code,L,70002585,FO,2006-01-07T14:55,2006-01-07T15:55,RNS,41568198
ESJMQOSI,code,L,70004641,FO,2006-01-07T17:20,2006-01-07T18:50,CDG,41568198
ESJMQOSI,code,L,70004642,FO,2006-01-07T19:30,2006-01-07T21:15,PUF,41568198
FWDQTXDC,code,L,70004518,CS,2006-01-07T07:55,2006-01-07T10:00,CFE,41568198
FWDQTXDC,code,L,70002584,CS,2006-01-07T12:30,2006-01-07T13:35,CDG,41568198
FWDQTXDC,code,L,70002585,CS,2006-01-07T14:55,2006-01-07T15:55,RNS,41568198
FWDQTXDC,code,L,70004641,CS,2006-01-07T17:20,2006-01-07T18:50,CDG,41568198
FWDQTXDC,code,L,70004642,CS,2006-01-07T19:30,2006-01-07T21:15,PUF,41568198
VMBOZEUT,code,L,70004518,ST,2006-01-07T07:55,2006-01-07T10:00,CFE,41568198
VMBOZEUT,code,L,70002584,ST,2006-01-07T12:30,2006-01-07T13:35,CDG,41568198
VMBOZEUT,code,L,70002585,ST,2006-01-07T14:55,2006-01-07T15:55,RNS,41568198
VMBOZEUT,code,L,70004641,ST,2006-01-07T17:20,2006-01-07T18:50,CDG,41568198
VMBOZEUT,code,L,70004642,ST,2006-01-07T19:30,2006-01-07T21:15,PUF,41568198
LRWSWPQY,code,L,70004518,ST,2006-01-07T07:55,2006-01-07T10:00,CFE,41568198
LRWSWPQY,code,L,70002584,ST,2006-01-07T12:30,2006-01-07T13:35,CDG,41568198
LRWSWPQY,code,L,70002585,ST,2006-01-07T14:55,2006-01-07T15:55,RNS,41568198
LRWSWPQY,code,L,70004641,ST,2006-01-07T17:20,2006-01-07T18:50,CDG,41568198
LRWSWPQY,code,L,70004642,ST,2006-01-07T19:30,2006-01-07T21:15,PUF,41568198
MIBBEAKK,code,L,70004518,ST,2006-01-07T07:55,2006-01-07T10:00,CFE,41568198
MIBBEAKK,code,L,70002584,ST,2006-01-07T12:30,2006-01-07T13:35,CDG,41568198
MIBBEAKK,code,L,70002585,ST,2006-01-07T14:55,2006-01-07T15:55,RNS,41568198
MIBBEAKK,code,L,70004641,ST,2006-01-07T17:20,2006-01-07T18:50,CDG,41568198
MIBBEAKK,code,L,70004642,ST,2006-01-07T19:30,2006-01-07T21:15,PUF,41568198
GYEJJFQJ,code,L,70004837,CP,2006-01-07T08:15,2006-01-07T10:35,SXB,1988519473
GYEJJFQJ,code,L,70004838,CP,2006-01-07T11:15,2006-01-07T12:35,NCE,1988519473
GYEJJFQJ,code,L,70002644,CP,2006-01-07T13:10,2006-01-07T14:10,SXB,1988519473
GYEJJFQJ,code,L,70002643,CP,2006-01-07T15:00,2006-01-07T16:45,LYS,1988519473
OPUSFXPX,code,L,70004837,FO,2006-01-07T08:15,2006-01-07T10:35,SXB,1988519473
OPUSFXPX,code,L,70004838,FO,2006-01-07T11:15,2006-01-07T12:35,NCE,1988519473
OPUSFXPX,code,L,70002644,FO,2006-01-07T13:10,2006-01-07T14:10,SXB,1988519473
OPUSFXPX,code,L,70002643,FO,2006-01-07T15:00,2006-01-07T16:45,LYS,1988519473
ZJSHQLPT,code,L,70004837,CS,2006-01-07T08:15,2006-01-07T10:35,SXB,1988519473
ZJSHQLPT,code,L,70004838,CS,2006-01-07T11:15,2006-01-07T12:35,NCE,1988519473
ZJSHQLPT,code,L,70002644,CS,2006-01-07T13:10,2006-01-07T14:10,SXB,1988519473
ZJSHQLPT,code,L,70002643,CS,2006-01-07T15:00,2006-01-07T16:45,LYS,1988519473
XYQGGRIP,code,L,70004837,ST,2006-01-07T08:15,2006-01-07T10:35,SXB,1988519473
XYQGGRIP,code,L,70004838,ST,2006-01-07T11:15,2006-01-07T12:35,NCE,1988519473
XYQGGRIP,code,L,70002644,ST,2006-01-07T13:10,2006-01-07T14:10,SXB,1988519473
XYQGGRIP,code,L,70002643,ST,2006-01-07T15:00,2006-01-07T16:45,LYS,1988519473
RMZYWEIQ,code,L,70004837,ST,2006-01-07T08:15,2006-01-07T10:35,SXB,1988519473
RMZYWEIQ,code,L,70004838,ST,2006-01-07T11:15,2006-01-07T12:35,NCE,1988519473
RMZYWEIQ,code,L,70002644,ST,2006-01-07T13:10,2006-01-07T14:10,SXB,1988519473
RMZYWEIQ,code,L,70002643,ST,2006-01-07T15:00,2006-01-07T16:45,LYS,1988519473
FGAXEIID,code,L,70004268,CP,2006-01-07T08:30,2006-01-07T10:35,LYS,190797265
FGAXEIID,code,L,70004273,CP,2006-01-07T11:20,2006-01-07T12:25,ORY,190797265
FGAXEIID,code,L,70004272,CP,2006-01-07T13:10,2006-01-07T14:15,LYS,190797265
FGAXEIID,code,L,70004279,CP,2006-01-07T15:00,2006-01-07T16:05,ORY,190797265
FGAXEIID,code,L,70004274,CP,2006-01-07T16:50,2006-01-07T17:55,LYS,190797265
FGAXEIID,code,L,70004275,CP,2006-01-07T18:40,2006-01-07T20:30,ORY,190797265
HDMAPETS,code,L,70004268,FO,2006-01-07T08:30,2006-01-07T10:35,LYS,190797265
HDMAPETS,code,L,70004273,FO,2006-01-07T11:20,2006-01-07T12:25,ORY,190797265
HDMAPETS,code,L,70004272,FO,2006-01-07T13:10,2006-01-07T14:15,LYS,190797265
HDMAPETS,code,L,70004279,FO,2006-01-07T15:00,2006-01-07T16:05,ORY,190797265
HDMAPETS,code,L,70004274,FO,2006-01-07T16:50,2006-01-07T17:55,LYS,190797265
HDMAPETS,code,L,70004275,FO,2006-01-07T18:40,2006-01-07T20:30,ORY,190797265
BJVNQBPU,code,L,70004268,CS,2006-01-07T08:30,2006-01-07T10:35,LYS,190797265
BJVNQBPU,code,L,70004273,CS,2006-01-07T11:20,2006-01-07T12:25,ORY,190797265
BJVNQBPU,code,L,70004272,CS,2006-01-07T13:10,2006-01-07T14:15,LYS,190797265
BJVNQBPU,code,L,70004279,CS,2006-01-07T15:00,2006-01-07T16:05,ORY,190797265
BJVNQBPU,code,L,70004274,CS,2006-01-07T16:50,2006-01-07T17:55,LYS,190797265
BJVNQBPU,code,L,70004275,CS,2006-01-07T18:40,2006-01-07T20:30,ORY,190797265
WRIZMEMB,code,L,70004268,CS,2006-01-07T08:30,2006-01-07T10:35,LYS,190797265
WRIZMEMB,code,L,70004273,CS,2006-01-07T11:20,2006-01-07T12:25,ORY,190797265
WRIZMEMB,code,L,70004272,CS,2006-01-07T13:10,2006-01-07T14:15,LYS,190797265
WRIZMEMB,code,L,70004279,CS,2006-01-07T15:00,2006-01-07T16:05,ORY,190797265
WRIZMEMB,code,L,70004274,CS,2006-01-07T16:50,2006-01-07T17:55,LYS,190797265
WRIZMEMB,code,L,70004275,CS,2006-01-07T18:40,2006-01-07T20:30,ORY,190797265
CNSOSITB,code,L,70004268,ST,2006-01-07T08:30,2006-01-07T10:35,LYS,190797265
CNSOSITB,code,L,70004273,ST,2006-01-07T11:20,2006-01-07T12:25,ORY,190797265
CNSOSITB,code,L,70004272,ST,2006-01-07T13:10,2006-01-07T14:15,LYS,190797265
CNSOSITB,code,L,70004279,ST,2006-01-07T15:00,2006-01-07T16:05,ORY,190797265
CNSOSITB,code,L,70004274,ST,2006-01-07T16:50,2006-01-07T17:55,LYS,190797265
CNSOSITB,code,L,70004275,ST,2006-01-07T18:40,2006-01-07T20:30,ORY,190797265
QBRZGUIR,code,L,70004268,ST,2006-01-07T08:30,2006-01-07T10:35,LYS,190797265
QBRZGUIR,code,L,70004273,ST,2006-01-07T11:20,2006-01-07T12:25,ORY,190797265
QBRZGUIR,code,L,70004272,ST,2006-01-07T13:10,2006-01-07T14:15,LYS,190797265
QBRZGUIR,code,L,70004279,ST,2006-01-07T15:00,2006-01-07T16:05,ORY,190797265
QBRZGUIR,code,L,70004274,ST,2006-01-07T16:50,2006-01-07T17:55,LYS,190797265
QBRZGUIR,code,L,70004275,ST,2006-01-07T18:40,2006-01-07T20:30,ORY,190797265
SNXVSLXN,code,L,70004268,ST,2006-01-07T08:30,2006-01-07T10:35,LYS,190797265
SNXVSLXN,code,L,70004273,ST,2006-01-07T11:20,2006-01-07T12:25,ORY,190797265
SNXVSLXN,code,L,70004272,ST,2006-01-07T13:10,2006-01-07T14:15,LYS,190797265
SNXVSLXN,code,L,70004279,ST,2006-01-07T15:00,2006-01-07T16:05,ORY,190797265
SNXVSLXN,code,L,70004274,ST,2006-01-07T16:50,2006-01-07T17:55,LYS,190797265
SNXVSLXN,code,L,70004275,ST,2006-01-07T18:40,2006-01-07T20:30,ORY,190797265
DBGBDNXI,code,L,70004268,ST,2006-01-07T08:30,2006-01-07T10:35,LYS,190797265
DBGBDNXI,code,L,70004273,ST,2006-01-07T11:20,2006-01-07T12:25,ORY,190797265
DBGBDNXI,code,L,70004272,ST,2006-01-07T13:10,2006-01-07T14:15,LYS,190797265
DBGBDNXI,code,L,70004279,ST,2006-01-07T15:00,2006-01-07T16:05,ORY,190797265
DBGBDNXI,code,L,70004274,ST,2006-01-07T16:50,2006-01-07T17:55,LYS,190797265
DBGBDNXI,code,L,70004275,ST,2006-01-07T18:40,2006-01-07T20:30,ORY,190797265
BXNAZDVN,code,L,70004268,ST,2006-01-07T08:30,2006-01-07T10:35,LYS,190797265
BXNAZDVN,code,L,70004273,ST,2006-01-07T11:20,2006-01-07T12:25,ORY,190797265
BXNAZDVN,code,L,70004272,ST,2006-01-07T13:10,2006-01-07T14:15,LYS,190797265
BXNAZDVN,code,L,70004279,ST,2006-01-07T15:00,2006-01-07T16:05,ORY,190797265
BXNAZDVN,code,L,70004274,ST,2006-01-07T16:50,2006-01-07T17:55,LYS,190797265
BXNAZDVN,code,L,70004275,ST,2006-01-07T18:40,2006-01-07T20:30,ORY,190797265
GDPMWEEP,code,L,70004268,ST,2006-01-07T08:30,2006-01-07T10:35,LYS,190797265
GDPMWEEP,code,L,70004273,ST,2006-01-07T11:20,2006-01-07T12:25,ORY,190797265
GDPMWEEP,code,L,70004272,ST,2006-01-07T13:10,2006-01-07T14:15,LYS,190797265
GDPMWEEP,code,L,70004279,ST,2006-01-07T15:00,2006-01-07T16:05,ORY,190797265
GDPMWEEP,code,L,70004274,ST,2006-01-07T16:50,2006-01-07T17:55,LYS,190797265
GDPMWEEP,code,L,70004275,ST,2006-01-07T18:40,2006-01-07T20:30,ORY,190797265
MSWFGJWE,code,L,70004658,CP,2006-01-07T08:35,2006-01-07T11:05,TLS,1839244181
MSWFGJWE,code,L,70004657,CP,2006-01-07T11:55,2006-01-07T13:20,CDG,1839244181
MSWFGJWE,code,L,70004650,CP,2006-01-07T15:00,2006-01-07T16:30,TLS,1839244181
MSWFGJWE,code,L,70004651,CP,2006-01-07T17:25,2006-01-07T19:35,CDG,1839244181
YMIYPDIH,code,L,70004658,FO,2006-01-07T08:35,2006-01-07T11:05,TLS,1839244181
YMIYPDIH,code,L,70004657,FO,2006-01-07T11:55,2006-01-07T13:20,CDG,1839244181
YMIYPDIH,code,L,70004650,FO,2006-01-07T15:00,2006-01-07T16:30,TLS,1839244181
YMIYPDIH,code,L,70004651,FO,2006-01-07T17:25,2006-01-07T19:35,CDG,1839244181
QISYTRUF,code,L,70004658,CS,2006-01-07T08:35,2006-01-07T11:05,TLS,1839244181
QISYTRUF,code,L,70004657,CS,2006-01-07T11:55,2006-01-07T13:20,CDG,1839244181
QISYTRUF,code,L,70004650,CS,2006-01-07T15:00,2006-01-07T16:30,TLS,1839244181
QISYTRUF,code,L,70004651,CS,2006-01-07T17:25,2006-01-07T19:35,CDG,1839244181
EJUDDYFH,code,L,70004658,CS,2006-01-07T08:35,2006-01-07T11:05,TLS,1839244181
EJUDDYFH,code,L,70004657,CS,2006-01-07T11:55,2006-01-07T13:20,CDG,1839244181
EJUDDYFH,code,L,70004650,CS,2006-01-07T15:00,2006-01-07T16:30,TLS,1839244181
EJUDDYFH,code,L,70004651,CS,2006-01-07T17:25,2006-01-07T19:35,CDG,1839244181
LDCJTOPF,code,L,70004658,ST,2006-01-07T08:35,2006-01-07T11:05,TLS,1839244181
LDCJTOPF,code,L,70004657,ST,2006-01-07T11:55,2006-01-07T13:20,CDG,1839244181
LDCJTOPF,code,L,70004650,ST,2006-01-07T15:00,2006-01-07T16:30,TLS,1839244181
LDCJTOPF,code,L,70004651,ST,2006-01-07T17:25,2006-01-07T19:35,CDG,1839244181
WDZFTEKO,code,L,70004658,ST,2006-01-07T08:35,2006-01-07T11:05,TLS,1839244181
WDZFTEKO,code,L,70004657,ST,2006-01-07T11:55,2006-01-07T13:20,CDG,1839244181
WDZFTEKO,code,L,70004650,ST,2006-01-07T15:00,2006-01-07T16:30,TLS,1839244181
WDZFTEKO,code,L,70004651,ST,2006-01-07T17:25,2006-01-07T19:35,CDG,1839244181
TWZVWUGG,code,L,70004658,ST,2006-01-07T08:35,2006-01-07T11:05,TLS,1839244181
TWZVWUGG,code,L,70004657,ST,2006-01-07T11:55,2006-01-07T13:20,CDG,1839244181
TWZVWUGG,code,L,70004650,ST,2006-01-07T15:00,2006-01-07T16:30,TLS,1839244181
TWZVWUGG,code,L,70004651,ST,2006-01-07T17:25,2006-01-07T19:35,CDG,1839244181
ZYNTYTVC,code,L,70004658,ST,2006-01-07T08:35,2006-01-07T11:05,TLS,1839244181
ZYNTYTVC,code,L,70004657,ST,2006-01-07T11:55,2006-01-07T13:20,CDG,1839244181
ZYNTYTVC,code,L,70004650,ST,2006-01-07T15:00,2006-01-07T16:30,TLS,1839244181
ZYNTYTVC,code,L,70004651,ST,2006-01-07T17:25,2006-01-07T19:35,CDG,1839244181
YTRKYKNW,code,L,70004658,ST,2006-01-07T08:35,2006-01-07T11:05,TLS,1839244181
YTRKYKNW,code,L,70004657,ST,2006-01-07T11:55,2006-01-07T13:20,CDG,1839244181
YTRKYKNW,code,L,70004650,ST,2006-01-07T15:00,2006-01-07T16:30,TLS,1839244181
YTRKYKNW,code,L,70004651,ST,2006-01-07T17:25,2006-01-07T19:35,CDG,1839244181
SCXFAGPO,code,L,70004658,ST,2006-01-07T08:35,2006-01-07T11:05,TLS,1839244181
SCXFAGPO,code,L,70004657,ST,2006-01-07T11:55,2006-01-07T13:20,CDG,1839244181
SCXFAGPO,code,L,70004650,ST,2006-01-07T15:00,2006-01-07T16:30,TLS,1839244181
SCXFAGPO,code,L,70004651,ST,2006-01-07T17:25,2006-01-07T19:35,CDG,1839244181
KCJPMTGA,code,L,70002980,CP,2006-01-07T08:40,2006-01-07T11:00,TLS,2039758977
KCJPMTGA,code,L,70002983,CP,2006-01-07T11:50,2006-01-07T13:00,ORY,2039758977
KCJPMTGA,code,L,70002988,CP,2006-01-07T13:40,2006-01-07T15:00,TLS,2039758977
KCJPMTGA,code,L,70002995,CP,2006-01-07T15:50,2006-01-07T17:00,ORY,2039758977
KCJPMTGA,code,L,70003004,CP,2006-01-07T17:40,2006-01-07T19:00,TLS,2039758977
KCJPMTGA,code,L,70003011,CP,2006-01-07T19:50,2006-01-07T21:45,ORY,2039758977
SFEUCUMJ,code,L,70002980,FO,2006-01-07T08:40,2006-01-07T11:00,TLS,2039758977
SFEUCUMJ,code,L,70002983,FO,2006-01-07T11:50,2006-01-07T13:00,ORY,2039758977
SFEUCUMJ,code,L,70002988,FO,2006-01-07T13:40,2006-01-07T15:00,TLS,2039758977
SFEUCUMJ,code,L,70002995,FO,2006-01-07T15:50,2006-01-07T17:00,ORY,2039758977
SFEUCUMJ,code,L,70003004,FO,2006-01-07T17:40,2006-01-07T19:00,TLS,2039758977
SFEUCUMJ,code,L,70003011,FO,2006-01-07T19:50,2006-01-07T21:45,ORY,2039758977
XIFBVQTZ,code,L,70002980,CS,2006-01-07T08:40,2006-01-07T11:00,TLS,2039758977
XIFBVQTZ,code,L,70002983,CS,2006-01-07T11:50,2006-01-07T13:00,ORY,2039758977
XIFBVQTZ,code,L,70002988,CS,2006-01-07T13:40,2006-01-07T15:00,TLS,2039758977
XIFBVQTZ,code,L,70002995,CS,2006-01-07T15:50,2006-01-07T17:00,ORY,2039758977
XIFBVQTZ,code,L,70003004,CS,2006-01-07T17:40,2006-01-07T19:00,TLS,2039758977
XIFBVQTZ,code,L,70003011,CS,2006-01-07T19:50,2006-01-07T21:45,ORY,2039758977
YTSDFJMC,code,L,70002980,CS,2006-01-07T08:40,2006-01-07T11:00,TLS,2039758977
YTSDFJMC,code,L,70002983,CS,2006-01-07T11:50,2006-01-07T13:00,ORY,2039758977
YTSDFJMC,code,L,70002988,CS,2006-01-07T13:40,2006-01-07T15:00,TLS,2039758977
YTSDFJMC,code,L,70002995,CS,2006-01-07T15:50,2006-01-07T17:00,ORY,2039758977
YTSDFJMC,code,L,70003004,CS,2006-01-07T17:40,2006-01-07T19:00,TLS,2039758977
YTSDFJMC,code,L,70003011,CS,2006-01-07T19:50,2006-01-07T21:45,ORY,2039758977
EEAGJPEY,code,L,70002980,ST,2006-01-07T08:40,2006-01-07T11:00,TLS,2039758977
EEAGJPEY,code,L,70002983,ST,2006-01-07T11:50,2006-01-07T13:00,ORY,2039758977
EEAGJPEY,code,L,70002988,ST,2006-01-07T13:40,2006-01-07T15:00,TLS,2039758977
EEAGJPEY,code,L,70002995,ST,2006-01-07T15:50,2006-01-07T17:00,ORY,2039758977
EEAGJPEY,code,L,70003004,ST,2006-01-07T17:40,2006-01-07T19:00,TLS,2039758977
EEAGJPEY,code,L,70003011,ST,2006-01-07T19:50,2006-01-07T21:45,ORY,2039758977
ZSFGVUSD,code,L,70002980,ST,2006-01-07T08:40,2006-01-07T11:00,TLS,2039758977
ZSFGVUSD,code,L,70002983,ST,2006-01-07T11:50,2006-01-07T13:00,ORY,2039758977
ZSFGVUSD,code,L,70002988,ST,2006-01-07T13:40,2006-01-07T15:00,TLS,2039758977
ZSFGVUSD,code,L,70002995,ST,2006-01-07T15:50,2006-01-07T17:00,ORY,2039758977
ZSFGVUSD,code,L,70003004,ST,2006-01-07T17:40,2006-01-07T19:00,TLS,2039758977
ZSFGVUSD,code,L,70003011,ST,2006-01-07T19:50,2006-01-07T21:45,ORY,2039758977
ZWABHISQ,code,L,70002980,ST,2006-01-07T08:40,2006-01-07T11:00,TLS,2039758977
ZWABHISQ,code,L,70002983,ST,2006-01-07T11:50,2006-01-07T13:00,ORY,2039758977
ZWABHISQ,code,L,70002988,ST,2006-01-07T13:40,2006-01-07T15:00,TLS,2039758977
ZWABHISQ,code,L,70002995,ST,2006-01-07T15:50,2006-01-07T17:00,ORY,2039758977
ZWABHISQ,code,L,70003004,ST,2006-01-07T17:40,2006-01-07T19:00,TLS,2039758977
ZWABHISQ,code,L,70003011,ST,2006-01-07T19:50,2006-01-07T21:45,ORY,2039758977
IPHUEUEC,code,L,70002980,ST,2006-01-07T08:40,2006-01-07T11:00,TLS,2039758977
IPHUEUEC,code,L,70002983,ST,2006-01-07T11:50,2006-01-07T13:00,ORY,2039758977
IPHUEUEC,code,L,70002988,ST,2006-01-07T13:40,2006-01-07T15:00,TLS,2039758977
IPHUEUEC,code,L,70002995,ST,2006-01-07T15:50,2006-01-07T17:00,ORY,2039758977
IPHUEUEC,code,L,70003004,ST,2006-01-07T17:40,2006-01-07T19:00,TLS,2039758977
IPHUEUEC,code,L,70003011,ST,2006-01-07T19:50,2006-01-07T21:45,ORY,2039758977
AOZICDID,code,L,70002980,ST,2006-01-07T08:40,2006-01-07T11:00,TLS,2039758977
AOZICDID,code,L,70002983,ST,2006-01-07T11:50,2006-01-07T13:00,ORY,2039758977
AOZICDID,code,L,70002988,ST,2006-01-07T13:40,2006-01-07T15:00,TLS,2039758977
AOZICDID,code,L,70002995,ST,2006-01-07T15:50,2006-01-07T17:00,ORY,2039758977
AOZICDID,code,L,70003004,ST,2006-01-07T17:40,2006-01-07T19:00,TLS,2039758977
AOZICDID,code,L,70003011,ST,2006-01-07T19:50,2006-01-07T21:45,ORY,2039758977
CEUAXGBM,code,L,70002980,ST,2006-01-07T08:40,2006-01-07T11:00,TLS,2039758977
CEUAXGBM,code,L,70002983,ST,2006-01-07T11:50,2006-01-07T13:00,ORY,2039758977
CEUAXGBM,code,L,70002988,ST,2006-01-07T13:40,2006-01-07T15:00,TLS,2039758977
CEUAXGBM,code,L,70002995,ST,2006-01-07T15:50,2006-01-07T17:00,ORY,2039758977
CEUAXGBM,code,L,70003004,ST,2006-01-07T17:40,2006-01-07T19:00,TLS,2039758977
CEUAXGBM,code,L,70003011,ST,2006-01-07T19:50,2006-01-07T21:45,ORY,2039758977
SYNOGLMQ,code,L,70002795,CP,2006-01-07T08:45,2006-01-07T10:50,LRT,1020019581
SYNOGLMQ,code,L,70002796,CP,2006-01-07T12:10,2006-01-07T13:15,ORY,1020019581
SYNOGLMQ,code,L,70002797,CP,2006-01-07T14:00,2006-01-07T15:05,LRT,1020019581
SYNOGLMQ,code,L,70002525,CP,2006-01-07T16:35,2006-01-07T18:20,ORY,1020019581
ZTMNQRSO,code,L,70002795,FO,2006-01-07T08:45,2006-01-07T10:50,LRT,1020019581
ZTMNQRSO,code,L,70002796,FO,2006-01-07T12:10,2006-01-07T13:15,ORY,1020019581
ZTMNQRSO,code,L,70002797,FO,2006-01-07T14:00,2006-01-07T15:05,LRT,1020019581
ZTMNQRSO,code,L,70002525,FO,2006-01-07T16:35,2006-01-07T18:20,ORY,1020019581
EYJLBVGJ,code,L,70002795,CSD,2006-01-07T08:45,2006-01-07T10:50,LRT,1020019581
EYJLBVGJ,code,L,70002796,CSD,2006-01-07T12:10,2006-01-07T13:15,ORY,1020019581
EYJLBVGJ,code,L,70002797,CSD,2006-01-07T14:00,2006-01-07T15:05,LRT,1020019581
EYJLBVGJ,code,L,70002525,CSD,2006-01-07T16:35,2006-01-07T18:20,ORY,1020019581
EELLOHMJ,code,L,70002795,ST,2006-01-07T08:45,2006-01-07T10:50,LRT,1020019581
EELLOHMJ,code,L,70002796,ST,2006-01-07T12:10,2006-01-07T13:15,ORY,1020019581
EELLOHMJ,code,L,70002797,ST,2006-01-07T14:00,2006-01-07T15:05,LRT,1020019581
EELLOHMJ,code,L,70002525,ST,2006-01-07T16:35,2006-01-07T18:20,ORY,1020019581
QMOTLRTK,code,L,70002795,ST,2006-01-07T08:45,2006-01-07T10:50,LRT,1020019581
QMOTLRTK,code,L,70002796,ST,2006-01-07T12:10,2006-01-07T13:15,ORY,1020019581
QMOTLRTK,code,L,70002797,ST,2006-01-07T14:00,2006-01-07T15:05,LRT,1020019581
QMOTLRTK,code,L,70002525,ST,2006-01-07T16:35,2006-01-07T18:20,ORY,1020019581
BSNXFMCA,code,L,70002795,ST,2006-01-07T08:45,2006-01-07T10:50,LRT,1020019581
BSNXFMCA,code,L,70002796,ST,2006-01-07T12:10,2006-01-07T13:15,ORY,1020019581
BSNXFMCA,code,L,70002797,ST,2006-01-07T14:00,2006-01-07T15:05,LRT,1020019581
BSNXFMCA,code,L,70002525,ST,2006-01-07T16:35,2006-01-07T18:20,ORY,1020019581
EPGHTLXH,code,L,70004638,CP,2006-01-07T08:45,2006-01-07T11:15,PUF,260274019
EPGHTLXH,code,L,70004585,CP,2006-01-07T13:00,2006-01-07T14:05,CDG,260274019
EPGHTLXH,code,L,70004586,CP,2006-01-07T15:15,2006-01-07T16:20,NTE,260274019
EPGHTLXH,code,L,70004637,CP,2006-01-07T20:10,2006-01-07T22:20,CDG,260274019
BSNMJSVY,code,L,70004638,FO,2006-01-07T08:45,2006-01-07T11:15,PUF,260274019
BSNMJSVY,code,L,70004585,FO,2006-01-07T13:00,2006-01-07T14:05,CDG,260274019
BSNMJSVY,code,L,70004586,FO,2006-01-07T15:15,2006-01-07T16:20,NTE,260274019
BSNMJSVY,code,L,70004637,FO,2006-01-07T20:10,2006-01-07T22:20,CDG,260274019
JXCOPKPE,code,L,70004638,CS,2006-01-07T08:45,2006-01-07T11:15,PUF,260274019
JXCOPKPE,code,L,70004585,CS,2006-01-07T13:00,2006-01-07T14:05,CDG,260274019
JXCOPKPE,code,L,70004586,CS,2006-01-07T15:15,2006-01-07T16:20,NTE,260274019
JXCOPKPE,code,L,70004637,CS,2006-01-07T20:10,2006-01-07T22:20,CDG,260274019
TEXKQZSB,code,L,70004638,ST,2006-01-07T08:45,2006-01-07T11:15,PUF,260274019
TEXKQZSB,code,L,70004585,ST,2006-01-07T13:00,2006-01-07T14:05,CDG,260274019
TEXKQZSB,code,L,70004586,ST,2006-01-07T15:15,2006-01-07T16:20,NTE,260274019
TEXKQZSB,code,L,70004637,ST,2006-01-07T20:10,2006-01-07T22:20,CDG,260274019
AFOTRDXY,code,L,70004638,ST,2006-01-07T08:45,2006-01-07T11:15,PUF,260274019
AFOTRDXY,code,L,70004585,ST,2006-01-07T13:00,2006-01-07T14:05,CDG,260274019
AFOTRDXY,code,L,70004586,ST,2006-01-07T15:15,2006-01-07T16:20,NTE,260274019
AFOTRDXY,code,L,70004637,ST,2006-01-07T20:10,2006-01-07T22:20,CDG,260274019
ZBOLOTJQ,code,L,70004298,CP,2006-01-07T08:50,2006-01-07T10:45,CFE,237820880
ZBOLOTJQ,code,L,70004229,CP,2006-01-07T11:15,2006-01-07T12:25,ORY,237820880
ZBOLOTJQ,code,L,70004232,CP,2006-01-07T13:05,2006-01-07T14:20,BES,237820880
ZBOLOTJQ,code,L,70004301,CP,2006-01-07T16:55,2006-01-07T18:35,ORY,237820880
UDZPFLXL,code,L,70004298,FO,2006-01-07T08:50,2006-01-07T10:45,CFE,237820880
UDZPFLXL,code,L,70004229,FO,2006-01-07T11:15,2006-01-07T12:25,ORY,237820880
UDZPFLXL,code,L,70004232,FO,2006-01-07T13:05,2006-01-07T14:20,BES,237820880
UDZPFLXL,code,L,70004301,FO,2006-01-07T16:55,2006-01-07T18:35,ORY,237820880
XEEOINKN,code,L,70004298,CS,2006-01-07T08:50,2006-01-07T10:45,CFE,237820880
XEEOINKN,code,L,70004229,CS,2006-01-07T11:15,2006-01-07T12:25,ORY,237820880
XEEOINKN,code,L,70004232,CS,2006-01-07T13:05,2006-01-07T14:20,BES,237820880
XEEOINKN,code,L,70004301,CS,2006-01-07T16:55,2006-01-07T18:35,ORY,237820880
QCNNHEGW,code,L,70004298,CS,2006-01-07T08:50,2006-01-07T10:45,CFE,237820880
QCNNHEGW,code,L,70004229,CS,2006-01-07T11:15,2006-01-07T12:25,ORY,237820880
QCNNHEGW,code,L,70004232,CS,2006-01-07T13:05,2006-01-07T14:20,BES,237820880
QCNNHEGW,code,L,70004301,CS,2006-01-07T16:55,2006-01-07T18:35,ORY,237820880
JQYUITAS,code,L,70004298,ST,2006-01-07T08:50,2006-01-07T10:45,CFE,237820880
JQYUITAS,code,L,70004229,ST,2006-01-07T11:15,2006-01-07T12:25,ORY,237820880
JQYUITAS,code,L,70004232,ST,2006-01-07T13:05,2006-01-07T14:20,BES,237820880
JQYUITAS,code,L,70004301,ST,2006-01-07T16:55,2006-01-07T18:35,ORY,237820880
PPBZDGPP,code,L,70004298,ST,2006-01-07T08:50,2006-01-07T10:45,CFE,237820880
PPBZDGPP,code,L,70004229,ST,2006-01-07T11:15,2006-01-07T12:25,ORY,237820880
PPBZDGPP,code,L,70004232,ST,2006-01-07T13:05,2006-01-07T14:20,BES,237820880
PPBZDGPP,code,L,70004301,ST,2006-01-07T16:55,2006-01-07T18:35,ORY,237820880
JLXMLHGX,code,L,70004298,ST,2006-01-07T08:50,2006-01-07T10:45,CFE,237820880
JLXMLHGX,code,L,70004229,ST,2006-01-07T11:15,2006-01-07T12:25,ORY,237820880
JLXMLHGX,code,L,70004232,ST,2006-01-07T13:05,2006-01-07T14:20,BES,237820880
JLXMLHGX,code,L,70004301,ST,2006-01-07T16:55,2006-01-07T18:35,ORY,237820880
NDXNIWRP,code,L,70004298,ST,2006-01-07T08:50,2006-01-07T10:45,CFE,237820880
NDXNIWRP,code,L,70004229,ST,2006-01-07T11:15,2006-01-07T12:25,ORY,237820880
NDXNIWRP,code,L,70004232,ST,2006-01-07T13:05,2006-01-07T14:20,BES,237820880
NDXNIWRP,code,L,70004301,ST,2006-01-07T16:55,2006-01-07T18:35,ORY,237820880
EQEXZJDC,code,L,70004298,ST,2006-01-07T08:50,2006-01-07T10:45,CFE,237820880
EQEXZJDC,code,L,70004229,ST,2006-01-07T11:15,2006-01-07T12:25,ORY,237820880
EQEXZJDC,code,L,70004232,ST,2006-01-07T13:05,2006-01-07T14:20,BES,237820880
EQEXZJDC,code,L,70004301,ST,2006-01-07T16:55,2006-01-07T18:35,ORY,237820880
YSTZNLJY,code,L,70004298,ST,2006-01-07T08:50,2006-01-07T10:45,CFE,237820880
YSTZNLJY,code,L,70004229,ST,2006-01-07T11:15,2006-01-07T12:25,ORY,237820880
YSTZNLJY,code,L,70004232,ST,2006-01-07T13:05,2006-01-07T14:20,BES,237820880
YSTZNLJY,code,L,70004301,ST,2006-01-07T16:55,2006-01-07T18:35,ORY,237820880
VNEEQFKF,code,L,70004408,CP,2006-01-07T08:50,2006-01-07T11:10,MPL,1512368656
VNEEQFKF,code,L,70004411,CP,2006-01-07T12:15,2006-01-07T13:30,ORY,1512368656
VNEEQFKF,code,L,70004412,CP,2006-01-07T14:20,2006-01-07T15:40,MPL,1512368656
VNEEQFKF,code,L,70004415,CP,2006-01-07T16:15,2006-01-07T17:30,ORY,1512368656
VNEEQFKF,code,L,70004416,CP,2006-01-07T18:20,2006-01-07T19:40,MPL,1512368656
VNEEQFKF,code,L,70004421,CP,2006-01-07T20:15,2006-01-07T22:15,ORY,1512368656
LIEJILSI,code,L,70004408,FO,2006-01-07T08:50,2006-01-07T11:10,MPL,1512368656
LIEJILSI,code,L,70004411,FO,2006-01-07T12:15,2006-01-07T13:30,ORY,1512368656
LIEJILSI,code,L,70004412,FO,2006-01-07T14:20,2006-01-07T15:40,MPL,1512368656
LIEJILSI,code,L,70004415,FO,2006-01-07T16:15,2006-01-07T17:30,ORY,1512368656
LIEJILSI,code,L,70004416,FO,2006-01-07T18:20,2006-01-07T19:40,MPL,1512368656
LIEJILSI,code,L,70004421,FO,2006-01-07T20:15,2006-01-07T22:15,ORY,1512368656
IOBOLBKM,code,L,70004408,CS,2006-01-07T08:50,2006-01-07T11:10,MPL,1512368656
IOBOLBKM,code,L,70004411,CS,2006-01-07T12:15,2006-01-07T13:30,ORY,1512368656
IOBOLBKM,code,L,70004412,CS,2006-01-07T14:20,2006-01-07T15:40,MPL,1512368656
IOBOLBKM,code,L,70004415,CS,2006-01-07T16:15,2006-01-07T17:30,ORY,1512368656
IOBOLBKM,code,L,70004416,CS,2006-01-07T18:20,2006-01-07T19:40,MPL,1512368656
IOBOLBKM,code,L,70004421,CS,2006-01-07T20:15,2006-01-07T22:15,ORY,1512368656
VPRBAFGE,code,L,70004408,CS,2006-01-07T08:50,2006-01-07T11:10,MPL,1512368656
VPRBAFGE,code,L,70004411,CS,2006-01-07T12:15,2006-01-07T13:30,ORY,1512368656
VPRBAFGE,code,L,70004412,CS,2006-01-07T14:20,2006-01-07T15:40,MPL,1512368656
VPRBAFGE,code,L,70004415,CS,2006-01-07T16:15,2006-01-07T17:30,ORY,1512368656
VPRBAFGE,code,L,70004416,CS,2006-01-07T18:20,2006-01-07T19:40,MPL,1512368656
VPRBAFGE,code,L,70004421,CS,2006-01-07T20:15,2006-01-07T22:15,ORY,1512368656
HBOAILBQ,code,L,70004408,ST,2006-01-07T08:50,2006-01-07T11:10,MPL,1512368656
HBOAILBQ,code,L,70004411,ST,2006-01-07T12:15,2006-01-07T13:30,ORY,1512368656
HBOAILBQ,code,L,70004412,ST,2006-01-07T14:20,2006-01-07T15:40,MPL,1512368656
HBOAILBQ,code,L,70004415,ST,2006-01-07T16:15,2006-01-07T17:30,ORY,1512368656
HBOAILBQ,code,L,70004416,ST,2006-01-07T18:20,2006-01-07T19:40,MPL,1512368656
HBOAILBQ,code,L,70004421,ST,2006-01-07T20:15,2006-01-07T22:15,ORY,1512368656
PKPSSWGR,code,L,70004408,ST,2006-01-07T08:50,2006-01-07T11:10,MPL,1512368656
PKPSSWGR,code,L,70004411,ST,2006-01-07T12:15,2006-01-07T13:30,ORY,1512368656
PKPSSWGR,code,L,70004412,ST,2006-01-07T14:20,2006-01-07T15:40,MPL,1512368656
PKPSSWGR,code,L,70004415,ST,2006-01-07T16:15,2006-01-07T17:30,ORY,1512368656
PKPSSWGR,code,L,70004416,ST,2006-01-07T18:20,2006-01-07T19:40,MPL,1512368656
PKPSSWGR,code,L,70004421,ST,2006-01-07T20:15,2006-01-07T22:15,ORY,1512368656
ZGSWMGEJ,code,L,70004408,ST,2006-01-07T08:50,2006-01-07T11:10,MPL,1512368656
ZGSWMGEJ,code,L,70004411,ST,2006-01-07T12:15,2006-01-07T13:30,ORY,1512368656
ZGSWMGEJ,code,L,70004412,ST,2006-01-07T14:20,2006-01-07T15:40,MPL,1512368656
ZGSWMGEJ,code,L,70004415,ST,2006-01-07T16:15,2006-01-07T17:30,ORY,1512368656
ZGSWMGEJ,code,L,70004416,ST,2006-01-07T18:20,2006-01-07T19:40,MPL,1512368656
ZGSWMGEJ,code,L,70004421,ST,2006-01-07T20:15,2006-01-07T22:15,ORY,1512368656
DKMTGMFY,code,L,70004408,ST,2006-01-07T08:50,2006-01-07T11:10,MPL,1512368656
DKMTGMFY,code,L,70004411,ST,2006-01-07T12:15,2006-01-07T13:30,ORY,1512368656
DKMTGMFY,code,L,70004412,ST,2006-01-07T14:20,2006-01-07T15:40,MPL,1512368656
DKMTGMFY,code,L,70004415,ST,2006-01-07T16:15,2006-01-07T17:30,ORY,1512368656
DKMTGMFY,code,L,70004416,ST,2006-01-07T18:20,2006-01-07T19:40,MPL,1512368656
DKMTGMFY,code,L,70004421,ST,2006-01-07T20:15,2006-01-07T22:15,ORY,1512368656
WXRJXSCM,code,L,70004408,ST,2006-01-07T08:50,2006-01-07T11:10,MPL,1512368656
WXRJXSCM,code,L,70004411,ST,2006-01-07T12:15,2006-01-07T13:30,ORY,1512368656
WXRJXSCM,code,L,70004412,ST,2006-01-07T14:20,2006-01-07T15:40,MPL,1512368656
WXRJXSCM,code,L,70004415,ST,2006-01-07T16:15,2006-01-07T17:30,ORY,1512368656
WXRJXSCM,code,L,70004416,ST,2006-01-07T18:20,2006-01-07T19:40,MPL,1512368656
WXRJXSCM,code,L,70004421,ST,2006-01-07T20:15,2006-01-07T22:15,ORY,1512368656
TVOEYFEQ,code,L,70004408,ST,2006-01-07T08:50,2006-01-07T11:10,MPL,1512368656
TVOEYFEQ,code,L,70004411,ST,2006-01-07T12:15,2006-01-07T13:30,ORY,1512368656
TVOEYFEQ,code,L,70004412,ST,2006-01-07T14:20,2006-01-07T15:40,MPL,1512368656
TVOEYFEQ,code,L,70004415,ST,2006-01-07T16:15,2006-01-07T17:30,ORY,1512368656
TVOEYFEQ,code,L,70004416,ST,2006-01-07T18:20,2006-01-07T19:40,MPL,1512368656
TVOEYFEQ,code,L,70004421,ST,2006-01-07T20:15,2006-01-07T22:15,ORY,1512368656
ULZCFMTG,code,L,70004791,CP,2006-01-07T08:50,2006-01-07T11:35,LIL,1731519511
ULZCFMTG,code,L,70004768,CP,2006-01-07T13:05,2006-01-07T14:30,NCE,1731519511
ULZCFMTG,code,L,70004763,CP,2006-01-07T15:05,2006-01-07T16:20,BOD,1731519511
ULZCFMTG,code,L,70002663,CP,2006-01-07T17:30,2006-01-07T19:15,NCE,1731519511
PSXVVSHW,code,L,70004791,FO,2006-01-07T08:50,2006-01-07T11:35,LIL,1731519511
PSXVVSHW,code,L,70004768,FO,2006-01-07T13:05,2006-01-07T14:30,NCE,1731519511
PSXVVSHW,code,L,70004763,FO,2006-01-07T15:05,2006-01-07T16:20,BOD,1731519511
PSXVVSHW,code,L,70002663,FO,2006-01-07T17:30,2006-01-07T19:15,NCE,1731519511
ZBTHRPVX,code,L,70004791,CS,2006-01-07T08:50,2006-01-07T11:35,LIL,1731519511
ZBTHRPVX,code,L,70004768,CS,2006-01-07T13:05,2006-01-07T14:30,NCE,1731519511
ZBTHRPVX,code,L,70004763,CS,2006-01-07T15:05,2006-01-07T16:20,BOD,1731519511
ZBTHRPVX,code,L,70002663,CS,2006-01-07T17:30,2006-01-07T19:15,NCE,1731519511
YZPHLACH,code,L,70004791,CS,2006-01-07T08:50,2006-01-07T11:35,LIL,1731519511
YZPHLACH,code,L,70004768,CS,2006-01-07T13:05,2006-01-07T14:30,NCE,1731519511
YZPHLACH,code,L,70004763,CS,2006-01-07T15:05,2006-01-07T16:20,BOD,1731519511
YZPHLACH,code,L,70002663,CS,2006-01-07T17:30,2006-01-07T19:15,NCE,1731519511
TQZAAQVT,code,L,70004791,ST,2006-01-07T08:50,2006-01-07T11:35,LIL,1731519511
TQZAAQVT,code,L,70004768,ST,2006-01-07T13:05,2006-01-07T14:30,NCE,1731519511
TQZAAQVT,code,L,70004763,ST,2006-01-07T15:05,2006-01-07T16:20,BOD,1731519511
TQZAAQVT,code,L,70002663,ST,2006-01-07T17:30,2006-01-07T19:15,NCE,1731519511
DTXNUSND,code,L,70004791,ST,2006-01-07T08:50,2006-01-07T11:35,LIL,1731519511
DTXNUSND,code,L,70004768,ST,2006-01-07T13:05,2006-01-07T14:30,NCE,1731519511
DTXNUSND,code,L,70004763,ST,2006-01-07T15:05,2006-01-07T16:20,BOD,1731519511
DTXNUSND,code,L,70002663,ST,2006-01-07T17:30,2006-01-07T19:15,NCE,1731519511
DAQEELNK,code,L,70004791,ST,2006-01-07T08:50,2006-01-07T11:35,LIL,1731519511
DAQEELNK,code,L,70004768,ST,2006-01-07T13:05,2006-01-07T14:30,NCE,1731519511
DAQEELNK,code,L,70004763,ST,2006-01-07T15:05,2006-01-07T16:20,BOD,1731519511
DAQEELNK,code,L,70002663,ST,2006-01-07T17:30,2006-01-07T19:15,NCE,1731519511
MHSARCAY,code,L,70004791,ST,2006-01-07T08:50,2006-01-07T11:35,LIL,1731519511
MHSARCAY,code,L,70004768,ST,2006-01-07T13:05,2006-01-07T14:30,NCE,1731519511
MHSARCAY,code,L,70004763,ST,2006-01-07T15:05,2006-01-07T16:20,BOD,1731519511
MHSARCAY,code,L,70002663,ST,2006-01-07T17:30,2006-01-07T19:15,NCE,1731519511
KUKIENOB,code,L,70004791,ST,2006-01-07T08:50,2006-01-07T11:35,LIL,1731519511
KUKIENOB,code,L,70004768,ST,2006-01-07T13:05,2006-01-07T14:30,NCE,1731519511
KUKIENOB,code,L,70004763,ST,2006-01-07T15:05,2006-01-07T16:20,BOD,1731519511
KUKIENOB,code,L,70002663,ST,2006-01-07T17:30,2006-01-07T19:15,NCE,1731519511
JNEMVJDR,code,L,70004791,ST,2006-01-07T08:50,2006-01-07T11:35,LIL,1731519511
JNEMVJDR,code,L,70004768,ST,2006-01-07T13:05,2006-01-07T14:30,NCE,1731519511
JNEMVJDR,code,L,70004763,ST,2006-01-07T15:05,2006-01-07T16:20,BOD,1731519511
JNEMVJDR,code,L,70002663,ST,2006-01-07T17:30,2006-01-07T19:15,NCE,1731519511
JDXIWYLF,code,L,70004526,CP,2006-01-07T08:50,2006-01-07T11:20,MRS,1127983490
JDXIWYLF,code,L,70004533,CP,2006-01-07T20:20,2006-01-07T22:30,CDG,1127983490
GOBDVVAH,code,L,70004526,FO,2006-01-07T08:50,2006-01-07T11:20,MRS,1127983490
GOBDVVAH,code,L,70004533,FO,2006-01-07T20:20,2006-01-07T22:30,CDG,1127983490
HJQMAOHD,code,L,70004526,CS,2006-01-07T08:50,2006-01-07T11:20,MRS,1127983490
HJQMAOHD,code,L,70004533,CS,2006-01-07T20:20,2006-01-07T22:30,CDG,1127983490
DGUNOCKM,code,L,70004526,CS,2006-01-07T08:50,2006-01-07T11:20,MRS,1127983490
DGUNOCKM,code,L,70004533,CS,2006-01-07T20:20,2006-01-07T22:30,CDG,1127983490
XAMYWZNT,code,L,70004526,ST,2006-01-07T08:50,2006-01-07T11:20,MRS,1127983490
XAMYWZNT,code,L,70004533,ST,2006-01-07T20:20,2006-01-07T22:30,CDG,1127983490
SYZRRBSU,code,L,70004526,ST,2006-01-07T08:50,2006-01-07T11:20,MRS,1127983490
SYZRRBSU,code,L,70004533,ST,2006-01-07T20:20,2006-01-07T22:30,CDG,1127983490
YCXVFTGD,code,L,70004526,ST,2006-01-07T08:50,2006-01-07T11:20,MRS,1127983490
YCXVFTGD,code,L,70004533,ST,2006-01-07T20:20,2006-01-07T22:30,CDG,1127983490
KNXKMVCG,code,L,70004526,ST,2006-01-07T08:50,2006-01-07T11:20,MRS,1127983490
KNXKMVCG,code,L,70004533,ST,2006-01-07T20:20,2006-01-07T22:30,CDG,1127983490
KSBUTGWJ,code,L,70004526,ST,2006-01-07T08:50,2006-01-07T11:20,MRS,1127983490
KSBUTGWJ,code,L,70004533,ST,2006-01-07T20:20,2006-01-07T22:30,CDG,1127983490
CPALSONI,code,L,70004526,ST,2006-01-07T08:50,2006-01-07T11:20,MRS,1127983490
CPALSONI,code,L,70004533,ST,2006-01-07T20:20,2006-01-07T22:30,CDG,1127983490
XLLSEQMJ,code,L,70002977,CP,2006-01-07T08:50,2006-01-07T11:00,ORY,2090911250
XLLSEQMJ,code,L,70002984,CP,2006-01-07T11:40,2006-01-07T13:00,TLS,2090911250
XLLSEQMJ,code,L,70002989,CP,2006-01-07T13:50,2006-01-07T15:00,ORY,2090911250
XLLSEQMJ,code,L,70002996,CP,2006-01-07T15:40,2006-01-07T17:45,TLS,2090911250
LFFFZDIH,code,L,70002977,FO,2006-01-07T08:50,2006-01-07T11:00,ORY,2090911250
LFFFZDIH,code,L,70002984,FO,2006-01-07T11:40,2006-01-07T13:00,TLS,2090911250
LFFFZDIH,code,L,70002989,FO,2006-01-07T13:50,2006-01-07T15:00,ORY,2090911250
LFFFZDIH,code,L,70002996,FO,2006-01-07T15:40,2006-01-07T17:45,TLS,2090911250
TRDLJHZB,code,L,70002977,CS,2006-01-07T08:50,2006-01-07T11:00,ORY,2090911250
TRDLJHZB,code,L,70002984,CS,2006-01-07T11:40,2006-01-07T13:00,TLS,2090911250
TRDLJHZB,code,L,70002989,CS,2006-01-07T13:50,2006-01-07T15:00,ORY,2090911250
TRDLJHZB,code,L,70002996,CS,2006-01-07T15:40,2006-01-07T17:45,TLS,2090911250
MIAJZIEK,code,L,70002977,CS,2006-01-07T08:50,2006-01-07T11:00,ORY,2090911250
MIAJZIEK,code,L,70002984,CS,2006-01-07T11:40,2006-01-07T13:00,TLS,2090911250
MIAJZIEK,code,L,70002989,CS,2006-01-07T13:50,2006-01-07T15:00,ORY,2090911250
MIAJZIEK,code,L,70002996,CS,2006-01-07T15:40,2006-01-07T17:45,TLS,2090911250
OOTWOAQE,code,L,70002977,ST,2006-01-07T08:50,2006-01-07T11:00,ORY,2090911250
OOTWOAQE,code,L,70002984,ST,2006-01-07T11:40,2006-01-07T13:00,TLS,2090911250
OOTWOAQE,code,L,70002989,ST,2006-01-07T13:50,2006-01-07T15:00,ORY,2090911250
OOTWOAQE,code,L,70002996,ST,2006-01-07T15:40,2006-01-07T17:45,TLS,2090911250
RTFLBVRG,code,L,70002977,ST,2006-01-07T08:50,2006-01-07T11:00,ORY,2090911250
RTFLBVRG,code,L,70002984,ST,2006-01-07T11:40,2006-01-07T13:00,TLS,2090911250
RTFLBVRG,code,L,70002989,ST,2006-01-07T13:50,2006-01-07T15:00,ORY,2090911250
RTFLBVRG,code,L,70002996,ST,2006-01-07T15:40,2006-01-07T17:45,TLS,2090911250
HCSKCVKC,code,L,70002977,ST,2006-01-07T08:50,2006-01-07T11:00,ORY,2090911250
HCSKCVKC,code,L,70002984,ST,2006-01-07T11:40,2006-01-07T13:00,TLS,2090911250
HCSKCVKC,code,L,70002989,ST,2006-01-07T13:50,2006-01-07T15:00,ORY,2090911250
HCSKCVKC,code,L,70002996,ST,2006-01-07T15:40,2006-01-07T17:45,TLS,2090911250
NFUXOZIB,code,L,70002977,ST,2006-01-07T08:50,2006-01-07T11:00,ORY,2090911250
NFUXOZIB,code,L,70002984,ST,2006-01-07T11:40,2006-01-07T13:00,TLS,2090911250
NFUXOZIB,code,L,70002989,ST,2006-01-07T13:50,2006-01-07T15:00,ORY,2090911250
NFUXOZIB,code,L,70002996,ST,2006-01-07T15:40,2006-01-07T17:45,TLS,2090911250
PUMETIVD,code,L,70002977,ST,2006-01-07T08:50,2006-01-07T11:00,ORY,2090911250
PUMETIVD,code,L,70002984,ST,2006-01-07T11:40,2006-01-07T13:00,TLS,2090911250
PUMETIVD,code,L,70002989,ST,2006-01-07T13:50,2006-01-07T15:00,ORY,2090911250
PUMETIVD,code,L,70002996,ST,2006-01-07T15:40,2006-01-07T17:45,TLS,2090911250
IDXPVAML,code,L,70002977,ST,2006-01-07T08:50,2006-01-07T11:00,ORY,2090911250
IDXPVAML,code,L,70002984,ST,2006-01-07T11:40,2006-01-07T13:00,TLS,2090911250
IDXPVAML,code,L,70002989,ST,2006-01-07T13:50,2006-01-07T15:00,ORY,2090911250
IDXPVAML,code,L,70002996,ST,2006-01-07T15:40,2006-01-07T17:45,TLS,2090911250
RWWSXXLF,code,L,70004502,CP,2006-01-07T08:50,2006-01-07T11:20,BIQ,564194307
RWWSXXLF,code,L,70004501,CP,2006-01-07T12:35,2006-01-07T14:00,CDG,564194307
RWWSXXLF,code,L,70004352,CP,2006-01-07T16:20,2006-01-07T17:40,BIQ,564194307
RWWSXXLF,code,L,70004347,CP,2006-01-07T18:20,2006-01-07T20:20,ORY,564194307
HAPMQHSD,code,L,70004502,FO,2006-01-07T08:50,2006-01-07T11:20,BIQ,564194307
HAPMQHSD,code,L,70004501,FO,2006-01-07T12:35,2006-01-07T14:00,CDG,564194307
HAPMQHSD,code,L,70004352,FO,2006-01-07T16:20,2006-01-07T17:40,BIQ,564194307
HAPMQHSD,code,L,70004347,FO,2006-01-07T18:20,2006-01-07T20:20,ORY,564194307
NFWSKAMZ,code,L,70004502,CSD,2006-01-07T08:50,2006-01-07T11:20,BIQ,564194307
NFWSKAMZ,code,L,70004501,CSD,2006-01-07T12:35,2006-01-07T14:00,CDG,564194307
NFWSKAMZ,code,L,70004352,CSD,2006-01-07T16:20,2006-01-07T17:40,BIQ,564194307
NFWSKAMZ,code,L,70004347,CSD,2006-01-07T18:20,2006-01-07T20:20,ORY,564194307
YOHAYMRN,code,L,70004502,ST,2006-01-07T08:50,2006-01-07T11:20,BIQ,564194307
YOHAYMRN,code,L,70004501,ST,2006-01-07T12:35,2006-01-07T14:00,CDG,564194307
YOHAYMRN,code,L,70004352,ST,2006-01-07T16:20,2006-01-07T17:40,BIQ,564194307
YOHAYMRN,code,L,70004347,ST,2006-01-07T18:20,2006-01-07T20:20,ORY,564194307
BWDXYVDE,code,L,70004502,ST,2006-01-07T08:50,2006-01-07T11:20,BIQ,564194307
BWDXYVDE,code,L,70004501,ST,2006-01-07T12:35,2006-01-07T14:00,CDG,564194307
BWDXYVDE,code,L,70004352,ST,2006-01-07T16:20,2006-01-07T17:40,BIQ,564194307
BWDXYVDE,code,L,70004347,ST,2006-01-07T18:20,2006-01-07T20:20,ORY,564194307
XBWAKSIX,code,L,70002521,CP,2006-01-07T08:50,2006-01-07T11:05,RNS,376980210
XBWAKSIX,code,L,70002522,CP,2006-01-07T11:35,2006-01-07T12:55,MPL,376980210
XBWAKSIX,code,L,70004213,CP,2006-01-07T14:00,2006-01-07T15:05,RNS,376980210
XBWAKSIX,code,L,70004214,CP,2006-01-07T16:15,2006-01-07T18:00,ORY,376980210
WGZNIEVG,code,L,70002521,FO,2006-01-07T08:50,2006-01-07T11:05,RNS,376980210
WGZNIEVG,code,L,70002522,FO,2006-01-07T11:35,2006-01-07T12:55,MPL,376980210
WGZNIEVG,code,L,70004213,FO,2006-01-07T14:00,2006-01-07T15:05,RNS,376980210
WGZNIEVG,code,L,70004214,FO,2006-01-07T16:15,2006-01-07T18:00,ORY,376980210
XMDUGPSB,code,L,70002521,CSD,2006-01-07T08:50,2006-01-07T11:05,RNS,376980210
XMDUGPSB,code,L,70002522,CSD,2006-01-07T11:35,2006-01-07T12:55,MPL,376980210
XMDUGPSB,code,L,70004213,CSD,2006-01-07T14:00,2006-01-07T15:05,RNS,376980210
XMDUGPSB,code,L,70004214,CSD,2006-01-07T16:15,2006-01-07T18:00,ORY,376980210
RTDJCJLE,code,L,70002521,ST,2006-01-07T08:50,2006-01-07T11:05,RNS,376980210
RTDJCJLE,code,L,70002522,ST,2006-01-07T11:35,2006-01-07T12:55,MPL,376980210
RTDJCJLE,code,L,70004213,ST,2006-01-07T14:00,2006-01-07T15:05,RNS,376980210
RTDJCJLE,code,L,70004214,ST,2006-01-07T16:15,2006-01-07T18:00,ORY,376980210
GDWNUQFB,code,L,70002521,ST,2006-01-07T08:50,2006-01-07T11:05,RNS,376980210
GDWNUQFB,code,L,70002522,ST,2006-01-07T11:35,2006-01-07T12:55,MPL,376980210
GDWNUQFB,code,L,70004213,ST,2006-01-07T14:00,2006-01-07T15:05,RNS,376980210
GDWNUQFB,code,L,70004214,ST,2006-01-07T16:15,2006-01-07T18:00,ORY,376980210
ZLCTRGCE,code,L,70004696,CP,2006-01-07T08:50,2006-01-07T10:45,NCE,628641533
ZLCTRGCE,code,L,70004699,CP,2006-01-07T11:25,2006-01-07T12:25,LYS,628641533
ZLCTRGCE,code,L,70004700,CP,2006-01-07T13:05,2006-01-07T14:00,NCE,628641533
ZLCTRGCE,code,L,70004695,CP,2006-01-07T15:00,2006-01-07T16:45,LYS,628641533
IXDJMACT,code,L,70004696,FO,2006-01-07T08:50,2006-01-07T10:45,NCE,628641533
IXDJMACT,code,L,70004699,FO,2006-01-07T11:25,2006-01-07T12:25,LYS,628641533
IXDJMACT,code,L,70004700,FO,2006-01-07T13:05,2006-01-07T14:00,NCE,628641533
IXDJMACT,code,L,70004695,FO,2006-01-07T15:00,2006-01-07T16:45,LYS,628641533
KQAOVAEV,code,L,70004696,CS,2006-01-07T08:50,2006-01-07T10:45,NCE,628641533
KQAOVAEV,code,L,70004699,CS,2006-01-07T11:25,2006-01-07T12:25,LYS,628641533
KQAOVAEV,code,L,70004700,CS,2006-01-07T13:05,2006-01-07T14:00,NCE,628641533
KQAOVAEV,code,L,70004695,CS,2006-01-07T15:00,2006-01-07T16:45,LYS,628641533
MMQTFQGL,code,L,70004696,ST,2006-01-07T08:50,2006-01-07T10:45,NCE,628641533
MMQTFQGL,code,L,70004699,ST,2006-01-07T11:25,2006-01-07T12:25,LYS,628641533
MMQTFQGL,code,L,70004700,ST,2006-01-07T13:05,2006-01-07T14:00,NCE,628641533
MMQTFQGL,code,L,70004695,ST,2006-01-07T15:00,2006-01-07T16:45,LYS,628641533
EAOPBPXW,code,L,70004696,ST,2006-01-07T08:50,2006-01-07T10:45,NCE,628641533
EAOPBPXW,code,L,70004699,ST,2006-01-07T11:25,2006-01-07T12:25,LYS,628641533
EAOPBPXW,code,L,70004700,ST,2006-01-07T13:05,2006-01-07T14:00,NCE,628641533
EAOPBPXW,code,L,70004695,ST,2006-01-07T15:00,2006-01-07T16:45,LYS,628641533
VGEQRGJM,code,L,70004696,ST,2006-01-07T08:50,2006-01-07T10:45,NCE,628641533
VGEQRGJM,code,L,70004699,ST,2006-01-07T11:25,2006-01-07T12:25,LYS,628641533
VGEQRGJM,code,L,70004700,ST,2006-01-07T13:05,2006-01-07T14:00,NCE,628641533
VGEQRGJM,code,L,70004695,ST,2006-01-07T15:00,2006-01-07T16:45,LYS,628641533
PHFLFZEU,code,L,7000146,CP,2006-01-07T08:55,2006-01-07T11:10,MLH,363842328
PHFLFZEU,code,L,7000147,CP,2006-01-07T12:00,2006-01-07T13:10,CDG,363842328
PHFLFZEU,code,L,7000148,CP,2006-01-07T13:50,2006-01-07T15:05,MLH,363842328
PHFLFZEU,code,L,7000149,CP,2006-01-07T15:45,2006-01-07T16:55,CDG,363842328
PHFLFZEU,code,L,7000150,CP,2006-01-07T17:35,2006-01-07T18:50,MLH,363842328
PHFLFZEU,code,L,7000151,CP,2006-01-07T19:55,2006-01-07T21:50,CDG,363842328
OYRWROQU,code,L,7000146,FO,2006-01-07T08:55,2006-01-07T11:10,MLH,363842328
OYRWROQU,code,L,7000147,FO,2006-01-07T12:00,2006-01-07T13:10,CDG,363842328
OYRWROQU,code,L,7000148,FO,2006-01-07T13:50,2006-01-07T15:05,MLH,363842328
OYRWROQU,code,L,7000149,FO,2006-01-07T15:45,2006-01-07T16:55,CDG,363842328
OYRWROQU,code,L,7000150,FO,2006-01-07T17:35,2006-01-07T18:50,MLH,363842328
OYRWROQU,code,L,7000151,FO,2006-01-07T19:55,2006-01-07T21:50,CDG,363842328
KPGBTCFF,code,L,7000146,CS,2006-01-07T08:55,2006-01-07T11:10,MLH,363842328
KPGBTCFF,code,L,7000147,CS,2006-01-07T12:00,2006-01-07T13:10,CDG,363842328
KPGBTCFF,code,L,7000148,CS,2006-01-07T13:50,2006-01-07T15:05,MLH,363842328
KPGBTCFF,code,L,7000149,CS,2006-01-07T15:45,2006-01-07T16:55,CDG,363842328
KPGBTCFF,code,L,7000150,CS,2006-01-07T17:35,2006-01-07T18:50,MLH,363842328
KPGBTCFF,code,L,7000151,CS,2006-01-07T19:55,2006-01-07T21:50,CDG,363842328
TBPFKRCE,code,L,7000146,CS,2006-01-07T08:55,2006-01-07T11:10,MLH,363842328
TBPFKRCE,code,L,7000147,CS,2006-01-07T12:00,2006-01-07T13:10,CDG,363842328
TBPFKRCE,code,L,7000148,CS,2006-01-07T13:50,2006-01-07T15:05,MLH,363842328
TBPFKRCE,code,L,7000149,CS,2006-01-07T15:45,2006-01-07T16:55,CDG,363842328
TBPFKRCE,code,L,7000150,CS,2006-01-07T17:35,2006-01-07T18:50,MLH,363842328
TBPFKRCE,code,L,7000151,CS,2006-01-07T19:55,2006-01-07T21:50,CDG,363842328
LXPGZGUI,code,L,7000146,ST,2006-01-07T08:55,2006-01-07T11:10,MLH,363842328
LXPGZGUI,code,L,7000147,ST,2006-01-07T12:00,2006-01-07T13:10,CDG,363842328
LXPGZGUI,code,L,7000148,ST,2006-01-07T13:50,2006-01-07T15:05,MLH,363842328
LXPGZGUI,code,L,7000149,ST,2006-01-07T15:45,2006-01-07T16:55,CDG,363842328
LXPGZGUI,code,L,7000150,ST,2006-01-07T17:35,2006-01-07T18:50,MLH,363842328
LXPGZGUI,code,L,7000151,ST,2006-01-07T19:55,2006-01-07T21:50,CDG,363842328
DZVEVURC,code,L,7000146,ST,2006-01-07T08:55,2006-01-07T11:10,MLH,363842328
DZVEVURC,code,L,7000147,ST,2006-01-07T12:00,2006-01-07T13:10,CDG,363842328
DZVEVURC,code,L,7000148,ST,2006-01-07T13:50,2006-01-07T15:05,MLH,363842328
DZVEVURC,code,L,7000149,ST,2006-01-07T15:45,2006-01-07T16:55,CDG,363842328
DZVEVURC,code,L,7000150,ST,2006-01-07T17:35,2006-01-07T18:50,MLH,363842328
DZVEVURC,code,L,7000151,ST,2006-01-07T19:55,2006-01-07T21:50,CDG,363842328
IZVDSWZX,code,L,7000146,ST,2006-01-07T08:55,2006-01-07T11:10,MLH,363842328
IZVDSWZX,code,L,7000147,ST,2006-01-07T12:00,2006-01-07T13:10,CDG,363842328
IZVDSWZX,code,L,7000148,ST,2006-01-07T13:50,2006-01-07T15:05,MLH,363842328
IZVDSWZX,code,L,7000149,ST,2006-01-07T15:45,2006-01-07T16:55,CDG,363842328
IZVDSWZX,code,L,7000150,ST,2006-01-07T17:35,2006-01-07T18:50,MLH,363842328
IZVDSWZX,code,L,7000151,ST,2006-01-07T19:55,2006-01-07T21:50,CDG,363842328
ETAFJKMB,code,L,7000146,ST,2006-01-07T08:55,2006-01-07T11:10,MLH,363842328
ETAFJKMB,code,L,7000147,ST,2006-01-07T12:00,2006-01-07T13:10,CDG,363842328
ETAFJKMB,code,L,7000148,ST,2006-01-07T13:50,2006-01-07T15:05,MLH,363842328
ETAFJKMB,code,L,7000149,ST,2006-01-07T15:45,2006-01-07T16:55,CDG,363842328
ETAFJKMB,code,L,7000150,ST,2006-01-07T17:35,2006-01-07T18:50,MLH,363842328
ETAFJKMB,code,L,7000151,ST,2006-01-07T19:55,2006-01-07T21:50,CDG,363842328
UODJBDUW,code,L,7000146,ST,2006-01-07T08:55,2006-01-07T11:10,MLH,363842328
UODJBDUW,code,L,7000147,ST,2006-01-07T12:00,2006-01-07T13:10,CDG,363842328
UODJBDUW,code,L,7000148,ST,2006-01-07T13:50,2006-01-07T15:05,MLH,363842328
UODJBDUW,code,L,7000149,ST,2006-01-07T15:45,2006-01-07T16:55,CDG,363842328
UODJBDUW,code,L,7000150,ST,2006-01-07T17:35,2006-01-07T18:50,MLH,363842328
UODJBDUW,code,L,7000151,ST,2006-01-07T19:55,2006-01-07T21:50,CDG,363842328
LMFYUBBO,code,L,7000146,ST,2006-01-07T08:55,2006-01-07T11:10,MLH,363842328
LMFYUBBO,code,L,7000147,ST,2006-01-07T12:00,2006-01-07T13:10,CDG,363842328
LMFYUBBO,code,L,7000148,ST,2006-01-07T13:50,2006-01-07T15:05,MLH,363842328
LMFYUBBO,code,L,7000149,ST,2006-01-07T15:45,2006-01-07T16:55,CDG,363842328
LMFYUBBO,code,L,7000150,ST,2006-01-07T17:35,2006-01-07T18:50,MLH,363842328
LMFYUBBO,code,L,7000151,ST,2006-01-07T19:55,2006-01-07T21:50,CDG,363842328
MFYVHWFX,code,L,70003073,CP,2006-01-07T09:00,2006-01-07T11:20,ORY,687431273
MFYVHWFX,code,L,70003088,CP,2006-01-07T12:05,2006-01-07T13:30,NCE,687431273
MFYVHWFX,code,L,70003081,CP,2006-01-07T14:00,2006-01-07T15:20,ORY,687431273
MFYVHWFX,code,L,70003102,CP,2006-01-07T16:05,2006-01-07T18:15,NCE,687431273
JLAHBJNP,code,L,70003073,FO,2006-01-07T09:00,2006-01-07T11:20,ORY,687431273
JLAHBJNP,code,L,70003088,FO,2006-01-07T12:05,2006-01-07T13:30,NCE,687431273
JLAHBJNP,code,L,70003081,FO,2006-01-07T14:00,2006-01-07T15:20,ORY,687431273
JLAHBJNP,code,L,70003102,FO,2006-01-07T16:05,2006-01-07T18:15,NCE,687431273
GWKYYUBZ,code,L,70003073,CS,2006-01-07T09:00,2006-01-07T11:20,ORY,687431273
GWKYYUBZ,code,L,70003088,CS,2006-01-07T12:05,2006-01-07T13:30,NCE,687431273
GWKYYUBZ,code,L,70003081,CS,2006-01-07T14:00,2006-01-07T15:20,ORY,687431273
GWKYYUBZ,code,L,70003102,CS,2006-01-07T16:05,2006-01-07T18:15,NCE,687431273
EEHZYNLD,code,L,70003073,CS,2006-01-07T09:00,2006-01-07T11:20,ORY,687431273
EEHZYNLD,code,L,70003088,CS,2006-01-07T12:05,2006-01-07T13:30,NCE,687431273
EEHZYNLD,code,L,70003081,CS,2006-01-07T14:00,2006-01-07T15:20,ORY,687431273
EEHZYNLD,code,L,70003102,CS,2006-01-07T16:05,2006-01-07T18:15,NCE,687431273
BLSNECWT,code,L,70003073,ST,2006-01-07T09:00,2006-01-07T11:20,ORY,687431273
BLSNECWT,code,L,70003088,ST,2006-01-07T12:05,2006-01-07T13:30,NCE,687431273
BLSNECWT,code,L,70003081,ST,2006-01-07T14:00,2006-01-07T15:20,ORY,687431273
BLSNECWT,code,L,70003102,ST,2006-01-07T16:05,2006-01-07T18:15,NCE,687431273
YTAWDBYM,code,L,70003073,ST,2006-01-07T09:00,2006-01-07T11:20,ORY,687431273
YTAWDBYM,code,L,70003088,ST,2006-01-07T12:05,2006-01-07T13:30,NCE,687431273
YTAWDBYM,code,L,70003081,ST,2006-01-07T14:00,2006-01-07T15:20,ORY,687431273
YTAWDBYM,code,L,70003102,ST,2006-01-07T16:05,2006-01-07T18:15,NCE,687431273
TFPSUVXH,code,L,70003073,ST,2006-01-07T09:00,2006-01-07T11:20,ORY,687431273
TFPSUVXH,code,L,70003088,ST,2006-01-07T12:05,2006-01-07T13:30,NCE,687431273
TFPSUVXH,code,L,70003081,ST,2006-01-07T14:00,2006-01-07T15:20,ORY,687431273
TFPSUVXH,code,L,70003102,ST,2006-01-07T16:05,2006-01-07T18:15,NCE,687431273
PBOIJWRH,code,L,70003073,ST,2006-01-07T09:00,2006-01-07T11:20,ORY,687431273
PBOIJWRH,code,L,70003088,ST,2006-01-07T12:05,2006-01-07T13:30,NCE,687431273
PBOIJWRH,code,L,70003081,ST,2006-01-07T14:00,2006-01-07T15:20,ORY,687431273
PBOIJWRH,code,L,70003102,ST,2006-01-07T16:05,2006-01-07T18:15,NCE,687431273
PPKLZHOQ,code,L,70003073,ST,2006-01-07T09:00,2006-01-07T11:20,ORY,687431273
PPKLZHOQ,code,L,70003088,ST,2006-01-07T12:05,2006-01-07T13:30,NCE,687431273
PPKLZHOQ,code,L,70003081,ST,2006-01-07T14:00,2006-01-07T15:20,ORY,687431273
PPKLZHOQ,code,L,70003102,ST,2006-01-07T16:05,2006-01-07T18:15,NCE,687431273
PSKKMECL,code,L,70003073,ST,2006-01-07T09:00,2006-01-07T11:20,ORY,687431273
PSKKMECL,code,L,70003088,ST,2006-01-07T12:05,2006-01-07T13:30,NCE,687431273
PSKKMECL,code,L,70003081,ST,2006-01-07T14:00,2006-01-07T15:20,ORY,687431273
PSKKMECL,code,L,70003102,ST,2006-01-07T16:05,2006-01-07T18:15,NCE,687431273
WVOJQRDP,code,L,70004588,CP,2006-01-07T09:00,2006-01-07T11:05,NTE,848563345
WVOJQRDP,code,L,70004587,CP,2006-01-07T11:45,2006-01-07T12:50,CDG,848563345
WVOJQRDP,code,L,70004590,CP,2006-01-07T13:35,2006-01-07T14:40,NTE,848563345
WVOJQRDP,code,L,70004593,CP,2006-01-07T16:15,2006-01-07T17:20,CDG,848563345
WVOJQRDP,code,L,70004594,CP,2006-01-07T18:05,2006-01-07T19:10,NTE,848563345
WVOJQRDP,code,L,70004591,CP,2006-01-07T20:00,2006-01-07T21:50,CDG,848563345
VYNPQGGU,code,L,70004588,FO,2006-01-07T09:00,2006-01-07T11:05,NTE,848563345
VYNPQGGU,code,L,70004587,FO,2006-01-07T11:45,2006-01-07T12:50,CDG,848563345
VYNPQGGU,code,L,70004590,FO,2006-01-07T13:35,2006-01-07T14:40,NTE,848563345
VYNPQGGU,code,L,70004593,FO,2006-01-07T16:15,2006-01-07T17:20,CDG,848563345
VYNPQGGU,code,L,70004594,FO,2006-01-07T18:05,2006-01-07T19:10,NTE,848563345
VYNPQGGU,code,L,70004591,FO,2006-01-07T20:00,2006-01-07T21:50,CDG,848563345
PYEMZJSL,code,L,70004588,CS,2006-01-07T09:00,2006-01-07T11:05,NTE,848563345
PYEMZJSL,code,L,70004587,CS,2006-01-07T11:45,2006-01-07T12:50,CDG,848563345
PYEMZJSL,code,L,70004590,CS,2006-01-07T13:35,2006-01-07T14:40,NTE,848563345
PYEMZJSL,code,L,70004593,CS,2006-01-07T16:15,2006-01-07T17:20,CDG,848563345
PYEMZJSL,code,L,70004594,CS,2006-01-07T18:05,2006-01-07T19:10,NTE,848563345
PYEMZJSL,code,L,70004591,CS,2006-01-07T20:00,2006-01-07T21:50,CDG,848563345
UTAXPEPW,code,L,70004588,CS,2006-01-07T09:00,2006-01-07T11:05,NTE,848563345
UTAXPEPW,code,L,70004587,CS,2006-01-07T11:45,2006-01-07T12:50,CDG,848563345
UTAXPEPW,code,L,70004590,CS,2006-01-07T13:35,2006-01-07T14:40,NTE,848563345
UTAXPEPW,code,L,70004593,CS,2006-01-07T16:15,2006-01-07T17:20,CDG,848563345
UTAXPEPW,code,L,70004594,CS,2006-01-07T18:05,2006-01-07T19:10,NTE,848563345
UTAXPEPW,code,L,70004591,CS,2006-01-07T20:00,2006-01-07T21:50,CDG,848563345
RCXGYUDI,code,L,70004588,ST,2006-01-07T09:00,2006-01-07T11:05,NTE,848563345
RCXGYUDI,code,L,70004587,ST,2006-01-07T11:45,2006-01-07T12:50,CDG,848563345
RCXGYUDI,code,L,70004590,ST,2006-01-07T13:35,2006-01-07T14:40,NTE,848563345
RCXGYUDI,code,L,70004593,ST,2006-01-07T16:15,2006-01-07T17:20,CDG,848563345
RCXGYUDI,code,L,70004594,ST,2006-01-07T18:05,2006-01-07T19:10,NTE,848563345
RCXGYUDI,code,L,70004591,ST,2006-01-07T20:00,2006-01-07T21:50,CDG,848563345
YHMGGWKY,code,L,70004588,ST,2006-01-07T09:00,2006-01-07T11:05,NTE,848563345
YHMGGWKY,code,L,70004587,ST,2006-01-07T11:45,2006-01-07T12:50,CDG,848563345
YHMGGWKY,code,L,70004590,ST,2006-01-07T13:35,2006-01-07T14:40,NTE,848563345
YHMGGWKY,code,L,70004593,ST,2006-01-07T16:15,2006-01-07T17:20,CDG,848563345
YHMGGWKY,code,L,70004594,ST,2006-01-07T18:05,2006-01-07T19:10,NTE,848563345
YHMGGWKY,code,L,70004591,ST,2006-01-07T20:00,2006-01-07T21:50,CDG,848563345
OFVQDPEL,code,L,70004588,ST,2006-01-07T09:00,2006-01-07T11:05,NTE,848563345
OFVQDPEL,code,L,70004587,ST,2006-01-07T11:45,2006-01-07T12:50,CDG,848563345
OFVQDPEL,code,L,70004590,ST,2006-01-07T13:35,2006-01-07T14:40,NTE,848563345
OFVQDPEL,code,L,70004593,ST,2006-01-07T16:15,2006-01-07T17:20,CDG,848563345
OFVQDPEL,code,L,70004594,ST,2006-01-07T18:05,2006-01-07T19:10,NTE,848563345
OFVQDPEL,code,L,70004591,ST,2006-01-07T20:00,2006-01-07T21:50,CDG,848563345
KTAIFTKY,code,L,70004588,ST,2006-01-07T09:00,2006-01-07T11:05,NTE,848563345
KTAIFTKY,code,L,70004587,ST,2006-01-07T11:45,2006-01-07T12:50,CDG,848563345
KTAIFTKY,code,L,70004590,ST,2006-01-07T13:35,2006-01-07T14:40,NTE,848563345
KTAIFTKY,code,L,70004593,ST,2006-01-07T16:15,2006-01-07T17:20,CDG,848563345
KTAIFTKY,code,L,70004594,ST,2006-01-07T18:05,2006-01-07T19:10,NTE,848563345
KTAIFTKY,code,L,70004591,ST,2006-01-07T20:00,2006-01-07T21:50,CDG,848563345
ZLSXQYRE,code,L,70004588,ST,2006-01-07T09:00,2006-01-07T11:05,NTE,848563345
ZLSXQYRE,code,L,70004587,ST,2006-01-07T11:45,2006-01-07T12:50,CDG,848563345
ZLSXQYRE,code,L,70004590,ST,2006-01-07T13:35,2006-01-07T14:40,NTE,848563345
ZLSXQYRE,code,L,70004593,ST,2006-01-07T16:15,2006-01-07T17:20,CDG,848563345
ZLSXQYRE,code,L,70004594,ST,2006-01-07T18:05,2006-01-07T19:10,NTE,848563345
ZLSXQYRE,code,L,70004591,ST,2006-01-07T20:00,2006-01-07T21:50,CDG,848563345
VPMSJCWT,code,L,70004588,ST,2006-01-07T09:00,2006-01-07T11:05,NTE,848563345
VPMSJCWT,code,L,70004587,ST,2006-01-07T11:45,2006-01-07T12:50,CDG,848563345
VPMSJCWT,code,L,70004590,ST,2006-01-07T13:35,2006-01-07T14:40,NTE,848563345
VPMSJCWT,code,L,70004593,ST,2006-01-07T16:15,2006-01-07T17:20,CDG,848563345
VPMSJCWT,code,L,70004594,ST,2006-01-07T18:05,2006-01-07T19:10,NTE,848563345
VPMSJCWT,code,L,70004591,ST,2006-01-07T20:00,2006-01-07T21:50,CDG,848563345
EQIWEMWL,code,L,70003074,CP,2006-01-07T09:05,2006-01-07T11:30,NCE,760389092
EQIWEMWL,code,L,70003077,CP,2006-01-07T12:00,2006-01-07T13:20,ORY,760389092
EQIWEMWL,code,L,70003082,CP,2006-01-07T14:05,2006-01-07T15:30,NCE,760389092
EQIWEMWL,code,L,70003085,CP,2006-01-07T16:00,2006-01-07T17:20,ORY,760389092
EQIWEMWL,code,L,70003092,CP,2006-01-07T18:05,2006-01-07T19:30,NCE,760389092
EQIWEMWL,code,L,70003095,CP,2006-01-07T20:00,2006-01-07T22:05,ORY,760389092
UBCQYMWZ,code,L,70003074,FO,2006-01-07T09:05,2006-01-07T11:30,NCE,760389092
UBCQYMWZ,code,L,70003077,FO,2006-01-07T12:00,2006-01-07T13:20,ORY,760389092
UBCQYMWZ,code,L,70003082,FO,2006-01-07T14:05,2006-01-07T15:30,NCE,760389092
UBCQYMWZ,code,L,70003085,FO,2006-01-07T16:00,2006-01-07T17:20,ORY,760389092
UBCQYMWZ,code,L,70003092,FO,2006-01-07T18:05,2006-01-07T19:30,NCE,760389092
UBCQYMWZ,code,L,70003095,FO,2006-01-07T20:00,2006-01-07T22:05,ORY,760389092
FNMSQXOL,code,L,70003074,CS,2006-01-07T09:05,2006-01-07T11:30,NCE,760389092
FNMSQXOL,code,L,70003077,CS,2006-01-07T12:00,2006-01-07T13:20,ORY,760389092
FNMSQXOL,code,L,70003082,CS,2006-01-07T14:05,2006-01-07T15:30,NCE,760389092
FNMSQXOL,code,L,70003085,CS,2006-01-07T16:00,2006-01-07T17:20,ORY,760389092
FNMSQXOL,code,L,70003092,CS,2006-01-07T18:05,2006-01-07T19:30,NCE,760389092
FNMSQXOL,code,L,70003095,CS,2006-01-07T20:00,2006-01-07T22:05,ORY,760389092
WVGGZRNA,code,L,70003074,CS,2006-01-07T09:05,2006-01-07T11:30,NCE,760389092
WVGGZRNA,code,L,70003077,CS,2006-01-07T12:00,2006-01-07T13:20,ORY,760389092
WVGGZRNA,code,L,70003082,CS,2006-01-07T14:05,2006-01-07T15:30,NCE,760389092
WVGGZRNA,code,L,70003085,CS,2006-01-07T16:00,2006-01-07T17:20,ORY,760389092
WVGGZRNA,code,L,70003092,CS,2006-01-07T18:05,2006-01-07T19:30,NCE,760389092
WVGGZRNA,code,L,70003095,CS,2006-01-07T20:00,2006-01-07T22:05,ORY,760389092
MJOIHSCF,code,L,70003074,ST,2006-01-07T09:05,2006-01-07T11:30,NCE,760389092
MJOIHSCF,code,L,70003077,ST,2006-01-07T12:00,2006-01-07T13:20,ORY,760389092
MJOIHSCF,code,L,70003082,ST,2006-01-07T14:05,2006-01-07T15:30,NCE,760389092
MJOIHSCF,code,L,70003085,ST,2006-01-07T16:00,2006-01-07T17:20,ORY,760389092
MJOIHSCF,code,L,70003092,ST,2006-01-07T18:05,2006-01-07T19:30,NCE,760389092
MJOIHSCF,code,L,70003095,ST,2006-01-07T20:00,2006-01-07T22:05,ORY,760389092
XQUABXBI,code,L,70003074,ST,2006-01-07T09:05,2006-01-07T11:30,NCE,760389092
XQUABXBI,code,L,70003077,ST,2006-01-07T12:00,2006-01-07T13:20,ORY,760389092
XQUABXBI,code,L,70003082,ST,2006-01-07T14:05,2006-01-07T15:30,NCE,760389092
XQUABXBI,code,L,70003085,ST,2006-01-07T16:00,2006-01-07T17:20,ORY,760389092
XQUABXBI,code,L,70003092,ST,2006-01-07T18:05,2006-01-07T19:30,NCE,760389092
XQUABXBI,code,L,70003095,ST,2006-01-07T20:00,2006-01-07T22:05,ORY,760389092
OWRCWOIC,code,L,70003074,ST,2006-01-07T09:05,2006-01-07T11:30,NCE,760389092
OWRCWOIC,code,L,70003077,ST,2006-01-07T12:00,2006-01-07T13:20,ORY,760389092
OWRCWOIC,code,L,70003082,ST,2006-01-07T14:05,2006-01-07T15:30,NCE,760389092
OWRCWOIC,code,L,70003085,ST,2006-01-07T16:00,2006-01-07T17:20,ORY,760389092
OWRCWOIC,code,L,70003092,ST,2006-01-07T18:05,2006-01-07T19:30,NCE,760389092
OWRCWOIC,code,L,70003095,ST,2006-01-07T20:00,2006-01-07T22:05,ORY,760389092
DNGLFVXP,code,L,70003074,ST,2006-01-07T09:05,2006-01-07T11:30,NCE,760389092
DNGLFVXP,code,L,70003077,ST,2006-01-07T12:00,2006-01-07T13:20,ORY,760389092
DNGLFVXP,code,L,70003082,ST,2006-01-07T14:05,2006-01-07T15:30,NCE,760389092
DNGLFVXP,code,L,70003085,ST,2006-01-07T16:00,2006-01-07T17:20,ORY,760389092
DNGLFVXP,code,L,70003092,ST,2006-01-07T18:05,2006-01-07T19:30,NCE,760389092
DNGLFVXP,code,L,70003095,ST,2006-01-07T20:00,2006-01-07T22:05,ORY,760389092
VGKROQTJ,code,L,70003074,ST,2006-01-07T09:05,2006-01-07T11:30,NCE,760389092
VGKROQTJ,code,L,70003077,ST,2006-01-07T12:00,2006-01-07T13:20,ORY,760389092
VGKROQTJ,code,L,70003082,ST,2006-01-07T14:05,2006-01-07T15:30,NCE,760389092
VGKROQTJ,code,L,70003085,ST,2006-01-07T16:00,2006-01-07T17:20,ORY,760389092
VGKROQTJ,code,L,70003092,ST,2006-01-07T18:05,2006-01-07T19:30,NCE,760389092
VGKROQTJ,code,L,70003095,ST,2006-01-07T20:00,2006-01-07T22:05,ORY,760389092
VKDYQFAY,code,L,70003074,ST,2006-01-07T09:05,2006-01-07T11:30,NCE,760389092
VKDYQFAY,code,L,70003077,ST,2006-01-07T12:00,2006-01-07T13:20,ORY,760389092
VKDYQFAY,code,L,70003082,ST,2006-01-07T14:05,2006-01-07T15:30,NCE,760389092
VKDYQFAY,code,L,70003085,ST,2006-01-07T16:00,2006-01-07T17:20,ORY,760389092
VKDYQFAY,code,L,70003092,ST,2006-01-07T18:05,2006-01-07T19:30,NCE,760389092
VKDYQFAY,code,L,70003095,ST,2006-01-07T20:00,2006-01-07T22:05,ORY,760389092
SSPHRJQA,code,L,70004366,CP,2006-01-07T09:05,2006-01-07T11:30,TLN,820276643
SSPHRJQA,code,L,70004369,CP,2006-01-07T12:30,2006-01-07T13:50,ORY,820276643
SSPHRJQA,code,L,70004370,CP,2006-01-07T14:40,2006-01-07T16:05,TLN,820276643
SSPHRJQA,code,L,70004371,CP,2006-01-07T17:55,2006-01-07T20:00,ORY,820276643
DJRXOGJB,code,L,70004366,FO,2006-01-07T09:05,2006-01-07T11:30,TLN,820276643
DJRXOGJB,code,L,70004369,FO,2006-01-07T12:30,2006-01-07T13:50,ORY,820276643
DJRXOGJB,code,L,70004370,FO,2006-01-07T14:40,2006-01-07T16:05,TLN,820276643
DJRXOGJB,code,L,70004371,FO,2006-01-07T17:55,2006-01-07T20:00,ORY,820276643
HHRWAPVL,code,L,70004366,CS,2006-01-07T09:05,2006-01-07T11:30,TLN,820276643
HHRWAPVL,code,L,70004369,CS,2006-01-07T12:30,2006-01-07T13:50,ORY,820276643
HHRWAPVL,code,L,70004370,CS,2006-01-07T14:40,2006-01-07T16:05,TLN,820276643
HHRWAPVL,code,L,70004371,CS,2006-01-07T17:55,2006-01-07T20:00,ORY,820276643
NIQPEQIX,code,L,70004366,CS,2006-01-07T09:05,2006-01-07T11:30,TLN,820276643
NIQPEQIX,code,L,70004369,CS,2006-01-07T12:30,2006-01-07T13:50,ORY,820276643
NIQPEQIX,code,L,70004370,CS,2006-01-07T14:40,2006-01-07T16:05,TLN,820276643
NIQPEQIX,code,L,70004371,CS,2006-01-07T17:55,2006-01-07T20:00,ORY,820276643
VWDXQWGZ,code,L,70004366,ST,2006-01-07T09:05,2006-01-07T11:30,TLN,820276643
VWDXQWGZ,code,L,70004369,ST,2006-01-07T12:30,2006-01-07T13:50,ORY,820276643
VWDXQWGZ,code,L,70004370,ST,2006-01-07T14:40,2006-01-07T16:05,TLN,820276643
VWDXQWGZ,code,L,70004371,ST,2006-01-07T17:55,2006-01-07T20:00,ORY,820276643
SDVHTNYS,code,L,70004366,ST,2006-01-07T09:05,2006-01-07T11:30,TLN,820276643
SDVHTNYS,code,L,70004369,ST,2006-01-07T12:30,2006-01-07T13:50,ORY,820276643
SDVHTNYS,code,L,70004370,ST,2006-01-07T14:40,2006-01-07T16:05,TLN,820276643
SDVHTNYS,code,L,70004371,ST,2006-01-07T17:55,2006-01-07T20:00,ORY,820276643
IYZQAHBC,code,L,70004366,ST,2006-01-07T09:05,2006-01-07T11:30,TLN,820276643
IYZQAHBC,code,L,70004369,ST,2006-01-07T12:30,2006-01-07T13:50,ORY,820276643
IYZQAHBC,code,L,70004370,ST,2006-01-07T14:40,2006-01-07T16:05,TLN,820276643
IYZQAHBC,code,L,70004371,ST,2006-01-07T17:55,2006-01-07T20:00,ORY,820276643
BDSGWCZW,code,L,70004366,ST,2006-01-07T09:05,2006-01-07T11:30,TLN,820276643
BDSGWCZW,code,L,70004369,ST,2006-01-07T12:30,2006-01-07T13:50,ORY,820276643
BDSGWCZW,code,L,70004370,ST,2006-01-07T14:40,2006-01-07T16:05,TLN,820276643
BDSGWCZW,code,L,70004371,ST,2006-01-07T17:55,2006-01-07T20:00,ORY,820276643
VCDXAPIZ,code,L,70004366,ST,2006-01-07T09:05,2006-01-07T11:30,TLN,820276643
VCDXAPIZ,code,L,70004369,ST,2006-01-07T12:30,2006-01-07T13:50,ORY,820276643
VCDXAPIZ,code,L,70004370,ST,2006-01-07T14:40,2006-01-07T16:05,TLN,820276643
VCDXAPIZ,code,L,70004371,ST,2006-01-07T17:55,2006-01-07T20:00,ORY,820276643
MDIQEWYD,code,L,70004366,ST,2006-01-07T09:05,2006-01-07T11:30,TLN,820276643
MDIQEWYD,code,L,70004369,ST,2006-01-07T12:30,2006-01-07T13:50,ORY,820276643
MDIQEWYD,code,L,70004370,ST,2006-01-07T14:40,2006-01-07T16:05,TLN,820276643
MDIQEWYD,code,L,70004371,ST,2006-01-07T17:55,2006-01-07T20:00,ORY,820276643
YRQNOPYH,code,L,70004228,CP,2006-01-07T09:05,2006-01-07T11:20,BES,1450422331
YRQNOPYH,code,L,70004239,CP,2006-01-07T14:40,2006-01-07T15:50,ORY,1450422331
YRQNOPYH,code,L,70004238,CP,2006-01-07T16:35,2006-01-07T17:50,BES,1450422331
YRQNOPYH,code,L,70004237,CP,2006-01-07T20:20,2006-01-07T22:15,ORY,1450422331
BGRDHPZA,code,L,70004228,FO,2006-01-07T09:05,2006-01-07T11:20,BES,1450422331
BGRDHPZA,code,L,70004239,FO,2006-01-07T14:40,2006-01-07T15:50,ORY,1450422331
BGRDHPZA,code,L,70004238,FO,2006-01-07T16:35,2006-01-07T17:50,BES,1450422331
BGRDHPZA,code,L,70004237,FO,2006-01-07T20:20,2006-01-07T22:15,ORY,1450422331
OMMSYSZQ,code,L,70004228,CS,2006-01-07T09:05,2006-01-07T11:20,BES,1450422331
OMMSYSZQ,code,L,70004239,CS,2006-01-07T14:40,2006-01-07T15:50,ORY,1450422331
OMMSYSZQ,code,L,70004238,CS,2006-01-07T16:35,2006-01-07T17:50,BES,1450422331
OMMSYSZQ,code,L,70004237,CS,2006-01-07T20:20,2006-01-07T22:15,ORY,1450422331
DTGIBMOX,code,L,70004228,CS,2006-01-07T09:05,2006-01-07T11:20,BES,1450422331
DTGIBMOX,code,L,70004239,CS,2006-01-07T14:40,2006-01-07T15:50,ORY,1450422331
DTGIBMOX,code,L,70004238,CS,2006-01-07T16:35,2006-01-07T17:50,BES,1450422331
DTGIBMOX,code,L,70004237,CS,2006-01-07T20:20,2006-01-07T22:15,ORY,1450422331
VITDFAAM,code,L,70004228,ST,2006-01-07T09:05,2006-01-07T11:20,BES,1450422331
VITDFAAM,code,L,70004239,ST,2006-01-07T14:40,2006-01-07T15:50,ORY,1450422331
VITDFAAM,code,L,70004238,ST,2006-01-07T16:35,2006-01-07T17:50,BES,1450422331
VITDFAAM,code,L,70004237,ST,2006-01-07T20:20,2006-01-07T22:15,ORY,1450422331
CDGYQRWJ,code,L,70004228,ST,2006-01-07T09:05,2006-01-07T11:20,BES,1450422331
CDGYQRWJ,code,L,70004239,ST,2006-01-07T14:40,2006-01-07T15:50,ORY,1450422331
CDGYQRWJ,code,L,70004238,ST,2006-01-07T16:35,2006-01-07T17:50,BES,1450422331
CDGYQRWJ,code,L,70004237,ST,2006-01-07T20:20,2006-01-07T22:15,ORY,1450422331
HUWPPHUP,code,L,70004228,ST,2006-01-07T09:05,2006-01-07T11:20,BES,1450422331
HUWPPHUP,code,L,70004239,ST,2006-01-07T14:40,2006-01-07T15:50,ORY,1450422331
HUWPPHUP,code,L,70004238,ST,2006-01-07T16:35,2006-01-07T17:50,BES,1450422331
HUWPPHUP,code,L,70004237,ST,2006-01-07T20:20,2006-01-07T22:15,ORY,1450422331
AKQHOXMV,code,L,70004228,ST,2006-01-07T09:05,2006-01-07T11:20,BES,1450422331
AKQHOXMV,code,L,70004239,ST,2006-01-07T14:40,2006-01-07T15:50,ORY,1450422331
AKQHOXMV,code,L,70004238,ST,2006-01-07T16:35,2006-01-07T17:50,BES,1450422331
AKQHOXMV,code,L,70004237,ST,2006-01-07T20:20,2006-01-07T22:15,ORY,1450422331
RCRKOIXH,code,L,70004228,ST,2006-01-07T09:05,2006-01-07T11:20,BES,1450422331
RCRKOIXH,code,L,70004239,ST,2006-01-07T14:40,2006-01-07T15:50,ORY,1450422331
RCRKOIXH,code,L,70004238,ST,2006-01-07T16:35,2006-01-07T17:50,BES,1450422331
RCRKOIXH,code,L,70004237,ST,2006-01-07T20:20,2006-01-07T22:15,ORY,1450422331
LOEYXGVT,code,L,70004228,ST,2006-01-07T09:05,2006-01-07T11:20,BES,1450422331
LOEYXGVT,code,L,70004239,ST,2006-01-07T14:40,2006-01-07T15:50,ORY,1450422331
LOEYXGVT,code,L,70004238,ST,2006-01-07T16:35,2006-01-07T17:50,BES,1450422331
LOEYXGVT,code,L,70004237,ST,2006-01-07T20:20,2006-01-07T22:15,ORY,1450422331
LIXRHWUE,code,L,70004200,CP,2006-01-07T09:05,2006-01-07T11:15,MLH,472931517
LIXRHWUE,code,L,70004197,CP,2006-01-07T12:10,2006-01-07T13:10,ORY,472931517
LIXRHWUE,code,L,70004202,CP,2006-01-07T13:55,2006-01-07T15:05,MLH,472931517
LIXRHWUE,code,L,70004203,CP,2006-01-07T18:45,2006-01-07T20:30,ORY,472931517
XNNGYLZA,code,L,70004200,FO,2006-01-07T09:05,2006-01-07T11:15,MLH,472931517
XNNGYLZA,code,L,70004197,FO,2006-01-07T12:10,2006-01-07T13:10,ORY,472931517
XNNGYLZA,code,L,70004202,FO,2006-01-07T13:55,2006-01-07T15:05,MLH,472931517
XNNGYLZA,code,L,70004203,FO,2006-01-07T18:45,2006-01-07T20:30,ORY,472931517
GHNSZAIN,code,L,70004200,CS,2006-01-07T09:05,2006-01-07T11:15,MLH,472931517
GHNSZAIN,code,L,70004197,CS,2006-01-07T12:10,2006-01-07T13:10,ORY,472931517
GHNSZAIN,code,L,70004202,CS,2006-01-07T13:55,2006-01-07T15:05,MLH,472931517
GHNSZAIN,code,L,70004203,CS,2006-01-07T18:45,2006-01-07T20:30,ORY,472931517
JBZMDOED,code,L,70004200,CS,2006-01-07T09:05,2006-01-07T11:15,MLH,472931517
JBZMDOED,code,L,70004197,CS,2006-01-07T12:10,2006-01-07T13:10,ORY,472931517
JBZMDOED,code,L,70004202,CS,2006-01-07T13:55,2006-01-07T15:05,MLH,472931517
JBZMDOED,code,L,70004203,CS,2006-01-07T18:45,2006-01-07T20:30,ORY,472931517
NGOTDTRV,code,L,70004200,ST,2006-01-07T09:05,2006-01-07T11:15,MLH,472931517
NGOTDTRV,code,L,70004197,ST,2006-01-07T12:10,2006-01-07T13:10,ORY,472931517
NGOTDTRV,code,L,70004202,ST,2006-01-07T13:55,2006-01-07T15:05,MLH,472931517
NGOTDTRV,code,L,70004203,ST,2006-01-07T18:45,2006-01-07T20:30,ORY,472931517
VONAWEKH,code,L,70004200,ST,2006-01-07T09:05,2006-01-07T11:15,MLH,472931517
VONAWEKH,code,L,70004197,ST,2006-01-07T12:10,2006-01-07T13:10,ORY,472931517
VONAWEKH,code,L,70004202,ST,2006-01-07T13:55,2006-01-07T15:05,MLH,472931517
VONAWEKH,code,L,70004203,ST,2006-01-07T18:45,2006-01-07T20:30,ORY,472931517
TZSIINBK,code,L,70004200,ST,2006-01-07T09:05,2006-01-07T11:15,MLH,472931517
TZSIINBK,code,L,70004197,ST,2006-01-07T12:10,2006-01-07T13:10,ORY,472931517
TZSIINBK,code,L,70004202,ST,2006-01-07T13:55,2006-01-07T15:05,MLH,472931517
TZSIINBK,code,L,70004203,ST,2006-01-07T18:45,2006-01-07T20:30,ORY,472931517
WJQFWCIJ,code,L,70004200,ST,2006-01-07T09:05,2006-01-07T11:15,MLH,472931517
WJQFWCIJ,code,L,70004197,ST,2006-01-07T12:10,2006-01-07T13:10,ORY,472931517
WJQFWCIJ,code,L,70004202,ST,2006-01-07T13:55,2006-01-07T15:05,MLH,472931517
WJQFWCIJ,code,L,70004203,ST,2006-01-07T18:45,2006-01-07T20:30,ORY,472931517
GSLLHPAK,code,L,70004200,ST,2006-01-07T09:05,2006-01-07T11:15,MLH,472931517
GSLLHPAK,code,L,70004197,ST,2006-01-07T12:10,2006-01-07T13:10,ORY,472931517
GSLLHPAK,code,L,70004202,ST,2006-01-07T13:55,2006-01-07T15:05,MLH,472931517
GSLLHPAK,code,L,70004203,ST,2006-01-07T18:45,2006-01-07T20:30,ORY,472931517
AIAUOOUL,code,L,70004200,ST,2006-01-07T09:05,2006-01-07T11:15,MLH,472931517
AIAUOOUL,code,L,70004197,ST,2006-01-07T12:10,2006-01-07T13:10,ORY,472931517
AIAUOOUL,code,L,70004202,ST,2006-01-07T13:55,2006-01-07T15:05,MLH,472931517
AIAUOOUL,code,L,70004203,ST,2006-01-07T18:45,2006-01-07T20:30,ORY,472931517
XHQPQXBZ,code,L,70003124,CP,2006-01-07T09:05,2006-01-07T11:15,BOD,1903227280
XHQPQXBZ,code,L,70003123,CP,2006-01-07T12:10,2006-01-07T13:15,ORY,1903227280
XHQPQXBZ,code,L,70003128,CP,2006-01-07T14:05,2006-01-07T15:15,BOD,1903227280
XHQPQXBZ,code,L,70003131,CP,2006-01-07T17:25,2006-01-07T19:15,ORY,1903227280
JRKDDYNU,code,L,70003124,FO,2006-01-07T09:05,2006-01-07T11:15,BOD,1903227280
JRKDDYNU,code,L,70003123,FO,2006-01-07T12:10,2006-01-07T13:15,ORY,1903227280
JRKDDYNU,code,L,70003128,FO,2006-01-07T14:05,2006-01-07T15:15,BOD,1903227280
JRKDDYNU,code,L,70003131,FO,2006-01-07T17:25,2006-01-07T19:15,ORY,1903227280
HWQOPHNA,code,L,70003124,CS,2006-01-07T09:05,2006-01-07T11:15,BOD,1903227280
HWQOPHNA,code,L,70003123,CS,2006-01-07T12:10,2006-01-07T13:15,ORY,1903227280
HWQOPHNA,code,L,70003128,CS,2006-01-07T14:05,2006-01-07T15:15,BOD,1903227280
HWQOPHNA,code,L,70003131,CS,2006-01-07T17:25,2006-01-07T19:15,ORY,1903227280
BTKLWQOK,code,L,70003124,CS,2006-01-07T09:05,2006-01-07T11:15,BOD,1903227280
BTKLWQOK,code,L,70003123,CS,2006-01-07T12:10,2006-01-07T13:15,ORY,1903227280
BTKLWQOK,code,L,70003128,CS,2006-01-07T14:05,2006-01-07T15:15,BOD,1903227280
BTKLWQOK,code,L,70003131,CS,2006-01-07T17:25,2006-01-07T19:15,ORY,1903227280
WZJHBELM,code,L,70003124,ST,2006-01-07T09:05,2006-01-07T11:15,BOD,1903227280
WZJHBELM,code,L,70003123,ST,2006-01-07T12:10,2006-01-07T13:15,ORY,1903227280
WZJHBELM,code,L,70003128,ST,2006-01-07T14:05,2006-01-07T15:15,BOD,1903227280
WZJHBELM,code,L,70003131,ST,2006-01-07T17:25,2006-01-07T19:15,ORY,1903227280
KSBLNZVH,code,L,70003124,ST,2006-01-07T09:05,2006-01-07T11:15,BOD,1903227280
KSBLNZVH,code,L,70003123,ST,2006-01-07T12:10,2006-01-07T13:15,ORY,1903227280
KSBLNZVH,code,L,70003128,ST,2006-01-07T14:05,2006-01-07T15:15,BOD,1903227280
KSBLNZVH,code,L,70003131,ST,2006-01-07T17:25,2006-01-07T19:15,ORY,1903227280
QVUAMWMG,code,L,70003124,ST,2006-01-07T09:05,2006-01-07T11:15,BOD,1903227280
QVUAMWMG,code,L,70003123,ST,2006-01-07T12:10,2006-01-07T13:15,ORY,1903227280
QVUAMWMG,code,L,70003128,ST,2006-01-07T14:05,2006-01-07T15:15,BOD,1903227280
QVUAMWMG,code,L,70003131,ST,2006-01-07T17:25,2006-01-07T19:15,ORY,1903227280
UVMYFRPA,code,L,70003124,ST,2006-01-07T09:05,2006-01-07T11:15,BOD,1903227280
UVMYFRPA,code,L,70003123,ST,2006-01-07T12:10,2006-01-07T13:15,ORY,1903227280
UVMYFRPA,code,L,70003128,ST,2006-01-07T14:05,2006-01-07T15:15,BOD,1903227280
UVMYFRPA,code,L,70003131,ST,2006-01-07T17:25,2006-01-07T19:15,ORY,1903227280
TMLVFTVA,code,L,70003124,ST,2006-01-07T09:05,2006-01-07T11:15,BOD,1903227280
TMLVFTVA,code,L,70003123,ST,2006-01-07T12:10,2006-01-07T13:15,ORY,1903227280
TMLVFTVA,code,L,70003128,ST,2006-01-07T14:05,2006-01-07T15:15,BOD,1903227280
TMLVFTVA,code,L,70003131,ST,2006-01-07T17:25,2006-01-07T19:15,ORY,1903227280
XXTIDWIA,code,L,70003124,ST,2006-01-07T09:05,2006-01-07T11:15,BOD,1903227280
XXTIDWIA,code,L,70003123,ST,2006-01-07T12:10,2006-01-07T13:15,ORY,1903227280
XXTIDWIA,code,L,70003128,ST,2006-01-07T14:05,2006-01-07T15:15,BOD,1903227280
XXTIDWIA,code,L,70003131,ST,2006-01-07T17:25,2006-01-07T19:15,ORY,1903227280
KHGUQMDN,code,L,70004320,CP,2006-01-07T09:10,2006-01-07T11:30,PUF,607156385
KHGUQMDN,code,L,70004317,CP,2006-01-07T12:05,2006-01-07T13:20,ORY,607156385
KHGUQMDN,code,L,70004322,CP,2006-01-07T14:10,2006-01-07T15:30,PUF,607156385
KHGUQMDN,code,L,70004319,CP,2006-01-07T16:20,2006-01-07T17:35,ORY,607156385
KHGUQMDN,code,L,70004324,CP,2006-01-07T18:30,2006-01-07T19:50,PUF,607156385
KHGUQMDN,code,L,70004321,CP,2006-01-07T20:25,2006-01-07T22:25,ORY,607156385
UUISSWWI,code,L,70004320,FO,2006-01-07T09:10,2006-01-07T11:30,PUF,607156385
UUISSWWI,code,L,70004317,FO,2006-01-07T12:05,2006-01-07T13:20,ORY,607156385
UUISSWWI,code,L,70004322,FO,2006-01-07T14:10,2006-01-07T15:30,PUF,607156385
UUISSWWI,code,L,70004319,FO,2006-01-07T16:20,2006-01-07T17:35,ORY,607156385
UUISSWWI,code,L,70004324,FO,2006-01-07T18:30,2006-01-07T19:50,PUF,607156385
UUISSWWI,code,L,70004321,FO,2006-01-07T20:25,2006-01-07T22:25,ORY,607156385
IJYAREMF,code,L,70004320,CS,2006-01-07T09:10,2006-01-07T11:30,PUF,607156385
IJYAREMF,code,L,70004317,CS,2006-01-07T12:05,2006-01-07T13:20,ORY,607156385
IJYAREMF,code,L,70004322,CS,2006-01-07T14:10,2006-01-07T15:30,PUF,607156385
IJYAREMF,code,L,70004319,CS,2006-01-07T16:20,2006-01-07T17:35,ORY,607156385
IJYAREMF,code,L,70004324,CS,2006-01-07T18:30,2006-01-07T19:50,PUF,607156385
IJYAREMF,code,L,70004321,CS,2006-01-07T20:25,2006-01-07T22:25,ORY,607156385
HJEDSLFG,code,L,70004320,CS,2006-01-07T09:10,2006-01-07T11:30,PUF,607156385
HJEDSLFG,code,L,70004317,CS,2006-01-07T12:05,2006-01-07T13:20,ORY,607156385
HJEDSLFG,code,L,70004322,CS,2006-01-07T14:10,2006-01-07T15:30,PUF,607156385
HJEDSLFG,code,L,70004319,CS,2006-01-07T16:20,2006-01-07T17:35,ORY,607156385
HJEDSLFG,code,L,70004324,CS,2006-01-07T18:30,2006-01-07T19:50,PUF,607156385
HJEDSLFG,code,L,70004321,CS,2006-01-07T20:25,2006-01-07T22:25,ORY,607156385
YIJIPLMI,code,L,70004320,ST,2006-01-07T09:10,2006-01-07T11:30,PUF,607156385
YIJIPLMI,code,L,70004317,ST,2006-01-07T12:05,2006-01-07T13:20,ORY,607156385
YIJIPLMI,code,L,70004322,ST,2006-01-07T14:10,2006-01-07T15:30,PUF,607156385
YIJIPLMI,code,L,70004319,ST,2006-01-07T16:20,2006-01-07T17:35,ORY,607156385
YIJIPLMI,code,L,70004324,ST,2006-01-07T18:30,2006-01-07T19:50,PUF,607156385
YIJIPLMI,code,L,70004321,ST,2006-01-07T20:25,2006-01-07T22:25,ORY,607156385
KLDIYDEH,code,L,70004320,ST,2006-01-07T09:10,2006-01-07T11:30,PUF,607156385
KLDIYDEH,code,L,70004317,ST,2006-01-07T12:05,2006-01-07T13:20,ORY,607156385
KLDIYDEH,code,L,70004322,ST,2006-01-07T14:10,2006-01-07T15:30,PUF,607156385
KLDIYDEH,code,L,70004319,ST,2006-01-07T16:20,2006-01-07T17:35,ORY,607156385
KLDIYDEH,code,L,70004324,ST,2006-01-07T18:30,2006-01-07T19:50,PUF,607156385
KLDIYDEH,code,L,70004321,ST,2006-01-07T20:25,2006-01-07T22:25,ORY,607156385
UXLPQAFX,code,L,70004320,ST,2006-01-07T09:10,2006-01-07T11:30,PUF,607156385
UXLPQAFX,code,L,70004317,ST,2006-01-07T12:05,2006-01-07T13:20,ORY,607156385
UXLPQAFX,code,L,70004322,ST,2006-01-07T14:10,2006-01-07T15:30,PUF,607156385
UXLPQAFX,code,L,70004319,ST,2006-01-07T16:20,2006-01-07T17:35,ORY,607156385
UXLPQAFX,code,L,70004324,ST,2006-01-07T18:30,2006-01-07T19:50,PUF,607156385
UXLPQAFX,code,L,70004321,ST,2006-01-07T20:25,2006-01-07T22:25,ORY,607156385
BZDCFNZW,code,L,70004320,ST,2006-01-07T09:10,2006-01-07T11:30,PUF,607156385
BZDCFNZW,code,L,70004317,ST,2006-01-07T12:05,2006-01-07T13:20,ORY,607156385
BZDCFNZW,code,L,70004322,ST,2006-01-07T14:10,2006-01-07T15:30,PUF,607156385
BZDCFNZW,code,L,70004319,ST,2006-01-07T16:20,2006-01-07T17:35,ORY,607156385
BZDCFNZW,code,L,70004324,ST,2006-01-07T18:30,2006-01-07T19:50,PUF,607156385
BZDCFNZW,code,L,70004321,ST,2006-01-07T20:25,2006-01-07T22:25,ORY,607156385
AUFISWWA,code,L,70004320,ST,2006-01-07T09:10,2006-01-07T11:30,PUF,607156385
AUFISWWA,code,L,70004317,ST,2006-01-07T12:05,2006-01-07T13:20,ORY,607156385
AUFISWWA,code,L,70004322,ST,2006-01-07T14:10,2006-01-07T15:30,PUF,607156385
AUFISWWA,code,L,70004319,ST,2006-01-07T16:20,2006-01-07T17:35,ORY,607156385
AUFISWWA,code,L,70004324,ST,2006-01-07T18:30,2006-01-07T19:50,PUF,607156385
AUFISWWA,code,L,70004321,ST,2006-01-07T20:25,2006-01-07T22:25,ORY,607156385
HBQQPOEY,code,L,70004320,ST,2006-01-07T09:10,2006-01-07T11:30,PUF,607156385
HBQQPOEY,code,L,70004317,ST,2006-01-07T12:05,2006-01-07T13:20,ORY,607156385
HBQQPOEY,code,L,70004322,ST,2006-01-07T14:10,2006-01-07T15:30,PUF,607156385
HBQQPOEY,code,L,70004319,ST,2006-01-07T16:20,2006-01-07T17:35,ORY,607156385
HBQQPOEY,code,L,70004324,ST,2006-01-07T18:30,2006-01-07T19:50,PUF,607156385
HBQQPOEY,code,L,70004321,ST,2006-01-07T20:25,2006-01-07T22:25,ORY,607156385
DYVWBNKC,code,L,70004725,CP,2006-01-07T09:10,2006-01-07T11:25,NTE,1056745520
DYVWBNKC,code,L,70004705,CP,2006-01-07T15:00,2006-01-07T16:05,LYS,1056745520
DYVWBNKC,code,L,70004706,CP,2006-01-07T16:55,2006-01-07T17:55,TLS,1056745520
DYVWBNKC,code,L,70004730,CP,2006-01-07T18:45,2006-01-07T20:45,LYS,1056745520
RYZQDXWR,code,L,70004725,FO,2006-01-07T09:10,2006-01-07T11:25,NTE,1056745520
RYZQDXWR,code,L,70004705,FO,2006-01-07T15:00,2006-01-07T16:05,LYS,1056745520
RYZQDXWR,code,L,70004706,FO,2006-01-07T16:55,2006-01-07T17:55,TLS,1056745520
RYZQDXWR,code,L,70004730,FO,2006-01-07T18:45,2006-01-07T20:45,LYS,1056745520
UANVLKQQ,code,L,70004725,CS,2006-01-07T09:10,2006-01-07T11:25,NTE,1056745520
UANVLKQQ,code,L,70004705,CS,2006-01-07T15:00,2006-01-07T16:05,LYS,1056745520
UANVLKQQ,code,L,70004706,CS,2006-01-07T16:55,2006-01-07T17:55,TLS,1056745520
UANVLKQQ,code,L,70004730,CS,2006-01-07T18:45,2006-01-07T20:45,LYS,1056745520
HFREZOOM,code,L,70004725,CS,2006-01-07T09:10,2006-01-07T11:25,NTE,1056745520
HFREZOOM,code,L,70004705,CS,2006-01-07T15:00,2006-01-07T16:05,LYS,1056745520
HFREZOOM,code,L,70004706,CS,2006-01-07T16:55,2006-01-07T17:55,TLS,1056745520
HFREZOOM,code,L,70004730,CS,2006-01-07T18:45,2006-01-07T20:45,LYS,1056745520
JOBGIQMX,code,L,70004725,ST,2006-01-07T09:10,2006-01-07T11:25,NTE,1056745520
JOBGIQMX,code,L,70004705,ST,2006-01-07T15:00,2006-01-07T16:05,LYS,1056745520
JOBGIQMX,code,L,70004706,ST,2006-01-07T16:55,2006-01-07T17:55,TLS,1056745520
JOBGIQMX,code,L,70004730,ST,2006-01-07T18:45,2006-01-07T20:45,LYS,1056745520
MOZNYURZ,code,L,70004725,ST,2006-01-07T09:10,2006-01-07T11:25,NTE,1056745520
MOZNYURZ,code,L,70004705,ST,2006-01-07T15:00,2006-01-07T16:05,LYS,1056745520
MOZNYURZ,code,L,70004706,ST,2006-01-07T16:55,2006-01-07T17:55,TLS,1056745520
MOZNYURZ,code,L,70004730,ST,2006-01-07T18:45,2006-01-07T20:45,LYS,1056745520
VXNUAHPT,code,L,70004725,ST,2006-01-07T09:10,2006-01-07T11:25,NTE,1056745520
VXNUAHPT,code,L,70004705,ST,2006-01-07T15:00,2006-01-07T16:05,LYS,1056745520
VXNUAHPT,code,L,70004706,ST,2006-01-07T16:55,2006-01-07T17:55,TLS,1056745520
VXNUAHPT,code,L,70004730,ST,2006-01-07T18:45,2006-01-07T20:45,LYS,1056745520
RLXDCVBG,code,L,70004725,ST,2006-01-07T09:10,2006-01-07T11:25,NTE,1056745520
RLXDCVBG,code,L,70004705,ST,2006-01-07T15:00,2006-01-07T16:05,LYS,1056745520
RLXDCVBG,code,L,70004706,ST,2006-01-07T16:55,2006-01-07T17:55,TLS,1056745520
RLXDCVBG,code,L,70004730,ST,2006-01-07T18:45,2006-01-07T20:45,LYS,1056745520
QOFABIDD,code,L,70004725,ST,2006-01-07T09:10,2006-01-07T11:25,NTE,1056745520
QOFABIDD,code,L,70004705,ST,2006-01-07T15:00,2006-01-07T16:05,LYS,1056745520
QOFABIDD,code,L,70004706,ST,2006-01-07T16:55,2006-01-07T17:55,TLS,1056745520
QOFABIDD,code,L,70004730,ST,2006-01-07T18:45,2006-01-07T20:45,LYS,1056745520
JFVBSQSA,code,L,70004725,ST,2006-01-07T09:10,2006-01-07T11:25,NTE,1056745520
JFVBSQSA,code,L,70004705,ST,2006-01-07T15:00,2006-01-07T16:05,LYS,1056745520
JFVBSQSA,code,L,70004706,ST,2006-01-07T16:55,2006-01-07T17:55,TLS,1056745520
JFVBSQSA,code,L,70004730,ST,2006-01-07T18:45,2006-01-07T20:45,LYS,1056745520
ZAEFOTSJ,code,L,70002886,CP,2006-01-07T09:30,2006-01-07T11:50,MRS,669806174
ZAEFOTSJ,code,L,70002919,CP,2006-01-07T12:35,2006-01-07T13:50,ORY,669806174
ZAEFOTSJ,code,L,70002896,CP,2006-01-07T14:30,2006-01-07T15:50,MRS,669806174
ZAEFOTSJ,code,L,70002899,CP,2006-01-07T16:35,2006-01-07T18:35,ORY,669806174
NQYSDCXA,code,L,70002886,FO,2006-01-07T09:30,2006-01-07T11:50,MRS,669806174
NQYSDCXA,code,L,70002919,FO,2006-01-07T12:35,2006-01-07T13:50,ORY,669806174
NQYSDCXA,code,L,70002896,FO,2006-01-07T14:30,2006-01-07T15:50,MRS,669806174
NQYSDCXA,code,L,70002899,FO,2006-01-07T16:35,2006-01-07T18:35,ORY,669806174
YJYPHNBT,code,L,70002886,CS,2006-01-07T09:30,2006-01-07T11:50,MRS,669806174
YJYPHNBT,code,L,70002919,CS,2006-01-07T12:35,2006-01-07T13:50,ORY,669806174
YJYPHNBT,code,L,70002896,CS,2006-01-07T14:30,2006-01-07T15:50,MRS,669806174
YJYPHNBT,code,L,70002899,CS,2006-01-07T16:35,2006-01-07T18:35,ORY,669806174
QJKFPGDY,code,L,70002886,CS,2006-01-07T09:30,2006-01-07T11:50,MRS,669806174
QJKFPGDY,code,L,70002919,CS,2006-01-07T12:35,2006-01-07T13:50,ORY,669806174
QJKFPGDY,code,L,70002896,CS,2006-01-07T14:30,2006-01-07T15:50,MRS,669806174
QJKFPGDY,code,L,70002899,CS,2006-01-07T16:35,2006-01-07T18:35,ORY,669806174
WEQIMKDP,code,L,70002886,ST,2006-01-07T09:30,2006-01-07T11:50,MRS,669806174
WEQIMKDP,code,L,70002919,ST,2006-01-07T12:35,2006-01-07T13:50,ORY,669806174
WEQIMKDP,code,L,70002896,ST,2006-01-07T14:30,2006-01-07T15:50,MRS,669806174
WEQIMKDP,code,L,70002899,ST,2006-01-07T16:35,2006-01-07T18:35,ORY,669806174
CGOJCZBC,code,L,70002886,ST,2006-01-07T09:30,2006-01-07T11:50,MRS,669806174
CGOJCZBC,code,L,70002919,ST,2006-01-07T12:35,2006-01-07T13:50,ORY,669806174
CGOJCZBC,code,L,70002896,ST,2006-01-07T14:30,2006-01-07T15:50,MRS,669806174
CGOJCZBC,code,L,70002899,ST,2006-01-07T16:35,2006-01-07T18:35,ORY,669806174
HMTBKHYK,code,L,70002886,ST,2006-01-07T09:30,2006-01-07T11:50,MRS,669806174
HMTBKHYK,code,L,70002919,ST,2006-01-07T12:35,2006-01-07T13:50,ORY,669806174
HMTBKHYK,code,L,70002896,ST,2006-01-07T14:30,2006-01-07T15:50,MRS,669806174
HMTBKHYK,code,L,70002899,ST,2006-01-07T16:35,2006-01-07T18:35,ORY,669806174
SRQQLQZJ,code,L,70002886,ST,2006-01-07T09:30,2006-01-07T11:50,MRS,669806174
SRQQLQZJ,code,L,70002919,ST,2006-01-07T12:35,2006-01-07T13:50,ORY,669806174
SRQQLQZJ,code,L,70002896,ST,2006-01-07T14:30,2006-01-07T15:50,MRS,669806174
SRQQLQZJ,code,L,70002899,ST,2006-01-07T16:35,2006-01-07T18:35,ORY,669806174
XKYYZXVX,code,L,70002886,ST,2006-01-07T09:30,2006-01-07T11:50,MRS,669806174
XKYYZXVX,code,L,70002919,ST,2006-01-07T12:35,2006-01-07T13:50,ORY,669806174
XKYYZXVX,code,L,70002896,ST,2006-01-07T14:30,2006-01-07T15:50,MRS,669806174
XKYYZXVX,code,L,70002899,ST,2006-01-07T16:35,2006-01-07T18:35,ORY,669806174
SGUCPAIH,code,L,70002886,ST,2006-01-07T09:30,2006-01-07T11:50,MRS,669806174
SGUCPAIH,code,L,70002919,ST,2006-01-07T12:35,2006-01-07T13:50,ORY,669806174
SGUCPAIH,code,L,70002896,ST,2006-01-07T14:30,2006-01-07T15:50,MRS,669806174
SGUCPAIH,code,L,70002899,ST,2006-01-07T16:35,2006-01-07T18:35,ORY,669806174
VXBXOKSD,code,L,70004624,CP,2006-01-07T09:30,2006-01-07T11:40,SXB,147048153
VXBXOKSD,code,L,70004627,CP,2006-01-07T13:10,2006-01-07T14:20,CDG,147048153
VXBXOKSD,code,L,70004628,CP,2006-01-07T15:15,2006-01-07T16:25,SXB,147048153
VXBXOKSD,code,L,70004631,CP,2006-01-07T17:45,2006-01-07T19:35,CDG,147048153
VGOMLINK,code,L,70004624,FO,2006-01-07T09:30,2006-01-07T11:40,SXB,147048153
VGOMLINK,code,L,70004627,FO,2006-01-07T13:10,2006-01-07T14:20,CDG,147048153
VGOMLINK,code,L,70004628,FO,2006-01-07T15:15,2006-01-07T16:25,SXB,147048153
VGOMLINK,code,L,70004631,FO,2006-01-07T17:45,2006-01-07T19:35,CDG,147048153
WBEHQCIV,code,L,70004624,CSD,2006-01-07T09:30,2006-01-07T11:40,SXB,147048153
WBEHQCIV,code,L,70004627,CSD,2006-01-07T13:10,2006-01-07T14:20,CDG,147048153
WBEHQCIV,code,L,70004628,CSD,2006-01-07T15:15,2006-01-07T16:25,SXB,147048153
WBEHQCIV,code,L,70004631,CSD,2006-01-07T17:45,2006-01-07T19:35,CDG,147048153
KNODQWHS,code,L,70004624,ST,2006-01-07T09:30,2006-01-07T11:40,SXB,147048153
KNODQWHS,code,L,70004627,ST,2006-01-07T13:10,2006-01-07T14:20,CDG,147048153
KNODQWHS,code,L,70004628,ST,2006-01-07T15:15,2006-01-07T16:25,SXB,147048153
KNODQWHS,code,L,70004631,ST,2006-01-07T17:45,2006-01-07T19:35,CDG,147048153
PLEUXNPF,code,L,70004624,ST,2006-01-07T09:30,2006-01-07T11:40,SXB,147048153
PLEUXNPF,code,L,70004627,ST,2006-01-07T13:10,2006-01-07T14:20,CDG,147048153
PLEUXNPF,code,L,70004628,ST,2006-01-07T15:15,2006-01-07T16:25,SXB,147048153
PLEUXNPF,code,L,70004631,ST,2006-01-07T17:45,2006-01-07T19:35,CDG,147048153
WQVTTCBR,code,L,70004624,ST,2006-01-07T09:30,2006-01-07T11:40,SXB,147048153
WQVTTCBR,code,L,70004627,ST,2006-01-07T13:10,2006-01-07T14:20,CDG,147048153
WQVTTCBR,code,L,70004628,ST,2006-01-07T15:15,2006-01-07T16:25,SXB,147048153
WQVTTCBR,code,L,70004631,ST,2006-01-07T17:45,2006-01-07T19:35,CDG,147048153
GFPBHCMI,code,L,70003097,CP,2006-01-07T09:35,2006-01-07T11:55,ORY,1501726364
GFPBHCMI,code,L,70003086,CP,2006-01-07T12:35,2006-01-07T14:00,NCE,1501726364
GFPBHCMI,code,L,70003127,CP,2006-01-07T15:10,2006-01-07T16:15,ORY,1501726364
GFPBHCMI,code,L,70003134,CP,2006-01-07T17:05,2006-01-07T19:00,BOD,1501726364
JCXLATPV,code,L,70003097,FO,2006-01-07T09:35,2006-01-07T11:55,ORY,1501726364
JCXLATPV,code,L,70003086,FO,2006-01-07T12:35,2006-01-07T14:00,NCE,1501726364
JCXLATPV,code,L,70003127,FO,2006-01-07T15:10,2006-01-07T16:15,ORY,1501726364
JCXLATPV,code,L,70003134,FO,2006-01-07T17:05,2006-01-07T19:00,BOD,1501726364
HNMUCZLD,code,L,70003097,CS,2006-01-07T09:35,2006-01-07T11:55,ORY,1501726364
HNMUCZLD,code,L,70003086,CS,2006-01-07T12:35,2006-01-07T14:00,NCE,1501726364
HNMUCZLD,code,L,70003127,CS,2006-01-07T15:10,2006-01-07T16:15,ORY,1501726364
HNMUCZLD,code,L,70003134,CS,2006-01-07T17:05,2006-01-07T19:00,BOD,1501726364
EOCHEYWB,code,L,70003097,CS,2006-01-07T09:35,2006-01-07T11:55,ORY,1501726364
EOCHEYWB,code,L,70003086,CS,2006-01-07T12:35,2006-01-07T14:00,NCE,1501726364
EOCHEYWB,code,L,70003127,CS,2006-01-07T15:10,2006-01-07T16:15,ORY,1501726364
EOCHEYWB,code,L,70003134,CS,2006-01-07T17:05,2006-01-07T19:00,BOD,1501726364
VWIWOUSF,code,L,70003097,ST,2006-01-07T09:35,2006-01-07T11:55,ORY,1501726364
VWIWOUSF,code,L,70003086,ST,2006-01-07T12:35,2006-01-07T14:00,NCE,1501726364
VWIWOUSF,code,L,70003127,ST,2006-01-07T15:10,2006-01-07T16:15,ORY,1501726364
VWIWOUSF,code,L,70003134,ST,2006-01-07T17:05,2006-01-07T19:00,BOD,1501726364
BNJOQNFZ,code,L,70003097,ST,2006-01-07T09:35,2006-01-07T11:55,ORY,1501726364
BNJOQNFZ,code,L,70003086,ST,2006-01-07T12:35,2006-01-07T14:00,NCE,1501726364
BNJOQNFZ,code,L,70003127,ST,2006-01-07T15:10,2006-01-07T16:15,ORY,1501726364
BNJOQNFZ,code,L,70003134,ST,2006-01-07T17:05,2006-01-07T19:00,BOD,1501726364
BAXAWHTD,code,L,70003097,ST,2006-01-07T09:35,2006-01-07T11:55,ORY,1501726364
BAXAWHTD,code,L,70003086,ST,2006-01-07T12:35,2006-01-07T14:00,NCE,1501726364
BAXAWHTD,code,L,70003127,ST,2006-01-07T15:10,2006-01-07T16:15,ORY,1501726364
BAXAWHTD,code,L,70003134,ST,2006-01-07T17:05,2006-01-07T19:00,BOD,1501726364
UFKVSCHI,code,L,70003097,ST,2006-01-07T09:35,2006-01-07T11:55,ORY,1501726364
UFKVSCHI,code,L,70003086,ST,2006-01-07T12:35,2006-01-07T14:00,NCE,1501726364
UFKVSCHI,code,L,70003127,ST,2006-01-07T15:10,2006-01-07T16:15,ORY,1501726364
UFKVSCHI,code,L,70003134,ST,2006-01-07T17:05,2006-01-07T19:00,BOD,1501726364
ISIUCYHT,code,L,70003097,ST,2006-01-07T09:35,2006-01-07T11:55,ORY,1501726364
ISIUCYHT,code,L,70003086,ST,2006-01-07T12:35,2006-01-07T14:00,NCE,1501726364
ISIUCYHT,code,L,70003127,ST,2006-01-07T15:10,2006-01-07T16:15,ORY,1501726364
ISIUCYHT,code,L,70003134,ST,2006-01-07T17:05,2006-01-07T19:00,BOD,1501726364
ZJLTQAPF,code,L,70003097,ST,2006-01-07T09:35,2006-01-07T11:55,ORY,1501726364
ZJLTQAPF,code,L,70003086,ST,2006-01-07T12:35,2006-01-07T14:00,NCE,1501726364
ZJLTQAPF,code,L,70003127,ST,2006-01-07T15:10,2006-01-07T16:15,ORY,1501726364
ZJLTQAPF,code,L,70003134,ST,2006-01-07T17:05,2006-01-07T19:00,BOD,1501726364
YRRDPSHH,code,L,70002982,CP,2006-01-07T09:40,2006-01-07T12:00,TLS,259488708
YRRDPSHH,code,L,70002985,CP,2006-01-07T12:50,2006-01-07T14:00,ORY,259488708
YRRDPSHH,code,L,70002992,CP,2006-01-07T14:40,2006-01-07T16:00,TLS,259488708
YRRDPSHH,code,L,70002999,CP,2006-01-07T16:50,2006-01-07T18:45,ORY,259488708
PDDZPJHP,code,L,70002982,FO,2006-01-07T09:40,2006-01-07T12:00,TLS,259488708
PDDZPJHP,code,L,70002985,FO,2006-01-07T12:50,2006-01-07T14:00,ORY,259488708
PDDZPJHP,code,L,70002992,FO,2006-01-07T14:40,2006-01-07T16:00,TLS,259488708
PDDZPJHP,code,L,70002999,FO,2006-01-07T16:50,2006-01-07T18:45,ORY,259488708
JDTBYOTC,code,L,70002982,CS,2006-01-07T09:40,2006-01-07T12:00,TLS,259488708
JDTBYOTC,code,L,70002985,CS,2006-01-07T12:50,2006-01-07T14:00,ORY,259488708
JDTBYOTC,code,L,70002992,CS,2006-01-07T14:40,2006-01-07T16:00,TLS,259488708
JDTBYOTC,code,L,70002999,CS,2006-01-07T16:50,2006-01-07T18:45,ORY,259488708
EPTZPNZW,code,L,70002982,CS,2006-01-07T09:40,2006-01-07T12:00,TLS,259488708
EPTZPNZW,code,L,70002985,CS,2006-01-07T12:50,2006-01-07T14:00,ORY,259488708
EPTZPNZW,code,L,70002992,CS,2006-01-07T14:40,2006-01-07T16:00,TLS,259488708
EPTZPNZW,code,L,70002999,CS,2006-01-07T16:50,2006-01-07T18:45,ORY,259488708
IHJAQYMX,code,L,70002982,ST,2006-01-07T09:40,2006-01-07T12:00,TLS,259488708
IHJAQYMX,code,L,70002985,ST,2006-01-07T12:50,2006-01-07T14:00,ORY,259488708
IHJAQYMX,code,L,70002992,ST,2006-01-07T14:40,2006-01-07T16:00,TLS,259488708
IHJAQYMX,code,L,70002999,ST,2006-01-07T16:50,2006-01-07T18:45,ORY,259488708
NLTSPMXW,code,L,70002982,ST,2006-01-07T09:40,2006-01-07T12:00,TLS,259488708
NLTSPMXW,code,L,70002985,ST,2006-01-07T12:50,2006-01-07T14:00,ORY,259488708
NLTSPMXW,code,L,70002992,ST,2006-01-07T14:40,2006-01-07T16:00,TLS,259488708
NLTSPMXW,code,L,70002999,ST,2006-01-07T16:50,2006-01-07T18:45,ORY,259488708
EBHPQXKA,code,L,70002982,ST,2006-01-07T09:40,2006-01-07T12:00,TLS,259488708
EBHPQXKA,code,L,70002985,ST,2006-01-07T12:50,2006-01-07T14:00,ORY,259488708
EBHPQXKA,code,L,70002992,ST,2006-01-07T14:40,2006-01-07T16:00,TLS,259488708
EBHPQXKA,code,L,70002999,ST,2006-01-07T16:50,2006-01-07T18:45,ORY,259488708
YCQSREJL,code,L,70002982,ST,2006-01-07T09:40,2006-01-07T12:00,TLS,259488708
YCQSREJL,code,L,70002985,ST,2006-01-07T12:50,2006-01-07T14:00,ORY,259488708
YCQSREJL,code,L,70002992,ST,2006-01-07T14:40,2006-01-07T16:00,TLS,259488708
YCQSREJL,code,L,70002999,ST,2006-01-07T16:50,2006-01-07T18:45,ORY,259488708
DJTHGETF,code,L,70002982,ST,2006-01-07T09:40,2006-01-07T12:00,TLS,259488708
DJTHGETF,code,L,70002985,ST,2006-01-07T12:50,2006-01-07T14:00,ORY,259488708
DJTHGETF,code,L,70002992,ST,2006-01-07T14:40,2006-01-07T16:00,TLS,259488708
DJTHGETF,code,L,70002999,ST,2006-01-07T16:50,2006-01-07T18:45,ORY,259488708
EISWAVXK,code,L,70002982,ST,2006-01-07T09:40,2006-01-07T12:00,TLS,259488708
EISWAVXK,code,L,70002985,ST,2006-01-07T12:50,2006-01-07T14:00,ORY,259488708
EISWAVXK,code,L,70002992,ST,2006-01-07T14:40,2006-01-07T16:00,TLS,259488708
EISWAVXK,code,L,70002999,ST,2006-01-07T16:50,2006-01-07T18:45,ORY,259488708
IVPYYMTS,code,L,70002981,CP,2006-01-07T09:50,2006-01-07T12:00,ORY,1372239857
IVPYYMTS,code,L,70002986,CP,2006-01-07T12:40,2006-01-07T14:00,TLS,1372239857
IVPYYMTS,code,L,70002991,CP,2006-01-07T14:50,2006-01-07T16:00,ORY,1372239857
IVPYYMTS,code,L,70003000,CP,2006-01-07T16:40,2006-01-07T18:45,TLS,1372239857
XTLXNSAL,code,L,70002981,FO,2006-01-07T09:50,2006-01-07T12:00,ORY,1372239857
XTLXNSAL,code,L,70002986,FO,2006-01-07T12:40,2006-01-07T14:00,TLS,1372239857
XTLXNSAL,code,L,70002991,FO,2006-01-07T14:50,2006-01-07T16:00,ORY,1372239857
XTLXNSAL,code,L,70003000,FO,2006-01-07T16:40,2006-01-07T18:45,TLS,1372239857
ZJMWFSEV,code,L,70002981,CS,2006-01-07T09:50,2006-01-07T12:00,ORY,1372239857
ZJMWFSEV,code,L,70002986,CS,2006-01-07T12:40,2006-01-07T14:00,TLS,1372239857
ZJMWFSEV,code,L,70002991,CS,2006-01-07T14:50,2006-01-07T16:00,ORY,1372239857
ZJMWFSEV,code,L,70003000,CS,2006-01-07T16:40,2006-01-07T18:45,TLS,1372239857
RFQEHFIC,code,L,70002981,CS,2006-01-07T09:50,2006-01-07T12:00,ORY,1372239857
RFQEHFIC,code,L,70002986,CS,2006-01-07T12:40,2006-01-07T14:00,TLS,1372239857
RFQEHFIC,code,L,70002991,CS,2006-01-07T14:50,2006-01-07T16:00,ORY,1372239857
RFQEHFIC,code,L,70003000,CS,2006-01-07T16:40,2006-01-07T18:45,TLS,1372239857
YNTHQXAP,code,L,70002981,ST,2006-01-07T09:50,2006-01-07T12:00,ORY,1372239857
YNTHQXAP,code,L,70002986,ST,2006-01-07T12:40,2006-01-07T14:00,TLS,1372239857
YNTHQXAP,code,L,70002991,ST,2006-01-07T14:50,2006-01-07T16:00,ORY,1372239857
YNTHQXAP,code,L,70003000,ST,2006-01-07T16:40,2006-01-07T18:45,TLS,1372239857
VMTRVCXJ,code,L,70002981,ST,2006-01-07T09:50,2006-01-07T12:00,ORY,1372239857
VMTRVCXJ,code,L,70002986,ST,2006-01-07T12:40,2006-01-07T14:00,TLS,1372239857
VMTRVCXJ,code,L,70002991,ST,2006-01-07T14:50,2006-01-07T16:00,ORY,1372239857
VMTRVCXJ,code,L,70003000,ST,2006-01-07T16:40,2006-01-07T18:45,TLS,1372239857
EZXVHCVQ,code,L,70002981,ST,2006-01-07T09:50,2006-01-07T12:00,ORY,1372239857
EZXVHCVQ,code,L,70002986,ST,2006-01-07T12:40,2006-01-07T14:00,TLS,1372239857
EZXVHCVQ,code,L,70002991,ST,2006-01-07T14:50,2006-01-07T16:00,ORY,1372239857
EZXVHCVQ,code,L,70003000,ST,2006-01-07T16:40,2006-01-07T18:45,TLS,1372239857
OYJTSNSR,code,L,70002981,ST,2006-01-07T09:50,2006-01-07T12:00,ORY,1372239857
OYJTSNSR,code,L,70002986,ST,2006-01-07T12:40,2006-01-07T14:00,TLS,1372239857
OYJTSNSR,code,L,70002991,ST,2006-01-07T14:50,2006-01-07T16:00,ORY,1372239857
OYJTSNSR,code,L,70003000,ST,2006-01-07T16:40,2006-01-07T18:45,TLS,1372239857
OXXXVRGW,code,L,70002981,ST,2006-01-07T09:50,2006-01-07T12:00,ORY,1372239857
OXXXVRGW,code,L,70002986,ST,2006-01-07T12:40,2006-01-07T14:00,TLS,1372239857
OXXXVRGW,code,L,70002991,ST,2006-01-07T14:50,2006-01-07T16:00,ORY,1372239857
OXXXVRGW,code,L,70003000,ST,2006-01-07T16:40,2006-01-07T18:45,TLS,1372239857
GPUZFSOQ,code,L,70002981,ST,2006-01-07T09:50,2006-01-07T12:00,ORY,1372239857
GPUZFSOQ,code,L,70002986,ST,2006-01-07T12:40,2006-01-07T14:00,TLS,1372239857
GPUZFSOQ,code,L,70002991,ST,2006-01-07T14:50,2006-01-07T16:00,ORY,1372239857
GPUZFSOQ,code,L,70003000,ST,2006-01-07T16:40,2006-01-07T18:45,TLS,1372239857
MNLYCZJP,code,L,70004516,CP,2006-01-07T09:55,2006-01-07T12:05,LYS,830250430
MNLYCZJP,code,L,70004509,CP,2006-01-07T13:10,2006-01-07T14:20,CDG,830250430
MNLYCZJP,code,L,70004510,CP,2006-01-07T16:15,2006-01-07T17:25,LYS,830250430
MNLYCZJP,code,L,70004513,CP,2006-01-07T20:30,2006-01-07T22:25,CDG,830250430
YQUSKUTC,code,L,70004516,FO,2006-01-07T09:55,2006-01-07T12:05,LYS,830250430
YQUSKUTC,code,L,70004509,FO,2006-01-07T13:10,2006-01-07T14:20,CDG,830250430
YQUSKUTC,code,L,70004510,FO,2006-01-07T16:15,2006-01-07T17:25,LYS,830250430
YQUSKUTC,code,L,70004513,FO,2006-01-07T20:30,2006-01-07T22:25,CDG,830250430
PPEDTPLH,code,L,70004516,CS,2006-01-07T09:55,2006-01-07T12:05,LYS,830250430
PPEDTPLH,code,L,70004509,CS,2006-01-07T13:10,2006-01-07T14:20,CDG,830250430
PPEDTPLH,code,L,70004510,CS,2006-01-07T16:15,2006-01-07T17:25,LYS,830250430
PPEDTPLH,code,L,70004513,CS,2006-01-07T20:30,2006-01-07T22:25,CDG,830250430
XOCAYQXU,code,L,70004516,CS,2006-01-07T09:55,2006-01-07T12:05,LYS,830250430
XOCAYQXU,code,L,70004509,CS,2006-01-07T13:10,2006-01-07T14:20,CDG,830250430
XOCAYQXU,code,L,70004510,CS,2006-01-07T16:15,2006-01-07T17:25,LYS,830250430
XOCAYQXU,code,L,70004513,CS,2006-01-07T20:30,2006-01-07T22:25,CDG,830250430
PQLBNSAB,code,L,70004516,ST,2006-01-07T09:55,2006-01-07T12:05,LYS,830250430
PQLBNSAB,code,L,70004509,ST,2006-01-07T13:10,2006-01-07T14:20,CDG,830250430
PQLBNSAB,code,L,70004510,ST,2006-01-07T16:15,2006-01-07T17:25,LYS,830250430
PQLBNSAB,code,L,70004513,ST,2006-01-07T20:30,2006-01-07T22:25,CDG,830250430
JPRIEWDP,code,L,70004516,ST,2006-01-07T09:55,2006-01-07T12:05,LYS,830250430
JPRIEWDP,code,L,70004509,ST,2006-01-07T13:10,2006-01-07T14:20,CDG,830250430
JPRIEWDP,code,L,70004510,ST,2006-01-07T16:15,2006-01-07T17:25,LYS,830250430
JPRIEWDP,code,L,70004513,ST,2006-01-07T20:30,2006-01-07T22:25,CDG,830250430
TADRFZTV,code,L,70004516,ST,2006-01-07T09:55,2006-01-07T12:05,LYS,830250430
TADRFZTV,code,L,70004509,ST,2006-01-07T13:10,2006-01-07T14:20,CDG,830250430
TADRFZTV,code,L,70004510,ST,2006-01-07T16:15,2006-01-07T17:25,LYS,830250430
TADRFZTV,code,L,70004513,ST,2006-01-07T20:30,2006-01-07T22:25,CDG,830250430
XZSGQRNF,code,L,70004516,ST,2006-01-07T09:55,2006-01-07T12:05,LYS,830250430
XZSGQRNF,code,L,70004509,ST,2006-01-07T13:10,2006-01-07T14:20,CDG,830250430
XZSGQRNF,code,L,70004510,ST,2006-01-07T16:15,2006-01-07T17:25,LYS,830250430
XZSGQRNF,code,L,70004513,ST,2006-01-07T20:30,2006-01-07T22:25,CDG,830250430
ZWBXAODH,code,L,70004516,ST,2006-01-07T09:55,2006-01-07T12:05,LYS,830250430
ZWBXAODH,code,L,70004509,ST,2006-01-07T13:10,2006-01-07T14:20,CDG,830250430
ZWBXAODH,code,L,70004510,ST,2006-01-07T16:15,2006-01-07T17:25,LYS,830250430
ZWBXAODH,code,L,70004513,ST,2006-01-07T20:30,2006-01-07T22:25,CDG,830250430
ENASMNUN,code,L,70004516,ST,2006-01-07T09:55,2006-01-07T12:05,LYS,830250430
ENASMNUN,code,L,70004509,ST,2006-01-07T13:10,2006-01-07T14:20,CDG,830250430
ENASMNUN,code,L,70004510,ST,2006-01-07T16:15,2006-01-07T17:25,LYS,830250430
ENASMNUN,code,L,70004513,ST,2006-01-07T20:30,2006-01-07T22:25,CDG,830250430
PNVGBOQA,code,L,70003075,CP,2006-01-07T10:00,2006-01-07T12:20,ORY,217468053
PNVGBOQA,code,L,70003080,CP,2006-01-07T13:05,2006-01-07T14:30,NCE,217468053
PNVGBOQA,code,L,70003083,CP,2006-01-07T15:00,2006-01-07T16:20,ORY,217468053
PNVGBOQA,code,L,70003090,CP,2006-01-07T17:05,2006-01-07T19:15,NCE,217468053
TVUFNGDC,code,L,70003075,FO,2006-01-07T10:00,2006-01-07T12:20,ORY,217468053
TVUFNGDC,code,L,70003080,FO,2006-01-07T13:05,2006-01-07T14:30,NCE,217468053
TVUFNGDC,code,L,70003083,FO,2006-01-07T15:00,2006-01-07T16:20,ORY,217468053
TVUFNGDC,code,L,70003090,FO,2006-01-07T17:05,2006-01-07T19:15,NCE,217468053
ANOLYLPC,code,L,70003075,CS,2006-01-07T10:00,2006-01-07T12:20,ORY,217468053
ANOLYLPC,code,L,70003080,CS,2006-01-07T13:05,2006-01-07T14:30,NCE,217468053
ANOLYLPC,code,L,70003083,CS,2006-01-07T15:00,2006-01-07T16:20,ORY,217468053
ANOLYLPC,code,L,70003090,CS,2006-01-07T17:05,2006-01-07T19:15,NCE,217468053
IMTVCDJF,code,L,70003075,CS,2006-01-07T10:00,2006-01-07T12:20,ORY,217468053
IMTVCDJF,code,L,70003080,CS,2006-01-07T13:05,2006-01-07T14:30,NCE,217468053
IMTVCDJF,code,L,70003083,CS,2006-01-07T15:00,2006-01-07T16:20,ORY,217468053
IMTVCDJF,code,L,70003090,CS,2006-01-07T17:05,2006-01-07T19:15,NCE,217468053
LCHIVVWT,code,L,70003075,ST,2006-01-07T10:00,2006-01-07T12:20,ORY,217468053
LCHIVVWT,code,L,70003080,ST,2006-01-07T13:05,2006-01-07T14:30,NCE,217468053
LCHIVVWT,code,L,70003083,ST,2006-01-07T15:00,2006-01-07T16:20,ORY,217468053
LCHIVVWT,code,L,70003090,ST,2006-01-07T17:05,2006-01-07T19:15,NCE,217468053
KTYSVDGX,code,L,70003075,ST,2006-01-07T10:00,2006-01-07T12:20,ORY,217468053
KTYSVDGX,code,L,70003080,ST,2006-01-07T13:05,2006-01-07T14:30,NCE,217468053
KTYSVDGX,code,L,70003083,ST,2006-01-07T15:00,2006-01-07T16:20,ORY,217468053
KTYSVDGX,code,L,70003090,ST,2006-01-07T17:05,2006-01-07T19:15,NCE,217468053
FLAFBOXR,code,L,70003075,ST,2006-01-07T10:00,2006-01-07T12:20,ORY,217468053
FLAFBOXR,code,L,70003080,ST,2006-01-07T13:05,2006-01-07T14:30,NCE,217468053
FLAFBOXR,code,L,70003083,ST,2006-01-07T15:00,2006-01-07T16:20,ORY,217468053
FLAFBOXR,code,L,70003090,ST,2006-01-07T17:05,2006-01-07T19:15,NCE,217468053
TPPRFIVW,code,L,70003075,ST,2006-01-07T10:00,2006-01-07T12:20,ORY,217468053
TPPRFIVW,code,L,70003080,ST,2006-01-07T13:05,2006-01-07T14:30,NCE,217468053
TPPRFIVW,code,L,70003083,ST,2006-01-07T15:00,2006-01-07T16:20,ORY,217468053
TPPRFIVW,code,L,70003090,ST,2006-01-07T17:05,2006-01-07T19:15,NCE,217468053
VJWTPFLX,code,L,70003075,ST,2006-01-07T10:00,2006-01-07T12:20,ORY,217468053
VJWTPFLX,code,L,70003080,ST,2006-01-07T13:05,2006-01-07T14:30,NCE,217468053
VJWTPFLX,code,L,70003083,ST,2006-01-07T15:00,2006-01-07T16:20,ORY,217468053
VJWTPFLX,code,L,70003090,ST,2006-01-07T17:05,2006-01-07T19:15,NCE,217468053
TQCJHESG,code,L,70003075,ST,2006-01-07T10:00,2006-01-07T12:20,ORY,217468053
TQCJHESG,code,L,70003080,ST,2006-01-07T13:05,2006-01-07T14:30,NCE,217468053
TQCJHESG,code,L,70003083,ST,2006-01-07T15:00,2006-01-07T16:20,ORY,217468053
TQCJHESG,code,L,70003090,ST,2006-01-07T17:05,2006-01-07T19:15,NCE,217468053
WSWMKWHY,code,L,70001378,CP,2006-01-07T10:00,2006-01-07T12:35,BIA,759101347
WSWMKWHY,code,L,70001375,CP,2006-01-07T13:25,2006-01-07T15:00,ORY,759101347
WSWMKWHY,code,L,70001380,CP,2006-01-07T15:50,2006-01-07T17:25,BIA,759101347
WSWMKWHY,code,L,70001377,CP,2006-01-07T19:00,2006-01-07T21:20,ORY,759101347
TEIBLNHW,code,L,70001378,FO,2006-01-07T10:00,2006-01-07T12:35,BIA,759101347
TEIBLNHW,code,L,70001375,FO,2006-01-07T13:25,2006-01-07T15:00,ORY,759101347
TEIBLNHW,code,L,70001380,FO,2006-01-07T15:50,2006-01-07T17:25,BIA,759101347
TEIBLNHW,code,L,70001377,FO,2006-01-07T19:00,2006-01-07T21:20,ORY,759101347
ELWVYZSP,code,L,70001378,CS,2006-01-07T10:00,2006-01-07T12:35,BIA,759101347
ELWVYZSP,code,L,70001375,CS,2006-01-07T13:25,2006-01-07T15:00,ORY,759101347
ELWVYZSP,code,L,70001380,CS,2006-01-07T15:50,2006-01-07T17:25,BIA,759101347
ELWVYZSP,code,L,70001377,CS,2006-01-07T19:00,2006-01-07T21:20,ORY,759101347
ACGMKCHM,code,L,70001378,CS,2006-01-07T10:00,2006-01-07T12:35,BIA,759101347
ACGMKCHM,code,L,70001375,CS,2006-01-07T13:25,2006-01-07T15:00,ORY,759101347
ACGMKCHM,code,L,70001380,CS,2006-01-07T15:50,2006-01-07T17:25,BIA,759101347
ACGMKCHM,code,L,70001377,CS,2006-01-07T19:00,2006-01-07T21:20,ORY,759101347
TULHGHDU,code,L,70001378,ST,2006-01-07T10:00,2006-01-07T12:35,BIA,759101347
TULHGHDU,code,L,70001375,ST,2006-01-07T13:25,2006-01-07T15:00,ORY,759101347
TULHGHDU,code,L,70001380,ST,2006-01-07T15:50,2006-01-07T17:25,BIA,759101347
TULHGHDU,code,L,70001377,ST,2006-01-07T19:00,2006-01-07T21:20,ORY,759101347
WATCZHFR,code,L,70001378,ST,2006-01-07T10:00,2006-01-07T12:35,BIA,759101347
WATCZHFR,code,L,70001375,ST,2006-01-07T13:25,2006-01-07T15:00,ORY,759101347
WATCZHFR,code,L,70001380,ST,2006-01-07T15:50,2006-01-07T17:25,BIA,759101347
WATCZHFR,code,L,70001377,ST,2006-01-07T19:00,2006-01-07T21:20,ORY,759101347
PLYPPNRT,code,L,70001378,ST,2006-01-07T10:00,2006-01-07T12:35,BIA,759101347
PLYPPNRT,code,L,70001375,ST,2006-01-07T13:25,2006-01-07T15:00,ORY,759101347
PLYPPNRT,code,L,70001380,ST,2006-01-07T15:50,2006-01-07T17:25,BIA,759101347
PLYPPNRT,code,L,70001377,ST,2006-01-07T19:00,2006-01-07T21:20,ORY,759101347
ZJAMEPHH,code,L,70001378,ST,2006-01-07T10:00,2006-01-07T12:35,BIA,759101347
ZJAMEPHH,code,L,70001375,ST,2006-01-07T13:25,2006-01-07T15:00,ORY,759101347
ZJAMEPHH,code,L,70001380,ST,2006-01-07T15:50,2006-01-07T17:25,BIA,759101347
ZJAMEPHH,code,L,70001377,ST,2006-01-07T19:00,2006-01-07T21:20,ORY,759101347
MNJADIOR,code,L,70001378,ST,2006-01-07T10:00,2006-01-07T12:35,BIA,759101347
MNJADIOR,code,L,70001375,ST,2006-01-07T13:25,2006-01-07T15:00,ORY,759101347
MNJADIOR,code,L,70001380,ST,2006-01-07T15:50,2006-01-07T17:25,BIA,759101347
MNJADIOR,code,L,70001377,ST,2006-01-07T19:00,2006-01-07T21:20,ORY,759101347
ZRBYMHLE,code,L,70001378,ST,2006-01-07T10:00,2006-01-07T12:35,BIA,759101347
ZRBYMHLE,code,L,70001375,ST,2006-01-07T13:25,2006-01-07T15:00,ORY,759101347
ZRBYMHLE,code,L,70001380,ST,2006-01-07T15:50,2006-01-07T17:25,BIA,759101347
ZRBYMHLE,code,L,70001377,ST,2006-01-07T19:00,2006-01-07T21:20,ORY,759101347
XQXYGGJM,code,L,70005125,CP,2006-01-07T10:00,2006-01-07T13:10,TLS,683093156
XQXYGGJM,code,L,70005126,CP,2006-01-07T14:30,2006-01-07T16:25,AMS,683093156
XQXYGGJM,code,L,70005127,CP,2006-01-07T17:05,2006-01-07T19:15,TLS,683093156
XQXYGGJM,code,L,70005128,CP,2006-01-07T20:05,2006-01-07T22:45,AMS,683093156
GDOHEKGE,code,L,70005125,FO,2006-01-07T10:00,2006-01-07T13:10,TLS,683093156
GDOHEKGE,code,L,70005126,FO,2006-01-07T14:30,2006-01-07T16:25,AMS,683093156
GDOHEKGE,code,L,70005127,FO,2006-01-07T17:05,2006-01-07T19:15,TLS,683093156
GDOHEKGE,code,L,70005128,FO,2006-01-07T20:05,2006-01-07T22:45,AMS,683093156
EYCCBPDD,code,L,70005125,CSD,2006-01-07T10:00,2006-01-07T13:10,TLS,683093156
EYCCBPDD,code,L,70005126,CSD,2006-01-07T14:30,2006-01-07T16:25,AMS,683093156
EYCCBPDD,code,L,70005127,CSD,2006-01-07T17:05,2006-01-07T19:15,TLS,683093156
EYCCBPDD,code,L,70005128,CSD,2006-01-07T20:05,2006-01-07T22:45,AMS,683093156
WKDWJEEI,code,L,70005125,ST,2006-01-07T10:00,2006-01-07T13:10,TLS,683093156
WKDWJEEI,code,L,70005126,ST,2006-01-07T14:30,2006-01-07T16:25,AMS,683093156
WKDWJEEI,code,L,70005127,ST,2006-01-07T17:05,2006-01-07T19:15,TLS,683093156
WKDWJEEI,code,L,70005128,ST,2006-01-07T20:05,2006-01-07T22:45,AMS,683093156
DUMHJTNJ,code,L,70005125,ST,2006-01-07T10:00,2006-01-07T13:10,TLS,683093156
DUMHJTNJ,code,L,70005126,ST,2006-01-07T14:30,2006-01-07T16:25,AMS,683093156
DUMHJTNJ,code,L,70005127,ST,2006-01-07T17:05,2006-01-07T19:15,TLS,683093156
DUMHJTNJ,code,L,70005128,ST,2006-01-07T20:05,2006-01-07T22:45,AMS,683093156
EFXDVKSR,code,L,70005165,CP,2006-01-07T10:25,2006-01-07T13:15,BOD,1827753950
EFXDVKSR,code,L,70005093,CP,2006-01-07T14:00,2006-01-07T15:30,AMS,1827753950
EFXDVKSR,code,L,70005094,CP,2006-01-07T16:40,2006-01-07T18:15,CFE,1827753950
EFXDVKSR,code,L,70005166,CP,2006-01-07T19:00,2006-01-07T21:35,AMS,1827753950
JCZSBJHL,code,L,70005165,FO,2006-01-07T10:25,2006-01-07T13:15,BOD,1827753950
JCZSBJHL,code,L,70005093,FO,2006-01-07T14:00,2006-01-07T15:30,AMS,1827753950
JCZSBJHL,code,L,70005094,FO,2006-01-07T16:40,2006-01-07T18:15,CFE,1827753950
JCZSBJHL,code,L,70005166,FO,2006-01-07T19:00,2006-01-07T21:35,AMS,1827753950
TAPWOFBK,code,L,70005165,CSD,2006-01-07T10:25,2006-01-07T13:15,BOD,1827753950
TAPWOFBK,code,L,70005093,CSD,2006-01-07T14:00,2006-01-07T15:30,AMS,1827753950
TAPWOFBK,code,L,70005094,CSD,2006-01-07T16:40,2006-01-07T18:15,CFE,1827753950
TAPWOFBK,code,L,70005166,CSD,2006-01-07T19:00,2006-01-07T21:35,AMS,1827753950
SHTRWUUA,code,L,70005165,ST,2006-01-07T10:25,2006-01-07T13:15,BOD,1827753950
SHTRWUUA,code,L,70005093,ST,2006-01-07T14:00,2006-01-07T15:30,AMS,1827753950
SHTRWUUA,code,L,70005094,ST,2006-01-07T16:40,2006-01-07T18:15,CFE,1827753950
SHTRWUUA,code,L,70005166,ST,2006-01-07T19:00,2006-01-07T21:35,AMS,1827753950
HDHHXZTU,code,L,70005165,ST,2006-01-07T10:25,2006-01-07T13:15,BOD,1827753950
HDHHXZTU,code,L,70005093,ST,2006-01-07T14:00,2006-01-07T15:30,AMS,1827753950
HDHHXZTU,code,L,70005094,ST,2006-01-07T16:40,2006-01-07T18:15,CFE,1827753950
HDHHXZTU,code,L,70005166,ST,2006-01-07T19:00,2006-01-07T21:35,AMS,1827753950
DVMIKUSB,code,L,70003111,CP,2006-01-07T10:30,2006-01-07T12:50,ORY,200550235
DVMIKUSB,code,L,70003112,CP,2006-01-07T13:35,2006-01-07T15:00,NCE,200550235
DVMIKUSB,code,L,70004365,CP,2006-01-07T15:35,2006-01-07T16:55,ORY,200550235
DVMIKUSB,code,L,70004368,CP,2006-01-07T17:35,2006-01-07T19:45,TLN,200550235
DTARVFMQ,code,L,70003111,FO,2006-01-07T10:30,2006-01-07T12:50,ORY,200550235
DTARVFMQ,code,L,70003112,FO,2006-01-07T13:35,2006-01-07T15:00,NCE,200550235
DTARVFMQ,code,L,70004365,FO,2006-01-07T15:35,2006-01-07T16:55,ORY,200550235
DTARVFMQ,code,L,70004368,FO,2006-01-07T17:35,2006-01-07T19:45,TLN,200550235
CUQLCSKH,code,L,70003111,CS,2006-01-07T10:30,2006-01-07T12:50,ORY,200550235
CUQLCSKH,code,L,70003112,CS,2006-01-07T13:35,2006-01-07T15:00,NCE,200550235
CUQLCSKH,code,L,70004365,CS,2006-01-07T15:35,2006-01-07T16:55,ORY,200550235
CUQLCSKH,code,L,70004368,CS,2006-01-07T17:35,2006-01-07T19:45,TLN,200550235
AEVLKJPG,code,L,70003111,CS,2006-01-07T10:30,2006-01-07T12:50,ORY,200550235
AEVLKJPG,code,L,70003112,CS,2006-01-07T13:35,2006-01-07T15:00,NCE,200550235
AEVLKJPG,code,L,70004365,CS,2006-01-07T15:35,2006-01-07T16:55,ORY,200550235
AEVLKJPG,code,L,70004368,CS,2006-01-07T17:35,2006-01-07T19:45,TLN,200550235
FQCVFQFU,code,L,70003111,ST,2006-01-07T10:30,2006-01-07T12:50,ORY,200550235
FQCVFQFU,code,L,70003112,ST,2006-01-07T13:35,2006-01-07T15:00,NCE,200550235
FQCVFQFU,code,L,70004365,ST,2006-01-07T15:35,2006-01-07T16:55,ORY,200550235
FQCVFQFU,code,L,70004368,ST,2006-01-07T17:35,2006-01-07T19:45,TLN,200550235
DJAACQZE,code,L,70003111,ST,2006-01-07T10:30,2006-01-07T12:50,ORY,200550235
DJAACQZE,code,L,70003112,ST,2006-01-07T13:35,2006-01-07T15:00,NCE,200550235
DJAACQZE,code,L,70004365,ST,2006-01-07T15:35,2006-01-07T16:55,ORY,200550235
DJAACQZE,code,L,70004368,ST,2006-01-07T17:35,2006-01-07T19:45,TLN,200550235
KTIZLECH,code,L,70003111,ST,2006-01-07T10:30,2006-01-07T12:50,ORY,200550235
KTIZLECH,code,L,70003112,ST,2006-01-07T13:35,2006-01-07T15:00,NCE,200550235
KTIZLECH,code,L,70004365,ST,2006-01-07T15:35,2006-01-07T16:55,ORY,200550235
KTIZLECH,code,L,70004368,ST,2006-01-07T17:35,2006-01-07T19:45,TLN,200550235
RGVJCEGO,code,L,70003111,ST,2006-01-07T10:30,2006-01-07T12:50,ORY,200550235
RGVJCEGO,code,L,70003112,ST,2006-01-07T13:35,2006-01-07T15:00,NCE,200550235
RGVJCEGO,code,L,70004365,ST,2006-01-07T15:35,2006-01-07T16:55,ORY,200550235
RGVJCEGO,code,L,70004368,ST,2006-01-07T17:35,2006-01-07T19:45,TLN,200550235
YTFZQAEW,code,L,70003111,ST,2006-01-07T10:30,2006-01-07T12:50,ORY,200550235
YTFZQAEW,code,L,70003112,ST,2006-01-07T13:35,2006-01-07T15:00,NCE,200550235
YTFZQAEW,code,L,70004365,ST,2006-01-07T15:35,2006-01-07T16:55,ORY,200550235
YTFZQAEW,code,L,70004368,ST,2006-01-07T17:35,2006-01-07T19:45,TLN,200550235
RAOIGQSU,code,L,70003111,ST,2006-01-07T10:30,2006-01-07T12:50,ORY,200550235
RAOIGQSU,code,L,70003112,ST,2006-01-07T13:35,2006-01-07T15:00,NCE,200550235
RAOIGQSU,code,L,70004365,ST,2006-01-07T15:35,2006-01-07T16:55,ORY,200550235
RAOIGQSU,code,L,70004368,ST,2006-01-07T17:35,2006-01-07T19:45,TLN,200550235
OVLCGDTN,code,L,70002888,CP,2006-01-07T10:30,2006-01-07T12:50,MRS,2052955920
OVLCGDTN,code,L,70002889,CP,2006-01-07T13:35,2006-01-07T14:50,ORY,2052955920
OVLCGDTN,code,L,70002900,CP,2006-01-07T15:30,2006-01-07T16:50,MRS,2052955920
OVLCGDTN,code,L,70002903,CP,2006-01-07T17:35,2006-01-07T19:35,ORY,2052955920
LHGDIPKI,code,L,70002888,FO,2006-01-07T10:30,2006-01-07T12:50,MRS,2052955920
LHGDIPKI,code,L,70002889,FO,2006-01-07T13:35,2006-01-07T14:50,ORY,2052955920
LHGDIPKI,code,L,70002900,FO,2006-01-07T15:30,2006-01-07T16:50,MRS,2052955920
LHGDIPKI,code,L,70002903,FO,2006-01-07T17:35,2006-01-07T19:35,ORY,2052955920
IXWETTAY,code,L,70002888,CS,2006-01-07T10:30,2006-01-07T12:50,MRS,2052955920
IXWETTAY,code,L,70002889,CS,2006-01-07T13:35,2006-01-07T14:50,ORY,2052955920
IXWETTAY,code,L,70002900,CS,2006-01-07T15:30,2006-01-07T16:50,MRS,2052955920
IXWETTAY,code,L,70002903,CS,2006-01-07T17:35,2006-01-07T19:35,ORY,2052955920
QSCJOEYA,code,L,70002888,CS,2006-01-07T10:30,2006-01-07T12:50,MRS,2052955920
QSCJOEYA,code,L,70002889,CS,2006-01-07T13:35,2006-01-07T14:50,ORY,2052955920
QSCJOEYA,code,L,70002900,CS,2006-01-07T15:30,2006-01-07T16:50,MRS,2052955920
QSCJOEYA,code,L,70002903,CS,2006-01-07T17:35,2006-01-07T19:35,ORY,2052955920
WQGJGVRE,code,L,70002888,ST,2006-01-07T10:30,2006-01-07T12:50,MRS,2052955920
WQGJGVRE,code,L,70002889,ST,2006-01-07T13:35,2006-01-07T14:50,ORY,2052955920
WQGJGVRE,code,L,70002900,ST,2006-01-07T15:30,2006-01-07T16:50,MRS,2052955920
WQGJGVRE,code,L,70002903,ST,2006-01-07T17:35,2006-01-07T19:35,ORY,2052955920
PUUMAPDF,code,L,70002888,ST,2006-01-07T10:30,2006-01-07T12:50,MRS,2052955920
PUUMAPDF,code,L,70002889,ST,2006-01-07T13:35,2006-01-07T14:50,ORY,2052955920
PUUMAPDF,code,L,70002900,ST,2006-01-07T15:30,2006-01-07T16:50,MRS,2052955920
PUUMAPDF,code,L,70002903,ST,2006-01-07T17:35,2006-01-07T19:35,ORY,2052955920
QBXAHCYW,code,L,70002888,ST,2006-01-07T10:30,2006-01-07T12:50,MRS,2052955920
QBXAHCYW,code,L,70002889,ST,2006-01-07T13:35,2006-01-07T14:50,ORY,2052955920
QBXAHCYW,code,L,70002900,ST,2006-01-07T15:30,2006-01-07T16:50,MRS,2052955920
QBXAHCYW,code,L,70002903,ST,2006-01-07T17:35,2006-01-07T19:35,ORY,2052955920
FFJZXHQB,code,L,70002888,ST,2006-01-07T10:30,2006-01-07T12:50,MRS,2052955920
FFJZXHQB,code,L,70002889,ST,2006-01-07T13:35,2006-01-07T14:50,ORY,2052955920
FFJZXHQB,code,L,70002900,ST,2006-01-07T15:30,2006-01-07T16:50,MRS,2052955920
FFJZXHQB,code,L,70002903,ST,2006-01-07T17:35,2006-01-07T19:35,ORY,2052955920
OTAHZDGJ,code,L,70002888,ST,2006-01-07T10:30,2006-01-07T12:50,MRS,2052955920
OTAHZDGJ,code,L,70002889,ST,2006-01-07T13:35,2006-01-07T14:50,ORY,2052955920
OTAHZDGJ,code,L,70002900,ST,2006-01-07T15:30,2006-01-07T16:50,MRS,2052955920
OTAHZDGJ,code,L,70002903,ST,2006-01-07T17:35,2006-01-07T19:35,ORY,2052955920
QBTEWSXM,code,L,70002888,ST,2006-01-07T10:30,2006-01-07T12:50,MRS,2052955920
QBTEWSXM,code,L,70002889,ST,2006-01-07T13:35,2006-01-07T14:50,ORY,2052955920
QBTEWSXM,code,L,70002900,ST,2006-01-07T15:30,2006-01-07T16:50,MRS,2052955920
QBTEWSXM,code,L,70002903,ST,2006-01-07T17:35,2006-01-07T19:35,ORY,2052955920
RBNQAINL,code,L,70004527,CP,2006-01-07T10:35,2006-01-07T13:00,CDG,2134161410
RBNQAINL,code,L,70004530,CP,2006-01-07T15:20,2006-01-07T16:50,MRS,2134161410
RBNQAINL,code,L,70004531,CP,2006-01-07T17:35,2006-01-07T19:00,CDG,2134161410
RBNQAINL,code,L,70004534,CP,2006-01-07T19:45,2006-01-07T22:00,MRS,2134161410
JSJTDETJ,code,L,70004527,FO,2006-01-07T10:35,2006-01-07T13:00,CDG,2134161410
JSJTDETJ,code,L,70004530,FO,2006-01-07T15:20,2006-01-07T16:50,MRS,2134161410
JSJTDETJ,code,L,70004531,FO,2006-01-07T17:35,2006-01-07T19:00,CDG,2134161410
JSJTDETJ,code,L,70004534,FO,2006-01-07T19:45,2006-01-07T22:00,MRS,2134161410
DNFFGCCE,code,L,70004527,CS,2006-01-07T10:35,2006-01-07T13:00,CDG,2134161410
DNFFGCCE,code,L,70004530,CS,2006-01-07T15:20,2006-01-07T16:50,MRS,2134161410
DNFFGCCE,code,L,70004531,CS,2006-01-07T17:35,2006-01-07T19:00,CDG,2134161410
DNFFGCCE,code,L,70004534,CS,2006-01-07T19:45,2006-01-07T22:00,MRS,2134161410
FCFBUXCS,code,L,70004527,CS,2006-01-07T10:35,2006-01-07T13:00,CDG,2134161410
FCFBUXCS,code,L,70004530,CS,2006-01-07T15:20,2006-01-07T16:50,MRS,2134161410
FCFBUXCS,code,L,70004531,CS,2006-01-07T17:35,2006-01-07T19:00,CDG,2134161410
FCFBUXCS,code,L,70004534,CS,2006-01-07T19:45,2006-01-07T22:00,MRS,2134161410
BJEHJPJS,code,L,70004527,ST,2006-01-07T10:35,2006-01-07T13:00,CDG,2134161410
BJEHJPJS,code,L,70004530,ST,2006-01-07T15:20,2006-01-07T16:50,MRS,2134161410
BJEHJPJS,code,L,70004531,ST,2006-01-07T17:35,2006-01-07T19:00,CDG,2134161410
BJEHJPJS,code,L,70004534,ST,2006-01-07T19:45,2006-01-07T22:00,MRS,2134161410
VYFTBPOF,code,L,70004527,ST,2006-01-07T10:35,2006-01-07T13:00,CDG,2134161410
VYFTBPOF,code,L,70004530,ST,2006-01-07T15:20,2006-01-07T16:50,MRS,2134161410
VYFTBPOF,code,L,70004531,ST,2006-01-07T17:35,2006-01-07T19:00,CDG,2134161410
VYFTBPOF,code,L,70004534,ST,2006-01-07T19:45,2006-01-07T22:00,MRS,2134161410
QODFRPJF,code,L,70004527,ST,2006-01-07T10:35,2006-01-07T13:00,CDG,2134161410
QODFRPJF,code,L,70004530,ST,2006-01-07T15:20,2006-01-07T16:50,MRS,2134161410
QODFRPJF,code,L,70004531,ST,2006-01-07T17:35,2006-01-07T19:00,CDG,2134161410
QODFRPJF,code,L,70004534,ST,2006-01-07T19:45,2006-01-07T22:00,MRS,2134161410
TUKFRWBX,code,L,70004527,ST,2006-01-07T10:35,2006-01-07T13:00,CDG,2134161410
TUKFRWBX,code,L,70004530,ST,2006-01-07T15:20,2006-01-07T16:50,MRS,2134161410
TUKFRWBX,code,L,70004531,ST,2006-01-07T17:35,2006-01-07T19:00,CDG,2134161410
TUKFRWBX,code,L,70004534,ST,2006-01-07T19:45,2006-01-07T22:00,MRS,2134161410
SFWKIRAY,code,L,70004527,ST,2006-01-07T10:35,2006-01-07T13:00,CDG,2134161410
SFWKIRAY,code,L,70004530,ST,2006-01-07T15:20,2006-01-07T16:50,MRS,2134161410
SFWKIRAY,code,L,70004531,ST,2006-01-07T17:35,2006-01-07T19:00,CDG,2134161410
SFWKIRAY,code,L,70004534,ST,2006-01-07T19:45,2006-01-07T22:00,MRS,2134161410
YSTESDGS,code,L,70004527,ST,2006-01-07T10:35,2006-01-07T13:00,CDG,2134161410
YSTESDGS,code,L,70004530,ST,2006-01-07T15:20,2006-01-07T16:50,MRS,2134161410
YSTESDGS,code,L,70004531,ST,2006-01-07T17:35,2006-01-07T19:00,CDG,2134161410
YSTESDGS,code,L,70004534,ST,2006-01-07T19:45,2006-01-07T22:00,MRS,2134161410
QDGETFYN,code,L,70004567,CP,2006-01-07T10:35,2006-01-07T13:10,CDG,1874672702
QDGETFYN,code,L,70004568,CP,2006-01-07T13:55,2006-01-07T15:30,NCE,1874672702
QDGETFYN,code,L,70004571,CP,2006-01-07T17:25,2006-01-07T19:00,CDG,1874672702
QDGETFYN,code,L,70004572,CP,2006-01-07T19:50,2006-01-07T21:05,NCE,1874672702
KMCJAQHY,code,L,70004567,FO,2006-01-07T10:35,2006-01-07T13:10,CDG,1874672702
KMCJAQHY,code,L,70004568,FO,2006-01-07T13:55,2006-01-07T15:30,NCE,1874672702
KMCJAQHY,code,L,70004571,FO,2006-01-07T17:25,2006-01-07T19:00,CDG,1874672702
KMCJAQHY,code,L,70004572,FO,2006-01-07T19:50,2006-01-07T21:05,NCE,1874672702
ZFEWYUNW,code,L,70004567,CS,2006-01-07T10:35,2006-01-07T13:10,CDG,1874672702
ZFEWYUNW,code,L,70004568,CS,2006-01-07T13:55,2006-01-07T15:30,NCE,1874672702
ZFEWYUNW,code,L,70004571,CS,2006-01-07T17:25,2006-01-07T19:00,CDG,1874672702
ZFEWYUNW,code,L,70004572,CS,2006-01-07T19:50,2006-01-07T21:05,NCE,1874672702
SSWBSHBJ,code,L,70004567,CS,2006-01-07T10:35,2006-01-07T13:10,CDG,1874672702
SSWBSHBJ,code,L,70004568,CS,2006-01-07T13:55,2006-01-07T15:30,NCE,1874672702
SSWBSHBJ,code,L,70004571,CS,2006-01-07T17:25,2006-01-07T19:00,CDG,1874672702
SSWBSHBJ,code,L,70004572,CS,2006-01-07T19:50,2006-01-07T21:05,NCE,1874672702
VCJZENGI,code,L,70004567,ST,2006-01-07T10:35,2006-01-07T13:10,CDG,1874672702
VCJZENGI,code,L,70004568,ST,2006-01-07T13:55,2006-01-07T15:30,NCE,1874672702
VCJZENGI,code,L,70004571,ST,2006-01-07T17:25,2006-01-07T19:00,CDG,1874672702
VCJZENGI,code,L,70004572,ST,2006-01-07T19:50,2006-01-07T21:05,NCE,1874672702
FZDOUCLQ,code,L,70004567,ST,2006-01-07T10:35,2006-01-07T13:10,CDG,1874672702
FZDOUCLQ,code,L,70004568,ST,2006-01-07T13:55,2006-01-07T15:30,NCE,1874672702
FZDOUCLQ,code,L,70004571,ST,2006-01-07T17:25,2006-01-07T19:00,CDG,1874672702
FZDOUCLQ,code,L,70004572,ST,2006-01-07T19:50,2006-01-07T21:05,NCE,1874672702
LHYXMTTE,code,L,70004567,ST,2006-01-07T10:35,2006-01-07T13:10,CDG,1874672702
LHYXMTTE,code,L,70004568,ST,2006-01-07T13:55,2006-01-07T15:30,NCE,1874672702
LHYXMTTE,code,L,70004571,ST,2006-01-07T17:25,2006-01-07T19:00,CDG,1874672702
LHYXMTTE,code,L,70004572,ST,2006-01-07T19:50,2006-01-07T21:05,NCE,1874672702
MHEOFRSQ,code,L,70004567,ST,2006-01-07T10:35,2006-01-07T13:10,CDG,1874672702
MHEOFRSQ,code,L,70004568,ST,2006-01-07T13:55,2006-01-07T15:30,NCE,1874672702
MHEOFRSQ,code,L,70004571,ST,2006-01-07T17:25,2006-01-07T19:00,CDG,1874672702
MHEOFRSQ,code,L,70004572,ST,2006-01-07T19:50,2006-01-07T21:05,NCE,1874672702
LMCZNPFG,code,L,70004567,ST,2006-01-07T10:35,2006-01-07T13:10,CDG,1874672702
LMCZNPFG,code,L,70004568,ST,2006-01-07T13:55,2006-01-07T15:30,NCE,1874672702
LMCZNPFG,code,L,70004571,ST,2006-01-07T17:25,2006-01-07T19:00,CDG,1874672702
LMCZNPFG,code,L,70004572,ST,2006-01-07T19:50,2006-01-07T21:05,NCE,1874672702
CBHTNHWL,code,L,70004567,ST,2006-01-07T10:35,2006-01-07T13:10,CDG,1874672702
CBHTNHWL,code,L,70004568,ST,2006-01-07T13:55,2006-01-07T15:30,NCE,1874672702
CBHTNHWL,code,L,70004571,ST,2006-01-07T17:25,2006-01-07T19:00,CDG,1874672702
CBHTNHWL,code,L,70004572,ST,2006-01-07T19:50,2006-01-07T21:05,NCE,1874672702
ODEFPGTS,code,L,70004648,CP,2006-01-07T10:55,2006-01-07T13:25,TLS,1194650126
ODEFPGTS,code,L,70004649,CP,2006-01-07T15:00,2006-01-07T16:25,CDG,1194650126
ODEFPGTS,code,L,70004652,CP,2006-01-07T17:15,2006-01-07T18:45,TLS,1194650126
ODEFPGTS,code,L,70004655,CP,2006-01-07T19:25,2006-01-07T21:35,CDG,1194650126
FFGNIQAY,code,L,70004648,FO,2006-01-07T10:55,2006-01-07T13:25,TLS,1194650126
FFGNIQAY,code,L,70004649,FO,2006-01-07T15:00,2006-01-07T16:25,CDG,1194650126
FFGNIQAY,code,L,70004652,FO,2006-01-07T17:15,2006-01-07T18:45,TLS,1194650126
FFGNIQAY,code,L,70004655,FO,2006-01-07T19:25,2006-01-07T21:35,CDG,1194650126
KAYCYBOM,code,L,70004648,CS,2006-01-07T10:55,2006-01-07T13:25,TLS,1194650126
KAYCYBOM,code,L,70004649,CS,2006-01-07T15:00,2006-01-07T16:25,CDG,1194650126
KAYCYBOM,code,L,70004652,CS,2006-01-07T17:15,2006-01-07T18:45,TLS,1194650126
KAYCYBOM,code,L,70004655,CS,2006-01-07T19:25,2006-01-07T21:35,CDG,1194650126
ZNZAGGIF,code,L,70004648,CS,2006-01-07T10:55,2006-01-07T13:25,TLS,1194650126
ZNZAGGIF,code,L,70004649,CS,2006-01-07T15:00,2006-01-07T16:25,CDG,1194650126
ZNZAGGIF,code,L,70004652,CS,2006-01-07T17:15,2006-01-07T18:45,TLS,1194650126
ZNZAGGIF,code,L,70004655,CS,2006-01-07T19:25,2006-01-07T21:35,CDG,1194650126
NIUEBSYX,code,L,70004648,ST,2006-01-07T10:55,2006-01-07T13:25,TLS,1194650126
NIUEBSYX,code,L,70004649,ST,2006-01-07T15:00,2006-01-07T16:25,CDG,1194650126
NIUEBSYX,code,L,70004652,ST,2006-01-07T17:15,2006-01-07T18:45,TLS,1194650126
NIUEBSYX,code,L,70004655,ST,2006-01-07T19:25,2006-01-07T21:35,CDG,1194650126
BHXBYNKQ,code,L,70004648,ST,2006-01-07T10:55,2006-01-07T13:25,TLS,1194650126
BHXBYNKQ,code,L,70004649,ST,2006-01-07T15:00,2006-01-07T16:25,CDG,1194650126
BHXBYNKQ,code,L,70004652,ST,2006-01-07T17:15,2006-01-07T18:45,TLS,1194650126
BHXBYNKQ,code,L,70004655,ST,2006-01-07T19:25,2006-01-07T21:35,CDG,1194650126
MEZGZYWB,code,L,70004648,ST,2006-01-07T10:55,2006-01-07T13:25,TLS,1194650126
MEZGZYWB,code,L,70004649,ST,2006-01-07T15:00,2006-01-07T16:25,CDG,1194650126
MEZGZYWB,code,L,70004652,ST,2006-01-07T17:15,2006-01-07T18:45,TLS,1194650126
MEZGZYWB,code,L,70004655,ST,2006-01-07T19:25,2006-01-07T21:35,CDG,1194650126
JSOBHVHH,code,L,70004648,ST,2006-01-07T10:55,2006-01-07T13:25,TLS,1194650126
JSOBHVHH,code,L,70004649,ST,2006-01-07T15:00,2006-01-07T16:25,CDG,1194650126
JSOBHVHH,code,L,70004652,ST,2006-01-07T17:15,2006-01-07T18:45,TLS,1194650126
JSOBHVHH,code,L,70004655,ST,2006-01-07T19:25,2006-01-07T21:35,CDG,1194650126
YGSXPLHO,code,L,70004648,ST,2006-01-07T10:55,2006-01-07T13:25,TLS,1194650126
YGSXPLHO,code,L,70004649,ST,2006-01-07T15:00,2006-01-07T16:25,CDG,1194650126
YGSXPLHO,code,L,70004652,ST,2006-01-07T17:15,2006-01-07T18:45,TLS,1194650126
YGSXPLHO,code,L,70004655,ST,2006-01-07T19:25,2006-01-07T21:35,CDG,1194650126
CCSQWQTX,code,L,70004648,ST,2006-01-07T10:55,2006-01-07T13:25,TLS,1194650126
CCSQWQTX,code,L,70004649,ST,2006-01-07T15:00,2006-01-07T16:25,CDG,1194650126
CCSQWQTX,code,L,70004652,ST,2006-01-07T17:15,2006-01-07T18:45,TLS,1194650126
CCSQWQTX,code,L,70004655,ST,2006-01-07T19:25,2006-01-07T21:35,CDG,1194650126
BPBRDDKQ,code,L,70004387,CP,2006-01-07T11:00,2006-01-07T13:20,ORY,363927940
BPBRDDKQ,code,L,70004388,CP,2006-01-07T14:05,2006-01-07T15:30,PGF,363927940
BPBRDDKQ,code,L,70004459,CP,2006-01-07T17:10,2006-01-07T18:45,ORY,363927940
BPBRDDKQ,code,L,70004454,CP,2006-01-07T19:35,2006-01-07T21:55,BIA,363927940
YXOLKXJA,code,L,70004387,FO,2006-01-07T11:00,2006-01-07T13:20,ORY,363927940
YXOLKXJA,code,L,70004388,FO,2006-01-07T14:05,2006-01-07T15:30,PGF,363927940
YXOLKXJA,code,L,70004459,FO,2006-01-07T17:10,2006-01-07T18:45,ORY,363927940
YXOLKXJA,code,L,70004454,FO,2006-01-07T19:35,2006-01-07T21:55,BIA,363927940
HZVWHCGC,code,L,70004387,CS,2006-01-07T11:00,2006-01-07T13:20,ORY,363927940
HZVWHCGC,code,L,70004388,CS,2006-01-07T14:05,2006-01-07T15:30,PGF,363927940
HZVWHCGC,code,L,70004459,CS,2006-01-07T17:10,2006-01-07T18:45,ORY,363927940
HZVWHCGC,code,L,70004454,CS,2006-01-07T19:35,2006-01-07T21:55,BIA,363927940
SZGUDIRB,code,L,70004387,CS,2006-01-07T11:00,2006-01-07T13:20,ORY,363927940
SZGUDIRB,code,L,70004388,CS,2006-01-07T14:05,2006-01-07T15:30,PGF,363927940
SZGUDIRB,code,L,70004459,CS,2006-01-07T17:10,2006-01-07T18:45,ORY,363927940
SZGUDIRB,code,L,70004454,CS,2006-01-07T19:35,2006-01-07T21:55,BIA,363927940
SVCECUYL,code,L,70004387,ST,2006-01-07T11:00,2006-01-07T13:20,ORY,363927940
SVCECUYL,code,L,70004388,ST,2006-01-07T14:05,2006-01-07T15:30,PGF,363927940
SVCECUYL,code,L,70004459,ST,2006-01-07T17:10,2006-01-07T18:45,ORY,363927940
SVCECUYL,code,L,70004454,ST,2006-01-07T19:35,2006-01-07T21:55,BIA,363927940
OVQLMLWT,code,L,70004387,ST,2006-01-07T11:00,2006-01-07T13:20,ORY,363927940
OVQLMLWT,code,L,70004388,ST,2006-01-07T14:05,2006-01-07T15:30,PGF,363927940
OVQLMLWT,code,L,70004459,ST,2006-01-07T17:10,2006-01-07T18:45,ORY,363927940
OVQLMLWT,code,L,70004454,ST,2006-01-07T19:35,2006-01-07T21:55,BIA,363927940
YLNBJUUZ,code,L,70004387,ST,2006-01-07T11:00,2006-01-07T13:20,ORY,363927940
YLNBJUUZ,code,L,70004388,ST,2006-01-07T14:05,2006-01-07T15:30,PGF,363927940
YLNBJUUZ,code,L,70004459,ST,2006-01-07T17:10,2006-01-07T18:45,ORY,363927940
YLNBJUUZ,code,L,70004454,ST,2006-01-07T19:35,2006-01-07T21:55,BIA,363927940
ERBDVXRA,code,L,70004387,ST,2006-01-07T11:00,2006-01-07T13:20,ORY,363927940
ERBDVXRA,code,L,70004388,ST,2006-01-07T14:05,2006-01-07T15:30,PGF,363927940
ERBDVXRA,code,L,70004459,ST,2006-01-07T17:10,2006-01-07T18:45,ORY,363927940
ERBDVXRA,code,L,70004454,ST,2006-01-07T19:35,2006-01-07T21:55,BIA,363927940
OOMWGZPS,code,L,70004387,ST,2006-01-07T11:00,2006-01-07T13:20,ORY,363927940
OOMWGZPS,code,L,70004388,ST,2006-01-07T14:05,2006-01-07T15:30,PGF,363927940
OOMWGZPS,code,L,70004459,ST,2006-01-07T17:10,2006-01-07T18:45,ORY,363927940
OOMWGZPS,code,L,70004454,ST,2006-01-07T19:35,2006-01-07T21:55,BIA,363927940
KACBQAZJ,code,L,70004387,ST,2006-01-07T11:00,2006-01-07T13:20,ORY,363927940
KACBQAZJ,code,L,70004388,ST,2006-01-07T14:05,2006-01-07T15:30,PGF,363927940
KACBQAZJ,code,L,70004459,ST,2006-01-07T17:10,2006-01-07T18:45,ORY,363927940
KACBQAZJ,code,L,70004454,ST,2006-01-07T19:35,2006-01-07T21:55,BIA,363927940
MBUTBDTM,code,L,70004566,CP,2006-01-07T11:00,2006-01-07T13:35,NCE,1328157009
MBUTBDTM,code,L,70004569,CP,2006-01-07T14:40,2006-01-07T16:15,CDG,1328157009
MBUTBDTM,code,L,70003106,CP,2006-01-07T17:05,2006-01-07T18:30,NCE,1328157009
MBUTBDTM,code,L,70003071,CP,2006-01-07T19:20,2006-01-07T21:05,ORY,1328157009
YTZYLHUN,code,L,70004566,FO,2006-01-07T11:00,2006-01-07T13:35,NCE,1328157009
YTZYLHUN,code,L,70004569,FO,2006-01-07T14:40,2006-01-07T16:15,CDG,1328157009
YTZYLHUN,code,L,70003106,FO,2006-01-07T17:05,2006-01-07T18:30,NCE,1328157009
YTZYLHUN,code,L,70003071,FO,2006-01-07T19:20,2006-01-07T21:05,ORY,1328157009
ZGMXAOIJ,code,L,70004566,CS,2006-01-07T11:00,2006-01-07T13:35,NCE,1328157009
ZGMXAOIJ,code,L,70004569,CS,2006-01-07T14:40,2006-01-07T16:15,CDG,1328157009
ZGMXAOIJ,code,L,70003106,CS,2006-01-07T17:05,2006-01-07T18:30,NCE,1328157009
ZGMXAOIJ,code,L,70003071,CS,2006-01-07T19:20,2006-01-07T21:05,ORY,1328157009
ZAUPDNST,code,L,70004566,CS,2006-01-07T11:00,2006-01-07T13:35,NCE,1328157009
ZAUPDNST,code,L,70004569,CS,2006-01-07T14:40,2006-01-07T16:15,CDG,1328157009
ZAUPDNST,code,L,70003106,CS,2006-01-07T17:05,2006-01-07T18:30,NCE,1328157009
ZAUPDNST,code,L,70003071,CS,2006-01-07T19:20,2006-01-07T21:05,ORY,1328157009
MPMYYVPV,code,L,70004566,ST,2006-01-07T11:00,2006-01-07T13:35,NCE,1328157009
MPMYYVPV,code,L,70004569,ST,2006-01-07T14:40,2006-01-07T16:15,CDG,1328157009
MPMYYVPV,code,L,70003106,ST,2006-01-07T17:05,2006-01-07T18:30,NCE,1328157009
MPMYYVPV,code,L,70003071,ST,2006-01-07T19:20,2006-01-07T21:05,ORY,1328157009
BSNEQCNR,code,L,70004566,ST,2006-01-07T11:00,2006-01-07T13:35,NCE,1328157009
BSNEQCNR,code,L,70004569,ST,2006-01-07T14:40,2006-01-07T16:15,CDG,1328157009
BSNEQCNR,code,L,70003106,ST,2006-01-07T17:05,2006-01-07T18:30,NCE,1328157009
BSNEQCNR,code,L,70003071,ST,2006-01-07T19:20,2006-01-07T21:05,ORY,1328157009
SFPWXNIU,code,L,70004566,ST,2006-01-07T11:00,2006-01-07T13:35,NCE,1328157009
SFPWXNIU,code,L,70004569,ST,2006-01-07T14:40,2006-01-07T16:15,CDG,1328157009
SFPWXNIU,code,L,70003106,ST,2006-01-07T17:05,2006-01-07T18:30,NCE,1328157009
SFPWXNIU,code,L,70003071,ST,2006-01-07T19:20,2006-01-07T21:05,ORY,1328157009
UKOIRRHA,code,L,70004566,ST,2006-01-07T11:00,2006-01-07T13:35,NCE,1328157009
UKOIRRHA,code,L,70004569,ST,2006-01-07T14:40,2006-01-07T16:15,CDG,1328157009
UKOIRRHA,code,L,70003106,ST,2006-01-07T17:05,2006-01-07T18:30,NCE,1328157009
UKOIRRHA,code,L,70003071,ST,2006-01-07T19:20,2006-01-07T21:05,ORY,1328157009
VNRJRGZC,code,L,70004566,ST,2006-01-07T11:00,2006-01-07T13:35,NCE,1328157009
VNRJRGZC,code,L,70004569,ST,2006-01-07T14:40,2006-01-07T16:15,CDG,1328157009
VNRJRGZC,code,L,70003106,ST,2006-01-07T17:05,2006-01-07T18:30,NCE,1328157009
VNRJRGZC,code,L,70003071,ST,2006-01-07T19:20,2006-01-07T21:05,ORY,1328157009
GEUMQZPK,code,L,70004566,ST,2006-01-07T11:00,2006-01-07T13:35,NCE,1328157009
GEUMQZPK,code,L,70004569,ST,2006-01-07T14:40,2006-01-07T16:15,CDG,1328157009
GEUMQZPK,code,L,70003106,ST,2006-01-07T17:05,2006-01-07T18:30,NCE,1328157009
GEUMQZPK,code,L,70003071,ST,2006-01-07T19:20,2006-01-07T21:05,ORY,1328157009
GDKNLKIE,code,L,70004528,CP,2006-01-07T11:05,2006-01-07T13:35,MRS,134667610
GDKNLKIE,code,L,70004529,CP,2006-01-07T14:35,2006-01-07T16:00,CDG,134667610
GDKNLKIE,code,L,70002870,CP,2006-01-07T17:00,2006-01-07T18:20,MRS,134667610
GDKNLKIE,code,L,70002867,CP,2006-01-07T19:10,2006-01-07T21:10,ORY,134667610
VAYUNCIC,code,L,70004528,FO,2006-01-07T11:05,2006-01-07T13:35,MRS,134667610
VAYUNCIC,code,L,70004529,FO,2006-01-07T14:35,2006-01-07T16:00,CDG,134667610
VAYUNCIC,code,L,70002870,FO,2006-01-07T17:00,2006-01-07T18:20,MRS,134667610
VAYUNCIC,code,L,70002867,FO,2006-01-07T19:10,2006-01-07T21:10,ORY,134667610
RNKLTPWO,code,L,70004528,CS,2006-01-07T11:05,2006-01-07T13:35,MRS,134667610
RNKLTPWO,code,L,70004529,CS,2006-01-07T14:35,2006-01-07T16:00,CDG,134667610
RNKLTPWO,code,L,70002870,CS,2006-01-07T17:00,2006-01-07T18:20,MRS,134667610
RNKLTPWO,code,L,70002867,CS,2006-01-07T19:10,2006-01-07T21:10,ORY,134667610
RCABMPPZ,code,L,70004528,CS,2006-01-07T11:05,2006-01-07T13:35,MRS,134667610
RCABMPPZ,code,L,70004529,CS,2006-01-07T14:35,2006-01-07T16:00,CDG,134667610
RCABMPPZ,code,L,70002870,CS,2006-01-07T17:00,2006-01-07T18:20,MRS,134667610
RCABMPPZ,code,L,70002867,CS,2006-01-07T19:10,2006-01-07T21:10,ORY,134667610
DBMAIBQW,code,L,70004528,ST,2006-01-07T11:05,2006-01-07T13:35,MRS,134667610
DBMAIBQW,code,L,70004529,ST,2006-01-07T14:35,2006-01-07T16:00,CDG,134667610
DBMAIBQW,code,L,70002870,ST,2006-01-07T17:00,2006-01-07T18:20,MRS,134667610
DBMAIBQW,code,L,70002867,ST,2006-01-07T19:10,2006-01-07T21:10,ORY,134667610
LAVDGGJE,code,L,70004528,ST,2006-01-07T11:05,2006-01-07T13:35,MRS,134667610
LAVDGGJE,code,L,70004529,ST,2006-01-07T14:35,2006-01-07T16:00,CDG,134667610
LAVDGGJE,code,L,70002870,ST,2006-01-07T17:00,2006-01-07T18:20,MRS,134667610
LAVDGGJE,code,L,70002867,ST,2006-01-07T19:10,2006-01-07T21:10,ORY,134667610
BAGXVEDQ,code,L,70004528,ST,2006-01-07T11:05,2006-01-07T13:35,MRS,134667610
BAGXVEDQ,code,L,70004529,ST,2006-01-07T14:35,2006-01-07T16:00,CDG,134667610
BAGXVEDQ,code,L,70002870,ST,2006-01-07T17:00,2006-01-07T18:20,MRS,134667610
BAGXVEDQ,code,L,70002867,ST,2006-01-07T19:10,2006-01-07T21:10,ORY,134667610
RERHXJWI,code,L,70004528,ST,2006-01-07T11:05,2006-01-07T13:35,MRS,134667610
RERHXJWI,code,L,70004529,ST,2006-01-07T14:35,2006-01-07T16:00,CDG,134667610
RERHXJWI,code,L,70002870,ST,2006-01-07T17:00,2006-01-07T18:20,MRS,134667610
RERHXJWI,code,L,70002867,ST,2006-01-07T19:10,2006-01-07T21:10,ORY,134667610
VHRZZJQO,code,L,70004528,ST,2006-01-07T11:05,2006-01-07T13:35,MRS,134667610
VHRZZJQO,code,L,70004529,ST,2006-01-07T14:35,2006-01-07T16:00,CDG,134667610
VHRZZJQO,code,L,70002870,ST,2006-01-07T17:00,2006-01-07T18:20,MRS,134667610
VHRZZJQO,code,L,70002867,ST,2006-01-07T19:10,2006-01-07T21:10,ORY,134667610
ISYFPIQU,code,L,70004528,ST,2006-01-07T11:05,2006-01-07T13:35,MRS,134667610
ISYFPIQU,code,L,70004529,ST,2006-01-07T14:35,2006-01-07T16:00,CDG,134667610
ISYFPIQU,code,L,70002870,ST,2006-01-07T17:00,2006-01-07T18:20,MRS,134667610
ISYFPIQU,code,L,70002867,ST,2006-01-07T19:10,2006-01-07T21:10,ORY,134667610
QXUZSLKT,code,L,70004602,CP,2006-01-07T11:15,2006-01-07T13:35,BES,1464848243
QXUZSLKT,code,L,70004601,CP,2006-01-07T14:45,2006-01-07T16:00,CDG,1464848243
QXUZSLKT,code,L,70004596,CP,2006-01-07T17:00,2006-01-07T18:20,BES,1464848243
QXUZSLKT,code,L,70004595,CP,2006-01-07T20:00,2006-01-07T22:00,CDG,1464848243
AFBLNDMX,code,L,70004602,FO,2006-01-07T11:15,2006-01-07T13:35,BES,1464848243
AFBLNDMX,code,L,70004601,FO,2006-01-07T14:45,2006-01-07T16:00,CDG,1464848243
AFBLNDMX,code,L,70004596,FO,2006-01-07T17:00,2006-01-07T18:20,BES,1464848243
AFBLNDMX,code,L,70004595,FO,2006-01-07T20:00,2006-01-07T22:00,CDG,1464848243
NHIBHCRD,code,L,70004602,CS,2006-01-07T11:15,2006-01-07T13:35,BES,1464848243
NHIBHCRD,code,L,70004601,CS,2006-01-07T14:45,2006-01-07T16:00,CDG,1464848243
NHIBHCRD,code,L,70004596,CS,2006-01-07T17:00,2006-01-07T18:20,BES,1464848243
NHIBHCRD,code,L,70004595,CS,2006-01-07T20:00,2006-01-07T22:00,CDG,1464848243
QVUZKLNX,code,L,70004602,CS,2006-01-07T11:15,2006-01-07T13:35,BES,1464848243
QVUZKLNX,code,L,70004601,CS,2006-01-07T14:45,2006-01-07T16:00,CDG,1464848243
QVUZKLNX,code,L,70004596,CS,2006-01-07T17:00,2006-01-07T18:20,BES,1464848243
QVUZKLNX,code,L,70004595,CS,2006-01-07T20:00,2006-01-07T22:00,CDG,1464848243
BSVXXYVE,code,L,70004602,ST,2006-01-07T11:15,2006-01-07T13:35,BES,1464848243
BSVXXYVE,code,L,70004601,ST,2006-01-07T14:45,2006-01-07T16:00,CDG,1464848243
BSVXXYVE,code,L,70004596,ST,2006-01-07T17:00,2006-01-07T18:20,BES,1464848243
BSVXXYVE,code,L,70004595,ST,2006-01-07T20:00,2006-01-07T22:00,CDG,1464848243
JQXKVNRV,code,L,70004602,ST,2006-01-07T11:15,2006-01-07T13:35,BES,1464848243
JQXKVNRV,code,L,70004601,ST,2006-01-07T14:45,2006-01-07T16:00,CDG,1464848243
JQXKVNRV,code,L,70004596,ST,2006-01-07T17:00,2006-01-07T18:20,BES,1464848243
JQXKVNRV,code,L,70004595,ST,2006-01-07T20:00,2006-01-07T22:00,CDG,1464848243
WFGKYGXH,code,L,70004602,ST,2006-01-07T11:15,2006-01-07T13:35,BES,1464848243
WFGKYGXH,code,L,70004601,ST,2006-01-07T14:45,2006-01-07T16:00,CDG,1464848243
WFGKYGXH,code,L,70004596,ST,2006-01-07T17:00,2006-01-07T18:20,BES,1464848243
WFGKYGXH,code,L,70004595,ST,2006-01-07T20:00,2006-01-07T22:00,CDG,1464848243
WQXORFOT,code,L,70004602,ST,2006-01-07T11:15,2006-01-07T13:35,BES,1464848243
WQXORFOT,code,L,70004601,ST,2006-01-07T14:45,2006-01-07T16:00,CDG,1464848243
WQXORFOT,code,L,70004596,ST,2006-01-07T17:00,2006-01-07T18:20,BES,1464848243
WQXORFOT,code,L,70004595,ST,2006-01-07T20:00,2006-01-07T22:00,CDG,1464848243
DISMJBET,code,L,70004602,ST,2006-01-07T11:15,2006-01-07T13:35,BES,1464848243
DISMJBET,code,L,70004601,ST,2006-01-07T14:45,2006-01-07T16:00,CDG,1464848243
DISMJBET,code,L,70004596,ST,2006-01-07T17:00,2006-01-07T18:20,BES,1464848243
DISMJBET,code,L,70004595,ST,2006-01-07T20:00,2006-01-07T22:00,CDG,1464848243
KTPFFIGK,code,L,70004602,ST,2006-01-07T11:15,2006-01-07T13:35,BES,1464848243
KTPFFIGK,code,L,70004601,ST,2006-01-07T14:45,2006-01-07T16:00,CDG,1464848243
KTPFFIGK,code,L,70004596,ST,2006-01-07T17:00,2006-01-07T18:20,BES,1464848243
KTPFFIGK,code,L,70004595,ST,2006-01-07T20:00,2006-01-07T22:00,CDG,1464848243
PTPEJUZE,code,L,70004410,CP,2006-01-07T11:20,2006-01-07T13:40,MPL,645237757
PTPEJUZE,code,L,70004413,CP,2006-01-07T14:25,2006-01-07T15:40,ORY,645237757
PTPEJUZE,code,L,70004414,CP,2006-01-07T16:25,2006-01-07T17:45,MPL,645237757
PTPEJUZE,code,L,70004407,CP,2006-01-07T18:30,2006-01-07T20:20,ORY,645237757
KONHPKIH,code,L,70004410,FO,2006-01-07T11:20,2006-01-07T13:40,MPL,645237757
KONHPKIH,code,L,70004413,FO,2006-01-07T14:25,2006-01-07T15:40,ORY,645237757
KONHPKIH,code,L,70004414,FO,2006-01-07T16:25,2006-01-07T17:45,MPL,645237757
KONHPKIH,code,L,70004407,FO,2006-01-07T18:30,2006-01-07T20:20,ORY,645237757
AXQRIZDJ,code,L,70004410,CS,2006-01-07T11:20,2006-01-07T13:40,MPL,645237757
AXQRIZDJ,code,L,70004413,CS,2006-01-07T14:25,2006-01-07T15:40,ORY,645237757
AXQRIZDJ,code,L,70004414,CS,2006-01-07T16:25,2006-01-07T17:45,MPL,645237757
AXQRIZDJ,code,L,70004407,CS,2006-01-07T18:30,2006-01-07T20:20,ORY,645237757
EVFZJSCU,code,L,70004410,CS,2006-01-07T11:20,2006-01-07T13:40,MPL,645237757
EVFZJSCU,code,L,70004413,CS,2006-01-07T14:25,2006-01-07T15:40,ORY,645237757
EVFZJSCU,code,L,70004414,CS,2006-01-07T16:25,2006-01-07T17:45,MPL,645237757
EVFZJSCU,code,L,70004407,CS,2006-01-07T18:30,2006-01-07T20:20,ORY,645237757
DRYXWJAN,code,L,70004410,ST,2006-01-07T11:20,2006-01-07T13:40,MPL,645237757
DRYXWJAN,code,L,70004413,ST,2006-01-07T14:25,2006-01-07T15:40,ORY,645237757
DRYXWJAN,code,L,70004414,ST,2006-01-07T16:25,2006-01-07T17:45,MPL,645237757
DRYXWJAN,code,L,70004407,ST,2006-01-07T18:30,2006-01-07T20:20,ORY,645237757
KBYQVTQI,code,L,70004410,ST,2006-01-07T11:20,2006-01-07T13:40,MPL,645237757
KBYQVTQI,code,L,70004413,ST,2006-01-07T14:25,2006-01-07T15:40,ORY,645237757
KBYQVTQI,code,L,70004414,ST,2006-01-07T16:25,2006-01-07T17:45,MPL,645237757
KBYQVTQI,code,L,70004407,ST,2006-01-07T18:30,2006-01-07T20:20,ORY,645237757
CAFZGCUU,code,L,70004410,ST,2006-01-07T11:20,2006-01-07T13:40,MPL,645237757
CAFZGCUU,code,L,70004413,ST,2006-01-07T14:25,2006-01-07T15:40,ORY,645237757
CAFZGCUU,code,L,70004414,ST,2006-01-07T16:25,2006-01-07T17:45,MPL,645237757
CAFZGCUU,code,L,70004407,ST,2006-01-07T18:30,2006-01-07T20:20,ORY,645237757
HRADWHQK,code,L,70004410,ST,2006-01-07T11:20,2006-01-07T13:40,MPL,645237757
HRADWHQK,code,L,70004413,ST,2006-01-07T14:25,2006-01-07T15:40,ORY,645237757
HRADWHQK,code,L,70004414,ST,2006-01-07T16:25,2006-01-07T17:45,MPL,645237757
HRADWHQK,code,L,70004407,ST,2006-01-07T18:30,2006-01-07T20:20,ORY,645237757
BJYVFDNB,code,L,70004410,ST,2006-01-07T11:20,2006-01-07T13:40,MPL,645237757
BJYVFDNB,code,L,70004413,ST,2006-01-07T14:25,2006-01-07T15:40,ORY,645237757
BJYVFDNB,code,L,70004414,ST,2006-01-07T16:25,2006-01-07T17:45,MPL,645237757
BJYVFDNB,code,L,70004407,ST,2006-01-07T18:30,2006-01-07T20:20,ORY,645237757
IYFVOIHK,code,L,70004410,ST,2006-01-07T11:20,2006-01-07T13:40,MPL,645237757
IYFVOIHK,code,L,70004413,ST,2006-01-07T14:25,2006-01-07T15:40,ORY,645237757
IYFVOIHK,code,L,70004414,ST,2006-01-07T16:25,2006-01-07T17:45,MPL,645237757
IYFVOIHK,code,L,70004407,ST,2006-01-07T18:30,2006-01-07T20:20,ORY,645237757
KDXJLCAM,code,L,70004487,CP,2006-01-07T11:25,2006-01-07T13:45,CDG,1767440095
KDXJLCAM,code,L,70004492,CP,2006-01-07T15:30,2006-01-07T17:40,BOD,1767440095
RTXOSTPZ,code,L,70004487,FO,2006-01-07T11:25,2006-01-07T13:45,CDG,1767440095
RTXOSTPZ,code,L,70004492,FO,2006-01-07T15:30,2006-01-07T17:40,BOD,1767440095
ULMUQSSQ,code,L,70004487,CS,2006-01-07T11:25,2006-01-07T13:45,CDG,1767440095
ULMUQSSQ,code,L,70004492,CS,2006-01-07T15:30,2006-01-07T17:40,BOD,1767440095
SBKPSXDX,code,L,70004487,CS,2006-01-07T11:25,2006-01-07T13:45,CDG,1767440095
SBKPSXDX,code,L,70004492,CS,2006-01-07T15:30,2006-01-07T17:40,BOD,1767440095
VFVDBYEA,code,L,70004487,ST,2006-01-07T11:25,2006-01-07T13:45,CDG,1767440095
VFVDBYEA,code,L,70004492,ST,2006-01-07T15:30,2006-01-07T17:40,BOD,1767440095
RESCWBPM,code,L,70004487,ST,2006-01-07T11:25,2006-01-07T13:45,CDG,1767440095
RESCWBPM,code,L,70004492,ST,2006-01-07T15:30,2006-01-07T17:40,BOD,1767440095
AKAKYHCR,code,L,70004487,ST,2006-01-07T11:25,2006-01-07T13:45,CDG,1767440095
AKAKYHCR,code,L,70004492,ST,2006-01-07T15:30,2006-01-07T17:40,BOD,1767440095
SQBHYTRJ,code,L,70004487,ST,2006-01-07T11:25,2006-01-07T13:45,CDG,1767440095
SQBHYTRJ,code,L,70004492,ST,2006-01-07T15:30,2006-01-07T17:40,BOD,1767440095
JCGEWDUS,code,L,70004487,ST,2006-01-07T11:25,2006-01-07T13:45,CDG,1767440095
JCGEWDUS,code,L,70004492,ST,2006-01-07T15:30,2006-01-07T17:40,BOD,1767440095
RPLFHMGJ,code,L,70004487,ST,2006-01-07T11:25,2006-01-07T13:45,CDG,1767440095
RPLFHMGJ,code,L,70004492,ST,2006-01-07T15:30,2006-01-07T17:40,BOD,1767440095
LMHVAAUF,code,L,70002595,CP,2006-01-07T11:30,2006-01-07T13:40,CFR,282134252
LMHVAAUF,code,L,70002596,CP,2006-01-07T15:00,2006-01-07T17:00,LYS,282134252
JFJDZSEM,code,L,70002595,FO,2006-01-07T11:30,2006-01-07T13:40,CFR,282134252
JFJDZSEM,code,L,70002596,FO,2006-01-07T15:00,2006-01-07T17:00,LYS,282134252
NHSJMCLH,code,L,70002595,CS,2006-01-07T11:30,2006-01-07T13:40,CFR,282134252
NHSJMCLH,code,L,70002596,CS,2006-01-07T15:00,2006-01-07T17:00,LYS,282134252
UQCRODFB,code,L,70002595,ST,2006-01-07T11:30,2006-01-07T13:40,CFR,282134252
UQCRODFB,code,L,70002596,ST,2006-01-07T15:00,2006-01-07T17:00,LYS,282134252
NGDXHNIR,code,L,70002595,ST,2006-01-07T11:30,2006-01-07T13:40,CFR,282134252
NGDXHNIR,code,L,70002596,ST,2006-01-07T15:00,2006-01-07T17:00,LYS,282134252
KEJPDPMP,code,L,70002595,ST,2006-01-07T11:30,2006-01-07T13:40,CFR,282134252
KEJPDPMP,code,L,70002596,ST,2006-01-07T15:00,2006-01-07T17:00,LYS,282134252
GWVVNQVW,code,L,70004490,CP,2006-01-07T11:35,2006-01-07T14:00,BOD,384385166
GWVVNQVW,code,L,70004549,CP,2006-01-07T17:45,2006-01-07T19:10,CDG,384385166
GWVVNQVW,code,L,70004548,CP,2006-01-07T20:00,2006-01-07T22:05,MPL,384385166
SWTYZPIA,code,L,70004490,FO,2006-01-07T11:35,2006-01-07T14:00,BOD,384385166
SWTYZPIA,code,L,70004549,FO,2006-01-07T17:45,2006-01-07T19:10,CDG,384385166
SWTYZPIA,code,L,70004548,FO,2006-01-07T20:00,2006-01-07T22:05,MPL,384385166
CFTVLAWC,code,L,70004490,CS,2006-01-07T11:35,2006-01-07T14:00,BOD,384385166
CFTVLAWC,code,L,70004549,CS,2006-01-07T17:45,2006-01-07T19:10,CDG,384385166
CFTVLAWC,code,L,70004548,CS,2006-01-07T20:00,2006-01-07T22:05,MPL,384385166
XCMQWWWQ,code,L,70004490,CS,2006-01-07T11:35,2006-01-07T14:00,BOD,384385166
XCMQWWWQ,code,L,70004549,CS,2006-01-07T17:45,2006-01-07T19:10,CDG,384385166
XCMQWWWQ,code,L,70004548,CS,2006-01-07T20:00,2006-01-07T22:05,MPL,384385166
COWKOXUS,code,L,70004490,ST,2006-01-07T11:35,2006-01-07T14:00,BOD,384385166
COWKOXUS,code,L,70004549,ST,2006-01-07T17:45,2006-01-07T19:10,CDG,384385166
COWKOXUS,code,L,70004548,ST,2006-01-07T20:00,2006-01-07T22:05,MPL,384385166
AZBKMEZT,code,L,70004490,ST,2006-01-07T11:35,2006-01-07T14:00,BOD,384385166
AZBKMEZT,code,L,70004549,ST,2006-01-07T17:45,2006-01-07T19:10,CDG,384385166
AZBKMEZT,code,L,70004548,ST,2006-01-07T20:00,2006-01-07T22:05,MPL,384385166
KFYJUZUR,code,L,70004490,ST,2006-01-07T11:35,2006-01-07T14:00,BOD,384385166
KFYJUZUR,code,L,70004549,ST,2006-01-07T17:45,2006-01-07T19:10,CDG,384385166
KFYJUZUR,code,L,70004548,ST,2006-01-07T20:00,2006-01-07T22:05,MPL,384385166
FSSVQJNF,code,L,70004490,ST,2006-01-07T11:35,2006-01-07T14:00,BOD,384385166
FSSVQJNF,code,L,70004549,ST,2006-01-07T17:45,2006-01-07T19:10,CDG,384385166
FSSVQJNF,code,L,70004548,ST,2006-01-07T20:00,2006-01-07T22:05,MPL,384385166
SDKDFHYR,code,L,70004490,ST,2006-01-07T11:35,2006-01-07T14:00,BOD,384385166
SDKDFHYR,code,L,70004549,ST,2006-01-07T17:45,2006-01-07T19:10,CDG,384385166
SDKDFHYR,code,L,70004548,ST,2006-01-07T20:00,2006-01-07T22:05,MPL,384385166
TMJVTHFV,code,L,70004490,ST,2006-01-07T11:35,2006-01-07T14:00,BOD,384385166
TMJVTHFV,code,L,70004549,ST,2006-01-07T17:45,2006-01-07T19:10,CDG,384385166
TMJVTHFV,code,L,70004548,ST,2006-01-07T20:00,2006-01-07T22:05,MPL,384385166
DYOENIZN,code,L,70002619,CP,2006-01-07T11:35,2006-01-07T13:50,RNS,1398633607
DYOENIZN,code,L,70002620,CP,2006-01-07T14:45,2006-01-07T16:50,LYS,1398633607
WEQMUBGY,code,L,70002619,FO,2006-01-07T11:35,2006-01-07T13:50,RNS,1398633607
WEQMUBGY,code,L,70002620,FO,2006-01-07T14:45,2006-01-07T16:50,LYS,1398633607
BBHTWFLC,code,L,70002619,CSD,2006-01-07T11:35,2006-01-07T13:50,RNS,1398633607
BBHTWFLC,code,L,70002620,CSD,2006-01-07T14:45,2006-01-07T16:50,LYS,1398633607
MPKKMHAZ,code,L,70002619,ST,2006-01-07T11:35,2006-01-07T13:50,RNS,1398633607
MPKKMHAZ,code,L,70002620,ST,2006-01-07T14:45,2006-01-07T16:50,LYS,1398633607
THXGZTPP,code,L,70002619,ST,2006-01-07T11:35,2006-01-07T13:50,RNS,1398633607
THXGZTPP,code,L,70002620,ST,2006-01-07T14:45,2006-01-07T16:50,LYS,1398633607
ROTSCUTM,code,L,70004668,CP,2006-01-07T11:45,2006-01-07T13:55,BOD,1662778767
ROTSCUTM,code,L,70004669,CP,2006-01-07T14:55,2006-01-07T16:00,LYS,1662778767
ROTSCUTM,code,L,70004664,CP,2006-01-07T16:55,2006-01-07T18:05,BOD,1662778767
ROTSCUTM,code,L,70004665,CP,2006-01-07T19:00,2006-01-07T20:50,LYS,1662778767
EJWDDWXS,code,L,70004668,FO,2006-01-07T11:45,2006-01-07T13:55,BOD,1662778767
EJWDDWXS,code,L,70004669,FO,2006-01-07T14:55,2006-01-07T16:00,LYS,1662778767
EJWDDWXS,code,L,70004664,FO,2006-01-07T16:55,2006-01-07T18:05,BOD,1662778767
EJWDDWXS,code,L,70004665,FO,2006-01-07T19:00,2006-01-07T20:50,LYS,1662778767
ZJBRHVQV,code,L,70004668,CS,2006-01-07T11:45,2006-01-07T13:55,BOD,1662778767
ZJBRHVQV,code,L,70004669,CS,2006-01-07T14:55,2006-01-07T16:00,LYS,1662778767
ZJBRHVQV,code,L,70004664,CS,2006-01-07T16:55,2006-01-07T18:05,BOD,1662778767
ZJBRHVQV,code,L,70004665,CS,2006-01-07T19:00,2006-01-07T20:50,LYS,1662778767
WYCLAJAX,code,L,70004668,CS,2006-01-07T11:45,2006-01-07T13:55,BOD,1662778767
WYCLAJAX,code,L,70004669,CS,2006-01-07T14:55,2006-01-07T16:00,LYS,1662778767
WYCLAJAX,code,L,70004664,CS,2006-01-07T16:55,2006-01-07T18:05,BOD,1662778767
WYCLAJAX,code,L,70004665,CS,2006-01-07T19:00,2006-01-07T20:50,LYS,1662778767
IOHIPYTV,code,L,70004668,ST,2006-01-07T11:45,2006-01-07T13:55,BOD,1662778767
IOHIPYTV,code,L,70004669,ST,2006-01-07T14:55,2006-01-07T16:00,LYS,1662778767
IOHIPYTV,code,L,70004664,ST,2006-01-07T16:55,2006-01-07T18:05,BOD,1662778767
IOHIPYTV,code,L,70004665,ST,2006-01-07T19:00,2006-01-07T20:50,LYS,1662778767
FFCLTMIK,code,L,70004668,ST,2006-01-07T11:45,2006-01-07T13:55,BOD,1662778767
FFCLTMIK,code,L,70004669,ST,2006-01-07T14:55,2006-01-07T16:00,LYS,1662778767
FFCLTMIK,code,L,70004664,ST,2006-01-07T16:55,2006-01-07T18:05,BOD,1662778767
FFCLTMIK,code,L,70004665,ST,2006-01-07T19:00,2006-01-07T20:50,LYS,1662778767
JCFQEVEC,code,L,70004668,ST,2006-01-07T11:45,2006-01-07T13:55,BOD,1662778767
JCFQEVEC,code,L,70004669,ST,2006-01-07T14:55,2006-01-07T16:00,LYS,1662778767
JCFQEVEC,code,L,70004664,ST,2006-01-07T16:55,2006-01-07T18:05,BOD,1662778767
JCFQEVEC,code,L,70004665,ST,2006-01-07T19:00,2006-01-07T20:50,LYS,1662778767
IRGUHTDY,code,L,70004668,ST,2006-01-07T11:45,2006-01-07T13:55,BOD,1662778767
IRGUHTDY,code,L,70004669,ST,2006-01-07T14:55,2006-01-07T16:00,LYS,1662778767
IRGUHTDY,code,L,70004664,ST,2006-01-07T16:55,2006-01-07T18:05,BOD,1662778767
IRGUHTDY,code,L,70004665,ST,2006-01-07T19:00,2006-01-07T20:50,LYS,1662778767
BIOZOUMN,code,L,70004668,ST,2006-01-07T11:45,2006-01-07T13:55,BOD,1662778767
BIOZOUMN,code,L,70004669,ST,2006-01-07T14:55,2006-01-07T16:00,LYS,1662778767
BIOZOUMN,code,L,70004664,ST,2006-01-07T16:55,2006-01-07T18:05,BOD,1662778767
BIOZOUMN,code,L,70004665,ST,2006-01-07T19:00,2006-01-07T20:50,LYS,1662778767
GRJDRMSH,code,L,70004668,ST,2006-01-07T11:45,2006-01-07T13:55,BOD,1662778767
GRJDRMSH,code,L,70004669,ST,2006-01-07T14:55,2006-01-07T16:00,LYS,1662778767
GRJDRMSH,code,L,70004664,ST,2006-01-07T16:55,2006-01-07T18:05,BOD,1662778767
GRJDRMSH,code,L,70004665,ST,2006-01-07T19:00,2006-01-07T20:50,LYS,1662778767
IBEIITXB,code,L,70003091,CP,2006-01-07T12:00,2006-01-07T14:20,ORY,1880812379
IBEIITXB,code,L,70003084,CP,2006-01-07T15:05,2006-01-07T16:30,NCE,1880812379
IBEIITXB,code,L,70003099,CP,2006-01-07T17:10,2006-01-07T18:30,ORY,1880812379
IBEIITXB,code,L,70003094,CP,2006-01-07T19:25,2006-01-07T21:05,NCE,1880812379
AHRIUVXJ,code,L,70003091,FO,2006-01-07T12:00,2006-01-07T14:20,ORY,1880812379
AHRIUVXJ,code,L,70003084,FO,2006-01-07T15:05,2006-01-07T16:30,NCE,1880812379
AHRIUVXJ,code,L,70003099,FO,2006-01-07T17:10,2006-01-07T18:30,ORY,1880812379
AHRIUVXJ,code,L,70003094,FO,2006-01-07T19:25,2006-01-07T21:05,NCE,1880812379
KMSQHUEV,code,L,70003091,CS,2006-01-07T12:00,2006-01-07T14:20,ORY,1880812379
KMSQHUEV,code,L,70003084,CS,2006-01-07T15:05,2006-01-07T16:30,NCE,1880812379
KMSQHUEV,code,L,70003099,CS,2006-01-07T17:10,2006-01-07T18:30,ORY,1880812379
KMSQHUEV,code,L,70003094,CS,2006-01-07T19:25,2006-01-07T21:05,NCE,1880812379
WOUESOWB,code,L,70003091,CS,2006-01-07T12:00,2006-01-07T14:20,ORY,1880812379
WOUESOWB,code,L,70003084,CS,2006-01-07T15:05,2006-01-07T16:30,NCE,1880812379
WOUESOWB,code,L,70003099,CS,2006-01-07T17:10,2006-01-07T18:30,ORY,1880812379
WOUESOWB,code,L,70003094,CS,2006-01-07T19:25,2006-01-07T21:05,NCE,1880812379
IVDJDJXJ,code,L,70003091,ST,2006-01-07T12:00,2006-01-07T14:20,ORY,1880812379
IVDJDJXJ,code,L,70003084,ST,2006-01-07T15:05,2006-01-07T16:30,NCE,1880812379
IVDJDJXJ,code,L,70003099,ST,2006-01-07T17:10,2006-01-07T18:30,ORY,1880812379
IVDJDJXJ,code,L,70003094,ST,2006-01-07T19:25,2006-01-07T21:05,NCE,1880812379
XQREVSFZ,code,L,70003091,ST,2006-01-07T12:00,2006-01-07T14:20,ORY,1880812379
XQREVSFZ,code,L,70003084,ST,2006-01-07T15:05,2006-01-07T16:30,NCE,1880812379
XQREVSFZ,code,L,70003099,ST,2006-01-07T17:10,2006-01-07T18:30,ORY,1880812379
XQREVSFZ,code,L,70003094,ST,2006-01-07T19:25,2006-01-07T21:05,NCE,1880812379
PAUGSPIP,code,L,70003091,ST,2006-01-07T12:00,2006-01-07T14:20,ORY,1880812379
PAUGSPIP,code,L,70003084,ST,2006-01-07T15:05,2006-01-07T16:30,NCE,1880812379
PAUGSPIP,code,L,70003099,ST,2006-01-07T17:10,2006-01-07T18:30,ORY,1880812379
PAUGSPIP,code,L,70003094,ST,2006-01-07T19:25,2006-01-07T21:05,NCE,1880812379
MUWBFKAI,code,L,70003091,ST,2006-01-07T12:00,2006-01-07T14:20,ORY,1880812379
MUWBFKAI,code,L,70003084,ST,2006-01-07T15:05,2006-01-07T16:30,NCE,1880812379
MUWBFKAI,code,L,70003099,ST,2006-01-07T17:10,2006-01-07T18:30,ORY,1880812379
MUWBFKAI,code,L,70003094,ST,2006-01-07T19:25,2006-01-07T21:05,NCE,1880812379
RZJDFJZF,code,L,70003091,ST,2006-01-07T12:00,2006-01-07T14:20,ORY,1880812379
RZJDFJZF,code,L,70003084,ST,2006-01-07T15:05,2006-01-07T16:30,NCE,1880812379
RZJDFJZF,code,L,70003099,ST,2006-01-07T17:10,2006-01-07T18:30,ORY,1880812379
RZJDFJZF,code,L,70003094,ST,2006-01-07T19:25,2006-01-07T21:05,NCE,1880812379
KBSMGVXT,code,L,70003091,ST,2006-01-07T12:00,2006-01-07T14:20,ORY,1880812379
KBSMGVXT,code,L,70003084,ST,2006-01-07T15:05,2006-01-07T16:30,NCE,1880812379
KBSMGVXT,code,L,70003099,ST,2006-01-07T17:10,2006-01-07T18:30,ORY,1880812379
KBSMGVXT,code,L,70003094,ST,2006-01-07T19:25,2006-01-07T21:05,NCE,1880812379
GGCJLAKH,code,L,70004174,CP,2006-01-07T12:35,2006-01-07T14:35,SXB,658194566
GGCJLAKH,code,L,70004389,CP,2006-01-07T15:35,2006-01-07T17:00,ORY,658194566
GGCJLAKH,code,L,70004390,CP,2006-01-07T17:50,2006-01-07T19:15,PGF,658194566
GGCJLAKH,code,L,70004169,CP,2006-01-07T20:00,2006-01-07T21:45,ORY,658194566
TOGZZQJO,code,L,70004174,FO,2006-01-07T12:35,2006-01-07T14:35,SXB,658194566
TOGZZQJO,code,L,70004389,FO,2006-01-07T15:35,2006-01-07T17:00,ORY,658194566
TOGZZQJO,code,L,70004390,FO,2006-01-07T17:50,2006-01-07T19:15,PGF,658194566
TOGZZQJO,code,L,70004169,FO,2006-01-07T20:00,2006-01-07T21:45,ORY,658194566
IIXDICRZ,code,L,70004174,CS,2006-01-07T12:35,2006-01-07T14:35,SXB,658194566
IIXDICRZ,code,L,70004389,CS,2006-01-07T15:35,2006-01-07T17:00,ORY,658194566
IIXDICRZ,code,L,70004390,CS,2006-01-07T17:50,2006-01-07T19:15,PGF,658194566
IIXDICRZ,code,L,70004169,CS,2006-01-07T20:00,2006-01-07T21:45,ORY,658194566
YEWIDFDF,code,L,70004174,CS,2006-01-07T12:35,2006-01-07T14:35,SXB,658194566
YEWIDFDF,code,L,70004389,CS,2006-01-07T15:35,2006-01-07T17:00,ORY,658194566
YEWIDFDF,code,L,70004390,CS,2006-01-07T17:50,2006-01-07T19:15,PGF,658194566
YEWIDFDF,code,L,70004169,CS,2006-01-07T20:00,2006-01-07T21:45,ORY,658194566
NPHDNOVM,code,L,70004174,ST,2006-01-07T12:35,2006-01-07T14:35,SXB,658194566
NPHDNOVM,code,L,70004389,ST,2006-01-07T15:35,2006-01-07T17:00,ORY,658194566
NPHDNOVM,code,L,70004390,ST,2006-01-07T17:50,2006-01-07T19:15,PGF,658194566
NPHDNOVM,code,L,70004169,ST,2006-01-07T20:00,2006-01-07T21:45,ORY,658194566
DIIXAATC,code,L,70004174,ST,2006-01-07T12:35,2006-01-07T14:35,SXB,658194566
DIIXAATC,code,L,70004389,ST,2006-01-07T15:35,2006-01-07T17:00,ORY,658194566
DIIXAATC,code,L,70004390,ST,2006-01-07T17:50,2006-01-07T19:15,PGF,658194566
DIIXAATC,code,L,70004169,ST,2006-01-07T20:00,2006-01-07T21:45,ORY,658194566
ZZVVFGCU,code,L,70004174,ST,2006-01-07T12:35,2006-01-07T14:35,SXB,658194566
ZZVVFGCU,code,L,70004389,ST,2006-01-07T15:35,2006-01-07T17:00,ORY,658194566
ZZVVFGCU,code,L,70004390,ST,2006-01-07T17:50,2006-01-07T19:15,PGF,658194566
ZZVVFGCU,code,L,70004169,ST,2006-01-07T20:00,2006-01-07T21:45,ORY,658194566
JPFMHICD,code,L,70004174,ST,2006-01-07T12:35,2006-01-07T14:35,SXB,658194566
JPFMHICD,code,L,70004389,ST,2006-01-07T15:35,2006-01-07T17:00,ORY,658194566
JPFMHICD,code,L,70004390,ST,2006-01-07T17:50,2006-01-07T19:15,PGF,658194566
JPFMHICD,code,L,70004169,ST,2006-01-07T20:00,2006-01-07T21:45,ORY,658194566
UDHOIINK,code,L,70004174,ST,2006-01-07T12:35,2006-01-07T14:35,SXB,658194566
UDHOIINK,code,L,70004389,ST,2006-01-07T15:35,2006-01-07T17:00,ORY,658194566
UDHOIINK,code,L,70004390,ST,2006-01-07T17:50,2006-01-07T19:15,PGF,658194566
UDHOIINK,code,L,70004169,ST,2006-01-07T20:00,2006-01-07T21:45,ORY,658194566
DXFSDPSX,code,L,70004174,ST,2006-01-07T12:35,2006-01-07T14:35,SXB,658194566
DXFSDPSX,code,L,70004389,ST,2006-01-07T15:35,2006-01-07T17:00,ORY,658194566
DXFSDPSX,code,L,70004390,ST,2006-01-07T17:50,2006-01-07T19:15,PGF,658194566
DXFSDPSX,code,L,70004169,ST,2006-01-07T20:00,2006-01-07T21:45,ORY,658194566
VGLXPBYN,code,L,70002874,CP,2006-01-07T13:00,2006-01-07T15:20,MRS,794882901
VGLXPBYN,code,L,70002907,CP,2006-01-07T18:35,2006-01-07T20:35,ORY,794882901
UWZFOTEZ,code,L,70002874,FO,2006-01-07T13:00,2006-01-07T15:20,MRS,794882901
UWZFOTEZ,code,L,70002907,FO,2006-01-07T18:35,2006-01-07T20:35,ORY,794882901
JEMFKUZT,code,L,70002874,CS,2006-01-07T13:00,2006-01-07T15:20,MRS,794882901
JEMFKUZT,code,L,70002907,CS,2006-01-07T18:35,2006-01-07T20:35,ORY,794882901
MGASDBJT,code,L,70002874,CS,2006-01-07T13:00,2006-01-07T15:20,MRS,794882901
MGASDBJT,code,L,70002907,CS,2006-01-07T18:35,2006-01-07T20:35,ORY,794882901
KFDRKXFT,code,L,70002874,ST,2006-01-07T13:00,2006-01-07T15:20,MRS,794882901
KFDRKXFT,code,L,70002907,ST,2006-01-07T18:35,2006-01-07T20:35,ORY,794882901
EKUKANKW,code,L,70002874,ST,2006-01-07T13:00,2006-01-07T15:20,MRS,794882901
EKUKANKW,code,L,70002907,ST,2006-01-07T18:35,2006-01-07T20:35,ORY,794882901
VCCXOBCX,code,L,70002874,ST,2006-01-07T13:00,2006-01-07T15:20,MRS,794882901
VCCXOBCX,code,L,70002907,ST,2006-01-07T18:35,2006-01-07T20:35,ORY,794882901
XKEQMXAT,code,L,70002874,ST,2006-01-07T13:00,2006-01-07T15:20,MRS,794882901
XKEQMXAT,code,L,70002907,ST,2006-01-07T18:35,2006-01-07T20:35,ORY,794882901
XJXAPPEQ,code,L,70002874,ST,2006-01-07T13:00,2006-01-07T15:20,MRS,794882901
XJXAPPEQ,code,L,70002907,ST,2006-01-07T18:35,2006-01-07T20:35,ORY,794882901
HCDQLFBO,code,L,70002874,ST,2006-01-07T13:00,2006-01-07T15:20,MRS,794882901
HCDQLFBO,code,L,70002907,ST,2006-01-07T18:35,2006-01-07T20:35,ORY,794882901
NGJCPHQB,code,L,70004619,CP,2006-01-07T13:30,2006-01-07T16:10,ETZ,1657007234
NGJCPHQB,code,L,70004620,CP,2006-01-07T18:50,2006-01-07T21:15,MRS,1657007234
GDCBKFLQ,code,L,70004619,FO,2006-01-07T13:30,2006-01-07T16:10,ETZ,1657007234
GDCBKFLQ,code,L,70004620,FO,2006-01-07T18:50,2006-01-07T21:15,MRS,1657007234
MADLPNUY,code,L,70004619,CS,2006-01-07T13:30,2006-01-07T16:10,ETZ,1657007234
MADLPNUY,code,L,70004620,CS,2006-01-07T18:50,2006-01-07T21:15,MRS,1657007234
REYYCXYY,code,L,70004619,CS,2006-01-07T13:30,2006-01-07T16:10,ETZ,1657007234
REYYCXYY,code,L,70004620,CS,2006-01-07T18:50,2006-01-07T21:15,MRS,1657007234
RAQQOZFI,code,L,70004619,ST,2006-01-07T13:30,2006-01-07T16:10,ETZ,1657007234
RAQQOZFI,code,L,70004620,ST,2006-01-07T18:50,2006-01-07T21:15,MRS,1657007234
MMOMSDHR,code,L,70004619,ST,2006-01-07T13:30,2006-01-07T16:10,ETZ,1657007234
MMOMSDHR,code,L,70004620,ST,2006-01-07T18:50,2006-01-07T21:15,MRS,1657007234
QLKQHRHE,code,L,70004619,ST,2006-01-07T13:30,2006-01-07T16:10,ETZ,1657007234
QLKQHRHE,code,L,70004620,ST,2006-01-07T18:50,2006-01-07T21:15,MRS,1657007234
EYAHSNSG,code,L,70004619,ST,2006-01-07T13:30,2006-01-07T16:10,ETZ,1657007234
EYAHSNSG,code,L,70004620,ST,2006-01-07T18:50,2006-01-07T21:15,MRS,1657007234
THIBQVQY,code,L,70004619,ST,2006-01-07T13:30,2006-01-07T16:10,ETZ,1657007234
THIBQVQY,code,L,70004620,ST,2006-01-07T18:50,2006-01-07T21:15,MRS,1657007234
OQSHSBIC,code,L,70004619,ST,2006-01-07T13:30,2006-01-07T16:10,ETZ,1657007234
OQSHSBIC,code,L,70004620,ST,2006-01-07T18:50,2006-01-07T21:15,MRS,1657007234
KBZIOGJC,code,L,70004435,CP,2006-01-07T13:40,2006-01-07T16:20,AJA,1015490648
KBZIOGJC,code,L,70004436,CP,2006-01-07T17:10,2006-01-07T19:35,ORY,1015490648
JGBQHRCH,code,L,70004435,FO,2006-01-07T13:40,2006-01-07T16:20,AJA,1015490648
JGBQHRCH,code,L,70004436,FO,2006-01-07T17:10,2006-01-07T19:35,ORY,1015490648
RQRQQENW,code,L,70004435,CS,2006-01-07T13:40,2006-01-07T16:20,AJA,1015490648
RQRQQENW,code,L,70004436,CS,2006-01-07T17:10,2006-01-07T19:35,ORY,1015490648
UQJIUHAF,code,L,70004435,CS,2006-01-07T13:40,2006-01-07T16:20,AJA,1015490648
UQJIUHAF,code,L,70004436,CS,2006-01-07T17:10,2006-01-07T19:35,ORY,1015490648
ZDAICWHM,code,L,70004435,ST,2006-01-07T13:40,2006-01-07T16:20,AJA,1015490648
ZDAICWHM,code,L,70004436,ST,2006-01-07T17:10,2006-01-07T19:35,ORY,1015490648
GDFXVZTA,code,L,70004435,ST,2006-01-07T13:40,2006-01-07T16:20,AJA,1015490648
GDFXVZTA,code,L,70004436,ST,2006-01-07T17:10,2006-01-07T19:35,ORY,1015490648
RTWNVPQO,code,L,70004435,ST,2006-01-07T13:40,2006-01-07T16:20,AJA,1015490648
RTWNVPQO,code,L,70004436,ST,2006-01-07T17:10,2006-01-07T19:35,ORY,1015490648
MEABIVNU,code,L,70004435,ST,2006-01-07T13:40,2006-01-07T16:20,AJA,1015490648
MEABIVNU,code,L,70004436,ST,2006-01-07T17:10,2006-01-07T19:35,ORY,1015490648
YQMYWIGR,code,L,70004435,ST,2006-01-07T13:40,2006-01-07T16:20,AJA,1015490648
YQMYWIGR,code,L,70004436,ST,2006-01-07T17:10,2006-01-07T19:35,ORY,1015490648
HEMHHUTN,code,L,70004435,ST,2006-01-07T13:40,2006-01-07T16:20,AJA,1015490648
HEMHHUTN,code,L,70004436,ST,2006-01-07T17:10,2006-01-07T19:35,ORY,1015490648
MEDYUPXY,code,L,70004578,CP,2006-01-07T14:35,2006-01-07T17:10,NCE,773559890
MEDYUPXY,code,L,70004575,CP,2006-01-07T18:30,2006-01-07T20:50,CDG,773559890
OJGMNOGT,code,L,70004578,FO,2006-01-07T14:35,2006-01-07T17:10,NCE,773559890
OJGMNOGT,code,L,70004575,FO,2006-01-07T18:30,2006-01-07T20:50,CDG,773559890
WLNEEHYW,code,L,70004578,CS,2006-01-07T14:35,2006-01-07T17:10,NCE,773559890
WLNEEHYW,code,L,70004575,CS,2006-01-07T18:30,2006-01-07T20:50,CDG,773559890
GUXRLUJZ,code,L,70004578,CS,2006-01-07T14:35,2006-01-07T17:10,NCE,773559890
GUXRLUJZ,code,L,70004575,CS,2006-01-07T18:30,2006-01-07T20:50,CDG,773559890
SDWDSLWJ,code,L,70004578,ST,2006-01-07T14:35,2006-01-07T17:10,NCE,773559890
SDWDSLWJ,code,L,70004575,ST,2006-01-07T18:30,2006-01-07T20:50,CDG,773559890
IELCSNIX,code,L,70004578,ST,2006-01-07T14:35,2006-01-07T17:10,NCE,773559890
IELCSNIX,code,L,70004575,ST,2006-01-07T18:30,2006-01-07T20:50,CDG,773559890
WZOROTAN,code,L,70004578,ST,2006-01-07T14:35,2006-01-07T17:10,NCE,773559890
WZOROTAN,code,L,70004575,ST,2006-01-07T18:30,2006-01-07T20:50,CDG,773559890
PKXKSIUB,code,L,70004578,ST,2006-01-07T14:35,2006-01-07T17:10,NCE,773559890
PKXKSIUB,code,L,70004575,ST,2006-01-07T18:30,2006-01-07T20:50,CDG,773559890
INPZZRKA,code,L,70004578,ST,2006-01-07T14:35,2006-01-07T17:10,NCE,773559890
INPZZRKA,code,L,70004575,ST,2006-01-07T18:30,2006-01-07T20:50,CDG,773559890
CIITGFET,code,L,70004578,ST,2006-01-07T14:35,2006-01-07T17:10,NCE,773559890
CIITGFET,code,L,70004575,ST,2006-01-07T18:30,2006-01-07T20:50,CDG,773559890
