crew_id,code,type,leg_id,rank,start,finish,airport,pairing
YBTNMXXJ,code,L,70002597,CP,2006-01-07T04:00,2006-01-07T05:20,LEH,1501688522
YBTNMXXJ,code,L,70002598,CP,2006-01-07T05:40,2006-01-07T07:00,URO,1501688522
YBTNMXXJ,code,L,70002599,CP,2006-01-07T07:40,2006-01-07T09:10,LYS,1501688522
YBTNMXXJ,code,L,70002600,CP,2006-01-07T09:30,2006-01-07T09:50,LEH,1501688522
YBTNMXXJ,code,L,70002601,CP,2006-01-07T15:00,2006-01-07T15:20,URO,1501688522
YBTNMXXJ,code,L,70002602,CP,2006-01-07T15:40,2006-01-07T17:10,LEH,1501688522
YBTNMXXJ,code,L,70002603,CP,2006-01-07T17:50,2006-01-07T19:10,LYS,1501688522
YBTNMXXJ,code,L,70002604,CP,2006-01-07T19:30,2006-01-07T20:35,URO,1501688522
ZIKFZAAT,code,L,70002597,FO,2006-01-07T04:00,2006-01-07T05:20,LEH,1501688522
ZIKFZAAT,code,L,70002598,FO,2006-01-07T05:40,2006-01-07T07:00,URO,1501688522
ZIKFZAAT,code,L,70002599,FO,2006-01-07T07:40,2006-01-07T09:10,LYS,1501688522
ZIKFZAAT,code,L,70002600,FO,2006-01-07T09:30,2006-01-07T09:50,LEH,1501688522
ZIKFZAAT,code,L,70002601,FO,2006-01-07T15:00,2006-01-07T15:20,URO,1501688522
ZIKFZAAT,code,L,70002602,FO,2006-01-07T15:40,2006-01-07T17:10,LEH,1501688522
ZIKFZAAT,code,L,70002603,FO,2006-01-07T17:50,2006-01-07T19:10,LYS,1501688522
ZIKFZAAT,code,L,70002604,FO,2006-01-07T19:30,2006-01-07T20:35,URO,1501688522
JNHWDABM,code,L,70002597,CSD,2006-01-07T04:00,2006-01-07T05:20,LEH,1501688522
JNHWDABM,code,L,70002598,CSD,2006-01-07T05:40,2006-01-07T07:00,URO,1501688522
JNHWDABM,code,L,70002599,CSD,2006-01-07T07:40,2006-01-07T09:10,LYS,1501688522
JNHWDABM,code,L,70002600,CSD,2006-01-07T09:30,2006-01-07T09:50,LEH,1501688522
JNHWDABM,code,L,70002601,CSD,2006-01-07T15:00,2006-01-07T15:20,URO,1501688522
JNHWDABM,code,L,70002602,CSD,2006-01-07T15:40,2006-01-07T17:10,LEH,1501688522
JNHWDABM,code,L,70002603,CSD,2006-01-07T17:50,2006-01-07T19:10,LYS,1501688522
JNHWDABM,code,L,70002604,CSD,2006-01-07T19:30,2006-01-07T20:35,URO,1501688522
XUYEIJEQ,code,L,70002597,ST,2006-01-07T04:00,2006-01-07T05:20,LEH,1501688522
XUYEIJEQ,code,L,70002598,ST,2006-01-07T05:40,2006-01-07T07:00,URO,1501688522
XUYEIJEQ,code,L,70002599,ST,2006-01-07T07:40,2006-01-07T09:10,LYS,1501688522
XUYEIJEQ,code,L,70002600,ST,2006-01-07T09:30,2006-01-07T09:50,LEH,1501688522
XUYEIJEQ,code,L,70002601,ST,2006-01-07T15:00,2006-01-07T15:20,URO,1501688522
XUYEIJEQ,code,L,70002602,ST,2006-01-07T15:40,2006-01-07T17:10,LEH,1501688522
XUYEIJEQ,code,L,70002603,ST,2006-01-07T17:50,2006-01-07T19:10,LYS,1501688522
XUYEIJEQ,code,L,70002604,ST,2006-01-07T19:30,2006-01-07T20:35,URO,1501688522
ZSUWLWLV,code,L,70002597,ST,2006-01-07T04:00,2006-01-07T05:20,LEH,1501688522
ZSUWLWLV,code,L,70002598,ST,2006-01-07T05:40,2006-01-07T07:00,URO,1501688522
ZSUWLWLV,code,L,70002599,ST,2006-01-07T07:40,2006-01-07T09:10,LYS,1501688522
ZSUWLWLV,code,L,70002600,ST,2006-01-07T09:30,2006-01-07T09:50,LEH,1501688522
ZSUWLWLV,code,L,70002601,ST,2006-01-07T15:00,2006-01-07T15:20,URO,1501688522
ZSUWLWLV,code,L,70002602,ST,2006-01-07T15:40,2006-01-07T17:10,LEH,1501688522
ZSUWLWLV,code,L,70002603,ST,2006-01-07T17:50,2006-01-07T19:10,LYS,1501688522
ZSUWLWLV,code,L,70002604,ST,2006-01-07T19:30,2006-01-07T20:35,URO,1501688522
ZVDGYYYM,code,L,70002597,ST,2006-01-07T04:00,2006-01-07T05:20,LEH,1501688522
ZVDGYYYM,code,L,70002598,ST,2006-01-07T05:40,2006-01-07T07:00,URO,1501688522
ZVDGYYYM,code,L,70002599,ST,2006-01-07T07:40,2006-01-07T09:10,LYS,1501688522
ZVDGYYYM,code,L,70002600,ST,2006-01-07T09:30,2006-01-07T09:50,LEH,1501688522
ZVDGYYYM,code,L,70002601,ST,2006-01-07T15:00,2006-01-07T15:20,URO,1501688522
ZVDGYYYM,code,L,70002602,ST,2006-01-07T15:40,2006-01-07T17:10,LEH,1501688522
ZVDGYYYM,code,L,70002603,ST,2006-01-07T17:50,2006-01-07T19:10,LYS,1501688522
ZVDGYYYM,code,L,70002604,ST,2006-01-07T19:30,2006-01-07T20:35,URO,1501688522
BNMGZNZS,code,L,70005123,CP,2006-01-07T04:05,2006-01-07T07:20,TLS,2138821259
BNMGZNZS,code,L,70005124,CP,2006-01-07T08:25,2006-01-07T11:05,AMS,2138821259
URPJUDYD,code,L,70005123,FO,2006-01-07T04:05,2006-01-07T07:20,TLS,2138821259
URPJUDYD,code,L,70005124,FO,2006-01-07T08:25,2006-01-07T11:05,AMS,2138821259
SJBKNNTE,code,L,70005123,CSD,2006-01-07T04:05,2006-01-07T07:20,TLS,2138821259
SJBKNNTE,code,L,70005124,CSD,2006-01-07T08:25,2006-01-07T11:05,AMS,2138821259
DCGWJTCH,code,L,70005123,ST,2006-01-07T04:05,2006-01-07T07:20,TLS,2138821259
DCGWJTCH,code,L,70005124,ST,2006-01-07T08:25,2006-01-07T11:05,AMS,2138821259
SIPDQJBE,code,L,70005123,ST,2006-01-07T04:05,2006-01-07T07:20,TLS,2138821259
SIPDQJBE,code,L,70005124,ST,2006-01-07T08:25,2006-01-07T11:05,AMS,2138821259
EHJFKBCA,code,L,70004600,CP,2006-01-07T04:25,2006-01-07T06:45,BES,1464848243
EHJFKBCA,code,L,70004599,CP,2006-01-07T09:30,2006-01-07T11:30,CDG,1464848243
LTHXWBIX,code,L,70004600,FO,2006-01-07T04:25,2006-01-07T06:45,BES,1464848243
LTHXWBIX,code,L,70004599,FO,2006-01-07T09:30,2006-01-07T11:30,CDG,1464848243
PTWTFNNL,code,L,70004600,CSD,2006-01-07T04:25,2006-01-07T06:45,BES,1464848243
PTWTFNNL,code,L,70004599,CSD,2006-01-07T09:30,2006-01-07T11:30,CDG,1464848243
FXGYYAKG,code,L,70004600,CSD,2006-01-07T04:25,2006-01-07T06:45,BES,1464848243
FXGYYAKG,code,L,70004599,CSD,2006-01-07T09:30,2006-01-07T11:30,CDG,1464848243
PGXFYYZS,code,L,70004600,ST,2006-01-07T04:25,2006-01-07T06:45,BES,1464848243
PGXFYYZS,code,L,70004599,ST,2006-01-07T09:30,2006-01-07T11:30,CDG,1464848243
KVVVZQPW,code,L,70004600,ST,2006-01-07T04:25,2006-01-07T06:45,BES,1464848243
KVVVZQPW,code,L,70004599,ST,2006-01-07T09:30,2006-01-07T11:30,CDG,1464848243
VHVTCXPV,code,L,70004600,ST,2006-01-07T04:25,2006-01-07T06:45,BES,1464848243
VHVTCXPV,code,L,70004599,ST,2006-01-07T09:30,2006-01-07T11:30,CDG,1464848243
LWILDWNK,code,L,70004600,ST,2006-01-07T04:25,2006-01-07T06:45,BES,1464848243
LWILDWNK,code,L,70004599,ST,2006-01-07T09:30,2006-01-07T11:30,CDG,1464848243
PLUELVHQ,code,L,70004600,ST,2006-01-07T04:25,2006-01-07T06:45,BES,1464848243
PLUELVHQ,code,L,70004599,ST,2006-01-07T09:30,2006-01-07T11:30,CDG,1464848243
KVJCDOKE,code,L,70004600,ST,2006-01-07T04:25,2006-01-07T06:45,BES,1464848243
KVJCDOKE,code,L,70004599,ST,2006-01-07T09:30,2006-01-07T11:30,CDG,1464848243
GCQANGIC,code,L,70002583,CP,2006-01-07T04:25,2006-01-07T06:25,RNS,2113437503
GCQANGIC,code,L,70004543,CP,2006-01-07T10:25,2006-01-07T11:50,CDG,2113437503
GCQANGIC,code,L,70004546,CP,2006-01-07T12:40,2006-01-07T14:10,MPL,2113437503
GCQANGIC,code,L,70002586,CP,2006-01-07T19:00,2006-01-07T20:40,CDG,2113437503
EJDEZSVF,code,L,70002583,FO,2006-01-07T04:25,2006-01-07T06:25,RNS,2113437503
EJDEZSVF,code,L,70004543,FO,2006-01-07T10:25,2006-01-07T11:50,CDG,2113437503
EJDEZSVF,code,L,70004546,FO,2006-01-07T12:40,2006-01-07T14:10,MPL,2113437503
EJDEZSVF,code,L,70002586,FO,2006-01-07T19:00,2006-01-07T20:40,CDG,2113437503
SPNHTTPB,code,L,70002583,CSD,2006-01-07T04:25,2006-01-07T06:25,RNS,2113437503
SPNHTTPB,code,L,70004543,CSD,2006-01-07T10:25,2006-01-07T11:50,CDG,2113437503
SPNHTTPB,code,L,70004546,CSD,2006-01-07T12:40,2006-01-07T14:10,MPL,2113437503
SPNHTTPB,code,L,70002586,CSD,2006-01-07T19:00,2006-01-07T20:40,CDG,2113437503
YMFIBEMZ,code,L,70002583,ST,2006-01-07T04:25,2006-01-07T06:25,RNS,2113437503
YMFIBEMZ,code,L,70004543,ST,2006-01-07T10:25,2006-01-07T11:50,CDG,2113437503
YMFIBEMZ,code,L,70004546,ST,2006-01-07T12:40,2006-01-07T14:10,MPL,2113437503
YMFIBEMZ,code,L,70002586,ST,2006-01-07T19:00,2006-01-07T20:40,CDG,2113437503
KXKNCILD,code,L,70002583,ST,2006-01-07T04:25,2006-01-07T06:25,RNS,2113437503
KXKNCILD,code,L,70004543,ST,2006-01-07T10:25,2006-01-07T11:50,CDG,2113437503
KXKNCILD,code,L,70004546,ST,2006-01-07T12:40,2006-01-07T14:10,MPL,2113437503
KXKNCILD,code,L,70002586,ST,2006-01-07T19:00,2006-01-07T20:40,CDG,2113437503
ZZEATHPC,code,L,70002587,CP,2006-01-07T04:25,2006-01-07T06:35,CFR,41568198
ZZEATHPC,code,L,70002588,CP,2006-01-07T07:40,2006-01-07T09:40,LYS,41568198
HVVAIWPR,code,L,70002587,FO,2006-01-07T04:25,2006-01-07T06:35,CFR,41568198
HVVAIWPR,code,L,70002588,FO,2006-01-07T07:40,2006-01-07T09:40,LYS,41568198
QBRHALBY,code,L,70002587,CSD,2006-01-07T04:25,2006-01-07T06:35,CFR,41568198
QBRHALBY,code,L,70002588,CSD,2006-01-07T07:40,2006-01-07T09:40,LYS,41568198
IMWJAVZX,code,L,70002587,ST,2006-01-07T04:25,2006-01-07T06:35,CFR,41568198
IMWJAVZX,code,L,70002588,ST,2006-01-07T07:40,2006-01-07T09:40,LYS,41568198
EXLOITJH,code,L,70002587,ST,2006-01-07T04:25,2006-01-07T06:35,CFR,41568198
EXLOITJH,code,L,70002588,ST,2006-01-07T07:40,2006-01-07T09:40,LYS,41568198
JGCHSLTI,code,L,70002587,ST,2006-01-07T04:25,2006-01-07T06:35,CFR,41568198
JGCHSLTI,code,L,70002588,ST,2006-01-07T07:40,2006-01-07T09:40,LYS,41568198
IPHHZAQB,code,L,70002653,CP,2006-01-07T04:25,2006-01-07T06:55,BES,1017541010
IPHHZAQB,code,L,70002654,CP,2006-01-07T07:40,2006-01-07T09:15,LYS,1017541010
IPHHZAQB,code,L,70002657,CP,2006-01-07T10:05,2006-01-07T11:45,BES,1017541010
IPHHZAQB,code,L,70002658,CP,2006-01-07T12:25,2006-01-07T14:50,MRS,1017541010
AQJVSJKD,code,L,70002653,FO,2006-01-07T04:25,2006-01-07T06:55,BES,1017541010
AQJVSJKD,code,L,70002654,FO,2006-01-07T07:40,2006-01-07T09:15,LYS,1017541010
AQJVSJKD,code,L,70002657,FO,2006-01-07T10:05,2006-01-07T11:45,BES,1017541010
AQJVSJKD,code,L,70002658,FO,2006-01-07T12:25,2006-01-07T14:50,MRS,1017541010
MYOUVYYY,code,L,70002653,CSD,2006-01-07T04:25,2006-01-07T06:55,BES,1017541010
MYOUVYYY,code,L,70002654,CSD,2006-01-07T07:40,2006-01-07T09:15,LYS,1017541010
MYOUVYYY,code,L,70002657,CSD,2006-01-07T10:05,2006-01-07T11:45,BES,1017541010
MYOUVYYY,code,L,70002658,CSD,2006-01-07T12:25,2006-01-07T14:50,MRS,1017541010
FLJQAVKE,code,L,70002653,ST,2006-01-07T04:25,2006-01-07T06:55,BES,1017541010
FLJQAVKE,code,L,70002654,ST,2006-01-07T07:40,2006-01-07T09:15,LYS,1017541010
FLJQAVKE,code,L,70002657,ST,2006-01-07T10:05,2006-01-07T11:45,BES,1017541010
FLJQAVKE,code,L,70002658,ST,2006-01-07T12:25,2006-01-07T14:50,MRS,1017541010
MMNDXLFA,code,L,70002653,ST,2006-01-07T04:25,2006-01-07T06:55,BES,1017541010
MMNDXLFA,code,L,70002654,ST,2006-01-07T07:40,2006-01-07T09:15,LYS,1017541010
MMNDXLFA,code,L,70002657,ST,2006-01-07T10:05,2006-01-07T11:45,BES,1017541010
MMNDXLFA,code,L,70002658,ST,2006-01-07T12:25,2006-01-07T14:50,MRS,1017541010
LCEWXEDC,code,L,70002653,ST,2006-01-07T04:25,2006-01-07T06:55,BES,1017541010
LCEWXEDC,code,L,70002654,ST,2006-01-07T07:40,2006-01-07T09:15,LYS,1017541010
LCEWXEDC,code,L,70002657,ST,2006-01-07T10:05,2006-01-07T11:45,BES,1017541010
LCEWXEDC,code,L,70002658,ST,2006-01-07T12:25,2006-01-07T14:50,MRS,1017541010
CLJHJPIU,code,L,70004636,CP,2006-01-07T04:25,2006-01-07T06:55,PUF,1772116450
CLJHJPIU,code,L,70004639,CP,2006-01-07T07:30,2006-01-07T09:45,CDG,1772116450
EVDKRXUF,code,L,70004636,FO,2006-01-07T04:25,2006-01-07T06:55,PUF,1772116450
EVDKRXUF,code,L,70004639,FO,2006-01-07T07:30,2006-01-07T09:45,CDG,1772116450
FHGBSSWH,code,L,70004636,CSD,2006-01-07T04:25,2006-01-07T06:55,PUF,1772116450
FHGBSSWH,code,L,70004639,CSD,2006-01-07T07:30,2006-01-07T09:45,CDG,1772116450
NVTDIBTZ,code,L,70004636,ST,2006-01-07T04:25,2006-01-07T06:55,PUF,1772116450
NVTDIBTZ,code,L,70004639,ST,2006-01-07T07:30,2006-01-07T09:45,CDG,1772116450
JDEBLFNI,code,L,70004636,ST,2006-01-07T04:25,2006-01-07T06:55,PUF,1772116450
JDEBLFNI,code,L,70004639,ST,2006-01-07T07:30,2006-01-07T09:45,CDG,1772116450
FTMFRNYR,code,L,70004636,ST,2006-01-07T04:25,2006-01-07T06:55,PUF,1772116450
FTMFRNYR,code,L,70004639,ST,2006-01-07T07:30,2006-01-07T09:45,CDG,1772116450
IXPDLGOH,code,L,70004194,CP,2006-01-07T04:30,2006-01-07T06:40,MLH,1709706839
IXPDLGOH,code,L,70004195,CP,2006-01-07T08:15,2006-01-07T10:00,ORY,1709706839
CUHZTALS,code,L,70004194,FO,2006-01-07T04:30,2006-01-07T06:40,MLH,1709706839
CUHZTALS,code,L,70004195,FO,2006-01-07T08:15,2006-01-07T10:00,ORY,1709706839
GFMHFTPR,code,L,70004194,CSD,2006-01-07T04:30,2006-01-07T06:40,MLH,1709706839
GFMHFTPR,code,L,70004195,CSD,2006-01-07T08:15,2006-01-07T10:00,ORY,1709706839
DRCOPMPA,code,L,70004194,CSD,2006-01-07T04:30,2006-01-07T06:40,MLH,1709706839
DRCOPMPA,code,L,70004195,CSD,2006-01-07T08:15,2006-01-07T10:00,ORY,1709706839
NRYELCUC,code,L,70004194,ST,2006-01-07T04:30,2006-01-07T06:40,MLH,1709706839
NRYELCUC,code,L,70004195,ST,2006-01-07T08:15,2006-01-07T10:00,ORY,1709706839
VWLKUERI,code,L,70004194,ST,2006-01-07T04:30,2006-01-07T06:40,MLH,1709706839
VWLKUERI,code,L,70004195,ST,2006-01-07T08:15,2006-01-07T10:00,ORY,1709706839
OTKPVMFH,code,L,70004194,ST,2006-01-07T04:30,2006-01-07T06:40,MLH,1709706839
OTKPVMFH,code,L,70004195,ST,2006-01-07T08:15,2006-01-07T10:00,ORY,1709706839
LNKARUDA,code,L,70004194,ST,2006-01-07T04:30,2006-01-07T06:40,MLH,1709706839
LNKARUDA,code,L,70004195,ST,2006-01-07T08:15,2006-01-07T10:00,ORY,1709706839
PTPWTGKH,code,L,70004194,ST,2006-01-07T04:30,2006-01-07T06:40,MLH,1709706839
PTPWTGKH,code,L,70004195,ST,2006-01-07T08:15,2006-01-07T10:00,ORY,1709706839
LJZFNZOA,code,L,70004194,ST,2006-01-07T04:30,2006-01-07T06:40,MLH,1709706839
LJZFNZOA,code,L,70004195,ST,2006-01-07T08:15,2006-01-07T10:00,ORY,1709706839
JPVLWOQB,code,L,70002866,CP,2006-01-07T04:30,2006-01-07T06:50,MRS,830807798
JPVLWOQB,code,L,70002873,CP,2006-01-07T07:35,2006-01-07T09:35,ORY,830807798
OQCJQKWK,code,L,70002866,FO,2006-01-07T04:30,2006-01-07T06:50,MRS,830807798
OQCJQKWK,code,L,70002873,FO,2006-01-07T07:35,2006-01-07T09:35,ORY,830807798
OAJSHAWA,code,L,70002866,CSD,2006-01-07T04:30,2006-01-07T06:50,MRS,830807798
OAJSHAWA,code,L,70002873,CSD,2006-01-07T07:35,2006-01-07T09:35,ORY,830807798
UFBJCZBY,code,L,70002866,CSD,2006-01-07T04:30,2006-01-07T06:50,MRS,830807798
UFBJCZBY,code,L,70002873,CSD,2006-01-07T07:35,2006-01-07T09:35,ORY,830807798
GXSISLFE,code,L,70002866,ST,2006-01-07T04:30,2006-01-07T06:50,MRS,830807798
GXSISLFE,code,L,70002873,ST,2006-01-07T07:35,2006-01-07T09:35,ORY,830807798
IQSXAAWP,code,L,70002866,ST,2006-01-07T04:30,2006-01-07T06:50,MRS,830807798
IQSXAAWP,code,L,70002873,ST,2006-01-07T07:35,2006-01-07T09:35,ORY,830807798
STXABZZE,code,L,70002866,ST,2006-01-07T04:30,2006-01-07T06:50,MRS,830807798
STXABZZE,code,L,70002873,ST,2006-01-07T07:35,2006-01-07T09:35,ORY,830807798
RROEJOGE,code,L,70002866,ST,2006-01-07T04:30,2006-01-07T06:50,MRS,830807798
RROEJOGE,code,L,70002873,ST,2006-01-07T07:35,2006-01-07T09:35,ORY,830807798
ONIYQCRG,code,L,70002866,ST,2006-01-07T04:30,2006-01-07T06:50,MRS,830807798
ONIYQCRG,code,L,70002873,ST,2006-01-07T07:35,2006-01-07T09:35,ORY,830807798
EEXCAVHE,code,L,70002866,ST,2006-01-07T04:30,2006-01-07T06:50,MRS,830807798
EEXCAVHE,code,L,70002873,ST,2006-01-07T07:35,2006-01-07T09:35,ORY,830807798
NUAAXGQL,code,L,70002573,CP,2006-01-07T04:30,2006-01-07T06:35,LIG,791771284
NUAAXGQL,code,L,70002574,CP,2006-01-07T08:00,2006-01-07T09:00,ORY,791771284
NUAAXGQL,code,L,70002581,CP,2006-01-07T10:05,2006-01-07T11:20,LIG,791771284
NUAAXGQL,code,L,70002582,CP,2006-01-07T12:30,2006-01-07T14:30,CDG,791771284
NWUGFVNW,code,L,70002573,FO,2006-01-07T04:30,2006-01-07T06:35,LIG,791771284
NWUGFVNW,code,L,70002574,FO,2006-01-07T08:00,2006-01-07T09:00,ORY,791771284
NWUGFVNW,code,L,70002581,FO,2006-01-07T10:05,2006-01-07T11:20,LIG,791771284
NWUGFVNW,code,L,70002582,FO,2006-01-07T12:30,2006-01-07T14:30,CDG,791771284
WBGOUCGA,code,L,70002573,CS,2006-01-07T04:30,2006-01-07T06:35,LIG,791771284
WBGOUCGA,code,L,70002574,CS,2006-01-07T08:00,2006-01-07T09:00,ORY,791771284
WBGOUCGA,code,L,70002581,CS,2006-01-07T10:05,2006-01-07T11:20,LIG,791771284
WBGOUCGA,code,L,70002582,CS,2006-01-07T12:30,2006-01-07T14:30,CDG,791771284
IBRBERIF,code,L,70002573,ST,2006-01-07T04:30,2006-01-07T06:35,LIG,791771284
IBRBERIF,code,L,70002574,ST,2006-01-07T08:00,2006-01-07T09:00,ORY,791771284
IBRBERIF,code,L,70002581,ST,2006-01-07T10:05,2006-01-07T11:20,LIG,791771284
IBRBERIF,code,L,70002582,ST,2006-01-07T12:30,2006-01-07T14:30,CDG,791771284
WDPWLHJR,code,L,70002573,ST,2006-01-07T04:30,2006-01-07T06:35,LIG,791771284
WDPWLHJR,code,L,70002574,ST,2006-01-07T08:00,2006-01-07T09:00,ORY,791771284
WDPWLHJR,code,L,70002581,ST,2006-01-07T10:05,2006-01-07T11:20,LIG,791771284
WDPWLHJR,code,L,70002582,ST,2006-01-07T12:30,2006-01-07T14:30,CDG,791771284
FISITXEW,code,L,70004334,CP,2006-01-07T04:30,2006-01-07T06:45,AVN,2022406920
FISITXEW,code,L,70004333,CP,2006-01-07T08:15,2006-01-07T09:30,ORY,2022406920
FISITXEW,code,L,70004336,CP,2006-01-07T10:05,2006-01-07T11:20,AVN,2022406920
FISITXEW,code,L,70004337,CP,2006-01-07T12:20,2006-01-07T14:20,ORY,2022406920
GYETWIBN,code,L,70004334,FO,2006-01-07T04:30,2006-01-07T06:45,AVN,2022406920
GYETWIBN,code,L,70004333,FO,2006-01-07T08:15,2006-01-07T09:30,ORY,2022406920
GYETWIBN,code,L,70004336,FO,2006-01-07T10:05,2006-01-07T11:20,AVN,2022406920
GYETWIBN,code,L,70004337,FO,2006-01-07T12:20,2006-01-07T14:20,ORY,2022406920
LRJQGXZG,code,L,70004334,CSD,2006-01-07T04:30,2006-01-07T06:45,AVN,2022406920
LRJQGXZG,code,L,70004333,CSD,2006-01-07T08:15,2006-01-07T09:30,ORY,2022406920
LRJQGXZG,code,L,70004336,CSD,2006-01-07T10:05,2006-01-07T11:20,AVN,2022406920
LRJQGXZG,code,L,70004337,CSD,2006-01-07T12:20,2006-01-07T14:20,ORY,2022406920
YNKZKOSO,code,L,70004334,ST,2006-01-07T04:30,2006-01-07T06:45,AVN,2022406920
YNKZKOSO,code,L,70004333,ST,2006-01-07T08:15,2006-01-07T09:30,ORY,2022406920
YNKZKOSO,code,L,70004336,ST,2006-01-07T10:05,2006-01-07T11:20,AVN,2022406920
YNKZKOSO,code,L,70004337,ST,2006-01-07T12:20,2006-01-07T14:20,ORY,2022406920
JAECUGBX,code,L,70004334,ST,2006-01-07T04:30,2006-01-07T06:45,AVN,2022406920
JAECUGBX,code,L,70004333,ST,2006-01-07T08:15,2006-01-07T09:30,ORY,2022406920
JAECUGBX,code,L,70004336,ST,2006-01-07T10:05,2006-01-07T11:20,AVN,2022406920
JAECUGBX,code,L,70004337,ST,2006-01-07T12:20,2006-01-07T14:20,ORY,2022406920
IMTTXLWD,code,L,70004334,ST,2006-01-07T04:30,2006-01-07T06:45,AVN,2022406920
IMTTXLWD,code,L,70004333,ST,2006-01-07T08:15,2006-01-07T09:30,ORY,2022406920
IMTTXLWD,code,L,70004336,ST,2006-01-07T10:05,2006-01-07T11:20,AVN,2022406920
IMTTXLWD,code,L,70004337,ST,2006-01-07T12:20,2006-01-07T14:20,ORY,2022406920
DMDIKLEY,code,L,70002613,CP,2006-01-07T04:30,2006-01-07T06:45,RNS,260274019
DMDIKLEY,code,L,70002614,CP,2006-01-07T07:45,2006-01-07T09:50,LYS,260274019
TIUMLEWR,code,L,70002613,FO,2006-01-07T04:30,2006-01-07T06:45,RNS,260274019
TIUMLEWR,code,L,70002614,FO,2006-01-07T07:45,2006-01-07T09:50,LYS,260274019
FQOGEJEH,code,L,70002613,CSD,2006-01-07T04:30,2006-01-07T06:45,RNS,260274019
FQOGEJEH,code,L,70002614,CSD,2006-01-07T07:45,2006-01-07T09:50,LYS,260274019
ONLWPTCE,code,L,70002613,ST,2006-01-07T04:30,2006-01-07T06:45,RNS,260274019
ONLWPTCE,code,L,70002614,ST,2006-01-07T07:45,2006-01-07T09:50,LYS,260274019
JPCCHWWZ,code,L,70002613,ST,2006-01-07T04:30,2006-01-07T06:45,RNS,260274019
JPCCHWWZ,code,L,70002614,ST,2006-01-07T07:45,2006-01-07T09:50,LYS,260274019
TMAJKVVL,code,L,70002613,ST,2006-01-07T04:30,2006-01-07T06:45,RNS,260274019
TMAJKVVL,code,L,70002614,ST,2006-01-07T07:45,2006-01-07T09:50,LYS,260274019
XGSHAUIR,code,L,70004684,CP,2006-01-07T04:35,2006-01-07T06:35,MRS,1104652174
XGSHAUIR,code,L,70004685,CP,2006-01-07T07:30,2006-01-07T09:15,LYS,1104652174
SBREMTCY,code,L,70004684,FO,2006-01-07T04:35,2006-01-07T06:35,MRS,1104652174
SBREMTCY,code,L,70004685,FO,2006-01-07T07:30,2006-01-07T09:15,LYS,1104652174
CYIVNQTJ,code,L,70004684,CSD,2006-01-07T04:35,2006-01-07T06:35,MRS,1104652174
CYIVNQTJ,code,L,70004685,CSD,2006-01-07T07:30,2006-01-07T09:15,LYS,1104652174
YBKVTEQL,code,L,70004684,CSD,2006-01-07T04:35,2006-01-07T06:35,MRS,1104652174
YBKVTEQL,code,L,70004685,CSD,2006-01-07T07:30,2006-01-07T09:15,LYS,1104652174
KOQYXRRC,code,L,70004684,ST,2006-01-07T04:35,2006-01-07T06:35,MRS,1104652174
KOQYXRRC,code,L,70004685,ST,2006-01-07T07:30,2006-01-07T09:15,LYS,1104652174
AOVHWYQF,code,L,70004684,ST,2006-01-07T04:35,2006-01-07T06:35,MRS,1104652174
AOVHWYQF,code,L,70004685,ST,2006-01-07T07:30,2006-01-07T09:15,LYS,1104652174
JPGIADZM,code,L,70004684,ST,2006-01-07T04:35,2006-01-07T06:35,MRS,1104652174
JPGIADZM,code,L,70004685,ST,2006-01-07T07:30,2006-01-07T09:15,LYS,1104652174
JXGLQBCB,code,L,70004684,ST,2006-01-07T04:35,2006-01-07T06:35,MRS,1104652174
JXGLQBCB,code,L,70004685,ST,2006-01-07T07:30,2006-01-07T09:15,LYS,1104652174
XYDOCXZE,code,L,70004684,ST,2006-01-07T04:35,2006-01-07T06:35,MRS,1104652174
XYDOCXZE,code,L,70004685,ST,2006-01-07T07:30,2006-01-07T09:15,LYS,1104652174
AGTLZMGN,code,L,70004684,ST,2006-01-07T04:35,2006-01-07T06:35,MRS,1104652174
AGTLZMGN,code,L,70004685,ST,2006-01-07T07:30,2006-01-07T09:15,LYS,1104652174
CJUQNQKK,code,L,70004224,CP,2006-01-07T04:35,2006-01-07T06:50,BES,932725007
CJUQNQKK,code,L,70004225,CP,2006-01-07T08:10,2006-01-07T10:05,ORY,932725007
HPPHCOFB,code,L,70004224,FO,2006-01-07T04:35,2006-01-07T06:50,BES,932725007
HPPHCOFB,code,L,70004225,FO,2006-01-07T08:10,2006-01-07T10:05,ORY,932725007
YCHBVZAY,code,L,70004224,CSD,2006-01-07T04:35,2006-01-07T06:50,BES,932725007
YCHBVZAY,code,L,70004225,CSD,2006-01-07T08:10,2006-01-07T10:05,ORY,932725007
IDWOHBAR,code,L,70004224,CSD,2006-01-07T04:35,2006-01-07T06:50,BES,932725007
IDWOHBAR,code,L,70004225,CSD,2006-01-07T08:10,2006-01-07T10:05,ORY,932725007
ZWCESBGJ,code,L,70004224,ST,2006-01-07T04:35,2006-01-07T06:50,BES,932725007
ZWCESBGJ,code,L,70004225,ST,2006-01-07T08:10,2006-01-07T10:05,ORY,932725007
QXTVPSVP,code,L,70004224,ST,2006-01-07T04:35,2006-01-07T06:50,BES,932725007
QXTVPSVP,code,L,70004225,ST,2006-01-07T08:10,2006-01-07T10:05,ORY,932725007
KRUCDNTS,code,L,70004224,ST,2006-01-07T04:35,2006-01-07T06:50,BES,932725007
KRUCDNTS,code,L,70004225,ST,2006-01-07T08:10,2006-01-07T10:05,ORY,932725007
XJINCMGQ,code,L,70004224,ST,2006-01-07T04:35,2006-01-07T06:50,BES,932725007
XJINCMGQ,code,L,70004225,ST,2006-01-07T08:10,2006-01-07T10:05,ORY,932725007
LWMVHLOF,code,L,70004224,ST,2006-01-07T04:35,2006-01-07T06:50,BES,932725007
LWMVHLOF,code,L,70004225,ST,2006-01-07T08:10,2006-01-07T10:05,ORY,932725007
LDDLKDON,code,L,70004224,ST,2006-01-07T04:35,2006-01-07T06:50,BES,932725007
LDDLKDON,code,L,70004225,ST,2006-01-07T08:10,2006-01-07T10:05,ORY,932725007
SHOUMBIG,code,L,70004584,CP,2006-01-07T04:35,2006-01-07T06:40,NTE,848563345
SHOUMBIG,code,L,70004583,CP,2006-01-07T08:05,2006-01-07T09:55,CDG,848563345
HXSHXZIO,code,L,70004584,FO,2006-01-07T04:35,2006-01-07T06:40,NTE,848563345
HXSHXZIO,code,L,70004583,FO,2006-01-07T08:05,2006-01-07T09:55,CDG,848563345
DYPYXXSN,code,L,70004584,CSD,2006-01-07T04:35,2006-01-07T06:40,NTE,848563345
DYPYXXSN,code,L,70004583,CSD,2006-01-07T08:05,2006-01-07T09:55,CDG,848563345
ICUQSVEB,code,L,70004584,CSD,2006-01-07T04:35,2006-01-07T06:40,NTE,848563345
ICUQSVEB,code,L,70004583,CSD,2006-01-07T08:05,2006-01-07T09:55,CDG,848563345
MGGSUNMV,code,L,70004584,ST,2006-01-07T04:35,2006-01-07T06:40,NTE,848563345
MGGSUNMV,code,L,70004583,ST,2006-01-07T08:05,2006-01-07T09:55,CDG,848563345
ZVEPVIFX,code,L,70004584,ST,2006-01-07T04:35,2006-01-07T06:40,NTE,848563345
ZVEPVIFX,code,L,70004583,ST,2006-01-07T08:05,2006-01-07T09:55,CDG,848563345
TSGQVVYS,code,L,70004584,ST,2006-01-07T04:35,2006-01-07T06:40,NTE,848563345
TSGQVVYS,code,L,70004583,ST,2006-01-07T08:05,2006-01-07T09:55,CDG,848563345
FCKTZRYS,code,L,70004584,ST,2006-01-07T04:35,2006-01-07T06:40,NTE,848563345
FCKTZRYS,code,L,70004583,ST,2006-01-07T08:05,2006-01-07T09:55,CDG,848563345
XHEQCEWP,code,L,70004584,ST,2006-01-07T04:35,2006-01-07T06:40,NTE,848563345
XHEQCEWP,code,L,70004583,ST,2006-01-07T08:05,2006-01-07T09:55,CDG,848563345
ZENPGMSD,code,L,70004584,ST,2006-01-07T04:35,2006-01-07T06:40,NTE,848563345
ZENPGMSD,code,L,70004583,ST,2006-01-07T08:05,2006-01-07T09:55,CDG,848563345
CREIQSLP,code,L,70002593,CP,2006-01-07T04:35,2006-01-07T06:35,LIG,1880812379
CREIQSLP,code,L,70004504,CP,2006-01-07T10:00,2006-01-07T11:10,LYS,1880812379
CREIQSLP,code,L,70004507,CP,2006-01-07T12:15,2006-01-07T13:25,CDG,1880812379
CREIQSLP,code,L,70004508,CP,2006-01-07T16:00,2006-01-07T17:10,LYS,1880812379
CREIQSLP,code,L,70004511,CP,2006-01-07T17:55,2006-01-07T19:05,CDG,1880812379
CREIQSLP,code,L,70004512,CP,2006-01-07T19:55,2006-01-07T21:40,LYS,1880812379
GAIJDYAR,code,L,70002593,FO,2006-01-07T04:35,2006-01-07T06:35,LIG,1880812379
GAIJDYAR,code,L,70004504,FO,2006-01-07T10:00,2006-01-07T11:10,LYS,1880812379
GAIJDYAR,code,L,70004507,FO,2006-01-07T12:15,2006-01-07T13:25,CDG,1880812379
GAIJDYAR,code,L,70004508,FO,2006-01-07T16:00,2006-01-07T17:10,LYS,1880812379
GAIJDYAR,code,L,70004511,FO,2006-01-07T17:55,2006-01-07T19:05,CDG,1880812379
GAIJDYAR,code,L,70004512,FO,2006-01-07T19:55,2006-01-07T21:40,LYS,1880812379
AEDGTYQZ,code,L,70002593,CSD,2006-01-07T04:35,2006-01-07T06:35,LIG,1880812379
AEDGTYQZ,code,L,70004504,CSD,2006-01-07T10:00,2006-01-07T11:10,LYS,1880812379
AEDGTYQZ,code,L,70004507,CSD,2006-01-07T12:15,2006-01-07T13:25,CDG,1880812379
AEDGTYQZ,code,L,70004508,CSD,2006-01-07T16:00,2006-01-07T17:10,LYS,1880812379
AEDGTYQZ,code,L,70004511,CSD,2006-01-07T17:55,2006-01-07T19:05,CDG,1880812379
AEDGTYQZ,code,L,70004512,CSD,2006-01-07T19:55,2006-01-07T21:40,LYS,1880812379
AGYGROOX,code,L,70002593,CSD,2006-01-07T04:35,2006-01-07T06:35,LIG,1880812379
AGYGROOX,code,L,70004504,CSD,2006-01-07T10:00,2006-01-07T11:10,LYS,1880812379
AGYGROOX,code,L,70004507,CSD,2006-01-07T12:15,2006-01-07T13:25,CDG,1880812379
AGYGROOX,code,L,70004508,CSD,2006-01-07T16:00,2006-01-07T17:10,LYS,1880812379
AGYGROOX,code,L,70004511,CSD,2006-01-07T17:55,2006-01-07T19:05,CDG,1880812379
AGYGROOX,code,L,70004512,CSD,2006-01-07T19:55,2006-01-07T21:40,LYS,1880812379
KRSFLNJX,code,L,70002593,ST,2006-01-07T04:35,2006-01-07T06:35,LIG,1880812379
KRSFLNJX,code,L,70004504,ST,2006-01-07T10:00,2006-01-07T11:10,LYS,1880812379
KRSFLNJX,code,L,70004507,ST,2006-01-07T12:15,2006-01-07T13:25,CDG,1880812379
KRSFLNJX,code,L,70004508,ST,2006-01-07T16:00,2006-01-07T17:10,LYS,1880812379
KRSFLNJX,code,L,70004511,ST,2006-01-07T17:55,2006-01-07T19:05,CDG,1880812379
KRSFLNJX,code,L,70004512,ST,2006-01-07T19:55,2006-01-07T21:40,LYS,1880812379
LNCTVULF,code,L,70002593,ST,2006-01-07T04:35,2006-01-07T06:35,LIG,1880812379
LNCTVULF,code,L,70004504,ST,2006-01-07T10:00,2006-01-07T11:10,LYS,1880812379
LNCTVULF,code,L,70004507,ST,2006-01-07T12:15,2006-01-07T13:25,CDG,1880812379
LNCTVULF,code,L,70004508,ST,2006-01-07T16:00,2006-01-07T17:10,LYS,1880812379
LNCTVULF,code,L,70004511,ST,2006-01-07T17:55,2006-01-07T19:05,CDG,1880812379
LNCTVULF,code,L,70004512,ST,2006-01-07T19:55,2006-01-07T21:40,LYS,1880812379
LDTFXTOF,code,L,70002593,ST,2006-01-07T04:35,2006-01-07T06:35,LIG,1880812379
LDTFXTOF,code,L,70004504,ST,2006-01-07T10:00,2006-01-07T11:10,LYS,1880812379
LDTFXTOF,code,L,70004507,ST,2006-01-07T12:15,2006-01-07T13:25,CDG,1880812379
LDTFXTOF,code,L,70004508,ST,2006-01-07T16:00,2006-01-07T17:10,LYS,1880812379
LDTFXTOF,code,L,70004511,ST,2006-01-07T17:55,2006-01-07T19:05,CDG,1880812379
LDTFXTOF,code,L,70004512,ST,2006-01-07T19:55,2006-01-07T21:40,LYS,1880812379
RNVNEUIM,code,L,70002593,ST,2006-01-07T04:35,2006-01-07T06:35,LIG,1880812379
RNVNEUIM,code,L,70004504,ST,2006-01-07T10:00,2006-01-07T11:10,LYS,1880812379
RNVNEUIM,code,L,70004507,ST,2006-01-07T12:15,2006-01-07T13:25,CDG,1880812379
RNVNEUIM,code,L,70004508,ST,2006-01-07T16:00,2006-01-07T17:10,LYS,1880812379
RNVNEUIM,code,L,70004511,ST,2006-01-07T17:55,2006-01-07T19:05,CDG,1880812379
RNVNEUIM,code,L,70004512,ST,2006-01-07T19:55,2006-01-07T21:40,LYS,1880812379
LRWKIMJU,code,L,70002593,ST,2006-01-07T04:35,2006-01-07T06:35,LIG,1880812379
LRWKIMJU,code,L,70004504,ST,2006-01-07T10:00,2006-01-07T11:10,LYS,1880812379
LRWKIMJU,code,L,70004507,ST,2006-01-07T12:15,2006-01-07T13:25,CDG,1880812379
LRWKIMJU,code,L,70004508,ST,2006-01-07T16:00,2006-01-07T17:10,LYS,1880812379
LRWKIMJU,code,L,70004511,ST,2006-01-07T17:55,2006-01-07T19:05,CDG,1880812379
LRWKIMJU,code,L,70004512,ST,2006-01-07T19:55,2006-01-07T21:40,LYS,1880812379
XPFQVMRY,code,L,70002593,ST,2006-01-07T04:35,2006-01-07T06:35,LIG,1880812379
XPFQVMRY,code,L,70004504,ST,2006-01-07T10:00,2006-01-07T11:10,LYS,1880812379
XPFQVMRY,code,L,70004507,ST,2006-01-07T12:15,2006-01-07T13:25,CDG,1880812379
XPFQVMRY,code,L,70004508,ST,2006-01-07T16:00,2006-01-07T17:10,LYS,1880812379
XPFQVMRY,code,L,70004511,ST,2006-01-07T17:55,2006-01-07T19:05,CDG,1880812379
XPFQVMRY,code,L,70004512,ST,2006-01-07T19:55,2006-01-07T21:40,LYS,1880812379
XAWFBILU,code,L,70004522,CP,2006-01-07T04:35,2006-01-07T06:40,CFE,1477521204
XAWFBILU,code,L,70004517,CP,2006-01-07T07:15,2006-01-07T09:00,CDG,1477521204
JMCQQSOO,code,L,70004522,FO,2006-01-07T04:35,2006-01-07T06:40,CFE,1477521204
JMCQQSOO,code,L,70004517,FO,2006-01-07T07:15,2006-01-07T09:00,CDG,1477521204
JLFZRGTQ,code,L,70004522,CSD,2006-01-07T04:35,2006-01-07T06:40,CFE,1477521204
JLFZRGTQ,code,L,70004517,CSD,2006-01-07T07:15,2006-01-07T09:00,CDG,1477521204
TZIKBBRW,code,L,70004522,ST,2006-01-07T04:35,2006-01-07T06:40,CFE,1477521204
TZIKBBRW,code,L,70004517,ST,2006-01-07T07:15,2006-01-07T09:00,CDG,1477521204
UMVUGTVF,code,L,70004522,ST,2006-01-07T04:35,2006-01-07T06:40,CFE,1477521204
UMVUGTVF,code,L,70004517,ST,2006-01-07T07:15,2006-01-07T09:00,CDG,1477521204
KAESYDNG,code,L,70004522,ST,2006-01-07T04:35,2006-01-07T06:40,CFE,1477521204
KAESYDNG,code,L,70004517,ST,2006-01-07T07:15,2006-01-07T09:00,CDG,1477521204
ISKONEVN,code,L,70004296,CP,2006-01-07T04:40,2006-01-07T06:35,CFE,534011718
ISKONEVN,code,L,70004295,CP,2006-01-07T08:10,2006-01-07T09:50,ORY,534011718
XVDQGRCI,code,L,70004296,FO,2006-01-07T04:40,2006-01-07T06:35,CFE,534011718
XVDQGRCI,code,L,70004295,FO,2006-01-07T08:10,2006-01-07T09:50,ORY,534011718
ZVBUWCKI,code,L,70004296,CSD,2006-01-07T04:40,2006-01-07T06:35,CFE,534011718
ZVBUWCKI,code,L,70004295,CSD,2006-01-07T08:10,2006-01-07T09:50,ORY,534011718
PXJSKXJY,code,L,70004296,CSD,2006-01-07T04:40,2006-01-07T06:35,CFE,534011718
PXJSKXJY,code,L,70004295,CSD,2006-01-07T08:10,2006-01-07T09:50,ORY,534011718
TGXDJIHJ,code,L,70004296,ST,2006-01-07T04:40,2006-01-07T06:35,CFE,534011718
TGXDJIHJ,code,L,70004295,ST,2006-01-07T08:10,2006-01-07T09:50,ORY,534011718
QBDLYJEX,code,L,70004296,ST,2006-01-07T04:40,2006-01-07T06:35,CFE,534011718
QBDLYJEX,code,L,70004295,ST,2006-01-07T08:10,2006-01-07T09:50,ORY,534011718
SPDABLNP,code,L,70004296,ST,2006-01-07T04:40,2006-01-07T06:35,CFE,534011718
SPDABLNP,code,L,70004295,ST,2006-01-07T08:10,2006-01-07T09:50,ORY,534011718
OXJUNHOS,code,L,70004296,ST,2006-01-07T04:40,2006-01-07T06:35,CFE,534011718
OXJUNHOS,code,L,70004295,ST,2006-01-07T08:10,2006-01-07T09:50,ORY,534011718
WXRXPIXI,code,L,70004296,ST,2006-01-07T04:40,2006-01-07T06:35,CFE,534011718
WXRXPIXI,code,L,70004295,ST,2006-01-07T08:10,2006-01-07T09:50,ORY,534011718
FQJHVQIB,code,L,70004296,ST,2006-01-07T04:40,2006-01-07T06:35,CFE,534011718
FQJHVQIB,code,L,70004295,ST,2006-01-07T08:10,2006-01-07T09:50,ORY,534011718
UUQYWKFS,code,L,70004314,CP,2006-01-07T04:40,2006-01-07T07:00,PUF,607156385
UUQYWKFS,code,L,70004315,CP,2006-01-07T08:00,2006-01-07T10:00,ORY,607156385
HOOYVVUL,code,L,70004314,FO,2006-01-07T04:40,2006-01-07T07:00,PUF,607156385
HOOYVVUL,code,L,70004315,FO,2006-01-07T08:00,2006-01-07T10:00,ORY,607156385
EREUVVNM,code,L,70004314,CSD,2006-01-07T04:40,2006-01-07T07:00,PUF,607156385
EREUVVNM,code,L,70004315,CSD,2006-01-07T08:00,2006-01-07T10:00,ORY,607156385
ACTLTAQV,code,L,70004314,CSD,2006-01-07T04:40,2006-01-07T07:00,PUF,607156385
ACTLTAQV,code,L,70004315,CSD,2006-01-07T08:00,2006-01-07T10:00,ORY,607156385
OFDHQGUB,code,L,70004314,ST,2006-01-07T04:40,2006-01-07T07:00,PUF,607156385
OFDHQGUB,code,L,70004315,ST,2006-01-07T08:00,2006-01-07T10:00,ORY,607156385
IXENWBMC,code,L,70004314,ST,2006-01-07T04:40,2006-01-07T07:00,PUF,607156385
IXENWBMC,code,L,70004315,ST,2006-01-07T08:00,2006-01-07T10:00,ORY,607156385
EKRPQDIJ,code,L,70004314,ST,2006-01-07T04:40,2006-01-07T07:00,PUF,607156385
EKRPQDIJ,code,L,70004315,ST,2006-01-07T08:00,2006-01-07T10:00,ORY,607156385
JSOTAQJT,code,L,70004314,ST,2006-01-07T04:40,2006-01-07T07:00,PUF,607156385
JSOTAQJT,code,L,70004315,ST,2006-01-07T08:00,2006-01-07T10:00,ORY,607156385
ELSVALJC,code,L,70004314,ST,2006-01-07T04:40,2006-01-07T07:00,PUF,607156385
ELSVALJC,code,L,70004315,ST,2006-01-07T08:00,2006-01-07T10:00,ORY,607156385
TDCEAXFF,code,L,70004314,ST,2006-01-07T04:40,2006-01-07T07:00,PUF,607156385
TDCEAXFF,code,L,70004315,ST,2006-01-07T08:00,2006-01-07T10:00,ORY,607156385
QCQUHGQP,code,L,70004404,CP,2006-01-07T04:40,2006-01-07T07:05,MPL,1512368656
QCQUHGQP,code,L,70004405,CP,2006-01-07T07:45,2006-01-07T09:45,ORY,1512368656
FZQQSBBE,code,L,70004404,FO,2006-01-07T04:40,2006-01-07T07:05,MPL,1512368656
FZQQSBBE,code,L,70004405,FO,2006-01-07T07:45,2006-01-07T09:45,ORY,1512368656
DBPQRXDU,code,L,70004404,CSD,2006-01-07T04:40,2006-01-07T07:05,MPL,1512368656
DBPQRXDU,code,L,70004405,CSD,2006-01-07T07:45,2006-01-07T09:45,ORY,1512368656
MEHUGXET,code,L,70004404,CSD,2006-01-07T04:40,2006-01-07T07:05,MPL,1512368656
MEHUGXET,code,L,70004405,CSD,2006-01-07T07:45,2006-01-07T09:45,ORY,1512368656
HZVIHZGT,code,L,70004404,ST,2006-01-07T04:40,2006-01-07T07:05,MPL,1512368656
HZVIHZGT,code,L,70004405,ST,2006-01-07T07:45,2006-01-07T09:45,ORY,1512368656
BKHRBEMN,code,L,70004404,ST,2006-01-07T04:40,2006-01-07T07:05,MPL,1512368656
BKHRBEMN,code,L,70004405,ST,2006-01-07T07:45,2006-01-07T09:45,ORY,1512368656
RLTURINP,code,L,70004404,ST,2006-01-07T04:40,2006-01-07T07:05,MPL,1512368656
RLTURINP,code,L,70004405,ST,2006-01-07T07:45,2006-01-07T09:45,ORY,1512368656
OZQZPKLZ,code,L,70004404,ST,2006-01-07T04:40,2006-01-07T07:05,MPL,1512368656
OZQZPKLZ,code,L,70004405,ST,2006-01-07T07:45,2006-01-07T09:45,ORY,1512368656
QCPPPFXT,code,L,70004404,ST,2006-01-07T04:40,2006-01-07T07:05,MPL,1512368656
QCPPPFXT,code,L,70004405,ST,2006-01-07T07:45,2006-01-07T09:45,ORY,1512368656
UEEQYAHO,code,L,70004404,ST,2006-01-07T04:40,2006-01-07T07:05,MPL,1512368656
UEEQYAHO,code,L,70004405,ST,2006-01-07T07:45,2006-01-07T09:45,ORY,1512368656
JVXPUCGO,code,L,70002966,CP,2006-01-07T04:40,2006-01-07T07:00,TLS,2039758977
JVXPUCGO,code,L,70002973,CP,2006-01-07T07:50,2006-01-07T09:45,ORY,2039758977
QUXRHNWZ,code,L,70002966,FO,2006-01-07T04:40,2006-01-07T07:00,TLS,2039758977
QUXRHNWZ,code,L,70002973,FO,2006-01-07T07:50,2006-01-07T09:45,ORY,2039758977
EPPALHXO,code,L,70002966,CSD,2006-01-07T04:40,2006-01-07T07:00,TLS,2039758977
EPPALHXO,code,L,70002973,CSD,2006-01-07T07:50,2006-01-07T09:45,ORY,2039758977
YUTYDOPZ,code,L,70002966,CSD,2006-01-07T04:40,2006-01-07T07:00,TLS,2039758977
YUTYDOPZ,code,L,70002973,CSD,2006-01-07T07:50,2006-01-07T09:45,ORY,2039758977
HYWNVRLN,code,L,70002966,ST,2006-01-07T04:40,2006-01-07T07:00,TLS,2039758977
HYWNVRLN,code,L,70002973,ST,2006-01-07T07:50,2006-01-07T09:45,ORY,2039758977
UUNDWKZC,code,L,70002966,ST,2006-01-07T04:40,2006-01-07T07:00,TLS,2039758977
UUNDWKZC,code,L,70002973,ST,2006-01-07T07:50,2006-01-07T09:45,ORY,2039758977
PCHWCBJD,code,L,70002966,ST,2006-01-07T04:40,2006-01-07T07:00,TLS,2039758977
PCHWCBJD,code,L,70002973,ST,2006-01-07T07:50,2006-01-07T09:45,ORY,2039758977
XLCBXGGE,code,L,70002966,ST,2006-01-07T04:40,2006-01-07T07:00,TLS,2039758977
XLCBXGGE,code,L,70002973,ST,2006-01-07T07:50,2006-01-07T09:45,ORY,2039758977
HISRQARE,code,L,70002966,ST,2006-01-07T04:40,2006-01-07T07:00,TLS,2039758977
HISRQARE,code,L,70002973,ST,2006-01-07T07:50,2006-01-07T09:45,ORY,2039758977
OXOJIARL,code,L,70002966,ST,2006-01-07T04:40,2006-01-07T07:00,TLS,2039758977
OXOJIARL,code,L,70002973,ST,2006-01-07T07:50,2006-01-07T09:45,ORY,2039758977
AZDMNVIP,code,L,70004576,CP,2006-01-07T04:40,2006-01-07T07:15,NCE,1008338748
AZDMNVIP,code,L,70004551,CP,2006-01-07T08:10,2006-01-07T09:35,CDG,1008338748
AZDMNVIP,code,L,70004552,CP,2006-01-07T10:30,2006-01-07T12:00,MPL,1008338748
AZDMNVIP,code,L,70004577,CP,2006-01-07T12:50,2006-01-07T14:10,CDG,1008338748
YJSZHQNA,code,L,70004576,FO,2006-01-07T04:40,2006-01-07T07:15,NCE,1008338748
YJSZHQNA,code,L,70004551,FO,2006-01-07T08:10,2006-01-07T09:35,CDG,1008338748
YJSZHQNA,code,L,70004552,FO,2006-01-07T10:30,2006-01-07T12:00,MPL,1008338748
YJSZHQNA,code,L,70004577,FO,2006-01-07T12:50,2006-01-07T14:10,CDG,1008338748
BCFMFUEO,code,L,70004576,CSD,2006-01-07T04:40,2006-01-07T07:15,NCE,1008338748
BCFMFUEO,code,L,70004551,CSD,2006-01-07T08:10,2006-01-07T09:35,CDG,1008338748
BCFMFUEO,code,L,70004552,CSD,2006-01-07T10:30,2006-01-07T12:00,MPL,1008338748
BCFMFUEO,code,L,70004577,CSD,2006-01-07T12:50,2006-01-07T14:10,CDG,1008338748
DLJZYAUP,code,L,70004576,CSD,2006-01-07T04:40,2006-01-07T07:15,NCE,1008338748
DLJZYAUP,code,L,70004551,CSD,2006-01-07T08:10,2006-01-07T09:35,CDG,1008338748
DLJZYAUP,code,L,70004552,CSD,2006-01-07T10:30,2006-01-07T12:00,MPL,1008338748
DLJZYAUP,code,L,70004577,CSD,2006-01-07T12:50,2006-01-07T14:10,CDG,1008338748
QBLUTJAD,code,L,70004576,ST,2006-01-07T04:40,2006-01-07T07:15,NCE,1008338748
QBLUTJAD,code,L,70004551,ST,2006-01-07T08:10,2006-01-07T09:35,CDG,1008338748
QBLUTJAD,code,L,70004552,ST,2006-01-07T10:30,2006-01-07T12:00,MPL,1008338748
QBLUTJAD,code,L,70004577,ST,2006-01-07T12:50,2006-01-07T14:10,CDG,1008338748
PICDDSLE,code,L,70004576,ST,2006-01-07T04:40,2006-01-07T07:15,NCE,1008338748
PICDDSLE,code,L,70004551,ST,2006-01-07T08:10,2006-01-07T09:35,CDG,1008338748
PICDDSLE,code,L,70004552,ST,2006-01-07T10:30,2006-01-07T12:00,MPL,1008338748
PICDDSLE,code,L,70004577,ST,2006-01-07T12:50,2006-01-07T14:10,CDG,1008338748
QWEGGLNN,code,L,70004576,ST,2006-01-07T04:40,2006-01-07T07:15,NCE,1008338748
QWEGGLNN,code,L,70004551,ST,2006-01-07T08:10,2006-01-07T09:35,CDG,1008338748
QWEGGLNN,code,L,70004552,ST,2006-01-07T10:30,2006-01-07T12:00,MPL,1008338748
QWEGGLNN,code,L,70004577,ST,2006-01-07T12:50,2006-01-07T14:10,CDG,1008338748
HKXIWLKY,code,L,70004576,ST,2006-01-07T04:40,2006-01-07T07:15,NCE,1008338748
HKXIWLKY,code,L,70004551,ST,2006-01-07T08:10,2006-01-07T09:35,CDG,1008338748
HKXIWLKY,code,L,70004552,ST,2006-01-07T10:30,2006-01-07T12:00,MPL,1008338748
HKXIWLKY,code,L,70004577,ST,2006-01-07T12:50,2006-01-07T14:10,CDG,1008338748
ANQWZTYW,code,L,70004576,ST,2006-01-07T04:40,2006-01-07T07:15,NCE,1008338748
ANQWZTYW,code,L,70004551,ST,2006-01-07T08:10,2006-01-07T09:35,CDG,1008338748
ANQWZTYW,code,L,70004552,ST,2006-01-07T10:30,2006-01-07T12:00,MPL,1008338748
ANQWZTYW,code,L,70004577,ST,2006-01-07T12:50,2006-01-07T14:10,CDG,1008338748
WVMRDXWW,code,L,70004576,ST,2006-01-07T04:40,2006-01-07T07:15,NCE,1008338748
WVMRDXWW,code,L,70004551,ST,2006-01-07T08:10,2006-01-07T09:35,CDG,1008338748
WVMRDXWW,code,L,70004552,ST,2006-01-07T10:30,2006-01-07T12:00,MPL,1008338748
WVMRDXWW,code,L,70004577,ST,2006-01-07T12:50,2006-01-07T14:10,CDG,1008338748
FBCNSHVQ,code,L,70002543,CP,2006-01-07T04:40,2006-01-07T06:50,RDZ,262918833
FBCNSHVQ,code,L,70002544,CP,2006-01-07T07:25,2006-01-07T09:15,ORY,262918833
ZHPGYZFG,code,L,70002543,FO,2006-01-07T04:40,2006-01-07T06:50,RDZ,262918833
ZHPGYZFG,code,L,70002544,FO,2006-01-07T07:25,2006-01-07T09:15,ORY,262918833
YQTJTQJH,code,L,70002543,CS,2006-01-07T04:40,2006-01-07T06:50,RDZ,262918833
YQTJTQJH,code,L,70002544,CS,2006-01-07T07:25,2006-01-07T09:15,ORY,262918833
VDROBKRL,code,L,70002543,ST,2006-01-07T04:40,2006-01-07T06:50,RDZ,262918833
VDROBKRL,code,L,70002544,ST,2006-01-07T07:25,2006-01-07T09:15,ORY,262918833
HHRABVZF,code,L,70002543,ST,2006-01-07T04:40,2006-01-07T06:50,RDZ,262918833
HHRABVZF,code,L,70002544,ST,2006-01-07T07:25,2006-01-07T09:15,ORY,262918833
YGLFDLQD,code,L,70004694,CP,2006-01-07T04:40,2006-01-07T06:35,NCE,282134252
YGLFDLQD,code,L,70004693,CP,2006-01-07T07:50,2006-01-07T09:35,LYS,282134252
LQCRSTHO,code,L,70004694,FO,2006-01-07T04:40,2006-01-07T06:35,NCE,282134252
LQCRSTHO,code,L,70004693,FO,2006-01-07T07:50,2006-01-07T09:35,LYS,282134252
GQDLXWVE,code,L,70004694,CSD,2006-01-07T04:40,2006-01-07T06:35,NCE,282134252
GQDLXWVE,code,L,70004693,CSD,2006-01-07T07:50,2006-01-07T09:35,LYS,282134252
XQGXTVAO,code,L,70004694,ST,2006-01-07T04:40,2006-01-07T06:35,NCE,282134252
XQGXTVAO,code,L,70004693,ST,2006-01-07T07:50,2006-01-07T09:35,LYS,282134252
FTOUJWHJ,code,L,70004694,ST,2006-01-07T04:40,2006-01-07T06:35,NCE,282134252
FTOUJWHJ,code,L,70004693,ST,2006-01-07T07:50,2006-01-07T09:35,LYS,282134252
KQCKGWHK,code,L,70004694,ST,2006-01-07T04:40,2006-01-07T06:35,NCE,282134252
KQCKGWHK,code,L,70004693,ST,2006-01-07T07:50,2006-01-07T09:35,LYS,282134252
TMCWGOOW,code,L,70004364,CP,2006-01-07T04:45,2006-01-07T07:10,TLN,820276643
TMCWGOOW,code,L,70004363,CP,2006-01-07T07:55,2006-01-07T10:00,ORY,820276643
MLHFVWTW,code,L,70004364,FO,2006-01-07T04:45,2006-01-07T07:10,TLN,820276643
MLHFVWTW,code,L,70004363,FO,2006-01-07T07:55,2006-01-07T10:00,ORY,820276643
ZLEKJDBT,code,L,70004364,CSD,2006-01-07T04:45,2006-01-07T07:10,TLN,820276643
ZLEKJDBT,code,L,70004363,CSD,2006-01-07T07:55,2006-01-07T10:00,ORY,820276643
KCQKFNHE,code,L,70004364,CSD,2006-01-07T04:45,2006-01-07T07:10,TLN,820276643
KCQKFNHE,code,L,70004363,CSD,2006-01-07T07:55,2006-01-07T10:00,ORY,820276643
LMBCNLYD,code,L,70004364,ST,2006-01-07T04:45,2006-01-07T07:10,TLN,820276643
LMBCNLYD,code,L,70004363,ST,2006-01-07T07:55,2006-01-07T10:00,ORY,820276643
FMYECZFK,code,L,70004364,ST,2006-01-07T04:45,2006-01-07T07:10,TLN,820276643
FMYECZFK,code,L,70004363,ST,2006-01-07T07:55,2006-01-07T10:00,ORY,820276643
JBQOTRIE,code,L,70004364,ST,2006-01-07T04:45,2006-01-07T07:10,TLN,820276643
JBQOTRIE,code,L,70004363,ST,2006-01-07T07:55,2006-01-07T10:00,ORY,820276643
UHQKJMWM,code,L,70004364,ST,2006-01-07T04:45,2006-01-07T07:10,TLN,820276643
UHQKJMWM,code,L,70004363,ST,2006-01-07T07:55,2006-01-07T10:00,ORY,820276643
MEMSMEQV,code,L,70004364,ST,2006-01-07T04:45,2006-01-07T07:10,TLN,820276643
MEMSMEQV,code,L,70004363,ST,2006-01-07T07:55,2006-01-07T10:00,ORY,820276643
PIJWKFWN,code,L,70004364,ST,2006-01-07T04:45,2006-01-07T07:10,TLN,820276643
PIJWKFWN,code,L,70004363,ST,2006-01-07T07:55,2006-01-07T10:00,ORY,820276643
MXUICHYY,code,L,70004723,CP,2006-01-07T04:45,2006-01-07T07:00,NTE,263157300
MXUICHYY,code,L,70004726,CP,2006-01-07T07:55,2006-01-07T09:55,LYS,263157300
GBGDNSRU,code,L,70004723,FO,2006-01-07T04:45,2006-01-07T07:00,NTE,263157300
GBGDNSRU,code,L,70004726,FO,2006-01-07T07:55,2006-01-07T09:55,LYS,263157300
NJJIGCFY,code,L,70004723,CSD,2006-01-07T04:45,2006-01-07T07:00,NTE,263157300
NJJIGCFY,code,L,70004726,CSD,2006-01-07T07:55,2006-01-07T09:55,LYS,263157300
SNMJUAJG,code,L,70004723,CSD,2006-01-07T04:45,2006-01-07T07:00,NTE,263157300
SNMJUAJG,code,L,70004726,CSD,2006-01-07T07:55,2006-01-07T09:55,LYS,263157300
BQWQENRG,code,L,70004723,ST,2006-01-07T04:45,2006-01-07T07:00,NTE,263157300
BQWQENRG,code,L,70004726,ST,2006-01-07T07:55,2006-01-07T09:55,LYS,263157300
TRTDAOMQ,code,L,70004723,ST,2006-01-07T04:45,2006-01-07T07:00,NTE,263157300
TRTDAOMQ,code,L,70004726,ST,2006-01-07T07:55,2006-01-07T09:55,LYS,263157300
DSSUMTUS,code,L,70004723,ST,2006-01-07T04:45,2006-01-07T07:00,NTE,263157300
DSSUMTUS,code,L,70004726,ST,2006-01-07T07:55,2006-01-07T09:55,LYS,263157300
FIQAUFNV,code,L,70004723,ST,2006-01-07T04:45,2006-01-07T07:00,NTE,263157300
FIQAUFNV,code,L,70004726,ST,2006-01-07T07:55,2006-01-07T09:55,LYS,263157300
IVJQVYKG,code,L,70004723,ST,2006-01-07T04:45,2006-01-07T07:00,NTE,263157300
IVJQVYKG,code,L,70004726,ST,2006-01-07T07:55,2006-01-07T09:55,LYS,263157300
MZLKRFQU,code,L,70004723,ST,2006-01-07T04:45,2006-01-07T07:00,NTE,263157300
MZLKRFQU,code,L,70004726,ST,2006-01-07T07:55,2006-01-07T09:55,LYS,263157300
FRSWTVRL,code,L,70002524,CP,2006-01-07T04:45,2006-01-07T06:55,UIP,1196878155
FRSWTVRL,code,L,70002523,CP,2006-01-07T07:45,2006-01-07T08:50,ORY,1196878155
FRSWTVRL,code,L,70002526,CP,2006-01-07T09:45,2006-01-07T10:55,UIP,1196878155
FRSWTVRL,code,L,70002798,CP,2006-01-07T13:00,2006-01-07T14:45,ORY,1196878155
DKVKGRSJ,code,L,70002524,FO,2006-01-07T04:45,2006-01-07T06:55,UIP,1196878155
DKVKGRSJ,code,L,70002523,FO,2006-01-07T07:45,2006-01-07T08:50,ORY,1196878155
DKVKGRSJ,code,L,70002526,FO,2006-01-07T09:45,2006-01-07T10:55,UIP,1196878155
DKVKGRSJ,code,L,70002798,FO,2006-01-07T13:00,2006-01-07T14:45,ORY,1196878155
LDZTBMQY,code,L,70002524,CS,2006-01-07T04:45,2006-01-07T06:55,UIP,1196878155
LDZTBMQY,code,L,70002523,CS,2006-01-07T07:45,2006-01-07T08:50,ORY,1196878155
LDZTBMQY,code,L,70002526,CS,2006-01-07T09:45,2006-01-07T10:55,UIP,1196878155
LDZTBMQY,code,L,70002798,CS,2006-01-07T13:00,2006-01-07T14:45,ORY,1196878155
EWWLTHHX,code,L,70002524,ST,2006-01-07T04:45,2006-01-07T06:55,UIP,1196878155
EWWLTHHX,code,L,70002523,ST,2006-01-07T07:45,2006-01-07T08:50,ORY,1196878155
EWWLTHHX,code,L,70002526,ST,2006-01-07T09:45,2006-01-07T10:55,UIP,1196878155
EWWLTHHX,code,L,70002798,ST,2006-01-07T13:00,2006-01-07T14:45,ORY,1196878155
NCPXCBDF,code,L,70002524,ST,2006-01-07T04:45,2006-01-07T06:55,UIP,1196878155
NCPXCBDF,code,L,70002523,ST,2006-01-07T07:45,2006-01-07T08:50,ORY,1196878155
NCPXCBDF,code,L,70002526,ST,2006-01-07T09:45,2006-01-07T10:55,UIP,1196878155
NCPXCBDF,code,L,70002798,ST,2006-01-07T13:00,2006-01-07T14:45,ORY,1196878155
XARTYEQA,code,L,70004673,CP,2006-01-07T04:45,2006-01-07T07:00,LIL,564194307
XARTYEQA,code,L,70004676,CP,2006-01-07T07:40,2006-01-07T09:40,LYS,564194307
UJSOTVVK,code,L,70004673,FO,2006-01-07T04:45,2006-01-07T07:00,LIL,564194307
UJSOTVVK,code,L,70004676,FO,2006-01-07T07:40,2006-01-07T09:40,LYS,564194307
HNLDUKAT,code,L,70004673,CSD,2006-01-07T04:45,2006-01-07T07:00,LIL,564194307
HNLDUKAT,code,L,70004676,CSD,2006-01-07T07:40,2006-01-07T09:40,LYS,564194307
KHPQWFYR,code,L,70004673,ST,2006-01-07T04:45,2006-01-07T07:00,LIL,564194307
KHPQWFYR,code,L,70004676,ST,2006-01-07T07:40,2006-01-07T09:40,LYS,564194307
USAGUCBS,code,L,70004673,ST,2006-01-07T04:45,2006-01-07T07:00,LIL,564194307
USAGUCBS,code,L,70004676,ST,2006-01-07T07:40,2006-01-07T09:40,LYS,564194307
LBMUENGX,code,L,70004764,CP,2006-01-07T04:45,2006-01-07T07:10,NCE,1398633607
LBMUENGX,code,L,70004765,CP,2006-01-07T07:45,2006-01-07T09:00,BOD,1398633607
LBMUENGX,code,L,70003076,CP,2006-01-07T11:35,2006-01-07T13:00,NCE,1398633607
LBMUENGX,code,L,70003063,CP,2006-01-07T14:00,2006-01-07T16:10,ORY,1398633607
JEIUSHSP,code,L,70004764,FO,2006-01-07T04:45,2006-01-07T07:10,NCE,1398633607
JEIUSHSP,code,L,70004765,FO,2006-01-07T07:45,2006-01-07T09:00,BOD,1398633607
JEIUSHSP,code,L,70003076,FO,2006-01-07T11:35,2006-01-07T13:00,NCE,1398633607
JEIUSHSP,code,L,70003063,FO,2006-01-07T14:00,2006-01-07T16:10,ORY,1398633607
MDBBFMSS,code,L,70004764,CSD,2006-01-07T04:45,2006-01-07T07:10,NCE,1398633607
MDBBFMSS,code,L,70004765,CSD,2006-01-07T07:45,2006-01-07T09:00,BOD,1398633607
MDBBFMSS,code,L,70003076,CSD,2006-01-07T11:35,2006-01-07T13:00,NCE,1398633607
MDBBFMSS,code,L,70003063,CSD,2006-01-07T14:00,2006-01-07T16:10,ORY,1398633607
MANGLCIT,code,L,70004764,ST,2006-01-07T04:45,2006-01-07T07:10,NCE,1398633607
MANGLCIT,code,L,70004765,ST,2006-01-07T07:45,2006-01-07T09:00,BOD,1398633607
MANGLCIT,code,L,70003076,ST,2006-01-07T11:35,2006-01-07T13:00,NCE,1398633607
MANGLCIT,code,L,70003063,ST,2006-01-07T14:00,2006-01-07T16:10,ORY,1398633607
IXKQHBSZ,code,L,70004764,ST,2006-01-07T04:45,2006-01-07T07:10,NCE,1398633607
IXKQHBSZ,code,L,70004765,ST,2006-01-07T07:45,2006-01-07T09:00,BOD,1398633607
IXKQHBSZ,code,L,70003076,ST,2006-01-07T11:35,2006-01-07T13:00,NCE,1398633607
IXKQHBSZ,code,L,70003063,ST,2006-01-07T14:00,2006-01-07T16:10,ORY,1398633607
EBTMTTIV,code,L,70002965,CP,2006-01-07T04:50,2006-01-07T07:00,ORY,2090911250
EBTMTTIV,code,L,70002974,CP,2006-01-07T07:40,2006-01-07T09:45,TLS,2090911250
OKQETDMT,code,L,70002965,FO,2006-01-07T04:50,2006-01-07T07:00,ORY,2090911250
OKQETDMT,code,L,70002974,FO,2006-01-07T07:40,2006-01-07T09:45,TLS,2090911250
DROLQFAB,code,L,70002965,CSD,2006-01-07T04:50,2006-01-07T07:00,ORY,2090911250
DROLQFAB,code,L,70002974,CSD,2006-01-07T07:40,2006-01-07T09:45,TLS,2090911250
KITORSMB,code,L,70002965,CSD,2006-01-07T04:50,2006-01-07T07:00,ORY,2090911250
KITORSMB,code,L,70002974,CSD,2006-01-07T07:40,2006-01-07T09:45,TLS,2090911250
WOAWFDEW,code,L,70002965,ST,2006-01-07T04:50,2006-01-07T07:00,ORY,2090911250
WOAWFDEW,code,L,70002974,ST,2006-01-07T07:40,2006-01-07T09:45,TLS,2090911250
ZVEZEISW,code,L,70002965,ST,2006-01-07T04:50,2006-01-07T07:00,ORY,2090911250
ZVEZEISW,code,L,70002974,ST,2006-01-07T07:40,2006-01-07T09:45,TLS,2090911250
TLMRMZOK,code,L,70002965,ST,2006-01-07T04:50,2006-01-07T07:00,ORY,2090911250
TLMRMZOK,code,L,70002974,ST,2006-01-07T07:40,2006-01-07T09:45,TLS,2090911250
EDEFERNK,code,L,70002965,ST,2006-01-07T04:50,2006-01-07T07:00,ORY,2090911250
EDEFERNK,code,L,70002974,ST,2006-01-07T07:40,2006-01-07T09:45,TLS,2090911250
UJKZGFAX,code,L,70002965,ST,2006-01-07T04:50,2006-01-07T07:00,ORY,2090911250
UJKZGFAX,code,L,70002974,ST,2006-01-07T07:40,2006-01-07T09:45,TLS,2090911250
XCCYYCIZ,code,L,70002965,ST,2006-01-07T04:50,2006-01-07T07:00,ORY,2090911250
XCCYYCIZ,code,L,70002974,ST,2006-01-07T07:40,2006-01-07T09:45,TLS,2090911250
YXOCHCIF,code,L,70004344,CP,2006-01-07T04:50,2006-01-07T07:10,BIQ,669806174
YXOCHCIF,code,L,70004343,CP,2006-01-07T07:55,2006-01-07T09:55,ORY,669806174
ALGKRRHE,code,L,70004344,FO,2006-01-07T04:50,2006-01-07T07:10,BIQ,669806174
ALGKRRHE,code,L,70004343,FO,2006-01-07T07:55,2006-01-07T09:55,ORY,669806174
JLNTXWVF,code,L,70004344,CSD,2006-01-07T04:50,2006-01-07T07:10,BIQ,669806174
JLNTXWVF,code,L,70004343,CSD,2006-01-07T07:55,2006-01-07T09:55,ORY,669806174
RDTSBDQK,code,L,70004344,CSD,2006-01-07T04:50,2006-01-07T07:10,BIQ,669806174
RDTSBDQK,code,L,70004343,CSD,2006-01-07T07:55,2006-01-07T09:55,ORY,669806174
AQOOSQOX,code,L,70004344,ST,2006-01-07T04:50,2006-01-07T07:10,BIQ,669806174
AQOOSQOX,code,L,70004343,ST,2006-01-07T07:55,2006-01-07T09:55,ORY,669806174
HDQOSQQT,code,L,70004344,ST,2006-01-07T04:50,2006-01-07T07:10,BIQ,669806174
HDQOSQQT,code,L,70004343,ST,2006-01-07T07:55,2006-01-07T09:55,ORY,669806174
GQNWWTRQ,code,L,70004344,ST,2006-01-07T04:50,2006-01-07T07:10,BIQ,669806174
GQNWWTRQ,code,L,70004343,ST,2006-01-07T07:55,2006-01-07T09:55,ORY,669806174
MEWADFZZ,code,L,70004344,ST,2006-01-07T04:50,2006-01-07T07:10,BIQ,669806174
MEWADFZZ,code,L,70004343,ST,2006-01-07T07:55,2006-01-07T09:55,ORY,669806174
PBEUNCUH,code,L,70004344,ST,2006-01-07T04:50,2006-01-07T07:10,BIQ,669806174
PBEUNCUH,code,L,70004343,ST,2006-01-07T07:55,2006-01-07T09:55,ORY,669806174
URVPNHPX,code,L,70004344,ST,2006-01-07T04:50,2006-01-07T07:10,BIQ,669806174
URVPNHPX,code,L,70004343,ST,2006-01-07T07:55,2006-01-07T09:55,ORY,669806174
QDYXHRGK,code,L,70004704,CP,2006-01-07T04:50,2006-01-07T06:50,TLS,1796576214
QDYXHRGK,code,L,70004703,CP,2006-01-07T07:45,2006-01-07T09:35,LYS,1796576214
JBNQDUJO,code,L,70004704,FO,2006-01-07T04:50,2006-01-07T06:50,TLS,1796576214
JBNQDUJO,code,L,70004703,FO,2006-01-07T07:45,2006-01-07T09:35,LYS,1796576214
SNPTPOKP,code,L,70004704,CSD,2006-01-07T04:50,2006-01-07T06:50,TLS,1796576214
SNPTPOKP,code,L,70004703,CSD,2006-01-07T07:45,2006-01-07T09:35,LYS,1796576214
BVILAJKG,code,L,70004704,CSD,2006-01-07T04:50,2006-01-07T06:50,TLS,1796576214
BVILAJKG,code,L,70004703,CSD,2006-01-07T07:45,2006-01-07T09:35,LYS,1796576214
KWEBOVBX,code,L,70004704,ST,2006-01-07T04:50,2006-01-07T06:50,TLS,1796576214
KWEBOVBX,code,L,70004703,ST,2006-01-07T07:45,2006-01-07T09:35,LYS,1796576214
LPONHGQU,code,L,70004704,ST,2006-01-07T04:50,2006-01-07T06:50,TLS,1796576214
LPONHGQU,code,L,70004703,ST,2006-01-07T07:45,2006-01-07T09:35,LYS,1796576214
WUVWXBBB,code,L,70004704,ST,2006-01-07T04:50,2006-01-07T06:50,TLS,1796576214
WUVWXBBB,code,L,70004703,ST,2006-01-07T07:45,2006-01-07T09:35,LYS,1796576214
TPMTPXAH,code,L,70004704,ST,2006-01-07T04:50,2006-01-07T06:50,TLS,1796576214
TPMTPXAH,code,L,70004703,ST,2006-01-07T07:45,2006-01-07T09:35,LYS,1796576214
CEFXGSCO,code,L,70004704,ST,2006-01-07T04:50,2006-01-07T06:50,TLS,1796576214
CEFXGSCO,code,L,70004703,ST,2006-01-07T07:45,2006-01-07T09:35,LYS,1796576214
BGYKNWUW,code,L,70004704,ST,2006-01-07T04:50,2006-01-07T06:50,TLS,1796576214
BGYKNWUW,code,L,70004703,ST,2006-01-07T07:45,2006-01-07T09:35,LYS,1796576214
UYOEUZRK,code,L,70004264,CP,2006-01-07T04:50,2006-01-07T06:55,LYS,1661516681
UYOEUZRK,code,L,70004265,CP,2006-01-07T07:40,2006-01-07T09:30,ORY,1661516681
XSXTPRIC,code,L,70004264,FO,2006-01-07T04:50,2006-01-07T06:55,LYS,1661516681
XSXTPRIC,code,L,70004265,FO,2006-01-07T07:40,2006-01-07T09:30,ORY,1661516681
MWZCHVWR,code,L,70004264,CSD,2006-01-07T04:50,2006-01-07T06:55,LYS,1661516681
MWZCHVWR,code,L,70004265,CSD,2006-01-07T07:40,2006-01-07T09:30,ORY,1661516681
ZQCGRWOT,code,L,70004264,CSD,2006-01-07T04:50,2006-01-07T06:55,LYS,1661516681
ZQCGRWOT,code,L,70004265,CSD,2006-01-07T07:40,2006-01-07T09:30,ORY,1661516681
APHIRXPL,code,L,70004264,ST,2006-01-07T04:50,2006-01-07T06:55,LYS,1661516681
APHIRXPL,code,L,70004265,ST,2006-01-07T07:40,2006-01-07T09:30,ORY,1661516681
JXEMSCHA,code,L,70004264,ST,2006-01-07T04:50,2006-01-07T06:55,LYS,1661516681
JXEMSCHA,code,L,70004265,ST,2006-01-07T07:40,2006-01-07T09:30,ORY,1661516681
XDUQNNFZ,code,L,70004264,ST,2006-01-07T04:50,2006-01-07T06:55,LYS,1661516681
XDUQNNFZ,code,L,70004265,ST,2006-01-07T07:40,2006-01-07T09:30,ORY,1661516681
BNDDZUTD,code,L,70004264,ST,2006-01-07T04:50,2006-01-07T06:55,LYS,1661516681
BNDDZUTD,code,L,70004265,ST,2006-01-07T07:40,2006-01-07T09:30,ORY,1661516681
AYKJUAMY,code,L,70004264,ST,2006-01-07T04:50,2006-01-07T06:55,LYS,1661516681
AYKJUAMY,code,L,70004265,ST,2006-01-07T07:40,2006-01-07T09:30,ORY,1661516681
VPHKQKVS,code,L,70004264,ST,2006-01-07T04:50,2006-01-07T06:55,LYS,1661516681
VPHKQKVS,code,L,70004265,ST,2006-01-07T07:40,2006-01-07T09:30,ORY,1661516681
JPPSNNDT,code,L,70005163,CP,2006-01-07T04:50,2006-01-07T07:40,BOD,295069519
JPPSNNDT,code,L,70005164,CP,2006-01-07T08:55,2006-01-07T11:30,AMS,295069519
POHMOBDB,code,L,70005163,FO,2006-01-07T04:50,2006-01-07T07:40,BOD,295069519
POHMOBDB,code,L,70005164,FO,2006-01-07T08:55,2006-01-07T11:30,AMS,295069519
JVMYILRL,code,L,70005163,CSD,2006-01-07T04:50,2006-01-07T07:40,BOD,295069519
JVMYILRL,code,L,70005164,CSD,2006-01-07T08:55,2006-01-07T11:30,AMS,295069519
IIGNUITL,code,L,70005163,ST,2006-01-07T04:50,2006-01-07T07:40,BOD,295069519
IIGNUITL,code,L,70005164,ST,2006-01-07T08:55,2006-01-07T11:30,AMS,295069519
QQKSJYOT,code,L,70005163,ST,2006-01-07T04:50,2006-01-07T07:40,BOD,295069519
QQKSJYOT,code,L,70005164,ST,2006-01-07T08:55,2006-01-07T11:30,AMS,295069519
KKJIVVIA,code,L,70002648,CP,2006-01-07T04:50,2006-01-07T06:50,SXB,435943218
KKJIVVIA,code,L,70002647,CP,2006-01-07T07:40,2006-01-07T09:25,LYS,435943218
BGYECVZD,code,L,70002648,FO,2006-01-07T04:50,2006-01-07T06:50,SXB,435943218
BGYECVZD,code,L,70002647,FO,2006-01-07T07:40,2006-01-07T09:25,LYS,435943218
OLRGODGH,code,L,70002648,CSD,2006-01-07T04:50,2006-01-07T06:50,SXB,435943218
OLRGODGH,code,L,70002647,CSD,2006-01-07T07:40,2006-01-07T09:25,LYS,435943218
XPXTCKVH,code,L,70002648,ST,2006-01-07T04:50,2006-01-07T06:50,SXB,435943218
XPXTCKVH,code,L,70002647,ST,2006-01-07T07:40,2006-01-07T09:25,LYS,435943218
OUSBLYTI,code,L,70002648,ST,2006-01-07T04:50,2006-01-07T06:50,SXB,435943218
OUSBLYTI,code,L,70002647,ST,2006-01-07T07:40,2006-01-07T09:25,LYS,435943218
QCVFVZLQ,code,L,70002648,ST,2006-01-07T04:50,2006-01-07T06:50,SXB,435943218
QCVFVZLQ,code,L,70002647,ST,2006-01-07T07:40,2006-01-07T09:25,LYS,435943218
BCJQWPMR,code,L,70004544,CP,2006-01-07T04:55,2006-01-07T07:25,MPL,134224868
BCJQWPMR,code,L,70004547,CP,2006-01-07T19:50,2006-01-07T22:00,CDG,134224868
YGDFYFZC,code,L,70004544,FO,2006-01-07T04:55,2006-01-07T07:25,MPL,134224868
YGDFYFZC,code,L,70004547,FO,2006-01-07T19:50,2006-01-07T22:00,CDG,134224868
VCMAHFAN,code,L,70004544,CSD,2006-01-07T04:55,2006-01-07T07:25,MPL,134224868
VCMAHFAN,code,L,70004547,CSD,2006-01-07T19:50,2006-01-07T22:00,CDG,134224868
CXSFYDFV,code,L,70004544,CSD,2006-01-07T04:55,2006-01-07T07:25,MPL,134224868
CXSFYDFV,code,L,70004547,CSD,2006-01-07T19:50,2006-01-07T22:00,CDG,134224868
UEBUBNYR,code,L,70004544,ST,2006-01-07T04:55,2006-01-07T07:25,MPL,134224868
UEBUBNYR,code,L,70004547,ST,2006-01-07T19:50,2006-01-07T22:00,CDG,134224868
MBGYSHAP,code,L,70004544,ST,2006-01-07T04:55,2006-01-07T07:25,MPL,134224868
MBGYSHAP,code,L,70004547,ST,2006-01-07T19:50,2006-01-07T22:00,CDG,134224868
QDMURGDB,code,L,70004544,ST,2006-01-07T04:55,2006-01-07T07:25,MPL,134224868
QDMURGDB,code,L,70004547,ST,2006-01-07T19:50,2006-01-07T22:00,CDG,134224868
PKIPPNRG,code,L,70004544,ST,2006-01-07T04:55,2006-01-07T07:25,MPL,134224868
PKIPPNRG,code,L,70004547,ST,2006-01-07T19:50,2006-01-07T22:00,CDG,134224868
IIFWZWFN,code,L,70004544,ST,2006-01-07T04:55,2006-01-07T07:25,MPL,134224868
IIFWZWFN,code,L,70004547,ST,2006-01-07T19:50,2006-01-07T22:00,CDG,134224868
YMYTEISV,code,L,70004544,ST,2006-01-07T04:55,2006-01-07T07:25,MPL,134224868
YMYTEISV,code,L,70004547,ST,2006-01-07T19:50,2006-01-07T22:00,CDG,134224868
VVZGAXYH,code,L,70001364,CP,2006-01-07T04:55,2006-01-07T07:35,AJA,1454666067
VVZGAXYH,code,L,70001363,CP,2006-01-07T08:25,2006-01-07T10:50,ORY,1454666067
PEIZGWMP,code,L,70001364,FO,2006-01-07T04:55,2006-01-07T07:35,AJA,1454666067
PEIZGWMP,code,L,70001363,FO,2006-01-07T08:25,2006-01-07T10:50,ORY,1454666067
MUDIIESH,code,L,70001364,CSD,2006-01-07T04:55,2006-01-07T07:35,AJA,1454666067
MUDIIESH,code,L,70001363,CSD,2006-01-07T08:25,2006-01-07T10:50,ORY,1454666067
GQFBCEJB,code,L,70001364,CSD,2006-01-07T04:55,2006-01-07T07:35,AJA,1454666067
GQFBCEJB,code,L,70001363,CSD,2006-01-07T08:25,2006-01-07T10:50,ORY,1454666067
LKFDXAVH,code,L,70001364,ST,2006-01-07T04:55,2006-01-07T07:35,AJA,1454666067
LKFDXAVH,code,L,70001363,ST,2006-01-07T08:25,2006-01-07T10:50,ORY,1454666067
CGOXOUJW,code,L,70001364,ST,2006-01-07T04:55,2006-01-07T07:35,AJA,1454666067
CGOXOUJW,code,L,70001363,ST,2006-01-07T08:25,2006-01-07T10:50,ORY,1454666067
RYYGLBQY,code,L,70001364,ST,2006-01-07T04:55,2006-01-07T07:35,AJA,1454666067
RYYGLBQY,code,L,70001363,ST,2006-01-07T08:25,2006-01-07T10:50,ORY,1454666067
SJRQFOCY,code,L,70001364,ST,2006-01-07T04:55,2006-01-07T07:35,AJA,1454666067
SJRQFOCY,code,L,70001363,ST,2006-01-07T08:25,2006-01-07T10:50,ORY,1454666067
VDEAYOLJ,code,L,70001364,ST,2006-01-07T04:55,2006-01-07T07:35,AJA,1454666067
VDEAYOLJ,code,L,70001363,ST,2006-01-07T08:25,2006-01-07T10:50,ORY,1454666067
DCXIEVBG,code,L,70001364,ST,2006-01-07T04:55,2006-01-07T07:35,AJA,1454666067
DCXIEVBG,code,L,70001363,ST,2006-01-07T08:25,2006-01-07T10:50,ORY,1454666067
JMTISXDU,code,L,70001374,CP,2006-01-07T04:55,2006-01-07T07:30,BIA,525100016
JMTISXDU,code,L,70001379,CP,2006-01-07T08:30,2006-01-07T10:50,ORY,525100016
OINXXLIT,code,L,70001374,FO,2006-01-07T04:55,2006-01-07T07:30,BIA,525100016
OINXXLIT,code,L,70001379,FO,2006-01-07T08:30,2006-01-07T10:50,ORY,525100016
ANTZHXOG,code,L,70001374,CSD,2006-01-07T04:55,2006-01-07T07:30,BIA,525100016
ANTZHXOG,code,L,70001379,CSD,2006-01-07T08:30,2006-01-07T10:50,ORY,525100016
FYMRFYIG,code,L,70001374,CSD,2006-01-07T04:55,2006-01-07T07:30,BIA,525100016
FYMRFYIG,code,L,70001379,CSD,2006-01-07T08:30,2006-01-07T10:50,ORY,525100016
FFMEMKST,code,L,70001374,ST,2006-01-07T04:55,2006-01-07T07:30,BIA,525100016
FFMEMKST,code,L,70001379,ST,2006-01-07T08:30,2006-01-07T10:50,ORY,525100016
NSYFTUDD,code,L,70001374,ST,2006-01-07T04:55,2006-01-07T07:30,BIA,525100016
NSYFTUDD,code,L,70001379,ST,2006-01-07T08:30,2006-01-07T10:50,ORY,525100016
BYWYSXQF,code,L,70001374,ST,2006-01-07T04:55,2006-01-07T07:30,BIA,525100016
BYWYSXQF,code,L,70001379,ST,2006-01-07T08:30,2006-01-07T10:50,ORY,525100016
UVZBRSLF,code,L,70001374,ST,2006-01-07T04:55,2006-01-07T07:30,BIA,525100016
UVZBRSLF,code,L,70001379,ST,2006-01-07T08:30,2006-01-07T10:50,ORY,525100016
ISFKRMYM,code,L,70001374,ST,2006-01-07T04:55,2006-01-07T07:30,BIA,525100016
ISFKRMYM,code,L,70001379,ST,2006-01-07T08:30,2006-01-07T10:50,ORY,525100016
ICYCNAZC,code,L,70001374,ST,2006-01-07T04:55,2006-01-07T07:30,BIA,525100016
ICYCNAZC,code,L,70001379,ST,2006-01-07T08:30,2006-01-07T10:50,ORY,525100016
RBMPDGHQ,code,L,70002673,CP,2006-01-07T04:55,2006-01-07T07:20,SXB,657187435
RBMPDGHQ,code,L,70002674,CP,2006-01-07T07:55,2006-01-07T10:10,LGW,657187435
DIAJKKWQ,code,L,70002673,FO,2006-01-07T04:55,2006-01-07T07:20,SXB,657187435
DIAJKKWQ,code,L,70002674,FO,2006-01-07T07:55,2006-01-07T10:10,LGW,657187435
HZFOJBQG,code,L,70002673,CS,2006-01-07T04:55,2006-01-07T07:20,SXB,657187435
HZFOJBQG,code,L,70002674,CS,2006-01-07T07:55,2006-01-07T10:10,LGW,657187435
WPYZELSN,code,L,70002673,ST,2006-01-07T04:55,2006-01-07T07:20,SXB,657187435
WPYZELSN,code,L,70002674,ST,2006-01-07T07:55,2006-01-07T10:10,LGW,657187435
QCDOVFLL,code,L,70002673,ST,2006-01-07T04:55,2006-01-07T07:20,SXB,657187435
QCDOVFLL,code,L,70002674,ST,2006-01-07T07:55,2006-01-07T10:10,LGW,657187435
QDZKXMEH,code,L,70003103,CP,2006-01-07T05:00,2006-01-07T07:20,ORY,687431273
QDZKXMEH,code,L,70003068,CP,2006-01-07T08:05,2006-01-07T10:15,NCE,687431273
UPRHDLMI,code,L,70003103,FO,2006-01-07T05:00,2006-01-07T07:20,ORY,687431273
UPRHDLMI,code,L,70003068,FO,2006-01-07T08:05,2006-01-07T10:15,NCE,687431273
ECOVAOGF,code,L,70003103,CSD,2006-01-07T05:00,2006-01-07T07:20,ORY,687431273
ECOVAOGF,code,L,70003068,CSD,2006-01-07T08:05,2006-01-07T10:15,NCE,687431273
VEHNZZSF,code,L,70003103,CSD,2006-01-07T05:00,2006-01-07T07:20,ORY,687431273
VEHNZZSF,code,L,70003068,CSD,2006-01-07T08:05,2006-01-07T10:15,NCE,687431273
WCCYGPLW,code,L,70003103,ST,2006-01-07T05:00,2006-01-07T07:20,ORY,687431273
WCCYGPLW,code,L,70003068,ST,2006-01-07T08:05,2006-01-07T10:15,NCE,687431273
ZVAQGRKV,code,L,70003103,ST,2006-01-07T05:00,2006-01-07T07:20,ORY,687431273
ZVAQGRKV,code,L,70003068,ST,2006-01-07T08:05,2006-01-07T10:15,NCE,687431273
POUDWGIW,code,L,70003103,ST,2006-01-07T05:00,2006-01-07T07:20,ORY,687431273
POUDWGIW,code,L,70003068,ST,2006-01-07T08:05,2006-01-07T10:15,NCE,687431273
PBITHEEX,code,L,70003103,ST,2006-01-07T05:00,2006-01-07T07:20,ORY,687431273
PBITHEEX,code,L,70003068,ST,2006-01-07T08:05,2006-01-07T10:15,NCE,687431273
DSENVSXF,code,L,70003103,ST,2006-01-07T05:00,2006-01-07T07:20,ORY,687431273
DSENVSXF,code,L,70003068,ST,2006-01-07T08:05,2006-01-07T10:15,NCE,687431273
GDGDQXTL,code,L,70003103,ST,2006-01-07T05:00,2006-01-07T07:20,ORY,687431273
GDGDQXTL,code,L,70003068,ST,2006-01-07T08:05,2006-01-07T10:15,NCE,687431273
HJPGAAPW,code,L,70002793,CP,2006-01-07T05:00,2006-01-07T07:10,LRT,796471501
HJPGAAPW,code,L,70002794,CP,2006-01-07T07:55,2006-01-07T09:45,ORY,796471501
PJQSNLYM,code,L,70002793,FO,2006-01-07T05:00,2006-01-07T07:10,LRT,796471501
PJQSNLYM,code,L,70002794,FO,2006-01-07T07:55,2006-01-07T09:45,ORY,796471501
KKESNRWD,code,L,70002793,CS,2006-01-07T05:00,2006-01-07T07:10,LRT,796471501
KKESNRWD,code,L,70002794,CS,2006-01-07T07:55,2006-01-07T09:45,ORY,796471501
EESRPWWJ,code,L,70002793,ST,2006-01-07T05:00,2006-01-07T07:10,LRT,796471501
EESRPWWJ,code,L,70002794,ST,2006-01-07T07:55,2006-01-07T09:45,ORY,796471501
ZKYNQPZM,code,L,70002793,ST,2006-01-07T05:00,2006-01-07T07:10,LRT,796471501
ZKYNQPZM,code,L,70002794,ST,2006-01-07T07:55,2006-01-07T09:45,ORY,796471501
AGMIULKE,code,L,70002534,CP,2006-01-07T05:00,2006-01-07T06:45,BES,628641533
AGMIULKE,code,L,70002634,CP,2006-01-07T07:15,2006-01-07T08:35,NTE,628641533
AGMIULKE,code,L,70002633,CP,2006-01-07T09:05,2006-01-07T10:25,SXB,628641533
AGMIULKE,code,L,70002533,CP,2006-01-07T10:55,2006-01-07T11:35,NTE,628641533
AGMIULKE,code,L,70002655,CP,2006-01-07T12:20,2006-01-07T13:50,BES,628641533
AGMIULKE,code,L,70002656,CP,2006-01-07T14:30,2006-01-07T16:40,LYS,628641533
CFRDRQXS,code,L,70002534,FO,2006-01-07T05:00,2006-01-07T06:45,BES,628641533
CFRDRQXS,code,L,70002634,FO,2006-01-07T07:15,2006-01-07T08:35,NTE,628641533
CFRDRQXS,code,L,70002633,FO,2006-01-07T09:05,2006-01-07T10:25,SXB,628641533
CFRDRQXS,code,L,70002533,FO,2006-01-07T10:55,2006-01-07T11:35,NTE,628641533
CFRDRQXS,code,L,70002655,FO,2006-01-07T12:20,2006-01-07T13:50,BES,628641533
CFRDRQXS,code,L,70002656,FO,2006-01-07T14:30,2006-01-07T16:40,LYS,628641533
ROPQYESE,code,L,70002534,CSD,2006-01-07T05:00,2006-01-07T06:45,BES,628641533
ROPQYESE,code,L,70002634,CSD,2006-01-07T07:15,2006-01-07T08:35,NTE,628641533
ROPQYESE,code,L,70002633,CSD,2006-01-07T09:05,2006-01-07T10:25,SXB,628641533
ROPQYESE,code,L,70002533,CSD,2006-01-07T10:55,2006-01-07T11:35,NTE,628641533
ROPQYESE,code,L,70002655,CSD,2006-01-07T12:20,2006-01-07T13:50,BES,628641533
ROPQYESE,code,L,70002656,CSD,2006-01-07T14:30,2006-01-07T16:40,LYS,628641533
CKPAGPGT,code,L,70002534,ST,2006-01-07T05:00,2006-01-07T06:45,BES,628641533
CKPAGPGT,code,L,70002634,ST,2006-01-07T07:15,2006-01-07T08:35,NTE,628641533
CKPAGPGT,code,L,70002633,ST,2006-01-07T09:05,2006-01-07T10:25,SXB,628641533
CKPAGPGT,code,L,70002533,ST,2006-01-07T10:55,2006-01-07T11:35,NTE,628641533
CKPAGPGT,code,L,70002655,ST,2006-01-07T12:20,2006-01-07T13:50,BES,628641533
CKPAGPGT,code,L,70002656,ST,2006-01-07T14:30,2006-01-07T16:40,LYS,628641533
SWOZBVQN,code,L,70002534,ST,2006-01-07T05:00,2006-01-07T06:45,BES,628641533
SWOZBVQN,code,L,70002634,ST,2006-01-07T07:15,2006-01-07T08:35,NTE,628641533
SWOZBVQN,code,L,70002633,ST,2006-01-07T09:05,2006-01-07T10:25,SXB,628641533
SWOZBVQN,code,L,70002533,ST,2006-01-07T10:55,2006-01-07T11:35,NTE,628641533
SWOZBVQN,code,L,70002655,ST,2006-01-07T12:20,2006-01-07T13:50,BES,628641533
SWOZBVQN,code,L,70002656,ST,2006-01-07T14:30,2006-01-07T16:40,LYS,628641533
XUWTMKZW,code,L,70002534,ST,2006-01-07T05:00,2006-01-07T06:45,BES,628641533
XUWTMKZW,code,L,70002634,ST,2006-01-07T07:15,2006-01-07T08:35,NTE,628641533
XUWTMKZW,code,L,70002633,ST,2006-01-07T09:05,2006-01-07T10:25,SXB,628641533
XUWTMKZW,code,L,70002533,ST,2006-01-07T10:55,2006-01-07T11:35,NTE,628641533
XUWTMKZW,code,L,70002655,ST,2006-01-07T12:20,2006-01-07T13:50,BES,628641533
XUWTMKZW,code,L,70002656,ST,2006-01-07T14:30,2006-01-07T16:40,LYS,628641533
YBQMDQWQ,code,L,70003064,CP,2006-01-07T05:05,2006-01-07T07:30,NCE,929393559
YBQMDQWQ,code,L,70003069,CP,2006-01-07T08:00,2006-01-07T10:05,ORY,929393559
WHBGTIGR,code,L,70003064,FO,2006-01-07T05:05,2006-01-07T07:30,NCE,929393559
WHBGTIGR,code,L,70003069,FO,2006-01-07T08:00,2006-01-07T10:05,ORY,929393559
ZIMYYHLH,code,L,70003064,CSD,2006-01-07T05:05,2006-01-07T07:30,NCE,929393559
ZIMYYHLH,code,L,70003069,CSD,2006-01-07T08:00,2006-01-07T10:05,ORY,929393559
QQVGUDOQ,code,L,70003064,CSD,2006-01-07T05:05,2006-01-07T07:30,NCE,929393559
QQVGUDOQ,code,L,70003069,CSD,2006-01-07T08:00,2006-01-07T10:05,ORY,929393559
ZQCKFFVM,code,L,70003064,ST,2006-01-07T05:05,2006-01-07T07:30,NCE,929393559
ZQCKFFVM,code,L,70003069,ST,2006-01-07T08:00,2006-01-07T10:05,ORY,929393559
XBQTDCRC,code,L,70003064,ST,2006-01-07T05:05,2006-01-07T07:30,NCE,929393559
XBQTDCRC,code,L,70003069,ST,2006-01-07T08:00,2006-01-07T10:05,ORY,929393559
JBKCCVYG,code,L,70003064,ST,2006-01-07T05:05,2006-01-07T07:30,NCE,929393559
JBKCCVYG,code,L,70003069,ST,2006-01-07T08:00,2006-01-07T10:05,ORY,929393559
EPGMNVPW,code,L,70003064,ST,2006-01-07T05:05,2006-01-07T07:30,NCE,929393559
EPGMNVPW,code,L,70003069,ST,2006-01-07T08:00,2006-01-07T10:05,ORY,929393559
DBPIEJNJ,code,L,70003064,ST,2006-01-07T05:05,2006-01-07T07:30,NCE,929393559
DBPIEJNJ,code,L,70003069,ST,2006-01-07T08:00,2006-01-07T10:05,ORY,929393559
ESEEALVB,code,L,70003064,ST,2006-01-07T05:05,2006-01-07T07:30,NCE,929393559
ESEEALVB,code,L,70003069,ST,2006-01-07T08:00,2006-01-07T10:05,ORY,929393559
RZNLYKIX,code,L,70004656,CP,2006-01-07T05:05,2006-01-07T07:35,TLS,1194650126
RZNLYKIX,code,L,70004645,CP,2006-01-07T09:30,2006-01-07T11:40,CDG,1194650126
WWAOZMNG,code,L,70004656,FO,2006-01-07T05:05,2006-01-07T07:35,TLS,1194650126
WWAOZMNG,code,L,70004645,FO,2006-01-07T09:30,2006-01-07T11:40,CDG,1194650126
IUUHXIZH,code,L,70004656,CSD,2006-01-07T05:05,2006-01-07T07:35,TLS,1194650126
IUUHXIZH,code,L,70004645,CSD,2006-01-07T09:30,2006-01-07T11:40,CDG,1194650126
QTTFBGCA,code,L,70004656,CSD,2006-01-07T05:05,2006-01-07T07:35,TLS,1194650126
QTTFBGCA,code,L,70004645,CSD,2006-01-07T09:30,2006-01-07T11:40,CDG,1194650126
PKOFNQXF,code,L,70004656,ST,2006-01-07T05:05,2006-01-07T07:35,TLS,1194650126
PKOFNQXF,code,L,70004645,ST,2006-01-07T09:30,2006-01-07T11:40,CDG,1194650126
WIBVPRJC,code,L,70004656,ST,2006-01-07T05:05,2006-01-07T07:35,TLS,1194650126
WIBVPRJC,code,L,70004645,ST,2006-01-07T09:30,2006-01-07T11:40,CDG,1194650126
CZMQSANZ,code,L,70004656,ST,2006-01-07T05:05,2006-01-07T07:35,TLS,1194650126
CZMQSANZ,code,L,70004645,ST,2006-01-07T09:30,2006-01-07T11:40,CDG,1194650126
ACNLXOEQ,code,L,70004656,ST,2006-01-07T05:05,2006-01-07T07:35,TLS,1194650126
ACNLXOEQ,code,L,70004645,ST,2006-01-07T09:30,2006-01-07T11:40,CDG,1194650126
OXTXDYGI,code,L,70004656,ST,2006-01-07T05:05,2006-01-07T07:35,TLS,1194650126
OXTXDYGI,code,L,70004645,ST,2006-01-07T09:30,2006-01-07T11:40,CDG,1194650126
MTPMNWTZ,code,L,70004656,ST,2006-01-07T05:05,2006-01-07T07:35,TLS,1194650126
MTPMNWTZ,code,L,70004645,ST,2006-01-07T09:30,2006-01-07T11:40,CDG,1194650126
CKLCSGLT,code,L,7000152,CP,2006-01-07T05:05,2006-01-07T07:20,MLH,1130118952
CKLCSGLT,code,L,7000145,CP,2006-01-07T08:05,2006-01-07T10:00,CDG,1130118952
ROGZHGOH,code,L,7000152,FO,2006-01-07T05:05,2006-01-07T07:20,MLH,1130118952
ROGZHGOH,code,L,7000145,FO,2006-01-07T08:05,2006-01-07T10:00,CDG,1130118952
JFLTYZRW,code,L,7000152,CSD,2006-01-07T05:05,2006-01-07T07:20,MLH,1130118952
JFLTYZRW,code,L,7000145,CSD,2006-01-07T08:05,2006-01-07T10:00,CDG,1130118952
UDJXRQIJ,code,L,7000152,CSD,2006-01-07T05:05,2006-01-07T07:20,MLH,1130118952
UDJXRQIJ,code,L,7000145,CSD,2006-01-07T08:05,2006-01-07T10:00,CDG,1130118952
JEZYLSWZ,code,L,7000152,ST,2006-01-07T05:05,2006-01-07T07:20,MLH,1130118952
JEZYLSWZ,code,L,7000145,ST,2006-01-07T08:05,2006-01-07T10:00,CDG,1130118952
XOXBGNNH,code,L,7000152,ST,2006-01-07T05:05,2006-01-07T07:20,MLH,1130118952
XOXBGNNH,code,L,7000145,ST,2006-01-07T08:05,2006-01-07T10:00,CDG,1130118952
OJSPVKTQ,code,L,7000152,ST,2006-01-07T05:05,2006-01-07T07:20,MLH,1130118952
OJSPVKTQ,code,L,7000145,ST,2006-01-07T08:05,2006-01-07T10:00,CDG,1130118952
SZWMJVGX,code,L,7000152,ST,2006-01-07T05:05,2006-01-07T07:20,MLH,1130118952
SZWMJVGX,code,L,7000145,ST,2006-01-07T08:05,2006-01-07T10:00,CDG,1130118952
MWGZROJC,code,L,7000152,ST,2006-01-07T05:05,2006-01-07T07:20,MLH,1130118952
MWGZROJC,code,L,7000145,ST,2006-01-07T08:05,2006-01-07T10:00,CDG,1130118952
XPIWUBOH,code,L,7000152,ST,2006-01-07T05:05,2006-01-07T07:20,MLH,1130118952
XPIWUBOH,code,L,7000145,ST,2006-01-07T08:05,2006-01-07T10:00,CDG,1130118952
RYEQQFQJ,code,L,70003118,CP,2006-01-07T05:10,2006-01-07T07:20,BOD,1379662799
RYEQQFQJ,code,L,70003119,CP,2006-01-07T08:10,2006-01-07T10:00,ORY,1379662799
DTRIBICT,code,L,70003118,FO,2006-01-07T05:10,2006-01-07T07:20,BOD,1379662799
DTRIBICT,code,L,70003119,FO,2006-01-07T08:10,2006-01-07T10:00,ORY,1379662799
IURCHRGJ,code,L,70003118,CSD,2006-01-07T05:10,2006-01-07T07:20,BOD,1379662799
IURCHRGJ,code,L,70003119,CSD,2006-01-07T08:10,2006-01-07T10:00,ORY,1379662799
HFWSFJSK,code,L,70003118,CSD,2006-01-07T05:10,2006-01-07T07:20,BOD,1379662799
HFWSFJSK,code,L,70003119,CSD,2006-01-07T08:10,2006-01-07T10:00,ORY,1379662799
QPRLQHEK,code,L,70003118,ST,2006-01-07T05:10,2006-01-07T07:20,BOD,1379662799
QPRLQHEK,code,L,70003119,ST,2006-01-07T08:10,2006-01-07T10:00,ORY,1379662799
VJSBYYIQ,code,L,70003118,ST,2006-01-07T05:10,2006-01-07T07:20,BOD,1379662799
VJSBYYIQ,code,L,70003119,ST,2006-01-07T08:10,2006-01-07T10:00,ORY,1379662799
HMLKKIBM,code,L,70003118,ST,2006-01-07T05:10,2006-01-07T07:20,BOD,1379662799
HMLKKIBM,code,L,70003119,ST,2006-01-07T08:10,2006-01-07T10:00,ORY,1379662799
EXMRXAAW,code,L,70003118,ST,2006-01-07T05:10,2006-01-07T07:20,BOD,1379662799
EXMRXAAW,code,L,70003119,ST,2006-01-07T08:10,2006-01-07T10:00,ORY,1379662799
QBAXRQTV,code,L,70003118,ST,2006-01-07T05:10,2006-01-07T07:20,BOD,1379662799
QBAXRQTV,code,L,70003119,ST,2006-01-07T08:10,2006-01-07T10:00,ORY,1379662799
RHYGNLTL,code,L,70003118,ST,2006-01-07T05:10,2006-01-07T07:20,BOD,1379662799
RHYGNLTL,code,L,70003119,ST,2006-01-07T08:10,2006-01-07T10:00,ORY,1379662799
WIEFDRRJ,code,L,70002968,CP,2006-01-07T05:10,2006-01-07T07:30,TLS,259488708
WIEFDRRJ,code,L,70002975,CP,2006-01-07T08:50,2006-01-07T10:45,ORY,259488708
JMWVMPQX,code,L,70002968,FO,2006-01-07T05:10,2006-01-07T07:30,TLS,259488708
JMWVMPQX,code,L,70002975,FO,2006-01-07T08:50,2006-01-07T10:45,ORY,259488708
YSDGIHDT,code,L,70002968,CSD,2006-01-07T05:10,2006-01-07T07:30,TLS,259488708
YSDGIHDT,code,L,70002975,CSD,2006-01-07T08:50,2006-01-07T10:45,ORY,259488708
JPDYKBQN,code,L,70002968,CSD,2006-01-07T05:10,2006-01-07T07:30,TLS,259488708
JPDYKBQN,code,L,70002975,CSD,2006-01-07T08:50,2006-01-07T10:45,ORY,259488708
AMOCWEYF,code,L,70002968,ST,2006-01-07T05:10,2006-01-07T07:30,TLS,259488708
AMOCWEYF,code,L,70002975,ST,2006-01-07T08:50,2006-01-07T10:45,ORY,259488708
PJWBQBON,code,L,70002968,ST,2006-01-07T05:10,2006-01-07T07:30,TLS,259488708
PJWBQBON,code,L,70002975,ST,2006-01-07T08:50,2006-01-07T10:45,ORY,259488708
UGQLRPUC,code,L,70002968,ST,2006-01-07T05:10,2006-01-07T07:30,TLS,259488708
UGQLRPUC,code,L,70002975,ST,2006-01-07T08:50,2006-01-07T10:45,ORY,259488708
CWOITTYT,code,L,70002968,ST,2006-01-07T05:10,2006-01-07T07:30,TLS,259488708
CWOITTYT,code,L,70002975,ST,2006-01-07T08:50,2006-01-07T10:45,ORY,259488708
PUJHEPFO,code,L,70002968,ST,2006-01-07T05:10,2006-01-07T07:30,TLS,259488708
PUJHEPFO,code,L,70002975,ST,2006-01-07T08:50,2006-01-07T10:45,ORY,259488708
SIWRXYTQ,code,L,70002968,ST,2006-01-07T05:10,2006-01-07T07:30,TLS,259488708
SIWRXYTQ,code,L,70002975,ST,2006-01-07T08:50,2006-01-07T10:45,ORY,259488708
JKEIVPIQ,code,L,70004498,CP,2006-01-07T05:15,2006-01-07T07:45,BIQ,532638534
JKEIVPIQ,code,L,70004515,CP,2006-01-07T08:35,2006-01-07T09:45,CDG,532638534
JKEIVPIQ,code,L,70004506,CP,2006-01-07T12:40,2006-01-07T13:50,LYS,532638534
JKEIVPIQ,code,L,70004519,CP,2006-01-07T14:25,2006-01-07T15:25,CDG,532638534
JKEIVPIQ,code,L,70004520,CP,2006-01-07T16:05,2006-01-07T17:10,CFE,532638534
JKEIVPIQ,code,L,70004499,CP,2006-01-07T20:25,2006-01-07T22:35,CDG,532638534
MBGVERBF,code,L,70004498,FO,2006-01-07T05:15,2006-01-07T07:45,BIQ,532638534
MBGVERBF,code,L,70004515,FO,2006-01-07T08:35,2006-01-07T09:45,CDG,532638534
MBGVERBF,code,L,70004506,FO,2006-01-07T12:40,2006-01-07T13:50,LYS,532638534
MBGVERBF,code,L,70004519,FO,2006-01-07T14:25,2006-01-07T15:25,CDG,532638534
MBGVERBF,code,L,70004520,FO,2006-01-07T16:05,2006-01-07T17:10,CFE,532638534
MBGVERBF,code,L,70004499,FO,2006-01-07T20:25,2006-01-07T22:35,CDG,532638534
FRVPXQBF,code,L,70004498,CSD,2006-01-07T05:15,2006-01-07T07:45,BIQ,532638534
FRVPXQBF,code,L,70004515,CSD,2006-01-07T08:35,2006-01-07T09:45,CDG,532638534
FRVPXQBF,code,L,70004506,CSD,2006-01-07T12:40,2006-01-07T13:50,LYS,532638534
FRVPXQBF,code,L,70004519,CSD,2006-01-07T14:25,2006-01-07T15:25,CDG,532638534
FRVPXQBF,code,L,70004520,CSD,2006-01-07T16:05,2006-01-07T17:10,CFE,532638534
FRVPXQBF,code,L,70004499,CSD,2006-01-07T20:25,2006-01-07T22:35,CDG,532638534
YBRBBGIB,code,L,70004498,CSD,2006-01-07T05:15,2006-01-07T07:45,BIQ,532638534
YBRBBGIB,code,L,70004515,CSD,2006-01-07T08:35,2006-01-07T09:45,CDG,532638534
YBRBBGIB,code,L,70004506,CSD,2006-01-07T12:40,2006-01-07T13:50,LYS,532638534
YBRBBGIB,code,L,70004519,CSD,2006-01-07T14:25,2006-01-07T15:25,CDG,532638534
YBRBBGIB,code,L,70004520,CSD,2006-01-07T16:05,2006-01-07T17:10,CFE,532638534
YBRBBGIB,code,L,70004499,CSD,2006-01-07T20:25,2006-01-07T22:35,CDG,532638534
SSGHSQUF,code,L,70004498,ST,2006-01-07T05:15,2006-01-07T07:45,BIQ,532638534
SSGHSQUF,code,L,70004515,ST,2006-01-07T08:35,2006-01-07T09:45,CDG,532638534
SSGHSQUF,code,L,70004506,ST,2006-01-07T12:40,2006-01-07T13:50,LYS,532638534
SSGHSQUF,code,L,70004519,ST,2006-01-07T14:25,2006-01-07T15:25,CDG,532638534
SSGHSQUF,code,L,70004520,ST,2006-01-07T16:05,2006-01-07T17:10,CFE,532638534
SSGHSQUF,code,L,70004499,ST,2006-01-07T20:25,2006-01-07T22:35,CDG,532638534
YJAFWVHM,code,L,70004498,ST,2006-01-07T05:15,2006-01-07T07:45,BIQ,532638534
YJAFWVHM,code,L,70004515,ST,2006-01-07T08:35,2006-01-07T09:45,CDG,532638534
YJAFWVHM,code,L,70004506,ST,2006-01-07T12:40,2006-01-07T13:50,LYS,532638534
YJAFWVHM,code,L,70004519,ST,2006-01-07T14:25,2006-01-07T15:25,CDG,532638534
YJAFWVHM,code,L,70004520,ST,2006-01-07T16:05,2006-01-07T17:10,CFE,532638534
YJAFWVHM,code,L,70004499,ST,2006-01-07T20:25,2006-01-07T22:35,CDG,532638534
VPEKIWNC,code,L,70004498,ST,2006-01-07T05:15,2006-01-07T07:45,BIQ,532638534
VPEKIWNC,code,L,70004515,ST,2006-01-07T08:35,2006-01-07T09:45,CDG,532638534
VPEKIWNC,code,L,70004506,ST,2006-01-07T12:40,2006-01-07T13:50,LYS,532638534
VPEKIWNC,code,L,70004519,ST,2006-01-07T14:25,2006-01-07T15:25,CDG,532638534
VPEKIWNC,code,L,70004520,ST,2006-01-07T16:05,2006-01-07T17:10,CFE,532638534
VPEKIWNC,code,L,70004499,ST,2006-01-07T20:25,2006-01-07T22:35,CDG,532638534
WIHZYETP,code,L,70004498,ST,2006-01-07T05:15,2006-01-07T07:45,BIQ,532638534
WIHZYETP,code,L,70004515,ST,2006-01-07T08:35,2006-01-07T09:45,CDG,532638534
WIHZYETP,code,L,70004506,ST,2006-01-07T12:40,2006-01-07T13:50,LYS,532638534
WIHZYETP,code,L,70004519,ST,2006-01-07T14:25,2006-01-07T15:25,CDG,532638534
WIHZYETP,code,L,70004520,ST,2006-01-07T16:05,2006-01-07T17:10,CFE,532638534
WIHZYETP,code,L,70004499,ST,2006-01-07T20:25,2006-01-07T22:35,CDG,532638534
VEHVYVLC,code,L,70004498,ST,2006-01-07T05:15,2006-01-07T07:45,BIQ,532638534
VEHVYVLC,code,L,70004515,ST,2006-01-07T08:35,2006-01-07T09:45,CDG,532638534
VEHVYVLC,code,L,70004506,ST,2006-01-07T12:40,2006-01-07T13:50,LYS,532638534
VEHVYVLC,code,L,70004519,ST,2006-01-07T14:25,2006-01-07T15:25,CDG,532638534
VEHVYVLC,code,L,70004520,ST,2006-01-07T16:05,2006-01-07T17:10,CFE,532638534
VEHVYVLC,code,L,70004499,ST,2006-01-07T20:25,2006-01-07T22:35,CDG,532638534
LUGXZSWU,code,L,70004498,ST,2006-01-07T05:15,2006-01-07T07:45,BIQ,532638534
LUGXZSWU,code,L,70004515,ST,2006-01-07T08:35,2006-01-07T09:45,CDG,532638534
LUGXZSWU,code,L,70004506,ST,2006-01-07T12:40,2006-01-07T13:50,LYS,532638534
LUGXZSWU,code,L,70004519,ST,2006-01-07T14:25,2006-01-07T15:25,CDG,532638534
LUGXZSWU,code,L,70004520,ST,2006-01-07T16:05,2006-01-07T17:10,CFE,532638534
LUGXZSWU,code,L,70004499,ST,2006-01-07T20:25,2006-01-07T22:35,CDG,532638534
PYMUGRYJ,code,L,70004643,CP,2006-01-07T05:15,2006-01-07T07:40,CDG,2039633683
PYMUGRYJ,code,L,70002972,CP,2006-01-07T09:10,2006-01-07T10:30,TLS,2039633683
PYMUGRYJ,code,L,70004431,CP,2006-01-07T11:40,2006-01-07T13:20,ORY,2039633683
PYMUGRYJ,code,L,70004432,CP,2006-01-07T14:35,2006-01-07T16:15,AJA,2039633683
PYMUGRYJ,code,L,70004437,CP,2006-01-07T17:00,2006-01-07T18:40,ORY,2039633683
PYMUGRYJ,code,L,70004434,CP,2006-01-07T19:30,2006-01-07T20:45,AJA,2039633683
RHXYZTKL,code,L,70004643,FO,2006-01-07T05:15,2006-01-07T07:40,CDG,2039633683
RHXYZTKL,code,L,70002972,FO,2006-01-07T09:10,2006-01-07T10:30,TLS,2039633683
RHXYZTKL,code,L,70004431,FO,2006-01-07T11:40,2006-01-07T13:20,ORY,2039633683
RHXYZTKL,code,L,70004432,FO,2006-01-07T14:35,2006-01-07T16:15,AJA,2039633683
RHXYZTKL,code,L,70004437,FO,2006-01-07T17:00,2006-01-07T18:40,ORY,2039633683
RHXYZTKL,code,L,70004434,FO,2006-01-07T19:30,2006-01-07T20:45,AJA,2039633683
KSGUCTFW,code,L,70004643,CSD,2006-01-07T05:15,2006-01-07T07:40,CDG,2039633683
KSGUCTFW,code,L,70002972,CSD,2006-01-07T09:10,2006-01-07T10:30,TLS,2039633683
KSGUCTFW,code,L,70004431,CSD,2006-01-07T11:40,2006-01-07T13:20,ORY,2039633683
KSGUCTFW,code,L,70004432,CSD,2006-01-07T14:35,2006-01-07T16:15,AJA,2039633683
KSGUCTFW,code,L,70004437,CSD,2006-01-07T17:00,2006-01-07T18:40,ORY,2039633683
KSGUCTFW,code,L,70004434,CSD,2006-01-07T19:30,2006-01-07T20:45,AJA,2039633683
TAIRJQNA,code,L,70004643,CSD,2006-01-07T05:15,2006-01-07T07:40,CDG,2039633683
TAIRJQNA,code,L,70002972,CSD,2006-01-07T09:10,2006-01-07T10:30,TLS,2039633683
TAIRJQNA,code,L,70004431,CSD,2006-01-07T11:40,2006-01-07T13:20,ORY,2039633683
TAIRJQNA,code,L,70004432,CSD,2006-01-07T14:35,2006-01-07T16:15,AJA,2039633683
TAIRJQNA,code,L,70004437,CSD,2006-01-07T17:00,2006-01-07T18:40,ORY,2039633683
TAIRJQNA,code,L,70004434,CSD,2006-01-07T19:30,2006-01-07T20:45,AJA,2039633683
BWZWVOCY,code,L,70004643,ST,2006-01-07T05:15,2006-01-07T07:40,CDG,2039633683
BWZWVOCY,code,L,70002972,ST,2006-01-07T09:10,2006-01-07T10:30,TLS,2039633683
BWZWVOCY,code,L,70004431,ST,2006-01-07T11:40,2006-01-07T13:20,ORY,2039633683
BWZWVOCY,code,L,70004432,ST,2006-01-07T14:35,2006-01-07T16:15,AJA,2039633683
BWZWVOCY,code,L,70004437,ST,2006-01-07T17:00,2006-01-07T18:40,ORY,2039633683
BWZWVOCY,code,L,70004434,ST,2006-01-07T19:30,2006-01-07T20:45,AJA,2039633683
CUEKYBNO,code,L,70004643,ST,2006-01-07T05:15,2006-01-07T07:40,CDG,2039633683
CUEKYBNO,code,L,70002972,ST,2006-01-07T09:10,2006-01-07T10:30,TLS,2039633683
CUEKYBNO,code,L,70004431,ST,2006-01-07T11:40,2006-01-07T13:20,ORY,2039633683
CUEKYBNO,code,L,70004432,ST,2006-01-07T14:35,2006-01-07T16:15,AJA,2039633683
CUEKYBNO,code,L,70004437,ST,2006-01-07T17:00,2006-01-07T18:40,ORY,2039633683
CUEKYBNO,code,L,70004434,ST,2006-01-07T19:30,2006-01-07T20:45,AJA,2039633683
KMHMKKJH,code,L,70004643,ST,2006-01-07T05:15,2006-01-07T07:40,CDG,2039633683
KMHMKKJH,code,L,70002972,ST,2006-01-07T09:10,2006-01-07T10:30,TLS,2039633683
KMHMKKJH,code,L,70004431,ST,2006-01-07T11:40,2006-01-07T13:20,ORY,2039633683
KMHMKKJH,code,L,70004432,ST,2006-01-07T14:35,2006-01-07T16:15,AJA,2039633683
KMHMKKJH,code,L,70004437,ST,2006-01-07T17:00,2006-01-07T18:40,ORY,2039633683
KMHMKKJH,code,L,70004434,ST,2006-01-07T19:30,2006-01-07T20:45,AJA,2039633683
QXJUNVDU,code,L,70004643,ST,2006-01-07T05:15,2006-01-07T07:40,CDG,2039633683
QXJUNVDU,code,L,70002972,ST,2006-01-07T09:10,2006-01-07T10:30,TLS,2039633683
QXJUNVDU,code,L,70004431,ST,2006-01-07T11:40,2006-01-07T13:20,ORY,2039633683
QXJUNVDU,code,L,70004432,ST,2006-01-07T14:35,2006-01-07T16:15,AJA,2039633683
QXJUNVDU,code,L,70004437,ST,2006-01-07T17:00,2006-01-07T18:40,ORY,2039633683
QXJUNVDU,code,L,70004434,ST,2006-01-07T19:30,2006-01-07T20:45,AJA,2039633683
GCPTYZOB,code,L,70004643,ST,2006-01-07T05:15,2006-01-07T07:40,CDG,2039633683
GCPTYZOB,code,L,70002972,ST,2006-01-07T09:10,2006-01-07T10:30,TLS,2039633683
GCPTYZOB,code,L,70004431,ST,2006-01-07T11:40,2006-01-07T13:20,ORY,2039633683
GCPTYZOB,code,L,70004432,ST,2006-01-07T14:35,2006-01-07T16:15,AJA,2039633683
GCPTYZOB,code,L,70004437,ST,2006-01-07T17:00,2006-01-07T18:40,ORY,2039633683
GCPTYZOB,code,L,70004434,ST,2006-01-07T19:30,2006-01-07T20:45,AJA,2039633683
IRXOTXHK,code,L,70004643,ST,2006-01-07T05:15,2006-01-07T07:40,CDG,2039633683
IRXOTXHK,code,L,70002972,ST,2006-01-07T09:10,2006-01-07T10:30,TLS,2039633683
IRXOTXHK,code,L,70004431,ST,2006-01-07T11:40,2006-01-07T13:20,ORY,2039633683
IRXOTXHK,code,L,70004432,ST,2006-01-07T14:35,2006-01-07T16:15,AJA,2039633683
IRXOTXHK,code,L,70004437,ST,2006-01-07T17:00,2006-01-07T18:40,ORY,2039633683
IRXOTXHK,code,L,70004434,ST,2006-01-07T19:30,2006-01-07T20:45,AJA,2039633683
MTGMSQUD,code,L,70004523,CP,2006-01-07T05:15,2006-01-07T07:40,CDG,585887566
MTGMSQUD,code,L,70004524,CP,2006-01-07T09:05,2006-01-07T11:20,MRS,585887566
WCTCWLTP,code,L,70004523,FO,2006-01-07T05:15,2006-01-07T07:40,CDG,585887566
WCTCWLTP,code,L,70004524,FO,2006-01-07T09:05,2006-01-07T11:20,MRS,585887566
ACXXOPQV,code,L,70004523,CSD,2006-01-07T05:15,2006-01-07T07:40,CDG,585887566
ACXXOPQV,code,L,70004524,CSD,2006-01-07T09:05,2006-01-07T11:20,MRS,585887566
OGKTCXJG,code,L,70004523,CSD,2006-01-07T05:15,2006-01-07T07:40,CDG,585887566
OGKTCXJG,code,L,70004524,CSD,2006-01-07T09:05,2006-01-07T11:20,MRS,585887566
XKULKUJE,code,L,70004523,ST,2006-01-07T05:15,2006-01-07T07:40,CDG,585887566
XKULKUJE,code,L,70004524,ST,2006-01-07T09:05,2006-01-07T11:20,MRS,585887566
DAZMMDVB,code,L,70004523,ST,2006-01-07T05:15,2006-01-07T07:40,CDG,585887566
DAZMMDVB,code,L,70004524,ST,2006-01-07T09:05,2006-01-07T11:20,MRS,585887566
RBBACCRY,code,L,70004523,ST,2006-01-07T05:15,2006-01-07T07:40,CDG,585887566
RBBACCRY,code,L,70004524,ST,2006-01-07T09:05,2006-01-07T11:20,MRS,585887566
JZRGHOTI,code,L,70004523,ST,2006-01-07T05:15,2006-01-07T07:40,CDG,585887566
JZRGHOTI,code,L,70004524,ST,2006-01-07T09:05,2006-01-07T11:20,MRS,585887566
MYCSEZHF,code,L,70004523,ST,2006-01-07T05:15,2006-01-07T07:40,CDG,585887566
MYCSEZHF,code,L,70004524,ST,2006-01-07T09:05,2006-01-07T11:20,MRS,585887566
WJKGOZQM,code,L,70004523,ST,2006-01-07T05:15,2006-01-07T07:40,CDG,585887566
WJKGOZQM,code,L,70004524,ST,2006-01-07T09:05,2006-01-07T11:20,MRS,585887566
LTXLEXZX,code,L,70004563,CP,2006-01-07T05:20,2006-01-07T07:55,CDG,485266100
LTXLEXZX,code,L,70004564,CP,2006-01-07T09:05,2006-01-07T11:25,NCE,485266100
VHDLFMWA,code,L,70004563,FO,2006-01-07T05:20,2006-01-07T07:55,CDG,485266100
VHDLFMWA,code,L,70004564,FO,2006-01-07T09:05,2006-01-07T11:25,NCE,485266100
NZWIHNDA,code,L,70004563,CSD,2006-01-07T05:20,2006-01-07T07:55,CDG,485266100
NZWIHNDA,code,L,70004564,CSD,2006-01-07T09:05,2006-01-07T11:25,NCE,485266100
CPPKNDZP,code,L,70004563,CSD,2006-01-07T05:20,2006-01-07T07:55,CDG,485266100
CPPKNDZP,code,L,70004564,CSD,2006-01-07T09:05,2006-01-07T11:25,NCE,485266100
HRDOCLHN,code,L,70004563,ST,2006-01-07T05:20,2006-01-07T07:55,CDG,485266100
HRDOCLHN,code,L,70004564,ST,2006-01-07T09:05,2006-01-07T11:25,NCE,485266100
QLKIIGAI,code,L,70004563,ST,2006-01-07T05:20,2006-01-07T07:55,CDG,485266100
QLKIIGAI,code,L,70004564,ST,2006-01-07T09:05,2006-01-07T11:25,NCE,485266100
IFDFUGAE,code,L,70004563,ST,2006-01-07T05:20,2006-01-07T07:55,CDG,485266100
IFDFUGAE,code,L,70004564,ST,2006-01-07T09:05,2006-01-07T11:25,NCE,485266100
SJMYGBLX,code,L,70004563,ST,2006-01-07T05:20,2006-01-07T07:55,CDG,485266100
SJMYGBLX,code,L,70004564,ST,2006-01-07T09:05,2006-01-07T11:25,NCE,485266100
FKNBYVCC,code,L,70004563,ST,2006-01-07T05:20,2006-01-07T07:55,CDG,485266100
FKNBYVCC,code,L,70004564,ST,2006-01-07T09:05,2006-01-07T11:25,NCE,485266100
QAUONLLM,code,L,70004563,ST,2006-01-07T05:20,2006-01-07T07:55,CDG,485266100
QAUONLLM,code,L,70004564,ST,2006-01-07T09:05,2006-01-07T11:25,NCE,485266100
DFSHGLGB,code,L,70004375,CP,2006-01-07T05:25,2006-01-07T07:50,ORY,200550235
DFSHGLGB,code,L,70004376,CP,2006-01-07T08:35,2006-01-07T10:50,TLN,200550235
OUSFGXBG,code,L,70004375,FO,2006-01-07T05:25,2006-01-07T07:50,ORY,200550235
OUSFGXBG,code,L,70004376,FO,2006-01-07T08:35,2006-01-07T10:50,TLN,200550235
PWZJMTMX,code,L,70004375,CSD,2006-01-07T05:25,2006-01-07T07:50,ORY,200550235
PWZJMTMX,code,L,70004376,CSD,2006-01-07T08:35,2006-01-07T10:50,TLN,200550235
GIMMRYGG,code,L,70004375,CSD,2006-01-07T05:25,2006-01-07T07:50,ORY,200550235
GIMMRYGG,code,L,70004376,CSD,2006-01-07T08:35,2006-01-07T10:50,TLN,200550235
KGMPNEET,code,L,70004375,ST,2006-01-07T05:25,2006-01-07T07:50,ORY,200550235
KGMPNEET,code,L,70004376,ST,2006-01-07T08:35,2006-01-07T10:50,TLN,200550235
KCHWAPDC,code,L,70004375,ST,2006-01-07T05:25,2006-01-07T07:50,ORY,200550235
KCHWAPDC,code,L,70004376,ST,2006-01-07T08:35,2006-01-07T10:50,TLN,200550235
YXVZKFEC,code,L,70004375,ST,2006-01-07T05:25,2006-01-07T07:50,ORY,200550235
YXVZKFEC,code,L,70004376,ST,2006-01-07T08:35,2006-01-07T10:50,TLN,200550235
ALZIKFQR,code,L,70004375,ST,2006-01-07T05:25,2006-01-07T07:50,ORY,200550235
ALZIKFQR,code,L,70004376,ST,2006-01-07T08:35,2006-01-07T10:50,TLN,200550235
KKBZBUKD,code,L,70004375,ST,2006-01-07T05:25,2006-01-07T07:50,ORY,200550235
KKBZBUKD,code,L,70004376,ST,2006-01-07T08:35,2006-01-07T10:50,TLN,200550235
QMYBTPFI,code,L,70004375,ST,2006-01-07T05:25,2006-01-07T07:50,ORY,200550235
QMYBTPFI,code,L,70004376,ST,2006-01-07T08:35,2006-01-07T10:50,TLN,200550235
JUSUOLGJ,code,L,70004514,CP,2006-01-07T05:25,2006-01-07T07:35,LYS,1484135457
JUSUOLGJ,code,L,70004503,CP,2006-01-07T08:30,2006-01-07T10:25,CDG,1484135457
NHLJMZPX,code,L,70004514,FO,2006-01-07T05:25,2006-01-07T07:35,LYS,1484135457
NHLJMZPX,code,L,70004503,FO,2006-01-07T08:30,2006-01-07T10:25,CDG,1484135457
QBXLFKSM,code,L,70004514,CSD,2006-01-07T05:25,2006-01-07T07:35,LYS,1484135457
QBXLFKSM,code,L,70004503,CSD,2006-01-07T08:30,2006-01-07T10:25,CDG,1484135457
DYQFZSRU,code,L,70004514,CSD,2006-01-07T05:25,2006-01-07T07:35,LYS,1484135457
DYQFZSRU,code,L,70004503,CSD,2006-01-07T08:30,2006-01-07T10:25,CDG,1484135457
KCBKDZJN,code,L,70004514,ST,2006-01-07T05:25,2006-01-07T07:35,LYS,1484135457
KCBKDZJN,code,L,70004503,ST,2006-01-07T08:30,2006-01-07T10:25,CDG,1484135457
RRJPLGHX,code,L,70004514,ST,2006-01-07T05:25,2006-01-07T07:35,LYS,1484135457
RRJPLGHX,code,L,70004503,ST,2006-01-07T08:30,2006-01-07T10:25,CDG,1484135457
HWMITZFF,code,L,70004514,ST,2006-01-07T05:25,2006-01-07T07:35,LYS,1484135457
HWMITZFF,code,L,70004503,ST,2006-01-07T08:30,2006-01-07T10:25,CDG,1484135457
VRHZUOZN,code,L,70004514,ST,2006-01-07T05:25,2006-01-07T07:35,LYS,1484135457
VRHZUOZN,code,L,70004503,ST,2006-01-07T08:30,2006-01-07T10:25,CDG,1484135457
QNZLFFGL,code,L,70004514,ST,2006-01-07T05:25,2006-01-07T07:35,LYS,1484135457
QNZLFFGL,code,L,70004503,ST,2006-01-07T08:30,2006-01-07T10:25,CDG,1484135457
IRUJFVZA,code,L,70004514,ST,2006-01-07T05:25,2006-01-07T07:35,LYS,1484135457
IRUJFVZA,code,L,70004503,ST,2006-01-07T08:30,2006-01-07T10:25,CDG,1484135457
OJHTEXTD,code,L,70004574,CP,2006-01-07T05:25,2006-01-07T08:00,NCE,16322739
OJHTEXTD,code,L,70004565,CP,2006-01-07T09:35,2006-01-07T11:55,CDG,16322739
XZNYPNRX,code,L,70004574,FO,2006-01-07T05:25,2006-01-07T08:00,NCE,16322739
XZNYPNRX,code,L,70004565,FO,2006-01-07T09:35,2006-01-07T11:55,CDG,16322739
TDZGTGWY,code,L,70004574,CSD,2006-01-07T05:25,2006-01-07T08:00,NCE,16322739
TDZGTGWY,code,L,70004565,CSD,2006-01-07T09:35,2006-01-07T11:55,CDG,16322739
KACTJRRK,code,L,70004574,CSD,2006-01-07T05:25,2006-01-07T08:00,NCE,16322739
KACTJRRK,code,L,70004565,CSD,2006-01-07T09:35,2006-01-07T11:55,CDG,16322739
HSRIWPXS,code,L,70004574,ST,2006-01-07T05:25,2006-01-07T08:00,NCE,16322739
HSRIWPXS,code,L,70004565,ST,2006-01-07T09:35,2006-01-07T11:55,CDG,16322739
VNSGAUVT,code,L,70004574,ST,2006-01-07T05:25,2006-01-07T08:00,NCE,16322739
VNSGAUVT,code,L,70004565,ST,2006-01-07T09:35,2006-01-07T11:55,CDG,16322739
ZBWAGBQO,code,L,70004574,ST,2006-01-07T05:25,2006-01-07T08:00,NCE,16322739
ZBWAGBQO,code,L,70004565,ST,2006-01-07T09:35,2006-01-07T11:55,CDG,16322739
LOUMQJDZ,code,L,70004574,ST,2006-01-07T05:25,2006-01-07T08:00,NCE,16322739
LOUMQJDZ,code,L,70004565,ST,2006-01-07T09:35,2006-01-07T11:55,CDG,16322739
YFHHRICH,code,L,70004574,ST,2006-01-07T05:25,2006-01-07T08:00,NCE,16322739
YFHHRICH,code,L,70004565,ST,2006-01-07T09:35,2006-01-07T11:55,CDG,16322739
HGITYLNU,code,L,70004574,ST,2006-01-07T05:25,2006-01-07T08:00,NCE,16322739
HGITYLNU,code,L,70004565,ST,2006-01-07T09:35,2006-01-07T11:55,CDG,16322739
NHJCQLMT,code,L,70003107,CP,2006-01-07T05:30,2006-01-07T07:50,ORY,1501726364
NHJCQLMT,code,L,70003108,CP,2006-01-07T08:35,2006-01-07T10:45,NCE,1501726364
FEPHOFVH,code,L,70003107,FO,2006-01-07T05:30,2006-01-07T07:50,ORY,1501726364
FEPHOFVH,code,L,70003108,FO,2006-01-07T08:35,2006-01-07T10:45,NCE,1501726364
PJGAKFEJ,code,L,70003107,CSD,2006-01-07T05:30,2006-01-07T07:50,ORY,1501726364
PJGAKFEJ,code,L,70003108,CSD,2006-01-07T08:35,2006-01-07T10:45,NCE,1501726364
IHRUDATL,code,L,70003107,CSD,2006-01-07T05:30,2006-01-07T07:50,ORY,1501726364
IHRUDATL,code,L,70003108,CSD,2006-01-07T08:35,2006-01-07T10:45,NCE,1501726364
AQDXWMOB,code,L,70003107,ST,2006-01-07T05:30,2006-01-07T07:50,ORY,1501726364
AQDXWMOB,code,L,70003108,ST,2006-01-07T08:35,2006-01-07T10:45,NCE,1501726364
CJPPGURM,code,L,70003107,ST,2006-01-07T05:30,2006-01-07T07:50,ORY,1501726364
CJPPGURM,code,L,70003108,ST,2006-01-07T08:35,2006-01-07T10:45,NCE,1501726364
WFEAPFWC,code,L,70003107,ST,2006-01-07T05:30,2006-01-07T07:50,ORY,1501726364
WFEAPFWC,code,L,70003108,ST,2006-01-07T08:35,2006-01-07T10:45,NCE,1501726364
RDPRKQJW,code,L,70003107,ST,2006-01-07T05:30,2006-01-07T07:50,ORY,1501726364
RDPRKQJW,code,L,70003108,ST,2006-01-07T08:35,2006-01-07T10:45,NCE,1501726364
KOPWPKKN,code,L,70003107,ST,2006-01-07T05:30,2006-01-07T07:50,ORY,1501726364
KOPWPKKN,code,L,70003108,ST,2006-01-07T08:35,2006-01-07T10:45,NCE,1501726364
JFGYHLEM,code,L,70003107,ST,2006-01-07T05:30,2006-01-07T07:50,ORY,1501726364
JFGYHLEM,code,L,70003108,ST,2006-01-07T08:35,2006-01-07T10:45,NCE,1501726364
MIDFCVHS,code,L,70002872,CP,2006-01-07T05:30,2006-01-07T07:50,MRS,744291659
MIDFCVHS,code,L,70002879,CP,2006-01-07T08:35,2006-01-07T10:35,ORY,744291659
HLLDWDHM,code,L,70002872,FO,2006-01-07T05:30,2006-01-07T07:50,MRS,744291659
HLLDWDHM,code,L,70002879,FO,2006-01-07T08:35,2006-01-07T10:35,ORY,744291659
MJUJKEQX,code,L,70002872,CSD,2006-01-07T05:30,2006-01-07T07:50,MRS,744291659
MJUJKEQX,code,L,70002879,CSD,2006-01-07T08:35,2006-01-07T10:35,ORY,744291659
NSIMMBCH,code,L,70002872,CSD,2006-01-07T05:30,2006-01-07T07:50,MRS,744291659
NSIMMBCH,code,L,70002879,CSD,2006-01-07T08:35,2006-01-07T10:35,ORY,744291659
ZBWHJVBP,code,L,70002872,ST,2006-01-07T05:30,2006-01-07T07:50,MRS,744291659
ZBWHJVBP,code,L,70002879,ST,2006-01-07T08:35,2006-01-07T10:35,ORY,744291659
VJGXQVCE,code,L,70002872,ST,2006-01-07T05:30,2006-01-07T07:50,MRS,744291659
VJGXQVCE,code,L,70002879,ST,2006-01-07T08:35,2006-01-07T10:35,ORY,744291659
WMRDRUEM,code,L,70002872,ST,2006-01-07T05:30,2006-01-07T07:50,MRS,744291659
WMRDRUEM,code,L,70002879,ST,2006-01-07T08:35,2006-01-07T10:35,ORY,744291659
JDKWAHWX,code,L,70002872,ST,2006-01-07T05:30,2006-01-07T07:50,MRS,744291659
JDKWAHWX,code,L,70002879,ST,2006-01-07T08:35,2006-01-07T10:35,ORY,744291659
YYBVRSMM,code,L,70002872,ST,2006-01-07T05:30,2006-01-07T07:50,MRS,744291659
YYBVRSMM,code,L,70002879,ST,2006-01-07T08:35,2006-01-07T10:35,ORY,744291659
WARJDFRD,code,L,70002872,ST,2006-01-07T05:30,2006-01-07T07:50,MRS,744291659
WARJDFRD,code,L,70002879,ST,2006-01-07T08:35,2006-01-07T10:35,ORY,744291659
MMNXKRON,code,L,70004483,CP,2006-01-07T05:30,2006-01-07T07:50,CDG,56569042
MMNXKRON,code,L,70004488,CP,2006-01-07T09:20,2006-01-07T11:30,BOD,56569042
HWSPZTJJ,code,L,70004483,FO,2006-01-07T05:30,2006-01-07T07:50,CDG,56569042
HWSPZTJJ,code,L,70004488,FO,2006-01-07T09:20,2006-01-07T11:30,BOD,56569042
SUFVYCWM,code,L,70004483,CSD,2006-01-07T05:30,2006-01-07T07:50,CDG,56569042
SUFVYCWM,code,L,70004488,CSD,2006-01-07T09:20,2006-01-07T11:30,BOD,56569042
MTHQVKXZ,code,L,70004483,CSD,2006-01-07T05:30,2006-01-07T07:50,CDG,56569042
MTHQVKXZ,code,L,70004488,CSD,2006-01-07T09:20,2006-01-07T11:30,BOD,56569042
UJRLNIDB,code,L,70004483,ST,2006-01-07T05:30,2006-01-07T07:50,CDG,56569042
UJRLNIDB,code,L,70004488,ST,2006-01-07T09:20,2006-01-07T11:30,BOD,56569042
BNKPTZXL,code,L,70004483,ST,2006-01-07T05:30,2006-01-07T07:50,CDG,56569042
BNKPTZXL,code,L,70004488,ST,2006-01-07T09:20,2006-01-07T11:30,BOD,56569042
HWESHRAP,code,L,70004483,ST,2006-01-07T05:30,2006-01-07T07:50,CDG,56569042
HWESHRAP,code,L,70004488,ST,2006-01-07T09:20,2006-01-07T11:30,BOD,56569042
ZMMFUWSE,code,L,70004483,ST,2006-01-07T05:30,2006-01-07T07:50,CDG,56569042
ZMMFUWSE,code,L,70004488,ST,2006-01-07T09:20,2006-01-07T11:30,BOD,56569042
MZXHTXQR,code,L,70004483,ST,2006-01-07T05:30,2006-01-07T07:50,CDG,56569042
MZXHTXQR,code,L,70004488,ST,2006-01-07T09:20,2006-01-07T11:30,BOD,56569042
XQBTKVDR,code,L,70004483,ST,2006-01-07T05:30,2006-01-07T07:50,CDG,56569042
XQBTKVDR,code,L,70004488,ST,2006-01-07T09:20,2006-01-07T11:30,BOD,56569042
DUYQUQNN,code,L,70004360,CP,2006-01-07T05:30,2006-01-07T07:55,LDE,1162073078
DUYQUQNN,code,L,70004359,CP,2006-01-07T08:45,2006-01-07T10:05,ORY,1162073078
DUYQUQNN,code,L,70004350,CP,2006-01-07T10:45,2006-01-07T12:10,LDE,1162073078
DUYQUQNN,code,L,70004349,CP,2006-01-07T12:55,2006-01-07T15:00,ORY,1162073078
MPFISJFX,code,L,70004360,FO,2006-01-07T05:30,2006-01-07T07:55,LDE,1162073078
MPFISJFX,code,L,70004359,FO,2006-01-07T08:45,2006-01-07T10:05,ORY,1162073078
MPFISJFX,code,L,70004350,FO,2006-01-07T10:45,2006-01-07T12:10,LDE,1162073078
MPFISJFX,code,L,70004349,FO,2006-01-07T12:55,2006-01-07T15:00,ORY,1162073078
CXCCMBHE,code,L,70004360,CSD,2006-01-07T05:30,2006-01-07T07:55,LDE,1162073078
CXCCMBHE,code,L,70004359,CSD,2006-01-07T08:45,2006-01-07T10:05,ORY,1162073078
CXCCMBHE,code,L,70004350,CSD,2006-01-07T10:45,2006-01-07T12:10,LDE,1162073078
CXCCMBHE,code,L,70004349,CSD,2006-01-07T12:55,2006-01-07T15:00,ORY,1162073078
KCGNECQT,code,L,70004360,ST,2006-01-07T05:30,2006-01-07T07:55,LDE,1162073078
KCGNECQT,code,L,70004359,ST,2006-01-07T08:45,2006-01-07T10:05,ORY,1162073078
KCGNECQT,code,L,70004350,ST,2006-01-07T10:45,2006-01-07T12:10,LDE,1162073078
KCGNECQT,code,L,70004349,ST,2006-01-07T12:55,2006-01-07T15:00,ORY,1162073078
XSRFSPER,code,L,70004360,ST,2006-01-07T05:30,2006-01-07T07:55,LDE,1162073078
XSRFSPER,code,L,70004359,ST,2006-01-07T08:45,2006-01-07T10:05,ORY,1162073078
XSRFSPER,code,L,70004350,ST,2006-01-07T10:45,2006-01-07T12:10,LDE,1162073078
XSRFSPER,code,L,70004349,ST,2006-01-07T12:55,2006-01-07T15:00,ORY,1162073078
DANPIWEL,code,L,70004360,ST,2006-01-07T05:30,2006-01-07T07:55,LDE,1162073078
DANPIWEL,code,L,70004359,ST,2006-01-07T08:45,2006-01-07T10:05,ORY,1162073078
DANPIWEL,code,L,70004350,ST,2006-01-07T10:45,2006-01-07T12:10,LDE,1162073078
DANPIWEL,code,L,70004349,ST,2006-01-07T12:55,2006-01-07T15:00,ORY,1162073078
AOLXMCHK,code,L,70004623,CP,2006-01-07T05:35,2006-01-07T07:35,ORY,2035035283
AOLXMCHK,code,L,70004626,CP,2006-01-07T09:35,2006-01-07T10:45,SXB,2035035283
AOLXMCHK,code,L,70004625,CP,2006-01-07T11:40,2006-01-07T12:50,CDG,2035035283
AOLXMCHK,code,L,70004634,CP,2006-01-07T14:10,2006-01-07T15:20,SXB,2035035283
AOLXMCHK,code,L,70004629,CP,2006-01-07T16:30,2006-01-07T17:40,CDG,2035035283
AOLXMCHK,code,L,70004630,CP,2006-01-07T18:25,2006-01-07T19:35,SXB,2035035283
AOLXMCHK,code,L,70004647,CP,2006-01-07T20:30,2006-01-07T22:25,CDG,2035035283
DPTUGRER,code,L,70004623,FO,2006-01-07T05:35,2006-01-07T07:35,ORY,2035035283
DPTUGRER,code,L,70004626,FO,2006-01-07T09:35,2006-01-07T10:45,SXB,2035035283
DPTUGRER,code,L,70004625,FO,2006-01-07T11:40,2006-01-07T12:50,CDG,2035035283
DPTUGRER,code,L,70004634,FO,2006-01-07T14:10,2006-01-07T15:20,SXB,2035035283
DPTUGRER,code,L,70004629,FO,2006-01-07T16:30,2006-01-07T17:40,CDG,2035035283
DPTUGRER,code,L,70004630,FO,2006-01-07T18:25,2006-01-07T19:35,SXB,2035035283
DPTUGRER,code,L,70004647,FO,2006-01-07T20:30,2006-01-07T22:25,CDG,2035035283
UVJMFAUF,code,L,70004623,CSD,2006-01-07T05:35,2006-01-07T07:35,ORY,2035035283
UVJMFAUF,code,L,70004626,CSD,2006-01-07T09:35,2006-01-07T10:45,SXB,2035035283
UVJMFAUF,code,L,70004625,CSD,2006-01-07T11:40,2006-01-07T12:50,CDG,2035035283
UVJMFAUF,code,L,70004634,CSD,2006-01-07T14:10,2006-01-07T15:20,SXB,2035035283
UVJMFAUF,code,L,70004629,CSD,2006-01-07T16:30,2006-01-07T17:40,CDG,2035035283
UVJMFAUF,code,L,70004630,CSD,2006-01-07T18:25,2006-01-07T19:35,SXB,2035035283
UVJMFAUF,code,L,70004647,CSD,2006-01-07T20:30,2006-01-07T22:25,CDG,2035035283
XQFFWFAQ,code,L,70004623,CSD,2006-01-07T05:35,2006-01-07T07:35,ORY,2035035283
XQFFWFAQ,code,L,70004626,CSD,2006-01-07T09:35,2006-01-07T10:45,SXB,2035035283
XQFFWFAQ,code,L,70004625,CSD,2006-01-07T11:40,2006-01-07T12:50,CDG,2035035283
XQFFWFAQ,code,L,70004634,CSD,2006-01-07T14:10,2006-01-07T15:20,SXB,2035035283
XQFFWFAQ,code,L,70004629,CSD,2006-01-07T16:30,2006-01-07T17:40,CDG,2035035283
XQFFWFAQ,code,L,70004630,CSD,2006-01-07T18:25,2006-01-07T19:35,SXB,2035035283
XQFFWFAQ,code,L,70004647,CSD,2006-01-07T20:30,2006-01-07T22:25,CDG,2035035283
NAUXRVOX,code,L,70004623,ST,2006-01-07T05:35,2006-01-07T07:35,ORY,2035035283
NAUXRVOX,code,L,70004626,ST,2006-01-07T09:35,2006-01-07T10:45,SXB,2035035283
NAUXRVOX,code,L,70004625,ST,2006-01-07T11:40,2006-01-07T12:50,CDG,2035035283
NAUXRVOX,code,L,70004634,ST,2006-01-07T14:10,2006-01-07T15:20,SXB,2035035283
NAUXRVOX,code,L,70004629,ST,2006-01-07T16:30,2006-01-07T17:40,CDG,2035035283
NAUXRVOX,code,L,70004630,ST,2006-01-07T18:25,2006-01-07T19:35,SXB,2035035283
NAUXRVOX,code,L,70004647,ST,2006-01-07T20:30,2006-01-07T22:25,CDG,2035035283
QJAAEXDJ,code,L,70004623,ST,2006-01-07T05:35,2006-01-07T07:35,ORY,2035035283
QJAAEXDJ,code,L,70004626,ST,2006-01-07T09:35,2006-01-07T10:45,SXB,2035035283
QJAAEXDJ,code,L,70004625,ST,2006-01-07T11:40,2006-01-07T12:50,CDG,2035035283
QJAAEXDJ,code,L,70004634,ST,2006-01-07T14:10,2006-01-07T15:20,SXB,2035035283
QJAAEXDJ,code,L,70004629,ST,2006-01-07T16:30,2006-01-07T17:40,CDG,2035035283
QJAAEXDJ,code,L,70004630,ST,2006-01-07T18:25,2006-01-07T19:35,SXB,2035035283
QJAAEXDJ,code,L,70004647,ST,2006-01-07T20:30,2006-01-07T22:25,CDG,2035035283
IIISQMVU,code,L,70004623,ST,2006-01-07T05:35,2006-01-07T07:35,ORY,2035035283
IIISQMVU,code,L,70004626,ST,2006-01-07T09:35,2006-01-07T10:45,SXB,2035035283
IIISQMVU,code,L,70004625,ST,2006-01-07T11:40,2006-01-07T12:50,CDG,2035035283
IIISQMVU,code,L,70004634,ST,2006-01-07T14:10,2006-01-07T15:20,SXB,2035035283
IIISQMVU,code,L,70004629,ST,2006-01-07T16:30,2006-01-07T17:40,CDG,2035035283
IIISQMVU,code,L,70004630,ST,2006-01-07T18:25,2006-01-07T19:35,SXB,2035035283
IIISQMVU,code,L,70004647,ST,2006-01-07T20:30,2006-01-07T22:25,CDG,2035035283
SFLRAXTE,code,L,70004623,ST,2006-01-07T05:35,2006-01-07T07:35,ORY,2035035283
SFLRAXTE,code,L,70004626,ST,2006-01-07T09:35,2006-01-07T10:45,SXB,2035035283
SFLRAXTE,code,L,70004625,ST,2006-01-07T11:40,2006-01-07T12:50,CDG,2035035283
SFLRAXTE,code,L,70004634,ST,2006-01-07T14:10,2006-01-07T15:20,SXB,2035035283
SFLRAXTE,code,L,70004629,ST,2006-01-07T16:30,2006-01-07T17:40,CDG,2035035283
SFLRAXTE,code,L,70004630,ST,2006-01-07T18:25,2006-01-07T19:35,SXB,2035035283
SFLRAXTE,code,L,70004647,ST,2006-01-07T20:30,2006-01-07T22:25,CDG,2035035283
AXCSYZLZ,code,L,70004623,ST,2006-01-07T05:35,2006-01-07T07:35,ORY,2035035283
AXCSYZLZ,code,L,70004626,ST,2006-01-07T09:35,2006-01-07T10:45,SXB,2035035283
AXCSYZLZ,code,L,70004625,ST,2006-01-07T11:40,2006-01-07T12:50,CDG,2035035283
AXCSYZLZ,code,L,70004634,ST,2006-01-07T14:10,2006-01-07T15:20,SXB,2035035283
AXCSYZLZ,code,L,70004629,ST,2006-01-07T16:30,2006-01-07T17:40,CDG,2035035283
AXCSYZLZ,code,L,70004630,ST,2006-01-07T18:25,2006-01-07T19:35,SXB,2035035283
AXCSYZLZ,code,L,70004647,ST,2006-01-07T20:30,2006-01-07T22:25,CDG,2035035283
EVKJFZPX,code,L,70004623,ST,2006-01-07T05:35,2006-01-07T07:35,ORY,2035035283
EVKJFZPX,code,L,70004626,ST,2006-01-07T09:35,2006-01-07T10:45,SXB,2035035283
EVKJFZPX,code,L,70004625,ST,2006-01-07T11:40,2006-01-07T12:50,CDG,2035035283
EVKJFZPX,code,L,70004634,ST,2006-01-07T14:10,2006-01-07T15:20,SXB,2035035283
EVKJFZPX,code,L,70004629,ST,2006-01-07T16:30,2006-01-07T17:40,CDG,2035035283
EVKJFZPX,code,L,70004630,ST,2006-01-07T18:25,2006-01-07T19:35,SXB,2035035283
EVKJFZPX,code,L,70004647,ST,2006-01-07T20:30,2006-01-07T22:25,CDG,2035035283
HDJSRTSN,code,L,70004536,CP,2006-01-07T05:35,2006-01-07T08:05,MRS,689146701
HDJSRTSN,code,L,70004525,CP,2006-01-07T09:30,2006-01-07T11:40,CDG,689146701
YDFXWJHP,code,L,70004536,FO,2006-01-07T05:35,2006-01-07T08:05,MRS,689146701
YDFXWJHP,code,L,70004525,FO,2006-01-07T09:30,2006-01-07T11:40,CDG,689146701
GJLXDDWD,code,L,70004536,CSD,2006-01-07T05:35,2006-01-07T08:05,MRS,689146701
GJLXDDWD,code,L,70004525,CSD,2006-01-07T09:30,2006-01-07T11:40,CDG,689146701
POUZPVNZ,code,L,70004536,CSD,2006-01-07T05:35,2006-01-07T08:05,MRS,689146701
POUZPVNZ,code,L,70004525,CSD,2006-01-07T09:30,2006-01-07T11:40,CDG,689146701
LKHCBHMF,code,L,70004536,ST,2006-01-07T05:35,2006-01-07T08:05,MRS,689146701
LKHCBHMF,code,L,70004525,ST,2006-01-07T09:30,2006-01-07T11:40,CDG,689146701
MWLEEOJN,code,L,70004536,ST,2006-01-07T05:35,2006-01-07T08:05,MRS,689146701
MWLEEOJN,code,L,70004525,ST,2006-01-07T09:30,2006-01-07T11:40,CDG,689146701
GSQZSWHO,code,L,70004536,ST,2006-01-07T05:35,2006-01-07T08:05,MRS,689146701
GSQZSWHO,code,L,70004525,ST,2006-01-07T09:30,2006-01-07T11:40,CDG,689146701
EFMTOUNA,code,L,70004536,ST,2006-01-07T05:35,2006-01-07T08:05,MRS,689146701
EFMTOUNA,code,L,70004525,ST,2006-01-07T09:30,2006-01-07T11:40,CDG,689146701
ADLRDMNT,code,L,70004536,ST,2006-01-07T05:35,2006-01-07T08:05,MRS,689146701
ADLRDMNT,code,L,70004525,ST,2006-01-07T09:30,2006-01-07T11:40,CDG,689146701
JSHKNRGI,code,L,70004536,ST,2006-01-07T05:35,2006-01-07T08:05,MRS,689146701
JSHKNRGI,code,L,70004525,ST,2006-01-07T09:30,2006-01-07T11:40,CDG,689146701
FYPVIOUF,code,L,70002970,CP,2006-01-07T05:40,2006-01-07T08:00,TLS,185012673
FYPVIOUF,code,L,70004269,CP,2006-01-07T09:30,2006-01-07T10:35,ORY,185012673
FYPVIOUF,code,L,70004270,CP,2006-01-07T11:20,2006-01-07T12:25,LYS,185012673
FYPVIOUF,code,L,70004271,CP,2006-01-07T13:40,2006-01-07T14:45,ORY,185012673
FYPVIOUF,code,L,70004276,CP,2006-01-07T16:10,2006-01-07T17:15,LYS,185012673
FYPVIOUF,code,L,70002967,CP,2006-01-07T18:25,2006-01-07T20:30,ORY,185012673
CIGWQNOW,code,L,70002970,FO,2006-01-07T05:40,2006-01-07T08:00,TLS,185012673
CIGWQNOW,code,L,70004269,FO,2006-01-07T09:30,2006-01-07T10:35,ORY,185012673
CIGWQNOW,code,L,70004270,FO,2006-01-07T11:20,2006-01-07T12:25,LYS,185012673
CIGWQNOW,code,L,70004271,FO,2006-01-07T13:40,2006-01-07T14:45,ORY,185012673
CIGWQNOW,code,L,70004276,FO,2006-01-07T16:10,2006-01-07T17:15,LYS,185012673
CIGWQNOW,code,L,70002967,FO,2006-01-07T18:25,2006-01-07T20:30,ORY,185012673
MHXCLJOK,code,L,70002970,CSD,2006-01-07T05:40,2006-01-07T08:00,TLS,185012673
MHXCLJOK,code,L,70004269,CSD,2006-01-07T09:30,2006-01-07T10:35,ORY,185012673
MHXCLJOK,code,L,70004270,CSD,2006-01-07T11:20,2006-01-07T12:25,LYS,185012673
MHXCLJOK,code,L,70004271,CSD,2006-01-07T13:40,2006-01-07T14:45,ORY,185012673
MHXCLJOK,code,L,70004276,CSD,2006-01-07T16:10,2006-01-07T17:15,LYS,185012673
MHXCLJOK,code,L,70002967,CSD,2006-01-07T18:25,2006-01-07T20:30,ORY,185012673
INUPEZZY,code,L,70002970,CSD,2006-01-07T05:40,2006-01-07T08:00,TLS,185012673
INUPEZZY,code,L,70004269,CSD,2006-01-07T09:30,2006-01-07T10:35,ORY,185012673
INUPEZZY,code,L,70004270,CSD,2006-01-07T11:20,2006-01-07T12:25,LYS,185012673
INUPEZZY,code,L,70004271,CSD,2006-01-07T13:40,2006-01-07T14:45,ORY,185012673
INUPEZZY,code,L,70004276,CSD,2006-01-07T16:10,2006-01-07T17:15,LYS,185012673
INUPEZZY,code,L,70002967,CSD,2006-01-07T18:25,2006-01-07T20:30,ORY,185012673
OHTGLKUY,code,L,70002970,ST,2006-01-07T05:40,2006-01-07T08:00,TLS,185012673
OHTGLKUY,code,L,70004269,ST,2006-01-07T09:30,2006-01-07T10:35,ORY,185012673
OHTGLKUY,code,L,70004270,ST,2006-01-07T11:20,2006-01-07T12:25,LYS,185012673
OHTGLKUY,code,L,70004271,ST,2006-01-07T13:40,2006-01-07T14:45,ORY,185012673
OHTGLKUY,code,L,70004276,ST,2006-01-07T16:10,2006-01-07T17:15,LYS,185012673
OHTGLKUY,code,L,70002967,ST,2006-01-07T18:25,2006-01-07T20:30,ORY,185012673
SULDHPWA,code,L,70002970,ST,2006-01-07T05:40,2006-01-07T08:00,TLS,185012673
SULDHPWA,code,L,70004269,ST,2006-01-07T09:30,2006-01-07T10:35,ORY,185012673
SULDHPWA,code,L,70004270,ST,2006-01-07T11:20,2006-01-07T12:25,LYS,185012673
SULDHPWA,code,L,70004271,ST,2006-01-07T13:40,2006-01-07T14:45,ORY,185012673
SULDHPWA,code,L,70004276,ST,2006-01-07T16:10,2006-01-07T17:15,LYS,185012673
SULDHPWA,code,L,70002967,ST,2006-01-07T18:25,2006-01-07T20:30,ORY,185012673
CRHGEUWV,code,L,70002970,ST,2006-01-07T05:40,2006-01-07T08:00,TLS,185012673
CRHGEUWV,code,L,70004269,ST,2006-01-07T09:30,2006-01-07T10:35,ORY,185012673
CRHGEUWV,code,L,70004270,ST,2006-01-07T11:20,2006-01-07T12:25,LYS,185012673
CRHGEUWV,code,L,70004271,ST,2006-01-07T13:40,2006-01-07T14:45,ORY,185012673
CRHGEUWV,code,L,70004276,ST,2006-01-07T16:10,2006-01-07T17:15,LYS,185012673
CRHGEUWV,code,L,70002967,ST,2006-01-07T18:25,2006-01-07T20:30,ORY,185012673
UIBWKJMW,code,L,70002970,ST,2006-01-07T05:40,2006-01-07T08:00,TLS,185012673
UIBWKJMW,code,L,70004269,ST,2006-01-07T09:30,2006-01-07T10:35,ORY,185012673
UIBWKJMW,code,L,70004270,ST,2006-01-07T11:20,2006-01-07T12:25,LYS,185012673
UIBWKJMW,code,L,70004271,ST,2006-01-07T13:40,2006-01-07T14:45,ORY,185012673
UIBWKJMW,code,L,70004276,ST,2006-01-07T16:10,2006-01-07T17:15,LYS,185012673
UIBWKJMW,code,L,70002967,ST,2006-01-07T18:25,2006-01-07T20:30,ORY,185012673
CEEFHCWN,code,L,70002970,ST,2006-01-07T05:40,2006-01-07T08:00,TLS,185012673
CEEFHCWN,code,L,70004269,ST,2006-01-07T09:30,2006-01-07T10:35,ORY,185012673
CEEFHCWN,code,L,70004270,ST,2006-01-07T11:20,2006-01-07T12:25,LYS,185012673
CEEFHCWN,code,L,70004271,ST,2006-01-07T13:40,2006-01-07T14:45,ORY,185012673
CEEFHCWN,code,L,70004276,ST,2006-01-07T16:10,2006-01-07T17:15,LYS,185012673
CEEFHCWN,code,L,70002967,ST,2006-01-07T18:25,2006-01-07T20:30,ORY,185012673
MMFJRAAM,code,L,70002970,ST,2006-01-07T05:40,2006-01-07T08:00,TLS,185012673
MMFJRAAM,code,L,70004269,ST,2006-01-07T09:30,2006-01-07T10:35,ORY,185012673
MMFJRAAM,code,L,70004270,ST,2006-01-07T11:20,2006-01-07T12:25,LYS,185012673
MMFJRAAM,code,L,70004271,ST,2006-01-07T13:40,2006-01-07T14:45,ORY,185012673
MMFJRAAM,code,L,70004276,ST,2006-01-07T16:10,2006-01-07T17:15,LYS,185012673
MMFJRAAM,code,L,70002967,ST,2006-01-07T18:25,2006-01-07T20:30,ORY,185012673
GBWENSUW,code,L,70002605,CP,2006-01-07T05:40,2006-01-07T07:45,RNS,1617046705
GBWENSUW,code,L,70002606,CP,2006-01-07T08:10,2006-01-07T10:05,TLS,1617046705
KPDIUFFG,code,L,70002605,FO,2006-01-07T05:40,2006-01-07T07:45,RNS,1617046705
KPDIUFFG,code,L,70002606,FO,2006-01-07T08:10,2006-01-07T10:05,TLS,1617046705
FJEHUVMM,code,L,70002605,CSD,2006-01-07T05:40,2006-01-07T07:45,RNS,1617046705
FJEHUVMM,code,L,70002606,CSD,2006-01-07T08:10,2006-01-07T10:05,TLS,1617046705
PHJQOCOO,code,L,70002605,ST,2006-01-07T05:40,2006-01-07T07:45,RNS,1617046705
PHJQOCOO,code,L,70002606,ST,2006-01-07T08:10,2006-01-07T10:05,TLS,1617046705
JBMKFWZJ,code,L,70002605,ST,2006-01-07T05:40,2006-01-07T07:45,RNS,1617046705
JBMKFWZJ,code,L,70002606,ST,2006-01-07T08:10,2006-01-07T10:05,TLS,1617046705
XWCBHAUD,code,L,70002969,CP,2006-01-07T05:50,2006-01-07T08:00,ORY,1372239857
XWCBHAUD,code,L,70002976,CP,2006-01-07T08:40,2006-01-07T10:45,TLS,1372239857
LXYUTZIL,code,L,70002969,FO,2006-01-07T05:50,2006-01-07T08:00,ORY,1372239857
LXYUTZIL,code,L,70002976,FO,2006-01-07T08:40,2006-01-07T10:45,TLS,1372239857
RPDQDAVD,code,L,70002969,CSD,2006-01-07T05:50,2006-01-07T08:00,ORY,1372239857
RPDQDAVD,code,L,70002976,CSD,2006-01-07T08:40,2006-01-07T10:45,TLS,1372239857
QEYSAIBL,code,L,70002969,CSD,2006-01-07T05:50,2006-01-07T08:00,ORY,1372239857
QEYSAIBL,code,L,70002976,CSD,2006-01-07T08:40,2006-01-07T10:45,TLS,1372239857
CSEODIEJ,code,L,70002969,ST,2006-01-07T05:50,2006-01-07T08:00,ORY,1372239857
CSEODIEJ,code,L,70002976,ST,2006-01-07T08:40,2006-01-07T10:45,TLS,1372239857
FCRAEIEO,code,L,70002969,ST,2006-01-07T05:50,2006-01-07T08:00,ORY,1372239857
FCRAEIEO,code,L,70002976,ST,2006-01-07T08:40,2006-01-07T10:45,TLS,1372239857
NSYEVCDW,code,L,70002969,ST,2006-01-07T05:50,2006-01-07T08:00,ORY,1372239857
NSYEVCDW,code,L,70002976,ST,2006-01-07T08:40,2006-01-07T10:45,TLS,1372239857
UBZTIEBD,code,L,70002969,ST,2006-01-07T05:50,2006-01-07T08:00,ORY,1372239857
UBZTIEBD,code,L,70002976,ST,2006-01-07T08:40,2006-01-07T10:45,TLS,1372239857
DFDUVJRA,code,L,70002969,ST,2006-01-07T05:50,2006-01-07T08:00,ORY,1372239857
DFDUVJRA,code,L,70002976,ST,2006-01-07T08:40,2006-01-07T10:45,TLS,1372239857
LTVAZWDQ,code,L,70002969,ST,2006-01-07T05:50,2006-01-07T08:00,ORY,1372239857
LTVAZWDQ,code,L,70002976,ST,2006-01-07T08:40,2006-01-07T10:45,TLS,1372239857
OSCOTQDX,code,L,70004618,CP,2006-01-07T06:00,2006-01-07T08:10,ETZ,1002897798
OSCOTQDX,code,L,70004617,CP,2006-01-07T08:40,2006-01-07T10:25,ORY,1002897798
BEZHDOJL,code,L,70004618,FO,2006-01-07T06:00,2006-01-07T08:10,ETZ,1002897798
BEZHDOJL,code,L,70004617,FO,2006-01-07T08:40,2006-01-07T10:25,ORY,1002897798
JPLVZDCZ,code,L,70004618,CSD,2006-01-07T06:00,2006-01-07T08:10,ETZ,1002897798
JPLVZDCZ,code,L,70004617,CSD,2006-01-07T08:40,2006-01-07T10:25,ORY,1002897798
RBLCJXWI,code,L,70004618,CSD,2006-01-07T06:00,2006-01-07T08:10,ETZ,1002897798
RBLCJXWI,code,L,70004617,CSD,2006-01-07T08:40,2006-01-07T10:25,ORY,1002897798
NLIOUOEP,code,L,70004618,ST,2006-01-07T06:00,2006-01-07T08:10,ETZ,1002897798
NLIOUOEP,code,L,70004617,ST,2006-01-07T08:40,2006-01-07T10:25,ORY,1002897798
ZUIPNAZE,code,L,70004618,ST,2006-01-07T06:00,2006-01-07T08:10,ETZ,1002897798
ZUIPNAZE,code,L,70004617,ST,2006-01-07T08:40,2006-01-07T10:25,ORY,1002897798
IAXSZLYI,code,L,70004618,ST,2006-01-07T06:00,2006-01-07T08:10,ETZ,1002897798
IAXSZLYI,code,L,70004617,ST,2006-01-07T08:40,2006-01-07T10:25,ORY,1002897798
OYBJCYCA,code,L,70004618,ST,2006-01-07T06:00,2006-01-07T08:10,ETZ,1002897798
OYBJCYCA,code,L,70004617,ST,2006-01-07T08:40,2006-01-07T10:25,ORY,1002897798
ZIORRUPP,code,L,70004618,ST,2006-01-07T06:00,2006-01-07T08:10,ETZ,1002897798
ZIORRUPP,code,L,70004617,ST,2006-01-07T08:40,2006-01-07T10:25,ORY,1002897798
BPPBYIPR,code,L,70004618,ST,2006-01-07T06:00,2006-01-07T08:10,ETZ,1002897798
BPPBYIPR,code,L,70004617,ST,2006-01-07T08:40,2006-01-07T10:25,ORY,1002897798
QOPSLARS,code,L,70003065,CP,2006-01-07T06:00,2006-01-07T08:20,ORY,2026928803
QOPSLARS,code,L,70003070,CP,2006-01-07T09:05,2006-01-07T11:15,NCE,2026928803
HVLMCOND,code,L,70003065,FO,2006-01-07T06:00,2006-01-07T08:20,ORY,2026928803
HVLMCOND,code,L,70003070,FO,2006-01-07T09:05,2006-01-07T11:15,NCE,2026928803
GGRFNWYK,code,L,70003065,CSD,2006-01-07T06:00,2006-01-07T08:20,ORY,2026928803
GGRFNWYK,code,L,70003070,CSD,2006-01-07T09:05,2006-01-07T11:15,NCE,2026928803
SCJTKLCU,code,L,70003065,CSD,2006-01-07T06:00,2006-01-07T08:20,ORY,2026928803
SCJTKLCU,code,L,70003070,CSD,2006-01-07T09:05,2006-01-07T11:15,NCE,2026928803
YLXUUCVI,code,L,70003065,ST,2006-01-07T06:00,2006-01-07T08:20,ORY,2026928803
YLXUUCVI,code,L,70003070,ST,2006-01-07T09:05,2006-01-07T11:15,NCE,2026928803
DMLKVVGT,code,L,70003065,ST,2006-01-07T06:00,2006-01-07T08:20,ORY,2026928803
DMLKVVGT,code,L,70003070,ST,2006-01-07T09:05,2006-01-07T11:15,NCE,2026928803
QZDERORH,code,L,70003065,ST,2006-01-07T06:00,2006-01-07T08:20,ORY,2026928803
QZDERORH,code,L,70003070,ST,2006-01-07T09:05,2006-01-07T11:15,NCE,2026928803
DKFMTKJU,code,L,70003065,ST,2006-01-07T06:00,2006-01-07T08:20,ORY,2026928803
DKFMTKJU,code,L,70003070,ST,2006-01-07T09:05,2006-01-07T11:15,NCE,2026928803
FISSMVJZ,code,L,70003065,ST,2006-01-07T06:00,2006-01-07T08:20,ORY,2026928803
FISSMVJZ,code,L,70003070,ST,2006-01-07T09:05,2006-01-07T11:15,NCE,2026928803
JRXUGLNP,code,L,70003065,ST,2006-01-07T06:00,2006-01-07T08:20,ORY,2026928803
JRXUGLNP,code,L,70003070,ST,2006-01-07T09:05,2006-01-07T11:15,NCE,2026928803
AHZJXJHG,code,L,70004164,CP,2006-01-07T06:00,2006-01-07T08:00,SXB,659767626
AHZJXJHG,code,L,70002883,CP,2006-01-07T11:35,2006-01-07T12:50,ORY,659767626
AHZJXJHG,code,L,70002892,CP,2006-01-07T13:30,2006-01-07T14:50,MRS,659767626
AHZJXJHG,code,L,70002895,CP,2006-01-07T15:35,2006-01-07T16:50,ORY,659767626
AHZJXJHG,code,L,70002908,CP,2006-01-07T17:30,2006-01-07T18:50,MRS,659767626
AHZJXJHG,code,L,70004189,CP,2006-01-07T19:25,2006-01-07T21:10,ORY,659767626
OOCQXZKB,code,L,70004164,FO,2006-01-07T06:00,2006-01-07T08:00,SXB,659767626
OOCQXZKB,code,L,70002883,FO,2006-01-07T11:35,2006-01-07T12:50,ORY,659767626
OOCQXZKB,code,L,70002892,FO,2006-01-07T13:30,2006-01-07T14:50,MRS,659767626
OOCQXZKB,code,L,70002895,FO,2006-01-07T15:35,2006-01-07T16:50,ORY,659767626
OOCQXZKB,code,L,70002908,FO,2006-01-07T17:30,2006-01-07T18:50,MRS,659767626
OOCQXZKB,code,L,70004189,FO,2006-01-07T19:25,2006-01-07T21:10,ORY,659767626
XTJSGRNB,code,L,70004164,CSD,2006-01-07T06:00,2006-01-07T08:00,SXB,659767626
XTJSGRNB,code,L,70002883,CSD,2006-01-07T11:35,2006-01-07T12:50,ORY,659767626
XTJSGRNB,code,L,70002892,CSD,2006-01-07T13:30,2006-01-07T14:50,MRS,659767626
XTJSGRNB,code,L,70002895,CSD,2006-01-07T15:35,2006-01-07T16:50,ORY,659767626
XTJSGRNB,code,L,70002908,CSD,2006-01-07T17:30,2006-01-07T18:50,MRS,659767626
XTJSGRNB,code,L,70004189,CSD,2006-01-07T19:25,2006-01-07T21:10,ORY,659767626
PKBAEIAS,code,L,70004164,CSD,2006-01-07T06:00,2006-01-07T08:00,SXB,659767626
PKBAEIAS,code,L,70002883,CSD,2006-01-07T11:35,2006-01-07T12:50,ORY,659767626
PKBAEIAS,code,L,70002892,CSD,2006-01-07T13:30,2006-01-07T14:50,MRS,659767626
PKBAEIAS,code,L,70002895,CSD,2006-01-07T15:35,2006-01-07T16:50,ORY,659767626
PKBAEIAS,code,L,70002908,CSD,2006-01-07T17:30,2006-01-07T18:50,MRS,659767626
PKBAEIAS,code,L,70004189,CSD,2006-01-07T19:25,2006-01-07T21:10,ORY,659767626
LGFBXWNM,code,L,70004164,ST,2006-01-07T06:00,2006-01-07T08:00,SXB,659767626
LGFBXWNM,code,L,70002883,ST,2006-01-07T11:35,2006-01-07T12:50,ORY,659767626
LGFBXWNM,code,L,70002892,ST,2006-01-07T13:30,2006-01-07T14:50,MRS,659767626
LGFBXWNM,code,L,70002895,ST,2006-01-07T15:35,2006-01-07T16:50,ORY,659767626
LGFBXWNM,code,L,70002908,ST,2006-01-07T17:30,2006-01-07T18:50,MRS,659767626
LGFBXWNM,code,L,70004189,ST,2006-01-07T19:25,2006-01-07T21:10,ORY,659767626
GJUVGHAM,code,L,70004164,ST,2006-01-07T06:00,2006-01-07T08:00,SXB,659767626
GJUVGHAM,code,L,70002883,ST,2006-01-07T11:35,2006-01-07T12:50,ORY,659767626
GJUVGHAM,code,L,70002892,ST,2006-01-07T13:30,2006-01-07T14:50,MRS,659767626
GJUVGHAM,code,L,70002895,ST,2006-01-07T15:35,2006-01-07T16:50,ORY,659767626
GJUVGHAM,code,L,70002908,ST,2006-01-07T17:30,2006-01-07T18:50,MRS,659767626
GJUVGHAM,code,L,70004189,ST,2006-01-07T19:25,2006-01-07T21:10,ORY,659767626
VHJECVJG,code,L,70004164,ST,2006-01-07T06:00,2006-01-07T08:00,SXB,659767626
VHJECVJG,code,L,70002883,ST,2006-01-07T11:35,2006-01-07T12:50,ORY,659767626
VHJECVJG,code,L,70002892,ST,2006-01-07T13:30,2006-01-07T14:50,MRS,659767626
VHJECVJG,code,L,70002895,ST,2006-01-07T15:35,2006-01-07T16:50,ORY,659767626
VHJECVJG,code,L,70002908,ST,2006-01-07T17:30,2006-01-07T18:50,MRS,659767626
VHJECVJG,code,L,70004189,ST,2006-01-07T19:25,2006-01-07T21:10,ORY,659767626
RDCOJYKI,code,L,70004164,ST,2006-01-07T06:00,2006-01-07T08:00,SXB,659767626
RDCOJYKI,code,L,70002883,ST,2006-01-07T11:35,2006-01-07T12:50,ORY,659767626
RDCOJYKI,code,L,70002892,ST,2006-01-07T13:30,2006-01-07T14:50,MRS,659767626
RDCOJYKI,code,L,70002895,ST,2006-01-07T15:35,2006-01-07T16:50,ORY,659767626
RDCOJYKI,code,L,70002908,ST,2006-01-07T17:30,2006-01-07T18:50,MRS,659767626
RDCOJYKI,code,L,70004189,ST,2006-01-07T19:25,2006-01-07T21:10,ORY,659767626
XBYFYYRE,code,L,70004164,ST,2006-01-07T06:00,2006-01-07T08:00,SXB,659767626
XBYFYYRE,code,L,70002883,ST,2006-01-07T11:35,2006-01-07T12:50,ORY,659767626
XBYFYYRE,code,L,70002892,ST,2006-01-07T13:30,2006-01-07T14:50,MRS,659767626
XBYFYYRE,code,L,70002895,ST,2006-01-07T15:35,2006-01-07T16:50,ORY,659767626
XBYFYYRE,code,L,70002908,ST,2006-01-07T17:30,2006-01-07T18:50,MRS,659767626
XBYFYYRE,code,L,70004189,ST,2006-01-07T19:25,2006-01-07T21:10,ORY,659767626
EECLYTYY,code,L,70004164,ST,2006-01-07T06:00,2006-01-07T08:00,SXB,659767626
EECLYTYY,code,L,70002883,ST,2006-01-07T11:35,2006-01-07T12:50,ORY,659767626
EECLYTYY,code,L,70002892,ST,2006-01-07T13:30,2006-01-07T14:50,MRS,659767626
EECLYTYY,code,L,70002895,ST,2006-01-07T15:35,2006-01-07T16:50,ORY,659767626
EECLYTYY,code,L,70002908,ST,2006-01-07T17:30,2006-01-07T18:50,MRS,659767626
EECLYTYY,code,L,70004189,ST,2006-01-07T19:25,2006-01-07T21:10,ORY,659767626
ATHAEVGO,code,L,70002610,CP,2006-01-07T06:00,2006-01-07T08:35,RNS,272026514
ATHAEVGO,code,L,70002661,CP,2006-01-07T09:10,2006-01-07T11:05,NCE,272026514
ATHAEVGO,code,L,70002662,CP,2006-01-07T11:45,2006-01-07T13:35,BES,272026514
ATHAEVGO,code,L,70002609,CP,2006-01-07T14:05,2006-01-07T16:30,NCE,272026514
WJTSXBPT,code,L,70002610,FO,2006-01-07T06:00,2006-01-07T08:35,RNS,272026514
WJTSXBPT,code,L,70002661,FO,2006-01-07T09:10,2006-01-07T11:05,NCE,272026514
WJTSXBPT,code,L,70002662,FO,2006-01-07T11:45,2006-01-07T13:35,BES,272026514
WJTSXBPT,code,L,70002609,FO,2006-01-07T14:05,2006-01-07T16:30,NCE,272026514
SEHOZGCG,code,L,70002610,CS,2006-01-07T06:00,2006-01-07T08:35,RNS,272026514
SEHOZGCG,code,L,70002661,CS,2006-01-07T09:10,2006-01-07T11:05,NCE,272026514
SEHOZGCG,code,L,70002662,CS,2006-01-07T11:45,2006-01-07T13:35,BES,272026514
SEHOZGCG,code,L,70002609,CS,2006-01-07T14:05,2006-01-07T16:30,NCE,272026514
FTZGYKLJ,code,L,70002610,ST,2006-01-07T06:00,2006-01-07T08:35,RNS,272026514
FTZGYKLJ,code,L,70002661,ST,2006-01-07T09:10,2006-01-07T11:05,NCE,272026514
FTZGYKLJ,code,L,70002662,ST,2006-01-07T11:45,2006-01-07T13:35,BES,272026514
FTZGYKLJ,code,L,70002609,ST,2006-01-07T14:05,2006-01-07T16:30,NCE,272026514
YPBAGPWL,code,L,70002610,ST,2006-01-07T06:00,2006-01-07T08:35,RNS,272026514
YPBAGPWL,code,L,70002661,ST,2006-01-07T09:10,2006-01-07T11:05,NCE,272026514
YPBAGPWL,code,L,70002662,ST,2006-01-07T11:45,2006-01-07T13:35,BES,272026514
YPBAGPWL,code,L,70002609,ST,2006-01-07T14:05,2006-01-07T16:30,NCE,272026514
LFCQYTIJ,code,L,70002624,CP,2006-01-07T06:05,2006-01-07T08:25,NTE,1412011072
LFCQYTIJ,code,L,70002623,CP,2006-01-07T09:00,2006-01-07T10:25,MRS,1412011072
LFCQYTIJ,code,L,70002630,CP,2006-01-07T11:00,2006-01-07T12:20,NTE,1412011072
LFCQYTIJ,code,L,70002629,CP,2006-01-07T12:55,2006-01-07T15:05,MRS,1412011072
WIWLIORB,code,L,70002624,FO,2006-01-07T06:05,2006-01-07T08:25,NTE,1412011072
WIWLIORB,code,L,70002623,FO,2006-01-07T09:00,2006-01-07T10:25,MRS,1412011072
WIWLIORB,code,L,70002630,FO,2006-01-07T11:00,2006-01-07T12:20,NTE,1412011072
WIWLIORB,code,L,70002629,FO,2006-01-07T12:55,2006-01-07T15:05,MRS,1412011072
ARJNYWRR,code,L,70002624,CSD,2006-01-07T06:05,2006-01-07T08:25,NTE,1412011072
ARJNYWRR,code,L,70002623,CSD,2006-01-07T09:00,2006-01-07T10:25,MRS,1412011072
ARJNYWRR,code,L,70002630,CSD,2006-01-07T11:00,2006-01-07T12:20,NTE,1412011072
ARJNYWRR,code,L,70002629,CSD,2006-01-07T12:55,2006-01-07T15:05,MRS,1412011072
GWHZINMW,code,L,70002624,CSD,2006-01-07T06:05,2006-01-07T08:25,NTE,1412011072
GWHZINMW,code,L,70002623,CSD,2006-01-07T09:00,2006-01-07T10:25,MRS,1412011072
GWHZINMW,code,L,70002630,CSD,2006-01-07T11:00,2006-01-07T12:20,NTE,1412011072
GWHZINMW,code,L,70002629,CSD,2006-01-07T12:55,2006-01-07T15:05,MRS,1412011072
LMPHBVUZ,code,L,70002624,ST,2006-01-07T06:05,2006-01-07T08:25,NTE,1412011072
LMPHBVUZ,code,L,70002623,ST,2006-01-07T09:00,2006-01-07T10:25,MRS,1412011072
LMPHBVUZ,code,L,70002630,ST,2006-01-07T11:00,2006-01-07T12:20,NTE,1412011072
LMPHBVUZ,code,L,70002629,ST,2006-01-07T12:55,2006-01-07T15:05,MRS,1412011072
SRNLJZLL,code,L,70002624,ST,2006-01-07T06:05,2006-01-07T08:25,NTE,1412011072
SRNLJZLL,code,L,70002623,ST,2006-01-07T09:00,2006-01-07T10:25,MRS,1412011072
SRNLJZLL,code,L,70002630,ST,2006-01-07T11:00,2006-01-07T12:20,NTE,1412011072
SRNLJZLL,code,L,70002629,ST,2006-01-07T12:55,2006-01-07T15:05,MRS,1412011072
FQDJUAKC,code,L,70002624,ST,2006-01-07T06:05,2006-01-07T08:25,NTE,1412011072
FQDJUAKC,code,L,70002623,ST,2006-01-07T09:00,2006-01-07T10:25,MRS,1412011072
FQDJUAKC,code,L,70002630,ST,2006-01-07T11:00,2006-01-07T12:20,NTE,1412011072
FQDJUAKC,code,L,70002629,ST,2006-01-07T12:55,2006-01-07T15:05,MRS,1412011072
EBJQNVJR,code,L,70002624,ST,2006-01-07T06:05,2006-01-07T08:25,NTE,1412011072
EBJQNVJR,code,L,70002623,ST,2006-01-07T09:00,2006-01-07T10:25,MRS,1412011072
EBJQNVJR,code,L,70002630,ST,2006-01-07T11:00,2006-01-07T12:20,NTE,1412011072
EBJQNVJR,code,L,70002629,ST,2006-01-07T12:55,2006-01-07T15:05,MRS,1412011072
MCBRVAMH,code,L,70002624,ST,2006-01-07T06:05,2006-01-07T08:25,NTE,1412011072
MCBRVAMH,code,L,70002623,ST,2006-01-07T09:00,2006-01-07T10:25,MRS,1412011072
MCBRVAMH,code,L,70002630,ST,2006-01-07T11:00,2006-01-07T12:20,NTE,1412011072
MCBRVAMH,code,L,70002629,ST,2006-01-07T12:55,2006-01-07T15:05,MRS,1412011072
DHHBCEZK,code,L,70002624,ST,2006-01-07T06:05,2006-01-07T08:25,NTE,1412011072
DHHBCEZK,code,L,70002623,ST,2006-01-07T09:00,2006-01-07T10:25,MRS,1412011072
DHHBCEZK,code,L,70002630,ST,2006-01-07T11:00,2006-01-07T12:20,NTE,1412011072
DHHBCEZK,code,L,70002629,ST,2006-01-07T12:55,2006-01-07T15:05,MRS,1412011072
CNOZYXGA,code,L,70003117,CP,2006-01-07T06:15,2006-01-07T08:20,ORY,1844137836
CNOZYXGA,code,L,70003144,CP,2006-01-07T09:10,2006-01-07T10:20,BOD,1844137836
CNOZYXGA,code,L,70002869,CP,2006-01-07T12:10,2006-01-07T13:25,ORY,1844137836
CNOZYXGA,code,L,70002878,CP,2006-01-07T14:55,2006-01-07T16:50,MRS,1844137836
BLGZMCIU,code,L,70003117,FO,2006-01-07T06:15,2006-01-07T08:20,ORY,1844137836
BLGZMCIU,code,L,70003144,FO,2006-01-07T09:10,2006-01-07T10:20,BOD,1844137836
BLGZMCIU,code,L,70002869,FO,2006-01-07T12:10,2006-01-07T13:25,ORY,1844137836
BLGZMCIU,code,L,70002878,FO,2006-01-07T14:55,2006-01-07T16:50,MRS,1844137836
EJBRUMGM,code,L,70003117,CSD,2006-01-07T06:15,2006-01-07T08:20,ORY,1844137836
EJBRUMGM,code,L,70003144,CSD,2006-01-07T09:10,2006-01-07T10:20,BOD,1844137836
EJBRUMGM,code,L,70002869,CSD,2006-01-07T12:10,2006-01-07T13:25,ORY,1844137836
EJBRUMGM,code,L,70002878,CSD,2006-01-07T14:55,2006-01-07T16:50,MRS,1844137836
RDUZCQMP,code,L,70003117,CSD,2006-01-07T06:15,2006-01-07T08:20,ORY,1844137836
RDUZCQMP,code,L,70003144,CSD,2006-01-07T09:10,2006-01-07T10:20,BOD,1844137836
RDUZCQMP,code,L,70002869,CSD,2006-01-07T12:10,2006-01-07T13:25,ORY,1844137836
RDUZCQMP,code,L,70002878,CSD,2006-01-07T14:55,2006-01-07T16:50,MRS,1844137836
NHBQKTTX,code,L,70003117,ST,2006-01-07T06:15,2006-01-07T08:20,ORY,1844137836
NHBQKTTX,code,L,70003144,ST,2006-01-07T09:10,2006-01-07T10:20,BOD,1844137836
NHBQKTTX,code,L,70002869,ST,2006-01-07T12:10,2006-01-07T13:25,ORY,1844137836
NHBQKTTX,code,L,70002878,ST,2006-01-07T14:55,2006-01-07T16:50,MRS,1844137836
AECOHAYW,code,L,70003117,ST,2006-01-07T06:15,2006-01-07T08:20,ORY,1844137836
AECOHAYW,code,L,70003144,ST,2006-01-07T09:10,2006-01-07T10:20,BOD,1844137836
AECOHAYW,code,L,70002869,ST,2006-01-07T12:10,2006-01-07T13:25,ORY,1844137836
AECOHAYW,code,L,70002878,ST,2006-01-07T14:55,2006-01-07T16:50,MRS,1844137836
IAPWKGWG,code,L,70003117,ST,2006-01-07T06:15,2006-01-07T08:20,ORY,1844137836
IAPWKGWG,code,L,70003144,ST,2006-01-07T09:10,2006-01-07T10:20,BOD,1844137836
IAPWKGWG,code,L,70002869,ST,2006-01-07T12:10,2006-01-07T13:25,ORY,1844137836
IAPWKGWG,code,L,70002878,ST,2006-01-07T14:55,2006-01-07T16:50,MRS,1844137836
DRHPUZUX,code,L,70003117,ST,2006-01-07T06:15,2006-01-07T08:20,ORY,1844137836
DRHPUZUX,code,L,70003144,ST,2006-01-07T09:10,2006-01-07T10:20,BOD,1844137836
DRHPUZUX,code,L,70002869,ST,2006-01-07T12:10,2006-01-07T13:25,ORY,1844137836
DRHPUZUX,code,L,70002878,ST,2006-01-07T14:55,2006-01-07T16:50,MRS,1844137836
UQLOOGJE,code,L,70003117,ST,2006-01-07T06:15,2006-01-07T08:20,ORY,1844137836
UQLOOGJE,code,L,70003144,ST,2006-01-07T09:10,2006-01-07T10:20,BOD,1844137836
UQLOOGJE,code,L,70002869,ST,2006-01-07T12:10,2006-01-07T13:25,ORY,1844137836
UQLOOGJE,code,L,70002878,ST,2006-01-07T14:55,2006-01-07T16:50,MRS,1844137836
KAAFUEKS,code,L,70003117,ST,2006-01-07T06:15,2006-01-07T08:20,ORY,1844137836
KAAFUEKS,code,L,70003144,ST,2006-01-07T09:10,2006-01-07T10:20,BOD,1844137836
KAAFUEKS,code,L,70002869,ST,2006-01-07T12:10,2006-01-07T13:25,ORY,1844137836
KAAFUEKS,code,L,70002878,ST,2006-01-07T14:55,2006-01-07T16:50,MRS,1844137836
AEWRGPCS,code,L,70004385,CP,2006-01-07T06:25,2006-01-07T08:45,ORY,363927940
AEWRGPCS,code,L,70004386,CP,2006-01-07T09:35,2006-01-07T11:45,PGF,363927940
KMGRRNRG,code,L,70004385,FO,2006-01-07T06:25,2006-01-07T08:45,ORY,363927940
KMGRRNRG,code,L,70004386,FO,2006-01-07T09:35,2006-01-07T11:45,PGF,363927940
EODNHSRY,code,L,70004385,CSD,2006-01-07T06:25,2006-01-07T08:45,ORY,363927940
EODNHSRY,code,L,70004386,CSD,2006-01-07T09:35,2006-01-07T11:45,PGF,363927940
FBAOQTWQ,code,L,70004385,CSD,2006-01-07T06:25,2006-01-07T08:45,ORY,363927940
FBAOQTWQ,code,L,70004386,CSD,2006-01-07T09:35,2006-01-07T11:45,PGF,363927940
YACEFOLR,code,L,70004385,ST,2006-01-07T06:25,2006-01-07T08:45,ORY,363927940
YACEFOLR,code,L,70004386,ST,2006-01-07T09:35,2006-01-07T11:45,PGF,363927940
OCFEAGGU,code,L,70004385,ST,2006-01-07T06:25,2006-01-07T08:45,ORY,363927940
OCFEAGGU,code,L,70004386,ST,2006-01-07T09:35,2006-01-07T11:45,PGF,363927940
PIVYHSEC,code,L,70004385,ST,2006-01-07T06:25,2006-01-07T08:45,ORY,363927940
PIVYHSEC,code,L,70004386,ST,2006-01-07T09:35,2006-01-07T11:45,PGF,363927940
FWIILHSX,code,L,70004385,ST,2006-01-07T06:25,2006-01-07T08:45,ORY,363927940
FWIILHSX,code,L,70004386,ST,2006-01-07T09:35,2006-01-07T11:45,PGF,363927940
EDEWBZFF,code,L,70004385,ST,2006-01-07T06:25,2006-01-07T08:45,ORY,363927940
EDEWBZFF,code,L,70004386,ST,2006-01-07T09:35,2006-01-07T11:45,PGF,363927940
COPPHXON,code,L,70004385,ST,2006-01-07T06:25,2006-01-07T08:45,ORY,363927940
COPPHXON,code,L,70004386,ST,2006-01-07T09:35,2006-01-07T11:45,PGF,363927940
QBTZNECL,code,L,70004486,CP,2006-01-07T06:25,2006-01-07T08:50,BOD,216794175
QBTZNECL,code,L,70004485,CP,2006-01-07T09:55,2006-01-07T12:00,CDG,216794175
MTUJPFJO,code,L,70004486,FO,2006-01-07T06:25,2006-01-07T08:50,BOD,216794175
MTUJPFJO,code,L,70004485,FO,2006-01-07T09:55,2006-01-07T12:00,CDG,216794175
RMJSYAUP,code,L,70004486,CSD,2006-01-07T06:25,2006-01-07T08:50,BOD,216794175
RMJSYAUP,code,L,70004485,CSD,2006-01-07T09:55,2006-01-07T12:00,CDG,216794175
KWZYXUXC,code,L,70004486,CSD,2006-01-07T06:25,2006-01-07T08:50,BOD,216794175
KWZYXUXC,code,L,70004485,CSD,2006-01-07T09:55,2006-01-07T12:00,CDG,216794175
UJWCWVVU,code,L,70004486,ST,2006-01-07T06:25,2006-01-07T08:50,BOD,216794175
UJWCWVVU,code,L,70004485,ST,2006-01-07T09:55,2006-01-07T12:00,CDG,216794175
IMAKXRFM,code,L,70004486,ST,2006-01-07T06:25,2006-01-07T08:50,BOD,216794175
IMAKXRFM,code,L,70004485,ST,2006-01-07T09:55,2006-01-07T12:00,CDG,216794175
DKZRMDOH,code,L,70004486,ST,2006-01-07T06:25,2006-01-07T08:50,BOD,216794175
DKZRMDOH,code,L,70004485,ST,2006-01-07T09:55,2006-01-07T12:00,CDG,216794175
LDEAVVGL,code,L,70004486,ST,2006-01-07T06:25,2006-01-07T08:50,BOD,216794175
LDEAVVGL,code,L,70004485,ST,2006-01-07T09:55,2006-01-07T12:00,CDG,216794175
EAPNOFOE,code,L,70004486,ST,2006-01-07T06:25,2006-01-07T08:50,BOD,216794175
EAPNOFOE,code,L,70004485,ST,2006-01-07T09:55,2006-01-07T12:00,CDG,216794175
MUMSJNVU,code,L,70004486,ST,2006-01-07T06:25,2006-01-07T08:50,BOD,216794175
MUMSJNVU,code,L,70004485,ST,2006-01-07T09:55,2006-01-07T12:00,CDG,216794175
TTNXEMBH,code,L,70002520,CP,2006-01-07T06:25,2006-01-07T08:25,NTE,1988519473
TTNXEMBH,code,L,70002519,CP,2006-01-07T08:55,2006-01-07T09:55,TLS,1988519473
TTNXEMBH,code,L,70002518,CP,2006-01-07T10:45,2006-01-07T11:45,NTE,1988519473
TTNXEMBH,code,L,70002517,CP,2006-01-07T12:15,2006-01-07T13:15,TLS,1988519473
TTNXEMBH,code,L,70002626,CP,2006-01-07T13:50,2006-01-07T15:10,NTE,1988519473
TTNXEMBH,code,L,70002625,CP,2006-01-07T15:45,2006-01-07T17:55,MRS,1988519473
IMEPBBOA,code,L,70002520,FO,2006-01-07T06:25,2006-01-07T08:25,NTE,1988519473
IMEPBBOA,code,L,70002519,FO,2006-01-07T08:55,2006-01-07T09:55,TLS,1988519473
IMEPBBOA,code,L,70002518,FO,2006-01-07T10:45,2006-01-07T11:45,NTE,1988519473
IMEPBBOA,code,L,70002517,FO,2006-01-07T12:15,2006-01-07T13:15,TLS,1988519473
IMEPBBOA,code,L,70002626,FO,2006-01-07T13:50,2006-01-07T15:10,NTE,1988519473
IMEPBBOA,code,L,70002625,FO,2006-01-07T15:45,2006-01-07T17:55,MRS,1988519473
AYVENKAV,code,L,70002520,CSD,2006-01-07T06:25,2006-01-07T08:25,NTE,1988519473
AYVENKAV,code,L,70002519,CSD,2006-01-07T08:55,2006-01-07T09:55,TLS,1988519473
AYVENKAV,code,L,70002518,CSD,2006-01-07T10:45,2006-01-07T11:45,NTE,1988519473
AYVENKAV,code,L,70002517,CSD,2006-01-07T12:15,2006-01-07T13:15,TLS,1988519473
AYVENKAV,code,L,70002626,CSD,2006-01-07T13:50,2006-01-07T15:10,NTE,1988519473
AYVENKAV,code,L,70002625,CSD,2006-01-07T15:45,2006-01-07T17:55,MRS,1988519473
DERHGKIS,code,L,70002520,ST,2006-01-07T06:25,2006-01-07T08:25,NTE,1988519473
DERHGKIS,code,L,70002519,ST,2006-01-07T08:55,2006-01-07T09:55,TLS,1988519473
DERHGKIS,code,L,70002518,ST,2006-01-07T10:45,2006-01-07T11:45,NTE,1988519473
DERHGKIS,code,L,70002517,ST,2006-01-07T12:15,2006-01-07T13:15,TLS,1988519473
DERHGKIS,code,L,70002626,ST,2006-01-07T13:50,2006-01-07T15:10,NTE,1988519473
DERHGKIS,code,L,70002625,ST,2006-01-07T15:45,2006-01-07T17:55,MRS,1988519473
KZSARFNN,code,L,70002520,ST,2006-01-07T06:25,2006-01-07T08:25,NTE,1988519473
KZSARFNN,code,L,70002519,ST,2006-01-07T08:55,2006-01-07T09:55,TLS,1988519473
KZSARFNN,code,L,70002518,ST,2006-01-07T10:45,2006-01-07T11:45,NTE,1988519473
KZSARFNN,code,L,70002517,ST,2006-01-07T12:15,2006-01-07T13:15,TLS,1988519473
KZSARFNN,code,L,70002626,ST,2006-01-07T13:50,2006-01-07T15:10,NTE,1988519473
KZSARFNN,code,L,70002625,ST,2006-01-07T15:45,2006-01-07T17:55,MRS,1988519473
TAXJFAOB,code,L,70002520,ST,2006-01-07T06:25,2006-01-07T08:25,NTE,1988519473
TAXJFAOB,code,L,70002519,ST,2006-01-07T08:55,2006-01-07T09:55,TLS,1988519473
TAXJFAOB,code,L,70002518,ST,2006-01-07T10:45,2006-01-07T11:45,NTE,1988519473
TAXJFAOB,code,L,70002517,ST,2006-01-07T12:15,2006-01-07T13:15,TLS,1988519473
TAXJFAOB,code,L,70002626,ST,2006-01-07T13:50,2006-01-07T15:10,NTE,1988519473
TAXJFAOB,code,L,70002625,ST,2006-01-07T15:45,2006-01-07T17:55,MRS,1988519473
WISMNUJR,code,L,70003067,CP,2006-01-07T06:30,2006-01-07T08:50,ORY,1731519511
WISMNUJR,code,L,70004784,CP,2006-01-07T10:00,2006-01-07T11:40,NCE,1731519511
WISMNUJR,code,L,70004679,CP,2006-01-07T12:35,2006-01-07T13:50,LIL,1731519511
WISMNUJR,code,L,70004678,CP,2006-01-07T14:45,2006-01-07T16:30,LYS,1731519511
LRTQSKFX,code,L,70003067,FO,2006-01-07T06:30,2006-01-07T08:50,ORY,1731519511
LRTQSKFX,code,L,70004784,FO,2006-01-07T10:00,2006-01-07T11:40,NCE,1731519511
LRTQSKFX,code,L,70004679,FO,2006-01-07T12:35,2006-01-07T13:50,LIL,1731519511
LRTQSKFX,code,L,70004678,FO,2006-01-07T14:45,2006-01-07T16:30,LYS,1731519511
GAQIAEEI,code,L,70003067,CSD,2006-01-07T06:30,2006-01-07T08:50,ORY,1731519511
GAQIAEEI,code,L,70004784,CSD,2006-01-07T10:00,2006-01-07T11:40,NCE,1731519511
GAQIAEEI,code,L,70004679,CSD,2006-01-07T12:35,2006-01-07T13:50,LIL,1731519511
GAQIAEEI,code,L,70004678,CSD,2006-01-07T14:45,2006-01-07T16:30,LYS,1731519511
TUQLPQYK,code,L,70003067,CSD,2006-01-07T06:30,2006-01-07T08:50,ORY,1731519511
TUQLPQYK,code,L,70004784,CSD,2006-01-07T10:00,2006-01-07T11:40,NCE,1731519511
TUQLPQYK,code,L,70004679,CSD,2006-01-07T12:35,2006-01-07T13:50,LIL,1731519511
TUQLPQYK,code,L,70004678,CSD,2006-01-07T14:45,2006-01-07T16:30,LYS,1731519511
NEUMAXCZ,code,L,70003067,ST,2006-01-07T06:30,2006-01-07T08:50,ORY,1731519511
NEUMAXCZ,code,L,70004784,ST,2006-01-07T10:00,2006-01-07T11:40,NCE,1731519511
NEUMAXCZ,code,L,70004679,ST,2006-01-07T12:35,2006-01-07T13:50,LIL,1731519511
NEUMAXCZ,code,L,70004678,ST,2006-01-07T14:45,2006-01-07T16:30,LYS,1731519511
EJLMHKUI,code,L,70003067,ST,2006-01-07T06:30,2006-01-07T08:50,ORY,1731519511
EJLMHKUI,code,L,70004784,ST,2006-01-07T10:00,2006-01-07T11:40,NCE,1731519511
EJLMHKUI,code,L,70004679,ST,2006-01-07T12:35,2006-01-07T13:50,LIL,1731519511
EJLMHKUI,code,L,70004678,ST,2006-01-07T14:45,2006-01-07T16:30,LYS,1731519511
VATKXQMF,code,L,70003067,ST,2006-01-07T06:30,2006-01-07T08:50,ORY,1731519511
VATKXQMF,code,L,70004784,ST,2006-01-07T10:00,2006-01-07T11:40,NCE,1731519511
VATKXQMF,code,L,70004679,ST,2006-01-07T12:35,2006-01-07T13:50,LIL,1731519511
VATKXQMF,code,L,70004678,ST,2006-01-07T14:45,2006-01-07T16:30,LYS,1731519511
IWEFCEZY,code,L,70003067,ST,2006-01-07T06:30,2006-01-07T08:50,ORY,1731519511
IWEFCEZY,code,L,70004784,ST,2006-01-07T10:00,2006-01-07T11:40,NCE,1731519511
IWEFCEZY,code,L,70004679,ST,2006-01-07T12:35,2006-01-07T13:50,LIL,1731519511
IWEFCEZY,code,L,70004678,ST,2006-01-07T14:45,2006-01-07T16:30,LYS,1731519511
ELPLUTGC,code,L,70003067,ST,2006-01-07T06:30,2006-01-07T08:50,ORY,1731519511
ELPLUTGC,code,L,70004784,ST,2006-01-07T10:00,2006-01-07T11:40,NCE,1731519511
ELPLUTGC,code,L,70004679,ST,2006-01-07T12:35,2006-01-07T13:50,LIL,1731519511
ELPLUTGC,code,L,70004678,ST,2006-01-07T14:45,2006-01-07T16:30,LYS,1731519511
BURMYXAZ,code,L,70003067,ST,2006-01-07T06:30,2006-01-07T08:50,ORY,1731519511
BURMYXAZ,code,L,70004784,ST,2006-01-07T10:00,2006-01-07T11:40,NCE,1731519511
BURMYXAZ,code,L,70004679,ST,2006-01-07T12:35,2006-01-07T13:50,LIL,1731519511
BURMYXAZ,code,L,70004678,ST,2006-01-07T14:45,2006-01-07T16:30,LYS,1731519511
QODJHJZB,code,L,70002868,CP,2006-01-07T06:30,2006-01-07T08:50,MRS,921209318
QODJHJZB,code,L,70002877,CP,2006-01-07T09:35,2006-01-07T11:35,ORY,921209318
SSRBDCQI,code,L,70002868,FO,2006-01-07T06:30,2006-01-07T08:50,MRS,921209318
SSRBDCQI,code,L,70002877,FO,2006-01-07T09:35,2006-01-07T11:35,ORY,921209318
NYNIUNOC,code,L,70002868,CSD,2006-01-07T06:30,2006-01-07T08:50,MRS,921209318
NYNIUNOC,code,L,70002877,CSD,2006-01-07T09:35,2006-01-07T11:35,ORY,921209318
GPBYHYAR,code,L,70002868,CSD,2006-01-07T06:30,2006-01-07T08:50,MRS,921209318
GPBYHYAR,code,L,70002877,CSD,2006-01-07T09:35,2006-01-07T11:35,ORY,921209318
HDLRJHTY,code,L,70002868,ST,2006-01-07T06:30,2006-01-07T08:50,MRS,921209318
HDLRJHTY,code,L,70002877,ST,2006-01-07T09:35,2006-01-07T11:35,ORY,921209318
OVMCWMPP,code,L,70002868,ST,2006-01-07T06:30,2006-01-07T08:50,MRS,921209318
OVMCWMPP,code,L,70002877,ST,2006-01-07T09:35,2006-01-07T11:35,ORY,921209318
POHVQURO,code,L,70002868,ST,2006-01-07T06:30,2006-01-07T08:50,MRS,921209318
POHVQURO,code,L,70002877,ST,2006-01-07T09:35,2006-01-07T11:35,ORY,921209318
LCDPMABG,code,L,70002868,ST,2006-01-07T06:30,2006-01-07T08:50,MRS,921209318
LCDPMABG,code,L,70002877,ST,2006-01-07T09:35,2006-01-07T11:35,ORY,921209318
DTXLHJVV,code,L,70002868,ST,2006-01-07T06:30,2006-01-07T08:50,MRS,921209318
DTXLHJVV,code,L,70002877,ST,2006-01-07T09:35,2006-01-07T11:35,ORY,921209318
IOAMILFB,code,L,70002868,ST,2006-01-07T06:30,2006-01-07T08:50,MRS,921209318
IOAMILFB,code,L,70002877,ST,2006-01-07T09:35,2006-01-07T11:35,ORY,921209318
NHZHETGP,code,L,70004400,CP,2006-01-07T06:30,2006-01-07T09:15,FSC,1835196615
NHZHETGP,code,L,70004393,CP,2006-01-07T09:40,2006-01-07T12:10,ORY,1835196615
QKMNOCKB,code,L,70004400,FO,2006-01-07T06:30,2006-01-07T09:15,FSC,1835196615
QKMNOCKB,code,L,70004393,FO,2006-01-07T09:40,2006-01-07T12:10,ORY,1835196615
BVPMWAOA,code,L,70004400,CSD,2006-01-07T06:30,2006-01-07T09:15,FSC,1835196615
BVPMWAOA,code,L,70004393,CSD,2006-01-07T09:40,2006-01-07T12:10,ORY,1835196615
RDZVODEJ,code,L,70004400,ST,2006-01-07T06:30,2006-01-07T09:15,FSC,1835196615
RDZVODEJ,code,L,70004393,ST,2006-01-07T09:40,2006-01-07T12:10,ORY,1835196615
XXGJZYIB,code,L,70004400,ST,2006-01-07T06:30,2006-01-07T09:15,FSC,1835196615
XXGJZYIB,code,L,70004393,ST,2006-01-07T09:40,2006-01-07T12:10,ORY,1835196615
RMCNFJZM,code,L,70004400,ST,2006-01-07T06:30,2006-01-07T09:15,FSC,1835196615
RMCNFJZM,code,L,70004393,ST,2006-01-07T09:40,2006-01-07T12:10,ORY,1835196615
EISKBSOQ,code,L,70004165,CP,2006-01-07T07:00,2006-01-07T09:00,ORY,2130037697
EISKBSOQ,code,L,70004170,CP,2006-01-07T10:10,2006-01-07T11:10,SXB,2130037697
EISKBSOQ,code,L,70004171,CP,2006-01-07T14:25,2006-01-07T15:25,ORY,2130037697
EISKBSOQ,code,L,70004180,CP,2006-01-07T17:00,2006-01-07T18:45,SXB,2130037697
WARDRWDC,code,L,70004165,FO,2006-01-07T07:00,2006-01-07T09:00,ORY,2130037697
WARDRWDC,code,L,70004170,FO,2006-01-07T10:10,2006-01-07T11:10,SXB,2130037697
WARDRWDC,code,L,70004171,FO,2006-01-07T14:25,2006-01-07T15:25,ORY,2130037697
WARDRWDC,code,L,70004180,FO,2006-01-07T17:00,2006-01-07T18:45,SXB,2130037697
VBSGXIJZ,code,L,70004165,CSD,2006-01-07T07:00,2006-01-07T09:00,ORY,2130037697
VBSGXIJZ,code,L,70004170,CSD,2006-01-07T10:10,2006-01-07T11:10,SXB,2130037697
VBSGXIJZ,code,L,70004171,CSD,2006-01-07T14:25,2006-01-07T15:25,ORY,2130037697
VBSGXIJZ,code,L,70004180,CSD,2006-01-07T17:00,2006-01-07T18:45,SXB,2130037697
GATVFCPC,code,L,70004165,CSD,2006-01-07T07:00,2006-01-07T09:00,ORY,2130037697
GATVFCPC,code,L,70004170,CSD,2006-01-07T10:10,2006-01-07T11:10,SXB,2130037697
GATVFCPC,code,L,70004171,CSD,2006-01-07T14:25,2006-01-07T15:25,ORY,2130037697
GATVFCPC,code,L,70004180,CSD,2006-01-07T17:00,2006-01-07T18:45,SXB,2130037697
XMKHCFRZ,code,L,70004165,ST,2006-01-07T07:00,2006-01-07T09:00,ORY,2130037697
XMKHCFRZ,code,L,70004170,ST,2006-01-07T10:10,2006-01-07T11:10,SXB,2130037697
XMKHCFRZ,code,L,70004171,ST,2006-01-07T14:25,2006-01-07T15:25,ORY,2130037697
XMKHCFRZ,code,L,70004180,ST,2006-01-07T17:00,2006-01-07T18:45,SXB,2130037697
JVOIVTIT,code,L,70004165,ST,2006-01-07T07:00,2006-01-07T09:00,ORY,2130037697
JVOIVTIT,code,L,70004170,ST,2006-01-07T10:10,2006-01-07T11:10,SXB,2130037697
JVOIVTIT,code,L,70004171,ST,2006-01-07T14:25,2006-01-07T15:25,ORY,2130037697
JVOIVTIT,code,L,70004180,ST,2006-01-07T17:00,2006-01-07T18:45,SXB,2130037697
WYWKAMAW,code,L,70004165,ST,2006-01-07T07:00,2006-01-07T09:00,ORY,2130037697
WYWKAMAW,code,L,70004170,ST,2006-01-07T10:10,2006-01-07T11:10,SXB,2130037697
WYWKAMAW,code,L,70004171,ST,2006-01-07T14:25,2006-01-07T15:25,ORY,2130037697
WYWKAMAW,code,L,70004180,ST,2006-01-07T17:00,2006-01-07T18:45,SXB,2130037697
NKRBZFVN,code,L,70004165,ST,2006-01-07T07:00,2006-01-07T09:00,ORY,2130037697
NKRBZFVN,code,L,70004170,ST,2006-01-07T10:10,2006-01-07T11:10,SXB,2130037697
NKRBZFVN,code,L,70004171,ST,2006-01-07T14:25,2006-01-07T15:25,ORY,2130037697
NKRBZFVN,code,L,70004180,ST,2006-01-07T17:00,2006-01-07T18:45,SXB,2130037697
XHLLFQWP,code,L,70004165,ST,2006-01-07T07:00,2006-01-07T09:00,ORY,2130037697
XHLLFQWP,code,L,70004170,ST,2006-01-07T10:10,2006-01-07T11:10,SXB,2130037697
XHLLFQWP,code,L,70004171,ST,2006-01-07T14:25,2006-01-07T15:25,ORY,2130037697
XHLLFQWP,code,L,70004180,ST,2006-01-07T17:00,2006-01-07T18:45,SXB,2130037697
OASOJNEG,code,L,70004165,ST,2006-01-07T07:00,2006-01-07T09:00,ORY,2130037697
OASOJNEG,code,L,70004170,ST,2006-01-07T10:10,2006-01-07T11:10,SXB,2130037697
OASOJNEG,code,L,70004171,ST,2006-01-07T14:25,2006-01-07T15:25,ORY,2130037697
OASOJNEG,code,L,70004180,ST,2006-01-07T17:00,2006-01-07T18:45,SXB,2130037697
RAXIDGUP,code,L,70003122,CP,2006-01-07T07:00,2006-01-07T09:10,BOD,863898425
RAXIDGUP,code,L,70003121,CP,2006-01-07T10:10,2006-01-07T12:00,ORY,863898425
JQBXGDDN,code,L,70003122,FO,2006-01-07T07:00,2006-01-07T09:10,BOD,863898425
JQBXGDDN,code,L,70003121,FO,2006-01-07T10:10,2006-01-07T12:00,ORY,863898425
AKIZEUWJ,code,L,70003122,CSD,2006-01-07T07:00,2006-01-07T09:10,BOD,863898425
AKIZEUWJ,code,L,70003121,CSD,2006-01-07T10:10,2006-01-07T12:00,ORY,863898425
ZHFZIYGV,code,L,70003122,CSD,2006-01-07T07:00,2006-01-07T09:10,BOD,863898425
ZHFZIYGV,code,L,70003121,CSD,2006-01-07T10:10,2006-01-07T12:00,ORY,863898425
VKJNLFKN,code,L,70003122,ST,2006-01-07T07:00,2006-01-07T09:10,BOD,863898425
VKJNLFKN,code,L,70003121,ST,2006-01-07T10:10,2006-01-07T12:00,ORY,863898425
LPKGYBNS,code,L,70003122,ST,2006-01-07T07:00,2006-01-07T09:10,BOD,863898425
LPKGYBNS,code,L,70003121,ST,2006-01-07T10:10,2006-01-07T12:00,ORY,863898425
JSBDHKWF,code,L,70003122,ST,2006-01-07T07:00,2006-01-07T09:10,BOD,863898425
JSBDHKWF,code,L,70003121,ST,2006-01-07T10:10,2006-01-07T12:00,ORY,863898425
TAPDREXC,code,L,70003122,ST,2006-01-07T07:00,2006-01-07T09:10,BOD,863898425
TAPDREXC,code,L,70003121,ST,2006-01-07T10:10,2006-01-07T12:00,ORY,863898425
FTGGGCVR,code,L,70003122,ST,2006-01-07T07:00,2006-01-07T09:10,BOD,863898425
FTGGGCVR,code,L,70003121,ST,2006-01-07T10:10,2006-01-07T12:00,ORY,863898425
CEGEOLJT,code,L,70003122,ST,2006-01-07T07:00,2006-01-07T09:10,BOD,863898425
CEGEOLJT,code,L,70003121,ST,2006-01-07T10:10,2006-01-07T12:00,ORY,863898425
JABUOWBM,code,L,70004406,CP,2006-01-07T07:05,2006-01-07T09:25,MPL,1022862599
JABUOWBM,code,L,70004409,CP,2006-01-07T10:15,2006-01-07T12:15,ORY,1022862599
RLOTSIPM,code,L,70004406,FO,2006-01-07T07:05,2006-01-07T09:25,MPL,1022862599
RLOTSIPM,code,L,70004409,FO,2006-01-07T10:15,2006-01-07T12:15,ORY,1022862599
ZXUYGLCR,code,L,70004406,CSD,2006-01-07T07:05,2006-01-07T09:25,MPL,1022862599
ZXUYGLCR,code,L,70004409,CSD,2006-01-07T10:15,2006-01-07T12:15,ORY,1022862599
AKCTTAKF,code,L,70004406,CSD,2006-01-07T07:05,2006-01-07T09:25,MPL,1022862599
AKCTTAKF,code,L,70004409,CSD,2006-01-07T10:15,2006-01-07T12:15,ORY,1022862599
RTRCFYYG,code,L,70004406,ST,2006-01-07T07:05,2006-01-07T09:25,MPL,1022862599
RTRCFYYG,code,L,70004409,ST,2006-01-07T10:15,2006-01-07T12:15,ORY,1022862599
GEBTKRVV,code,L,70004406,ST,2006-01-07T07:05,2006-01-07T09:25,MPL,1022862599
GEBTKRVV,code,L,70004409,ST,2006-01-07T10:15,2006-01-07T12:15,ORY,1022862599
LHWEWCGN,code,L,70004406,ST,2006-01-07T07:05,2006-01-07T09:25,MPL,1022862599
LHWEWCGN,code,L,70004409,ST,2006-01-07T10:15,2006-01-07T12:15,ORY,1022862599
KLVZWTRU,code,L,70004406,ST,2006-01-07T07:05,2006-01-07T09:25,MPL,1022862599
KLVZWTRU,code,L,70004409,ST,2006-01-07T10:15,2006-01-07T12:15,ORY,1022862599
OUDQCZUD,code,L,70004406,ST,2006-01-07T07:05,2006-01-07T09:25,MPL,1022862599
OUDQCZUD,code,L,70004409,ST,2006-01-07T10:15,2006-01-07T12:15,ORY,1022862599
XSPJBFXD,code,L,70004406,ST,2006-01-07T07:05,2006-01-07T09:25,MPL,1022862599
XSPJBFXD,code,L,70004409,ST,2006-01-07T10:15,2006-01-07T12:15,ORY,1022862599
DRUJCGSR,code,L,70004475,CP,2006-01-07T07:10,2006-01-07T09:45,ORY,1767440095
DRUJCGSR,code,L,70004476,CP,2006-01-07T10:45,2006-01-07T13:00,CLY,1767440095
WFJSPXZD,code,L,70004475,FO,2006-01-07T07:10,2006-01-07T09:45,ORY,1767440095
WFJSPXZD,code,L,70004476,FO,2006-01-07T10:45,2006-01-07T13:00,CLY,1767440095
GYMLETSW,code,L,70004475,CSD,2006-01-07T07:10,2006-01-07T09:45,ORY,1767440095
GYMLETSW,code,L,70004476,CSD,2006-01-07T10:45,2006-01-07T13:00,CLY,1767440095
QISRGKMF,code,L,70004475,CSD,2006-01-07T07:10,2006-01-07T09:45,ORY,1767440095
QISRGKMF,code,L,70004476,CSD,2006-01-07T10:45,2006-01-07T13:00,CLY,1767440095
VANGWTCT,code,L,70004475,ST,2006-01-07T07:10,2006-01-07T09:45,ORY,1767440095
VANGWTCT,code,L,70004476,ST,2006-01-07T10:45,2006-01-07T13:00,CLY,1767440095
WRMANEUJ,code,L,70004475,ST,2006-01-07T07:10,2006-01-07T09:45,ORY,1767440095
WRMANEUJ,code,L,70004476,ST,2006-01-07T10:45,2006-01-07T13:00,CLY,1767440095
DGCGHVPT,code,L,70004475,ST,2006-01-07T07:10,2006-01-07T09:45,ORY,1767440095
DGCGHVPT,code,L,70004476,ST,2006-01-07T10:45,2006-01-07T13:00,CLY,1767440095
ROESZTOX,code,L,70004475,ST,2006-01-07T07:10,2006-01-07T09:45,ORY,1767440095
ROESZTOX,code,L,70004476,ST,2006-01-07T10:45,2006-01-07T13:00,CLY,1767440095
WLFZZJMM,code,L,70004475,ST,2006-01-07T07:10,2006-01-07T09:45,ORY,1767440095
WLFZZJMM,code,L,70004476,ST,2006-01-07T10:45,2006-01-07T13:00,CLY,1767440095
WBJIVYOQ,code,L,70004475,ST,2006-01-07T07:10,2006-01-07T09:45,ORY,1767440095
WBJIVYOQ,code,L,70004476,ST,2006-01-07T10:45,2006-01-07T13:00,CLY,1767440095
XKGHWXRK,code,L,70004168,CP,2006-01-07T07:10,2006-01-07T09:10,SXB,658194566
XKGHWXRK,code,L,70004167,CP,2006-01-07T10:25,2006-01-07T12:10,ORY,658194566
POTCKPBG,code,L,70004168,FO,2006-01-07T07:10,2006-01-07T09:10,SXB,658194566
POTCKPBG,code,L,70004167,FO,2006-01-07T10:25,2006-01-07T12:10,ORY,658194566
VROBWNLA,code,L,70004168,CSD,2006-01-07T07:10,2006-01-07T09:10,SXB,658194566
VROBWNLA,code,L,70004167,CSD,2006-01-07T10:25,2006-01-07T12:10,ORY,658194566
OZAETSUO,code,L,70004168,CSD,2006-01-07T07:10,2006-01-07T09:10,SXB,658194566
OZAETSUO,code,L,70004167,CSD,2006-01-07T10:25,2006-01-07T12:10,ORY,658194566
ROBNWNHH,code,L,70004168,ST,2006-01-07T07:10,2006-01-07T09:10,SXB,658194566
ROBNWNHH,code,L,70004167,ST,2006-01-07T10:25,2006-01-07T12:10,ORY,658194566
FYEIZHCD,code,L,70004168,ST,2006-01-07T07:10,2006-01-07T09:10,SXB,658194566
FYEIZHCD,code,L,70004167,ST,2006-01-07T10:25,2006-01-07T12:10,ORY,658194566
OICKGLGP,code,L,70004168,ST,2006-01-07T07:10,2006-01-07T09:10,SXB,658194566
OICKGLGP,code,L,70004167,ST,2006-01-07T10:25,2006-01-07T12:10,ORY,658194566
BZGEMPPK,code,L,70004168,ST,2006-01-07T07:10,2006-01-07T09:10,SXB,658194566
BZGEMPPK,code,L,70004167,ST,2006-01-07T10:25,2006-01-07T12:10,ORY,658194566
NRPOCILR,code,L,70004168,ST,2006-01-07T07:10,2006-01-07T09:10,SXB,658194566
NRPOCILR,code,L,70004167,ST,2006-01-07T10:25,2006-01-07T12:10,ORY,658194566
FEDDFXAX,code,L,70004168,ST,2006-01-07T07:10,2006-01-07T09:10,SXB,658194566
FEDDFXAX,code,L,70004167,ST,2006-01-07T10:25,2006-01-07T12:10,ORY,658194566
UQYOSYIP,code,L,70002978,CP,2006-01-07T07:10,2006-01-07T09:30,TLS,359906493
UQYOSYIP,code,L,70004345,CP,2006-01-07T10:45,2006-01-07T12:00,ORY,359906493
UQYOSYIP,code,L,70004348,CP,2006-01-07T12:50,2006-01-07T14:10,BIQ,359906493
UQYOSYIP,code,L,70004351,CP,2006-01-07T15:55,2006-01-07T17:10,ORY,359906493
UQYOSYIP,code,L,70004354,CP,2006-01-07T18:00,2006-01-07T19:20,BIQ,359906493
UQYOSYIP,code,L,70004342,CP,2006-01-07T20:05,2006-01-07T21:50,ORY,359906493
KXBXIOJF,code,L,70002978,FO,2006-01-07T07:10,2006-01-07T09:30,TLS,359906493
KXBXIOJF,code,L,70004345,FO,2006-01-07T10:45,2006-01-07T12:00,ORY,359906493
KXBXIOJF,code,L,70004348,FO,2006-01-07T12:50,2006-01-07T14:10,BIQ,359906493
KXBXIOJF,code,L,70004351,FO,2006-01-07T15:55,2006-01-07T17:10,ORY,359906493
KXBXIOJF,code,L,70004354,FO,2006-01-07T18:00,2006-01-07T19:20,BIQ,359906493
KXBXIOJF,code,L,70004342,FO,2006-01-07T20:05,2006-01-07T21:50,ORY,359906493
TYYYMATY,code,L,70002978,CSD,2006-01-07T07:10,2006-01-07T09:30,TLS,359906493
TYYYMATY,code,L,70004345,CSD,2006-01-07T10:45,2006-01-07T12:00,ORY,359906493
TYYYMATY,code,L,70004348,CSD,2006-01-07T12:50,2006-01-07T14:10,BIQ,359906493
TYYYMATY,code,L,70004351,CSD,2006-01-07T15:55,2006-01-07T17:10,ORY,359906493
TYYYMATY,code,L,70004354,CSD,2006-01-07T18:00,2006-01-07T19:20,BIQ,359906493
TYYYMATY,code,L,70004342,CSD,2006-01-07T20:05,2006-01-07T21:50,ORY,359906493
IXMSVZGG,code,L,70002978,ST,2006-01-07T07:10,2006-01-07T09:30,TLS,359906493
IXMSVZGG,code,L,70004345,ST,2006-01-07T10:45,2006-01-07T12:00,ORY,359906493
IXMSVZGG,code,L,70004348,ST,2006-01-07T12:50,2006-01-07T14:10,BIQ,359906493
IXMSVZGG,code,L,70004351,ST,2006-01-07T15:55,2006-01-07T17:10,ORY,359906493
IXMSVZGG,code,L,70004354,ST,2006-01-07T18:00,2006-01-07T19:20,BIQ,359906493
IXMSVZGG,code,L,70004342,ST,2006-01-07T20:05,2006-01-07T21:50,ORY,359906493
XLMPWUWH,code,L,70002978,ST,2006-01-07T07:10,2006-01-07T09:30,TLS,359906493
XLMPWUWH,code,L,70004345,ST,2006-01-07T10:45,2006-01-07T12:00,ORY,359906493
XLMPWUWH,code,L,70004348,ST,2006-01-07T12:50,2006-01-07T14:10,BIQ,359906493
XLMPWUWH,code,L,70004351,ST,2006-01-07T15:55,2006-01-07T17:10,ORY,359906493
XLMPWUWH,code,L,70004354,ST,2006-01-07T18:00,2006-01-07T19:20,BIQ,359906493
XLMPWUWH,code,L,70004342,ST,2006-01-07T20:05,2006-01-07T21:50,ORY,359906493
HPHHSZYR,code,L,70004518,CP,2006-01-07T07:55,2006-01-07T10:00,CFE,346378500
HPHHSZYR,code,L,70002584,CP,2006-01-07T12:30,2006-01-07T13:35,CDG,346378500
HPHHSZYR,code,L,70002585,CP,2006-01-07T14:55,2006-01-07T15:55,RNS,346378500
HPHHSZYR,code,L,70004641,CP,2006-01-07T17:20,2006-01-07T18:50,CDG,346378500
HPHHSZYR,code,L,70004642,CP,2006-01-07T19:30,2006-01-07T21:15,PUF,346378500
AIXRWBMU,code,L,70004518,FO,2006-01-07T07:55,2006-01-07T10:00,CFE,346378500
AIXRWBMU,code,L,70002584,FO,2006-01-07T12:30,2006-01-07T13:35,CDG,346378500
AIXRWBMU,code,L,70002585,FO,2006-01-07T14:55,2006-01-07T15:55,RNS,346378500
AIXRWBMU,code,L,70004641,FO,2006-01-07T17:20,2006-01-07T18:50,CDG,346378500
AIXRWBMU,code,L,70004642,FO,2006-01-07T19:30,2006-01-07T21:15,PUF,346378500
AZBAYHEE,code,L,70004518,CSD,2006-01-07T07:55,2006-01-07T10:00,CFE,346378500
AZBAYHEE,code,L,70002584,CSD,2006-01-07T12:30,2006-01-07T13:35,CDG,346378500
AZBAYHEE,code,L,70002585,CSD,2006-01-07T14:55,2006-01-07T15:55,RNS,346378500
AZBAYHEE,code,L,70004641,CSD,2006-01-07T17:20,2006-01-07T18:50,CDG,346378500
AZBAYHEE,code,L,70004642,CSD,2006-01-07T19:30,2006-01-07T21:15,PUF,346378500
BKRICVGA,code,L,70004518,ST,2006-01-07T07:55,2006-01-07T10:00,CFE,346378500
BKRICVGA,code,L,70002584,ST,2006-01-07T12:30,2006-01-07T13:35,CDG,346378500
BKRICVGA,code,L,70002585,ST,2006-01-07T14:55,2006-01-07T15:55,RNS,346378500
BKRICVGA,code,L,70004641,ST,2006-01-07T17:20,2006-01-07T18:50,CDG,346378500
BKRICVGA,code,L,70004642,ST,2006-01-07T19:30,2006-01-07T21:15,PUF,346378500
EGCOHEFT,code,L,70004518,ST,2006-01-07T07:55,2006-01-07T10:00,CFE,346378500
EGCOHEFT,code,L,70002584,ST,2006-01-07T12:30,2006-01-07T13:35,CDG,346378500
EGCOHEFT,code,L,70002585,ST,2006-01-07T14:55,2006-01-07T15:55,RNS,346378500
EGCOHEFT,code,L,70004641,ST,2006-01-07T17:20,2006-01-07T18:50,CDG,346378500
EGCOHEFT,code,L,70004642,ST,2006-01-07T19:30,2006-01-07T21:15,PUF,346378500
VGNFFDKG,code,L,70004518,ST,2006-01-07T07:55,2006-01-07T10:00,CFE,346378500
VGNFFDKG,code,L,70002584,ST,2006-01-07T12:30,2006-01-07T13:35,CDG,346378500
VGNFFDKG,code,L,70002585,ST,2006-01-07T14:55,2006-01-07T15:55,RNS,346378500
VGNFFDKG,code,L,70004641,ST,2006-01-07T17:20,2006-01-07T18:50,CDG,346378500
VGNFFDKG,code,L,70004642,ST,2006-01-07T19:30,2006-01-07T21:15,PUF,346378500
MZEWABUP,code,L,70004837,CP,2006-01-07T08:15,2006-01-07T10:35,SXB,178283218
MZEWABUP,code,L,70004838,CP,2006-01-07T11:15,2006-01-07T12:35,NCE,178283218
MZEWABUP,code,L,70002644,CP,2006-01-07T13:10,2006-01-07T14:10,SXB,178283218
MZEWABUP,code,L,70002643,CP,2006-01-07T15:00,2006-01-07T16:45,LYS,178283218
LJATIJPG,code,L,70004837,FO,2006-01-07T08:15,2006-01-07T10:35,SXB,178283218
LJATIJPG,code,L,70004838,FO,2006-01-07T11:15,2006-01-07T12:35,NCE,178283218
LJATIJPG,code,L,70002644,FO,2006-01-07T13:10,2006-01-07T14:10,SXB,178283218
LJATIJPG,code,L,70002643,FO,2006-01-07T15:00,2006-01-07T16:45,LYS,178283218
DHMRFPGF,code,L,70004837,CSD,2006-01-07T08:15,2006-01-07T10:35,SXB,178283218
DHMRFPGF,code,L,70004838,CSD,2006-01-07T11:15,2006-01-07T12:35,NCE,178283218
DHMRFPGF,code,L,70002644,CSD,2006-01-07T13:10,2006-01-07T14:10,SXB,178283218
DHMRFPGF,code,L,70002643,CSD,2006-01-07T15:00,2006-01-07T16:45,LYS,178283218
XICVHOFI,code,L,70004837,ST,2006-01-07T08:15,2006-01-07T10:35,SXB,178283218
XICVHOFI,code,L,70004838,ST,2006-01-07T11:15,2006-01-07T12:35,NCE,178283218
XICVHOFI,code,L,70002644,ST,2006-01-07T13:10,2006-01-07T14:10,SXB,178283218
XICVHOFI,code,L,70002643,ST,2006-01-07T15:00,2006-01-07T16:45,LYS,178283218
ZEWBNDYR,code,L,70004837,ST,2006-01-07T08:15,2006-01-07T10:35,SXB,178283218
ZEWBNDYR,code,L,70004838,ST,2006-01-07T11:15,2006-01-07T12:35,NCE,178283218
ZEWBNDYR,code,L,70002644,ST,2006-01-07T13:10,2006-01-07T14:10,SXB,178283218
ZEWBNDYR,code,L,70002643,ST,2006-01-07T15:00,2006-01-07T16:45,LYS,178283218
VJDJMZBP,code,L,70004837,ST,2006-01-07T08:15,2006-01-07T10:35,SXB,178283218
VJDJMZBP,code,L,70004838,ST,2006-01-07T11:15,2006-01-07T12:35,NCE,178283218
VJDJMZBP,code,L,70002644,ST,2006-01-07T13:10,2006-01-07T14:10,SXB,178283218
VJDJMZBP,code,L,70002643,ST,2006-01-07T15:00,2006-01-07T16:45,LYS,178283218
XSVLZQKZ,code,L,70004268,CP,2006-01-07T08:30,2006-01-07T10:35,LYS,190797265
XSVLZQKZ,code,L,70004273,CP,2006-01-07T11:20,2006-01-07T12:25,ORY,190797265
XSVLZQKZ,code,L,70004272,CP,2006-01-07T13:10,2006-01-07T14:15,LYS,190797265
XSVLZQKZ,code,L,70004279,CP,2006-01-07T15:00,2006-01-07T16:05,ORY,190797265
XSVLZQKZ,code,L,70004274,CP,2006-01-07T16:50,2006-01-07T17:55,LYS,190797265
XSVLZQKZ,code,L,70004275,CP,2006-01-07T18:40,2006-01-07T20:30,ORY,190797265
DJLRSHQW,code,L,70004268,FO,2006-01-07T08:30,2006-01-07T10:35,LYS,190797265
DJLRSHQW,code,L,70004273,FO,2006-01-07T11:20,2006-01-07T12:25,ORY,190797265
DJLRSHQW,code,L,70004272,FO,2006-01-07T13:10,2006-01-07T14:15,LYS,190797265
DJLRSHQW,code,L,70004279,FO,2006-01-07T15:00,2006-01-07T16:05,ORY,190797265
DJLRSHQW,code,L,70004274,FO,2006-01-07T16:50,2006-01-07T17:55,LYS,190797265
DJLRSHQW,code,L,70004275,FO,2006-01-07T18:40,2006-01-07T20:30,ORY,190797265
EGWAUTFC,code,L,70004268,CSD,2006-01-07T08:30,2006-01-07T10:35,LYS,190797265
EGWAUTFC,code,L,70004273,CSD,2006-01-07T11:20,2006-01-07T12:25,ORY,190797265
EGWAUTFC,code,L,70004272,CSD,2006-01-07T13:10,2006-01-07T14:15,LYS,190797265
EGWAUTFC,code,L,70004279,CSD,2006-01-07T15:00,2006-01-07T16:05,ORY,190797265
EGWAUTFC,code,L,70004274,CSD,2006-01-07T16:50,2006-01-07T17:55,LYS,190797265
EGWAUTFC,code,L,70004275,CSD,2006-01-07T18:40,2006-01-07T20:30,ORY,190797265
OPALSPKZ,code,L,70004268,CSD,2006-01-07T08:30,2006-01-07T10:35,LYS,190797265
OPALSPKZ,code,L,70004273,CSD,2006-01-07T11:20,2006-01-07T12:25,ORY,190797265
OPALSPKZ,code,L,70004272,CSD,2006-01-07T13:10,2006-01-07T14:15,LYS,190797265
OPALSPKZ,code,L,70004279,CSD,2006-01-07T15:00,2006-01-07T16:05,ORY,190797265
OPALSPKZ,code,L,70004274,CSD,2006-01-07T16:50,2006-01-07T17:55,LYS,190797265
OPALSPKZ,code,L,70004275,CSD,2006-01-07T18:40,2006-01-07T20:30,ORY,190797265
HPJBFKZW,code,L,70004268,ST,2006-01-07T08:30,2006-01-07T10:35,LYS,190797265
HPJBFKZW,code,L,70004273,ST,2006-01-07T11:20,2006-01-07T12:25,ORY,190797265
HPJBFKZW,code,L,70004272,ST,2006-01-07T13:10,2006-01-07T14:15,LYS,190797265
HPJBFKZW,code,L,70004279,ST,2006-01-07T15:00,2006-01-07T16:05,ORY,190797265
HPJBFKZW,code,L,70004274,ST,2006-01-07T16:50,2006-01-07T17:55,LYS,190797265
HPJBFKZW,code,L,70004275,ST,2006-01-07T18:40,2006-01-07T20:30,ORY,190797265
DDWSGPCO,code,L,70004268,ST,2006-01-07T08:30,2006-01-07T10:35,LYS,190797265
DDWSGPCO,code,L,70004273,ST,2006-01-07T11:20,2006-01-07T12:25,ORY,190797265
DDWSGPCO,code,L,70004272,ST,2006-01-07T13:10,2006-01-07T14:15,LYS,190797265
DDWSGPCO,code,L,70004279,ST,2006-01-07T15:00,2006-01-07T16:05,ORY,190797265
DDWSGPCO,code,L,70004274,ST,2006-01-07T16:50,2006-01-07T17:55,LYS,190797265
DDWSGPCO,code,L,70004275,ST,2006-01-07T18:40,2006-01-07T20:30,ORY,190797265
HTPFVNZL,code,L,70004268,ST,2006-01-07T08:30,2006-01-07T10:35,LYS,190797265
HTPFVNZL,code,L,70004273,ST,2006-01-07T11:20,2006-01-07T12:25,ORY,190797265
HTPFVNZL,code,L,70004272,ST,2006-01-07T13:10,2006-01-07T14:15,LYS,190797265
HTPFVNZL,code,L,70004279,ST,2006-01-07T15:00,2006-01-07T16:05,ORY,190797265
HTPFVNZL,code,L,70004274,ST,2006-01-07T16:50,2006-01-07T17:55,LYS,190797265
HTPFVNZL,code,L,70004275,ST,2006-01-07T18:40,2006-01-07T20:30,ORY,190797265
YMVFFXLA,code,L,70004268,ST,2006-01-07T08:30,2006-01-07T10:35,LYS,190797265
YMVFFXLA,code,L,70004273,ST,2006-01-07T11:20,2006-01-07T12:25,ORY,190797265
YMVFFXLA,code,L,70004272,ST,2006-01-07T13:10,2006-01-07T14:15,LYS,190797265
YMVFFXLA,code,L,70004279,ST,2006-01-07T15:00,2006-01-07T16:05,ORY,190797265
YMVFFXLA,code,L,70004274,ST,2006-01-07T16:50,2006-01-07T17:55,LYS,190797265
YMVFFXLA,code,L,70004275,ST,2006-01-07T18:40,2006-01-07T20:30,ORY,190797265
JPHWTGBH,code,L,70004268,ST,2006-01-07T08:30,2006-01-07T10:35,LYS,190797265
JPHWTGBH,code,L,70004273,ST,2006-01-07T11:20,2006-01-07T12:25,ORY,190797265
JPHWTGBH,code,L,70004272,ST,2006-01-07T13:10,2006-01-07T14:15,LYS,190797265
JPHWTGBH,code,L,70004279,ST,2006-01-07T15:00,2006-01-07T16:05,ORY,190797265
JPHWTGBH,code,L,70004274,ST,2006-01-07T16:50,2006-01-07T17:55,LYS,190797265
JPHWTGBH,code,L,70004275,ST,2006-01-07T18:40,2006-01-07T20:30,ORY,190797265
LVTCVVWA,code,L,70004268,ST,2006-01-07T08:30,2006-01-07T10:35,LYS,190797265
LVTCVVWA,code,L,70004273,ST,2006-01-07T11:20,2006-01-07T12:25,ORY,190797265
LVTCVVWA,code,L,70004272,ST,2006-01-07T13:10,2006-01-07T14:15,LYS,190797265
LVTCVVWA,code,L,70004279,ST,2006-01-07T15:00,2006-01-07T16:05,ORY,190797265
LVTCVVWA,code,L,70004274,ST,2006-01-07T16:50,2006-01-07T17:55,LYS,190797265
LVTCVVWA,code,L,70004275,ST,2006-01-07T18:40,2006-01-07T20:30,ORY,190797265
IYVCYVSQ,code,L,70004658,CP,2006-01-07T08:35,2006-01-07T11:05,TLS,1839244181
IYVCYVSQ,code,L,70004657,CP,2006-01-07T11:55,2006-01-07T13:20,CDG,1839244181
IYVCYVSQ,code,L,70004650,CP,2006-01-07T15:00,2006-01-07T16:30,TLS,1839244181
IYVCYVSQ,code,L,70004651,CP,2006-01-07T17:25,2006-01-07T19:35,CDG,1839244181
YEXOMLEU,code,L,70004658,FO,2006-01-07T08:35,2006-01-07T11:05,TLS,1839244181
YEXOMLEU,code,L,70004657,FO,2006-01-07T11:55,2006-01-07T13:20,CDG,1839244181
YEXOMLEU,code,L,70004650,FO,2006-01-07T15:00,2006-01-07T16:30,TLS,1839244181
YEXOMLEU,code,L,70004651,FO,2006-01-07T17:25,2006-01-07T19:35,CDG,1839244181
IFRWSZGA,code,L,70004658,CSD,2006-01-07T08:35,2006-01-07T11:05,TLS,1839244181
IFRWSZGA,code,L,70004657,CSD,2006-01-07T11:55,2006-01-07T13:20,CDG,1839244181
IFRWSZGA,code,L,70004650,CSD,2006-01-07T15:00,2006-01-07T16:30,TLS,1839244181
IFRWSZGA,code,L,70004651,CSD,2006-01-07T17:25,2006-01-07T19:35,CDG,1839244181
YXDZKLUG,code,L,70004658,CSD,2006-01-07T08:35,2006-01-07T11:05,TLS,1839244181
YXDZKLUG,code,L,70004657,CSD,2006-01-07T11:55,2006-01-07T13:20,CDG,1839244181
YXDZKLUG,code,L,70004650,CSD,2006-01-07T15:00,2006-01-07T16:30,TLS,1839244181
YXDZKLUG,code,L,70004651,CSD,2006-01-07T17:25,2006-01-07T19:35,CDG,1839244181
ODGDNDVL,code,L,70004658,ST,2006-01-07T08:35,2006-01-07T11:05,TLS,1839244181
ODGDNDVL,code,L,70004657,ST,2006-01-07T11:55,2006-01-07T13:20,CDG,1839244181
ODGDNDVL,code,L,70004650,ST,2006-01-07T15:00,2006-01-07T16:30,TLS,1839244181
ODGDNDVL,code,L,70004651,ST,2006-01-07T17:25,2006-01-07T19:35,CDG,1839244181
ZFMRTNWQ,code,L,70004658,ST,2006-01-07T08:35,2006-01-07T11:05,TLS,1839244181
ZFMRTNWQ,code,L,70004657,ST,2006-01-07T11:55,2006-01-07T13:20,CDG,1839244181
ZFMRTNWQ,code,L,70004650,ST,2006-01-07T15:00,2006-01-07T16:30,TLS,1839244181
ZFMRTNWQ,code,L,70004651,ST,2006-01-07T17:25,2006-01-07T19:35,CDG,1839244181
VZZSXBMD,code,L,70004658,ST,2006-01-07T08:35,2006-01-07T11:05,TLS,1839244181
VZZSXBMD,code,L,70004657,ST,2006-01-07T11:55,2006-01-07T13:20,CDG,1839244181
VZZSXBMD,code,L,70004650,ST,2006-01-07T15:00,2006-01-07T16:30,TLS,1839244181
VZZSXBMD,code,L,70004651,ST,2006-01-07T17:25,2006-01-07T19:35,CDG,1839244181
NQPFWQQM,code,L,70004658,ST,2006-01-07T08:35,2006-01-07T11:05,TLS,1839244181
NQPFWQQM,code,L,70004657,ST,2006-01-07T11:55,2006-01-07T13:20,CDG,1839244181
NQPFWQQM,code,L,70004650,ST,2006-01-07T15:00,2006-01-07T16:30,TLS,1839244181
NQPFWQQM,code,L,70004651,ST,2006-01-07T17:25,2006-01-07T19:35,CDG,1839244181
NEGHGMNM,code,L,70004658,ST,2006-01-07T08:35,2006-01-07T11:05,TLS,1839244181
NEGHGMNM,code,L,70004657,ST,2006-01-07T11:55,2006-01-07T13:20,CDG,1839244181
NEGHGMNM,code,L,70004650,ST,2006-01-07T15:00,2006-01-07T16:30,TLS,1839244181
NEGHGMNM,code,L,70004651,ST,2006-01-07T17:25,2006-01-07T19:35,CDG,1839244181
RKLNLDIZ,code,L,70004658,ST,2006-01-07T08:35,2006-01-07T11:05,TLS,1839244181
RKLNLDIZ,code,L,70004657,ST,2006-01-07T11:55,2006-01-07T13:20,CDG,1839244181
RKLNLDIZ,code,L,70004650,ST,2006-01-07T15:00,2006-01-07T16:30,TLS,1839244181
RKLNLDIZ,code,L,70004651,ST,2006-01-07T17:25,2006-01-07T19:35,CDG,1839244181
CMUYHWGO,code,L,70002980,CP,2006-01-07T08:40,2006-01-07T11:00,TLS,182621155
CMUYHWGO,code,L,70002983,CP,2006-01-07T11:50,2006-01-07T13:00,ORY,182621155
CMUYHWGO,code,L,70002988,CP,2006-01-07T13:40,2006-01-07T15:00,TLS,182621155
CMUYHWGO,code,L,70002995,CP,2006-01-07T15:50,2006-01-07T17:00,ORY,182621155
CMUYHWGO,code,L,70003004,CP,2006-01-07T17:40,2006-01-07T19:00,TLS,182621155
CMUYHWGO,code,L,70003011,CP,2006-01-07T19:50,2006-01-07T21:45,ORY,182621155
LXXEXQJE,code,L,70002980,FO,2006-01-07T08:40,2006-01-07T11:00,TLS,182621155
LXXEXQJE,code,L,70002983,FO,2006-01-07T11:50,2006-01-07T13:00,ORY,182621155
LXXEXQJE,code,L,70002988,FO,2006-01-07T13:40,2006-01-07T15:00,TLS,182621155
LXXEXQJE,code,L,70002995,FO,2006-01-07T15:50,2006-01-07T17:00,ORY,182621155
LXXEXQJE,code,L,70003004,FO,2006-01-07T17:40,2006-01-07T19:00,TLS,182621155
LXXEXQJE,code,L,70003011,FO,2006-01-07T19:50,2006-01-07T21:45,ORY,182621155
SHFKINNN,code,L,70002980,CSD,2006-01-07T08:40,2006-01-07T11:00,TLS,182621155
SHFKINNN,code,L,70002983,CSD,2006-01-07T11:50,2006-01-07T13:00,ORY,182621155
SHFKINNN,code,L,70002988,CSD,2006-01-07T13:40,2006-01-07T15:00,TLS,182621155
SHFKINNN,code,L,70002995,CSD,2006-01-07T15:50,2006-01-07T17:00,ORY,182621155
SHFKINNN,code,L,70003004,CSD,2006-01-07T17:40,2006-01-07T19:00,TLS,182621155
SHFKINNN,code,L,70003011,CSD,2006-01-07T19:50,2006-01-07T21:45,ORY,182621155
TWQEWDDC,code,L,70002980,CSD,2006-01-07T08:40,2006-01-07T11:00,TLS,182621155
TWQEWDDC,code,L,70002983,CSD,2006-01-07T11:50,2006-01-07T13:00,ORY,182621155
TWQEWDDC,code,L,70002988,CSD,2006-01-07T13:40,2006-01-07T15:00,TLS,182621155
TWQEWDDC,code,L,70002995,CSD,2006-01-07T15:50,2006-01-07T17:00,ORY,182621155
TWQEWDDC,code,L,70003004,CSD,2006-01-07T17:40,2006-01-07T19:00,TLS,182621155
TWQEWDDC,code,L,70003011,CSD,2006-01-07T19:50,2006-01-07T21:45,ORY,182621155
AHKDKCOO,code,L,70002980,ST,2006-01-07T08:40,2006-01-07T11:00,TLS,182621155
AHKDKCOO,code,L,70002983,ST,2006-01-07T11:50,2006-01-07T13:00,ORY,182621155
AHKDKCOO,code,L,70002988,ST,2006-01-07T13:40,2006-01-07T15:00,TLS,182621155
AHKDKCOO,code,L,70002995,ST,2006-01-07T15:50,2006-01-07T17:00,ORY,182621155
AHKDKCOO,code,L,70003004,ST,2006-01-07T17:40,2006-01-07T19:00,TLS,182621155
AHKDKCOO,code,L,70003011,ST,2006-01-07T19:50,2006-01-07T21:45,ORY,182621155
SSTGRUPP,code,L,70002980,ST,2006-01-07T08:40,2006-01-07T11:00,TLS,182621155
SSTGRUPP,code,L,70002983,ST,2006-01-07T11:50,2006-01-07T13:00,ORY,182621155
SSTGRUPP,code,L,70002988,ST,2006-01-07T13:40,2006-01-07T15:00,TLS,182621155
SSTGRUPP,code,L,70002995,ST,2006-01-07T15:50,2006-01-07T17:00,ORY,182621155
SSTGRUPP,code,L,70003004,ST,2006-01-07T17:40,2006-01-07T19:00,TLS,182621155
SSTGRUPP,code,L,70003011,ST,2006-01-07T19:50,2006-01-07T21:45,ORY,182621155
AJWNOBGE,code,L,70002980,ST,2006-01-07T08:40,2006-01-07T11:00,TLS,182621155
AJWNOBGE,code,L,70002983,ST,2006-01-07T11:50,2006-01-07T13:00,ORY,182621155
AJWNOBGE,code,L,70002988,ST,2006-01-07T13:40,2006-01-07T15:00,TLS,182621155
AJWNOBGE,code,L,70002995,ST,2006-01-07T15:50,2006-01-07T17:00,ORY,182621155
AJWNOBGE,code,L,70003004,ST,2006-01-07T17:40,2006-01-07T19:00,TLS,182621155
AJWNOBGE,code,L,70003011,ST,2006-01-07T19:50,2006-01-07T21:45,ORY,182621155
BJHXRBMF,code,L,70002980,ST,2006-01-07T08:40,2006-01-07T11:00,TLS,182621155
BJHXRBMF,code,L,70002983,ST,2006-01-07T11:50,2006-01-07T13:00,ORY,182621155
BJHXRBMF,code,L,70002988,ST,2006-01-07T13:40,2006-01-07T15:00,TLS,182621155
BJHXRBMF,code,L,70002995,ST,2006-01-07T15:50,2006-01-07T17:00,ORY,182621155
BJHXRBMF,code,L,70003004,ST,2006-01-07T17:40,2006-01-07T19:00,TLS,182621155
BJHXRBMF,code,L,70003011,ST,2006-01-07T19:50,2006-01-07T21:45,ORY,182621155
QPKTYNWO,code,L,70002980,ST,2006-01-07T08:40,2006-01-07T11:00,TLS,182621155
QPKTYNWO,code,L,70002983,ST,2006-01-07T11:50,2006-01-07T13:00,ORY,182621155
QPKTYNWO,code,L,70002988,ST,2006-01-07T13:40,2006-01-07T15:00,TLS,182621155
QPKTYNWO,code,L,70002995,ST,2006-01-07T15:50,2006-01-07T17:00,ORY,182621155
QPKTYNWO,code,L,70003004,ST,2006-01-07T17:40,2006-01-07T19:00,TLS,182621155
QPKTYNWO,code,L,70003011,ST,2006-01-07T19:50,2006-01-07T21:45,ORY,182621155
TRZLJJWC,code,L,70002980,ST,2006-01-07T08:40,2006-01-07T11:00,TLS,182621155
TRZLJJWC,code,L,70002983,ST,2006-01-07T11:50,2006-01-07T13:00,ORY,182621155
TRZLJJWC,code,L,70002988,ST,2006-01-07T13:40,2006-01-07T15:00,TLS,182621155
TRZLJJWC,code,L,70002995,ST,2006-01-07T15:50,2006-01-07T17:00,ORY,182621155
TRZLJJWC,code,L,70003004,ST,2006-01-07T17:40,2006-01-07T19:00,TLS,182621155
TRZLJJWC,code,L,70003011,ST,2006-01-07T19:50,2006-01-07T21:45,ORY,182621155
HGBMQPEQ,code,L,70002795,CP,2006-01-07T08:45,2006-01-07T10:50,LRT,1020019581
HGBMQPEQ,code,L,70002796,CP,2006-01-07T12:10,2006-01-07T13:15,ORY,1020019581
HGBMQPEQ,code,L,70002797,CP,2006-01-07T14:00,2006-01-07T15:05,LRT,1020019581
HGBMQPEQ,code,L,70002525,CP,2006-01-07T16:35,2006-01-07T18:20,ORY,1020019581
VNPTKLDG,code,L,70002795,FO,2006-01-07T08:45,2006-01-07T10:50,LRT,1020019581
VNPTKLDG,code,L,70002796,FO,2006-01-07T12:10,2006-01-07T13:15,ORY,1020019581
VNPTKLDG,code,L,70002797,FO,2006-01-07T14:00,2006-01-07T15:05,LRT,1020019581
VNPTKLDG,code,L,70002525,FO,2006-01-07T16:35,2006-01-07T18:20,ORY,1020019581
KQYRQOYJ,code,L,70002795,CS,2006-01-07T08:45,2006-01-07T10:50,LRT,1020019581
KQYRQOYJ,code,L,70002796,CS,2006-01-07T12:10,2006-01-07T13:15,ORY,1020019581
KQYRQOYJ,code,L,70002797,CS,2006-01-07T14:00,2006-01-07T15:05,LRT,1020019581
KQYRQOYJ,code,L,70002525,CS,2006-01-07T16:35,2006-01-07T18:20,ORY,1020019581
NLAFMJPO,code,L,70002795,ST,2006-01-07T08:45,2006-01-07T10:50,LRT,1020019581
NLAFMJPO,code,L,70002796,ST,2006-01-07T12:10,2006-01-07T13:15,ORY,1020019581
NLAFMJPO,code,L,70002797,ST,2006-01-07T14:00,2006-01-07T15:05,LRT,1020019581
NLAFMJPO,code,L,70002525,ST,2006-01-07T16:35,2006-01-07T18:20,ORY,1020019581
WPKGLBIN,code,L,70002795,ST,2006-01-07T08:45,2006-01-07T10:50,LRT,1020019581
WPKGLBIN,code,L,70002796,ST,2006-01-07T12:10,2006-01-07T13:15,ORY,1020019581
WPKGLBIN,code,L,70002797,ST,2006-01-07T14:00,2006-01-07T15:05,LRT,1020019581
WPKGLBIN,code,L,70002525,ST,2006-01-07T16:35,2006-01-07T18:20,ORY,1020019581
JCQSRRBP,code,L,70004638,CP,2006-01-07T08:45,2006-01-07T11:15,PUF,2138614433
JCQSRRBP,code,L,70004585,CP,2006-01-07T13:00,2006-01-07T14:05,CDG,2138614433
JCQSRRBP,code,L,70004586,CP,2006-01-07T15:15,2006-01-07T16:20,NTE,2138614433
JCQSRRBP,code,L,70004637,CP,2006-01-07T20:10,2006-01-07T22:20,CDG,2138614433
MBYUNUIW,code,L,70004638,FO,2006-01-07T08:45,2006-01-07T11:15,PUF,2138614433
MBYUNUIW,code,L,70004585,FO,2006-01-07T13:00,2006-01-07T14:05,CDG,2138614433
MBYUNUIW,code,L,70004586,FO,2006-01-07T15:15,2006-01-07T16:20,NTE,2138614433
MBYUNUIW,code,L,70004637,FO,2006-01-07T20:10,2006-01-07T22:20,CDG,2138614433
EDFTYGFY,code,L,70004638,CSD,2006-01-07T08:45,2006-01-07T11:15,PUF,2138614433
EDFTYGFY,code,L,70004585,CSD,2006-01-07T13:00,2006-01-07T14:05,CDG,2138614433
EDFTYGFY,code,L,70004586,CSD,2006-01-07T15:15,2006-01-07T16:20,NTE,2138614433
EDFTYGFY,code,L,70004637,CSD,2006-01-07T20:10,2006-01-07T22:20,CDG,2138614433
LNFZYZZY,code,L,70004638,ST,2006-01-07T08:45,2006-01-07T11:15,PUF,2138614433
LNFZYZZY,code,L,70004585,ST,2006-01-07T13:00,2006-01-07T14:05,CDG,2138614433
LNFZYZZY,code,L,70004586,ST,2006-01-07T15:15,2006-01-07T16:20,NTE,2138614433
LNFZYZZY,code,L,70004637,ST,2006-01-07T20:10,2006-01-07T22:20,CDG,2138614433
HZJJIJJG,code,L,70004638,ST,2006-01-07T08:45,2006-01-07T11:15,PUF,2138614433
HZJJIJJG,code,L,70004585,ST,2006-01-07T13:00,2006-01-07T14:05,CDG,2138614433
HZJJIJJG,code,L,70004586,ST,2006-01-07T15:15,2006-01-07T16:20,NTE,2138614433
HZJJIJJG,code,L,70004637,ST,2006-01-07T20:10,2006-01-07T22:20,CDG,2138614433
PJGDXGNW,code,L,70004638,ST,2006-01-07T08:45,2006-01-07T11:15,PUF,2138614433
PJGDXGNW,code,L,70004585,ST,2006-01-07T13:00,2006-01-07T14:05,CDG,2138614433
PJGDXGNW,code,L,70004586,ST,2006-01-07T15:15,2006-01-07T16:20,NTE,2138614433
PJGDXGNW,code,L,70004637,ST,2006-01-07T20:10,2006-01-07T22:20,CDG,2138614433
BBPUIBOP,code,L,70004298,CP,2006-01-07T08:50,2006-01-07T10:45,CFE,237820880
BBPUIBOP,code,L,70004229,CP,2006-01-07T11:15,2006-01-07T12:25,ORY,237820880
BBPUIBOP,code,L,70004232,CP,2006-01-07T13:05,2006-01-07T14:20,BES,237820880
BBPUIBOP,code,L,70004301,CP,2006-01-07T16:55,2006-01-07T18:35,ORY,237820880
OPYBZXIE,code,L,70004298,FO,2006-01-07T08:50,2006-01-07T10:45,CFE,237820880
OPYBZXIE,code,L,70004229,FO,2006-01-07T11:15,2006-01-07T12:25,ORY,237820880
OPYBZXIE,code,L,70004232,FO,2006-01-07T13:05,2006-01-07T14:20,BES,237820880
OPYBZXIE,code,L,70004301,FO,2006-01-07T16:55,2006-01-07T18:35,ORY,237820880
PFKRDQIO,code,L,70004298,CSD,2006-01-07T08:50,2006-01-07T10:45,CFE,237820880
PFKRDQIO,code,L,70004229,CSD,2006-01-07T11:15,2006-01-07T12:25,ORY,237820880
PFKRDQIO,code,L,70004232,CSD,2006-01-07T13:05,2006-01-07T14:20,BES,237820880
PFKRDQIO,code,L,70004301,CSD,2006-01-07T16:55,2006-01-07T18:35,ORY,237820880
ZKCKJRTW,code,L,70004298,CSD,2006-01-07T08:50,2006-01-07T10:45,CFE,237820880
ZKCKJRTW,code,L,70004229,CSD,2006-01-07T11:15,2006-01-07T12:25,ORY,237820880
ZKCKJRTW,code,L,70004232,CSD,2006-01-07T13:05,2006-01-07T14:20,BES,237820880
ZKCKJRTW,code,L,70004301,CSD,2006-01-07T16:55,2006-01-07T18:35,ORY,237820880
CGSUPPLE,code,L,70004298,ST,2006-01-07T08:50,2006-01-07T10:45,CFE,237820880
CGSUPPLE,code,L,70004229,ST,2006-01-07T11:15,2006-01-07T12:25,ORY,237820880
CGSUPPLE,code,L,70004232,ST,2006-01-07T13:05,2006-01-07T14:20,BES,237820880
CGSUPPLE,code,L,70004301,ST,2006-01-07T16:55,2006-01-07T18:35,ORY,237820880
DLNWKHTW,code,L,70004298,ST,2006-01-07T08:50,2006-01-07T10:45,CFE,237820880
DLNWKHTW,code,L,70004229,ST,2006-01-07T11:15,2006-01-07T12:25,ORY,237820880
DLNWKHTW,code,L,70004232,ST,2006-01-07T13:05,2006-01-07T14:20,BES,237820880
DLNWKHTW,code,L,70004301,ST,2006-01-07T16:55,2006-01-07T18:35,ORY,237820880
IZJNSUDS,code,L,70004298,ST,2006-01-07T08:50,2006-01-07T10:45,CFE,237820880
IZJNSUDS,code,L,70004229,ST,2006-01-07T11:15,2006-01-07T12:25,ORY,237820880
IZJNSUDS,code,L,70004232,ST,2006-01-07T13:05,2006-01-07T14:20,BES,237820880
IZJNSUDS,code,L,70004301,ST,2006-01-07T16:55,2006-01-07T18:35,ORY,237820880
DEDHXQXP,code,L,70004298,ST,2006-01-07T08:50,2006-01-07T10:45,CFE,237820880
DEDHXQXP,code,L,70004229,ST,2006-01-07T11:15,2006-01-07T12:25,ORY,237820880
DEDHXQXP,code,L,70004232,ST,2006-01-07T13:05,2006-01-07T14:20,BES,237820880
DEDHXQXP,code,L,70004301,ST,2006-01-07T16:55,2006-01-07T18:35,ORY,237820880
OFTXBZFJ,code,L,70004298,ST,2006-01-07T08:50,2006-01-07T10:45,CFE,237820880
OFTXBZFJ,code,L,70004229,ST,2006-01-07T11:15,2006-01-07T12:25,ORY,237820880
OFTXBZFJ,code,L,70004232,ST,2006-01-07T13:05,2006-01-07T14:20,BES,237820880
OFTXBZFJ,code,L,70004301,ST,2006-01-07T16:55,2006-01-07T18:35,ORY,237820880
YHRBSUUB,code,L,70004298,ST,2006-01-07T08:50,2006-01-07T10:45,CFE,237820880
YHRBSUUB,code,L,70004229,ST,2006-01-07T11:15,2006-01-07T12:25,ORY,237820880
YHRBSUUB,code,L,70004232,ST,2006-01-07T13:05,2006-01-07T14:20,BES,237820880
YHRBSUUB,code,L,70004301,ST,2006-01-07T16:55,2006-01-07T18:35,ORY,237820880
SJXRNUIN,code,L,70004408,CP,2006-01-07T08:50,2006-01-07T11:10,MPL,1507096884
SJXRNUIN,code,L,70004411,CP,2006-01-07T12:15,2006-01-07T13:30,ORY,1507096884
SJXRNUIN,code,L,70004412,CP,2006-01-07T14:20,2006-01-07T15:40,MPL,1507096884
SJXRNUIN,code,L,70004415,CP,2006-01-07T16:15,2006-01-07T17:30,ORY,1507096884
SJXRNUIN,code,L,70004416,CP,2006-01-07T18:20,2006-01-07T19:40,MPL,1507096884
SJXRNUIN,code,L,70004421,CP,2006-01-07T20:15,2006-01-07T22:15,ORY,1507096884
MQVIPHYS,code,L,70004408,FO,2006-01-07T08:50,2006-01-07T11:10,MPL,1507096884
MQVIPHYS,code,L,70004411,FO,2006-01-07T12:15,2006-01-07T13:30,ORY,1507096884
MQVIPHYS,code,L,70004412,FO,2006-01-07T14:20,2006-01-07T15:40,MPL,1507096884
MQVIPHYS,code,L,70004415,FO,2006-01-07T16:15,2006-01-07T17:30,ORY,1507096884
MQVIPHYS,code,L,70004416,FO,2006-01-07T18:20,2006-01-07T19:40,MPL,1507096884
MQVIPHYS,code,L,70004421,FO,2006-01-07T20:15,2006-01-07T22:15,ORY,1507096884
WLGIQQXD,code,L,70004408,CSD,2006-01-07T08:50,2006-01-07T11:10,MPL,1507096884
WLGIQQXD,code,L,70004411,CSD,2006-01-07T12:15,2006-01-07T13:30,ORY,1507096884
WLGIQQXD,code,L,70004412,CSD,2006-01-07T14:20,2006-01-07T15:40,MPL,1507096884
WLGIQQXD,code,L,70004415,CSD,2006-01-07T16:15,2006-01-07T17:30,ORY,1507096884
WLGIQQXD,code,L,70004416,CSD,2006-01-07T18:20,2006-01-07T19:40,MPL,1507096884
WLGIQQXD,code,L,70004421,CSD,2006-01-07T20:15,2006-01-07T22:15,ORY,1507096884
VNWIEURC,code,L,70004408,CSD,2006-01-07T08:50,2006-01-07T11:10,MPL,1507096884
VNWIEURC,code,L,70004411,CSD,2006-01-07T12:15,2006-01-07T13:30,ORY,1507096884
VNWIEURC,code,L,70004412,CSD,2006-01-07T14:20,2006-01-07T15:40,MPL,1507096884
VNWIEURC,code,L,70004415,CSD,2006-01-07T16:15,2006-01-07T17:30,ORY,1507096884
VNWIEURC,code,L,70004416,CSD,2006-01-07T18:20,2006-01-07T19:40,MPL,1507096884
VNWIEURC,code,L,70004421,CSD,2006-01-07T20:15,2006-01-07T22:15,ORY,1507096884
QQKLYRIC,code,L,70004408,ST,2006-01-07T08:50,2006-01-07T11:10,MPL,1507096884
QQKLYRIC,code,L,70004411,ST,2006-01-07T12:15,2006-01-07T13:30,ORY,1507096884
QQKLYRIC,code,L,70004412,ST,2006-01-07T14:20,2006-01-07T15:40,MPL,1507096884
QQKLYRIC,code,L,70004415,ST,2006-01-07T16:15,2006-01-07T17:30,ORY,1507096884
QQKLYRIC,code,L,70004416,ST,2006-01-07T18:20,2006-01-07T19:40,MPL,1507096884
QQKLYRIC,code,L,70004421,ST,2006-01-07T20:15,2006-01-07T22:15,ORY,1507096884
DYBPRVIC,code,L,70004408,ST,2006-01-07T08:50,2006-01-07T11:10,MPL,1507096884
DYBPRVIC,code,L,70004411,ST,2006-01-07T12:15,2006-01-07T13:30,ORY,1507096884
DYBPRVIC,code,L,70004412,ST,2006-01-07T14:20,2006-01-07T15:40,MPL,1507096884
DYBPRVIC,code,L,70004415,ST,2006-01-07T16:15,2006-01-07T17:30,ORY,1507096884
DYBPRVIC,code,L,70004416,ST,2006-01-07T18:20,2006-01-07T19:40,MPL,1507096884
DYBPRVIC,code,L,70004421,ST,2006-01-07T20:15,2006-01-07T22:15,ORY,1507096884
JDLDQCVQ,code,L,70004408,ST,2006-01-07T08:50,2006-01-07T11:10,MPL,1507096884
JDLDQCVQ,code,L,70004411,ST,2006-01-07T12:15,2006-01-07T13:30,ORY,1507096884
JDLDQCVQ,code,L,70004412,ST,2006-01-07T14:20,2006-01-07T15:40,MPL,1507096884
JDLDQCVQ,code,L,70004415,ST,2006-01-07T16:15,2006-01-07T17:30,ORY,1507096884
JDLDQCVQ,code,L,70004416,ST,2006-01-07T18:20,2006-01-07T19:40,MPL,1507096884
JDLDQCVQ,code,L,70004421,ST,2006-01-07T20:15,2006-01-07T22:15,ORY,1507096884
XFPMPTMD,code,L,70004408,ST,2006-01-07T08:50,2006-01-07T11:10,MPL,1507096884
XFPMPTMD,code,L,70004411,ST,2006-01-07T12:15,2006-01-07T13:30,ORY,1507096884
XFPMPTMD,code,L,70004412,ST,2006-01-07T14:20,2006-01-07T15:40,MPL,1507096884
XFPMPTMD,code,L,70004415,ST,2006-01-07T16:15,2006-01-07T17:30,ORY,1507096884
XFPMPTMD,code,L,70004416,ST,2006-01-07T18:20,2006-01-07T19:40,MPL,1507096884
XFPMPTMD,code,L,70004421,ST,2006-01-07T20:15,2006-01-07T22:15,ORY,1507096884
TRPHFBYY,code,L,70004408,ST,2006-01-07T08:50,2006-01-07T11:10,MPL,1507096884
TRPHFBYY,code,L,70004411,ST,2006-01-07T12:15,2006-01-07T13:30,ORY,1507096884
TRPHFBYY,code,L,70004412,ST,2006-01-07T14:20,2006-01-07T15:40,MPL,1507096884
TRPHFBYY,code,L,70004415,ST,2006-01-07T16:15,2006-01-07T17:30,ORY,1507096884
TRPHFBYY,code,L,70004416,ST,2006-01-07T18:20,2006-01-07T19:40,MPL,1507096884
TRPHFBYY,code,L,70004421,ST,2006-01-07T20:15,2006-01-07T22:15,ORY,1507096884
YOILTPXL,code,L,70004408,ST,2006-01-07T08:50,2006-01-07T11:10,MPL,1507096884
YOILTPXL,code,L,70004411,ST,2006-01-07T12:15,2006-01-07T13:30,ORY,1507096884
YOILTPXL,code,L,70004412,ST,2006-01-07T14:20,2006-01-07T15:40,MPL,1507096884
YOILTPXL,code,L,70004415,ST,2006-01-07T16:15,2006-01-07T17:30,ORY,1507096884
YOILTPXL,code,L,70004416,ST,2006-01-07T18:20,2006-01-07T19:40,MPL,1507096884
YOILTPXL,code,L,70004421,ST,2006-01-07T20:15,2006-01-07T22:15,ORY,1507096884
UJPETEWG,code,L,70004526,CP,2006-01-07T08:50,2006-01-07T11:20,MRS,1127983490
UJPETEWG,code,L,70004533,CP,2006-01-07T20:20,2006-01-07T22:30,CDG,1127983490
WERKDOOH,code,L,70004526,FO,2006-01-07T08:50,2006-01-07T11:20,MRS,1127983490
WERKDOOH,code,L,70004533,FO,2006-01-07T20:20,2006-01-07T22:30,CDG,1127983490
GUBEFDZG,code,L,70004526,CSD,2006-01-07T08:50,2006-01-07T11:20,MRS,1127983490
GUBEFDZG,code,L,70004533,CSD,2006-01-07T20:20,2006-01-07T22:30,CDG,1127983490
QMOAOQFG,code,L,70004526,CSD,2006-01-07T08:50,2006-01-07T11:20,MRS,1127983490
QMOAOQFG,code,L,70004533,CSD,2006-01-07T20:20,2006-01-07T22:30,CDG,1127983490
ABDQCOLH,code,L,70004526,ST,2006-01-07T08:50,2006-01-07T11:20,MRS,1127983490
ABDQCOLH,code,L,70004533,ST,2006-01-07T20:20,2006-01-07T22:30,CDG,1127983490
KOTGRNMU,code,L,70004526,ST,2006-01-07T08:50,2006-01-07T11:20,MRS,1127983490
KOTGRNMU,code,L,70004533,ST,2006-01-07T20:20,2006-01-07T22:30,CDG,1127983490
SADTYSQY,code,L,70004526,ST,2006-01-07T08:50,2006-01-07T11:20,MRS,1127983490
SADTYSQY,code,L,70004533,ST,2006-01-07T20:20,2006-01-07T22:30,CDG,1127983490
DJHSHGJT,code,L,70004526,ST,2006-01-07T08:50,2006-01-07T11:20,MRS,1127983490
DJHSHGJT,code,L,70004533,ST,2006-01-07T20:20,2006-01-07T22:30,CDG,1127983490
WLMCZPFI,code,L,70004526,ST,2006-01-07T08:50,2006-01-07T11:20,MRS,1127983490
WLMCZPFI,code,L,70004533,ST,2006-01-07T20:20,2006-01-07T22:30,CDG,1127983490
PUSSMKHT,code,L,70004526,ST,2006-01-07T08:50,2006-01-07T11:20,MRS,1127983490
PUSSMKHT,code,L,70004533,ST,2006-01-07T20:20,2006-01-07T22:30,CDG,1127983490
MGOSBFJZ,code,L,70002977,CP,2006-01-07T08:50,2006-01-07T11:00,ORY,1048083132
MGOSBFJZ,code,L,70002984,CP,2006-01-07T11:40,2006-01-07T13:00,TLS,1048083132
MGOSBFJZ,code,L,70002989,CP,2006-01-07T13:50,2006-01-07T15:00,ORY,1048083132
MGOSBFJZ,code,L,70002996,CP,2006-01-07T15:40,2006-01-07T17:45,TLS,1048083132
OKIJJZZG,code,L,70002977,FO,2006-01-07T08:50,2006-01-07T11:00,ORY,1048083132
OKIJJZZG,code,L,70002984,FO,2006-01-07T11:40,2006-01-07T13:00,TLS,1048083132
OKIJJZZG,code,L,70002989,FO,2006-01-07T13:50,2006-01-07T15:00,ORY,1048083132
OKIJJZZG,code,L,70002996,FO,2006-01-07T15:40,2006-01-07T17:45,TLS,1048083132
OWZMEZWC,code,L,70002977,CSD,2006-01-07T08:50,2006-01-07T11:00,ORY,1048083132
OWZMEZWC,code,L,70002984,CSD,2006-01-07T11:40,2006-01-07T13:00,TLS,1048083132
OWZMEZWC,code,L,70002989,CSD,2006-01-07T13:50,2006-01-07T15:00,ORY,1048083132
OWZMEZWC,code,L,70002996,CSD,2006-01-07T15:40,2006-01-07T17:45,TLS,1048083132
TQYNLJRA,code,L,70002977,CSD,2006-01-07T08:50,2006-01-07T11:00,ORY,1048083132
TQYNLJRA,code,L,70002984,CSD,2006-01-07T11:40,2006-01-07T13:00,TLS,1048083132
TQYNLJRA,code,L,70002989,CSD,2006-01-07T13:50,2006-01-07T15:00,ORY,1048083132
TQYNLJRA,code,L,70002996,CSD,2006-01-07T15:40,2006-01-07T17:45,TLS,1048083132
HJJWTVZX,code,L,70002977,ST,2006-01-07T08:50,2006-01-07T11:00,ORY,1048083132
HJJWTVZX,code,L,70002984,ST,2006-01-07T11:40,2006-01-07T13:00,TLS,1048083132
HJJWTVZX,code,L,70002989,ST,2006-01-07T13:50,2006-01-07T15:00,ORY,1048083132
HJJWTVZX,code,L,70002996,ST,2006-01-07T15:40,2006-01-07T17:45,TLS,1048083132
GWJNZJVZ,code,L,70002977,ST,2006-01-07T08:50,2006-01-07T11:00,ORY,1048083132
GWJNZJVZ,code,L,70002984,ST,2006-01-07T11:40,2006-01-07T13:00,TLS,1048083132
GWJNZJVZ,code,L,70002989,ST,2006-01-07T13:50,2006-01-07T15:00,ORY,1048083132
GWJNZJVZ,code,L,70002996,ST,2006-01-07T15:40,2006-01-07T17:45,TLS,1048083132
XLUFAAOF,code,L,70002977,ST,2006-01-07T08:50,2006-01-07T11:00,ORY,1048083132
XLUFAAOF,code,L,70002984,ST,2006-01-07T11:40,2006-01-07T13:00,TLS,1048083132
XLUFAAOF,code,L,70002989,ST,2006-01-07T13:50,2006-01-07T15:00,ORY,1048083132
XLUFAAOF,code,L,70002996,ST,2006-01-07T15:40,2006-01-07T17:45,TLS,1048083132
KQPGJVMT,code,L,70002977,ST,2006-01-07T08:50,2006-01-07T11:00,ORY,1048083132
KQPGJVMT,code,L,70002984,ST,2006-01-07T11:40,2006-01-07T13:00,TLS,1048083132
KQPGJVMT,code,L,70002989,ST,2006-01-07T13:50,2006-01-07T15:00,ORY,1048083132
KQPGJVMT,code,L,70002996,ST,2006-01-07T15:40,2006-01-07T17:45,TLS,1048083132
TVWVIZNI,code,L,70002977,ST,2006-01-07T08:50,2006-01-07T11:00,ORY,1048083132
TVWVIZNI,code,L,70002984,ST,2006-01-07T11:40,2006-01-07T13:00,TLS,1048083132
TVWVIZNI,code,L,70002989,ST,2006-01-07T13:50,2006-01-07T15:00,ORY,1048083132
TVWVIZNI,code,L,70002996,ST,2006-01-07T15:40,2006-01-07T17:45,TLS,1048083132
NGPQYGFS,code,L,70002977,ST,2006-01-07T08:50,2006-01-07T11:00,ORY,1048083132
NGPQYGFS,code,L,70002984,ST,2006-01-07T11:40,2006-01-07T13:00,TLS,1048083132
NGPQYGFS,code,L,70002989,ST,2006-01-07T13:50,2006-01-07T15:00,ORY,1048083132
NGPQYGFS,code,L,70002996,ST,2006-01-07T15:40,2006-01-07T17:45,TLS,1048083132
JUXNVWZR,code,L,70004502,CP,2006-01-07T08:50,2006-01-07T11:20,BIQ,1178395817
JUXNVWZR,code,L,70004501,CP,2006-01-07T12:35,2006-01-07T14:00,CDG,1178395817
JUXNVWZR,code,L,70004352,CP,2006-01-07T16:20,2006-01-07T17:40,BIQ,1178395817
JUXNVWZR,code,L,70004347,CP,2006-01-07T18:20,2006-01-07T20:20,ORY,1178395817
MFDOQBCJ,code,L,70004502,FO,2006-01-07T08:50,2006-01-07T11:20,BIQ,1178395817
MFDOQBCJ,code,L,70004501,FO,2006-01-07T12:35,2006-01-07T14:00,CDG,1178395817
MFDOQBCJ,code,L,70004352,FO,2006-01-07T16:20,2006-01-07T17:40,BIQ,1178395817
MFDOQBCJ,code,L,70004347,FO,2006-01-07T18:20,2006-01-07T20:20,ORY,1178395817
CVPWFVQZ,code,L,70004502,CSD,2006-01-07T08:50,2006-01-07T11:20,BIQ,1178395817
CVPWFVQZ,code,L,70004501,CSD,2006-01-07T12:35,2006-01-07T14:00,CDG,1178395817
CVPWFVQZ,code,L,70004352,CSD,2006-01-07T16:20,2006-01-07T17:40,BIQ,1178395817
CVPWFVQZ,code,L,70004347,CSD,2006-01-07T18:20,2006-01-07T20:20,ORY,1178395817
PHPSRYSI,code,L,70004502,CSD,2006-01-07T08:50,2006-01-07T11:20,BIQ,1178395817
PHPSRYSI,code,L,70004501,CSD,2006-01-07T12:35,2006-01-07T14:00,CDG,1178395817
PHPSRYSI,code,L,70004352,CSD,2006-01-07T16:20,2006-01-07T17:40,BIQ,1178395817
PHPSRYSI,code,L,70004347,CSD,2006-01-07T18:20,2006-01-07T20:20,ORY,1178395817
QKOAPGNP,code,L,70004502,ST,2006-01-07T08:50,2006-01-07T11:20,BIQ,1178395817
QKOAPGNP,code,L,70004501,ST,2006-01-07T12:35,2006-01-07T14:00,CDG,1178395817
QKOAPGNP,code,L,70004352,ST,2006-01-07T16:20,2006-01-07T17:40,BIQ,1178395817
QKOAPGNP,code,L,70004347,ST,2006-01-07T18:20,2006-01-07T20:20,ORY,1178395817
CCAHBFET,code,L,70004502,ST,2006-01-07T08:50,2006-01-07T11:20,BIQ,1178395817
CCAHBFET,code,L,70004501,ST,2006-01-07T12:35,2006-01-07T14:00,CDG,1178395817
CCAHBFET,code,L,70004352,ST,2006-01-07T16:20,2006-01-07T17:40,BIQ,1178395817
CCAHBFET,code,L,70004347,ST,2006-01-07T18:20,2006-01-07T20:20,ORY,1178395817
UBSGCPOU,code,L,70004502,ST,2006-01-07T08:50,2006-01-07T11:20,BIQ,1178395817
UBSGCPOU,code,L,70004501,ST,2006-01-07T12:35,2006-01-07T14:00,CDG,1178395817
UBSGCPOU,code,L,70004352,ST,2006-01-07T16:20,2006-01-07T17:40,BIQ,1178395817
UBSGCPOU,code,L,70004347,ST,2006-01-07T18:20,2006-01-07T20:20,ORY,1178395817
DNXEXWAF,code,L,70004502,ST,2006-01-07T08:50,2006-01-07T11:20,BIQ,1178395817
DNXEXWAF,code,L,70004501,ST,2006-01-07T12:35,2006-01-07T14:00,CDG,1178395817
DNXEXWAF,code,L,70004352,ST,2006-01-07T16:20,2006-01-07T17:40,BIQ,1178395817
DNXEXWAF,code,L,70004347,ST,2006-01-07T18:20,2006-01-07T20:20,ORY,1178395817
RVBQUVZB,code,L,70004502,ST,2006-01-07T08:50,2006-01-07T11:20,BIQ,1178395817
RVBQUVZB,code,L,70004501,ST,2006-01-07T12:35,2006-01-07T14:00,CDG,1178395817
RVBQUVZB,code,L,70004352,ST,2006-01-07T16:20,2006-01-07T17:40,BIQ,1178395817
RVBQUVZB,code,L,70004347,ST,2006-01-07T18:20,2006-01-07T20:20,ORY,1178395817
YNSBOPAM,code,L,70004502,ST,2006-01-07T08:50,2006-01-07T11:20,BIQ,1178395817
YNSBOPAM,code,L,70004501,ST,2006-01-07T12:35,2006-01-07T14:00,CDG,1178395817
YNSBOPAM,code,L,70004352,ST,2006-01-07T16:20,2006-01-07T17:40,BIQ,1178395817
YNSBOPAM,code,L,70004347,ST,2006-01-07T18:20,2006-01-07T20:20,ORY,1178395817
YACETVKX,code,L,70004791,CP,2006-01-07T08:50,2006-01-07T11:35,LIL,943091072
YACETVKX,code,L,70004768,CP,2006-01-07T13:05,2006-01-07T14:30,NCE,943091072
YACETVKX,code,L,70004763,CP,2006-01-07T15:05,2006-01-07T16:20,BOD,943091072
YACETVKX,code,L,70002663,CP,2006-01-07T17:30,2006-01-07T19:15,NCE,943091072
MTGZDIGD,code,L,70004791,FO,2006-01-07T08:50,2006-01-07T11:35,LIL,943091072
MTGZDIGD,code,L,70004768,FO,2006-01-07T13:05,2006-01-07T14:30,NCE,943091072
MTGZDIGD,code,L,70004763,FO,2006-01-07T15:05,2006-01-07T16:20,BOD,943091072
MTGZDIGD,code,L,70002663,FO,2006-01-07T17:30,2006-01-07T19:15,NCE,943091072
UBEBXFAJ,code,L,70004791,CSD,2006-01-07T08:50,2006-01-07T11:35,LIL,943091072
UBEBXFAJ,code,L,70004768,CSD,2006-01-07T13:05,2006-01-07T14:30,NCE,943091072
UBEBXFAJ,code,L,70004763,CSD,2006-01-07T15:05,2006-01-07T16:20,BOD,943091072
UBEBXFAJ,code,L,70002663,CSD,2006-01-07T17:30,2006-01-07T19:15,NCE,943091072
DOOASXWU,code,L,70004791,ST,2006-01-07T08:50,2006-01-07T11:35,LIL,943091072
DOOASXWU,code,L,70004768,ST,2006-01-07T13:05,2006-01-07T14:30,NCE,943091072
DOOASXWU,code,L,70004763,ST,2006-01-07T15:05,2006-01-07T16:20,BOD,943091072
DOOASXWU,code,L,70002663,ST,2006-01-07T17:30,2006-01-07T19:15,NCE,943091072
LLETDNJK,code,L,70004791,ST,2006-01-07T08:50,2006-01-07T11:35,LIL,943091072
LLETDNJK,code,L,70004768,ST,2006-01-07T13:05,2006-01-07T14:30,NCE,943091072
LLETDNJK,code,L,70004763,ST,2006-01-07T15:05,2006-01-07T16:20,BOD,943091072
LLETDNJK,code,L,70002663,ST,2006-01-07T17:30,2006-01-07T19:15,NCE,943091072
RTDHHUNQ,code,L,70002521,CP,2006-01-07T08:50,2006-01-07T11:05,RNS,376980210
RTDHHUNQ,code,L,70002522,CP,2006-01-07T11:35,2006-01-07T12:55,MPL,376980210
RTDHHUNQ,code,L,70004213,CP,2006-01-07T14:00,2006-01-07T15:05,RNS,376980210
RTDHHUNQ,code,L,70004214,CP,2006-01-07T16:15,2006-01-07T18:00,ORY,376980210
NMCKVLQV,code,L,70002521,FO,2006-01-07T08:50,2006-01-07T11:05,RNS,376980210
NMCKVLQV,code,L,70002522,FO,2006-01-07T11:35,2006-01-07T12:55,MPL,376980210
NMCKVLQV,code,L,70004213,FO,2006-01-07T14:00,2006-01-07T15:05,RNS,376980210
NMCKVLQV,code,L,70004214,FO,2006-01-07T16:15,2006-01-07T18:00,ORY,376980210
QKTHQYLU,code,L,70002521,CSD,2006-01-07T08:50,2006-01-07T11:05,RNS,376980210
QKTHQYLU,code,L,70002522,CSD,2006-01-07T11:35,2006-01-07T12:55,MPL,376980210
QKTHQYLU,code,L,70004213,CSD,2006-01-07T14:00,2006-01-07T15:05,RNS,376980210
QKTHQYLU,code,L,70004214,CSD,2006-01-07T16:15,2006-01-07T18:00,ORY,376980210
NPWGYGGM,code,L,70002521,ST,2006-01-07T08:50,2006-01-07T11:05,RNS,376980210
NPWGYGGM,code,L,70002522,ST,2006-01-07T11:35,2006-01-07T12:55,MPL,376980210
NPWGYGGM,code,L,70004213,ST,2006-01-07T14:00,2006-01-07T15:05,RNS,376980210
NPWGYGGM,code,L,70004214,ST,2006-01-07T16:15,2006-01-07T18:00,ORY,376980210
YUCTUWNU,code,L,70002521,ST,2006-01-07T08:50,2006-01-07T11:05,RNS,376980210
YUCTUWNU,code,L,70002522,ST,2006-01-07T11:35,2006-01-07T12:55,MPL,376980210
YUCTUWNU,code,L,70004213,ST,2006-01-07T14:00,2006-01-07T15:05,RNS,376980210
YUCTUWNU,code,L,70004214,ST,2006-01-07T16:15,2006-01-07T18:00,ORY,376980210
ONLQMGYD,code,L,70004696,CP,2006-01-07T08:50,2006-01-07T10:45,NCE,160225133
ONLQMGYD,code,L,70004699,CP,2006-01-07T11:25,2006-01-07T12:25,LYS,160225133
ONLQMGYD,code,L,70004700,CP,2006-01-07T13:05,2006-01-07T14:00,NCE,160225133
ONLQMGYD,code,L,70004695,CP,2006-01-07T15:00,2006-01-07T16:45,LYS,160225133
MZWNBMYZ,code,L,70004696,FO,2006-01-07T08:50,2006-01-07T10:45,NCE,160225133
MZWNBMYZ,code,L,70004699,FO,2006-01-07T11:25,2006-01-07T12:25,LYS,160225133
MZWNBMYZ,code,L,70004700,FO,2006-01-07T13:05,2006-01-07T14:00,NCE,160225133
MZWNBMYZ,code,L,70004695,FO,2006-01-07T15:00,2006-01-07T16:45,LYS,160225133
CMNIPKKV,code,L,70004696,CSD,2006-01-07T08:50,2006-01-07T10:45,NCE,160225133
CMNIPKKV,code,L,70004699,CSD,2006-01-07T11:25,2006-01-07T12:25,LYS,160225133
CMNIPKKV,code,L,70004700,CSD,2006-01-07T13:05,2006-01-07T14:00,NCE,160225133
CMNIPKKV,code,L,70004695,CSD,2006-01-07T15:00,2006-01-07T16:45,LYS,160225133
KPNXPJJO,code,L,70004696,ST,2006-01-07T08:50,2006-01-07T10:45,NCE,160225133
KPNXPJJO,code,L,70004699,ST,2006-01-07T11:25,2006-01-07T12:25,LYS,160225133
KPNXPJJO,code,L,70004700,ST,2006-01-07T13:05,2006-01-07T14:00,NCE,160225133
KPNXPJJO,code,L,70004695,ST,2006-01-07T15:00,2006-01-07T16:45,LYS,160225133
WKIHAOMB,code,L,70004696,ST,2006-01-07T08:50,2006-01-07T10:45,NCE,160225133
WKIHAOMB,code,L,70004699,ST,2006-01-07T11:25,2006-01-07T12:25,LYS,160225133
WKIHAOMB,code,L,70004700,ST,2006-01-07T13:05,2006-01-07T14:00,NCE,160225133
WKIHAOMB,code,L,70004695,ST,2006-01-07T15:00,2006-01-07T16:45,LYS,160225133
EXGRIGAO,code,L,70004696,ST,2006-01-07T08:50,2006-01-07T10:45,NCE,160225133
EXGRIGAO,code,L,70004699,ST,2006-01-07T11:25,2006-01-07T12:25,LYS,160225133
EXGRIGAO,code,L,70004700,ST,2006-01-07T13:05,2006-01-07T14:00,NCE,160225133
EXGRIGAO,code,L,70004695,ST,2006-01-07T15:00,2006-01-07T16:45,LYS,160225133
VCBXTWZL,code,L,7000146,CP,2006-01-07T08:55,2006-01-07T11:10,MLH,363842328
VCBXTWZL,code,L,7000147,CP,2006-01-07T12:00,2006-01-07T13:10,CDG,363842328
VCBXTWZL,code,L,7000148,CP,2006-01-07T13:50,2006-01-07T15:05,MLH,363842328
VCBXTWZL,code,L,7000149,CP,2006-01-07T15:45,2006-01-07T16:55,CDG,363842328
VCBXTWZL,code,L,7000150,CP,2006-01-07T17:35,2006-01-07T18:50,MLH,363842328
VCBXTWZL,code,L,7000151,CP,2006-01-07T19:55,2006-01-07T21:50,CDG,363842328
KWCVKASP,code,L,7000146,FO,2006-01-07T08:55,2006-01-07T11:10,MLH,363842328
KWCVKASP,code,L,7000147,FO,2006-01-07T12:00,2006-01-07T13:10,CDG,363842328
KWCVKASP,code,L,7000148,FO,2006-01-07T13:50,2006-01-07T15:05,MLH,363842328
KWCVKASP,code,L,7000149,FO,2006-01-07T15:45,2006-01-07T16:55,CDG,363842328
KWCVKASP,code,L,7000150,FO,2006-01-07T17:35,2006-01-07T18:50,MLH,363842328
KWCVKASP,code,L,7000151,FO,2006-01-07T19:55,2006-01-07T21:50,CDG,363842328
KNYRYQIR,code,L,7000146,CSD,2006-01-07T08:55,2006-01-07T11:10,MLH,363842328
KNYRYQIR,code,L,7000147,CSD,2006-01-07T12:00,2006-01-07T13:10,CDG,363842328
KNYRYQIR,code,L,7000148,CSD,2006-01-07T13:50,2006-01-07T15:05,MLH,363842328
KNYRYQIR,code,L,7000149,CSD,2006-01-07T15:45,2006-01-07T16:55,CDG,363842328
KNYRYQIR,code,L,7000150,CSD,2006-01-07T17:35,2006-01-07T18:50,MLH,363842328
KNYRYQIR,code,L,7000151,CSD,2006-01-07T19:55,2006-01-07T21:50,CDG,363842328
BGVQPZVX,code,L,7000146,CSD,2006-01-07T08:55,2006-01-07T11:10,MLH,363842328
BGVQPZVX,code,L,7000147,CSD,2006-01-07T12:00,2006-01-07T13:10,CDG,363842328
BGVQPZVX,code,L,7000148,CSD,2006-01-07T13:50,2006-01-07T15:05,MLH,363842328
BGVQPZVX,code,L,7000149,CSD,2006-01-07T15:45,2006-01-07T16:55,CDG,363842328
BGVQPZVX,code,L,7000150,CSD,2006-01-07T17:35,2006-01-07T18:50,MLH,363842328
BGVQPZVX,code,L,7000151,CSD,2006-01-07T19:55,2006-01-07T21:50,CDG,363842328
RIKDCGGL,code,L,7000146,ST,2006-01-07T08:55,2006-01-07T11:10,MLH,363842328
RIKDCGGL,code,L,7000147,ST,2006-01-07T12:00,2006-01-07T13:10,CDG,363842328
RIKDCGGL,code,L,7000148,ST,2006-01-07T13:50,2006-01-07T15:05,MLH,363842328
RIKDCGGL,code,L,7000149,ST,2006-01-07T15:45,2006-01-07T16:55,CDG,363842328
RIKDCGGL,code,L,7000150,ST,2006-01-07T17:35,2006-01-07T18:50,MLH,363842328
RIKDCGGL,code,L,7000151,ST,2006-01-07T19:55,2006-01-07T21:50,CDG,363842328
KVZCOHPL,code,L,7000146,ST,2006-01-07T08:55,2006-01-07T11:10,MLH,363842328
KVZCOHPL,code,L,7000147,ST,2006-01-07T12:00,2006-01-07T13:10,CDG,363842328
KVZCOHPL,code,L,7000148,ST,2006-01-07T13:50,2006-01-07T15:05,MLH,363842328
KVZCOHPL,code,L,7000149,ST,2006-01-07T15:45,2006-01-07T16:55,CDG,363842328
KVZCOHPL,code,L,7000150,ST,2006-01-07T17:35,2006-01-07T18:50,MLH,363842328
KVZCOHPL,code,L,7000151,ST,2006-01-07T19:55,2006-01-07T21:50,CDG,363842328
KJUMFRFW,code,L,7000146,ST,2006-01-07T08:55,2006-01-07T11:10,MLH,363842328
KJUMFRFW,code,L,7000147,ST,2006-01-07T12:00,2006-01-07T13:10,CDG,363842328
KJUMFRFW,code,L,7000148,ST,2006-01-07T13:50,2006-01-07T15:05,MLH,363842328
KJUMFRFW,code,L,7000149,ST,2006-01-07T15:45,2006-01-07T16:55,CDG,363842328
KJUMFRFW,code,L,7000150,ST,2006-01-07T17:35,2006-01-07T18:50,MLH,363842328
KJUMFRFW,code,L,7000151,ST,2006-01-07T19:55,2006-01-07T21:50,CDG,363842328
TPNPFXUQ,code,L,7000146,ST,2006-01-07T08:55,2006-01-07T11:10,MLH,363842328
TPNPFXUQ,code,L,7000147,ST,2006-01-07T12:00,2006-01-07T13:10,CDG,363842328
TPNPFXUQ,code,L,7000148,ST,2006-01-07T13:50,2006-01-07T15:05,MLH,363842328
TPNPFXUQ,code,L,7000149,ST,2006-01-07T15:45,2006-01-07T16:55,CDG,363842328
TPNPFXUQ,code,L,7000150,ST,2006-01-07T17:35,2006-01-07T18:50,MLH,363842328
TPNPFXUQ,code,L,7000151,ST,2006-01-07T19:55,2006-01-07T21:50,CDG,363842328
JCGOBEDT,code,L,7000146,ST,2006-01-07T08:55,2006-01-07T11:10,MLH,363842328
JCGOBEDT,code,L,7000147,ST,2006-01-07T12:00,2006-01-07T13:10,CDG,363842328
JCGOBEDT,code,L,7000148,ST,2006-01-07T13:50,2006-01-07T15:05,MLH,363842328
JCGOBEDT,code,L,7000149,ST,2006-01-07T15:45,2006-01-07T16:55,CDG,363842328
JCGOBEDT,code,L,7000150,ST,2006-01-07T17:35,2006-01-07T18:50,MLH,363842328
JCGOBEDT,code,L,7000151,ST,2006-01-07T19:55,2006-01-07T21:50,CDG,363842328
YSXTJWBL,code,L,7000146,ST,2006-01-07T08:55,2006-01-07T11:10,MLH,363842328
YSXTJWBL,code,L,7000147,ST,2006-01-07T12:00,2006-01-07T13:10,CDG,363842328
YSXTJWBL,code,L,7000148,ST,2006-01-07T13:50,2006-01-07T15:05,MLH,363842328
YSXTJWBL,code,L,7000149,ST,2006-01-07T15:45,2006-01-07T16:55,CDG,363842328
YSXTJWBL,code,L,7000150,ST,2006-01-07T17:35,2006-01-07T18:50,MLH,363842328
YSXTJWBL,code,L,7000151,ST,2006-01-07T19:55,2006-01-07T21:50,CDG,363842328
CKQACQNK,code,L,70003073,CP,2006-01-07T09:00,2006-01-07T11:20,ORY,2125508764
CKQACQNK,code,L,70003088,CP,2006-01-07T12:05,2006-01-07T13:30,NCE,2125508764
CKQACQNK,code,L,70003081,CP,2006-01-07T14:00,2006-01-07T15:20,ORY,2125508764
CKQACQNK,code,L,70003102,CP,2006-01-07T16:05,2006-01-07T18:15,NCE,2125508764
ECKSDQPZ,code,L,70003073,FO,2006-01-07T09:00,2006-01-07T11:20,ORY,2125508764
ECKSDQPZ,code,L,70003088,FO,2006-01-07T12:05,2006-01-07T13:30,NCE,2125508764
ECKSDQPZ,code,L,70003081,FO,2006-01-07T14:00,2006-01-07T15:20,ORY,2125508764
ECKSDQPZ,code,L,70003102,FO,2006-01-07T16:05,2006-01-07T18:15,NCE,2125508764
FXTYOYYK,code,L,70003073,CSD,2006-01-07T09:00,2006-01-07T11:20,ORY,2125508764
FXTYOYYK,code,L,70003088,CSD,2006-01-07T12:05,2006-01-07T13:30,NCE,2125508764
FXTYOYYK,code,L,70003081,CSD,2006-01-07T14:00,2006-01-07T15:20,ORY,2125508764
FXTYOYYK,code,L,70003102,CSD,2006-01-07T16:05,2006-01-07T18:15,NCE,2125508764
SEWLODDW,code,L,70003073,CSD,2006-01-07T09:00,2006-01-07T11:20,ORY,2125508764
SEWLODDW,code,L,70003088,CSD,2006-01-07T12:05,2006-01-07T13:30,NCE,2125508764
SEWLODDW,code,L,70003081,CSD,2006-01-07T14:00,2006-01-07T15:20,ORY,2125508764
SEWLODDW,code,L,70003102,CSD,2006-01-07T16:05,2006-01-07T18:15,NCE,2125508764
VZGWKGCV,code,L,70003073,ST,2006-01-07T09:00,2006-01-07T11:20,ORY,2125508764
VZGWKGCV,code,L,70003088,ST,2006-01-07T12:05,2006-01-07T13:30,NCE,2125508764
VZGWKGCV,code,L,70003081,ST,2006-01-07T14:00,2006-01-07T15:20,ORY,2125508764
VZGWKGCV,code,L,70003102,ST,2006-01-07T16:05,2006-01-07T18:15,NCE,2125508764
MDZVQJXB,code,L,70003073,ST,2006-01-07T09:00,2006-01-07T11:20,ORY,2125508764
MDZVQJXB,code,L,70003088,ST,2006-01-07T12:05,2006-01-07T13:30,NCE,2125508764
MDZVQJXB,code,L,70003081,ST,2006-01-07T14:00,2006-01-07T15:20,ORY,2125508764
MDZVQJXB,code,L,70003102,ST,2006-01-07T16:05,2006-01-07T18:15,NCE,2125508764
ENJAPZMO,code,L,70003073,ST,2006-01-07T09:00,2006-01-07T11:20,ORY,2125508764
ENJAPZMO,code,L,70003088,ST,2006-01-07T12:05,2006-01-07T13:30,NCE,2125508764
ENJAPZMO,code,L,70003081,ST,2006-01-07T14:00,2006-01-07T15:20,ORY,2125508764
ENJAPZMO,code,L,70003102,ST,2006-01-07T16:05,2006-01-07T18:15,NCE,2125508764
HFJNNSED,code,L,70003073,ST,2006-01-07T09:00,2006-01-07T11:20,ORY,2125508764
HFJNNSED,code,L,70003088,ST,2006-01-07T12:05,2006-01-07T13:30,NCE,2125508764
HFJNNSED,code,L,70003081,ST,2006-01-07T14:00,2006-01-07T15:20,ORY,2125508764
HFJNNSED,code,L,70003102,ST,2006-01-07T16:05,2006-01-07T18:15,NCE,2125508764
JMJUGOQD,code,L,70003073,ST,2006-01-07T09:00,2006-01-07T11:20,ORY,2125508764
JMJUGOQD,code,L,70003088,ST,2006-01-07T12:05,2006-01-07T13:30,NCE,2125508764
JMJUGOQD,code,L,70003081,ST,2006-01-07T14:00,2006-01-07T15:20,ORY,2125508764
JMJUGOQD,code,L,70003102,ST,2006-01-07T16:05,2006-01-07T18:15,NCE,2125508764
BKOOLGIT,code,L,70003073,ST,2006-01-07T09:00,2006-01-07T11:20,ORY,2125508764
BKOOLGIT,code,L,70003088,ST,2006-01-07T12:05,2006-01-07T13:30,NCE,2125508764
BKOOLGIT,code,L,70003081,ST,2006-01-07T14:00,2006-01-07T15:20,ORY,2125508764
BKOOLGIT,code,L,70003102,ST,2006-01-07T16:05,2006-01-07T18:15,NCE,2125508764
ZFGVZYMD,code,L,70004588,CP,2006-01-07T09:00,2006-01-07T11:05,NTE,333461483
ZFGVZYMD,code,L,70004587,CP,2006-01-07T11:45,2006-01-07T12:50,CDG,333461483
ZFGVZYMD,code,L,70004590,CP,2006-01-07T13:35,2006-01-07T14:40,NTE,333461483
ZFGVZYMD,code,L,70004593,CP,2006-01-07T16:15,2006-01-07T17:20,CDG,333461483
ZFGVZYMD,code,L,70004594,CP,2006-01-07T18:05,2006-01-07T19:10,NTE,333461483
ZFGVZYMD,code,L,70004591,CP,2006-01-07T20:00,2006-01-07T21:50,CDG,333461483
GPFWCUWL,code,L,70004588,FO,2006-01-07T09:00,2006-01-07T11:05,NTE,333461483
GPFWCUWL,code,L,70004587,FO,2006-01-07T11:45,2006-01-07T12:50,CDG,333461483
GPFWCUWL,code,L,70004590,FO,2006-01-07T13:35,2006-01-07T14:40,NTE,333461483
GPFWCUWL,code,L,70004593,FO,2006-01-07T16:15,2006-01-07T17:20,CDG,333461483
GPFWCUWL,code,L,70004594,FO,2006-01-07T18:05,2006-01-07T19:10,NTE,333461483
GPFWCUWL,code,L,70004591,FO,2006-01-07T20:00,2006-01-07T21:50,CDG,333461483
RSDCYPDG,code,L,70004588,CSD,2006-01-07T09:00,2006-01-07T11:05,NTE,333461483
RSDCYPDG,code,L,70004587,CSD,2006-01-07T11:45,2006-01-07T12:50,CDG,333461483
RSDCYPDG,code,L,70004590,CSD,2006-01-07T13:35,2006-01-07T14:40,NTE,333461483
RSDCYPDG,code,L,70004593,CSD,2006-01-07T16:15,2006-01-07T17:20,CDG,333461483
RSDCYPDG,code,L,70004594,CSD,2006-01-07T18:05,2006-01-07T19:10,NTE,333461483
RSDCYPDG,code,L,70004591,CSD,2006-01-07T20:00,2006-01-07T21:50,CDG,333461483
PPTXSXGB,code,L,70004588,CSD,2006-01-07T09:00,2006-01-07T11:05,NTE,333461483
PPTXSXGB,code,L,70004587,CSD,2006-01-07T11:45,2006-01-07T12:50,CDG,333461483
PPTXSXGB,code,L,70004590,CSD,2006-01-07T13:35,2006-01-07T14:40,NTE,333461483
PPTXSXGB,code,L,70004593,CSD,2006-01-07T16:15,2006-01-07T17:20,CDG,333461483
PPTXSXGB,code,L,70004594,CSD,2006-01-07T18:05,2006-01-07T19:10,NTE,333461483
PPTXSXGB,code,L,70004591,CSD,2006-01-07T20:00,2006-01-07T21:50,CDG,333461483
WASBKFGS,code,L,70004588,ST,2006-01-07T09:00,2006-01-07T11:05,NTE,333461483
WASBKFGS,code,L,70004587,ST,2006-01-07T11:45,2006-01-07T12:50,CDG,333461483
WASBKFGS,code,L,70004590,ST,2006-01-07T13:35,2006-01-07T14:40,NTE,333461483
WASBKFGS,code,L,70004593,ST,2006-01-07T16:15,2006-01-07T17:20,CDG,333461483
WASBKFGS,code,L,70004594,ST,2006-01-07T18:05,2006-01-07T19:10,NTE,333461483
WASBKFGS,code,L,70004591,ST,2006-01-07T20:00,2006-01-07T21:50,CDG,333461483
TSMJHLLD,code,L,70004588,ST,2006-01-07T09:00,2006-01-07T11:05,NTE,333461483
TSMJHLLD,code,L,70004587,ST,2006-01-07T11:45,2006-01-07T12:50,CDG,333461483
TSMJHLLD,code,L,70004590,ST,2006-01-07T13:35,2006-01-07T14:40,NTE,333461483
TSMJHLLD,code,L,70004593,ST,2006-01-07T16:15,2006-01-07T17:20,CDG,333461483
TSMJHLLD,code,L,70004594,ST,2006-01-07T18:05,2006-01-07T19:10,NTE,333461483
TSMJHLLD,code,L,70004591,ST,2006-01-07T20:00,2006-01-07T21:50,CDG,333461483
UENSUIJT,code,L,70004588,ST,2006-01-07T09:00,2006-01-07T11:05,NTE,333461483
UENSUIJT,code,L,70004587,ST,2006-01-07T11:45,2006-01-07T12:50,CDG,333461483
UENSUIJT,code,L,70004590,ST,2006-01-07T13:35,2006-01-07T14:40,NTE,333461483
UENSUIJT,code,L,70004593,ST,2006-01-07T16:15,2006-01-07T17:20,CDG,333461483
UENSUIJT,code,L,70004594,ST,2006-01-07T18:05,2006-01-07T19:10,NTE,333461483
UENSUIJT,code,L,70004591,ST,2006-01-07T20:00,2006-01-07T21:50,CDG,333461483
KVQWUUNN,code,L,70004588,ST,2006-01-07T09:00,2006-01-07T11:05,NTE,333461483
KVQWUUNN,code,L,70004587,ST,2006-01-07T11:45,2006-01-07T12:50,CDG,333461483
KVQWUUNN,code,L,70004590,ST,2006-01-07T13:35,2006-01-07T14:40,NTE,333461483
KVQWUUNN,code,L,70004593,ST,2006-01-07T16:15,2006-01-07T17:20,CDG,333461483
KVQWUUNN,code,L,70004594,ST,2006-01-07T18:05,2006-01-07T19:10,NTE,333461483
KVQWUUNN,code,L,70004591,ST,2006-01-07T20:00,2006-01-07T21:50,CDG,333461483
YSOXMIQQ,code,L,70004588,ST,2006-01-07T09:00,2006-01-07T11:05,NTE,333461483
YSOXMIQQ,code,L,70004587,ST,2006-01-07T11:45,2006-01-07T12:50,CDG,333461483
YSOXMIQQ,code,L,70004590,ST,2006-01-07T13:35,2006-01-07T14:40,NTE,333461483
YSOXMIQQ,code,L,70004593,ST,2006-01-07T16:15,2006-01-07T17:20,CDG,333461483
YSOXMIQQ,code,L,70004594,ST,2006-01-07T18:05,2006-01-07T19:10,NTE,333461483
YSOXMIQQ,code,L,70004591,ST,2006-01-07T20:00,2006-01-07T21:50,CDG,333461483
BSWUUPQC,code,L,70004588,ST,2006-01-07T09:00,2006-01-07T11:05,NTE,333461483
BSWUUPQC,code,L,70004587,ST,2006-01-07T11:45,2006-01-07T12:50,CDG,333461483
BSWUUPQC,code,L,70004590,ST,2006-01-07T13:35,2006-01-07T14:40,NTE,333461483
BSWUUPQC,code,L,70004593,ST,2006-01-07T16:15,2006-01-07T17:20,CDG,333461483
BSWUUPQC,code,L,70004594,ST,2006-01-07T18:05,2006-01-07T19:10,NTE,333461483
BSWUUPQC,code,L,70004591,ST,2006-01-07T20:00,2006-01-07T21:50,CDG,333461483
FOEEPSYJ,code,L,70003074,CP,2006-01-07T09:05,2006-01-07T11:30,NCE,760389092
FOEEPSYJ,code,L,70003077,CP,2006-01-07T12:00,2006-01-07T13:20,ORY,760389092
FOEEPSYJ,code,L,70003082,CP,2006-01-07T14:05,2006-01-07T15:30,NCE,760389092
FOEEPSYJ,code,L,70003085,CP,2006-01-07T16:00,2006-01-07T17:20,ORY,760389092
FOEEPSYJ,code,L,70003092,CP,2006-01-07T18:05,2006-01-07T19:30,NCE,760389092
FOEEPSYJ,code,L,70003095,CP,2006-01-07T20:00,2006-01-07T22:05,ORY,760389092
EEIITXDC,code,L,70003074,FO,2006-01-07T09:05,2006-01-07T11:30,NCE,760389092
EEIITXDC,code,L,70003077,FO,2006-01-07T12:00,2006-01-07T13:20,ORY,760389092
EEIITXDC,code,L,70003082,FO,2006-01-07T14:05,2006-01-07T15:30,NCE,760389092
EEIITXDC,code,L,70003085,FO,2006-01-07T16:00,2006-01-07T17:20,ORY,760389092
EEIITXDC,code,L,70003092,FO,2006-01-07T18:05,2006-01-07T19:30,NCE,760389092
EEIITXDC,code,L,70003095,FO,2006-01-07T20:00,2006-01-07T22:05,ORY,760389092
QBJQUZOX,code,L,70003074,CSD,2006-01-07T09:05,2006-01-07T11:30,NCE,760389092
QBJQUZOX,code,L,70003077,CSD,2006-01-07T12:00,2006-01-07T13:20,ORY,760389092
QBJQUZOX,code,L,70003082,CSD,2006-01-07T14:05,2006-01-07T15:30,NCE,760389092
QBJQUZOX,code,L,70003085,CSD,2006-01-07T16:00,2006-01-07T17:20,ORY,760389092
QBJQUZOX,code,L,70003092,CSD,2006-01-07T18:05,2006-01-07T19:30,NCE,760389092
QBJQUZOX,code,L,70003095,CSD,2006-01-07T20:00,2006-01-07T22:05,ORY,760389092
NSEWKTVA,code,L,70003074,CSD,2006-01-07T09:05,2006-01-07T11:30,NCE,760389092
NSEWKTVA,code,L,70003077,CSD,2006-01-07T12:00,2006-01-07T13:20,ORY,760389092
NSEWKTVA,code,L,70003082,CSD,2006-01-07T14:05,2006-01-07T15:30,NCE,760389092
NSEWKTVA,code,L,70003085,CSD,2006-01-07T16:00,2006-01-07T17:20,ORY,760389092
NSEWKTVA,code,L,70003092,CSD,2006-01-07T18:05,2006-01-07T19:30,NCE,760389092
NSEWKTVA,code,L,70003095,CSD,2006-01-07T20:00,2006-01-07T22:05,ORY,760389092
ZBYURLVL,code,L,70003074,ST,2006-01-07T09:05,2006-01-07T11:30,NCE,760389092
ZBYURLVL,code,L,70003077,ST,2006-01-07T12:00,2006-01-07T13:20,ORY,760389092
ZBYURLVL,code,L,70003082,ST,2006-01-07T14:05,2006-01-07T15:30,NCE,760389092
ZBYURLVL,code,L,70003085,ST,2006-01-07T16:00,2006-01-07T17:20,ORY,760389092
ZBYURLVL,code,L,70003092,ST,2006-01-07T18:05,2006-01-07T19:30,NCE,760389092
ZBYURLVL,code,L,70003095,ST,2006-01-07T20:00,2006-01-07T22:05,ORY,760389092
UWSAZFFF,code,L,70003074,ST,2006-01-07T09:05,2006-01-07T11:30,NCE,760389092
UWSAZFFF,code,L,70003077,ST,2006-01-07T12:00,2006-01-07T13:20,ORY,760389092
UWSAZFFF,code,L,70003082,ST,2006-01-07T14:05,2006-01-07T15:30,NCE,760389092
UWSAZFFF,code,L,70003085,ST,2006-01-07T16:00,2006-01-07T17:20,ORY,760389092
UWSAZFFF,code,L,70003092,ST,2006-01-07T18:05,2006-01-07T19:30,NCE,760389092
UWSAZFFF,code,L,70003095,ST,2006-01-07T20:00,2006-01-07T22:05,ORY,760389092
OIZBTAPV,code,L,70003074,ST,2006-01-07T09:05,2006-01-07T11:30,NCE,760389092
OIZBTAPV,code,L,70003077,ST,2006-01-07T12:00,2006-01-07T13:20,ORY,760389092
OIZBTAPV,code,L,70003082,ST,2006-01-07T14:05,2006-01-07T15:30,NCE,760389092
OIZBTAPV,code,L,70003085,ST,2006-01-07T16:00,2006-01-07T17:20,ORY,760389092
OIZBTAPV,code,L,70003092,ST,2006-01-07T18:05,2006-01-07T19:30,NCE,760389092
OIZBTAPV,code,L,70003095,ST,2006-01-07T20:00,2006-01-07T22:05,ORY,760389092
HMZCBOEB,code,L,70003074,ST,2006-01-07T09:05,2006-01-07T11:30,NCE,760389092
HMZCBOEB,code,L,70003077,ST,2006-01-07T12:00,2006-01-07T13:20,ORY,760389092
HMZCBOEB,code,L,70003082,ST,2006-01-07T14:05,2006-01-07T15:30,NCE,760389092
HMZCBOEB,code,L,70003085,ST,2006-01-07T16:00,2006-01-07T17:20,ORY,760389092
HMZCBOEB,code,L,70003092,ST,2006-01-07T18:05,2006-01-07T19:30,NCE,760389092
HMZCBOEB,code,L,70003095,ST,2006-01-07T20:00,2006-01-07T22:05,ORY,760389092
LVSTHCTU,code,L,70003074,ST,2006-01-07T09:05,2006-01-07T11:30,NCE,760389092
LVSTHCTU,code,L,70003077,ST,2006-01-07T12:00,2006-01-07T13:20,ORY,760389092
LVSTHCTU,code,L,70003082,ST,2006-01-07T14:05,2006-01-07T15:30,NCE,760389092
LVSTHCTU,code,L,70003085,ST,2006-01-07T16:00,2006-01-07T17:20,ORY,760389092
LVSTHCTU,code,L,70003092,ST,2006-01-07T18:05,2006-01-07T19:30,NCE,760389092
LVSTHCTU,code,L,70003095,ST,2006-01-07T20:00,2006-01-07T22:05,ORY,760389092
PXMYHXXS,code,L,70003074,ST,2006-01-07T09:05,2006-01-07T11:30,NCE,760389092
PXMYHXXS,code,L,70003077,ST,2006-01-07T12:00,2006-01-07T13:20,ORY,760389092
PXMYHXXS,code,L,70003082,ST,2006-01-07T14:05,2006-01-07T15:30,NCE,760389092
PXMYHXXS,code,L,70003085,ST,2006-01-07T16:00,2006-01-07T17:20,ORY,760389092
PXMYHXXS,code,L,70003092,ST,2006-01-07T18:05,2006-01-07T19:30,NCE,760389092
PXMYHXXS,code,L,70003095,ST,2006-01-07T20:00,2006-01-07T22:05,ORY,760389092
GPGXARLA,code,L,70003124,CP,2006-01-07T09:05,2006-01-07T11:15,BOD,61497087
GPGXARLA,code,L,70003123,CP,2006-01-07T12:10,2006-01-07T13:15,ORY,61497087
GPGXARLA,code,L,70003128,CP,2006-01-07T14:05,2006-01-07T15:15,BOD,61497087
GPGXARLA,code,L,70003131,CP,2006-01-07T17:25,2006-01-07T19:15,ORY,61497087
OHWSTWDP,code,L,70003124,FO,2006-01-07T09:05,2006-01-07T11:15,BOD,61497087
OHWSTWDP,code,L,70003123,FO,2006-01-07T12:10,2006-01-07T13:15,ORY,61497087
OHWSTWDP,code,L,70003128,FO,2006-01-07T14:05,2006-01-07T15:15,BOD,61497087
OHWSTWDP,code,L,70003131,FO,2006-01-07T17:25,2006-01-07T19:15,ORY,61497087
ZJOPTPXX,code,L,70003124,CSD,2006-01-07T09:05,2006-01-07T11:15,BOD,61497087
ZJOPTPXX,code,L,70003123,CSD,2006-01-07T12:10,2006-01-07T13:15,ORY,61497087
ZJOPTPXX,code,L,70003128,CSD,2006-01-07T14:05,2006-01-07T15:15,BOD,61497087
ZJOPTPXX,code,L,70003131,CSD,2006-01-07T17:25,2006-01-07T19:15,ORY,61497087
TMLFQWDL,code,L,70003124,CSD,2006-01-07T09:05,2006-01-07T11:15,BOD,61497087
TMLFQWDL,code,L,70003123,CSD,2006-01-07T12:10,2006-01-07T13:15,ORY,61497087
TMLFQWDL,code,L,70003128,CSD,2006-01-07T14:05,2006-01-07T15:15,BOD,61497087
TMLFQWDL,code,L,70003131,CSD,2006-01-07T17:25,2006-01-07T19:15,ORY,61497087
TZQHYAPE,code,L,70003124,ST,2006-01-07T09:05,2006-01-07T11:15,BOD,61497087
TZQHYAPE,code,L,70003123,ST,2006-01-07T12:10,2006-01-07T13:15,ORY,61497087
TZQHYAPE,code,L,70003128,ST,2006-01-07T14:05,2006-01-07T15:15,BOD,61497087
TZQHYAPE,code,L,70003131,ST,2006-01-07T17:25,2006-01-07T19:15,ORY,61497087
ERUCHZXB,code,L,70003124,ST,2006-01-07T09:05,2006-01-07T11:15,BOD,61497087
ERUCHZXB,code,L,70003123,ST,2006-01-07T12:10,2006-01-07T13:15,ORY,61497087
ERUCHZXB,code,L,70003128,ST,2006-01-07T14:05,2006-01-07T15:15,BOD,61497087
ERUCHZXB,code,L,70003131,ST,2006-01-07T17:25,2006-01-07T19:15,ORY,61497087
IWPDXRYI,code,L,70003124,ST,2006-01-07T09:05,2006-01-07T11:15,BOD,61497087
IWPDXRYI,code,L,70003123,ST,2006-01-07T12:10,2006-01-07T13:15,ORY,61497087
IWPDXRYI,code,L,70003128,ST,2006-01-07T14:05,2006-01-07T15:15,BOD,61497087
IWPDXRYI,code,L,70003131,ST,2006-01-07T17:25,2006-01-07T19:15,ORY,61497087
SKAARSEC,code,L,70003124,ST,2006-01-07T09:05,2006-01-07T11:15,BOD,61497087
SKAARSEC,code,L,70003123,ST,2006-01-07T12:10,2006-01-07T13:15,ORY,61497087
SKAARSEC,code,L,70003128,ST,2006-01-07T14:05,2006-01-07T15:15,BOD,61497087
SKAARSEC,code,L,70003131,ST,2006-01-07T17:25,2006-01-07T19:15,ORY,61497087
MCBYGZOA,code,L,70003124,ST,2006-01-07T09:05,2006-01-07T11:15,BOD,61497087
MCBYGZOA,code,L,70003123,ST,2006-01-07T12:10,2006-01-07T13:15,ORY,61497087
MCBYGZOA,code,L,70003128,ST,2006-01-07T14:05,2006-01-07T15:15,BOD,61497087
MCBYGZOA,code,L,70003131,ST,2006-01-07T17:25,2006-01-07T19:15,ORY,61497087
JJZFOBDB,code,L,70003124,ST,2006-01-07T09:05,2006-01-07T11:15,BOD,61497087
JJZFOBDB,code,L,70003123,ST,2006-01-07T12:10,2006-01-07T13:15,ORY,61497087
JJZFOBDB,code,L,70003128,ST,2006-01-07T14:05,2006-01-07T15:15,BOD,61497087
JJZFOBDB,code,L,70003131,ST,2006-01-07T17:25,2006-01-07T19:15,ORY,61497087
ONTJJYHQ,code,L,70004366,CP,2006-01-07T09:05,2006-01-07T11:30,TLN,1713579631
ONTJJYHQ,code,L,70004369,CP,2006-01-07T12:30,2006-01-07T13:50,ORY,1713579631
ONTJJYHQ,code,L,70004370,CP,2006-01-07T14:40,2006-01-07T16:05,TLN,1713579631
ONTJJYHQ,code,L,70004371,CP,2006-01-07T17:55,2006-01-07T20:00,ORY,1713579631
ENAFHNUF,code,L,70004366,FO,2006-01-07T09:05,2006-01-07T11:30,TLN,1713579631
ENAFHNUF,code,L,70004369,FO,2006-01-07T12:30,2006-01-07T13:50,ORY,1713579631
ENAFHNUF,code,L,70004370,FO,2006-01-07T14:40,2006-01-07T16:05,TLN,1713579631
ENAFHNUF,code,L,70004371,FO,2006-01-07T17:55,2006-01-07T20:00,ORY,1713579631
LNSIHAYL,code,L,70004366,CSD,2006-01-07T09:05,2006-01-07T11:30,TLN,1713579631
LNSIHAYL,code,L,70004369,CSD,2006-01-07T12:30,2006-01-07T13:50,ORY,1713579631
LNSIHAYL,code,L,70004370,CSD,2006-01-07T14:40,2006-01-07T16:05,TLN,1713579631
LNSIHAYL,code,L,70004371,CSD,2006-01-07T17:55,2006-01-07T20:00,ORY,1713579631
VXXOHJTP,code,L,70004366,CSD,2006-01-07T09:05,2006-01-07T11:30,TLN,1713579631
VXXOHJTP,code,L,70004369,CSD,2006-01-07T12:30,2006-01-07T13:50,ORY,1713579631
VXXOHJTP,code,L,70004370,CSD,2006-01-07T14:40,2006-01-07T16:05,TLN,1713579631
VXXOHJTP,code,L,70004371,CSD,2006-01-07T17:55,2006-01-07T20:00,ORY,1713579631
WQNZVYFY,code,L,70004366,ST,2006-01-07T09:05,2006-01-07T11:30,TLN,1713579631
WQNZVYFY,code,L,70004369,ST,2006-01-07T12:30,2006-01-07T13:50,ORY,1713579631
WQNZVYFY,code,L,70004370,ST,2006-01-07T14:40,2006-01-07T16:05,TLN,1713579631
WQNZVYFY,code,L,70004371,ST,2006-01-07T17:55,2006-01-07T20:00,ORY,1713579631
AJWOORAD,code,L,70004366,ST,2006-01-07T09:05,2006-01-07T11:30,TLN,1713579631
AJWOORAD,code,L,70004369,ST,2006-01-07T12:30,2006-01-07T13:50,ORY,1713579631
AJWOORAD,code,L,70004370,ST,2006-01-07T14:40,2006-01-07T16:05,TLN,1713579631
AJWOORAD,code,L,70004371,ST,2006-01-07T17:55,2006-01-07T20:00,ORY,1713579631
UCEFBLDH,code,L,70004366,ST,2006-01-07T09:05,2006-01-07T11:30,TLN,1713579631
UCEFBLDH,code,L,70004369,ST,2006-01-07T12:30,2006-01-07T13:50,ORY,1713579631
UCEFBLDH,code,L,70004370,ST,2006-01-07T14:40,2006-01-07T16:05,TLN,1713579631
UCEFBLDH,code,L,70004371,ST,2006-01-07T17:55,2006-01-07T20:00,ORY,1713579631
MCPMREFW,code,L,70004366,ST,2006-01-07T09:05,2006-01-07T11:30,TLN,1713579631
MCPMREFW,code,L,70004369,ST,2006-01-07T12:30,2006-01-07T13:50,ORY,1713579631
MCPMREFW,code,L,70004370,ST,2006-01-07T14:40,2006-01-07T16:05,TLN,1713579631
MCPMREFW,code,L,70004371,ST,2006-01-07T17:55,2006-01-07T20:00,ORY,1713579631
YSGPCEPV,code,L,70004366,ST,2006-01-07T09:05,2006-01-07T11:30,TLN,1713579631
YSGPCEPV,code,L,70004369,ST,2006-01-07T12:30,2006-01-07T13:50,ORY,1713579631
YSGPCEPV,code,L,70004370,ST,2006-01-07T14:40,2006-01-07T16:05,TLN,1713579631
YSGPCEPV,code,L,70004371,ST,2006-01-07T17:55,2006-01-07T20:00,ORY,1713579631
ODLUEVQV,code,L,70004366,ST,2006-01-07T09:05,2006-01-07T11:30,TLN,1713579631
ODLUEVQV,code,L,70004369,ST,2006-01-07T12:30,2006-01-07T13:50,ORY,1713579631
ODLUEVQV,code,L,70004370,ST,2006-01-07T14:40,2006-01-07T16:05,TLN,1713579631
ODLUEVQV,code,L,70004371,ST,2006-01-07T17:55,2006-01-07T20:00,ORY,1713579631
QICYOQGV,code,L,70004228,CP,2006-01-07T09:05,2006-01-07T11:20,BES,1450422331
QICYOQGV,code,L,70004239,CP,2006-01-07T14:40,2006-01-07T15:50,ORY,1450422331
QICYOQGV,code,L,70004238,CP,2006-01-07T16:35,2006-01-07T17:50,BES,1450422331
QICYOQGV,code,L,70004237,CP,2006-01-07T20:20,2006-01-07T22:15,ORY,1450422331
CBDGFVFK,code,L,70004228,FO,2006-01-07T09:05,2006-01-07T11:20,BES,1450422331
CBDGFVFK,code,L,70004239,FO,2006-01-07T14:40,2006-01-07T15:50,ORY,1450422331
CBDGFVFK,code,L,70004238,FO,2006-01-07T16:35,2006-01-07T17:50,BES,1450422331
CBDGFVFK,code,L,70004237,FO,2006-01-07T20:20,2006-01-07T22:15,ORY,1450422331
SVPVBWNY,code,L,70004228,CSD,2006-01-07T09:05,2006-01-07T11:20,BES,1450422331
SVPVBWNY,code,L,70004239,CSD,2006-01-07T14:40,2006-01-07T15:50,ORY,1450422331
SVPVBWNY,code,L,70004238,CSD,2006-01-07T16:35,2006-01-07T17:50,BES,1450422331
SVPVBWNY,code,L,70004237,CSD,2006-01-07T20:20,2006-01-07T22:15,ORY,1450422331
ICCQXOJP,code,L,70004228,CSD,2006-01-07T09:05,2006-01-07T11:20,BES,1450422331
ICCQXOJP,code,L,70004239,CSD,2006-01-07T14:40,2006-01-07T15:50,ORY,1450422331
ICCQXOJP,code,L,70004238,CSD,2006-01-07T16:35,2006-01-07T17:50,BES,1450422331
ICCQXOJP,code,L,70004237,CSD,2006-01-07T20:20,2006-01-07T22:15,ORY,1450422331
BJBUGBFF,code,L,70004228,ST,2006-01-07T09:05,2006-01-07T11:20,BES,1450422331
BJBUGBFF,code,L,70004239,ST,2006-01-07T14:40,2006-01-07T15:50,ORY,1450422331
BJBUGBFF,code,L,70004238,ST,2006-01-07T16:35,2006-01-07T17:50,BES,1450422331
BJBUGBFF,code,L,70004237,ST,2006-01-07T20:20,2006-01-07T22:15,ORY,1450422331
OJXHUFHQ,code,L,70004228,ST,2006-01-07T09:05,2006-01-07T11:20,BES,1450422331
OJXHUFHQ,code,L,70004239,ST,2006-01-07T14:40,2006-01-07T15:50,ORY,1450422331
OJXHUFHQ,code,L,70004238,ST,2006-01-07T16:35,2006-01-07T17:50,BES,1450422331
OJXHUFHQ,code,L,70004237,ST,2006-01-07T20:20,2006-01-07T22:15,ORY,1450422331
KPEHYADX,code,L,70004228,ST,2006-01-07T09:05,2006-01-07T11:20,BES,1450422331
KPEHYADX,code,L,70004239,ST,2006-01-07T14:40,2006-01-07T15:50,ORY,1450422331
KPEHYADX,code,L,70004238,ST,2006-01-07T16:35,2006-01-07T17:50,BES,1450422331
KPEHYADX,code,L,70004237,ST,2006-01-07T20:20,2006-01-07T22:15,ORY,1450422331
NVZMMZFS,code,L,70004228,ST,2006-01-07T09:05,2006-01-07T11:20,BES,1450422331
NVZMMZFS,code,L,70004239,ST,2006-01-07T14:40,2006-01-07T15:50,ORY,1450422331
NVZMMZFS,code,L,70004238,ST,2006-01-07T16:35,2006-01-07T17:50,BES,1450422331
NVZMMZFS,code,L,70004237,ST,2006-01-07T20:20,2006-01-07T22:15,ORY,1450422331
SSDDTWJA,code,L,70004228,ST,2006-01-07T09:05,2006-01-07T11:20,BES,1450422331
SSDDTWJA,code,L,70004239,ST,2006-01-07T14:40,2006-01-07T15:50,ORY,1450422331
SSDDTWJA,code,L,70004238,ST,2006-01-07T16:35,2006-01-07T17:50,BES,1450422331
SSDDTWJA,code,L,70004237,ST,2006-01-07T20:20,2006-01-07T22:15,ORY,1450422331
GIYFRKXL,code,L,70004228,ST,2006-01-07T09:05,2006-01-07T11:20,BES,1450422331
GIYFRKXL,code,L,70004239,ST,2006-01-07T14:40,2006-01-07T15:50,ORY,1450422331
GIYFRKXL,code,L,70004238,ST,2006-01-07T16:35,2006-01-07T17:50,BES,1450422331
GIYFRKXL,code,L,70004237,ST,2006-01-07T20:20,2006-01-07T22:15,ORY,1450422331
HQCCOSNU,code,L,70004200,CP,2006-01-07T09:05,2006-01-07T11:15,MLH,472931517
HQCCOSNU,code,L,70004197,CP,2006-01-07T12:10,2006-01-07T13:10,ORY,472931517
HQCCOSNU,code,L,70004202,CP,2006-01-07T13:55,2006-01-07T15:05,MLH,472931517
HQCCOSNU,code,L,70004203,CP,2006-01-07T18:45,2006-01-07T20:30,ORY,472931517
ARUBMUPK,code,L,70004200,FO,2006-01-07T09:05,2006-01-07T11:15,MLH,472931517
ARUBMUPK,code,L,70004197,FO,2006-01-07T12:10,2006-01-07T13:10,ORY,472931517
ARUBMUPK,code,L,70004202,FO,2006-01-07T13:55,2006-01-07T15:05,MLH,472931517
ARUBMUPK,code,L,70004203,FO,2006-01-07T18:45,2006-01-07T20:30,ORY,472931517
IJHOWFZO,code,L,70004200,CSD,2006-01-07T09:05,2006-01-07T11:15,MLH,472931517
IJHOWFZO,code,L,70004197,CSD,2006-01-07T12:10,2006-01-07T13:10,ORY,472931517
IJHOWFZO,code,L,70004202,CSD,2006-01-07T13:55,2006-01-07T15:05,MLH,472931517
IJHOWFZO,code,L,70004203,CSD,2006-01-07T18:45,2006-01-07T20:30,ORY,472931517
NEFMGWVW,code,L,70004200,CSD,2006-01-07T09:05,2006-01-07T11:15,MLH,472931517
NEFMGWVW,code,L,70004197,CSD,2006-01-07T12:10,2006-01-07T13:10,ORY,472931517
NEFMGWVW,code,L,70004202,CSD,2006-01-07T13:55,2006-01-07T15:05,MLH,472931517
NEFMGWVW,code,L,70004203,CSD,2006-01-07T18:45,2006-01-07T20:30,ORY,472931517
KBBXTJMZ,code,L,70004200,ST,2006-01-07T09:05,2006-01-07T11:15,MLH,472931517
KBBXTJMZ,code,L,70004197,ST,2006-01-07T12:10,2006-01-07T13:10,ORY,472931517
KBBXTJMZ,code,L,70004202,ST,2006-01-07T13:55,2006-01-07T15:05,MLH,472931517
KBBXTJMZ,code,L,70004203,ST,2006-01-07T18:45,2006-01-07T20:30,ORY,472931517
VNNPWMIZ,code,L,70004200,ST,2006-01-07T09:05,2006-01-07T11:15,MLH,472931517
VNNPWMIZ,code,L,70004197,ST,2006-01-07T12:10,2006-01-07T13:10,ORY,472931517
VNNPWMIZ,code,L,70004202,ST,2006-01-07T13:55,2006-01-07T15:05,MLH,472931517
VNNPWMIZ,code,L,70004203,ST,2006-01-07T18:45,2006-01-07T20:30,ORY,472931517
FDHUBTFD,code,L,70004200,ST,2006-01-07T09:05,2006-01-07T11:15,MLH,472931517
FDHUBTFD,code,L,70004197,ST,2006-01-07T12:10,2006-01-07T13:10,ORY,472931517
FDHUBTFD,code,L,70004202,ST,2006-01-07T13:55,2006-01-07T15:05,MLH,472931517
FDHUBTFD,code,L,70004203,ST,2006-01-07T18:45,2006-01-07T20:30,ORY,472931517
BFJNYURZ,code,L,70004200,ST,2006-01-07T09:05,2006-01-07T11:15,MLH,472931517
BFJNYURZ,code,L,70004197,ST,2006-01-07T12:10,2006-01-07T13:10,ORY,472931517
BFJNYURZ,code,L,70004202,ST,2006-01-07T13:55,2006-01-07T15:05,MLH,472931517
BFJNYURZ,code,L,70004203,ST,2006-01-07T18:45,2006-01-07T20:30,ORY,472931517
PBGWNNIE,code,L,70004200,ST,2006-01-07T09:05,2006-01-07T11:15,MLH,472931517
PBGWNNIE,code,L,70004197,ST,2006-01-07T12:10,2006-01-07T13:10,ORY,472931517
PBGWNNIE,code,L,70004202,ST,2006-01-07T13:55,2006-01-07T15:05,MLH,472931517
PBGWNNIE,code,L,70004203,ST,2006-01-07T18:45,2006-01-07T20:30,ORY,472931517
UTRYUCRI,code,L,70004200,ST,2006-01-07T09:05,2006-01-07T11:15,MLH,472931517
UTRYUCRI,code,L,70004197,ST,2006-01-07T12:10,2006-01-07T13:10,ORY,472931517
UTRYUCRI,code,L,70004202,ST,2006-01-07T13:55,2006-01-07T15:05,MLH,472931517
UTRYUCRI,code,L,70004203,ST,2006-01-07T18:45,2006-01-07T20:30,ORY,472931517
XONTMQQU,code,L,70004320,CP,2006-01-07T09:10,2006-01-07T11:30,PUF,1321446349
XONTMQQU,code,L,70004317,CP,2006-01-07T12:05,2006-01-07T13:20,ORY,1321446349
XONTMQQU,code,L,70004322,CP,2006-01-07T14:10,2006-01-07T15:30,PUF,1321446349
XONTMQQU,code,L,70004319,CP,2006-01-07T16:20,2006-01-07T17:35,ORY,1321446349
XONTMQQU,code,L,70004324,CP,2006-01-07T18:30,2006-01-07T19:50,PUF,1321446349
XONTMQQU,code,L,70004321,CP,2006-01-07T20:25,2006-01-07T22:25,ORY,1321446349
DSWIXGTQ,code,L,70004320,FO,2006-01-07T09:10,2006-01-07T11:30,PUF,1321446349
DSWIXGTQ,code,L,70004317,FO,2006-01-07T12:05,2006-01-07T13:20,ORY,1321446349
DSWIXGTQ,code,L,70004322,FO,2006-01-07T14:10,2006-01-07T15:30,PUF,1321446349
DSWIXGTQ,code,L,70004319,FO,2006-01-07T16:20,2006-01-07T17:35,ORY,1321446349
DSWIXGTQ,code,L,70004324,FO,2006-01-07T18:30,2006-01-07T19:50,PUF,1321446349
DSWIXGTQ,code,L,70004321,FO,2006-01-07T20:25,2006-01-07T22:25,ORY,1321446349
GHWFZXFI,code,L,70004320,CSD,2006-01-07T09:10,2006-01-07T11:30,PUF,1321446349
GHWFZXFI,code,L,70004317,CSD,2006-01-07T12:05,2006-01-07T13:20,ORY,1321446349
GHWFZXFI,code,L,70004322,CSD,2006-01-07T14:10,2006-01-07T15:30,PUF,1321446349
GHWFZXFI,code,L,70004319,CSD,2006-01-07T16:20,2006-01-07T17:35,ORY,1321446349
GHWFZXFI,code,L,70004324,CSD,2006-01-07T18:30,2006-01-07T19:50,PUF,1321446349
GHWFZXFI,code,L,70004321,CSD,2006-01-07T20:25,2006-01-07T22:25,ORY,1321446349
UNHSHRYW,code,L,70004320,CSD,2006-01-07T09:10,2006-01-07T11:30,PUF,1321446349
UNHSHRYW,code,L,70004317,CSD,2006-01-07T12:05,2006-01-07T13:20,ORY,1321446349
UNHSHRYW,code,L,70004322,CSD,2006-01-07T14:10,2006-01-07T15:30,PUF,1321446349
UNHSHRYW,code,L,70004319,CSD,2006-01-07T16:20,2006-01-07T17:35,ORY,1321446349
UNHSHRYW,code,L,70004324,CSD,2006-01-07T18:30,2006-01-07T19:50,PUF,1321446349
UNHSHRYW,code,L,70004321,CSD,2006-01-07T20:25,2006-01-07T22:25,ORY,1321446349
VCLYBMBD,code,L,70004320,ST,2006-01-07T09:10,2006-01-07T11:30,PUF,1321446349
VCLYBMBD,code,L,70004317,ST,2006-01-07T12:05,2006-01-07T13:20,ORY,1321446349
VCLYBMBD,code,L,70004322,ST,2006-01-07T14:10,2006-01-07T15:30,PUF,1321446349
VCLYBMBD,code,L,70004319,ST,2006-01-07T16:20,2006-01-07T17:35,ORY,1321446349
VCLYBMBD,code,L,70004324,ST,2006-01-07T18:30,2006-01-07T19:50,PUF,1321446349
VCLYBMBD,code,L,70004321,ST,2006-01-07T20:25,2006-01-07T22:25,ORY,1321446349
UEKMVYFK,code,L,70004320,ST,2006-01-07T09:10,2006-01-07T11:30,PUF,1321446349
UEKMVYFK,code,L,70004317,ST,2006-01-07T12:05,2006-01-07T13:20,ORY,1321446349
UEKMVYFK,code,L,70004322,ST,2006-01-07T14:10,2006-01-07T15:30,PUF,1321446349
UEKMVYFK,code,L,70004319,ST,2006-01-07T16:20,2006-01-07T17:35,ORY,1321446349
UEKMVYFK,code,L,70004324,ST,2006-01-07T18:30,2006-01-07T19:50,PUF,1321446349
UEKMVYFK,code,L,70004321,ST,2006-01-07T20:25,2006-01-07T22:25,ORY,1321446349
BAZDHRJL,code,L,70004320,ST,2006-01-07T09:10,2006-01-07T11:30,PUF,1321446349
BAZDHRJL,code,L,70004317,ST,2006-01-07T12:05,2006-01-07T13:20,ORY,1321446349
BAZDHRJL,code,L,70004322,ST,2006-01-07T14:10,2006-01-07T15:30,PUF,1321446349
BAZDHRJL,code,L,70004319,ST,2006-01-07T16:20,2006-01-07T17:35,ORY,1321446349
BAZDHRJL,code,L,70004324,ST,2006-01-07T18:30,2006-01-07T19:50,PUF,1321446349
BAZDHRJL,code,L,70004321,ST,2006-01-07T20:25,2006-01-07T22:25,ORY,1321446349
ZWBTOFSI,code,L,70004320,ST,2006-01-07T09:10,2006-01-07T11:30,PUF,1321446349
ZWBTOFSI,code,L,70004317,ST,2006-01-07T12:05,2006-01-07T13:20,ORY,1321446349
ZWBTOFSI,code,L,70004322,ST,2006-01-07T14:10,2006-01-07T15:30,PUF,1321446349
ZWBTOFSI,code,L,70004319,ST,2006-01-07T16:20,2006-01-07T17:35,ORY,1321446349
ZWBTOFSI,code,L,70004324,ST,2006-01-07T18:30,2006-01-07T19:50,PUF,1321446349
ZWBTOFSI,code,L,70004321,ST,2006-01-07T20:25,2006-01-07T22:25,ORY,1321446349
QEUXEMND,code,L,70004320,ST,2006-01-07T09:10,2006-01-07T11:30,PUF,1321446349
QEUXEMND,code,L,70004317,ST,2006-01-07T12:05,2006-01-07T13:20,ORY,1321446349
QEUXEMND,code,L,70004322,ST,2006-01-07T14:10,2006-01-07T15:30,PUF,1321446349
QEUXEMND,code,L,70004319,ST,2006-01-07T16:20,2006-01-07T17:35,ORY,1321446349
QEUXEMND,code,L,70004324,ST,2006-01-07T18:30,2006-01-07T19:50,PUF,1321446349
QEUXEMND,code,L,70004321,ST,2006-01-07T20:25,2006-01-07T22:25,ORY,1321446349
AARCWUJA,code,L,70004320,ST,2006-01-07T09:10,2006-01-07T11:30,PUF,1321446349
AARCWUJA,code,L,70004317,ST,2006-01-07T12:05,2006-01-07T13:20,ORY,1321446349
AARCWUJA,code,L,70004322,ST,2006-01-07T14:10,2006-01-07T15:30,PUF,1321446349
AARCWUJA,code,L,70004319,ST,2006-01-07T16:20,2006-01-07T17:35,ORY,1321446349
AARCWUJA,code,L,70004324,ST,2006-01-07T18:30,2006-01-07T19:50,PUF,1321446349
AARCWUJA,code,L,70004321,ST,2006-01-07T20:25,2006-01-07T22:25,ORY,1321446349
DBBOXXJQ,code,L,70004725,CP,2006-01-07T09:10,2006-01-07T11:25,NTE,1056745520
DBBOXXJQ,code,L,70004705,CP,2006-01-07T15:00,2006-01-07T16:05,LYS,1056745520
DBBOXXJQ,code,L,70004706,CP,2006-01-07T16:55,2006-01-07T17:55,TLS,1056745520
DBBOXXJQ,code,L,70004730,CP,2006-01-07T18:45,2006-01-07T20:45,LYS,1056745520
QJOHDXIA,code,L,70004725,FO,2006-01-07T09:10,2006-01-07T11:25,NTE,1056745520
QJOHDXIA,code,L,70004705,FO,2006-01-07T15:00,2006-01-07T16:05,LYS,1056745520
QJOHDXIA,code,L,70004706,FO,2006-01-07T16:55,2006-01-07T17:55,TLS,1056745520
QJOHDXIA,code,L,70004730,FO,2006-01-07T18:45,2006-01-07T20:45,LYS,1056745520
RQLNPPOX,code,L,70004725,CSD,2006-01-07T09:10,2006-01-07T11:25,NTE,1056745520
RQLNPPOX,code,L,70004705,CSD,2006-01-07T15:00,2006-01-07T16:05,LYS,1056745520
RQLNPPOX,code,L,70004706,CSD,2006-01-07T16:55,2006-01-07T17:55,TLS,1056745520
RQLNPPOX,code,L,70004730,CSD,2006-01-07T18:45,2006-01-07T20:45,LYS,1056745520
KVOHDGJW,code,L,70004725,CSD,2006-01-07T09:10,2006-01-07T11:25,NTE,1056745520
KVOHDGJW,code,L,70004705,CSD,2006-01-07T15:00,2006-01-07T16:05,LYS,1056745520
KVOHDGJW,code,L,70004706,CSD,2006-01-07T16:55,2006-01-07T17:55,TLS,1056745520
KVOHDGJW,code,L,70004730,CSD,2006-01-07T18:45,2006-01-07T20:45,LYS,1056745520
QKMUSGMO,code,L,70004725,ST,2006-01-07T09:10,2006-01-07T11:25,NTE,1056745520
QKMUSGMO,code,L,70004705,ST,2006-01-07T15:00,2006-01-07T16:05,LYS,1056745520
QKMUSGMO,code,L,70004706,ST,2006-01-07T16:55,2006-01-07T17:55,TLS,1056745520
QKMUSGMO,code,L,70004730,ST,2006-01-07T18:45,2006-01-07T20:45,LYS,1056745520
RBOCTZCC,code,L,70004725,ST,2006-01-07T09:10,2006-01-07T11:25,NTE,1056745520
RBOCTZCC,code,L,70004705,ST,2006-01-07T15:00,2006-01-07T16:05,LYS,1056745520
RBOCTZCC,code,L,70004706,ST,2006-01-07T16:55,2006-01-07T17:55,TLS,1056745520
RBOCTZCC,code,L,70004730,ST,2006-01-07T18:45,2006-01-07T20:45,LYS,1056745520
LHXLWZZQ,code,L,70004725,ST,2006-01-07T09:10,2006-01-07T11:25,NTE,1056745520
LHXLWZZQ,code,L,70004705,ST,2006-01-07T15:00,2006-01-07T16:05,LYS,1056745520
LHXLWZZQ,code,L,70004706,ST,2006-01-07T16:55,2006-01-07T17:55,TLS,1056745520
LHXLWZZQ,code,L,70004730,ST,2006-01-07T18:45,2006-01-07T20:45,LYS,1056745520
DCQXYDLP,code,L,70004725,ST,2006-01-07T09:10,2006-01-07T11:25,NTE,1056745520
DCQXYDLP,code,L,70004705,ST,2006-01-07T15:00,2006-01-07T16:05,LYS,1056745520
DCQXYDLP,code,L,70004706,ST,2006-01-07T16:55,2006-01-07T17:55,TLS,1056745520
DCQXYDLP,code,L,70004730,ST,2006-01-07T18:45,2006-01-07T20:45,LYS,1056745520
MILRUZBQ,code,L,70004725,ST,2006-01-07T09:10,2006-01-07T11:25,NTE,1056745520
MILRUZBQ,code,L,70004705,ST,2006-01-07T15:00,2006-01-07T16:05,LYS,1056745520
MILRUZBQ,code,L,70004706,ST,2006-01-07T16:55,2006-01-07T17:55,TLS,1056745520
MILRUZBQ,code,L,70004730,ST,2006-01-07T18:45,2006-01-07T20:45,LYS,1056745520
XMTTDXPJ,code,L,70004725,ST,2006-01-07T09:10,2006-01-07T11:25,NTE,1056745520
XMTTDXPJ,code,L,70004705,ST,2006-01-07T15:00,2006-01-07T16:05,LYS,1056745520
XMTTDXPJ,code,L,70004706,ST,2006-01-07T16:55,2006-01-07T17:55,TLS,1056745520
XMTTDXPJ,code,L,70004730,ST,2006-01-07T18:45,2006-01-07T20:45,LYS,1056745520
YXJEGKOF,code,L,70002886,CP,2006-01-07T09:30,2006-01-07T11:50,MRS,1485403625
YXJEGKOF,code,L,70002919,CP,2006-01-07T12:35,2006-01-07T13:50,ORY,1485403625
YXJEGKOF,code,L,70002896,CP,2006-01-07T14:30,2006-01-07T15:50,MRS,1485403625
YXJEGKOF,code,L,70002899,CP,2006-01-07T16:35,2006-01-07T18:35,ORY,1485403625
OEEEVAQC,code,L,70002886,FO,2006-01-07T09:30,2006-01-07T11:50,MRS,1485403625
OEEEVAQC,code,L,70002919,FO,2006-01-07T12:35,2006-01-07T13:50,ORY,1485403625
OEEEVAQC,code,L,70002896,FO,2006-01-07T14:30,2006-01-07T15:50,MRS,1485403625
OEEEVAQC,code,L,70002899,FO,2006-01-07T16:35,2006-01-07T18:35,ORY,1485403625
JHYFHRTY,code,L,70002886,CSD,2006-01-07T09:30,2006-01-07T11:50,MRS,1485403625
JHYFHRTY,code,L,70002919,CSD,2006-01-07T12:35,2006-01-07T13:50,ORY,1485403625
JHYFHRTY,code,L,70002896,CSD,2006-01-07T14:30,2006-01-07T15:50,MRS,1485403625
JHYFHRTY,code,L,70002899,CSD,2006-01-07T16:35,2006-01-07T18:35,ORY,1485403625
IXREXUVL,code,L,70002886,CSD,2006-01-07T09:30,2006-01-07T11:50,MRS,1485403625
IXREXUVL,code,L,70002919,CSD,2006-01-07T12:35,2006-01-07T13:50,ORY,1485403625
IXREXUVL,code,L,70002896,CSD,2006-01-07T14:30,2006-01-07T15:50,MRS,1485403625
IXREXUVL,code,L,70002899,CSD,2006-01-07T16:35,2006-01-07T18:35,ORY,1485403625
JCKLHYIX,code,L,70002886,ST,2006-01-07T09:30,2006-01-07T11:50,MRS,1485403625
JCKLHYIX,code,L,70002919,ST,2006-01-07T12:35,2006-01-07T13:50,ORY,1485403625
JCKLHYIX,code,L,70002896,ST,2006-01-07T14:30,2006-01-07T15:50,MRS,1485403625
JCKLHYIX,code,L,70002899,ST,2006-01-07T16:35,2006-01-07T18:35,ORY,1485403625
YJXAKGNQ,code,L,70002886,ST,2006-01-07T09:30,2006-01-07T11:50,MRS,1485403625
YJXAKGNQ,code,L,70002919,ST,2006-01-07T12:35,2006-01-07T13:50,ORY,1485403625
YJXAKGNQ,code,L,70002896,ST,2006-01-07T14:30,2006-01-07T15:50,MRS,1485403625
YJXAKGNQ,code,L,70002899,ST,2006-01-07T16:35,2006-01-07T18:35,ORY,1485403625
VVIDFJFV,code,L,70002886,ST,2006-01-07T09:30,2006-01-07T11:50,MRS,1485403625
VVIDFJFV,code,L,70002919,ST,2006-01-07T12:35,2006-01-07T13:50,ORY,1485403625
VVIDFJFV,code,L,70002896,ST,2006-01-07T14:30,2006-01-07T15:50,MRS,1485403625
VVIDFJFV,code,L,70002899,ST,2006-01-07T16:35,2006-01-07T18:35,ORY,1485403625
IVTEOTZN,code,L,70002886,ST,2006-01-07T09:30,2006-01-07T11:50,MRS,1485403625
IVTEOTZN,code,L,70002919,ST,2006-01-07T12:35,2006-01-07T13:50,ORY,1485403625
IVTEOTZN,code,L,70002896,ST,2006-01-07T14:30,2006-01-07T15:50,MRS,1485403625
IVTEOTZN,code,L,70002899,ST,2006-01-07T16:35,2006-01-07T18:35,ORY,1485403625
BXDNHSAO,code,L,70002886,ST,2006-01-07T09:30,2006-01-07T11:50,MRS,1485403625
BXDNHSAO,code,L,70002919,ST,2006-01-07T12:35,2006-01-07T13:50,ORY,1485403625
BXDNHSAO,code,L,70002896,ST,2006-01-07T14:30,2006-01-07T15:50,MRS,1485403625
BXDNHSAO,code,L,70002899,ST,2006-01-07T16:35,2006-01-07T18:35,ORY,1485403625
FVKDREWW,code,L,70002886,ST,2006-01-07T09:30,2006-01-07T11:50,MRS,1485403625
FVKDREWW,code,L,70002919,ST,2006-01-07T12:35,2006-01-07T13:50,ORY,1485403625
FVKDREWW,code,L,70002896,ST,2006-01-07T14:30,2006-01-07T15:50,MRS,1485403625
FVKDREWW,code,L,70002899,ST,2006-01-07T16:35,2006-01-07T18:35,ORY,1485403625
WROGDUNA,code,L,70004624,CP,2006-01-07T09:30,2006-01-07T11:40,SXB,147048153
WROGDUNA,code,L,70004627,CP,2006-01-07T13:10,2006-01-07T14:20,CDG,147048153
WROGDUNA,code,L,70004628,CP,2006-01-07T15:15,2006-01-07T16:25,SXB,147048153
WROGDUNA,code,L,70004631,CP,2006-01-07T17:45,2006-01-07T19:35,CDG,147048153
OKFKZFFS,code,L,70004624,FO,2006-01-07T09:30,2006-01-07T11:40,SXB,147048153
OKFKZFFS,code,L,70004627,FO,2006-01-07T13:10,2006-01-07T14:20,CDG,147048153
OKFKZFFS,code,L,70004628,FO,2006-01-07T15:15,2006-01-07T16:25,SXB,147048153
OKFKZFFS,code,L,70004631,FO,2006-01-07T17:45,2006-01-07T19:35,CDG,147048153
FASHUYOW,code,L,70004624,CS,2006-01-07T09:30,2006-01-07T11:40,SXB,147048153
FASHUYOW,code,L,70004627,CS,2006-01-07T13:10,2006-01-07T14:20,CDG,147048153
FASHUYOW,code,L,70004628,CS,2006-01-07T15:15,2006-01-07T16:25,SXB,147048153
FASHUYOW,code,L,70004631,CS,2006-01-07T17:45,2006-01-07T19:35,CDG,147048153
UGSSJLCT,code,L,70004624,ST,2006-01-07T09:30,2006-01-07T11:40,SXB,147048153
UGSSJLCT,code,L,70004627,ST,2006-01-07T13:10,2006-01-07T14:20,CDG,147048153
UGSSJLCT,code,L,70004628,ST,2006-01-07T15:15,2006-01-07T16:25,SXB,147048153
UGSSJLCT,code,L,70004631,ST,2006-01-07T17:45,2006-01-07T19:35,CDG,147048153
LZGZOBLA,code,L,70004624,ST,2006-01-07T09:30,2006-01-07T11:40,SXB,147048153
LZGZOBLA,code,L,70004627,ST,2006-01-07T13:10,2006-01-07T14:20,CDG,147048153
LZGZOBLA,code,L,70004628,ST,2006-01-07T15:15,2006-01-07T16:25,SXB,147048153
LZGZOBLA,code,L,70004631,ST,2006-01-07T17:45,2006-01-07T19:35,CDG,147048153
LSCEBAQF,code,L,70003097,CP,2006-01-07T09:35,2006-01-07T11:55,ORY,29236707
LSCEBAQF,code,L,70003086,CP,2006-01-07T12:35,2006-01-07T14:00,NCE,29236707
LSCEBAQF,code,L,70003127,CP,2006-01-07T15:10,2006-01-07T16:15,ORY,29236707
LSCEBAQF,code,L,70003134,CP,2006-01-07T17:05,2006-01-07T19:00,BOD,29236707
WGVPLDDS,code,L,70003097,FO,2006-01-07T09:35,2006-01-07T11:55,ORY,29236707
WGVPLDDS,code,L,70003086,FO,2006-01-07T12:35,2006-01-07T14:00,NCE,29236707
WGVPLDDS,code,L,70003127,FO,2006-01-07T15:10,2006-01-07T16:15,ORY,29236707
WGVPLDDS,code,L,70003134,FO,2006-01-07T17:05,2006-01-07T19:00,BOD,29236707
EIBMSWOS,code,L,70003097,CSD,2006-01-07T09:35,2006-01-07T11:55,ORY,29236707
EIBMSWOS,code,L,70003086,CSD,2006-01-07T12:35,2006-01-07T14:00,NCE,29236707
EIBMSWOS,code,L,70003127,CSD,2006-01-07T15:10,2006-01-07T16:15,ORY,29236707
EIBMSWOS,code,L,70003134,CSD,2006-01-07T17:05,2006-01-07T19:00,BOD,29236707
SDAEWVAQ,code,L,70003097,CSD,2006-01-07T09:35,2006-01-07T11:55,ORY,29236707
SDAEWVAQ,code,L,70003086,CSD,2006-01-07T12:35,2006-01-07T14:00,NCE,29236707
SDAEWVAQ,code,L,70003127,CSD,2006-01-07T15:10,2006-01-07T16:15,ORY,29236707
SDAEWVAQ,code,L,70003134,CSD,2006-01-07T17:05,2006-01-07T19:00,BOD,29236707
WMNRUQCW,code,L,70003097,ST,2006-01-07T09:35,2006-01-07T11:55,ORY,29236707
WMNRUQCW,code,L,70003086,ST,2006-01-07T12:35,2006-01-07T14:00,NCE,29236707
WMNRUQCW,code,L,70003127,ST,2006-01-07T15:10,2006-01-07T16:15,ORY,29236707
WMNRUQCW,code,L,70003134,ST,2006-01-07T17:05,2006-01-07T19:00,BOD,29236707
NVPUDBBG,code,L,70003097,ST,2006-01-07T09:35,2006-01-07T11:55,ORY,29236707
NVPUDBBG,code,L,70003086,ST,2006-01-07T12:35,2006-01-07T14:00,NCE,29236707
NVPUDBBG,code,L,70003127,ST,2006-01-07T15:10,2006-01-07T16:15,ORY,29236707
NVPUDBBG,code,L,70003134,ST,2006-01-07T17:05,2006-01-07T19:00,BOD,29236707
QBRUGLVC,code,L,70003097,ST,2006-01-07T09:35,2006-01-07T11:55,ORY,29236707
QBRUGLVC,code,L,70003086,ST,2006-01-07T12:35,2006-01-07T14:00,NCE,29236707
QBRUGLVC,code,L,70003127,ST,2006-01-07T15:10,2006-01-07T16:15,ORY,29236707
QBRUGLVC,code,L,70003134,ST,2006-01-07T17:05,2006-01-07T19:00,BOD,29236707
XJRVPTZT,code,L,70003097,ST,2006-01-07T09:35,2006-01-07T11:55,ORY,29236707
XJRVPTZT,code,L,70003086,ST,2006-01-07T12:35,2006-01-07T14:00,NCE,29236707
XJRVPTZT,code,L,70003127,ST,2006-01-07T15:10,2006-01-07T16:15,ORY,29236707
XJRVPTZT,code,L,70003134,ST,2006-01-07T17:05,2006-01-07T19:00,BOD,29236707
PRRXCPGV,code,L,70003097,ST,2006-01-07T09:35,2006-01-07T11:55,ORY,29236707
PRRXCPGV,code,L,70003086,ST,2006-01-07T12:35,2006-01-07T14:00,NCE,29236707
PRRXCPGV,code,L,70003127,ST,2006-01-07T15:10,2006-01-07T16:15,ORY,29236707
PRRXCPGV,code,L,70003134,ST,2006-01-07T17:05,2006-01-07T19:00,BOD,29236707
ZBMBEWPC,code,L,70003097,ST,2006-01-07T09:35,2006-01-07T11:55,ORY,29236707
ZBMBEWPC,code,L,70003086,ST,2006-01-07T12:35,2006-01-07T14:00,NCE,29236707
ZBMBEWPC,code,L,70003127,ST,2006-01-07T15:10,2006-01-07T16:15,ORY,29236707
ZBMBEWPC,code,L,70003134,ST,2006-01-07T17:05,2006-01-07T19:00,BOD,29236707
VAEEHHCQ,code,L,70002982,CP,2006-01-07T09:40,2006-01-07T12:00,TLS,461272858
VAEEHHCQ,code,L,70002985,CP,2006-01-07T12:50,2006-01-07T14:00,ORY,461272858
VAEEHHCQ,code,L,70002992,CP,2006-01-07T14:40,2006-01-07T16:00,TLS,461272858
VAEEHHCQ,code,L,70002999,CP,2006-01-07T16:50,2006-01-07T18:45,ORY,461272858
HCJOSGRY,code,L,70002982,FO,2006-01-07T09:40,2006-01-07T12:00,TLS,461272858
HCJOSGRY,code,L,70002985,FO,2006-01-07T12:50,2006-01-07T14:00,ORY,461272858
HCJOSGRY,code,L,70002992,FO,2006-01-07T14:40,2006-01-07T16:00,TLS,461272858
HCJOSGRY,code,L,70002999,FO,2006-01-07T16:50,2006-01-07T18:45,ORY,461272858
XWUHJMPF,code,L,70002982,CSD,2006-01-07T09:40,2006-01-07T12:00,TLS,461272858
XWUHJMPF,code,L,70002985,CSD,2006-01-07T12:50,2006-01-07T14:00,ORY,461272858
XWUHJMPF,code,L,70002992,CSD,2006-01-07T14:40,2006-01-07T16:00,TLS,461272858
XWUHJMPF,code,L,70002999,CSD,2006-01-07T16:50,2006-01-07T18:45,ORY,461272858
NLPQAYQC,code,L,70002982,CSD,2006-01-07T09:40,2006-01-07T12:00,TLS,461272858
NLPQAYQC,code,L,70002985,CSD,2006-01-07T12:50,2006-01-07T14:00,ORY,461272858
NLPQAYQC,code,L,70002992,CSD,2006-01-07T14:40,2006-01-07T16:00,TLS,461272858
NLPQAYQC,code,L,70002999,CSD,2006-01-07T16:50,2006-01-07T18:45,ORY,461272858
NQAIFNUB,code,L,70002982,ST,2006-01-07T09:40,2006-01-07T12:00,TLS,461272858
NQAIFNUB,code,L,70002985,ST,2006-01-07T12:50,2006-01-07T14:00,ORY,461272858
NQAIFNUB,code,L,70002992,ST,2006-01-07T14:40,2006-01-07T16:00,TLS,461272858
NQAIFNUB,code,L,70002999,ST,2006-01-07T16:50,2006-01-07T18:45,ORY,461272858
LEPMUPCP,code,L,70002982,ST,2006-01-07T09:40,2006-01-07T12:00,TLS,461272858
LEPMUPCP,code,L,70002985,ST,2006-01-07T12:50,2006-01-07T14:00,ORY,461272858
LEPMUPCP,code,L,70002992,ST,2006-01-07T14:40,2006-01-07T16:00,TLS,461272858
LEPMUPCP,code,L,70002999,ST,2006-01-07T16:50,2006-01-07T18:45,ORY,461272858
WWRNKXVF,code,L,70002982,ST,2006-01-07T09:40,2006-01-07T12:00,TLS,461272858
WWRNKXVF,code,L,70002985,ST,2006-01-07T12:50,2006-01-07T14:00,ORY,461272858
WWRNKXVF,code,L,70002992,ST,2006-01-07T14:40,2006-01-07T16:00,TLS,461272858
WWRNKXVF,code,L,70002999,ST,2006-01-07T16:50,2006-01-07T18:45,ORY,461272858
OXBOSYSE,code,L,70002982,ST,2006-01-07T09:40,2006-01-07T12:00,TLS,461272858
OXBOSYSE,code,L,70002985,ST,2006-01-07T12:50,2006-01-07T14:00,ORY,461272858
OXBOSYSE,code,L,70002992,ST,2006-01-07T14:40,2006-01-07T16:00,TLS,461272858
OXBOSYSE,code,L,70002999,ST,2006-01-07T16:50,2006-01-07T18:45,ORY,461272858
BYTFSUSA,code,L,70002982,ST,2006-01-07T09:40,2006-01-07T12:00,TLS,461272858
BYTFSUSA,code,L,70002985,ST,2006-01-07T12:50,2006-01-07T14:00,ORY,461272858
BYTFSUSA,code,L,70002992,ST,2006-01-07T14:40,2006-01-07T16:00,TLS,461272858
BYTFSUSA,code,L,70002999,ST,2006-01-07T16:50,2006-01-07T18:45,ORY,461272858
RTUECRXS,code,L,70002982,ST,2006-01-07T09:40,2006-01-07T12:00,TLS,461272858
RTUECRXS,code,L,70002985,ST,2006-01-07T12:50,2006-01-07T14:00,ORY,461272858
RTUECRXS,code,L,70002992,ST,2006-01-07T14:40,2006-01-07T16:00,TLS,461272858
RTUECRXS,code,L,70002999,ST,2006-01-07T16:50,2006-01-07T18:45,ORY,461272858
QHCPOXEA,code,L,70002981,CP,2006-01-07T09:50,2006-01-07T12:00,ORY,100621466
QHCPOXEA,code,L,70002986,CP,2006-01-07T12:40,2006-01-07T14:00,TLS,100621466
QHCPOXEA,code,L,70002991,CP,2006-01-07T14:50,2006-01-07T16:00,ORY,100621466
QHCPOXEA,code,L,70003000,CP,2006-01-07T16:40,2006-01-07T18:45,TLS,100621466
OUYKGKHV,code,L,70002981,FO,2006-01-07T09:50,2006-01-07T12:00,ORY,100621466
OUYKGKHV,code,L,70002986,FO,2006-01-07T12:40,2006-01-07T14:00,TLS,100621466
OUYKGKHV,code,L,70002991,FO,2006-01-07T14:50,2006-01-07T16:00,ORY,100621466
OUYKGKHV,code,L,70003000,FO,2006-01-07T16:40,2006-01-07T18:45,TLS,100621466
WLTANWZO,code,L,70002981,CSD,2006-01-07T09:50,2006-01-07T12:00,ORY,100621466
WLTANWZO,code,L,70002986,CSD,2006-01-07T12:40,2006-01-07T14:00,TLS,100621466
WLTANWZO,code,L,70002991,CSD,2006-01-07T14:50,2006-01-07T16:00,ORY,100621466
WLTANWZO,code,L,70003000,CSD,2006-01-07T16:40,2006-01-07T18:45,TLS,100621466
NUGKBZOR,code,L,70002981,CSD,2006-01-07T09:50,2006-01-07T12:00,ORY,100621466
NUGKBZOR,code,L,70002986,CSD,2006-01-07T12:40,2006-01-07T14:00,TLS,100621466
NUGKBZOR,code,L,70002991,CSD,2006-01-07T14:50,2006-01-07T16:00,ORY,100621466
NUGKBZOR,code,L,70003000,CSD,2006-01-07T16:40,2006-01-07T18:45,TLS,100621466
HYNIZXVJ,code,L,70002981,ST,2006-01-07T09:50,2006-01-07T12:00,ORY,100621466
HYNIZXVJ,code,L,70002986,ST,2006-01-07T12:40,2006-01-07T14:00,TLS,100621466
HYNIZXVJ,code,L,70002991,ST,2006-01-07T14:50,2006-01-07T16:00,ORY,100621466
HYNIZXVJ,code,L,70003000,ST,2006-01-07T16:40,2006-01-07T18:45,TLS,100621466
DSKPRZBX,code,L,70002981,ST,2006-01-07T09:50,2006-01-07T12:00,ORY,100621466
DSKPRZBX,code,L,70002986,ST,2006-01-07T12:40,2006-01-07T14:00,TLS,100621466
DSKPRZBX,code,L,70002991,ST,2006-01-07T14:50,2006-01-07T16:00,ORY,100621466
DSKPRZBX,code,L,70003000,ST,2006-01-07T16:40,2006-01-07T18:45,TLS,100621466
GVEOMOUR,code,L,70002981,ST,2006-01-07T09:50,2006-01-07T12:00,ORY,100621466
GVEOMOUR,code,L,70002986,ST,2006-01-07T12:40,2006-01-07T14:00,TLS,100621466
GVEOMOUR,code,L,70002991,ST,2006-01-07T14:50,2006-01-07T16:00,ORY,100621466
GVEOMOUR,code,L,70003000,ST,2006-01-07T16:40,2006-01-07T18:45,TLS,100621466
RSMXMFHD,code,L,70002981,ST,2006-01-07T09:50,2006-01-07T12:00,ORY,100621466
RSMXMFHD,code,L,70002986,ST,2006-01-07T12:40,2006-01-07T14:00,TLS,100621466
RSMXMFHD,code,L,70002991,ST,2006-01-07T14:50,2006-01-07T16:00,ORY,100621466
RSMXMFHD,code,L,70003000,ST,2006-01-07T16:40,2006-01-07T18:45,TLS,100621466
DWINRFPJ,code,L,70002981,ST,2006-01-07T09:50,2006-01-07T12:00,ORY,100621466
DWINRFPJ,code,L,70002986,ST,2006-01-07T12:40,2006-01-07T14:00,TLS,100621466
DWINRFPJ,code,L,70002991,ST,2006-01-07T14:50,2006-01-07T16:00,ORY,100621466
DWINRFPJ,code,L,70003000,ST,2006-01-07T16:40,2006-01-07T18:45,TLS,100621466
NQDTPWSP,code,L,70002981,ST,2006-01-07T09:50,2006-01-07T12:00,ORY,100621466
NQDTPWSP,code,L,70002986,ST,2006-01-07T12:40,2006-01-07T14:00,TLS,100621466
NQDTPWSP,code,L,70002991,ST,2006-01-07T14:50,2006-01-07T16:00,ORY,100621466
NQDTPWSP,code,L,70003000,ST,2006-01-07T16:40,2006-01-07T18:45,TLS,100621466
SSUCSZDM,code,L,70004516,CP,2006-01-07T09:55,2006-01-07T12:05,LYS,830250430
SSUCSZDM,code,L,70004509,CP,2006-01-07T13:10,2006-01-07T14:20,CDG,830250430
SSUCSZDM,code,L,70004510,CP,2006-01-07T16:15,2006-01-07T17:25,LYS,830250430
SSUCSZDM,code,L,70004513,CP,2006-01-07T20:30,2006-01-07T22:25,CDG,830250430
JUSYMEFJ,code,L,70004516,FO,2006-01-07T09:55,2006-01-07T12:05,LYS,830250430
JUSYMEFJ,code,L,70004509,FO,2006-01-07T13:10,2006-01-07T14:20,CDG,830250430
JUSYMEFJ,code,L,70004510,FO,2006-01-07T16:15,2006-01-07T17:25,LYS,830250430
JUSYMEFJ,code,L,70004513,FO,2006-01-07T20:30,2006-01-07T22:25,CDG,830250430
NHVGTLHF,code,L,70004516,CSD,2006-01-07T09:55,2006-01-07T12:05,LYS,830250430
NHVGTLHF,code,L,70004509,CSD,2006-01-07T13:10,2006-01-07T14:20,CDG,830250430
NHVGTLHF,code,L,70004510,CSD,2006-01-07T16:15,2006-01-07T17:25,LYS,830250430
NHVGTLHF,code,L,70004513,CSD,2006-01-07T20:30,2006-01-07T22:25,CDG,830250430
HGNLZPEA,code,L,70004516,CSD,2006-01-07T09:55,2006-01-07T12:05,LYS,830250430
HGNLZPEA,code,L,70004509,CSD,2006-01-07T13:10,2006-01-07T14:20,CDG,830250430
HGNLZPEA,code,L,70004510,CSD,2006-01-07T16:15,2006-01-07T17:25,LYS,830250430
HGNLZPEA,code,L,70004513,CSD,2006-01-07T20:30,2006-01-07T22:25,CDG,830250430
VUURUPDG,code,L,70004516,ST,2006-01-07T09:55,2006-01-07T12:05,LYS,830250430
VUURUPDG,code,L,70004509,ST,2006-01-07T13:10,2006-01-07T14:20,CDG,830250430
VUURUPDG,code,L,70004510,ST,2006-01-07T16:15,2006-01-07T17:25,LYS,830250430
VUURUPDG,code,L,70004513,ST,2006-01-07T20:30,2006-01-07T22:25,CDG,830250430
NVMFSBTP,code,L,70004516,ST,2006-01-07T09:55,2006-01-07T12:05,LYS,830250430
NVMFSBTP,code,L,70004509,ST,2006-01-07T13:10,2006-01-07T14:20,CDG,830250430
NVMFSBTP,code,L,70004510,ST,2006-01-07T16:15,2006-01-07T17:25,LYS,830250430
NVMFSBTP,code,L,70004513,ST,2006-01-07T20:30,2006-01-07T22:25,CDG,830250430
EIBQASGI,code,L,70004516,ST,2006-01-07T09:55,2006-01-07T12:05,LYS,830250430
EIBQASGI,code,L,70004509,ST,2006-01-07T13:10,2006-01-07T14:20,CDG,830250430
EIBQASGI,code,L,70004510,ST,2006-01-07T16:15,2006-01-07T17:25,LYS,830250430
EIBQASGI,code,L,70004513,ST,2006-01-07T20:30,2006-01-07T22:25,CDG,830250430
AFYPIYRZ,code,L,70004516,ST,2006-01-07T09:55,2006-01-07T12:05,LYS,830250430
AFYPIYRZ,code,L,70004509,ST,2006-01-07T13:10,2006-01-07T14:20,CDG,830250430
AFYPIYRZ,code,L,70004510,ST,2006-01-07T16:15,2006-01-07T17:25,LYS,830250430
AFYPIYRZ,code,L,70004513,ST,2006-01-07T20:30,2006-01-07T22:25,CDG,830250430
ZOKFQQRR,code,L,70004516,ST,2006-01-07T09:55,2006-01-07T12:05,LYS,830250430
ZOKFQQRR,code,L,70004509,ST,2006-01-07T13:10,2006-01-07T14:20,CDG,830250430
ZOKFQQRR,code,L,70004510,ST,2006-01-07T16:15,2006-01-07T17:25,LYS,830250430
ZOKFQQRR,code,L,70004513,ST,2006-01-07T20:30,2006-01-07T22:25,CDG,830250430
XQXLSJQK,code,L,70004516,ST,2006-01-07T09:55,2006-01-07T12:05,LYS,830250430
XQXLSJQK,code,L,70004509,ST,2006-01-07T13:10,2006-01-07T14:20,CDG,830250430
XQXLSJQK,code,L,70004510,ST,2006-01-07T16:15,2006-01-07T17:25,LYS,830250430
XQXLSJQK,code,L,70004513,ST,2006-01-07T20:30,2006-01-07T22:25,CDG,830250430
IIUFLUTW,code,L,70003075,CP,2006-01-07T10:00,2006-01-07T12:20,ORY,217468053
IIUFLUTW,code,L,70003080,CP,2006-01-07T13:05,2006-01-07T14:30,NCE,217468053
IIUFLUTW,code,L,70003083,CP,2006-01-07T15:00,2006-01-07T16:20,ORY,217468053
IIUFLUTW,code,L,70003090,CP,2006-01-07T17:05,2006-01-07T19:15,NCE,217468053
SEZPUNZL,code,L,70003075,FO,2006-01-07T10:00,2006-01-07T12:20,ORY,217468053
SEZPUNZL,code,L,70003080,FO,2006-01-07T13:05,2006-01-07T14:30,NCE,217468053
SEZPUNZL,code,L,70003083,FO,2006-01-07T15:00,2006-01-07T16:20,ORY,217468053
SEZPUNZL,code,L,70003090,FO,2006-01-07T17:05,2006-01-07T19:15,NCE,217468053
LMEJKPIX,code,L,70003075,CSD,2006-01-07T10:00,2006-01-07T12:20,ORY,217468053
LMEJKPIX,code,L,70003080,CSD,2006-01-07T13:05,2006-01-07T14:30,NCE,217468053
LMEJKPIX,code,L,70003083,CSD,2006-01-07T15:00,2006-01-07T16:20,ORY,217468053
LMEJKPIX,code,L,70003090,CSD,2006-01-07T17:05,2006-01-07T19:15,NCE,217468053
PFIHDNIS,code,L,70003075,CSD,2006-01-07T10:00,2006-01-07T12:20,ORY,217468053
PFIHDNIS,code,L,70003080,CSD,2006-01-07T13:05,2006-01-07T14:30,NCE,217468053
PFIHDNIS,code,L,70003083,CSD,2006-01-07T15:00,2006-01-07T16:20,ORY,217468053
PFIHDNIS,code,L,70003090,CSD,2006-01-07T17:05,2006-01-07T19:15,NCE,217468053
AHCZFYSU,code,L,70003075,ST,2006-01-07T10:00,2006-01-07T12:20,ORY,217468053
AHCZFYSU,code,L,70003080,ST,2006-01-07T13:05,2006-01-07T14:30,NCE,217468053
AHCZFYSU,code,L,70003083,ST,2006-01-07T15:00,2006-01-07T16:20,ORY,217468053
AHCZFYSU,code,L,70003090,ST,2006-01-07T17:05,2006-01-07T19:15,NCE,217468053
NGPEQJYX,code,L,70003075,ST,2006-01-07T10:00,2006-01-07T12:20,ORY,217468053
NGPEQJYX,code,L,70003080,ST,2006-01-07T13:05,2006-01-07T14:30,NCE,217468053
NGPEQJYX,code,L,70003083,ST,2006-01-07T15:00,2006-01-07T16:20,ORY,217468053
NGPEQJYX,code,L,70003090,ST,2006-01-07T17:05,2006-01-07T19:15,NCE,217468053
GUUQBISY,code,L,70003075,ST,2006-01-07T10:00,2006-01-07T12:20,ORY,217468053
GUUQBISY,code,L,70003080,ST,2006-01-07T13:05,2006-01-07T14:30,NCE,217468053
GUUQBISY,code,L,70003083,ST,2006-01-07T15:00,2006-01-07T16:20,ORY,217468053
GUUQBISY,code,L,70003090,ST,2006-01-07T17:05,2006-01-07T19:15,NCE,217468053
VFINWVZI,code,L,70003075,ST,2006-01-07T10:00,2006-01-07T12:20,ORY,217468053
VFINWVZI,code,L,70003080,ST,2006-01-07T13:05,2006-01-07T14:30,NCE,217468053
VFINWVZI,code,L,70003083,ST,2006-01-07T15:00,2006-01-07T16:20,ORY,217468053
VFINWVZI,code,L,70003090,ST,2006-01-07T17:05,2006-01-07T19:15,NCE,217468053
KBXPPGGA,code,L,70003075,ST,2006-01-07T10:00,2006-01-07T12:20,ORY,217468053
KBXPPGGA,code,L,70003080,ST,2006-01-07T13:05,2006-01-07T14:30,NCE,217468053
KBXPPGGA,code,L,70003083,ST,2006-01-07T15:00,2006-01-07T16:20,ORY,217468053
KBXPPGGA,code,L,70003090,ST,2006-01-07T17:05,2006-01-07T19:15,NCE,217468053
EKKRKUPA,code,L,70003075,ST,2006-01-07T10:00,2006-01-07T12:20,ORY,217468053
EKKRKUPA,code,L,70003080,ST,2006-01-07T13:05,2006-01-07T14:30,NCE,217468053
EKKRKUPA,code,L,70003083,ST,2006-01-07T15:00,2006-01-07T16:20,ORY,217468053
EKKRKUPA,code,L,70003090,ST,2006-01-07T17:05,2006-01-07T19:15,NCE,217468053
NHWDBRYL,code,L,70001378,CP,2006-01-07T10:00,2006-01-07T12:35,BIA,759101347
NHWDBRYL,code,L,70001375,CP,2006-01-07T13:25,2006-01-07T15:00,ORY,759101347
NHWDBRYL,code,L,70001380,CP,2006-01-07T15:50,2006-01-07T17:25,BIA,759101347
NHWDBRYL,code,L,70001377,CP,2006-01-07T19:00,2006-01-07T21:20,ORY,759101347
LFHIXYIM,code,L,70001378,FO,2006-01-07T10:00,2006-01-07T12:35,BIA,759101347
LFHIXYIM,code,L,70001375,FO,2006-01-07T13:25,2006-01-07T15:00,ORY,759101347
LFHIXYIM,code,L,70001380,FO,2006-01-07T15:50,2006-01-07T17:25,BIA,759101347
LFHIXYIM,code,L,70001377,FO,2006-01-07T19:00,2006-01-07T21:20,ORY,759101347
YRKHFJSA,code,L,70001378,CSD,2006-01-07T10:00,2006-01-07T12:35,BIA,759101347
YRKHFJSA,code,L,70001375,CSD,2006-01-07T13:25,2006-01-07T15:00,ORY,759101347
YRKHFJSA,code,L,70001380,CSD,2006-01-07T15:50,2006-01-07T17:25,BIA,759101347
YRKHFJSA,code,L,70001377,CSD,2006-01-07T19:00,2006-01-07T21:20,ORY,759101347
PXYYZMSX,code,L,70001378,CSD,2006-01-07T10:00,2006-01-07T12:35,BIA,759101347
PXYYZMSX,code,L,70001375,CSD,2006-01-07T13:25,2006-01-07T15:00,ORY,759101347
PXYYZMSX,code,L,70001380,CSD,2006-01-07T15:50,2006-01-07T17:25,BIA,759101347
PXYYZMSX,code,L,70001377,CSD,2006-01-07T19:00,2006-01-07T21:20,ORY,759101347
ZYQTTGOT,code,L,70001378,ST,2006-01-07T10:00,2006-01-07T12:35,BIA,759101347
ZYQTTGOT,code,L,70001375,ST,2006-01-07T13:25,2006-01-07T15:00,ORY,759101347
ZYQTTGOT,code,L,70001380,ST,2006-01-07T15:50,2006-01-07T17:25,BIA,759101347
ZYQTTGOT,code,L,70001377,ST,2006-01-07T19:00,2006-01-07T21:20,ORY,759101347
MIVQLYMT,code,L,70001378,ST,2006-01-07T10:00,2006-01-07T12:35,BIA,759101347
MIVQLYMT,code,L,70001375,ST,2006-01-07T13:25,2006-01-07T15:00,ORY,759101347
MIVQLYMT,code,L,70001380,ST,2006-01-07T15:50,2006-01-07T17:25,BIA,759101347
MIVQLYMT,code,L,70001377,ST,2006-01-07T19:00,2006-01-07T21:20,ORY,759101347
AWNMKLQO,code,L,70001378,ST,2006-01-07T10:00,2006-01-07T12:35,BIA,759101347
AWNMKLQO,code,L,70001375,ST,2006-01-07T13:25,2006-01-07T15:00,ORY,759101347
AWNMKLQO,code,L,70001380,ST,2006-01-07T15:50,2006-01-07T17:25,BIA,759101347
AWNMKLQO,code,L,70001377,ST,2006-01-07T19:00,2006-01-07T21:20,ORY,759101347
TVGMFULB,code,L,70001378,ST,2006-01-07T10:00,2006-01-07T12:35,BIA,759101347
TVGMFULB,code,L,70001375,ST,2006-01-07T13:25,2006-01-07T15:00,ORY,759101347
TVGMFULB,code,L,70001380,ST,2006-01-07T15:50,2006-01-07T17:25,BIA,759101347
TVGMFULB,code,L,70001377,ST,2006-01-07T19:00,2006-01-07T21:20,ORY,759101347
TUBNPUCS,code,L,70001378,ST,2006-01-07T10:00,2006-01-07T12:35,BIA,759101347
TUBNPUCS,code,L,70001375,ST,2006-01-07T13:25,2006-01-07T15:00,ORY,759101347
TUBNPUCS,code,L,70001380,ST,2006-01-07T15:50,2006-01-07T17:25,BIA,759101347
TUBNPUCS,code,L,70001377,ST,2006-01-07T19:00,2006-01-07T21:20,ORY,759101347
YTSAVOUT,code,L,70001378,ST,2006-01-07T10:00,2006-01-07T12:35,BIA,759101347
YTSAVOUT,code,L,70001375,ST,2006-01-07T13:25,2006-01-07T15:00,ORY,759101347
YTSAVOUT,code,L,70001380,ST,2006-01-07T15:50,2006-01-07T17:25,BIA,759101347
YTSAVOUT,code,L,70001377,ST,2006-01-07T19:00,2006-01-07T21:20,ORY,759101347
DAHROKDK,code,L,70005125,CP,2006-01-07T10:00,2006-01-07T13:10,TLS,683093156
DAHROKDK,code,L,70005126,CP,2006-01-07T14:30,2006-01-07T16:25,AMS,683093156
DAHROKDK,code,L,70005127,CP,2006-01-07T17:05,2006-01-07T19:15,TLS,683093156
DAHROKDK,code,L,70005128,CP,2006-01-07T20:05,2006-01-07T22:45,AMS,683093156
DNMHZKWF,code,L,70005125,FO,2006-01-07T10:00,2006-01-07T13:10,TLS,683093156
DNMHZKWF,code,L,70005126,FO,2006-01-07T14:30,2006-01-07T16:25,AMS,683093156
DNMHZKWF,code,L,70005127,FO,2006-01-07T17:05,2006-01-07T19:15,TLS,683093156
DNMHZKWF,code,L,70005128,FO,2006-01-07T20:05,2006-01-07T22:45,AMS,683093156
HWPXJJLA,code,L,70005125,CSD,2006-01-07T10:00,2006-01-07T13:10,TLS,683093156
HWPXJJLA,code,L,70005126,CSD,2006-01-07T14:30,2006-01-07T16:25,AMS,683093156
HWPXJJLA,code,L,70005127,CSD,2006-01-07T17:05,2006-01-07T19:15,TLS,683093156
HWPXJJLA,code,L,70005128,CSD,2006-01-07T20:05,2006-01-07T22:45,AMS,683093156
TWHNSOMR,code,L,70005125,ST,2006-01-07T10:00,2006-01-07T13:10,TLS,683093156
TWHNSOMR,code,L,70005126,ST,2006-01-07T14:30,2006-01-07T16:25,AMS,683093156
TWHNSOMR,code,L,70005127,ST,2006-01-07T17:05,2006-01-07T19:15,TLS,683093156
TWHNSOMR,code,L,70005128,ST,2006-01-07T20:05,2006-01-07T22:45,AMS,683093156
PDLZSJBR,code,L,70005125,ST,2006-01-07T10:00,2006-01-07T13:10,TLS,683093156
PDLZSJBR,code,L,70005126,ST,2006-01-07T14:30,2006-01-07T16:25,AMS,683093156
PDLZSJBR,code,L,70005127,ST,2006-01-07T17:05,2006-01-07T19:15,TLS,683093156
PDLZSJBR,code,L,70005128,ST,2006-01-07T20:05,2006-01-07T22:45,AMS,683093156
JYMWNQID,code,L,70005165,CP,2006-01-07T10:25,2006-01-07T13:15,BOD,1827753950
JYMWNQID,code,L,70005093,CP,2006-01-07T14:00,2006-01-07T15:30,AMS,1827753950
JYMWNQID,code,L,70005094,CP,2006-01-07T16:40,2006-01-07T18:15,CFE,1827753950
JYMWNQID,code,L,70005166,CP,2006-01-07T19:00,2006-01-07T21:35,AMS,1827753950
PNPDGVWU,code,L,70005165,FO,2006-01-07T10:25,2006-01-07T13:15,BOD,1827753950
PNPDGVWU,code,L,70005093,FO,2006-01-07T14:00,2006-01-07T15:30,AMS,1827753950
PNPDGVWU,code,L,70005094,FO,2006-01-07T16:40,2006-01-07T18:15,CFE,1827753950
PNPDGVWU,code,L,70005166,FO,2006-01-07T19:00,2006-01-07T21:35,AMS,1827753950
IHRTPNIV,code,L,70005165,CSD,2006-01-07T10:25,2006-01-07T13:15,BOD,1827753950
IHRTPNIV,code,L,70005093,CSD,2006-01-07T14:00,2006-01-07T15:30,AMS,1827753950
IHRTPNIV,code,L,70005094,CSD,2006-01-07T16:40,2006-01-07T18:15,CFE,1827753950
IHRTPNIV,code,L,70005166,CSD,2006-01-07T19:00,2006-01-07T21:35,AMS,1827753950
CIQYXWHE,code,L,70005165,ST,2006-01-07T10:25,2006-01-07T13:15,BOD,1827753950
CIQYXWHE,code,L,70005093,ST,2006-01-07T14:00,2006-01-07T15:30,AMS,1827753950
CIQYXWHE,code,L,70005094,ST,2006-01-07T16:40,2006-01-07T18:15,CFE,1827753950
CIQYXWHE,code,L,70005166,ST,2006-01-07T19:00,2006-01-07T21:35,AMS,1827753950
MNWXHANY,code,L,70005165,ST,2006-01-07T10:25,2006-01-07T13:15,BOD,1827753950
MNWXHANY,code,L,70005093,ST,2006-01-07T14:00,2006-01-07T15:30,AMS,1827753950
MNWXHANY,code,L,70005094,ST,2006-01-07T16:40,2006-01-07T18:15,CFE,1827753950
MNWXHANY,code,L,70005166,ST,2006-01-07T19:00,2006-01-07T21:35,AMS,1827753950
UWRJIAFY,code,L,70003111,CP,2006-01-07T10:30,2006-01-07T12:50,ORY,345545550
UWRJIAFY,code,L,70003112,CP,2006-01-07T13:35,2006-01-07T15:00,NCE,345545550
UWRJIAFY,code,L,70004365,CP,2006-01-07T15:35,2006-01-07T16:55,ORY,345545550
UWRJIAFY,code,L,70004368,CP,2006-01-07T17:35,2006-01-07T19:45,TLN,345545550
MFIRCDCI,code,L,70003111,FO,2006-01-07T10:30,2006-01-07T12:50,ORY,345545550
MFIRCDCI,code,L,70003112,FO,2006-01-07T13:35,2006-01-07T15:00,NCE,345545550
MFIRCDCI,code,L,70004365,FO,2006-01-07T15:35,2006-01-07T16:55,ORY,345545550
MFIRCDCI,code,L,70004368,FO,2006-01-07T17:35,2006-01-07T19:45,TLN,345545550
RREOIFYY,code,L,70003111,CSD,2006-01-07T10:30,2006-01-07T12:50,ORY,345545550
RREOIFYY,code,L,70003112,CSD,2006-01-07T13:35,2006-01-07T15:00,NCE,345545550
RREOIFYY,code,L,70004365,CSD,2006-01-07T15:35,2006-01-07T16:55,ORY,345545550
RREOIFYY,code,L,70004368,CSD,2006-01-07T17:35,2006-01-07T19:45,TLN,345545550
LSJTQMYB,code,L,70003111,CSD,2006-01-07T10:30,2006-01-07T12:50,ORY,345545550
LSJTQMYB,code,L,70003112,CSD,2006-01-07T13:35,2006-01-07T15:00,NCE,345545550
LSJTQMYB,code,L,70004365,CSD,2006-01-07T15:35,2006-01-07T16:55,ORY,345545550
LSJTQMYB,code,L,70004368,CSD,2006-01-07T17:35,2006-01-07T19:45,TLN,345545550
TBSQDMSI,code,L,70003111,ST,2006-01-07T10:30,2006-01-07T12:50,ORY,345545550
TBSQDMSI,code,L,70003112,ST,2006-01-07T13:35,2006-01-07T15:00,NCE,345545550
TBSQDMSI,code,L,70004365,ST,2006-01-07T15:35,2006-01-07T16:55,ORY,345545550
TBSQDMSI,code,L,70004368,ST,2006-01-07T17:35,2006-01-07T19:45,TLN,345545550
GHTLDKZR,code,L,70003111,ST,2006-01-07T10:30,2006-01-07T12:50,ORY,345545550
GHTLDKZR,code,L,70003112,ST,2006-01-07T13:35,2006-01-07T15:00,NCE,345545550
GHTLDKZR,code,L,70004365,ST,2006-01-07T15:35,2006-01-07T16:55,ORY,345545550
GHTLDKZR,code,L,70004368,ST,2006-01-07T17:35,2006-01-07T19:45,TLN,345545550
QCQMYGAN,code,L,70003111,ST,2006-01-07T10:30,2006-01-07T12:50,ORY,345545550
QCQMYGAN,code,L,70003112,ST,2006-01-07T13:35,2006-01-07T15:00,NCE,345545550
QCQMYGAN,code,L,70004365,ST,2006-01-07T15:35,2006-01-07T16:55,ORY,345545550
QCQMYGAN,code,L,70004368,ST,2006-01-07T17:35,2006-01-07T19:45,TLN,345545550
KSNZTYWT,code,L,70003111,ST,2006-01-07T10:30,2006-01-07T12:50,ORY,345545550
KSNZTYWT,code,L,70003112,ST,2006-01-07T13:35,2006-01-07T15:00,NCE,345545550
KSNZTYWT,code,L,70004365,ST,2006-01-07T15:35,2006-01-07T16:55,ORY,345545550
KSNZTYWT,code,L,70004368,ST,2006-01-07T17:35,2006-01-07T19:45,TLN,345545550
JODCOQIL,code,L,70003111,ST,2006-01-07T10:30,2006-01-07T12:50,ORY,345545550
JODCOQIL,code,L,70003112,ST,2006-01-07T13:35,2006-01-07T15:00,NCE,345545550
JODCOQIL,code,L,70004365,ST,2006-01-07T15:35,2006-01-07T16:55,ORY,345545550
JODCOQIL,code,L,70004368,ST,2006-01-07T17:35,2006-01-07T19:45,TLN,345545550
IWRONPLB,code,L,70003111,ST,2006-01-07T10:30,2006-01-07T12:50,ORY,345545550
IWRONPLB,code,L,70003112,ST,2006-01-07T13:35,2006-01-07T15:00,NCE,345545550
IWRONPLB,code,L,70004365,ST,2006-01-07T15:35,2006-01-07T16:55,ORY,345545550
IWRONPLB,code,L,70004368,ST,2006-01-07T17:35,2006-01-07T19:45,TLN,345545550
ZTFTWOJT,code,L,70002888,CP,2006-01-07T10:30,2006-01-07T12:50,MRS,2052955920
ZTFTWOJT,code,L,70002889,CP,2006-01-07T13:35,2006-01-07T14:50,ORY,2052955920
ZTFTWOJT,code,L,70002900,CP,2006-01-07T15:30,2006-01-07T16:50,MRS,2052955920
ZTFTWOJT,code,L,70002903,CP,2006-01-07T17:35,2006-01-07T19:35,ORY,2052955920
PSDTGWCP,code,L,70002888,FO,2006-01-07T10:30,2006-01-07T12:50,MRS,2052955920
PSDTGWCP,code,L,70002889,FO,2006-01-07T13:35,2006-01-07T14:50,ORY,2052955920
PSDTGWCP,code,L,70002900,FO,2006-01-07T15:30,2006-01-07T16:50,MRS,2052955920
PSDTGWCP,code,L,70002903,FO,2006-01-07T17:35,2006-01-07T19:35,ORY,2052955920
MWHODXZC,code,L,70002888,CSD,2006-01-07T10:30,2006-01-07T12:50,MRS,2052955920
MWHODXZC,code,L,70002889,CSD,2006-01-07T13:35,2006-01-07T14:50,ORY,2052955920
MWHODXZC,code,L,70002900,CSD,2006-01-07T15:30,2006-01-07T16:50,MRS,2052955920
MWHODXZC,code,L,70002903,CSD,2006-01-07T17:35,2006-01-07T19:35,ORY,2052955920
AMBNECVO,code,L,70002888,CSD,2006-01-07T10:30,2006-01-07T12:50,MRS,2052955920
AMBNECVO,code,L,70002889,CSD,2006-01-07T13:35,2006-01-07T14:50,ORY,2052955920
AMBNECVO,code,L,70002900,CSD,2006-01-07T15:30,2006-01-07T16:50,MRS,2052955920
AMBNECVO,code,L,70002903,CSD,2006-01-07T17:35,2006-01-07T19:35,ORY,2052955920
ORRIHSML,code,L,70002888,ST,2006-01-07T10:30,2006-01-07T12:50,MRS,2052955920
ORRIHSML,code,L,70002889,ST,2006-01-07T13:35,2006-01-07T14:50,ORY,2052955920
ORRIHSML,code,L,70002900,ST,2006-01-07T15:30,2006-01-07T16:50,MRS,2052955920
ORRIHSML,code,L,70002903,ST,2006-01-07T17:35,2006-01-07T19:35,ORY,2052955920
FZPSDAUT,code,L,70002888,ST,2006-01-07T10:30,2006-01-07T12:50,MRS,2052955920
FZPSDAUT,code,L,70002889,ST,2006-01-07T13:35,2006-01-07T14:50,ORY,2052955920
FZPSDAUT,code,L,70002900,ST,2006-01-07T15:30,2006-01-07T16:50,MRS,2052955920
FZPSDAUT,code,L,70002903,ST,2006-01-07T17:35,2006-01-07T19:35,ORY,2052955920
JAYRYMHI,code,L,70002888,ST,2006-01-07T10:30,2006-01-07T12:50,MRS,2052955920
JAYRYMHI,code,L,70002889,ST,2006-01-07T13:35,2006-01-07T14:50,ORY,2052955920
JAYRYMHI,code,L,70002900,ST,2006-01-07T15:30,2006-01-07T16:50,MRS,2052955920
JAYRYMHI,code,L,70002903,ST,2006-01-07T17:35,2006-01-07T19:35,ORY,2052955920
PEVNDRNC,code,L,70002888,ST,2006-01-07T10:30,2006-01-07T12:50,MRS,2052955920
PEVNDRNC,code,L,70002889,ST,2006-01-07T13:35,2006-01-07T14:50,ORY,2052955920
PEVNDRNC,code,L,70002900,ST,2006-01-07T15:30,2006-01-07T16:50,MRS,2052955920
PEVNDRNC,code,L,70002903,ST,2006-01-07T17:35,2006-01-07T19:35,ORY,2052955920
OHYSEFKD,code,L,70002888,ST,2006-01-07T10:30,2006-01-07T12:50,MRS,2052955920
OHYSEFKD,code,L,70002889,ST,2006-01-07T13:35,2006-01-07T14:50,ORY,2052955920
OHYSEFKD,code,L,70002900,ST,2006-01-07T15:30,2006-01-07T16:50,MRS,2052955920
OHYSEFKD,code,L,70002903,ST,2006-01-07T17:35,2006-01-07T19:35,ORY,2052955920
JBCDIRWN,code,L,70002888,ST,2006-01-07T10:30,2006-01-07T12:50,MRS,2052955920
JBCDIRWN,code,L,70002889,ST,2006-01-07T13:35,2006-01-07T14:50,ORY,2052955920
JBCDIRWN,code,L,70002900,ST,2006-01-07T15:30,2006-01-07T16:50,MRS,2052955920
JBCDIRWN,code,L,70002903,ST,2006-01-07T17:35,2006-01-07T19:35,ORY,2052955920
QLGXHVBC,code,L,70004527,CP,2006-01-07T10:35,2006-01-07T13:00,CDG,2134161410
QLGXHVBC,code,L,70004530,CP,2006-01-07T15:20,2006-01-07T16:50,MRS,2134161410
QLGXHVBC,code,L,70004531,CP,2006-01-07T17:35,2006-01-07T19:00,CDG,2134161410
QLGXHVBC,code,L,70004534,CP,2006-01-07T19:45,2006-01-07T22:00,MRS,2134161410
ORIBSCUQ,code,L,70004527,FO,2006-01-07T10:35,2006-01-07T13:00,CDG,2134161410
ORIBSCUQ,code,L,70004530,FO,2006-01-07T15:20,2006-01-07T16:50,MRS,2134161410
ORIBSCUQ,code,L,70004531,FO,2006-01-07T17:35,2006-01-07T19:00,CDG,2134161410
ORIBSCUQ,code,L,70004534,FO,2006-01-07T19:45,2006-01-07T22:00,MRS,2134161410
BXZQQIKX,code,L,70004527,CSD,2006-01-07T10:35,2006-01-07T13:00,CDG,2134161410
BXZQQIKX,code,L,70004530,CSD,2006-01-07T15:20,2006-01-07T16:50,MRS,2134161410
BXZQQIKX,code,L,70004531,CSD,2006-01-07T17:35,2006-01-07T19:00,CDG,2134161410
BXZQQIKX,code,L,70004534,CSD,2006-01-07T19:45,2006-01-07T22:00,MRS,2134161410
QFPCYORO,code,L,70004527,CSD,2006-01-07T10:35,2006-01-07T13:00,CDG,2134161410
QFPCYORO,code,L,70004530,CSD,2006-01-07T15:20,2006-01-07T16:50,MRS,2134161410
QFPCYORO,code,L,70004531,CSD,2006-01-07T17:35,2006-01-07T19:00,CDG,2134161410
QFPCYORO,code,L,70004534,CSD,2006-01-07T19:45,2006-01-07T22:00,MRS,2134161410
OGZSTDQJ,code,L,70004527,ST,2006-01-07T10:35,2006-01-07T13:00,CDG,2134161410
OGZSTDQJ,code,L,70004530,ST,2006-01-07T15:20,2006-01-07T16:50,MRS,2134161410
OGZSTDQJ,code,L,70004531,ST,2006-01-07T17:35,2006-01-07T19:00,CDG,2134161410
OGZSTDQJ,code,L,70004534,ST,2006-01-07T19:45,2006-01-07T22:00,MRS,2134161410
PMFDTFFJ,code,L,70004527,ST,2006-01-07T10:35,2006-01-07T13:00,CDG,2134161410
PMFDTFFJ,code,L,70004530,ST,2006-01-07T15:20,2006-01-07T16:50,MRS,2134161410
PMFDTFFJ,code,L,70004531,ST,2006-01-07T17:35,2006-01-07T19:00,CDG,2134161410
PMFDTFFJ,code,L,70004534,ST,2006-01-07T19:45,2006-01-07T22:00,MRS,2134161410
GZBAZHFW,code,L,70004527,ST,2006-01-07T10:35,2006-01-07T13:00,CDG,2134161410
GZBAZHFW,code,L,70004530,ST,2006-01-07T15:20,2006-01-07T16:50,MRS,2134161410
GZBAZHFW,code,L,70004531,ST,2006-01-07T17:35,2006-01-07T19:00,CDG,2134161410
GZBAZHFW,code,L,70004534,ST,2006-01-07T19:45,2006-01-07T22:00,MRS,2134161410
DFAXKMQY,code,L,70004527,ST,2006-01-07T10:35,2006-01-07T13:00,CDG,2134161410
DFAXKMQY,code,L,70004530,ST,2006-01-07T15:20,2006-01-07T16:50,MRS,2134161410
DFAXKMQY,code,L,70004531,ST,2006-01-07T17:35,2006-01-07T19:00,CDG,2134161410
DFAXKMQY,code,L,70004534,ST,2006-01-07T19:45,2006-01-07T22:00,MRS,2134161410
QRBTLJKE,code,L,70004527,ST,2006-01-07T10:35,2006-01-07T13:00,CDG,2134161410
QRBTLJKE,code,L,70004530,ST,2006-01-07T15:20,2006-01-07T16:50,MRS,2134161410
QRBTLJKE,code,L,70004531,ST,2006-01-07T17:35,2006-01-07T19:00,CDG,2134161410
QRBTLJKE,code,L,70004534,ST,2006-01-07T19:45,2006-01-07T22:00,MRS,2134161410
VQILWXHH,code,L,70004527,ST,2006-01-07T10:35,2006-01-07T13:00,CDG,2134161410
VQILWXHH,code,L,70004530,ST,2006-01-07T15:20,2006-01-07T16:50,MRS,2134161410
VQILWXHH,code,L,70004531,ST,2006-01-07T17:35,2006-01-07T19:00,CDG,2134161410
VQILWXHH,code,L,70004534,ST,2006-01-07T19:45,2006-01-07T22:00,MRS,2134161410
TMNKSLBS,code,L,70004567,CP,2006-01-07T10:35,2006-01-07T13:10,CDG,1874672702
TMNKSLBS,code,L,70004568,CP,2006-01-07T13:55,2006-01-07T15:30,NCE,1874672702
TMNKSLBS,code,L,70004571,CP,2006-01-07T17:25,2006-01-07T19:00,CDG,1874672702
TMNKSLBS,code,L,70004572,CP,2006-01-07T19:50,2006-01-07T21:05,NCE,1874672702
FHMAZGLB,code,L,70004567,FO,2006-01-07T10:35,2006-01-07T13:10,CDG,1874672702
FHMAZGLB,code,L,70004568,FO,2006-01-07T13:55,2006-01-07T15:30,NCE,1874672702
FHMAZGLB,code,L,70004571,FO,2006-01-07T17:25,2006-01-07T19:00,CDG,1874672702
FHMAZGLB,code,L,70004572,FO,2006-01-07T19:50,2006-01-07T21:05,NCE,1874672702
GWVFRGFT,code,L,70004567,CSD,2006-01-07T10:35,2006-01-07T13:10,CDG,1874672702
GWVFRGFT,code,L,70004568,CSD,2006-01-07T13:55,2006-01-07T15:30,NCE,1874672702
GWVFRGFT,code,L,70004571,CSD,2006-01-07T17:25,2006-01-07T19:00,CDG,1874672702
GWVFRGFT,code,L,70004572,CSD,2006-01-07T19:50,2006-01-07T21:05,NCE,1874672702
NPDHFPTP,code,L,70004567,CSD,2006-01-07T10:35,2006-01-07T13:10,CDG,1874672702
NPDHFPTP,code,L,70004568,CSD,2006-01-07T13:55,2006-01-07T15:30,NCE,1874672702
NPDHFPTP,code,L,70004571,CSD,2006-01-07T17:25,2006-01-07T19:00,CDG,1874672702
NPDHFPTP,code,L,70004572,CSD,2006-01-07T19:50,2006-01-07T21:05,NCE,1874672702
BUDPPMAK,code,L,70004567,ST,2006-01-07T10:35,2006-01-07T13:10,CDG,1874672702
BUDPPMAK,code,L,70004568,ST,2006-01-07T13:55,2006-01-07T15:30,NCE,1874672702
BUDPPMAK,code,L,70004571,ST,2006-01-07T17:25,2006-01-07T19:00,CDG,1874672702
BUDPPMAK,code,L,70004572,ST,2006-01-07T19:50,2006-01-07T21:05,NCE,1874672702
ZSGVLWMP,code,L,70004567,ST,2006-01-07T10:35,2006-01-07T13:10,CDG,1874672702
ZSGVLWMP,code,L,70004568,ST,2006-01-07T13:55,2006-01-07T15:30,NCE,1874672702
ZSGVLWMP,code,L,70004571,ST,2006-01-07T17:25,2006-01-07T19:00,CDG,1874672702
ZSGVLWMP,code,L,70004572,ST,2006-01-07T19:50,2006-01-07T21:05,NCE,1874672702
QBUXDGTJ,code,L,70004567,ST,2006-01-07T10:35,2006-01-07T13:10,CDG,1874672702
QBUXDGTJ,code,L,70004568,ST,2006-01-07T13:55,2006-01-07T15:30,NCE,1874672702
QBUXDGTJ,code,L,70004571,ST,2006-01-07T17:25,2006-01-07T19:00,CDG,1874672702
QBUXDGTJ,code,L,70004572,ST,2006-01-07T19:50,2006-01-07T21:05,NCE,1874672702
AEYBFWNL,code,L,70004567,ST,2006-01-07T10:35,2006-01-07T13:10,CDG,1874672702
AEYBFWNL,code,L,70004568,ST,2006-01-07T13:55,2006-01-07T15:30,NCE,1874672702
AEYBFWNL,code,L,70004571,ST,2006-01-07T17:25,2006-01-07T19:00,CDG,1874672702
AEYBFWNL,code,L,70004572,ST,2006-01-07T19:50,2006-01-07T21:05,NCE,1874672702
NDDINTDR,code,L,70004567,ST,2006-01-07T10:35,2006-01-07T13:10,CDG,1874672702
NDDINTDR,code,L,70004568,ST,2006-01-07T13:55,2006-01-07T15:30,NCE,1874672702
NDDINTDR,code,L,70004571,ST,2006-01-07T17:25,2006-01-07T19:00,CDG,1874672702
NDDINTDR,code,L,70004572,ST,2006-01-07T19:50,2006-01-07T21:05,NCE,1874672702
DXLJCLYF,code,L,70004567,ST,2006-01-07T10:35,2006-01-07T13:10,CDG,1874672702
DXLJCLYF,code,L,70004568,ST,2006-01-07T13:55,2006-01-07T15:30,NCE,1874672702
DXLJCLYF,code,L,70004571,ST,2006-01-07T17:25,2006-01-07T19:00,CDG,1874672702
DXLJCLYF,code,L,70004572,ST,2006-01-07T19:50,2006-01-07T21:05,NCE,1874672702
MVDEIWCQ,code,L,70004648,CP,2006-01-07T10:55,2006-01-07T13:25,TLS,1539174560
MVDEIWCQ,code,L,70004649,CP,2006-01-07T15:00,2006-01-07T16:25,CDG,1539174560
MVDEIWCQ,code,L,70004652,CP,2006-01-07T17:15,2006-01-07T18:45,TLS,1539174560
MVDEIWCQ,code,L,70004655,CP,2006-01-07T19:25,2006-01-07T21:35,CDG,1539174560
TUOKGEYV,code,L,70004648,FO,2006-01-07T10:55,2006-01-07T13:25,TLS,1539174560
TUOKGEYV,code,L,70004649,FO,2006-01-07T15:00,2006-01-07T16:25,CDG,1539174560
TUOKGEYV,code,L,70004652,FO,2006-01-07T17:15,2006-01-07T18:45,TLS,1539174560
TUOKGEYV,code,L,70004655,FO,2006-01-07T19:25,2006-01-07T21:35,CDG,1539174560
UMHIYMPF,code,L,70004648,CSD,2006-01-07T10:55,2006-01-07T13:25,TLS,1539174560
UMHIYMPF,code,L,70004649,CSD,2006-01-07T15:00,2006-01-07T16:25,CDG,1539174560
UMHIYMPF,code,L,70004652,CSD,2006-01-07T17:15,2006-01-07T18:45,TLS,1539174560
UMHIYMPF,code,L,70004655,CSD,2006-01-07T19:25,2006-01-07T21:35,CDG,1539174560
JWZKXAPT,code,L,70004648,CSD,2006-01-07T10:55,2006-01-07T13:25,TLS,1539174560
JWZKXAPT,code,L,70004649,CSD,2006-01-07T15:00,2006-01-07T16:25,CDG,1539174560
JWZKXAPT,code,L,70004652,CSD,2006-01-07T17:15,2006-01-07T18:45,TLS,1539174560
JWZKXAPT,code,L,70004655,CSD,2006-01-07T19:25,2006-01-07T21:35,CDG,1539174560
OPJSXOOD,code,L,70004648,ST,2006-01-07T10:55,2006-01-07T13:25,TLS,1539174560
OPJSXOOD,code,L,70004649,ST,2006-01-07T15:00,2006-01-07T16:25,CDG,1539174560
OPJSXOOD,code,L,70004652,ST,2006-01-07T17:15,2006-01-07T18:45,TLS,1539174560
OPJSXOOD,code,L,70004655,ST,2006-01-07T19:25,2006-01-07T21:35,CDG,1539174560
VEMOYVQA,code,L,70004648,ST,2006-01-07T10:55,2006-01-07T13:25,TLS,1539174560
VEMOYVQA,code,L,70004649,ST,2006-01-07T15:00,2006-01-07T16:25,CDG,1539174560
VEMOYVQA,code,L,70004652,ST,2006-01-07T17:15,2006-01-07T18:45,TLS,1539174560
VEMOYVQA,code,L,70004655,ST,2006-01-07T19:25,2006-01-07T21:35,CDG,1539174560
XDYAPSXC,code,L,70004648,ST,2006-01-07T10:55,2006-01-07T13:25,TLS,1539174560
XDYAPSXC,code,L,70004649,ST,2006-01-07T15:00,2006-01-07T16:25,CDG,1539174560
XDYAPSXC,code,L,70004652,ST,2006-01-07T17:15,2006-01-07T18:45,TLS,1539174560
XDYAPSXC,code,L,70004655,ST,2006-01-07T19:25,2006-01-07T21:35,CDG,1539174560
IIHRJKQA,code,L,70004648,ST,2006-01-07T10:55,2006-01-07T13:25,TLS,1539174560
IIHRJKQA,code,L,70004649,ST,2006-01-07T15:00,2006-01-07T16:25,CDG,1539174560
IIHRJKQA,code,L,70004652,ST,2006-01-07T17:15,2006-01-07T18:45,TLS,1539174560
IIHRJKQA,code,L,70004655,ST,2006-01-07T19:25,2006-01-07T21:35,CDG,1539174560
MFGNRLMX,code,L,70004648,ST,2006-01-07T10:55,2006-01-07T13:25,TLS,1539174560
MFGNRLMX,code,L,70004649,ST,2006-01-07T15:00,2006-01-07T16:25,CDG,1539174560
MFGNRLMX,code,L,70004652,ST,2006-01-07T17:15,2006-01-07T18:45,TLS,1539174560
MFGNRLMX,code,L,70004655,ST,2006-01-07T19:25,2006-01-07T21:35,CDG,1539174560
LNXCVSFT,code,L,70004648,ST,2006-01-07T10:55,2006-01-07T13:25,TLS,1539174560
LNXCVSFT,code,L,70004649,ST,2006-01-07T15:00,2006-01-07T16:25,CDG,1539174560
LNXCVSFT,code,L,70004652,ST,2006-01-07T17:15,2006-01-07T18:45,TLS,1539174560
LNXCVSFT,code,L,70004655,ST,2006-01-07T19:25,2006-01-07T21:35,CDG,1539174560
RTWONVXW,code,L,70004387,CP,2006-01-07T11:00,2006-01-07T13:20,ORY,1704637349
RTWONVXW,code,L,70004388,CP,2006-01-07T14:05,2006-01-07T15:30,PGF,1704637349
RTWONVXW,code,L,70004459,CP,2006-01-07T17:10,2006-01-07T18:45,ORY,1704637349
RTWONVXW,code,L,70004454,CP,2006-01-07T19:35,2006-01-07T21:55,BIA,1704637349
LGCBHSWZ,code,L,70004387,FO,2006-01-07T11:00,2006-01-07T13:20,ORY,1704637349
LGCBHSWZ,code,L,70004388,FO,2006-01-07T14:05,2006-01-07T15:30,PGF,1704637349
LGCBHSWZ,code,L,70004459,FO,2006-01-07T17:10,2006-01-07T18:45,ORY,1704637349
LGCBHSWZ,code,L,70004454,FO,2006-01-07T19:35,2006-01-07T21:55,BIA,1704637349
VVBCNVGV,code,L,70004387,CSD,2006-01-07T11:00,2006-01-07T13:20,ORY,1704637349
VVBCNVGV,code,L,70004388,CSD,2006-01-07T14:05,2006-01-07T15:30,PGF,1704637349
VVBCNVGV,code,L,70004459,CSD,2006-01-07T17:10,2006-01-07T18:45,ORY,1704637349
VVBCNVGV,code,L,70004454,CSD,2006-01-07T19:35,2006-01-07T21:55,BIA,1704637349
KMHPLSZI,code,L,70004387,CSD,2006-01-07T11:00,2006-01-07T13:20,ORY,1704637349
KMHPLSZI,code,L,70004388,CSD,2006-01-07T14:05,2006-01-07T15:30,PGF,1704637349
KMHPLSZI,code,L,70004459,CSD,2006-01-07T17:10,2006-01-07T18:45,ORY,1704637349
KMHPLSZI,code,L,70004454,CSD,2006-01-07T19:35,2006-01-07T21:55,BIA,1704637349
FABIWWSS,code,L,70004387,ST,2006-01-07T11:00,2006-01-07T13:20,ORY,1704637349
FABIWWSS,code,L,70004388,ST,2006-01-07T14:05,2006-01-07T15:30,PGF,1704637349
FABIWWSS,code,L,70004459,ST,2006-01-07T17:10,2006-01-07T18:45,ORY,1704637349
FABIWWSS,code,L,70004454,ST,2006-01-07T19:35,2006-01-07T21:55,BIA,1704637349
KJERGYBW,code,L,70004387,ST,2006-01-07T11:00,2006-01-07T13:20,ORY,1704637349
KJERGYBW,code,L,70004388,ST,2006-01-07T14:05,2006-01-07T15:30,PGF,1704637349
KJERGYBW,code,L,70004459,ST,2006-01-07T17:10,2006-01-07T18:45,ORY,1704637349
KJERGYBW,code,L,70004454,ST,2006-01-07T19:35,2006-01-07T21:55,BIA,1704637349
YSDMPYBX,code,L,70004387,ST,2006-01-07T11:00,2006-01-07T13:20,ORY,1704637349
YSDMPYBX,code,L,70004388,ST,2006-01-07T14:05,2006-01-07T15:30,PGF,1704637349
YSDMPYBX,code,L,70004459,ST,2006-01-07T17:10,2006-01-07T18:45,ORY,1704637349
YSDMPYBX,code,L,70004454,ST,2006-01-07T19:35,2006-01-07T21:55,BIA,1704637349
EQSOJTAJ,code,L,70004387,ST,2006-01-07T11:00,2006-01-07T13:20,ORY,1704637349
EQSOJTAJ,code,L,70004388,ST,2006-01-07T14:05,2006-01-07T15:30,PGF,1704637349
EQSOJTAJ,code,L,70004459,ST,2006-01-07T17:10,2006-01-07T18:45,ORY,1704637349
EQSOJTAJ,code,L,70004454,ST,2006-01-07T19:35,2006-01-07T21:55,BIA,1704637349
TNYBZFOD,code,L,70004387,ST,2006-01-07T11:00,2006-01-07T13:20,ORY,1704637349
TNYBZFOD,code,L,70004388,ST,2006-01-07T14:05,2006-01-07T15:30,PGF,1704637349
TNYBZFOD,code,L,70004459,ST,2006-01-07T17:10,2006-01-07T18:45,ORY,1704637349
TNYBZFOD,code,L,70004454,ST,2006-01-07T19:35,2006-01-07T21:55,BIA,1704637349
YAMUVDDM,code,L,70004387,ST,2006-01-07T11:00,2006-01-07T13:20,ORY,1704637349
YAMUVDDM,code,L,70004388,ST,2006-01-07T14:05,2006-01-07T15:30,PGF,1704637349
YAMUVDDM,code,L,70004459,ST,2006-01-07T17:10,2006-01-07T18:45,ORY,1704637349
YAMUVDDM,code,L,70004454,ST,2006-01-07T19:35,2006-01-07T21:55,BIA,1704637349
EPLYFWOS,code,L,70004566,CP,2006-01-07T11:00,2006-01-07T13:35,NCE,1328157009
EPLYFWOS,code,L,70004569,CP,2006-01-07T14:40,2006-01-07T16:15,CDG,1328157009
EPLYFWOS,code,L,70003106,CP,2006-01-07T17:05,2006-01-07T18:30,NCE,1328157009
EPLYFWOS,code,L,70003071,CP,2006-01-07T19:20,2006-01-07T21:05,ORY,1328157009
LHTZZELM,code,L,70004566,FO,2006-01-07T11:00,2006-01-07T13:35,NCE,1328157009
LHTZZELM,code,L,70004569,FO,2006-01-07T14:40,2006-01-07T16:15,CDG,1328157009
LHTZZELM,code,L,70003106,FO,2006-01-07T17:05,2006-01-07T18:30,NCE,1328157009
LHTZZELM,code,L,70003071,FO,2006-01-07T19:20,2006-01-07T21:05,ORY,1328157009
NTFEPGRO,code,L,70004566,CSD,2006-01-07T11:00,2006-01-07T13:35,NCE,1328157009
NTFEPGRO,code,L,70004569,CSD,2006-01-07T14:40,2006-01-07T16:15,CDG,1328157009
NTFEPGRO,code,L,70003106,CSD,2006-01-07T17:05,2006-01-07T18:30,NCE,1328157009
NTFEPGRO,code,L,70003071,CSD,2006-01-07T19:20,2006-01-07T21:05,ORY,1328157009
RQUNZQYZ,code,L,70004566,CSD,2006-01-07T11:00,2006-01-07T13:35,NCE,1328157009
RQUNZQYZ,code,L,70004569,CSD,2006-01-07T14:40,2006-01-07T16:15,CDG,1328157009
RQUNZQYZ,code,L,70003106,CSD,2006-01-07T17:05,2006-01-07T18:30,NCE,1328157009
RQUNZQYZ,code,L,70003071,CSD,2006-01-07T19:20,2006-01-07T21:05,ORY,1328157009
QMCPIJOT,code,L,70004566,ST,2006-01-07T11:00,2006-01-07T13:35,NCE,1328157009
QMCPIJOT,code,L,70004569,ST,2006-01-07T14:40,2006-01-07T16:15,CDG,1328157009
QMCPIJOT,code,L,70003106,ST,2006-01-07T17:05,2006-01-07T18:30,NCE,1328157009
QMCPIJOT,code,L,70003071,ST,2006-01-07T19:20,2006-01-07T21:05,ORY,1328157009
FPAKCROL,code,L,70004566,ST,2006-01-07T11:00,2006-01-07T13:35,NCE,1328157009
FPAKCROL,code,L,70004569,ST,2006-01-07T14:40,2006-01-07T16:15,CDG,1328157009
FPAKCROL,code,L,70003106,ST,2006-01-07T17:05,2006-01-07T18:30,NCE,1328157009
FPAKCROL,code,L,70003071,ST,2006-01-07T19:20,2006-01-07T21:05,ORY,1328157009
FTNCITQQ,code,L,70004566,ST,2006-01-07T11:00,2006-01-07T13:35,NCE,1328157009
FTNCITQQ,code,L,70004569,ST,2006-01-07T14:40,2006-01-07T16:15,CDG,1328157009
FTNCITQQ,code,L,70003106,ST,2006-01-07T17:05,2006-01-07T18:30,NCE,1328157009
FTNCITQQ,code,L,70003071,ST,2006-01-07T19:20,2006-01-07T21:05,ORY,1328157009
AAMMDUHH,code,L,70004566,ST,2006-01-07T11:00,2006-01-07T13:35,NCE,1328157009
AAMMDUHH,code,L,70004569,ST,2006-01-07T14:40,2006-01-07T16:15,CDG,1328157009
AAMMDUHH,code,L,70003106,ST,2006-01-07T17:05,2006-01-07T18:30,NCE,1328157009
AAMMDUHH,code,L,70003071,ST,2006-01-07T19:20,2006-01-07T21:05,ORY,1328157009
LMQWVMUK,code,L,70004566,ST,2006-01-07T11:00,2006-01-07T13:35,NCE,1328157009
LMQWVMUK,code,L,70004569,ST,2006-01-07T14:40,2006-01-07T16:15,CDG,1328157009
LMQWVMUK,code,L,70003106,ST,2006-01-07T17:05,2006-01-07T18:30,NCE,1328157009
LMQWVMUK,code,L,70003071,ST,2006-01-07T19:20,2006-01-07T21:05,ORY,1328157009
JJFKTGEO,code,L,70004566,ST,2006-01-07T11:00,2006-01-07T13:35,NCE,1328157009
JJFKTGEO,code,L,70004569,ST,2006-01-07T14:40,2006-01-07T16:15,CDG,1328157009
JJFKTGEO,code,L,70003106,ST,2006-01-07T17:05,2006-01-07T18:30,NCE,1328157009
JJFKTGEO,code,L,70003071,ST,2006-01-07T19:20,2006-01-07T21:05,ORY,1328157009
QQCLCDCA,code,L,70004528,CP,2006-01-07T11:05,2006-01-07T13:35,MRS,134667610
QQCLCDCA,code,L,70004529,CP,2006-01-07T14:35,2006-01-07T16:00,CDG,134667610
QQCLCDCA,code,L,70002870,CP,2006-01-07T17:00,2006-01-07T18:20,MRS,134667610
QQCLCDCA,code,L,70002867,CP,2006-01-07T19:10,2006-01-07T21:10,ORY,134667610
REKXXTRS,code,L,70004528,FO,2006-01-07T11:05,2006-01-07T13:35,MRS,134667610
REKXXTRS,code,L,70004529,FO,2006-01-07T14:35,2006-01-07T16:00,CDG,134667610
REKXXTRS,code,L,70002870,FO,2006-01-07T17:00,2006-01-07T18:20,MRS,134667610
REKXXTRS,code,L,70002867,FO,2006-01-07T19:10,2006-01-07T21:10,ORY,134667610
CLARHWKA,code,L,70004528,CSD,2006-01-07T11:05,2006-01-07T13:35,MRS,134667610
CLARHWKA,code,L,70004529,CSD,2006-01-07T14:35,2006-01-07T16:00,CDG,134667610
CLARHWKA,code,L,70002870,CSD,2006-01-07T17:00,2006-01-07T18:20,MRS,134667610
CLARHWKA,code,L,70002867,CSD,2006-01-07T19:10,2006-01-07T21:10,ORY,134667610
DYGEJGVG,code,L,70004528,CSD,2006-01-07T11:05,2006-01-07T13:35,MRS,134667610
DYGEJGVG,code,L,70004529,CSD,2006-01-07T14:35,2006-01-07T16:00,CDG,134667610
DYGEJGVG,code,L,70002870,CSD,2006-01-07T17:00,2006-01-07T18:20,MRS,134667610
DYGEJGVG,code,L,70002867,CSD,2006-01-07T19:10,2006-01-07T21:10,ORY,134667610
SRLHHFEE,code,L,70004528,ST,2006-01-07T11:05,2006-01-07T13:35,MRS,134667610
SRLHHFEE,code,L,70004529,ST,2006-01-07T14:35,2006-01-07T16:00,CDG,134667610
SRLHHFEE,code,L,70002870,ST,2006-01-07T17:00,2006-01-07T18:20,MRS,134667610
SRLHHFEE,code,L,70002867,ST,2006-01-07T19:10,2006-01-07T21:10,ORY,134667610
KPSOXIQY,code,L,70004528,ST,2006-01-07T11:05,2006-01-07T13:35,MRS,134667610
KPSOXIQY,code,L,70004529,ST,2006-01-07T14:35,2006-01-07T16:00,CDG,134667610
KPSOXIQY,code,L,70002870,ST,2006-01-07T17:00,2006-01-07T18:20,MRS,134667610
KPSOXIQY,code,L,70002867,ST,2006-01-07T19:10,2006-01-07T21:10,ORY,134667610
KCQZWJCP,code,L,70004528,ST,2006-01-07T11:05,2006-01-07T13:35,MRS,134667610
KCQZWJCP,code,L,70004529,ST,2006-01-07T14:35,2006-01-07T16:00,CDG,134667610
KCQZWJCP,code,L,70002870,ST,2006-01-07T17:00,2006-01-07T18:20,MRS,134667610
KCQZWJCP,code,L,70002867,ST,2006-01-07T19:10,2006-01-07T21:10,ORY,134667610
TQCEDNSA,code,L,70004528,ST,2006-01-07T11:05,2006-01-07T13:35,MRS,134667610
TQCEDNSA,code,L,70004529,ST,2006-01-07T14:35,2006-01-07T16:00,CDG,134667610
TQCEDNSA,code,L,70002870,ST,2006-01-07T17:00,2006-01-07T18:20,MRS,134667610
TQCEDNSA,code,L,70002867,ST,2006-01-07T19:10,2006-01-07T21:10,ORY,134667610
LORAXJYY,code,L,70004528,ST,2006-01-07T11:05,2006-01-07T13:35,MRS,134667610
LORAXJYY,code,L,70004529,ST,2006-01-07T14:35,2006-01-07T16:00,CDG,134667610
LORAXJYY,code,L,70002870,ST,2006-01-07T17:00,2006-01-07T18:20,MRS,134667610
LORAXJYY,code,L,70002867,ST,2006-01-07T19:10,2006-01-07T21:10,ORY,134667610
AQJPBDHS,code,L,70004528,ST,2006-01-07T11:05,2006-01-07T13:35,MRS,134667610
AQJPBDHS,code,L,70004529,ST,2006-01-07T14:35,2006-01-07T16:00,CDG,134667610
AQJPBDHS,code,L,70002870,ST,2006-01-07T17:00,2006-01-07T18:20,MRS,134667610
AQJPBDHS,code,L,70002867,ST,2006-01-07T19:10,2006-01-07T21:10,ORY,134667610
QUPSHRUJ,code,L,70004602,CP,2006-01-07T11:15,2006-01-07T13:35,BES,1406361028
QUPSHRUJ,code,L,70004601,CP,2006-01-07T14:45,2006-01-07T16:00,CDG,1406361028
QUPSHRUJ,code,L,70004596,CP,2006-01-07T17:00,2006-01-07T18:20,BES,1406361028
QUPSHRUJ,code,L,70004595,CP,2006-01-07T20:00,2006-01-07T22:00,CDG,1406361028
TEULCMSF,code,L,70004602,FO,2006-01-07T11:15,2006-01-07T13:35,BES,1406361028
TEULCMSF,code,L,70004601,FO,2006-01-07T14:45,2006-01-07T16:00,CDG,1406361028
TEULCMSF,code,L,70004596,FO,2006-01-07T17:00,2006-01-07T18:20,BES,1406361028
TEULCMSF,code,L,70004595,FO,2006-01-07T20:00,2006-01-07T22:00,CDG,1406361028
BEFGDIFH,code,L,70004602,CSD,2006-01-07T11:15,2006-01-07T13:35,BES,1406361028
BEFGDIFH,code,L,70004601,CSD,2006-01-07T14:45,2006-01-07T16:00,CDG,1406361028
BEFGDIFH,code,L,70004596,CSD,2006-01-07T17:00,2006-01-07T18:20,BES,1406361028
BEFGDIFH,code,L,70004595,CSD,2006-01-07T20:00,2006-01-07T22:00,CDG,1406361028
FABBYQZQ,code,L,70004602,CSD,2006-01-07T11:15,2006-01-07T13:35,BES,1406361028
FABBYQZQ,code,L,70004601,CSD,2006-01-07T14:45,2006-01-07T16:00,CDG,1406361028
FABBYQZQ,code,L,70004596,CSD,2006-01-07T17:00,2006-01-07T18:20,BES,1406361028
FABBYQZQ,code,L,70004595,CSD,2006-01-07T20:00,2006-01-07T22:00,CDG,1406361028
LKJDPEPZ,code,L,70004602,ST,2006-01-07T11:15,2006-01-07T13:35,BES,1406361028
LKJDPEPZ,code,L,70004601,ST,2006-01-07T14:45,2006-01-07T16:00,CDG,1406361028
LKJDPEPZ,code,L,70004596,ST,2006-01-07T17:00,2006-01-07T18:20,BES,1406361028
LKJDPEPZ,code,L,70004595,ST,2006-01-07T20:00,2006-01-07T22:00,CDG,1406361028
ZGWKCKTF,code,L,70004602,ST,2006-01-07T11:15,2006-01-07T13:35,BES,1406361028
ZGWKCKTF,code,L,70004601,ST,2006-01-07T14:45,2006-01-07T16:00,CDG,1406361028
ZGWKCKTF,code,L,70004596,ST,2006-01-07T17:00,2006-01-07T18:20,BES,1406361028
ZGWKCKTF,code,L,70004595,ST,2006-01-07T20:00,2006-01-07T22:00,CDG,1406361028
KDPDWNTS,code,L,70004602,ST,2006-01-07T11:15,2006-01-07T13:35,BES,1406361028
KDPDWNTS,code,L,70004601,ST,2006-01-07T14:45,2006-01-07T16:00,CDG,1406361028
KDPDWNTS,code,L,70004596,ST,2006-01-07T17:00,2006-01-07T18:20,BES,1406361028
KDPDWNTS,code,L,70004595,ST,2006-01-07T20:00,2006-01-07T22:00,CDG,1406361028
UIPXCRKP,code,L,70004602,ST,2006-01-07T11:15,2006-01-07T13:35,BES,1406361028
UIPXCRKP,code,L,70004601,ST,2006-01-07T14:45,2006-01-07T16:00,CDG,1406361028
UIPXCRKP,code,L,70004596,ST,2006-01-07T17:00,2006-01-07T18:20,BES,1406361028
UIPXCRKP,code,L,70004595,ST,2006-01-07T20:00,2006-01-07T22:00,CDG,1406361028
ECPFTMMV,code,L,70004602,ST,2006-01-07T11:15,2006-01-07T13:35,BES,1406361028
ECPFTMMV,code,L,70004601,ST,2006-01-07T14:45,2006-01-07T16:00,CDG,1406361028
ECPFTMMV,code,L,70004596,ST,2006-01-07T17:00,2006-01-07T18:20,BES,1406361028
ECPFTMMV,code,L,70004595,ST,2006-01-07T20:00,2006-01-07T22:00,CDG,1406361028
UCHHNYVV,code,L,70004602,ST,2006-01-07T11:15,2006-01-07T13:35,BES,1406361028
UCHHNYVV,code,L,70004601,ST,2006-01-07T14:45,2006-01-07T16:00,CDG,1406361028
UCHHNYVV,code,L,70004596,ST,2006-01-07T17:00,2006-01-07T18:20,BES,1406361028
UCHHNYVV,code,L,70004595,ST,2006-01-07T20:00,2006-01-07T22:00,CDG,1406361028
EEBIRLFZ,code,L,70004410,CP,2006-01-07T11:20,2006-01-07T13:40,MPL,645237757
EEBIRLFZ,code,L,70004413,CP,2006-01-07T14:25,2006-01-07T15:40,ORY,645237757
EEBIRLFZ,code,L,70004414,CP,2006-01-07T16:25,2006-01-07T17:45,MPL,645237757
EEBIRLFZ,code,L,70004407,CP,2006-01-07T18:30,2006-01-07T20:20,ORY,645237757
ROMOREIX,code,L,70004410,FO,2006-01-07T11:20,2006-01-07T13:40,MPL,645237757
ROMOREIX,code,L,70004413,FO,2006-01-07T14:25,2006-01-07T15:40,ORY,645237757
ROMOREIX,code,L,70004414,FO,2006-01-07T16:25,2006-01-07T17:45,MPL,645237757
ROMOREIX,code,L,70004407,FO,2006-01-07T18:30,2006-01-07T20:20,ORY,645237757
IKYFROEX,code,L,70004410,CSD,2006-01-07T11:20,2006-01-07T13:40,MPL,645237757
IKYFROEX,code,L,70004413,CSD,2006-01-07T14:25,2006-01-07T15:40,ORY,645237757
IKYFROEX,code,L,70004414,CSD,2006-01-07T16:25,2006-01-07T17:45,MPL,645237757
IKYFROEX,code,L,70004407,CSD,2006-01-07T18:30,2006-01-07T20:20,ORY,645237757
FUKDCNNF,code,L,70004410,CSD,2006-01-07T11:20,2006-01-07T13:40,MPL,645237757
FUKDCNNF,code,L,70004413,CSD,2006-01-07T14:25,2006-01-07T15:40,ORY,645237757
FUKDCNNF,code,L,70004414,CSD,2006-01-07T16:25,2006-01-07T17:45,MPL,645237757
FUKDCNNF,code,L,70004407,CSD,2006-01-07T18:30,2006-01-07T20:20,ORY,645237757
UIYZKPIU,code,L,70004410,ST,2006-01-07T11:20,2006-01-07T13:40,MPL,645237757
UIYZKPIU,code,L,70004413,ST,2006-01-07T14:25,2006-01-07T15:40,ORY,645237757
UIYZKPIU,code,L,70004414,ST,2006-01-07T16:25,2006-01-07T17:45,MPL,645237757
UIYZKPIU,code,L,70004407,ST,2006-01-07T18:30,2006-01-07T20:20,ORY,645237757
MRYKNZEA,code,L,70004410,ST,2006-01-07T11:20,2006-01-07T13:40,MPL,645237757
MRYKNZEA,code,L,70004413,ST,2006-01-07T14:25,2006-01-07T15:40,ORY,645237757
MRYKNZEA,code,L,70004414,ST,2006-01-07T16:25,2006-01-07T17:45,MPL,645237757
MRYKNZEA,code,L,70004407,ST,2006-01-07T18:30,2006-01-07T20:20,ORY,645237757
CMRSDFIT,code,L,70004410,ST,2006-01-07T11:20,2006-01-07T13:40,MPL,645237757
CMRSDFIT,code,L,70004413,ST,2006-01-07T14:25,2006-01-07T15:40,ORY,645237757
CMRSDFIT,code,L,70004414,ST,2006-01-07T16:25,2006-01-07T17:45,MPL,645237757
CMRSDFIT,code,L,70004407,ST,2006-01-07T18:30,2006-01-07T20:20,ORY,645237757
JURJJFTU,code,L,70004410,ST,2006-01-07T11:20,2006-01-07T13:40,MPL,645237757
JURJJFTU,code,L,70004413,ST,2006-01-07T14:25,2006-01-07T15:40,ORY,645237757
JURJJFTU,code,L,70004414,ST,2006-01-07T16:25,2006-01-07T17:45,MPL,645237757
JURJJFTU,code,L,70004407,ST,2006-01-07T18:30,2006-01-07T20:20,ORY,645237757
WXCSBPKG,code,L,70004410,ST,2006-01-07T11:20,2006-01-07T13:40,MPL,645237757
WXCSBPKG,code,L,70004413,ST,2006-01-07T14:25,2006-01-07T15:40,ORY,645237757
WXCSBPKG,code,L,70004414,ST,2006-01-07T16:25,2006-01-07T17:45,MPL,645237757
WXCSBPKG,code,L,70004407,ST,2006-01-07T18:30,2006-01-07T20:20,ORY,645237757
LKBNLMMB,code,L,70004410,ST,2006-01-07T11:20,2006-01-07T13:40,MPL,645237757
LKBNLMMB,code,L,70004413,ST,2006-01-07T14:25,2006-01-07T15:40,ORY,645237757
LKBNLMMB,code,L,70004414,ST,2006-01-07T16:25,2006-01-07T17:45,MPL,645237757
LKBNLMMB,code,L,70004407,ST,2006-01-07T18:30,2006-01-07T20:20,ORY,645237757
YSMKSGLC,code,L,70004487,CP,2006-01-07T11:25,2006-01-07T13:45,CDG,1903227280
YSMKSGLC,code,L,70004492,CP,2006-01-07T15:30,2006-01-07T17:40,BOD,1903227280
KLDXNEQW,code,L,70004487,FO,2006-01-07T11:25,2006-01-07T13:45,CDG,1903227280
KLDXNEQW,code,L,70004492,FO,2006-01-07T15:30,2006-01-07T17:40,BOD,1903227280
DMCGKQMR,code,L,70004487,CSD,2006-01-07T11:25,2006-01-07T13:45,CDG,1903227280
DMCGKQMR,code,L,70004492,CSD,2006-01-07T15:30,2006-01-07T17:40,BOD,1903227280
JLVWDGPN,code,L,70004487,CSD,2006-01-07T11:25,2006-01-07T13:45,CDG,1903227280
JLVWDGPN,code,L,70004492,CSD,2006-01-07T15:30,2006-01-07T17:40,BOD,1903227280
SQWDYTNE,code,L,70004487,ST,2006-01-07T11:25,2006-01-07T13:45,CDG,1903227280
SQWDYTNE,code,L,70004492,ST,2006-01-07T15:30,2006-01-07T17:40,BOD,1903227280
IOEGSXLK,code,L,70004487,ST,2006-01-07T11:25,2006-01-07T13:45,CDG,1903227280
IOEGSXLK,code,L,70004492,ST,2006-01-07T15:30,2006-01-07T17:40,BOD,1903227280
TRVSOPUP,code,L,70004487,ST,2006-01-07T11:25,2006-01-07T13:45,CDG,1903227280
TRVSOPUP,code,L,70004492,ST,2006-01-07T15:30,2006-01-07T17:40,BOD,1903227280
FHIEOAWY,code,L,70004487,ST,2006-01-07T11:25,2006-01-07T13:45,CDG,1903227280
FHIEOAWY,code,L,70004492,ST,2006-01-07T15:30,2006-01-07T17:40,BOD,1903227280
CMKWNOLQ,code,L,70004487,ST,2006-01-07T11:25,2006-01-07T13:45,CDG,1903227280
CMKWNOLQ,code,L,70004492,ST,2006-01-07T15:30,2006-01-07T17:40,BOD,1903227280
THMDHATW,code,L,70004487,ST,2006-01-07T11:25,2006-01-07T13:45,CDG,1903227280
THMDHATW,code,L,70004492,ST,2006-01-07T15:30,2006-01-07T17:40,BOD,1903227280
CDAYUWYK,code,L,70002595,CP,2006-01-07T11:30,2006-01-07T13:40,CFR,48190158
CDAYUWYK,code,L,70002596,CP,2006-01-07T15:00,2006-01-07T17:00,LYS,48190158
MZIVARDO,code,L,70002595,FO,2006-01-07T11:30,2006-01-07T13:40,CFR,48190158
MZIVARDO,code,L,70002596,FO,2006-01-07T15:00,2006-01-07T17:00,LYS,48190158
ABQTTHIN,code,L,70002595,CSD,2006-01-07T11:30,2006-01-07T13:40,CFR,48190158
ABQTTHIN,code,L,70002596,CSD,2006-01-07T15:00,2006-01-07T17:00,LYS,48190158
FXKAHKYA,code,L,70002595,ST,2006-01-07T11:30,2006-01-07T13:40,CFR,48190158
FXKAHKYA,code,L,70002596,ST,2006-01-07T15:00,2006-01-07T17:00,LYS,48190158
EJYWAJUH,code,L,70002595,ST,2006-01-07T11:30,2006-01-07T13:40,CFR,48190158
EJYWAJUH,code,L,70002596,ST,2006-01-07T15:00,2006-01-07T17:00,LYS,48190158
MWGLTDYZ,code,L,70002595,ST,2006-01-07T11:30,2006-01-07T13:40,CFR,48190158
MWGLTDYZ,code,L,70002596,ST,2006-01-07T15:00,2006-01-07T17:00,LYS,48190158
QOJXSYZI,code,L,70004490,CP,2006-01-07T11:35,2006-01-07T14:00,BOD,384385166
QOJXSYZI,code,L,70004549,CP,2006-01-07T17:45,2006-01-07T19:10,CDG,384385166
QOJXSYZI,code,L,70004548,CP,2006-01-07T20:00,2006-01-07T22:05,MPL,384385166
JIOTAIBU,code,L,70004490,FO,2006-01-07T11:35,2006-01-07T14:00,BOD,384385166
JIOTAIBU,code,L,70004549,FO,2006-01-07T17:45,2006-01-07T19:10,CDG,384385166
JIOTAIBU,code,L,70004548,FO,2006-01-07T20:00,2006-01-07T22:05,MPL,384385166
APWUCNMJ,code,L,70004490,CSD,2006-01-07T11:35,2006-01-07T14:00,BOD,384385166
APWUCNMJ,code,L,70004549,CSD,2006-01-07T17:45,2006-01-07T19:10,CDG,384385166
APWUCNMJ,code,L,70004548,CSD,2006-01-07T20:00,2006-01-07T22:05,MPL,384385166
DLVERXFF,code,L,70004490,CSD,2006-01-07T11:35,2006-01-07T14:00,BOD,384385166
DLVERXFF,code,L,70004549,CSD,2006-01-07T17:45,2006-01-07T19:10,CDG,384385166
DLVERXFF,code,L,70004548,CSD,2006-01-07T20:00,2006-01-07T22:05,MPL,384385166
CJHHPIKN,code,L,70004490,ST,2006-01-07T11:35,2006-01-07T14:00,BOD,384385166
CJHHPIKN,code,L,70004549,ST,2006-01-07T17:45,2006-01-07T19:10,CDG,384385166
CJHHPIKN,code,L,70004548,ST,2006-01-07T20:00,2006-01-07T22:05,MPL,384385166
YNOCNMEB,code,L,70004490,ST,2006-01-07T11:35,2006-01-07T14:00,BOD,384385166
YNOCNMEB,code,L,70004549,ST,2006-01-07T17:45,2006-01-07T19:10,CDG,384385166
YNOCNMEB,code,L,70004548,ST,2006-01-07T20:00,2006-01-07T22:05,MPL,384385166
DYDMGIJJ,code,L,70004490,ST,2006-01-07T11:35,2006-01-07T14:00,BOD,384385166
DYDMGIJJ,code,L,70004549,ST,2006-01-07T17:45,2006-01-07T19:10,CDG,384385166
DYDMGIJJ,code,L,70004548,ST,2006-01-07T20:00,2006-01-07T22:05,MPL,384385166
KJVIKABN,code,L,70004490,ST,2006-01-07T11:35,2006-01-07T14:00,BOD,384385166
KJVIKABN,code,L,70004549,ST,2006-01-07T17:45,2006-01-07T19:10,CDG,384385166
KJVIKABN,code,L,70004548,ST,2006-01-07T20:00,2006-01-07T22:05,MPL,384385166
DZJVIHZC,code,L,70004490,ST,2006-01-07T11:35,2006-01-07T14:00,BOD,384385166
DZJVIHZC,code,L,70004549,ST,2006-01-07T17:45,2006-01-07T19:10,CDG,384385166
DZJVIHZC,code,L,70004548,ST,2006-01-07T20:00,2006-01-07T22:05,MPL,384385166
OGHUGIDQ,code,L,70004490,ST,2006-01-07T11:35,2006-01-07T14:00,BOD,384385166
OGHUGIDQ,code,L,70004549,ST,2006-01-07T17:45,2006-01-07T19:10,CDG,384385166
OGHUGIDQ,code,L,70004548,ST,2006-01-07T20:00,2006-01-07T22:05,MPL,384385166
RLIJHFMZ,code,L,70002619,CP,2006-01-07T11:35,2006-01-07T13:50,RNS,1816610767
RLIJHFMZ,code,L,70002620,CP,2006-01-07T14:45,2006-01-07T16:50,LYS,1816610767
OOPULSRM,code,L,70002619,FO,2006-01-07T11:35,2006-01-07T13:50,RNS,1816610767
OOPULSRM,code,L,70002620,FO,2006-01-07T14:45,2006-01-07T16:50,LYS,1816610767
CMZJHADI,code,L,70002619,CSD,2006-01-07T11:35,2006-01-07T13:50,RNS,1816610767
CMZJHADI,code,L,70002620,CSD,2006-01-07T14:45,2006-01-07T16:50,LYS,1816610767
QUEGYRPA,code,L,70002619,ST,2006-01-07T11:35,2006-01-07T13:50,RNS,1816610767
QUEGYRPA,code,L,70002620,ST,2006-01-07T14:45,2006-01-07T16:50,LYS,1816610767
WCZUWSYC,code,L,70002619,ST,2006-01-07T11:35,2006-01-07T13:50,RNS,1816610767
WCZUWSYC,code,L,70002620,ST,2006-01-07T14:45,2006-01-07T16:50,LYS,1816610767
CTMKTKTW,code,L,70002619,ST,2006-01-07T11:35,2006-01-07T13:50,RNS,1816610767
CTMKTKTW,code,L,70002620,ST,2006-01-07T14:45,2006-01-07T16:50,LYS,1816610767
HXMMUDVY,code,L,70004668,CP,2006-01-07T11:45,2006-01-07T13:55,BOD,1662778767
HXMMUDVY,code,L,70004669,CP,2006-01-07T14:55,2006-01-07T16:00,LYS,1662778767
HXMMUDVY,code,L,70004664,CP,2006-01-07T16:55,2006-01-07T18:05,BOD,1662778767
HXMMUDVY,code,L,70004665,CP,2006-01-07T19:00,2006-01-07T20:50,LYS,1662778767
SMLBNZOX,code,L,70004668,FO,2006-01-07T11:45,2006-01-07T13:55,BOD,1662778767
SMLBNZOX,code,L,70004669,FO,2006-01-07T14:55,2006-01-07T16:00,LYS,1662778767
SMLBNZOX,code,L,70004664,FO,2006-01-07T16:55,2006-01-07T18:05,BOD,1662778767
SMLBNZOX,code,L,70004665,FO,2006-01-07T19:00,2006-01-07T20:50,LYS,1662778767
KXOLIMRS,code,L,70004668,CSD,2006-01-07T11:45,2006-01-07T13:55,BOD,1662778767
KXOLIMRS,code,L,70004669,CSD,2006-01-07T14:55,2006-01-07T16:00,LYS,1662778767
KXOLIMRS,code,L,70004664,CSD,2006-01-07T16:55,2006-01-07T18:05,BOD,1662778767
KXOLIMRS,code,L,70004665,CSD,2006-01-07T19:00,2006-01-07T20:50,LYS,1662778767
WZCNPFKY,code,L,70004668,CSD,2006-01-07T11:45,2006-01-07T13:55,BOD,1662778767
WZCNPFKY,code,L,70004669,CSD,2006-01-07T14:55,2006-01-07T16:00,LYS,1662778767
WZCNPFKY,code,L,70004664,CSD,2006-01-07T16:55,2006-01-07T18:05,BOD,1662778767
WZCNPFKY,code,L,70004665,CSD,2006-01-07T19:00,2006-01-07T20:50,LYS,1662778767
GBYGEBDA,code,L,70004668,ST,2006-01-07T11:45,2006-01-07T13:55,BOD,1662778767
GBYGEBDA,code,L,70004669,ST,2006-01-07T14:55,2006-01-07T16:00,LYS,1662778767
GBYGEBDA,code,L,70004664,ST,2006-01-07T16:55,2006-01-07T18:05,BOD,1662778767
GBYGEBDA,code,L,70004665,ST,2006-01-07T19:00,2006-01-07T20:50,LYS,1662778767
NKDSPZTX,code,L,70004668,ST,2006-01-07T11:45,2006-01-07T13:55,BOD,1662778767
NKDSPZTX,code,L,70004669,ST,2006-01-07T14:55,2006-01-07T16:00,LYS,1662778767
NKDSPZTX,code,L,70004664,ST,2006-01-07T16:55,2006-01-07T18:05,BOD,1662778767
NKDSPZTX,code,L,70004665,ST,2006-01-07T19:00,2006-01-07T20:50,LYS,1662778767
JNPVJMMD,code,L,70004668,ST,2006-01-07T11:45,2006-01-07T13:55,BOD,1662778767
JNPVJMMD,code,L,70004669,ST,2006-01-07T14:55,2006-01-07T16:00,LYS,1662778767
JNPVJMMD,code,L,70004664,ST,2006-01-07T16:55,2006-01-07T18:05,BOD,1662778767
JNPVJMMD,code,L,70004665,ST,2006-01-07T19:00,2006-01-07T20:50,LYS,1662778767
QFULEKQB,code,L,70004668,ST,2006-01-07T11:45,2006-01-07T13:55,BOD,1662778767
QFULEKQB,code,L,70004669,ST,2006-01-07T14:55,2006-01-07T16:00,LYS,1662778767
QFULEKQB,code,L,70004664,ST,2006-01-07T16:55,2006-01-07T18:05,BOD,1662778767
QFULEKQB,code,L,70004665,ST,2006-01-07T19:00,2006-01-07T20:50,LYS,1662778767
KPPFQPID,code,L,70004668,ST,2006-01-07T11:45,2006-01-07T13:55,BOD,1662778767
KPPFQPID,code,L,70004669,ST,2006-01-07T14:55,2006-01-07T16:00,LYS,1662778767
KPPFQPID,code,L,70004664,ST,2006-01-07T16:55,2006-01-07T18:05,BOD,1662778767
KPPFQPID,code,L,70004665,ST,2006-01-07T19:00,2006-01-07T20:50,LYS,1662778767
HBMBUITO,code,L,70004668,ST,2006-01-07T11:45,2006-01-07T13:55,BOD,1662778767
HBMBUITO,code,L,70004669,ST,2006-01-07T14:55,2006-01-07T16:00,LYS,1662778767
HBMBUITO,code,L,70004664,ST,2006-01-07T16:55,2006-01-07T18:05,BOD,1662778767
HBMBUITO,code,L,70004665,ST,2006-01-07T19:00,2006-01-07T20:50,LYS,1662778767
KCVLSEIN,code,L,70003091,CP,2006-01-07T12:00,2006-01-07T14:20,ORY,1903678842
KCVLSEIN,code,L,70003084,CP,2006-01-07T15:05,2006-01-07T16:30,NCE,1903678842
KCVLSEIN,code,L,70003099,CP,2006-01-07T17:10,2006-01-07T18:30,ORY,1903678842
KCVLSEIN,code,L,70003094,CP,2006-01-07T19:25,2006-01-07T21:05,NCE,1903678842
XXGGDLPV,code,L,70003091,FO,2006-01-07T12:00,2006-01-07T14:20,ORY,1903678842
XXGGDLPV,code,L,70003084,FO,2006-01-07T15:05,2006-01-07T16:30,NCE,1903678842
XXGGDLPV,code,L,70003099,FO,2006-01-07T17:10,2006-01-07T18:30,ORY,1903678842
XXGGDLPV,code,L,70003094,FO,2006-01-07T19:25,2006-01-07T21:05,NCE,1903678842
YZGWUHJC,code,L,70003091,CSD,2006-01-07T12:00,2006-01-07T14:20,ORY,1903678842
YZGWUHJC,code,L,70003084,CSD,2006-01-07T15:05,2006-01-07T16:30,NCE,1903678842
YZGWUHJC,code,L,70003099,CSD,2006-01-07T17:10,2006-01-07T18:30,ORY,1903678842
YZGWUHJC,code,L,70003094,CSD,2006-01-07T19:25,2006-01-07T21:05,NCE,1903678842
APGDPUUG,code,L,70003091,CSD,2006-01-07T12:00,2006-01-07T14:20,ORY,1903678842
APGDPUUG,code,L,70003084,CSD,2006-01-07T15:05,2006-01-07T16:30,NCE,1903678842
APGDPUUG,code,L,70003099,CSD,2006-01-07T17:10,2006-01-07T18:30,ORY,1903678842
APGDPUUG,code,L,70003094,CSD,2006-01-07T19:25,2006-01-07T21:05,NCE,1903678842
EVAOGTEQ,code,L,70003091,ST,2006-01-07T12:00,2006-01-07T14:20,ORY,1903678842
EVAOGTEQ,code,L,70003084,ST,2006-01-07T15:05,2006-01-07T16:30,NCE,1903678842
EVAOGTEQ,code,L,70003099,ST,2006-01-07T17:10,2006-01-07T18:30,ORY,1903678842
EVAOGTEQ,code,L,70003094,ST,2006-01-07T19:25,2006-01-07T21:05,NCE,1903678842
JQYYRVKX,code,L,70003091,ST,2006-01-07T12:00,2006-01-07T14:20,ORY,1903678842
JQYYRVKX,code,L,70003084,ST,2006-01-07T15:05,2006-01-07T16:30,NCE,1903678842
JQYYRVKX,code,L,70003099,ST,2006-01-07T17:10,2006-01-07T18:30,ORY,1903678842
JQYYRVKX,code,L,70003094,ST,2006-01-07T19:25,2006-01-07T21:05,NCE,1903678842
FKHCRRBV,code,L,70003091,ST,2006-01-07T12:00,2006-01-07T14:20,ORY,1903678842
FKHCRRBV,code,L,70003084,ST,2006-01-07T15:05,2006-01-07T16:30,NCE,1903678842
FKHCRRBV,code,L,70003099,ST,2006-01-07T17:10,2006-01-07T18:30,ORY,1903678842
FKHCRRBV,code,L,70003094,ST,2006-01-07T19:25,2006-01-07T21:05,NCE,1903678842
BQLSZRSM,code,L,70003091,ST,2006-01-07T12:00,2006-01-07T14:20,ORY,1903678842
BQLSZRSM,code,L,70003084,ST,2006-01-07T15:05,2006-01-07T16:30,NCE,1903678842
BQLSZRSM,code,L,70003099,ST,2006-01-07T17:10,2006-01-07T18:30,ORY,1903678842
BQLSZRSM,code,L,70003094,ST,2006-01-07T19:25,2006-01-07T21:05,NCE,1903678842
BBDDUKSX,code,L,70003091,ST,2006-01-07T12:00,2006-01-07T14:20,ORY,1903678842
BBDDUKSX,code,L,70003084,ST,2006-01-07T15:05,2006-01-07T16:30,NCE,1903678842
BBDDUKSX,code,L,70003099,ST,2006-01-07T17:10,2006-01-07T18:30,ORY,1903678842
BBDDUKSX,code,L,70003094,ST,2006-01-07T19:25,2006-01-07T21:05,NCE,1903678842
AGKNTOKV,code,L,70003091,ST,2006-01-07T12:00,2006-01-07T14:20,ORY,1903678842
AGKNTOKV,code,L,70003084,ST,2006-01-07T15:05,2006-01-07T16:30,NCE,1903678842
AGKNTOKV,code,L,70003099,ST,2006-01-07T17:10,2006-01-07T18:30,ORY,1903678842
AGKNTOKV,code,L,70003094,ST,2006-01-07T19:25,2006-01-07T21:05,NCE,1903678842
IIKOJCOX,code,L,70004174,CP,2006-01-07T12:35,2006-01-07T14:35,SXB,2142954714
IIKOJCOX,code,L,70004389,CP,2006-01-07T15:35,2006-01-07T17:00,ORY,2142954714
IIKOJCOX,code,L,70004390,CP,2006-01-07T17:50,2006-01-07T19:15,PGF,2142954714
IIKOJCOX,code,L,70004169,CP,2006-01-07T20:00,2006-01-07T21:45,ORY,2142954714
LAJSVYVK,code,L,70004174,FO,2006-01-07T12:35,2006-01-07T14:35,SXB,2142954714
LAJSVYVK,code,L,70004389,FO,2006-01-07T15:35,2006-01-07T17:00,ORY,2142954714
LAJSVYVK,code,L,70004390,FO,2006-01-07T17:50,2006-01-07T19:15,PGF,2142954714
LAJSVYVK,code,L,70004169,FO,2006-01-07T20:00,2006-01-07T21:45,ORY,2142954714
TPHEDKEF,code,L,70004174,CSD,2006-01-07T12:35,2006-01-07T14:35,SXB,2142954714
TPHEDKEF,code,L,70004389,CSD,2006-01-07T15:35,2006-01-07T17:00,ORY,2142954714
TPHEDKEF,code,L,70004390,CSD,2006-01-07T17:50,2006-01-07T19:15,PGF,2142954714
TPHEDKEF,code,L,70004169,CSD,2006-01-07T20:00,2006-01-07T21:45,ORY,2142954714
HQAETVFR,code,L,70004174,CSD,2006-01-07T12:35,2006-01-07T14:35,SXB,2142954714
HQAETVFR,code,L,70004389,CSD,2006-01-07T15:35,2006-01-07T17:00,ORY,2142954714
HQAETVFR,code,L,70004390,CSD,2006-01-07T17:50,2006-01-07T19:15,PGF,2142954714
HQAETVFR,code,L,70004169,CSD,2006-01-07T20:00,2006-01-07T21:45,ORY,2142954714
IDGANQAC,code,L,70004174,ST,2006-01-07T12:35,2006-01-07T14:35,SXB,2142954714
IDGANQAC,code,L,70004389,ST,2006-01-07T15:35,2006-01-07T17:00,ORY,2142954714
IDGANQAC,code,L,70004390,ST,2006-01-07T17:50,2006-01-07T19:15,PGF,2142954714
IDGANQAC,code,L,70004169,ST,2006-01-07T20:00,2006-01-07T21:45,ORY,2142954714
GNQZQUJK,code,L,70004174,ST,2006-01-07T12:35,2006-01-07T14:35,SXB,2142954714
GNQZQUJK,code,L,70004389,ST,2006-01-07T15:35,2006-01-07T17:00,ORY,2142954714
GNQZQUJK,code,L,70004390,ST,2006-01-07T17:50,2006-01-07T19:15,PGF,2142954714
GNQZQUJK,code,L,70004169,ST,2006-01-07T20:00,2006-01-07T21:45,ORY,2142954714
KDKAFEOA,code,L,70004174,ST,2006-01-07T12:35,2006-01-07T14:35,SXB,2142954714
KDKAFEOA,code,L,70004389,ST,2006-01-07T15:35,2006-01-07T17:00,ORY,2142954714
KDKAFEOA,code,L,70004390,ST,2006-01-07T17:50,2006-01-07T19:15,PGF,2142954714
KDKAFEOA,code,L,70004169,ST,2006-01-07T20:00,2006-01-07T21:45,ORY,2142954714
NRMEFMJZ,code,L,70004174,ST,2006-01-07T12:35,2006-01-07T14:35,SXB,2142954714
NRMEFMJZ,code,L,70004389,ST,2006-01-07T15:35,2006-01-07T17:00,ORY,2142954714
NRMEFMJZ,code,L,70004390,ST,2006-01-07T17:50,2006-01-07T19:15,PGF,2142954714
NRMEFMJZ,code,L,70004169,ST,2006-01-07T20:00,2006-01-07T21:45,ORY,2142954714
FQOEWEXO,code,L,70004174,ST,2006-01-07T12:35,2006-01-07T14:35,SXB,2142954714
FQOEWEXO,code,L,70004389,ST,2006-01-07T15:35,2006-01-07T17:00,ORY,2142954714
FQOEWEXO,code,L,70004390,ST,2006-01-07T17:50,2006-01-07T19:15,PGF,2142954714
FQOEWEXO,code,L,70004169,ST,2006-01-07T20:00,2006-01-07T21:45,ORY,2142954714
KAMYCIEU,code,L,70004174,ST,2006-01-07T12:35,2006-01-07T14:35,SXB,2142954714
KAMYCIEU,code,L,70004389,ST,2006-01-07T15:35,2006-01-07T17:00,ORY,2142954714
KAMYCIEU,code,L,70004390,ST,2006-01-07T17:50,2006-01-07T19:15,PGF,2142954714
KAMYCIEU,code,L,70004169,ST,2006-01-07T20:00,2006-01-07T21:45,ORY,2142954714
UDAFUSTM,code,L,70002874,CP,2006-01-07T13:00,2006-01-07T15:20,MRS,794882901
UDAFUSTM,code,L,70002907,CP,2006-01-07T18:35,2006-01-07T20:35,ORY,794882901
BCLLQYHS,code,L,70002874,FO,2006-01-07T13:00,2006-01-07T15:20,MRS,794882901
BCLLQYHS,code,L,70002907,FO,2006-01-07T18:35,2006-01-07T20:35,ORY,794882901
CWMIIAAF,code,L,70002874,CSD,2006-01-07T13:00,2006-01-07T15:20,MRS,794882901
CWMIIAAF,code,L,70002907,CSD,2006-01-07T18:35,2006-01-07T20:35,ORY,794882901
ZRKLNPHL,code,L,70002874,CSD,2006-01-07T13:00,2006-01-07T15:20,MRS,794882901
ZRKLNPHL,code,L,70002907,CSD,2006-01-07T18:35,2006-01-07T20:35,ORY,794882901
BWDIBGHK,code,L,70002874,ST,2006-01-07T13:00,2006-01-07T15:20,MRS,794882901
BWDIBGHK,code,L,70002907,ST,2006-01-07T18:35,2006-01-07T20:35,ORY,794882901
ETKVEIRM,code,L,70002874,ST,2006-01-07T13:00,2006-01-07T15:20,MRS,794882901
ETKVEIRM,code,L,70002907,ST,2006-01-07T18:35,2006-01-07T20:35,ORY,794882901
RPMQPUFC,code,L,70002874,ST,2006-01-07T13:00,2006-01-07T15:20,MRS,794882901
RPMQPUFC,code,L,70002907,ST,2006-01-07T18:35,2006-01-07T20:35,ORY,794882901
JTATRRPS,code,L,70002874,ST,2006-01-07T13:00,2006-01-07T15:20,MRS,794882901
JTATRRPS,code,L,70002907,ST,2006-01-07T18:35,2006-01-07T20:35,ORY,794882901
QGDKXTCJ,code,L,70002874,ST,2006-01-07T13:00,2006-01-07T15:20,MRS,794882901
QGDKXTCJ,code,L,70002907,ST,2006-01-07T18:35,2006-01-07T20:35,ORY,794882901
SGFPUSFN,code,L,70002874,ST,2006-01-07T13:00,2006-01-07T15:20,MRS,794882901
SGFPUSFN,code,L,70002907,ST,2006-01-07T18:35,2006-01-07T20:35,ORY,794882901
URFDQRSJ,code,L,70004619,CP,2006-01-07T13:30,2006-01-07T16:10,ETZ,1657007234
URFDQRSJ,code,L,70004620,CP,2006-01-07T18:50,2006-01-07T21:15,MRS,1657007234
AGLFHSYM,code,L,70004619,FO,2006-01-07T13:30,2006-01-07T16:10,ETZ,1657007234
AGLFHSYM,code,L,70004620,FO,2006-01-07T18:50,2006-01-07T21:15,MRS,1657007234
RNTGFWDR,code,L,70004619,CSD,2006-01-07T13:30,2006-01-07T16:10,ETZ,1657007234
RNTGFWDR,code,L,70004620,CSD,2006-01-07T18:50,2006-01-07T21:15,MRS,1657007234
TGSUXNIC,code,L,70004619,CSD,2006-01-07T13:30,2006-01-07T16:10,ETZ,1657007234
TGSUXNIC,code,L,70004620,CSD,2006-01-07T18:50,2006-01-07T21:15,MRS,1657007234
JPFVTLYY,code,L,70004619,ST,2006-01-07T13:30,2006-01-07T16:10,ETZ,1657007234
JPFVTLYY,code,L,70004620,ST,2006-01-07T18:50,2006-01-07T21:15,MRS,1657007234
EJOVONEH,code,L,70004619,ST,2006-01-07T13:30,2006-01-07T16:10,ETZ,1657007234
EJOVONEH,code,L,70004620,ST,2006-01-07T18:50,2006-01-07T21:15,MRS,1657007234
HGUVVWES,code,L,70004619,ST,2006-01-07T13:30,2006-01-07T16:10,ETZ,1657007234
HGUVVWES,code,L,70004620,ST,2006-01-07T18:50,2006-01-07T21:15,MRS,1657007234
ETIIQKWY,code,L,70004619,ST,2006-01-07T13:30,2006-01-07T16:10,ETZ,1657007234
ETIIQKWY,code,L,70004620,ST,2006-01-07T18:50,2006-01-07T21:15,MRS,1657007234
BPTWQNRP,code,L,70004619,ST,2006-01-07T13:30,2006-01-07T16:10,ETZ,1657007234
BPTWQNRP,code,L,70004620,ST,2006-01-07T18:50,2006-01-07T21:15,MRS,1657007234
YLOLSAYL,code,L,70004619,ST,2006-01-07T13:30,2006-01-07T16:10,ETZ,1657007234
YLOLSAYL,code,L,70004620,ST,2006-01-07T18:50,2006-01-07T21:15,MRS,1657007234
LIPDSMQH,code,L,70004435,CP,2006-01-07T13:40,2006-01-07T16:20,AJA,1015490648
LIPDSMQH,code,L,70004436,CP,2006-01-07T17:10,2006-01-07T19:35,ORY,1015490648
CBBLASOV,code,L,70004435,FO,2006-01-07T13:40,2006-01-07T16:20,AJA,1015490648
CBBLASOV,code,L,70004436,FO,2006-01-07T17:10,2006-01-07T19:35,ORY,1015490648
ZCILLUAA,code,L,70004435,CSD,2006-01-07T13:40,2006-01-07T16:20,AJA,1015490648
ZCILLUAA,code,L,70004436,CSD,2006-01-07T17:10,2006-01-07T19:35,ORY,1015490648
XUYJWSCT,code,L,70004435,CSD,2006-01-07T13:40,2006-01-07T16:20,AJA,1015490648
XUYJWSCT,code,L,70004436,CSD,2006-01-07T17:10,2006-01-07T19:35,ORY,1015490648
KJVVWSXR,code,L,70004435,ST,2006-01-07T13:40,2006-01-07T16:20,AJA,1015490648
KJVVWSXR,code,L,70004436,ST,2006-01-07T17:10,2006-01-07T19:35,ORY,1015490648
NKRGNIRB,code,L,70004435,ST,2006-01-07T13:40,2006-01-07T16:20,AJA,1015490648
NKRGNIRB,code,L,70004436,ST,2006-01-07T17:10,2006-01-07T19:35,ORY,1015490648
KJRLXWWX,code,L,70004435,ST,2006-01-07T13:40,2006-01-07T16:20,AJA,1015490648
KJRLXWWX,code,L,70004436,ST,2006-01-07T17:10,2006-01-07T19:35,ORY,1015490648
EDOIVSFE,code,L,70004435,ST,2006-01-07T13:40,2006-01-07T16:20,AJA,1015490648
EDOIVSFE,code,L,70004436,ST,2006-01-07T17:10,2006-01-07T19:35,ORY,1015490648
PWAOYYYR,code,L,70004435,ST,2006-01-07T13:40,2006-01-07T16:20,AJA,1015490648
PWAOYYYR,code,L,70004436,ST,2006-01-07T17:10,2006-01-07T19:35,ORY,1015490648
AXRCMUDJ,code,L,70004435,ST,2006-01-07T13:40,2006-01-07T16:20,AJA,1015490648
AXRCMUDJ,code,L,70004436,ST,2006-01-07T17:10,2006-01-07T19:35,ORY,1015490648
FWHWXEWS,code,L,70004578,CP,2006-01-07T14:35,2006-01-07T17:10,NCE,773559890
FWHWXEWS,code,L,70004575,CP,2006-01-07T18:30,2006-01-07T20:50,CDG,773559890
JNOOSCPB,code,L,70004578,FO,2006-01-07T14:35,2006-01-07T17:10,NCE,773559890
JNOOSCPB,code,L,70004575,FO,2006-01-07T18:30,2006-01-07T20:50,CDG,773559890
MBVKAEHC,code,L,70004578,CSD,2006-01-07T14:35,2006-01-07T17:10,NCE,773559890
MBVKAEHC,code,L,70004575,CSD,2006-01-07T18:30,2006-01-07T20:50,CDG,773559890
DGFPLIRB,code,L,70004578,CSD,2006-01-07T14:35,2006-01-07T17:10,NCE,773559890
DGFPLIRB,code,L,70004575,CSD,2006-01-07T18:30,2006-01-07T20:50,CDG,773559890
HPAAKXJO,code,L,70004578,ST,2006-01-07T14:35,2006-01-07T17:10,NCE,773559890
HPAAKXJO,code,L,70004575,ST,2006-01-07T18:30,2006-01-07T20:50,CDG,773559890
TEAAHNGG,code,L,70004578,ST,2006-01-07T14:35,2006-01-07T17:10,NCE,773559890
TEAAHNGG,code,L,70004575,ST,2006-01-07T18:30,2006-01-07T20:50,CDG,773559890
BGCUZPPJ,code,L,70004578,ST,2006-01-07T14:35,2006-01-07T17:10,NCE,773559890
BGCUZPPJ,code,L,70004575,ST,2006-01-07T18:30,2006-01-07T20:50,CDG,773559890
UKJQTPPC,code,L,70004578,ST,2006-01-07T14:35,2006-01-07T17:10,NCE,773559890
UKJQTPPC,code,L,70004575,ST,2006-01-07T18:30,2006-01-07T20:50,CDG,773559890
WCJPYBSQ,code,L,70004578,ST,2006-01-07T14:35,2006-01-07T17:10,NCE,773559890
WCJPYBSQ,code,L,70004575,ST,2006-01-07T18:30,2006-01-07T20:50,CDG,773559890
BPDXGYRR,code,L,70004578,ST,2006-01-07T14:35,2006-01-07T17:10,NCE,773559890
BPDXGYRR,code,L,70004575,ST,2006-01-07T18:30,2006-01-07T20:50,CDG,773559890
